state_newspaper,newspaper,newspaper_id,year,office,dist,dname,state_election,cand_name,party,endorsed,d_inc,r_inc,o_inc,notes_endorse,extraction_confidence,extraction_confidence_note,normalization_confidence,match_confidence,overall_confidence,input_mode,source_file,filename,flag
MI,Detroit Free Press,121300,1968,PRESIDENT,,United States,MI,"NIXON, RICHARD M.",Republican,1,,,,Free Press recommends for President,0.9,,,,,pdf,,121300_19681104,
MI,Detroit Free Press,121300,1968,H,2,U.S. House Michigan District 2,MI,"ESCH, MARVIN L.",Republican,1,,1,,Endorsed; incumbent,0.9,,,,,pdf,,121300_19681104,
MI,Detroit Free Press,121300,1968,H,12,U.S. House Michigan District 12,MI,"O'HARA, JAMES G.",Democrat,1,,,,Endorsed [V2: party filled from MI political history],0.9,,,,,pdf,,121300_19681104,
MI,Detroit Free Press,121300,1968,H,13,U.S. House Michigan District 13,MI,"BEAUREGARD, EUGENE",Democrat,1,,,,Endorsed [V2: party filled from MI political history],0.9,,,,,pdf,,121300_19681104,
MI,Detroit Free Press,121300,1968,H,14,U.S. House Michigan District 14,MI,"NEDZI, LUCIEN N.",Democrat,1,1,,,Endorsed; incumbent [V2: party filled from MI political history],0.9,,,,,pdf,,121300_19681104,
MI,Detroit Free Press,121300,1968,H,15,U.S. House Michigan District 15,MI,"BOYLE, JOHN F.",Democrat,1,,,,Endorsed [V2: party filled from MI political history],0.9,,,,,pdf,,121300_19681104,
MI,Detroit Free Press,121300,1968,H,17,U.S. House Michigan District 17,MI,"GRIFFITHS, MARTHA",Democrat,1,1,,,Endorsed; incumbent [V2: party filled from MI political history],0.9,,,,,pdf,,121300_19681104,
MI,Detroit Free Press,121300,1968,SUPREME COURT,,Michigan Supreme Court,MI,"KAVANAGH, THOMAS G.",Nonpartisan,1,,,,Endorsed for Michigan Supreme Court,0.9,,,,,pdf,,121300_19681104,
MI,Detroit Free Press,121300,1968,COURT OF APPEALS,1,Michigan Court of Appeals,MI,"KAUFMAN, CHARLES",Nonpartisan,1,,,,Endorsed for Michigan Court of Appeals 1st District,0.9,,,,,pdf,,121300_19681104,
MI,Detroit Free Press,121300,1968,COURT OF APPEALS,2,Michigan Court of Appeals,MI,"FOLEY, JOHN F.",Nonpartisan,1,,,,Endorsed for Michigan Court of Appeals 2nd District,0.9,,,,,pdf,,121300_19681104,
MI,Detroit Free Press,121300,1968,STATE BOARD OF ED,,State Board of Education (MI),MI,"KELLY, MARILYN JEAN",Nonpartisan,1,,,1,Endorsed for Board of Education; incumbent,0.9,,,,,pdf,,121300_19681104,
MI,Detroit Free Press,121300,1968,STATE BOARD OF ED,,State Board of Education (MI),MI,"TEN BRINK, JAMES",Nonpartisan,1,,,,Endorsed for Board of Education,0.9,,,,,pdf,,121300_19681104,
MI,Detroit Free Press,121300,1968,REGENT,,University of Michigan Board of Regents,MI,"LINDEMER, LAWRENCE B.",Nonpartisan,1,,,,Endorsed for U of M Regents,0.9,,,,,pdf,,121300_19681104,
MI,Detroit Free Press,121300,1968,REGENT,,University of Michigan Board of Regents,MI,"MATTHAEI, FRED JR.",Nonpartisan,1,,,1,Endorsed for U of M Regents; incumbent,0.90,,,,,pdf,,121300_19681104,
MI,Detroit Free Press,121300,1968,TRUSTEE,,Michigan State University Board of Trustees,MI,"HUFF, WARREN M.",Nonpartisan,1,,,,Endorsed for MSU Trustees,0.9,,,,,pdf,,121300_19681104,
MI,Detroit Free Press,121300,1968,TRUSTEE,,Michigan State University Board of Trustees,MI,"MARTIN, BLANCHE",Nonpartisan,1,,,,Endorsed for MSU Trustees,0.9,,,,,pdf,,121300_19681104,
MI,Detroit Free Press,121300,1968,STATE REP,1,Michigan House District 1,MI,"WALDRON, ROBERT E.",Republican,1,,1,,Endorsed; incumbent [V2: party filled from MI political history],0.9,,,,,pdf,,121300_19681104,
MI,Detroit Free Press,121300,1968,STATE REP,2,Michigan House District 2,MI,"MROZOWSKI, TED",Democrat,1,,,,Endorsed [V2: party filled from MI political history],0.9,,,,,pdf,,121300_19681104,
MI,Detroit Free Press,121300,1968,STATE REP,4,Michigan House District 4,MI,"PIERCE, DONALD K.",Democrat,1,,,,Endorsed [V2: party filled from MI political history],0.85,Listed in 1968 v2 as 'Donald K. Pierce' for 4th District,,,,pdf,,121300_19681104,
MI,Detroit Free Press,121300,1968,STATE REP,11,Michigan House District 11,MI,"SAUNDERS, NELIS J.",Democrat,1,,,,Endorsed [V2: party filled from MI political history] | V9c: dist 14->11 per 1968 recap image,0.9,,,,,pdf,,121300_19681104,
MI,Detroit Free Press,121300,1968,STATE REP,15,Michigan House District 15,MI,"FAXON, JACK",Democrat,1,1,,,Endorsed; incumbent [V2: party filled from MI political history],0.9,,,,,pdf,,121300_19681104,
MI,Detroit Free Press,121300,1968,STATE REP,16,Michigan House District 16,MI,"STACEY, MICHAEL L.",Democrat,1,,,,Endorsed [V2: party filled from MI political history],0.9,,,,,pdf,,121300_19681104,
MI,Detroit Free Press,121300,1968,STATE REP,17,Michigan House District 17,MI,"YEAGER, WELDON",Democrat,1,,,,Endorsed [V2: party filled from MI political history],0.9,,,,,pdf,,121300_19681104,
MI,Detroit Free Press,121300,1968,STATE REP,19,Michigan House District 19,MI,"LICATA, ANTHONY C.",Democrat,1,,,,Endorsed [V2: party filled from MI political history],0.85,Visible in 1968 v2 only,,,,pdf,,121300_19681104,
MI,Detroit Free Press,121300,1968,STATE REP,33,Michigan House District 33,MI,"YOUNG, RICHARD A.",Democrat,1,1,,,Endorsed; incumbent [V2: party filled from MI political history],0.9,,,,,pdf,,121300_19681104,
MI,Detroit Free Press,121300,1968,STATE REP,35,Michigan House District 35,MI,"SCHMIDT, LOUIS E.",Democrat,1,1,,,Endorsed; incumbent [V2: party filled from MI political history],0.9,,,,,pdf,,121300_19681104,
MI,Detroit Free Press,121300,1968,STATE REP,36,Michigan House District 36,MI,"TIERNEY, JAMES",Democrat,1,1,,,Endorsed; incumbent (denoted by *) [V2: party filled from MI political history],0.90,"OCR shows 'Jona The' for 36th District in v1, but v2 shows 'James Tierney'",,,,pdf,,121300_19681104,
MI,Detroit Free Press,121300,1968,DA/PROSECUTOR,,Wayne,MI,"CAHALAN, WILLIAM L.",Nonpartisan,1,,,1,Endorsed for Prosecuting Attorney; incumbent,0.9,,,,,pdf,,121300_19681104,
MI,Detroit Free Press,121300,1968,SHERIFF,,Wayne,MI,"GRIBBS, ROMAN S.",Nonpartisan,1,,,1,Endorsed; incumbent,0.9,,,,,pdf,,121300_19681104,
MI,Detroit Free Press,121300,1968,CNTY CLERK,,Wayne,MI,"BRANIGIN, EDGAR M.",Nonpartisan,1,,,1,Endorsed for County Clerk; incumbent,0.9,,,,,pdf,,121300_19681104,
MI,Detroit Free Press,121300,1968,CNTY TREASURER,,Wayne,MI,"FUNK, LOUIS H.",Nonpartisan,1,,,1,Endorsed for Treasurer; incumbent,0.9,,,,,pdf,,121300_19681104,
MI,Detroit Free Press,121300,1968,JUDGE,,Wayne Circuit,MI,"MAHER, RICHARD M.",Nonpartisan,1,,,1,Endorsed for Circuit Court Judge; incumbent,0.9,,,,,pdf,,121300_19681104,
MI,Detroit Free Press,121300,1968,JUDGE,,Wayne Circuit,MI,"PERNICK, JOSEPH J.",Nonpartisan,1,,,,Endorsed for Probate Court Judge,0.85,OCR somewhat garbled ('Pernice' or 'Pernick'),,,,pdf,,121300_19681104,
MI,Detroit Free Press,121300,1968,JUDGE,,Detroit Recorder's,MI,"EVANS, ROBERT J.",Nonpartisan,1,,,1,Endorsed for Recorder's Court; incumbent,0.9,,,,,pdf,,121300_19681104,
MI,Detroit Free Press,121300,1970,GOVERNOR,,Michigan Governor,MI,"MILLIKEN, WILLIAM G.",Republican,1,,,,Endorsed for Governor,0.9,,,,,pdf,,121300_19701102,
MI,Detroit Free Press,121300,1970,SEC OF STATE,,Michigan Secretary of State,MI,"AUSTIN, RICHARD H.",Democrat,1,,,,Endorsed for Secretary of State,0.9,,,,,pdf,,121300_19701102,
MI,Detroit Free Press,121300,1970,ATTORNEY GENERAL,,Michigan Attorney General,MI,"KELLEY, FRANK J.",Democrat,1,,,,Endorsed for Attorney General,0.9,,,,,pdf,,121300_19701102,
MI,Detroit Free Press,121300,1970,SENATOR,,United States Senate from Michigan,MI,"HART, PHILIP",Democrat,1,,,,Endorsed for U.S. Senator,0.9,,,,,pdf,,121300_19701102,
MI,Detroit Free Press,121300,1970,STATE SENATOR,1,Michigan Senate District 1,MI,"FITZGERALD, GEORGE",Democrat,1,,,,Endorsed for STATE SENATOR District 1 (Democrat) [V6: generic note - no extracted text],0.9,,,,,pdf,,121300_19701102,
MI,Detroit Free Press,121300,1970,STATE SENATOR,2,Michigan Senate District 2,MI,"CHRISTIE, ROSS",Republican,1,,,,Endorsed for STATE SENATOR District 2 (Republican) [V6: generic note - no extracted text],0.9,,,,,pdf,,121300_19701102,
MI,Detroit Free Press,121300,1970,STATE SENATOR,4,Michigan Senate District 4,MI,"YOUNG, COLEMAN",Democrat,1,,,,Endorsed for STATE SENATOR District 4 (Democrat) [V6: generic note - no extracted text],0.9,,,,,pdf,,121300_19701102,
MI,Detroit Free Press,121300,1970,STATE SENATOR,7,Michigan Senate District 7,MI,"FAXON, JACK",Democrat,1,,,,Endorsed for STATE SENATOR District 7 (Democrat) [V6: generic note - no extracted text],0.9,,,,,pdf,,121300_19701102,
MI,Detroit Free Press,121300,1970,STATE SENATOR,8,Michigan Senate District 8,MI,"JUDD, RALPH",Republican,1,,,,Endorsed for STATE SENATOR District 8 (Republican) [V6: generic note - no extracted text],0.9,,,,,pdf,,121300_19701102,
MI,Detroit Free Press,121300,1970,STATE SENATOR,11,Michigan Senate District 11,MI,"MCCAULEY, JOHN",Democrat,1,,,,Endorsed for STATE SENATOR District 11 (Democrat) [V6: generic note - no extracted text],0.9,,,,,pdf,,121300_19701102,
MI,Detroit Free Press,121300,1970,STATE SENATOR,12,Michigan Senate District 12,MI,"BEEBE, LORRAINE",Republican,1,,,,Endorsed for STATE SENATOR District 12 (Republican) [V6: generic note - no extracted text],0.9,,,,,pdf,,121300_19701102,
MI,Detroit Free Press,121300,1970,STATE SENATOR,13,Michigan Senate District 13,MI,"FAUST, WILLIAM",Democrat,1,,,,Endorsed for STATE SENATOR District 13 (Democrat) [V6: generic note - no extracted text],0.9,,,,,pdf,,121300_19701102,
MI,Detroit Free Press,121300,1970,STATE SENATOR,14,Michigan Senate District 14,MI,"PURSELL, CARL D.",Republican,1,,,,Endorsed for STATE SENATOR District 14 (Republican) [V6: generic note - no extracted text],0.9,,,,,pdf,,121300_19701102,
MI,Detroit Free Press,121300,1970,STATE REP,1,Michigan House District 1,MI,"BRYANT, WILLIAM R. JR.",Republican,1,,,,Endorsed for STATE REP District 1 (Republican) [V6: generic note - no extracted text],0.9,,,,,pdf,,121300_19701102,
MI,Detroit Free Press,121300,1970,STATE REP,2,Michigan House District 2,MI,"MROZOWSKI, TED",Democrat,1,1,,,Endorsed for STATE REP District 2 (Democrat) [V6: generic note - no extracted text],0.9,,,,,pdf,,121300_19701102,
MI,Detroit Free Press,121300,1970,STATE REP,3,Michigan House District 3,MI,"RYAN, WILLIAM A.",Democrat,1,,,,Endorsed for STATE REP District 3 (Democrat) [V6: generic note - no extracted text],0.9,,,,,pdf,,121300_19701102,
MI,Detroit Free Press,121300,1970,STATE REP,4,Michigan House District 4,MI,"FITZGERALD, WILLIAM",Democrat,1,,,,Endorsed for STATE REP District 4 (Democrat) [V6: generic note - no extracted text],0.9,,,,,pdf,,121300_19701102,
MI,Detroit Free Press,121300,1970,STATE REP,5,Michigan House District 5,MI,"MICHAELSON, GORDON",Republican,1,,,,Endorsed for STATE REP District 5 (Republican) [V6: generic note - no extracted text],0.9,,,,,pdf,,121300_19701102,
MI,Detroit Free Press,121300,1970,STATE REP,7,Michigan House District 7,MI,"STOPCZYNSKI, STEPHEN",Democrat,1,,,,Endorsed for STATE REP District 7 (Democrat) [V6: generic note - no extracted text],0.9,,,,,pdf,,121300_19701102,
MI,Detroit Free Press,121300,1970,STATE REP,10,Michigan House District 10,MI,"HOLMES, DAVID",Democrat,1,,,,Endorsed for STATE REP District 10 (Democrat) [V6: generic note - no extracted text],0.9,,,,,pdf,,121300_19701102,
MI,Detroit Free Press,121300,1970,STATE REP,11,Michigan House District 11,MI,"SAUNDERS, NELIS J.",Democrat,1,1,,,Endorsed for STATE REP District 11 (Democrat) [V6: generic note - no extracted text],0.9,,,,,pdf,,121300_19701102,
MI,Detroit Free Press,121300,1970,STATE REP,15,Michigan House District 15,MI,"STALLWORTH, ALMA G.",Democrat,1,,,,Endorsed for STATE REP District 15 (Democrat) [V6: generic note - no extracted text],0.9,,,,,pdf,,121300_19701102,
MI,Detroit Free Press,121300,1970,STATE REP,16,Michigan House District 16,MI,"PFEIFFER, S. LILLIAN",Republican,1,,,,Endorsed for STATE REP District 16 (Republican) [V6: generic note - no extracted text],0.9,,,,,pdf,,121300_19701102,
MI,Detroit Free Press,121300,1970,STATE REP,17,Michigan House District 17,MI,"BRODHEAD, WILLIAM",Democrat,1,,,,Endorsed for STATE REP District 17 (Democrat) [V6: generic note - no extracted text],0.9,,,,,pdf,,121300_19701102,
MI,Detroit Free Press,121300,1970,STATE REP,18,Michigan House District 18,MI,"WALTON, LEONARD",Democrat,1,,,,Endorsed for STATE REP District 18 (Democrat) [V6: generic note - no extracted text],0.9,,,,,pdf,,121300_19701102,
MI,Detroit Free Press,121300,1970,STATE REP,23,Michigan House District 23,MI,"VAUGHN, JACKIE III",Democrat,1,,,,Endorsed for STATE REP District 23 (Democrat) [V6: generic note - no extracted text],0.9,,,,,pdf,,121300_19701102,
MI,Detroit Free Press,121300,1970,STATE REP,28,Michigan House District 28,MI,"ANDERSON, THOMAS J.",Democrat,1,,,,Endorsed for STATE REP District 28 (Democrat) [V6: generic note - no extracted text],0.9,,,,,pdf,,121300_19701102,
MI,Detroit Free Press,121300,1970,STATE REP,32,Michigan House District 32,MI,"PILCH, ALEX",Democrat,1,,,,Endorsed for STATE REP District 32 (Democrat) [V6: generic note - no extracted text],0.9,,,,,pdf,,121300_19701102,
MI,Detroit Free Press,121300,1970,STATE REP,33,Michigan House District 33,MI,"YOUNG, RICHARD A.",Democrat,1,1,,,Endorsed for STATE REP District 33 (Democrat) [V6: generic note - no extracted text],0.9,,,,,pdf,,121300_19701102,
MI,Detroit Free Press,121300,1970,STATE REP,34,Michigan House District 34,MI,"BENNETT, JOHN",Democrat,1,,,,Endorsed for STATE REP District 34 (Democrat) [V6: generic note - no extracted text],0.9,,,,,pdf,,121300_19701102,
MI,Detroit Free Press,121300,1970,STATE REP,35,Michigan House District 35,MI,"STEMPIEN, MARVIN",Democrat,1,,,,Endorsed for STATE REP District 35 (Democrat) [V6: generic note - no extracted text],0.9,,,,,pdf,,121300_19701102,
MI,Detroit Free Press,121300,1970,STATE REP,36,Michigan House District 36,MI,"TIERNEY, JAMES",Democrat,1,1,,,Endorsed for STATE REP District 36 (Democrat) [V6: generic note - no extracted text],0.9,,,,,pdf,,121300_19701102,
MI,Detroit Free Press,121300,1970,SUPREME COURT,,Michigan Supreme Court,MI,"PIGGINS, EDWARD",Nonpartisan,1,,,,Endorsed for SUPREME COURT [V6: generic note - no extracted text],0.9,,,,,pdf,,121300_19701102,
MI,Detroit Free Press,121300,1970,SUPREME COURT,,Michigan Supreme Court,MI,"DETHMERS, JOHN",Nonpartisan,1,,,,Endorsed for SUPREME COURT [V6: generic note - no extracted text],0.9,,,,,pdf,,121300_19701102,
MI,Detroit Free Press,121300,1970,COURT OF APPEALS,2,Michigan Court of Appeals,MI,"DANHOF, ROBERT J.",Nonpartisan,1,,,,Endorsed for COURT OF APPEALS District 2 [V6: generic note - no extracted text],0.9,,,,,pdf,,121300_19701102,
MI,Detroit Free Press,121300,1970,JUDGE,,Wayne Circuit,MI,"BELL, EDWARD",Nonpartisan,1,,,,Endorsed for JUDGE [V6: generic note - no extracted text],0.9,,,,,pdf,,121300_19701102,
MI,Detroit Free Press,121300,1970,JUDGE,,Wayne Circuit,MI,"O'HAIR, JOHN D.",Nonpartisan,1,,,,Endorsed for JUDGE [V6: generic note - no extracted text],0.9,,,,,pdf,,121300_19701102,
MI,Detroit Free Press,121300,1970,JUDGE,,Wayne Circuit,MI,"ROUMELL, THOMAS",Nonpartisan,1,,,,Endorsed for JUDGE [V6: generic note - no extracted text],0.9,,,,,pdf,,121300_19701102,
MI,Detroit Free Press,121300,1970,JUDGE,,Common Pleas,MI,"DIGGS, ANNA",Nonpartisan,1,,,,Endorsed for JUDGE [V6: generic note - no extracted text],0.9,,,,,pdf,,121300_19701102,
MI,Detroit Free Press,121300,1970,JUDGE,,Wayne Probate,MI,"BASHARA, GEORGE",Nonpartisan,1,,,,Endorsed for JUDGE [V6: generic note - no extracted text],0.9,,,,,pdf,,121300_19701102,
MI,Detroit Free Press,121300,1970,JUDGE,,Detroit Recorder's,MI,"HAGUE, WILLIAM",Nonpartisan,1,,,,Endorsed for JUDGE [V6: generic note - no extracted text],0.9,,,,,pdf,,121300_19701102,
MI,Detroit Free Press,121300,1970,STATE BOARD OF ED,,State Board of Education (MI),MI,"MILLER, ANNETTA",Democrat,1,,,,Endorsed for STATE BOARD OF ED (Democrat) [V6: generic note - no extracted text],0.9,,,,,pdf,,121300_19701102,
MI,Detroit Free Press,121300,1970,STATE BOARD OF ED,,State Board of Education (MI),MI,"ROBINSON, DAVID",Republican,1,,,,Endorsed for STATE BOARD OF ED (Republican) [V6: generic note - no extracted text],0.9,,,,,pdf,,121300_19701102,
MI,Detroit Free Press,121300,1970,TRUSTEE,,Michigan State University Board of Trustees,MI,"CARRIGAN, PATRICIA",Democrat,1,,,,MSU Board of Trustees,0.9,,,,,pdf,,121300_19701102,
MI,Detroit Free Press,121300,1970,TRUSTEE,,Michigan State University Board of Trustees,MI,"DIEHL, DAVID",Republican,1,,,,MSU Board of Trustees,0.9,,,,,pdf,,121300_19701102,
MI,Detroit Free Press,121300,1970,TRUSTEE,,Wayne State University Board of Governors,MI,"PINCUS, MAX J.",Democrat,1,,,,Endorsed for TRUSTEE (Democrat) [V6: generic note - no extracted text],0.9,,,,,pdf,,121300_19701102,
MI,Detroit Free Press,121300,1970,TRUSTEE,,Wayne State University Board of Governors,MI,"ATCHISON, LEON H.",Democrat,1,,,,Endorsed for TRUSTEE (Democrat) [V6: generic note - no extracted text],0.9,,,,,pdf,,121300_19701102,
MI,Detroit Free Press,121300,1970,REGENT,,University of Michigan Board of Regents,MI,"BROWN, PAUL",Democrat,1,,,,Endorsed for REGENT (Democrat) [V6: generic note - no extracted text],0.9,,,,,pdf,,121300_19701102,
MI,Detroit Free Press,121300,1970,REGENT,,University of Michigan Board of Regents,MI,"SHULER, JACK",Republican,1,,,,Endorsed for REGENT (Republican) [V6: generic note - no extracted text],0.9,,,,,pdf,,121300_19701102,
MI,Detroit Free Press,121300,1970,SHERIFF,,Wayne,MI,"LUCAS, WILLIAM",Nonpartisan,1,,,,Endorsed for SHERIFF [V6: generic note - no extracted text],0.9,,,,,pdf,,121300_19701102,
MI,Detroit Free Press,121300,1970,CNTY COMM,3,Wayne,MI,"STEINER, ELVIN JR.",Republican,1,,,,Endorsed for CNTY COMM District 3 (Republican) [V6: generic note - no extracted text],0.9,,,,,pdf,,121300_19701102,
MI,Detroit Free Press,121300,1970,CNTY COMM,12,Wayne,MI,"REILLY, MICHAEL",Democrat,1,,,,Endorsed for CNTY COMM District 12 (Democrat) [V6: generic note - no extracted text],0.9,,,,,pdf,,121300_19701102,
MI,Detroit Free Press,121300,1970,CNTY COMM,13,Wayne,MI,"FITZPATRICK, ROBERT",Democrat,1,,,,Endorsed for CNTY COMM District 13 (Democrat) [V6: generic note - no extracted text],0.9,,,,,pdf,,121300_19701102,
MI,Detroit Free Press,121300,1970,CNTY COMM,14,Wayne,MI,"O'ROURKE, THOMAS",Democrat,1,,,,Endorsed for CNTY COMM District 14 (Democrat) [V6: generic note - no extracted text],0.9,,,,,pdf,,121300_19701102,
MI,Detroit Free Press,121300,1970,CNTY COMM,16,Wayne,MI,"JONES, EDWARD",Democrat,1,,,,Endorsed for CNTY COMM District 16 (Democrat) [V6: generic note - no extracted text],0.9,,,,,pdf,,121300_19701102,
MI,Detroit Free Press,121300,1970,CNTY COMM,17,Wayne,MI,"ROBINSON, ROSE MARY",Democrat,1,,,,Endorsed for CNTY COMM District 17 (Democrat) [V6: generic note - no extracted text],0.9,,,,,pdf,,121300_19701102,
MI,Detroit Free Press,121300,1970,CNTY COMM,18,Wayne,MI,"BOBO, ROSCOE",Democrat,1,,,,Endorsed for CNTY COMM District 18 (Democrat) [V6: generic note - no extracted text],0.9,,,,,pdf,,121300_19701102,
MI,Detroit Free Press,121300,1970,CNTY COMM,19,Wayne,MI,"MANNING, RICHARD E.",Democrat,1,,,,Endorsed for CNTY COMM District 19 (Democrat) [V6: generic note - no extracted text],0.9,,,,,pdf,,121300_19701102,
MI,Detroit Free Press,121300,1970,CNTY COMM,22,Wayne,MI,"SUZORE, WILLIAM",Democrat,1,,,,Endorsed for CNTY COMM District 22 (Democrat) [V6: generic note - no extracted text],0.9,,,,,pdf,,121300_19701102,
MI,Detroit Free Press,121300,1970,CNTY COMM,23,Wayne,MI,"DESANA, JAMES",Democrat,1,,,,Endorsed for CNTY COMM District 23 (Democrat) [V6: generic note - no extracted text],0.9,,,,,pdf,,121300_19701102,
MI,Detroit Free Press,121300,1970,CNTY COMM,25,Wayne,MI,"MCCARTNEY, JAMES",Democrat,1,,,,Endorsed for CNTY COMM District 25 (Democrat) [V6: generic note - no extracted text],0.9,,,,,pdf,,121300_19701102,
MI,Detroit Free Press,121300,1970,CNTY COMM,26,Wayne,MI,"MCCANN, JOHN",Democrat,1,,,,Endorsed for CNTY COMM District 26 (Democrat) [V6: generic note - no extracted text],0.9,,,,,pdf,,121300_19701102,
MI,Detroit Free Press,121300,1972,SENATOR,,United States Senate from Michigan,MI,"GRIFFIN, ROBERT P.",Republican,1,,,,Endorsed for U.S. Senator,0.85,OCR shows 'Robert P. Grif-fin',,,,pdf,,121300_19721107,
MI,Detroit Free Press,121300,1972,H,2,U.S. House Michigan District 2,MI,"ESCH, MARVIN L.",Republican,1,,,,[V2: party filled from MI political history],0.9,,,,,pdf,,121300_19721107,
MI,Detroit Free Press,121300,1972,H,7,U.S. House Michigan District 7,MI,"RIEGLE, DONALD W. JR.",Republican,1,,,,[V2: party filled from MI political history],0.9,,,,,pdf,,121300_19721107,
MI,Detroit Free Press,121300,1972,H,8,U.S. House Michigan District 8,MI,"HARVEY, JAMES",Republican,1,,,,[V2: party filled from MI political history],0.9,,,,,pdf,,121300_19721107,
MI,Detroit Free Press,121300,1972,H,12,U.S. House Michigan District 12,MI,"O'HARA, JAMES G.",Democrat,1,,,,[V2: party filled from MI political history],0.9,,,,,pdf,,121300_19721107,
MI,Detroit Free Press,121300,1972,H,14,U.S. House Michigan District 14,MI,"NEDZI, LUCIEN N.",Democrat,1,,,,[V2: party filled from MI political history],0.9,,,,,pdf,,121300_19721107,
MI,Detroit Free Press,121300,1972,H,15,U.S. House Michigan District 15,MI,"FORD, WILLIAM D.",Democrat,1,,,,[V2: party filled from MI political history],0.9,,,,,pdf,,121300_19721107,
MI,Detroit Free Press,121300,1972,H,16,U.S. House Michigan District 16,MI,"DINGELL, JOHN D.",Democrat,1,,,,[V2: party filled from MI political history],0.9,,,,,pdf,,121300_19721107,
MI,Detroit Free Press,121300,1972,H,17,U.S. House Michigan District 17,MI,"GRIFFITHS, MARTHA",Democrat,1,,,,[V2: party filled from MI political history],0.9,,,,,pdf,,121300_19721107,
MI,Detroit Free Press,121300,1972,H,18,U.S. House Michigan District 18,MI,"COOPER, DANIEL",Democrat,1,,,,[V2: party filled from MI political history],0.9,,,,,pdf,,121300_19721107,
MI,Detroit Free Press,121300,1972,H,19,U.S. House Michigan District 19,MI,"BROOMFIELD, WILLIAM S.",Republican,1,,,,[V2: party filled from MI political history],0.9,,,,,pdf,,121300_19721107,
MI,Detroit Free Press,121300,1972,SUPREME COURT,,Michigan Supreme Court,MI,"GILMORE, HORACE W.",Nonpartisan,1,,,,Endorsed for SUPREME COURT [V6: generic note - no extracted text],0.9,,,,,pdf,,121300_19721107,
MI,Detroit Free Press,121300,1972,SUPREME COURT,,Michigan Supreme Court,MI,"COLEMAN, MARY",Nonpartisan,1,,,,Endorsed for SUPREME COURT [V6: generic note - no extracted text],0.9,,,,,pdf,,121300_19721107,
MI,Detroit Free Press,121300,1972,REGENT,,University of Michigan Board of Regents,MI,"LINDEMER, LAWRENCE B.",Nonpartisan,1,,,1,Endorsed for REGENT [V6: generic note - no extracted text],0.9,,,,,pdf,,121300_19721107,
MI,Detroit Free Press,121300,1972,REGENT,,University of Michigan Board of Regents,MI,"LANSING, MARJORIE",Nonpartisan,1,,,,Endorsed for REGENT [V6: generic note - no extracted text],0.9,,,,,pdf,,121300_19721107,
MI,Detroit Free Press,121300,1972,TRUSTEE,,Michigan State University Board of Trustees,MI,"DOWNS, TOM",Nonpartisan,1,,,,MSU Board of Trustees,0.9,,,,,pdf,,121300_19721107,
MI,Detroit Free Press,121300,1972,TRUSTEE,,Michigan State University Board of Trustees,MI,"RADCLIFFE, AUBREY",Nonpartisan,1,,,,MSU Board of Trustees,0.9,,,,,pdf,,121300_19721107,
MI,Detroit Free Press,121300,1972,TRUSTEE,,Wayne State University Board of Governors,MI,"BRUCKER, WILBUR M. JR.",Nonpartisan,1,,,,Endorsed for TRUSTEE [V6: generic note - no extracted text],0.9,,,,,pdf,,121300_19721107,
MI,Detroit Free Press,121300,1972,TRUSTEE,,Wayne State University Board of Governors,MI,"KEYDEL, KURT R.",Nonpartisan,1,,,,Endorsed for TRUSTEE [V6: generic note - no extracted text],0.9,,,,,pdf,,121300_19721107,
MI,Detroit Free Press,121300,1972,JUDGE,,Wayne Circuit,MI,"KIRWAN, JOHN R.",Nonpartisan,1,,,,Endorsed for JUDGE [V6: generic note - no extracted text],0.9,,,,,pdf,,121300_19721107,
MI,Detroit Free Press,121300,1972,JUDGE,,Wayne Circuit,MI,"BRENNAN, THOMAS J.",Nonpartisan,1,,,,Endorsed for JUDGE [V6: generic note - no extracted text],0.9,,,,,pdf,,121300_19721107,
MI,Detroit Free Press,121300,1972,JUDGE,,Common Pleas,MI,"BURDICK, IRWIN H.",Nonpartisan,1,,,,Endorsed for JUDGE [V6: generic note - no extracted text],0.9,,,,,pdf,,121300_19721107,
MI,Detroit Free Press,121300,1972,JUDGE,,Common Pleas,MI,"BYRD, FREDERICK E.",Nonpartisan,1,,,,Endorsed for JUDGE [V6: generic note - no extracted text],0.9,,,,,pdf,,121300_19721107,
MI,Detroit Free Press,121300,1972,JUDGE,,Common Pleas,MI,"HOBSON, DONALD L.",Nonpartisan,1,,,,Endorsed for JUDGE [V6: generic note - no extracted text],0.9,,,,,pdf,,121300_19721107,
MI,Detroit Free Press,121300,1972,JUDGE,,Common Pleas,MI,"JACKSON, JOHN W. JR.",Nonpartisan,1,,,,Endorsed for JUDGE [V6: generic note - no extracted text],0.9,,,,,pdf,,121300_19721107,
MI,Detroit Free Press,121300,1972,JUDGE,,Common Pleas,MI,"KENT, GEORGE D.",Nonpartisan,1,,,,Endorsed for JUDGE [V6: generic note - no extracted text],0.9,,,,,pdf,,121300_19721107,
MI,Detroit Free Press,121300,1972,JUDGE,,Common Pleas,MI,"KOPERSKI, ROBERT L.",Nonpartisan,1,,,,Endorsed for JUDGE [V6: generic note - no extracted text],0.9,,,,,pdf,,121300_19721107,
MI,Detroit Free Press,121300,1972,JUDGE,,Common Pleas,MI,"SZYMANSKI, HENRY J.",Nonpartisan,1,,,,Endorsed for JUDGE [V6: generic note - no extracted text],0.9,,,,,pdf,,121300_19721107,
MI,Detroit Free Press,121300,1972,CITY COUNCIL,,Detroit Common Council,MI,"HENDERSON, ERMA",Nonpartisan,1,,,,Endorsed for Common Council [V4: recoded MAYOR→CITY COUNCIL - Detroit Common Council seat],0.85,Common Council seat - coded as MAYOR/local since no exact code,,,,pdf,,121300_19721107,
MI,Detroit Free Press,121300,1972,JUDGE,,Detroit Recorder's,MI,"BOYLE, PATRICIA J.",Nonpartisan,1,,,,Endorsed for JUDGE [V6: generic note - no extracted text],0.9,,,,,pdf,,121300_19721107,
MI,Detroit Free Press,121300,1972,JUDGE,,Detroit Recorder's,MI,"BAUM, MARTIN S.",Nonpartisan,1,,,,Endorsed for JUDGE [V6: generic note - no extracted text],0.9,,,,,pdf,,121300_19721107,
MI,Detroit Free Press,121300,1972,JUDGE,,Detroit Recorder's,MI,"CROCKETT, GEORGE II",Nonpartisan,1,,,,Endorsed for JUDGE [V6: generic note - no extracted text],0.9,,,,,pdf,,121300_19721107,
MI,Detroit Free Press,121300,1972,JUDGE,,Detroit Recorder's,MI,"SIMPSON, SAMUEL L.",Nonpartisan,1,,,,Endorsed for JUDGE [V6: generic note - no extracted text],0.9,,,,,pdf,,121300_19721107,
MI,Detroit Free Press,121300,1972,JUDGE,,Detroit Recorder's,MI,"BORMAN, SUSAN D.",Nonpartisan,1,,,,Endorsed for JUDGE [V6: generic note - no extracted text],0.9,,,,,pdf,,121300_19721107,
MI,Detroit Free Press,121300,1972,JUDGE,,Detroit Recorder's,MI,"CONNOR, MICHAEL S.",Nonpartisan,1,,,,Endorsed for JUDGE [V6: generic note - no extracted text],0.9,,,,,pdf,,121300_19721107,
MI,Detroit Free Press,121300,1972,JUDGE,,Detroit Recorder's,MI,"GARDNER, SAMUEL C.",Nonpartisan,1,,,,Endorsed for JUDGE [V6: generic note - no extracted text],0.9,,,,,pdf,,121300_19721107,
MI,Detroit Free Press,121300,1972,JUDGE,,Detroit Recorder's,MI,"HATHAWAY, JAMES A.",Nonpartisan,1,,,,Endorsed for JUDGE [V6: generic note - no extracted text],0.9,,,,,pdf,,121300_19721107,
MI,Detroit Free Press,121300,1972,JUDGE,,Detroit Recorder's,MI,"MOORE, WARFIELD JR.",Nonpartisan,1,,,,Endorsed for JUDGE [V6: generic note - no extracted text],0.9,,,,,pdf,,121300_19721107,
MI,Detroit Free Press,121300,1972,JUDGE,,Detroit Recorder's,MI,"RAVITZ, JUSTIN C.",Nonpartisan,1,,,,Endorsed for JUDGE [V6: generic note - no extracted text],0.9,,,,,pdf,,121300_19721107,
MI,Detroit Free Press,121300,1972,JUDGE,,Detroit Recorder's,MI,"TARNOW, ARTHUR J.",Nonpartisan,1,,,,Endorsed for JUDGE [V6: generic note - no extracted text],0.9,,,,,pdf,,121300_19721107,
MI,Detroit Free Press,121300,1972,JUDGE,,Traffic Court,MI,"KERWIN, DAVID P.",Nonpartisan,1,,,,Endorsed for JUDGE [V6: generic note - no extracted text],0.9,,,,,pdf,,121300_19721107,
MI,Detroit Free Press,121300,1972,SCHOOL BOARD,,Detroit Central School Board,MI,"CAMPBELL, CAROL",Nonpartisan,1,,,,Endorsed for SCHOOL BOARD [V6: generic note - no extracted text],0.9,,,,,pdf,,121300_19721107,
MI,Detroit Free Press,121300,1972,SCHOOL BOARD,,Detroit Central School Board,MI,"MCFADDEN, HERBERT JR.",Nonpartisan,1,,,,Endorsed for SCHOOL BOARD [V6: generic note - no extracted text],0.9,,,,,pdf,,121300_19721107,
MI,Detroit Free Press,121300,1972,SCHOOL BOARD,,Detroit Central School Board,MI,"RUTHERFORD, CLARA W.",Nonpartisan,1,,,,Endorsed for SCHOOL BOARD [V6: generic note - no extracted text],0.9,,,,,pdf,,121300_19721107,
MI,Detroit Free Press,121300,1974,GOVERNOR,,Michigan Governor,MI,"MILLIKEN, WILLIAM G.",Republican,1,,1,,Endorsed for GOVERNOR (Republican) [V6: generic note - no extracted text],0.9,,,,,pdf,,121300_19741105,
MI,Detroit Free Press,121300,1974,SEC OF STATE,,Michigan Secretary of State,MI,"AUSTIN, RICHARD H.",Democrat,1,,,,Endorsed for SEC OF STATE (Democrat) [V6: generic note - no extracted text],0.9,,,,,pdf,,121300_19741105,
MI,Detroit Free Press,121300,1974,STATE BOARD OF ED,,State Board of Education (MI),MI,"TILLES, ROGER B.",Democrat,1,,,,"Endorsed for STATE BOARD OF ED (Democrat) [V6: generic note - no extracted text] | V9c name fix: TILLER, ROGER B. -> TILLES, ROGER B. (image)",0.9,,,,,pdf,,121300_19741105,
MI,Detroit Free Press,121300,1974,STATE BOARD OF ED,,State Board of Education (MI),MI,"SALTZMAN, FLORENCE F.",Republican,1,,,,Endorsed for STATE BOARD OF ED (Republican) [V6: generic note - no extracted text],0.85,OCR shows 'Salteman',,,,pdf,,121300_19741105,
MI,Detroit Free Press,121300,1974,REGENT,,University of Michigan Board of Regents,MI,"POWER, SARAH GODDARD",Democrat,1,,,,Endorsed for REGENT (Democrat) [V6: generic note - no extracted text],0.9,,,,,pdf,,121300_19741105,
MI,Detroit Free Press,121300,1974,REGENT,,University of Michigan Board of Regents,MI,"PARKER, DONA SCOTT",Republican,1,,,,Endorsed for REGENT (Republican) [V6: generic note - no extracted text],0.9,,,,,pdf,,121300_19741105,
MI,Detroit Free Press,121300,1974,TRUSTEE,,Wayne State University Board of Governors,MI,"JEFFREY, MILDRED",Democrat,1,,,,Endorsed for TRUSTEE (Democrat) [V6: generic note - no extracted text],0.85,OCR 'Mildced Jettrey',,,,pdf,,121300_19741105,
MI,Detroit Free Press,121300,1974,TRUSTEE,,Wayne State University Board of Governors,MI,"STOCKMEYER, NORMAN",Republican,1,,,,Endorsed for TRUSTEE (Republican) [V6: generic note - no extracted text],0.9,,,,,pdf,,121300_19741105,
MI,Detroit Free Press,121300,1974,TRUSTEE,,Michigan State University Board of Trustees,MI,"THOMPSON, KEN",Republican,1,,,,MSU Trustees,0.9,,,,,pdf,,121300_19741105,
MI,Detroit Free Press,121300,1974,TRUSTEE,,Michigan State University Board of Trustees,MI,"BRUFF, JOHN B.",Democrat,1,,,,MSU Trustees,0.9,,,,,pdf,,121300_19741105,
MI,Detroit Free Press,121300,1974,H,2,U.S. House Michigan District 2,MI,"ESCH, MARVIN L.",Republican,1,,1,,Endorsed for H District 2 (Republican) [V6: generic note - no extracted text],0.9,,,,,pdf,,121300_19741105,
MI,Detroit Free Press,121300,1974,H,3,U.S. House Michigan District 3,MI,"TODD, PAUL H.",Democrat,1,,,,Endorsed for H District 3 (Democrat) [V6: generic note - no extracted text],0.9,,,,,pdf,,121300_19741105,
MI,Detroit Free Press,121300,1974,H,5,U.S. House Michigan District 5,MI,"VANDERVEEN, RICHARD",Democrat,1,,,,Endorsed for H District 5 (Democrat) [V6: generic note - no extracted text],0.9,,,,,pdf,,121300_19741105,
MI,Detroit Free Press,121300,1974,H,6,U.S. House Michigan District 6,MI,"CARR, BOB",Democrat,1,,,,Endorsed for H District 6 (Democrat) [V6: generic note - no extracted text],0.9,,,,,pdf,,121300_19741105,
MI,Detroit Free Press,121300,1974,H,7,U.S. House Michigan District 7,MI,"RIEGLE, DONALD W. JR.",Democrat,1,1,,,Endorsed for H District 7 (Democrat) [V6: generic note - no extracted text],0.9,,,,,pdf,,121300_19741105,
MI,Detroit Free Press,121300,1974,H,8,U.S. House Michigan District 8,MI,"TRAXLER, J. ROBERT",Democrat,1,,,,Endorsed for H District 8 (Democrat) [V6: generic note - no extracted text],0.9,,,,,pdf,,121300_19741105,
MI,Detroit Free Press,121300,1974,H,14,U.S. House Michigan District 14,MI,"NEDZI, LUCIEN N.",Democrat,1,1,,,Endorsed for H District 14 (Democrat) [V6: generic note - no extracted text],0.9,,,,,pdf,,121300_19741105,
MI,Detroit Free Press,121300,1974,H,17,U.S. House Michigan District 17,MI,"BRODHEAD, WILLIAM M.",Democrat,1,,,,Endorsed for H District 17 (Democrat) [V6: generic note - no extracted text],0.9,,,,,pdf,,121300_19741105,
MI,Detroit Free Press,121300,1974,H,18,U.S. House Michigan District 18,MI,"BLANCHARD, JAMES J.",Democrat,1,,,,Endorsed for H District 18 (Democrat) [V6: generic note - no extracted text],0.9,,,,,pdf,,121300_19741105,
MI,Detroit Free Press,121300,1974,H,19,U.S. House Michigan District 19,MI,"BROOMFIELD, WILLIAM S.",Republican,1,,1,,Endorsed for H District 19 (Republican) [V6: generic note - no extracted text],0.9,,,,,pdf,,121300_19741105,
MI,Detroit Free Press,121300,1974,STATE SENATOR,1,Michigan Senate District 1,MI,"FITZGERALD, WILLIAM R.",Democrat,1,,,,Endorsed for STATE SENATOR District 1 (Democrat) [V6: generic note - no extracted text],0.9,,,,,pdf,,121300_19741105,
MI,Detroit Free Press,121300,1974,STATE SENATOR,2,Michigan Senate District 2,MI,"HERTEL, JOHN C.",Democrat,1,,,,Endorsed for STATE SENATOR District 2 (Democrat) [V6: generic note - no extracted text],0.9,,,,,pdf,,121300_19741105,
MI,Detroit Free Press,121300,1974,STATE SENATOR,10,Michigan Senate District 10,MI,"MCCOLLOUGH, PATRICK H.",Democrat,1,,,,Endorsed for STATE SENATOR District 7 (Democrat) [V6: generic note - no extracted text] | V9c: dist 7->10 per 1974 recap image,0.9,,,,,pdf,,121300_19741105,
MI,Detroit Free Press,121300,1974,STATE SENATOR,11,Michigan Senate District 11,MI,"PERRY, AUDREY E.",Republican,1,,,,Endorsed for STATE SENATOR District 11 (Republican) [V6: generic note - no extracted text],0.9,,,,,pdf,,121300_19741105,
MI,Detroit Free Press,121300,1974,STATE SENATOR,12,Michigan Senate District 12,MI,"PLAWECKI, DAVID A.",Democrat,1,,,,Endorsed for STATE SENATOR District 12 (Democrat) [V6: generic note - no extracted text],0.9,,,,,pdf,,121300_19741105,
MI,Detroit Free Press,121300,1974,STATE SENATOR,14,Michigan Senate District 14,MI,"PURSELL, CARL D.",Republican,1,,1,,Endorsed for STATE SENATOR District 14 (Republican) [V6: generic note - no extracted text],0.9,,,,,pdf,,121300_19741105,
MI,Detroit Free Press,121300,1974,STATE SENATOR,17,Michigan Senate District 17,MI,"KAMMER, KERRY KENNETH",Democrat,1,,,,Endorsed for STATE SENATOR District 17 (Democrat) [V6: generic note - no extracted text],0.9,,,,,pdf,,121300_19741105,
MI,Detroit Free Press,121300,1974,STATE SENATOR,18,Michigan Senate District 18,MI,"BURSLEY, GILBERT E.",Republican,1,,,,Endorsed for STATE SENATOR District 18 (Republican) [V6: generic note - no extracted text],0.9,,,,,pdf,,121300_19741105,
MI,Detroit Free Press,121300,1974,STATE SENATOR,20,Michigan Senate District 20,MI,"DEMASO, HARRY A.",Republican,1,,,,Endorsed for STATE SENATOR District 20 (Republican) [V6: generic note - no extracted text],0.9,,,,,pdf,,121300_19741105,
MI,Detroit Free Press,121300,1974,STATE SENATOR,22,Michigan Senate District 22,MI,"ZOLLAR, CHARLES O.",Republican,1,,,,Endorsed for STATE SENATOR District 22 (Republican) [V6: generic note - no extracted text],0.9,,,,,pdf,,121300_19741105,
MI,Detroit Free Press,121300,1974,STATE SENATOR,24,Michigan Senate District 24,MI,"NELSON, EARL E.",Democrat,1,,,,Endorsed for STATE SENATOR District 24 (Democrat) [V6: generic note - no extracted text],0.9,,,,,pdf,,121300_19741105,
MI,Detroit Free Press,121300,1974,STATE SENATOR,26,Michigan Senate District 26,MI,"SNYDER, JOSEPH M.",Democrat,1,,,,Endorsed for STATE SENATOR District 26 (Democrat) [V6: generic note - no extracted text],0.9,,,,,pdf,,121300_19741105,
MI,Detroit Free Press,121300,1974,STATE SENATOR,29,Michigan Senate District 29,MI,"KILDEE, DALE E.",Democrat,1,,,,Endorsed for STATE SENATOR District 27 (Democrat) [V6: generic note - no extracted text] | V9c: dist 27->29 per 1974 recap image,0.9,,,,,pdf,,121300_19741105,
MI,Detroit Free Press,121300,1974,STATE SENATOR,31,Michigan Senate District 31,MI,"VANDERLAAN, ROBERT",Republican,1,,,,Endorsed for STATE SENATOR District 31 (Republican) [V6: generic note - no extracted text],0.9,,,,,pdf,,121300_19741105,
MI,Detroit Free Press,121300,1974,STATE SENATOR,33,Michigan Senate District 33,MI,"DEREZINSKI, TONY A.",Democrat,1,,,,Endorsed for STATE SENATOR District 33 (Democrat) [V6: generic note - no extracted text],0.85,OCR shows 'Dererinski',,,,pdf,,121300_19741105,
MI,Detroit Free Press,121300,1974,STATE REP,1,Michigan House District 1,MI,"LAW, ROBERT C.",Republican,1,,,,Endorsed for STATE REP District 1 (Republican) [V6: generic note - no extracted text],0.9,,,,,pdf,,121300_19741105,
MI,Detroit Free Press,121300,1974,STATE REP,11,Michigan House District 11,MI,"BRYANT, WILLIAM R. JR.",Republican,1,,,,Endorsed for STATE REP District 11 (Republican) [V6: generic note - no extracted text],0.9,,,,,pdf,,121300_19741105,
MI,Detroit Free Press,121300,1974,STATE REP,14,Michigan House District 14,MI,"RYAN, WILLIAM A.",Democrat,1,,,,Endorsed for STATE REP District 14 (Democrat) [V6: generic note - no extracted text],0.9,,,,,pdf,,121300_19741105,
MI,Detroit Free Press,121300,1974,STATE REP,22,Michigan House District 22,MI,"OWEN, GARY M.",Democrat,1,,,,Endorsed for STATE REP District 22 (Democrat) [V6: generic note - no extracted text],0.9,,,,,pdf,,121300_19741105,
MI,Detroit Free Press,121300,1974,STATE REP,25,Michigan House District 25,MI,"DUTKO, DENNIS M.",Democrat,1,,,,Endorsed for STATE REP District 24 (Democrat) [V6: generic note - no extracted text] | V9c: dist 24->25 per 1974 recap image,0.9,,,,,pdf,,121300_19741105,
MI,Detroit Free Press,121300,1974,STATE REP,26,Michigan House District 26,MI,"SARTI, GEORGE",Democrat,1,,,,Endorsed for STATE REP District 26 (Democrat) [V6: generic note - no extracted text],0.85,OCR 'George Satie' - probably Sarti,,,,pdf,,121300_19741105,
MI,Detroit Free Press,121300,1974,STATE REP,27,Michigan House District 27,MI,"PADDEN, JEFFREY D.",Democrat,1,,,,Endorsed for STATE REP District 27 (Democrat) [V6: generic note - no extracted text],0.9,,,,,pdf,,121300_19741105,
MI,Detroit Free Press,121300,1974,STATE REP,28,Michigan House District 28,MI,"ANDERSON, THOMAS J.",Democrat,1,,,,Endorsed for STATE REP District 28 (Democrat) [V6: generic note - no extracted text],0.9,,,,,pdf,,121300_19741105,
MI,Detroit Free Press,121300,1974,STATE REP,30,Michigan House District 30,MI,"KEFAUVER, LEE",Republican,1,,,,Endorsed for STATE REP District 34 (Republican) [V6: generic note - no extracted text] | V9c: dist 34->30 per 1974 recap image,0.9,,,,,pdf,,121300_19741105,
MI,Detroit Free Press,121300,1974,STATE REP,35,Michigan House District 35,MI,"JOYNER, R. WILLIAM",Democrat,1,,,,Endorsed for STATE REP District 35 (Democrat) [V6: generic note - no extracted text],0.9,,,,,pdf,,121300_19741105,
MI,Detroit Free Press,121300,1974,STATE REP,37,Michigan House District 37,MI,"KIDSTON, BRIAN C.",Republican,1,,,,Endorsed for STATE REP District 37 (Republican) [V6: generic note - no extracted text],0.9,,,,,pdf,,121300_19741105,
MI,Detroit Free Press,121300,1974,STATE REP,41,Michigan House District 41,MI,"PERRIN, ARVID BROOKS",Republican,1,,,,Endorsed for STATE REP District 41 (Republican) [V6: generic note - no extracted text],0.9,,,,,pdf,,121300_19741105,
MI,Detroit Free Press,121300,1974,STATE REP,46,Michigan House District 46,MI,"WOLPE, HOWARD",Democrat,1,,,,Endorsed for STATE REP District 46 (Democrat) [V6: generic note - no extracted text],0.9,,,,,pdf,,121300_19741105,
MI,Detroit Free Press,121300,1974,STATE REP,48,Michigan House District 48,MI,"ROSENBAUM, PAUL A.",Democrat,1,,,,Endorsed for STATE REP District 48 (Democrat) [V6: generic note - no extracted text],0.9,,,,,pdf,,121300_19741105,
MI,Detroit Free Press,121300,1974,STATE REP,59,Michigan House District 59,MI,"JONDAHL, H. LYNN",Democrat,1,,,,Endorsed for STATE REP District 50 (Democrat) [V6: generic note - no extracted text] | V9c: dist 50->59 per 1974 recap image,0.9,,,,,pdf,,121300_19741105,
MI,Detroit Free Press,121300,1974,STATE REP,63,Michigan House District 63,MI,"MCNAMEE, RUTH B.",Republican,1,,,,Endorsed for STATE REP District 63 (Republican) [V6: generic note - no extracted text],0.9,,,,,pdf,,121300_19741105,
MI,Detroit Free Press,121300,1974,STATE REP,65,Michigan House District 65,MI,"DEFEBAUGH, JAMES E.",Republican,1,,,,Endorsed for STATE REP District 65 (Republican) [V6: generic note - no extracted text],0.9,,,,,pdf,,121300_19741105,
MI,Detroit Free Press,121300,1974,STATE REP,66,Michigan House District 66,MI,"GERALDS, MONTE R.",Democrat,1,,,,Endorsed for STATE REP District 66 (Democrat) [V6: generic note - no extracted text],0.9,,,,,pdf,,121300_19741105,
MI,Detroit Free Press,121300,1974,STATE REP,67,Michigan House District 67,MI,"FORBES, JOSEPH",Democrat,1,,,,Endorsed for STATE REP District 67 (Democrat) [V6: generic note - no extracted text],0.9,,,,,pdf,,121300_19741105,
MI,Detroit Free Press,121300,1974,STATE REP,69,Michigan House District 69,MI,"MASTIN, PHILIP",Democrat,1,,,,Endorsed for STATE REP District 68 (Democrat) [V6: generic note - no extracted text] | V9c: dist 68->69 per 1974 recap image,0.9,,,,,pdf,,121300_19741105,
MI,Detroit Free Press,121300,1974,STATE REP,71,Michigan House District 71,MI,"WERNER, JOSEPH W.",Republican,1,,,,"Endorsed for STATE REP District 71 (Republican) [V6: generic note - no extracted text] | V9c name fix: WARNER, JOSEPH W. -> WERNER, JOSEPH W. (image)",0.9,,,,,pdf,,121300_19741105,
MI,Detroit Free Press,121300,1974,STATE REP,72,Michigan House District 72,MI,"GOEMAERE, WARREN M.",Democrat,1,,,,Endorsed for STATE REP District 72 (Democrat) [V6: generic note - no extracted text],0.9,,,,,pdf,,121300_19741105,
MI,Detroit Free Press,121300,1974,STATE REP,82,Michigan House District 82,MI,"CRIM, BOBBY D.",Democrat,1,,,,Endorsed for STATE REP District 82 (Democrat) [V6: generic note - no extracted text],0.85,OCR shows '2nd Dist' but should be 82nd,,,,pdf,,121300_19741105,
MI,Detroit Free Press,121300,1974,STATE REP,98,Michigan House District 98,MI,"CAWTHORNE, DENNIS O.",Republican,1,,,,Endorsed for STATE REP District 98 (Republican) [V6: generic note - no extracted text],0.85,OCR shows '8th Dist' but should be 98th,,,,pdf,,121300_19741105,
MI,Detroit Free Press,121300,1974,SUPREME COURT,,Michigan Supreme Court,MI,"KAVANAGH, THOMAS M.",Nonpartisan,1,,,,Endorsed for SUPREME COURT [V6: generic note - no extracted text],0.9,,,,,pdf,,121300_19741105,
MI,Detroit Free Press,121300,1974,SUPREME COURT,,Michigan Supreme Court,MI,"FITZGERALD, JOHN W.",Nonpartisan,1,,,,Endorsed for SUPREME COURT [V6: generic note - no extracted text],0.9,,,,,pdf,,121300_19741105,
MI,Detroit Free Press,121300,1974,COURT OF APPEALS,1,Michigan Court of Appeals,MI,"HEADING, HENRY",Nonpartisan,1,,,,Endorsed for COURT OF APPEALS District 1 [V6: generic note - no extracted text],0.9,,,,,pdf,,121300_19741105,
MI,Detroit Free Press,121300,1974,COURT OF APPEALS,1,Michigan Court of Appeals,MI,"SULLIVAN, JOSEPH A.",Nonpartisan,1,,,,Endorsed for COURT OF APPEALS District 1 [V6: generic note - no extracted text],0.9,,,,,pdf,,121300_19741105,
MI,Detroit Free Press,121300,1974,COURT OF APPEALS,2,Michigan Court of Appeals,MI,"CAVANAGH, MICHAEL J.",Nonpartisan,1,,,,Endorsed for COURT OF APPEALS District 2 [V6: generic note - no extracted text],0.9,,,,,pdf,,121300_19741105,
MI,Detroit Free Press,121300,1974,COURT OF APPEALS,2,Michigan Court of Appeals,MI,"DANHOF, ROBERT J.",Nonpartisan,1,,,1,Endorsed for COURT OF APPEALS District 2 [V6: generic note - no extracted text],0.9,,,,,pdf,,121300_19741105,
MI,Detroit Free Press,121300,1974,COURT OF APPEALS,2,Michigan Court of Appeals,MI,"BRONSON, S. JEROME",Nonpartisan,1,,,,Endorsed for COURT OF APPEALS District 2 [V6: generic note - no extracted text],0.9,,,,,pdf,,121300_19741105,
MI,Detroit Free Press,121300,1974,COURT OF APPEALS,3,Michigan Court of Appeals,MI,"WALSH, DANIEL F.",Nonpartisan,1,,,,Endorsed for COURT OF APPEALS District 3 [V6: generic note - no extracted text],0.9,,,,,pdf,,121300_19741105,
MI,Detroit Free Press,121300,1974,COURT OF APPEALS,3,Michigan Court of Appeals,MI,"LETTS, JOHN T.",Nonpartisan,1,,,,Endorsed for COURT OF APPEALS District 3 [V6: generic note - no extracted text],0.9,,,,,pdf,,121300_19741105,
MI,Detroit Free Press,121300,1974,JUDGE,,Wayne Circuit,MI,"BURDICK, IRWIN H.",Nonpartisan,1,,,,Endorsed for JUDGE [V6: generic note - no extracted text],0.9,,,,,pdf,,121300_19741105,
MI,Detroit Free Press,121300,1974,JUDGE,,Wayne Circuit,MI,"CONLEY, JOHN J.",Nonpartisan,1,,,,Endorsed for JUDGE [V6: generic note - no extracted text],0.9,,,,,pdf,,121300_19741105,
MI,Detroit Free Press,121300,1974,JUDGE,,Wayne Circuit,MI,"DUNN, RICHARD D.",Nonpartisan,1,,,,Endorsed for JUDGE [V6: generic note - no extracted text],0.9,,,,,pdf,,121300_19741105,
MI,Detroit Free Press,121300,1974,JUDGE,,Wayne Circuit,MI,"GRIBBS, ROMAN S.",Nonpartisan,1,,,,Endorsed for JUDGE [V6: generic note - no extracted text],0.9,,,,,pdf,,121300_19741105,
MI,Detroit Free Press,121300,1974,JUDGE,,Wayne Circuit,MI,"SULLIVAN, JOSEPH B.",Nonpartisan,1,,,,Endorsed for JUDGE [V6: generic note - no extracted text],0.9,,,,,pdf,,121300_19741105,
MI,Detroit Free Press,121300,1974,JUDGE,,Wayne Circuit,MI,"BAUM, VICTOR J.",Nonpartisan,1,,,,Endorsed for JUDGE [V6: generic note - no extracted text],0.9,,,,,pdf,,121300_19741105,
MI,Detroit Free Press,121300,1974,JUDGE,,Wayne Circuit,MI,"CANHAM, JAMES N.",Nonpartisan,1,,,,Endorsed for JUDGE [V6: generic note - no extracted text],0.9,,,,,pdf,,121300_19741105,
MI,Detroit Free Press,121300,1974,JUDGE,,Wayne Circuit,MI,"FITZGERALD, NEAL",Nonpartisan,1,,,,Endorsed for JUDGE [V6: generic note - no extracted text],0.9,,,,,pdf,,121300_19741105,
MI,Detroit Free Press,121300,1974,JUDGE,,Wayne Circuit,MI,"KAUFMAN, CHARLES",Nonpartisan,1,,,,Endorsed for JUDGE [V6: generic note - no extracted text],0.9,,,,,pdf,,121300_19741105,
MI,Detroit Free Press,121300,1974,JUDGE,,Wayne Circuit,MI,"KIRWAN, JOHN R.",Nonpartisan,1,,,,Endorsed for JUDGE [V6: generic note - no extracted text],0.9,,,,,pdf,,121300_19741105,
MI,Detroit Free Press,121300,1974,JUDGE,,Wayne Circuit,MI,"MONTANTE, JAMES",Nonpartisan,1,,,,Endorsed for JUDGE [V6: generic note - no extracted text],0.9,,,,,pdf,,121300_19741105,
MI,Detroit Free Press,121300,1974,JUDGE,,Wayne Circuit,MI,"O'HAIR, JOHN D.",Nonpartisan,1,,,,Endorsed for JUDGE [V6: generic note - no extracted text],0.9,,,,,pdf,,121300_19741105,
MI,Detroit Free Press,121300,1974,JUDGE,,Wayne Circuit,MI,"ROUMELL, THOMAS",Nonpartisan,1,,,,Endorsed for JUDGE [V6: generic note - no extracted text],0.9,,,,,pdf,,121300_19741105,
MI,Detroit Free Press,121300,1974,JUDGE,,Wayne Circuit,MI,"SPIVAK, PETER B.",Nonpartisan,1,,,,Endorsed for JUDGE [V6: generic note - no extracted text],0.9,,,,,pdf,,121300_19741105,
MI,Detroit Free Press,121300,1974,JUDGE,,Wayne Probate,MI,"SIMPSON, SAMUEL L.",Nonpartisan,1,,,,Endorsed for JUDGE [V6: generic note - no extracted text],0.9,,,,,pdf,,121300_19741105,
MI,Detroit Free Press,121300,1974,JUDGE,,Wayne Probate,MI,"BARSAMIAN, GLADYS",Nonpartisan,1,,,,Endorsed for JUDGE [V6: generic note - no extracted text],0.9,,,,,pdf,,121300_19741105,
MI,Detroit Free Press,121300,1974,JUDGE,,Oakland Probate,MI,"GRANT, BARRY M.",Nonpartisan,1,,,,Endorsed for JUDGE [V6: generic note - no extracted text],0.9,,,,,pdf,,121300_19741105,
MI,Detroit Free Press,121300,1974,JUDGE,,Oakland Circuit,MI,"WEBSTER, ROBERT B.",Nonpartisan,1,,,,Endorsed for JUDGE [V6: generic note - no extracted text],0.9,,,,,pdf,,121300_19741105,
MI,Detroit Free Press,121300,1974,JUDGE,,Detroit Recorder's,MI,"CONNOR, MICHAEL S.",Nonpartisan,1,,,,Endorsed for JUDGE [V6: generic note - no extracted text],0.9,,,,,pdf,,121300_19741105,
MI,Detroit Free Press,121300,1974,JUDGE,,Detroit Recorder's,MI,"ROBERSON, DALTON A.",Nonpartisan,1,,,,Endorsed for JUDGE [V6: generic note - no extracted text],0.9,,,,,pdf,,121300_19741105,
MI,Detroit Free Press,121300,1974,JUDGE,,Traffic Court,MI,"TALBOT, MICHAEL J.",Nonpartisan,1,,,,Endorsed for JUDGE [V6: generic note - no extracted text],0.9,,,,,pdf,,121300_19741105,
MI,Detroit Free Press,121300,1974,CNTY EXEC,,Oakland County Executive,MI,"KUTHY, EUGENE M.",Democrat,1,,,,Endorsed for Oakland County Executive | V9c fix: was miscoded MAYOR; dname already = County Executive (image-confirmed),0.9,,,,,pdf,,121300_19741105,
MI,Detroit Free Press,121300,1974,CNTY COMM,2,Wayne County Commission District 2,MI,"MAHONEY, ROBERT D.",Democrat,1,,,,"Endorsed for CNTY COMM District 3 (Democrat) [V6: generic note - no extracted text] | V9c: 1974 Wayne CntyComm garbled record -> MAHONEY, ROBERT D. (Democrat) d2 (lead+agent image-verified)",0.9,,,,,pdf,,121300_19741105,
MI,Detroit Free Press,121300,1974,CNTY COMM,4,Wayne County Commission District 4,MI,"SIMMONS, JARRETTE",Democrat,1,,,,"Endorsed for CNTY COMM (Democrat) [V6: generic note - no extracted text] | V9c: 1974 Wayne CntyComm garbled record -> SIMMONS, JARRETTE (Democrat) d4 (lead+agent image-verified)",0.85,District unclear in OCR,,,,pdf,,121300_19741105,
MI,Detroit Free Press,121300,1974,CNTY COMM,9,Wayne County Commission District 9,MI,"ROBINSON, ROSE MARY",Democrat,1,,,,"Endorsed for CNTY COMM (Democrat) [V6: generic note - no extracted text] | V9c: 1974 Wayne CntyComm garbled record -> ROBINSON, ROSE MARY (Democrat) d9 (lead+agent image-verified)",0.85,District unclear in OCR,,,,pdf,,121300_19741105,
MI,Detroit Free Press,121300,1974,CNTY COMM,12,Wayne County Commission District 12,MI,"CYLKOWSKI, FRANK",Democrat,1,,,,"Endorsed for CNTY COMM (Democrat) [V6: generic note - no extracted text] | V9c: 1974 Wayne CntyComm garbled record -> CYLKOWSKI, FRANK (Democrat) d12 (lead+agent image-verified)",0.85,,,,,pdf,,121300_19741105,
MI,Detroit Free Press,121300,1974,CNTY COMM,15,Wayne County Commission District 15,MI,"STONE, LA RUE",Republican,1,,,,"Endorsed for CNTY COMM (Republican) [V6: generic note - no extracted text] | V9c: 1974 Wayne CntyComm garbled record -> STONE, LA RUE (Republican) d15 (lead+agent image-verified)",0.85,,,,,pdf,,121300_19741105,
MI,Detroit Free Press,121300,1974,CNTY COMM,16,Wayne County Commission District 16,MI,"SERLYO, WALLACE R.",Republican,1,,,,"Endorsed for CNTY COMM (Republican) [V6: generic note - no extracted text] | V9c: 1974 Wayne CntyComm garbled record -> SERLYO, WALLACE R. (Republican) d16 (lead+agent image-verified)",0.85,,,,,pdf,,121300_19741105,
MI,Detroit Free Press,121300,1974,CNTY COMM,17,Wayne County Commission District 17,MI,"REILLY, MICHAEL J.",Democrat,1,,,,"Endorsed for CNTY COMM (Democrat) [V6: generic note - no extracted text] | V9c: 1974 Wayne CntyComm garbled record -> REILLY, MICHAEL J. (Democrat) d17 (lead+agent image-verified)",0.85,,,,,pdf,,121300_19741105,
MI,Detroit Free Press,121300,1974,CNTY COMM,18,Wayne County Commission District 18,MI,"MANNING, RICHARD E.",Democrat,1,,,,"Endorsed for CNTY COMM District 11 (Democrat) [V6: generic note - no extracted text] | V9c: 1974 Wayne CntyComm garbled record -> MANNING, RICHARD E. (Democrat) d18 (lead+agent image-verified)",0.9,,,,,pdf,,121300_19741105,
MI,Detroit Free Press,121300,1974,CNTY COMM,19,Wayne County Commission District 19,MI,"DUMAS, MARY E.",Republican,1,,,,"Endorsed for CNTY COMM (Democrat) [V6: generic note - no extracted text] | V9c party fix -> Republican (image) | V9c: 1974 Wayne CntyComm garbled record -> DUMAS, MARY E. (Republican) d19 (lead+agent image-verified)",0.85,,,,,pdf,,121300_19741105,
MI,Detroit Free Press,121300,1974,CNTY COMM,20,Wayne County Commission District 20,MI,"TAYLOR, TOM F.",Democrat,1,,,,"Endorsed for CNTY COMM (Democrat) [V6: generic note - no extracted text] | V9c: 1974 Wayne CntyComm garbled record -> TAYLOR, TOM F. (Democrat) d20 (lead+agent image-verified)",0.85,,,,,pdf,,121300_19741105,
MI,Detroit Free Press,121300,1974,CNTY COMM,22,Wayne County Commission District 22,MI,"PEPPER, JEFFREY D.",Republican,1,,,,"Endorsed for CNTY COMM (Republican) [V6: generic note - no extracted text] | V9c: 1974 Wayne CntyComm garbled record -> PEPPER, JEFFREY D. (Republican) d22 (lead+agent image-verified)",0.85,,,,,pdf,,121300_19741105,
MI,Detroit Free Press,121300,1974,CNTY COMM,23,Wayne County Commission District 23,MI,"HART, GEORGE",Democrat,1,,,,"Endorsed for CNTY COMM District 22 (Democrat) [V6: generic note - no extracted text] | V9c: 1974 Wayne CntyComm garbled record -> HART, GEORGE (Democrat) d23 (lead+agent image-verified)",0.9,,,,,pdf,,121300_19741105,
MI,Detroit Free Press,121300,1974,CNTY COMM,24,Wayne County Commission District 24,MI,"SUZORE, WILLIAM G.",Democrat,1,,,,"Endorsed for CNTY COMM (Democrat) [V6: generic note - no extracted text] | V9c: 1974 Wayne CntyComm garbled record -> SUZORE, WILLIAM G. (Democrat) d24 (lead+agent image-verified)",0.85,,,,,pdf,,121300_19741105,
MI,Detroit Free Press,121300,1974,CNTY COMM,26,Wayne County Commission District 26,MI,"HARRIS, EDGAR L.",Democrat,1,,,,"Endorsed for CNTY COMM (Democrat) [V6: generic note - no extracted text] | V9c: 1974 Wayne CntyComm garbled record -> HARRIS, EDGAR L. (Democrat) d26 (lead+agent image-verified)",0.85,,,,,pdf,,121300_19741105,
MI,Detroit Free Press,121300,1974,AUDITOR,,Wayne County,MI,"KELLY, RICHARD T.",Nonpartisan,1,,,,Endorsed for Wayne County Auditor,0.9,,,,,pdf,,121300_19741105,
MI,Detroit Free Press,121300,1974,SCHOOL BOARD,,Detroit School Board,MI,"JORDAN, THEODORE",Nonpartisan,1,,,,Endorsed for SCHOOL BOARD [V6: generic note - no extracted text],0.9,,,,,pdf,,121300_19741105,
MI,Detroit Free Press,121300,1976,PRESIDENT,,United States,MI,"CARTER, JIMMY",Democrat,1,,,,Endorsed for PRESIDENT (Democrat) [V6: generic note - no extracted text],0.9,,,,,pdf,,121300_19761101,
MI,Detroit Free Press,121300,1976,SENATOR,,United States Senate from Michigan,MI,"RIEGLE, DONALD W. JR.",Democrat,1,,,,Endorsed for SENATOR (Democrat) [V6: generic note - no extracted text],0.85,Inferred from full context (Senate section in OCR),,,,pdf,,121300_19761101,
MI,Detroit Free Press,121300,1976,H,1,U.S. House Michigan District 1,MI,"CONYERS, JOHN JR.",Democrat,1,,,,Endorsed for H District 1 (Democrat) [V6: generic note - no extracted text],0.9,,,,,pdf,,121300_19761101,
MI,Detroit Free Press,121300,1976,H,2,U.S. House Michigan District 2,MI,"PURSELL, CARL D.",Republican,1,,1,,Endorsed for H District 2 (Republican) [V6: generic note - no extracted text] | V9 fix: d2 was wrong (Esch ran for Senate); image shows Pursell,0.92,OCR garbled,,,,pdf,,121300_19761101,
MI,Detroit Free Press,121300,1976,H,5,U.S. House Michigan District 5,MI,"VANDER VEEN, RICHARD F.",Democrat,1,1,,,Endorsed for H District 5 (Democrat) [V6: generic note - no extracted text] | V9 name std per image,0.9,,,,,pdf,,121300_19761101,
MI,Detroit Free Press,121300,1976,H,19,U.S. House Michigan District 19,MI,"BROOMFIELD, WILLIAM S.",Republican,1,,1,,Endorsed for H District 19 (Republican) [V6: generic note - no extracted text],0.9,,,,,pdf,,121300_19761101,
MI,Detroit Free Press,121300,1976,STATE REP,1,Michigan House District 1,MI,"BENNANE, MICHAEL J.",Democrat,1,,,,Endorsed for STATE REP District 1 (Democrat) [V6: generic note - no extracted text],0.9,,,,,pdf,,121300_19761101,
MI,Detroit Free Press,121300,1976,STATE REP,3,Michigan House District 3,MI,"CLARK, JOHN B.",Republican,1,,,,Endorsed for STATE REP District 3 (Republican) [V6: generic note - no extracted text],0.9,,,,,pdf,,121300_19761101,
MI,Detroit Free Press,121300,1976,STATE REP,6,Michigan House District 6,MI,"HOOD, MORRIS JR.",Democrat,1,,,,Endorsed for STATE REP District 6 (Democrat) [V6: generic note - no extracted text],0.9,,,,,pdf,,121300_19761101,
MI,Detroit Free Press,121300,1976,STATE REP,7,Michigan House District 7,MI,"HOOD, RAYMOND W.",Democrat,1,,,,Endorsed for STATE REP District 7 (Democrat) [V6: generic note - no extracted text],0.9,,,,,pdf,,121300_19761101,
MI,Detroit Free Press,121300,1976,STATE REP,10,Michigan House District 10,MI,"SMITH, VIRGIL",Democrat,1,,,,Endorsed for STATE REP District 10 (Democrat) [V6: generic note - no extracted text],0.85,OCR partial,,,,pdf,,121300_19761101,
MI,Detroit Free Press,121300,1976,STATE REP,14,Michigan House District 14,MI,"RYAN, WILLIAM A.",Democrat,1,1,,,Endorsed for STATE REP District 14 (Democrat) [V6: generic note - no extracted text],0.9,,,,,pdf,,121300_19761101,
MI,Detroit Free Press,121300,1976,STATE REP,15,Michigan House District 15,MI,"YOUNG, JOSEPH F. JR.",Democrat,1,,,,Endorsed for STATE REP District 15 (Democrat) [V6: generic note - no extracted text],0.85,OCR partial,,,,pdf,,121300_19761101,
MI,Detroit Free Press,121300,1976,STATE REP,18,Michigan House District 18,MI,"MCNEELY, MATTHEW",Democrat,1,,,,Endorsed for STATE REP District 18 (Democrat) [V6: generic note - no extracted text],0.9,,,,,pdf,,121300_19761101,
MI,Detroit Free Press,121300,1976,STATE REP,19,Michigan House District 19,MI,"VAUGHN, JACKIE III",Democrat,1,,,,Endorsed for STATE REP District 19 (Democrat) [V6: generic note - no extracted text],0.85,OCR partial,,,,pdf,,121300_19761101,
MI,Detroit Free Press,121300,1976,STATE REP,21,Michigan House District 21,MI,"COLLINS, BARBARA-ROSE",Democrat,1,,,,Endorsed for STATE REP District 21 (Democrat) [V6: generic note - no extracted text],0.9,,,,,pdf,,121300_19761101,
MI,Detroit Free Press,121300,1976,STATE REP,23,Michigan House District 23,MI,"OWEN, GARY M.",Democrat,1,1,,,Endorsed for STATE REP District 23 (Democrat) [V6: generic note - no extracted text],0.92,OCR partial,,,,pdf,,121300_19761101,
MI,Detroit Free Press,121300,1976,STATE REP,27,Michigan House District 27,MI,"PADDEN, JEFFREY D.",Democrat,1,1,,,Endorsed for STATE REP District 27 (Democrat) [V6: generic note - no extracted text],0.9,,,,,pdf,,121300_19761101,
MI,Detroit Free Press,121300,1976,STATE REP,28,Michigan House District 28,MI,"ANDERSON, THOMAS J.",Democrat,1,1,,,Endorsed for STATE REP District 28 (Democrat) [V6: generic note - no extracted text],0.9,,,,,pdf,,121300_19761101,
MI,Detroit Free Press,121300,1976,STATE REP,31,Michigan House District 31,MI,"CLARK, L.J. PAT",Republican,1,,,,Endorsed for STATE REP District 31 (Republican) [V6: generic note - no extracted text],0.9,,,,,pdf,,121300_19761101,
MI,Detroit Free Press,121300,1976,STATE REP,32,Michigan House District 32,MI,"YOUNG, RICHARD A.",Democrat,1,,,,Endorsed for STATE REP District 32 (Democrat) [V6: generic note - no extracted text],0.85,OCR partial,,,,pdf,,121300_19761101,
MI,Detroit Free Press,121300,1976,STATE REP,33,Michigan House District 33,MI,"KEITH, WILLIAM R.",Democrat,1,,,,Endorsed for STATE REP District 33 (Democrat) [V6: generic note - no extracted text],0.9,,,,,pdf,,121300_19761101,
MI,Detroit Free Press,121300,1976,STATE REP,36,Michigan House District 36,MI,"MARKES, JOHN F.",Democrat,1,,,,Endorsed for STATE REP District 36 (Democrat) [V6: generic note - no extracted text],0.9,,,,,pdf,,121300_19761101,
MI,Detroit Free Press,121300,1976,STATE REP,37,Michigan House District 37,MI,"BROWN, THOMAS H.",Democrat,1,,,,Endorsed for STATE REP District 37 (Democrat) [V6: generic note - no extracted text],0.85,OCR initial only,,,,pdf,,121300_19761101,
MI,Detroit Free Press,121300,1976,STATE REP,59,Michigan House District 59,MI,"MONTGOMERY, GEORGE F.",Democrat,1,,,,Endorsed for STATE REP District 59 (Democrat) [V6: generic note - no extracted text],0.85,District inferred from Oakland County section,,,,pdf,,121300_19761101,
MI,Detroit Free Press,121300,1976,STATE REP,61,Michigan House of Representatives,MI,"TRIM, CLAUDE A.",Republican,1,,,,[V6: dist filled from same candidate other years],0.85,District unclear - Oakland,,,,pdf,,121300_19761101,
MI,Detroit Free Press,121300,1976,STATE REP,,Michigan House of Representatives,MI,"LARSEN, MELVIN L.",Republican,1,,,,Endorsed for STATE REP (Republican) [V6: generic note - no extracted text],0.85,District unclear - Oakland,,,,pdf,,121300_19761101,
MI,Detroit Free Press,121300,1976,STATE REP,62,Michigan House of Representatives,MI,"HARRISON, CHARLIE J. JR.",Democrat,1,,,,[V6: dist filled from same candidate other years],0.85,District unclear - Oakland,,,,pdf,,121300_19761101,
MI,Detroit Free Press,121300,1976,STATE REP,,Michigan House of Representatives,MI,"CAMPBELL, DAVID L.",Republican,1,,,,Endorsed for STATE REP (Republican) [V6: generic note - no extracted text],0.85,District unclear,,,,pdf,,121300_19761101,
MI,Detroit Free Press,121300,1976,STATE REP,69,Michigan House District 69,MI,"MCINTOSH, DOROTHY L.",Republican,1,,,,Endorsed for STATE REP District 69 (Republican) [V6: generic note - no extracted text],0.9,,,,,pdf,,121300_19761101,
MI,Detroit Free Press,121300,1976,STATE REP,26,Michigan House District 26,MI,"KALTENBACH, TIMOTHY R.",Democrat,1,,,,Endorsed for STATE REP District 26 (Democrat) [V6: generic note - no extracted text],0.9,,,,,pdf,,121300_19761101,
MI,Detroit Free Press,121300,1976,STATE REP,,Michigan House of Representatives,MI,"KELSEY, JOHN T.",Democrat,1,,,,Endorsed for STATE REP (Democrat) [V6: generic note - no extracted text],0.85,Macomb,,,,pdf,,121300_19761101,
MI,Detroit Free Press,121300,1976,STATE REP,,Michigan House of Representatives,MI,"HOPKINS, LEN",Republican,1,,,,Endorsed for STATE REP (Republican) [V6: generic note - no extracted text],0.85,,,,,pdf,,121300_19761101,
MI,Detroit Free Press,121300,1976,STATE REP,74,Michigan House of Representatives,MI,"MAYNARD, JOHN M.",Democrat,1,,,,[V6: dist filled from same candidate other years],0.85,,,,,pdf,,121300_19761101,
MI,Detroit Free Press,121300,1976,STATE REP,75,Michigan House District 75,MI,"EVANS, DAVID H.",Democrat,1,,,,[V3: dist=75 inferred from same-era cross-year match],0.90,,,,,pdf,,121300_19761101,
MI,Detroit Free Press,121300,1976,STATE REP,78,Michigan House District 78,MI,"BURKHALTER, LARRY E.",Democrat,1,,,,Endorsed for STATE REP District 78 (Democrat) [V6: generic note - no extracted text],0.9,,,,,pdf,,121300_19761101,
MI,Detroit Free Press,121300,1976,SUPREME COURT,,Michigan Supreme Court,MI,"RILEY, DOROTHY COMSTOCK",Nonpartisan,1,,,,Endorsed for SUPREME COURT [V6: generic note - no extracted text],0.9,,,,,pdf,,121300_19761101,
MI,Detroit Free Press,121300,1976,SUPREME COURT,,Michigan Supreme Court,MI,"BEASLEY, WILLIAM R.",Nonpartisan,1,,,,Endorsed for SUPREME COURT [V6: generic note - no extracted text],0.9,,,,,pdf,,121300_19761101,
MI,Detroit Free Press,121300,1976,JUDGE,,Wayne Circuit,MI,"BOHN, THEODORE R.",Nonpartisan,1,,,,Endorsed for JUDGE [V6: generic note - no extracted text],0.9,,,,,pdf,,121300_19761101,
MI,Detroit Free Press,121300,1976,JUDGE,,Wayne Circuit,MI,"COLOMBO, ROBERT J. JR.",Nonpartisan,1,,,,Endorsed for JUDGE [V6: generic note - no extracted text],0.9,,,,,pdf,,121300_19761101,
MI,Detroit Free Press,121300,1976,JUDGE,,Wayne Circuit,MI,"GILMORE, HORACE W.",Nonpartisan,1,,,,Endorsed for JUDGE [V6: generic note - no extracted text],0.9,,,,,pdf,,121300_19761101,
MI,Detroit Free Press,121300,1976,JUDGE,,Wayne Circuit,MI,"HAUSNER, JOHN J.",Nonpartisan,1,,,,Endorsed for JUDGE [V6: generic note - no extracted text],0.9,,,,,pdf,,121300_19761101,
MI,Detroit Free Press,121300,1976,JUDGE,,Wayne Circuit,MI,"KING, WILLA MAE",Nonpartisan,1,,,,Endorsed for JUDGE [V6: generic note - no extracted text],0.9,,,,,pdf,,121300_19761101,
MI,Detroit Free Press,121300,1976,JUDGE,,Wayne Circuit,MI,"MOYNIHAN, JOSEPH A. JR.",Nonpartisan,1,,,,Endorsed for JUDGE [V6: generic note - no extracted text],0.9,,,,,pdf,,121300_19761101,
MI,Detroit Free Press,121300,1976,JUDGE,,Wayne Circuit,MI,"RASHID, JOSEPH G.",Nonpartisan,1,,,,Endorsed for JUDGE [V6: generic note - no extracted text],0.9,,,,,pdf,,121300_19761101,
MI,Detroit Free Press,121300,1976,JUDGE,,Wayne Circuit,MI,"REILLY, MAUREEN P.",Nonpartisan,1,,,,Endorsed for JUDGE [V6: generic note - no extracted text],0.9,,,,,pdf,,121300_19761101,
MI,Detroit Free Press,121300,1976,JUDGE,,Wayne Circuit,MI,"WAHLS, MYRON H.",Nonpartisan,1,,,,Endorsed for JUDGE [V6: generic note - no extracted text],0.9,,,,,pdf,,121300_19761101,
MI,Detroit Free Press,121300,1976,JUDGE,,Oakland Circuit,MI,"BRECK, DAVID F.",Nonpartisan,1,,,,Endorsed for JUDGE [V6: generic note - no extracted text],0.9,,,,,pdf,,121300_19761101,
MI,Detroit Free Press,121300,1976,JUDGE,,Oakland Circuit,MI,"GILBERT, ALICE L.",Nonpartisan,1,,,,Endorsed for JUDGE [V6: generic note - no extracted text],0.9,,,,,pdf,,121300_19761101,
MI,Detroit Free Press,121300,1976,JUDGE,,Oakland Circuit,MI,"O'BRIEN, FRANCIS X.",Nonpartisan,1,,,,Endorsed for JUDGE [V6: generic note - no extracted text],0.9,,,,,pdf,,121300_19761101,
MI,Detroit Free Press,121300,1976,JUDGE,,Oakland Circuit,MI,"WEBSTER, ROBERT B.",Nonpartisan,1,,,,Endorsed for JUDGE [V6: generic note - no extracted text],0.9,,,,,pdf,,121300_19761101,
MI,Detroit Free Press,121300,1976,JUDGE,,Macomb Circuit,MI,"DENEWETH, GEORGE",Nonpartisan,1,,,,Endorsed for JUDGE [V6: generic note - no extracted text],0.9,,,,,pdf,,121300_19761101,
MI,Detroit Free Press,121300,1976,JUDGE,,Detroit Recorder's,MI,"BOYLE, PATRICIA J.",Nonpartisan,1,,,,Endorsed for JUDGE [V6: generic note - no extracted text],0.9,,,,,pdf,,121300_19761101,
MI,Detroit Free Press,121300,1976,JUDGE,,Detroit Recorder's,MI,"GILES, THOMAS",Nonpartisan,1,,,,Endorsed for JUDGE [V6: generic note - no extracted text],0.9,,,,,pdf,,121300_19761101,
MI,Detroit Free Press,121300,1976,JUDGE,,Detroit Recorder's,MI,"HARPER, ALFONSO R.",Nonpartisan,1,,,,Endorsed for JUDGE [V6: generic note - no extracted text],0.85,OCR partial,,,,pdf,,121300_19761101,
MI,Detroit Free Press,121300,1976,JUDGE,,Detroit Recorder's,MI,"ROBERSON, DALTON A.",Nonpartisan,1,,,,Endorsed for JUDGE [V6: generic note - no extracted text],0.9,,,,,pdf,,121300_19761101,
MI,Detroit Free Press,121300,1976,CNTY EXEC,,Oakland County Executive,MI,"MASTIN, PHILIP O. JR.",Democrat,1,,,,Endorsed for MAYOR (Democrat) [V6: generic note - no extracted text] | V9c fix: was miscoded MAYOR; dname already = County Executive (image-confirmed),0.85,Listed under Oakland County Executive in OCR,,,,pdf,,121300_19761101,
MI,Detroit Free Press,121300,1976,STATE BOARD OF ED,,State Board of Education (MI),MI,"DUKES, CLARENCE",Republican,1,,,,Endorsed for STATE BOARD OF ED (Republican) [V6: generic note - no extracted text],0.9,,,,,pdf,,121300_19761101,
MI,Detroit Free Press,121300,1976,STATE BOARD OF ED,,State Board of Education (MI),MI,"WATANEN, JOHN JR.",Democrat,1,,,,Endorsed for STATE BOARD OF ED (Democrat) [V6: generic note - no extracted text],0.9,,,,,pdf,,121300_19761101,
MI,Detroit Free Press,121300,1976,REGENT,,University of Michigan Board of Regents,MI,"DUNN, GERALD R.",Democrat,1,,,,Endorsed for REGENT (Democrat) [V6: generic note - no extracted text],0.9,,,,,pdf,,121300_19761101,
MI,Detroit Free Press,121300,1976,REGENT,,University of Michigan Board of Regents,MI,"NEDERLANDER, ROBERT",Democrat,1,,,,Endorsed for REGENT (Democrat) [V6: generic note - no extracted text],0.9,,,,,pdf,,121300_19761101,
MI,Detroit Free Press,121300,1976,TRUSTEE,,Michigan State University Board of Trustees,MI,"GADOLA, PAUL V.",Republican,1,,,,MSU,0.9,,,,,pdf,,121300_19761101,
MI,Detroit Free Press,121300,1976,TRUSTEE,,Michigan State University Board of Trustees,MI,"MARTIN, BLANCHE",Democrat,1,1,,,MSU,0.9,,,,,pdf,,121300_19761101,
MI,Detroit Free Press,121300,1976,TRUSTEE,,Wayne State University Board of Governors,MI,"EDWARDS, GEORGE C.",Nonpartisan,1,,,,Endorsed for TRUSTEE [V6: generic note - no extracted text],0.9,,,,,pdf,,121300_19761101,
MI,Detroit Free Press,121300,1976,TRUSTEE,,Wayne State University Board of Governors,MI,"JACKSON, DAURRIS C.",Nonpartisan,1,,,,Endorsed for TRUSTEE [V6: generic note - no extracted text],0.9,,,,,pdf,,121300_19761101,
MI,Detroit Free Press,121300,1976,DA/PROSECUTOR,,Wayne,MI,"CAHALAN, WILLIAM L.",Nonpartisan,1,,,,Prosecuting Attorney,0.9,,,,,pdf,,121300_19761101,
MI,Detroit Free Press,121300,1976,SHERIFF,,Wayne,MI,"LUCAS, WILLIAM",Nonpartisan,1,,,,Endorsed for SHERIFF [V6: generic note - no extracted text],0.9,,,,,pdf,,121300_19761101,
MI,Detroit Free Press,121300,1976,CNTY CLERK,,Wayne,MI,"KILLEEN, JAMES H.",Nonpartisan,1,,,,Endorsed for CNTY CLERK [V6: generic note - no extracted text],0.9,,,,,pdf,,121300_19761101,
MI,Detroit Free Press,121300,1976,CNTY TREASURER,,Wayne,MI,"WOJTOWICZ, RAYMOND J.",Nonpartisan,1,,,,Endorsed for CNTY TREASURER [V6: generic note - no extracted text],0.9,,,,,pdf,,121300_19761101,
MI,Detroit Free Press,121300,1976,AUDITOR,,Wayne County,MI,"MROZOWSKI, TED",Nonpartisan,1,,,,Endorsed for AUDITOR [V6: generic note - no extracted text],0.9,,,,,pdf,,121300_19761101,
MI,Detroit Free Press,121300,1976,CNTY CLERK,,Wayne Register of Deeds,MI,"YOUNGBLOOD, FOREST E.",Nonpartisan,1,,,,Endorsed for Register of Deeds,0.9,,,,,pdf,,121300_19761101,
MI,Detroit Free Press,121300,1978,GOVERNOR,,Michigan Governor,MI,"MILLIKEN, WILLIAM G.",Republican,1,,1,,Endorsed for GOVERNOR (Republican) [V6: generic note - no extracted text],0.9,,,,,pdf,,121300_19781106,
MI,Detroit Free Press,121300,1978,SEC OF STATE,,Michigan Secretary of State,MI,"AUSTIN, RICHARD H.",Democrat,1,,,,Endorsed for SEC OF STATE (Democrat) [V6: generic note - no extracted text],0.9,,,,,pdf,,121300_19781106,
MI,Detroit Free Press,121300,1978,SENATOR,,United States Senate from Michigan,MI,"LEVIN, CARL",Democrat,1,,,,Endorsed for SENATOR (Democrat) [V6: generic note - no extracted text],0.9,,,,,pdf,,121300_19781106,
MI,Detroit Free Press,121300,1978,ATTORNEY GENERAL,,Michigan Attorney General,MI,"BRANSDORFER, STEPHEN",Republican,1,,,,Endorsed for ATTORNEY GENERAL (Republican) [V6: generic note - no extracted text],0.9,,,,,pdf,,121300_19781106,
MI,Detroit Free Press,121300,1978,H,1,U.S. House Michigan District 1,MI,"CONYERS, JOHN JR.",Democrat,1,1,,,Endorsed for H District 1 (Democrat) [V6: generic note - no extracted text],0.9,,,,,pdf,,121300_19781106,
MI,Detroit Free Press,121300,1978,H,2,U.S. House Michigan District 2,MI,"PURSELL, CARL D.",Republican,1,,,,Endorsed for H District 2 (Republican) [V6: generic note - no extracted text],0.9,,,,,pdf,,121300_19781106,
MI,Detroit Free Press,121300,1978,H,3,U.S. House Michigan District 3,MI,"WOLPE, HOWARD",Democrat,1,,,,Endorsed for H District 3 (Democrat) [V6: generic note - no extracted text],0.9,,,,,pdf,,121300_19781106,
MI,Detroit Free Press,121300,1978,H,4,U.S. House Michigan District 4,MI,"STOCKMAN, DAVID A.",Republican,1,,,,Endorsed for H District 4 (Republican) [V6: generic note - no extracted text],0.9,,,,,pdf,,121300_19781106,
MI,Detroit Free Press,121300,1978,H,5,U.S. House Michigan District 5,MI,"SAWYER, HAROLD S.",Republican,1,,,,Endorsed for H District 5 (Republican) [V6: generic note - no extracted text],0.9,,,,,pdf,,121300_19781106,
MI,Detroit Free Press,121300,1978,H,6,U.S. House Michigan District 6,MI,"CARR, ROBERT",Democrat,1,,,,Endorsed for H District 6 (Democrat) [V6: generic note - no extracted text],0.9,,,,,pdf,,121300_19781106,
MI,Detroit Free Press,121300,1978,H,7,U.S. House Michigan District 7,MI,"KILDEE, DALE E.",Democrat,1,,,,Endorsed for H District 7 (Democrat) [V6: generic note - no extracted text],0.9,,,,,pdf,,121300_19781106,
MI,Detroit Free Press,121300,1978,H,8,U.S. House Michigan District 8,MI,"TRAXLER, ROBERT",Democrat,1,,,,Endorsed for H District 8 (Democrat) [V6: generic note - no extracted text],0.9,,,,,pdf,,121300_19781106,
MI,Detroit Free Press,121300,1978,H,10,U.S. House Michigan District 10,MI,"CEDERBERG, ELFORD",Republican,1,,,,Endorsed for H District 10 (Republican) [V6: generic note - no extracted text],0.85,OCR partial,,,,pdf,,121300_19781106,
MI,Detroit Free Press,121300,1978,H,11,U.S. House Michigan District 11,MI,"MCLEOD, KEITH",Democrat,1,,,,Endorsed for H District 11 (Republican) [V6: generic note - no extracted text] | V9c: party R->D per image,0.85,OCR partial,,,,pdf,,121300_19781106,
MI,Detroit Free Press,121300,1978,H,12,U.S. House Michigan District 12,MI,"BONIOR, DAVID E.",Democrat,1,,,,Endorsed for H District 12 (Democrat) [V6: generic note - no extracted text],0.9,,,,,pdf,,121300_19781106,
MI,Detroit Free Press,121300,1978,H,13,U.S. House Michigan District 13,MI,"PICKETT, DOVIE",Republican,1,,,,Endorsed for H District 13 (Republican) [V6: generic note - no extracted text],0.9,,,,,pdf,,121300_19781106,
MI,Detroit Free Press,121300,1978,H,14,U.S. House Michigan District 14,MI,"NEDZI, LUCIEN N.",Democrat,1,,,,Endorsed for H District 14 (Democrat) [V6: generic note - no extracted text],0.9,,,,,pdf,,121300_19781106,
MI,Detroit Free Press,121300,1978,H,15,U.S. House Michigan District 15,MI,"FORD, WILLIAM D.",Democrat,1,,,,Endorsed for H District 15 (Democrat) [V6: generic note - no extracted text],0.9,,,,,pdf,,121300_19781106,
MI,Detroit Free Press,121300,1978,H,16,U.S. House Michigan District 16,MI,"DINGELL, JOHN D.",Democrat,1,,,,Endorsed for H District 16 (Democrat) [V6: generic note - no extracted text],0.9,,,,,pdf,,121300_19781106,
MI,Detroit Free Press,121300,1978,H,17,U.S. House Michigan District 17,MI,"BRODHEAD, WILLIAM M.",Democrat,1,,,,Endorsed for H District 17 (Democrat) [V6: generic note - no extracted text],0.9,,,,,pdf,,121300_19781106,
MI,Detroit Free Press,121300,1978,H,18,U.S. House Michigan District 18,MI,"BLANCHARD, JAMES J.",Democrat,1,,,,Endorsed for H District 18 (Democrat) [V6: generic note - no extracted text],0.9,,,,,pdf,,121300_19781106,
MI,Detroit Free Press,121300,1978,H,19,U.S. House Michigan District 19,MI,"BROOMFIELD, WILLIAM S.",Republican,1,,1,,Endorsed for H District 19 (Republican) [V6: generic note - no extracted text],0.9,,,,,pdf,,121300_19781106,
MI,Detroit Free Press,121300,1978,STATE SENATOR,,Michigan Senate,MI,"KELLY, JOHN F.",Democrat,1,,,,Endorsed for STATE SENATOR (Democrat) [V6: generic note - no extracted text],0.85,"OCR shows D,1st district unclear",,,,pdf,,121300_19781106,
MI,Detroit Free Press,121300,1978,STATE SENATOR,,Michigan Senate,MI,"HERTEL, JOHN C.",Democrat,1,1,,,Endorsed for STATE SENATOR (Democrat) [V6: generic note - no extracted text],0.85,District unclear in OCR,,,,pdf,,121300_19781106,
MI,Detroit Free Press,121300,1978,STATE SENATOR,7,Michigan Senate District 7,MI,"FAXON, JACK",Democrat,1,,,,Endorsed for STATE SENATOR District 7 (Democrat) [V6: generic note - no extracted text],0.85,,,,,pdf,,121300_19781106,
MI,Detroit Free Press,121300,1978,STATE SENATOR,12,Michigan Senate District 12,MI,"PLAWECKI, DAVID A.",Democrat,1,1,,,Endorsed for STATE SENATOR District 12 (Democrat) [V6: generic note - no extracted text],0.9,,,,,pdf,,121300_19781106,
MI,Detroit Free Press,121300,1978,STATE SENATOR,13,Michigan Senate District 13,MI,"FAUST, WILLIAM",Democrat,1,,,,Endorsed for STATE SENATOR District 13 (Democrat) [V6: generic note - no extracted text],0.9,,,,,pdf,,121300_19781106,
MI,Detroit Free Press,121300,1978,STATE SENATOR,14,Michigan Senate District 14,MI,"GEAKE, R. ROBERT",Republican,1,,,,Endorsed for STATE SENATOR District 14 (Republican) [V6: generic note - no extracted text],0.9,,,,,pdf,,121300_19781106,
MI,Detroit Free Press,121300,1978,STATE SENATOR,15,Michigan Senate District 15,MI,"ROSS, DOUGLAS",Democrat,1,,,,Endorsed for STATE SENATOR District 15 (Democrat) [V6: generic note - no extracted text],0.9,,,,,pdf,,121300_19781106,
MI,Detroit Free Press,121300,1978,STATE SENATOR,18,Michigan Senate District 18,MI,"PIERCE, EDWARD C.",Democrat,1,,,,Endorsed for STATE SENATOR District 18 (Democrat) [V6: generic note - no extracted text],0.9,,,,,pdf,,121300_19781106,
MI,Detroit Free Press,121300,1978,STATE SENATOR,24,Michigan Senate District 24,MI,"OWEN, LARRY",Democrat,1,,,,Endorsed for STATE SENATOR District 24 (Democrat) [V6: generic note - no extracted text],0.9,,,,,pdf,,121300_19781106,
MI,Detroit Free Press,121300,1978,STATE REP,24,Michigan House District 24,MI,"GIESE, ELIZABETH",Democrat,1,,,,Endorsed for STATE SENATOR District 24 (Democrat) [V6: generic note - no extracted text] | V9c: recode Senate->House d24 (Oakland) per image,0.85,OCR shows duplicate 24th district,,,,pdf,,121300_19781106,
MI,Detroit Free Press,121300,1978,STATE REP,61,Michigan House District 61,MI,"TOMBOULIAN, ALICE W.",Democrat,1,,,,Endorsed for STATE SENATOR District 31 (Democrat) [V6: generic note - no extracted text] | V9c: recode Senate->House d61 per image,0.9,,,,,pdf,,121300_19781106,
MI,Detroit Free Press,121300,1978,STATE REP,7,Michigan House District 7,MI,"HOOD, RAYMOND W.",Democrat,1,1,,,Endorsed for STATE REP District 7 (Democrat) [V6: generic note - no extracted text],0.9,,,,,pdf,,121300_19781106,
MI,Detroit Free Press,121300,1978,STATE REP,12,Michigan House District 12,MI,"HERTEL, DENNIS M.",Democrat,1,,,,Endorsed for STATE REP District 12 (Democrat) [V6: generic note - no extracted text],0.9,,,,,pdf,,121300_19781106,
MI,Detroit Free Press,121300,1978,STATE REP,13,Michigan House District 13,MI,"BRYANT, WILLIAM R. JR.",Republican,1,,,,Endorsed for STATE REP District 13 (Republican) [V6: generic note - no extracted text],0.9,,,,,pdf,,121300_19781106,
MI,Detroit Free Press,121300,1978,STATE REP,14,Michigan House District 14,MI,"RYAN, WILLIAM A.",Democrat,1,1,,,Endorsed for STATE REP District 14 (Democrat) [V6: generic note - no extracted text],0.9,,,,,pdf,,121300_19781106,
MI,Detroit Free Press,121300,1978,STATE REP,15,Michigan House District 15,MI,"YOUNG, JOE JR.",Democrat,1,,,,Endorsed for STATE REP District 15 (Democrat) [V6: generic note - no extracted text],0.9,,,,,pdf,,121300_19781106,
MI,Detroit Free Press,121300,1978,STATE REP,18,Michigan House District 18,MI,"KILPATRICK, CAROLYN CHEEKS",Democrat,1,,,,Endorsed for STATE REP District 18 (Democrat) [V6: generic note - no extracted text],0.9,,,,,pdf,,121300_19781106,
MI,Detroit Free Press,121300,1978,STATE REP,21,Michigan House District 21,MI,"COLLINS, BARBARA-ROSE",Democrat,1,1,,,Endorsed for STATE REP District 21 (Democrat) [V6: generic note - no extracted text],0.9,,,,,pdf,,121300_19781106,
MI,Detroit Free Press,121300,1978,STATE REP,27,Michigan House District 27,MI,"PADDEN, JEFFREY D.",Democrat,1,1,,,Endorsed for STATE REP District 27 (Democrat) [V6: generic note - no extracted text],0.9,,,,,pdf,,121300_19781106,
MI,Detroit Free Press,121300,1978,STATE REP,28,Michigan House District 28,MI,"ANDERSON, THOMAS J.",Democrat,1,1,,,Endorsed for STATE REP District 28 (Democrat) [V6: generic note - no extracted text],0.9,,,,,pdf,,121300_19781106,
MI,Detroit Free Press,121300,1978,STATE REP,36,Michigan House District 36,MI,"LAW, ROBERT C.",Republican,1,,,,Endorsed for STATE REP District 36 (Republican) [V6: generic note - no extracted text],0.9,,,,,pdf,,121300_19781106,
MI,Detroit Free Press,121300,1978,STATE REP,67,Michigan House District 67,MI,"FORBES, JOSEPH",Democrat,1,,,,Endorsed for STATE REP District 67 (Democrat) [V6: generic note - no extracted text],0.9,,,,,pdf,,121300_19781106,
MI,Detroit Free Press,121300,1978,STATE REP,26,Michigan House District 26,MI,"DEBEAUSSAERT, KENNETH J.",Democrat,1,,,,Endorsed for STATE REP District 26 (Democrat) [V6: generic note - no extracted text],0.9,,,,,pdf,,121300_19781106,
MI,Detroit Free Press,121300,1978,STATE REP,71,Michigan House District 71,MI,"CRUCE, DOUG",Republican,1,,,,Endorsed for STATE REP District 71 (Republican) [V6: generic note - no extracted text],0.9,,,,,pdf,,121300_19781106,
MI,Detroit Free Press,121300,1978,STATE REP,75,Michigan House District 75,MI,"EVANS, DAVID H.",Democrat,1,1,,,Endorsed for STATE REP District 75 (Democrat) [V6: generic note - no extracted text],0.9,,,,,pdf,,121300_19781106,
MI,Detroit Free Press,121300,1978,STATE REP,57,Michigan House District 57,MI,"HOLLISTER, DAVID C.",Democrat,1,,,,Endorsed for STATE REP District 57 (Democrat) [V6: generic note - no extracted text],0.9,,,,,pdf,,121300_19781106,
MI,Detroit Free Press,121300,1978,STATE REP,58,Michigan House District 58,MI,"STABENOW, DEBBIE",Democrat,1,,,,Endorsed for STATE REP District 58 (Democrat) [V6: generic note - no extracted text],0.9,,,,,pdf,,121300_19781106,
MI,Detroit Free Press,121300,1978,STATE REP,59,Michigan House District 59,MI,"JONDAHL, H. LYNN",Democrat,1,,,,Endorsed for STATE REP District 59 (Democrat) [V6: generic note - no extracted text],0.9,,,,,pdf,,121300_19781106,
MI,Detroit Free Press,121300,1978,SUPREME COURT,,Michigan Supreme Court,MI,"WILLIAMS, G. MENNEN",Nonpartisan,1,,,,Endorsed for SUPREME COURT [V6: generic note - no extracted text],0.9,,,,,pdf,,121300_19781106,
MI,Detroit Free Press,121300,1978,JUDGE,,Oakland 6th Circuit Court,MI,"KAUFMAN, BERNARD",Nonpartisan,1,,,,Endorsed for COURT OF APPEALS District 2 [V6: generic note - no extracted text] | V9c: recode Appeals->Circuit (trial) per image,0.9,,,,,pdf,,121300_19781106,
MI,Detroit Free Press,121300,1978,COURT OF APPEALS,3,Michigan Court of Appeals 3rd District,MI,"MACKENZIE, BARBARA",Nonpartisan,1,,,,Endorsed for JUDGE [V6: generic note - no extracted text] | V9c: recode JUDGE->Court of Appeals 3rd,0.9,,,,,pdf,,121300_19781106,
MI,Detroit Free Press,121300,1978,JUDGE,,Wayne Circuit,MI,"HOBSON, DONALD L.",Nonpartisan,1,,,,Endorsed for JUDGE [V6: generic note - no extracted text],0.9,,,,,pdf,,121300_19781106,
MI,Detroit Free Press,121300,1978,SCHOOL BOARD,,Detroit Board of Education,MI,"BRADER, DARNEAU STEWART",Nonpartisan,1,,,,Endorsed for JUDGE [V6: generic note - no extracted text] | V9c: recode JUDGE->Detroit Bd of Ed per image,0.85,OCR shows 'Darneau Stewart',,,,pdf,,121300_19781106,
MI,Detroit Free Press,121300,1978,JUDGE,,Wayne Circuit,MI,"ROBERTS, JAMES E.",Nonpartisan,1,,,,Endorsed for JUDGE [V6: generic note - no extracted text],0.9,,,,,pdf,,121300_19781106,
MI,Detroit Free Press,121300,1978,JUDGE,,Wayne Circuit,MI,"STRONG, CRAIG",Nonpartisan,1,,,,Endorsed for JUDGE [V6: generic note - no extracted text],0.9,,,,,pdf,,121300_19781106,
MI,Detroit Free Press,121300,1978,SCHOOL BOARD,,Detroit Board of Education,MI,"WALKER, STEVEN PHILIP",Nonpartisan,1,,,,Endorsed for JUDGE [V6: generic note - no extracted text] | V9c: recode JUDGE->Detroit Bd of Ed per image,0.9,,,,,pdf,,121300_19781106,
MI,Detroit Free Press,121300,1978,JUDGE,,Detroit Recorder's,MI,"JOBES, CLARICE",Nonpartisan,1,,,,Endorsed for JUDGE [V6: generic note - no extracted text],0.9,,,,,pdf,,121300_19781106,
MI,Detroit Free Press,121300,1978,JUDGE,,Detroit Recorder's,MI,"GREEN, BENJAMIN F.",Nonpartisan,1,,,,Endorsed for JUDGE [V6: generic note - no extracted text],0.85,OCR partial,,,,pdf,,121300_19781106,
MI,Detroit Free Press,121300,1978,JUDGE,,Detroit Recorder's,MI,"MOORE, WARFIELD JR.",Nonpartisan,1,,,,Endorsed for JUDGE [V6: generic note - no extracted text],0.85,,,,,pdf,,121300_19781106,
MI,Detroit Free Press,121300,1978,JUDGE,,Detroit Recorder's,MI,"ZIOLKOWSKI, ROBERT L.",Nonpartisan,1,,,,Endorsed for JUDGE [V6: generic note - no extracted text],0.9,,,,,pdf,,121300_19781106,
MI,Detroit Free Press,121300,1978,JUDGE,,Detroit Recorder's,MI,"SHEIKO, ROBERT",Nonpartisan,1,,,,Endorsed for JUDGE [V6: generic note - no extracted text],0.9,,,,,pdf,,121300_19781106,
MI,Detroit Free Press,121300,1978,JUDGE,,Detroit Recorder's,MI,"KERWIN, DAVID P.",Nonpartisan,1,,,,Endorsed for JUDGE [V6: generic note - no extracted text],0.9,,,,,pdf,,121300_19781106,
MI,Detroit Free Press,121300,1978,JUDGE,,Detroit Recorder's,MI,"HATHAWAY, JAMES A.",Nonpartisan,1,,,,Endorsed for JUDGE [V6: generic note - no extracted text],0.9,,,,,pdf,,121300_19781106,
MI,Detroit Free Press,121300,1978,JUDGE,,Detroit Recorder's,MI,"KUBICKI, RICHARD",Nonpartisan,1,,,,Endorsed for JUDGE [V6: generic note - no extracted text],0.9,,,,,pdf,,121300_19781106,
MI,Detroit Free Press,121300,1978,SCHOOL BOARD,,Detroit,MI,"RUTHERFORD, CLARA W.",Nonpartisan,1,,,1,Endorsed for SCHOOL BOARD [V6: generic note - no extracted text],0.9,,,,,pdf,,121300_19781106,
MI,Detroit Free Press,121300,1978,REGENT,,University of Michigan Board of Regents,MI,"BROWN, PAUL",Democrat,1,1,,,Endorsed for REGENT (Democrat) [V6: generic note - no extracted text],0.9,,,,,pdf,,121300_19781106,
MI,Detroit Free Press,121300,1978,TRUSTEE,,Wayne State University Board of Governors,MI,"PINCUS, MAX J.",Nonpartisan,1,,,1,Endorsed for TRUSTEE [V6: generic note - no extracted text],0.9,,,,,pdf,,121300_19781106,
MI,Detroit Free Press,121300,1978,TRUSTEE,,Wayne State University Board of Governors,MI,"ATCHISON, LEON H.",Democrat,1,1,,,Endorsed for TRUSTEE (Democrat) [V6: generic note - no extracted text],0.9,,,,,pdf,,121300_19781106,
MI,Detroit Free Press,121300,1978,TRUSTEE,,Michigan State University Board of Trustees,MI,"GADOLA, PAUL V.",Republican,1,,1,,MSU,0.9,,,,,pdf,,121300_19781106,
MI,Detroit Free Press,121300,1978,TRUSTEE,,Michigan State University Board of Trustees,MI,"SHARP, MARY",Republican,1,,,,MSU,0.9,,,,,pdf,,121300_19781106,
MI,Detroit Free Press,121300,1978,STATE BOARD OF ED,,State Board of Education (MI),MI,"MILLER, ANNETTA",Democrat,1,1,,,Endorsed for STATE BOARD OF ED (Democrat) [V6: generic note - no extracted text],0.9,,,,,pdf,,121300_19781106,
MI,Detroit Free Press,121300,1978,STATE BOARD OF ED,,State Board of Education (MI),MI,"DUMOUCHELLE, BARBARA",Republican,1,,,,Endorsed for STATE BOARD OF ED (Republican) [V6: generic note - no extracted text],0.9,,,,,pdf,,121300_19781106,
MI,Detroit Free Press,121300,1980,PRESIDENT,,United States,MI,"CARTER, JIMMY",Democrat,1,,,,Endorsed for PRESIDENT (Democrat) [V6: generic note - no extracted text],0.9,,,,,pdf,,121300_19801104,
MI,Detroit Free Press,121300,1980,H,1,U.S. House Michigan District 1,MI,"CONYERS, JOHN JR.",Democrat,1,1,,,Endorsed for H District 1 (Democrat) [V6: generic note - no extracted text],0.9,,,,,pdf,,121300_19801104,
MI,Detroit Free Press,121300,1980,H,2,U.S. House Michigan District 2,MI,"O'REILLY, KATHLEEN",Democrat,1,,,,Endorsed for H District 2 (Democrat) [V6: generic note - no extracted text],0.9,,,,,pdf,,121300_19801104,
MI,Detroit Free Press,121300,1980,H,3,U.S. House Michigan District 3,MI,"WOLPE, HOWARD",Democrat,1,1,,,[V3: dist=3 inferred from same-era cross-year match],0.90,District unclear in OCR,,,,pdf,,121300_19801104,
MI,Detroit Free Press,121300,1980,H,4,U.S. House Michigan District 4,MI,"STOCKMAN, DAVID A.",Republican,1,,1,,Endorsed for H District 4 (Republican) [V6: generic note - no extracted text],0.9,,,,,pdf,,121300_19801104,
MI,Detroit Free Press,121300,1980,H,,U.S. House from Michigan,MI,"KILDEE, DALE E.",Democrat,1,1,,,Endorsed for H (Democrat) [V6: generic note - no extracted text],0.92,District unclear,,,,pdf,,121300_19801104,
MI,Detroit Free Press,121300,1980,H,8,U.S. House Michigan District 8,MI,"TRAXLER, ROBERT",Democrat,1,1,,,[V3: dist=8 inferred from same-era cross-year match],0.90,District unclear,,,,pdf,,121300_19801104,
MI,Detroit Free Press,121300,1980,H,,U.S. House from Michigan,MI,"VANDER JAGT, GUY",Republican,1,,,,Endorsed for H (Republican) [V6: generic note - no extracted text],0.85,,,,,pdf,,121300_19801104,
MI,Detroit Free Press,121300,1980,H,,U.S. House from Michigan,MI,"ALLEN, RICHARD J.",Republican,1,,,,Endorsed for H (Republican) [V6: generic note - no extracted text],0.85,,,,,pdf,,121300_19801104,
MI,Detroit Free Press,121300,1980,H,,U.S. House from Michigan,MI,"DAVIS, ROBERT W.",Republican,1,,,,Endorsed for H (Republican) [V6: generic note - no extracted text],0.85,,,,,pdf,,121300_19801104,
MI,Detroit Free Press,121300,1980,H,12,U.S. House Michigan District 12,MI,"BONIOR, DAVID E.",Democrat,1,1,,,Endorsed for H District 12 (Democrat) [V6: generic note - no extracted text],0.9,,,,,pdf,,121300_19801104,
MI,Detroit Free Press,121300,1980,H,13,U.S. House Michigan District 13,MI,"CROCKETT, GEORGE W. JR.",Democrat,1,,,,Endorsed for H District 13 (Democrat) [V6: generic note - no extracted text],0.9,,,,,pdf,,121300_19801104,
MI,Detroit Free Press,121300,1980,H,14,U.S. House Michigan District 14,MI,"HERTEL, DENNIS M.",Democrat,1,,,,Endorsed for H District 14 (Democrat) [V6: generic note - no extracted text],0.9,,,,,pdf,,121300_19801104,
MI,Detroit Free Press,121300,1980,H,15,U.S. House Michigan District 15,MI,"FORD, WILLIAM D.",Democrat,1,1,,,Endorsed for H District 15 (Democrat) [V6: generic note - no extracted text],0.9,,,,,pdf,,121300_19801104,
MI,Detroit Free Press,121300,1980,H,16,U.S. House Michigan District 16,MI,"DINGELL, JOHN D.",Democrat,1,1,,,Endorsed for H District 16 (Democrat) [V6: generic note - no extracted text],0.9,,,,,pdf,,121300_19801104,
MI,Detroit Free Press,121300,1980,H,17,U.S. House Michigan District 17,MI,"BRODHEAD, WILLIAM M.",Democrat,1,1,,,Endorsed for H District 17 (Democrat) [V6: generic note - no extracted text],0.9,,,,,pdf,,121300_19801104,
MI,Detroit Free Press,121300,1980,H,18,U.S. House Michigan District 18,MI,"BLANCHARD, JAMES J.",Democrat,1,1,,,Endorsed for H District 18 (Democrat) [V6: generic note - no extracted text],0.9,,,,,pdf,,121300_19801104,
MI,Detroit Free Press,121300,1980,H,19,U.S. House Michigan District 19,MI,"BROOMFIELD, WILLIAM S.",Republican,1,,1,,Endorsed for H District 19 (Republican) [V6: generic note - no extracted text],0.9,,,,,pdf,,121300_19801104,
MI,Detroit Free Press,121300,1980,STATE REP,24,Michigan House District 24,MI,"ROBERTS, WILLIAM T.",Democrat,1,,,,Endorsed for STATE SENATOR (Democrat) [V6: generic note - no extracted text] | V9 fix: recoded STATE SENATOR->STATE REP d24 per 1980 recap image (no MI senate election in presidential year),0.85,District unclear,,,,pdf,,121300_19801104,
MI,Detroit Free Press,121300,1980,STATE REP,2,Michigan House District 2,MI,"LELAND, BURTON",Democrat,1,,,,Endorsed for STATE SENATOR (Democrat) [V6: generic note - no extracted text] | V9 fix: recoded STATE SENATOR->STATE REP d2 per 1980 recap image (no MI senate election in presidential year),0.85,,,,,pdf,,121300_19801104,
MI,Detroit Free Press,121300,1980,STATE REP,5,Michigan House District 5,MI,"HUNTER, TEOLA",Democrat,1,,,,Endorsed for STATE SENATOR (Democrat) [V6: generic note - no extracted text] | V9 fix: recoded STATE SENATOR->STATE REP d5 per 1980 recap image (no MI senate election in presidential year),0.85,,,,,pdf,,121300_19801104,
MI,Detroit Free Press,121300,1980,STATE REP,10,Michigan House District 10,MI,"SMITH, VIRGIL JR.",Democrat,1,,,,Endorsed for STATE SENATOR (Democrat) [V6: generic note - no extracted text] | V9 fix: recoded STATE SENATOR->STATE REP d10 per 1980 recap image (no MI senate election in presidential year),0.85,,,,,pdf,,121300_19801104,
MI,Detroit Free Press,121300,1980,STATE REP,12,Michigan House District 12,MI,"HERTEL, CURTIS",Democrat,1,,,,Endorsed for STATE SENATOR (Democrat) [V6: generic note - no extracted text] | V9 fix: recoded STATE SENATOR->STATE REP d12 per 1980 recap image (no MI senate election in presidential year),0.85,,,,,pdf,,121300_19801104,
MI,Detroit Free Press,121300,1980,STATE REP,13,Michigan House District 13,MI,"BRYANT, WILLIAM",Republican,1,,,,Endorsed for STATE SENATOR (Republican) [V6: generic note - no extracted text] | V9 fix: recoded STATE SENATOR->STATE REP d13 per 1980 recap image (no MI senate election in presidential year),0.85,,,,,pdf,,121300_19801104,
MI,Detroit Free Press,121300,1980,STATE REP,14,Michigan House District 14,MI,"RYAN, WILLIAM",Democrat,1,,,,Endorsed for STATE SENATOR (Democrat) [V6: generic note - no extracted text] | V9 fix: recoded STATE SENATOR->STATE REP d14 per 1980 recap image (no MI senate election in presidential year),0.85,,,,,pdf,,121300_19801104,
MI,Detroit Free Press,121300,1980,STATE REP,21,Michigan House District 21,MI,"COLLINS, BARBARA-ROSE",Democrat,1,,,,Endorsed for STATE SENATOR (Democrat) [V6: generic note - no extracted text] | V9 fix: recoded STATE SENATOR->STATE REP d21 per 1980 recap image (no MI senate election in presidential year),0.85,,,,,pdf,,121300_19801104,
MI,Detroit Free Press,121300,1980,STATE REP,27,Michigan House District 27,MI,"PADDEN, JEFFREY",Democrat,1,,,,Endorsed for STATE SENATOR (Democrat) [V6: generic note - no extracted text] | V9 fix: recoded STATE SENATOR->STATE REP d27 per 1980 recap image (no MI senate election in presidential year),0.85,,,,,pdf,,121300_19801104,
MI,Detroit Free Press,121300,1980,STATE REP,29,Michigan House District 29,MI,"SHERIDAN, AL",Democrat,1,,,,Endorsed for STATE SENATOR District 29 (Democrat) [V6: generic note - no extracted text] | V9 fix: recoded STATE SENATOR->STATE REP d29 per 1980 recap image (no MI senate election in presidential year),0.9,,,,,pdf,,121300_19801104,
MI,Detroit Free Press,121300,1980,STATE REP,33,Michigan House District 33,MI,"KEITH, WILLIAM",Democrat,1,,,,Endorsed for STATE SENATOR District 33 (Democrat) [V6: generic note - no extracted text] | V9 fix: recoded STATE SENATOR->STATE REP d33 per 1980 recap image (no MI senate election in presidential year),0.9,,,,,pdf,,121300_19801104,
MI,Detroit Free Press,121300,1980,STATE REP,36,Michigan House District 36,MI,"SKRET, SYLVIA",Republican,1,,,,Endorsed for STATE SENATOR District 36 (Republican) [V6: generic note - no extracted text] | V9 fix: recoded STATE SENATOR->STATE REP d36 per 1980 recap image (no MI senate election in presidential year),0.9,,,,,pdf,,121300_19801104,
MI,Detroit Free Press,121300,1980,STATE REP,38,Michigan House District 38,MI,"RAKER, ROY",Republican,1,,,,Endorsed for STATE SENATOR District 38 (Republican) [V6: generic note - no extracted text] | V9 fix: recoded STATE SENATOR->STATE REP d38 per 1980 recap image (no MI senate election in presidential year),0.9,,,,,pdf,,121300_19801104,
MI,Detroit Free Press,121300,1980,STATE REP,26,Michigan House District 26,MI,"DEBEAUSSAERT, KENNETH J.",Democrat,1,1,,,Endorsed for STATE REP District 26 (Democrat) [V6: generic note - no extracted text],0.9,,,,,pdf,,121300_19801104,
MI,Detroit Free Press,121300,1980,STATE REP,71,Michigan House District 71,MI,"CRUCE, DOUG",Republican,1,,1,,Endorsed for STATE REP District 71 (Republican) [V6: generic note - no extracted text],0.9,,,,,pdf,,121300_19801104,
MI,Detroit Free Press,121300,1980,STATE REP,72,Michigan House District 72,MI,"CIARAMITARO, NICK",Democrat,1,,,,Endorsed for STATE REP District 72 (Democrat) [V6: generic note - no extracted text],0.9,,,,,pdf,,121300_19801104,
MI,Detroit Free Press,121300,1980,STATE REP,73,Michigan House District 73,MI,"LALONDE, LEO",Democrat,1,,,,Endorsed for STATE REP District 73 (Democrat) [V6: generic note - no extracted text],0.9,,,,,pdf,,121300_19801104,
MI,Detroit Free Press,121300,1980,STATE REP,75,Michigan House District 75,MI,"EVANS, DAVID H.",Democrat,1,1,,,Endorsed for STATE REP District 75 (Democrat) [V6: generic note - no extracted text],0.9,,,,,pdf,,121300_19801104,
MI,Detroit Free Press,121300,1980,STATE REP,61,Michigan House District 61,MI,"TOMBOULIAN, ALICE",Democrat,1,,,,Endorsed for STATE REP District 61 (Democrat) [V6: generic note - no extracted text],0.9,,,,,pdf,,121300_19801104,
MI,Detroit Free Press,121300,1980,STATE REP,62,Michigan House District 62,MI,"HARRISON, CHARLIE J. JR.",Democrat,1,,,,Endorsed for STATE REP District 62 (Democrat) [V6: generic note - no extracted text],0.9,,,,,pdf,,121300_19801104,
MI,Detroit Free Press,121300,1980,STATE REP,63,Michigan House District 63,MI,"MCNAMEE, RUTH B.",Republican,1,,,,Endorsed for STATE REP District 63 (Republican) [V6: generic note - no extracted text],0.9,,,,,pdf,,121300_19801104,
MI,Detroit Free Press,121300,1980,STATE REP,64,Michigan House District 64,MI,"BROTHERTON, WILBUR V.",Republican,1,,,,Endorsed for STATE REP District 64 (Republican) [V6: generic note - no extracted text],0.9,,,,,pdf,,121300_19801104,
MI,Detroit Free Press,121300,1980,STATE REP,65,Michigan House District 65,MI,"DEFEBAUGH, JAMES E.",Republican,1,,,,Endorsed for STATE REP District 65 (Republican) [V6: generic note - no extracted text],0.9,,,,,pdf,,121300_19801104,
MI,Detroit Free Press,121300,1980,STATE REP,66,Michigan House District 66,MI,"VANEK, GARY",Democrat,1,,,,Endorsed for STATE REP District 66 (Democrat) [V6: generic note - no extracted text],0.9,,,,,pdf,,121300_19801104,
MI,Detroit Free Press,121300,1980,STATE REP,67,Michigan House District 67,MI,"FORBES, JOSEPH",Democrat,1,1,,,Endorsed for STATE REP District 67 (Democrat) [V6: generic note - no extracted text],0.9,,,,,pdf,,121300_19801104,
MI,Detroit Free Press,121300,1980,STATE REP,68,Michigan House District 68,MI,"JOHNSON, SHIRLEY",Republican,1,,,,Endorsed for STATE REP District 68 (Republican) [V6: generic note - no extracted text],0.9,,,,,pdf,,121300_19801104,
MI,Detroit Free Press,121300,1980,STATE REP,39,Michigan House District 39,MI,"HARRINGTON, PATRICK",Democrat,1,,,,Endorsed for STATE REP District 39 (Democrat) [V6: generic note - no extracted text],0.9,,,,,pdf,,121300_19801104,
MI,Detroit Free Press,121300,1980,STATE REP,46,Michigan House District 46,MI,"BROWN, MARY C.",Democrat,1,,,,Endorsed for STATE REP District 46 (Democrat) [V6: generic note - no extracted text],0.9,,,,,pdf,,121300_19801104,
MI,Detroit Free Press,121300,1980,STATE REP,52,Michigan House District 52,MI,"SMITH, ROY",Republican,1,,,,Endorsed for STATE REP District 52 (Republican) [V6: generic note - no extracted text],0.9,,,,,pdf,,121300_19801104,
MI,Detroit Free Press,121300,1980,STATE REP,53,Michigan House District 53,MI,"BULLARD, PERRY",Democrat,1,,,,Endorsed for STATE REP District 53 (Democrat) [V6: generic note - no extracted text],0.9,,,,,pdf,,121300_19801104,
MI,Detroit Free Press,121300,1980,STATE REP,57,Michigan House District 57,MI,"HOLLISTER, DAVID C.",Democrat,1,1,,,Endorsed for STATE REP District 57 (Democrat) [V6: generic note - no extracted text],0.9,,,,,pdf,,121300_19801104,
MI,Detroit Free Press,121300,1980,STATE REP,59,Michigan House District 59,MI,"JONDAHL, H. LYNN",Democrat,1,1,,,Endorsed for STATE REP District 59 (Democrat) [V6: generic note - no extracted text],0.9,,,,,pdf,,121300_19801104,
MI,Detroit Free Press,121300,1980,STATE REP,76,Michigan House District 76,MI,"LOZEN, TIMOTHY",Democrat,1,,,,Endorsed for STATE REP District 76 (Democrat) [V6: generic note - no extracted text],0.9,,,,,pdf,,121300_19801104,
MI,Detroit Free Press,121300,1980,STATE REP,78,Michigan House District 78,MI,"BURKHALTER, LARRY E.",Democrat,1,,,,Endorsed for STATE REP District 78 (Democrat) [V6: generic note - no extracted text],0.9,,,,,pdf,,121300_19801104,
MI,Detroit Free Press,121300,1980,STATE REP,82,Michigan House District 82,MI,"CRIM, BOBBY D.",Democrat,1,,,,Endorsed for STATE REP District 82 (Democrat) [V6: generic note - no extracted text],0.9,,,,,pdf,,121300_19801104,
MI,Detroit Free Press,121300,1980,STATE REP,93,Michigan House District 93,MI,"ALBRITTEN, DREW",Republican,1,,,,Endorsed for STATE REP District 93 (Republican) [V6: generic note - no extracted text],0.9,,,,,pdf,,121300_19801104,
MI,Detroit Free Press,121300,1980,STATE REP,98,Michigan House District 98,MI,"DONGVILLO, JEFF",Democrat,1,,,,Endorsed for STATE REP District 98 (Democrat) [V6: generic note - no extracted text],0.9,,,,,pdf,,121300_19801104,
MI,Detroit Free Press,121300,1980,STATE REP,102,Michigan House District 102,MI,"SINCLAIR, MARY",Democrat,1,,,,Endorsed for STATE REP District 102 (Democrat) [V6: generic note - no extracted text],0.9,,,,,pdf,,121300_19801104,
MI,Detroit Free Press,121300,1980,SUPREME COURT,,Michigan Supreme Court,MI,"COLEMAN, MARY",Nonpartisan,1,,,1,Endorsed for SUPREME COURT [V6: generic note - no extracted text],0.9,,,,,pdf,,121300_19801104,
MI,Detroit Free Press,121300,1980,SUPREME COURT,,Michigan Supreme Court,MI,"LEVIN, CHARLES",Nonpartisan,1,,,,Endorsed for SUPREME COURT [V6: generic note - no extracted text],0.9,,,,,pdf,,121300_19801104,
MI,Detroit Free Press,121300,1980,COURT OF APPEALS,2,Michigan Court of Appeals,MI,"BRONSON, S. JEROME",Nonpartisan,1,,,1,Endorsed for COURT OF APPEALS District 2 [V6: generic note - no extracted text],0.9,,,,,pdf,,121300_19801104,
MI,Detroit Free Press,121300,1980,COURT OF APPEALS,2,Michigan Court of Appeals,MI,"DANHOF, ROBERT J.",Nonpartisan,1,,,1,Endorsed for COURT OF APPEALS District 2 [V6: generic note - no extracted text],0.9,,,,,pdf,,121300_19801104,
MI,Detroit Free Press,121300,1980,COURT OF APPEALS,3,Michigan Court of Appeals,MI,"ANDERSON, ROBERT C.",Nonpartisan,1,,,,Endorsed for COURT OF APPEALS District 3 [V6: generic note - no extracted text],0.9,,,,,pdf,,121300_19801104,
MI,Detroit Free Press,121300,1980,COURT OF APPEALS,3,Michigan Court of Appeals,MI,"ALLEN, GLENN S. JR.",Nonpartisan,1,,,,Endorsed for COURT OF APPEALS District 3 [V6: generic note - no extracted text],0.9,,,,,pdf,,121300_19801104,
MI,Detroit Free Press,121300,1980,JUDGE,,Oakland Circuit,MI,"BURNS, THOMAS M.",Nonpartisan,1,,,,Endorsed for JUDGE [V6: generic note - no extracted text],0.9,,,,,pdf,,121300_19801104,
MI,Detroit Free Press,121300,1980,JUDGE,,Wayne Circuit,MI,"BATTANI, MARIANNE O.",Nonpartisan,1,,,,Endorsed for JUDGE [V6: generic note - no extracted text],0.9,,,,,pdf,,121300_19801104,
MI,Detroit Free Press,121300,1980,JUDGE,,Wayne Circuit,MI,"WATTS, LUCILE A.",Nonpartisan,1,,,,Endorsed for JUDGE [V6: generic note - no extracted text],0.9,,,,,pdf,,121300_19801104,
MI,Detroit Free Press,121300,1980,JUDGE,,Wayne Circuit,MI,"WHITE, HELENE NITA",Nonpartisan,1,,,,Endorsed for JUDGE [V6: generic note - no extracted text],0.9,,,,,pdf,,121300_19801104,
MI,Detroit Free Press,121300,1980,JUDGE,,Detroit Recorder's,MI,"BOYLE, TERRANCE K.",Nonpartisan,1,,,,Endorsed for JUDGE [V6: generic note - no extracted text],0.9,,,,,pdf,,121300_19801104,
MI,Detroit Free Press,121300,1980,JUDGE,,Detroit Recorder's,MI,"JASPER, BEVERLEY ANNE",Nonpartisan,1,,,,Endorsed for JUDGE [V6: generic note - no extracted text],0.9,,,,,pdf,,121300_19801104,
MI,Detroit Free Press,121300,1980,JUDGE,,Detroit Recorder's,MI,"OVERTON, DENNIS L.",Nonpartisan,1,,,,Endorsed for JUDGE [V6: generic note - no extracted text],0.9,,,,,pdf,,121300_19801104,
MI,Detroit Free Press,121300,1980,JUDGE,,Detroit Recorder's,MI,"SILVERMAN, LAWRENCE D.",Nonpartisan,1,,,,Endorsed for JUDGE [V6: generic note - no extracted text],0.9,,,,,pdf,,121300_19801104,
MI,Detroit Free Press,121300,1980,JUDGE,,Common Pleas,MI,"CONNOLLY, JOHN W.",Nonpartisan,1,,,,Endorsed for JUDGE [V6: generic note - no extracted text],0.9,,,,,pdf,,121300_19801104,
MI,Detroit Free Press,121300,1980,JUDGE,,Common Pleas,MI,"DOSS, THERESA",Nonpartisan,1,,,,Endorsed for JUDGE [V6: generic note - no extracted text],0.9,,,,,pdf,,121300_19801104,
MI,Detroit Free Press,121300,1980,JUDGE,,Common Pleas,MI,"FINCH, SHARON TEVIS",Nonpartisan,1,,,,Endorsed for JUDGE [V6: generic note - no extracted text],0.9,,,,,pdf,,121300_19801104,
MI,Detroit Free Press,121300,1980,STATE BOARD OF ED,,State Board of Education (MI),MI,"VANDETTE, EDMUND F.",Republican,1,,,,Endorsed for STATE BOARD OF ED (Republican) [V6: generic note - no extracted text],0.9,,,,,pdf,,121300_19801104,
MI,Detroit Free Press,121300,1980,STATE BOARD OF ED,,State Board of Education (MI),MI,"STOCKMEYER, NORMAN",Republican,1,,,,Endorsed for STATE BOARD OF ED (Republican) [V6: generic note - no extracted text],0.85,District/board unclear,,,,pdf,,121300_19801104,
MI,Detroit Free Press,121300,1980,TRUSTEE,,Michigan State University Board of Trustees,MI,"GADOLA, PAUL V.",Republican,1,,1,,MSU,0.9,,,,,pdf,,121300_19801104,
MI,Detroit Free Press,121300,1980,TRUSTEE,,Michigan State University Board of Trustees,MI,"REED, TOM",Republican,1,,,,MSU,0.9,,,,,pdf,,121300_19801104,
MI,Detroit Free Press,121300,1980,TRUSTEE,,Wayne State University Board of Governors,MI,"VAN DUSEN, RICHARD C.",Republican,1,,,,Endorsed for TRUSTEE (Republican) [V6: generic note - no extracted text],0.9,,,,,pdf,,121300_19801104,
MI,Detroit Free Press,121300,1980,TRUSTEE,,Wayne State University Board of Governors,MI,"JACKSON, MURRAY",Democrat,1,,,,Endorsed for TRUSTEE (Democrat) [V6: generic note - no extracted text],0.9,,,,,pdf,,121300_19801104,
MI,Detroit Free Press,121300,1980,REGENT,,University of Michigan Board of Regents,MI,"LARO, DAVID",Republican,1,,,,Endorsed for REGENT (Republican) [V6: generic note - no extracted text],0.85,OCR shows 'David Laro' for U-M Regent,,,,pdf,,121300_19801104,
MI,Detroit Free Press,121300,1980,REGENT,,University of Michigan Board of Regents,MI,"BAKER, DEANE",Republican,1,,1,,Endorsed for REGENT (Republican) [V6: generic note - no extracted text],0.9,,,,,pdf,,121300_19801104,
MI,Detroit Free Press,121300,1980,TRUSTEE,1,WCCC Trustees,MI,"MAZZEI, HELEN",Nonpartisan,1,,,,Endorsed for TRUSTEE District 1 [V6: generic note - no extracted text],0.9,,,,,pdf,,121300_19801104,
MI,Detroit Free Press,121300,1980,TRUSTEE,5,WCCC Trustees,MI,"MILLER, DORIS",Nonpartisan,1,,,,Endorsed for TRUSTEE District 5 [V6: generic note - no extracted text],0.9,,,,,pdf,,121300_19801104,
MI,Detroit Free Press,121300,1980,CNTY EXEC,,Oakland County Executive,MI,"MURPHY, DAN",Republican,1,,,,Endorsed for MAYOR (Republican) [V6: generic note - no extracted text] | V9c fix: was miscoded MAYOR; dname already = County Executive (image-confirmed),0.9,,,,,pdf,,121300_19801104,
MI,Detroit Free Press,121300,1980,CNTY COMM,2,Wayne,MI,"WISNIEWSKI, NORBERT",Democrat,1,,,,Endorsed for CNTY COMM District 2 (Democrat) [V6: generic note - no extracted text],0.9,,,,,pdf,,121300_19801104,
MI,Detroit Free Press,121300,1980,CNTY COMM,3,Wayne,MI,"KILLEEN, GEORGE",Democrat,1,,,,Endorsed for CNTY COMM District 3 (Democrat) [V6: generic note - no extracted text],0.9,,,,,pdf,,121300_19801104,
MI,Detroit Free Press,121300,1980,CNTY COMM,5,Wayne,MI,"WILLIAMS, MARTHA",Republican,1,,,,Endorsed for CNTY COMM District 5 (Republican) [V6: generic note - no extracted text],0.9,,,,,pdf,,121300_19801104,
MI,Detroit Free Press,121300,1980,CNTY COMM,6,Wayne,MI,"BENNETT, DOLORES",Democrat,1,,,,Endorsed for CNTY COMM District 6 (Democrat) [V6: generic note - no extracted text],0.9,,,,,pdf,,121300_19801104,
MI,Detroit Free Press,121300,1980,CNTY COMM,9,Wayne,MI,"ROBINSON, ROSE MARY",Democrat,1,,,,Endorsed for CNTY COMM District 9 (Democrat) [V6: generic note - no extracted text],0.9,,,,,pdf,,121300_19801104,
MI,Detroit Free Press,121300,1980,CNTY COMM,12,Wayne,MI,"CITKOWSKI, PAUL",Democrat,1,,,,Endorsed for CNTY COMM District 12 (Democrat) [V6: generic note - no extracted text],0.9,,,,,pdf,,121300_19801104,
MI,Detroit Free Press,121300,1980,CNTY COMM,16,Wayne,MI,"BYKOWSKI, CLEMENS",Democrat,1,,,,Endorsed for CNTY COMM District 16 (Democrat) [V6: generic note - no extracted text],0.9,,,,,pdf,,121300_19801104,
MI,Detroit Free Press,121300,1980,CNTY COMM,14,Wayne,MI,"KORNEY, JOHN",Democrat,1,,,,Endorsed for CNTY COMM District 14 (Democrat) [V6: generic note - no extracted text],0.9,,,,,pdf,,121300_19801104,
MI,Detroit Free Press,121300,1980,CNTY COMM,17,Wayne,MI,"DUMAS, MARY F.",Democrat,1,,,,Endorsed for CNTY COMM District 17 (Democrat) [V6: generic note - no extracted text],0.9,,,,,pdf,,121300_19801104,
MI,Detroit Free Press,121300,1980,CNTY COMM,22,Wayne,MI,"JOYNER, R. WILLIAM",Democrat,1,,,,Endorsed for CNTY COMM District 22 (Democrat) [V6: generic note - no extracted text],0.9,,,,,pdf,,121300_19801104,
MI,Detroit Free Press,121300,1980,CNTY COMM,25,Wayne,MI,"WARD, GEORGE",Democrat,1,,,,Endorsed for CNTY COMM District 25 (Democrat) [V6: generic note - no extracted text],0.9,,,,,pdf,,121300_19801104,
MI,Detroit Free Press,121300,1980,CNTY COMM,6,Wayne,MI,"SMITH, VIRGIL",Democrat,1,,,,Endorsed for CNTY COMM District 6 (Democrat) [V6: generic note - no extracted text],0.85,OCR district may be misaligned,,,,pdf,,121300_19801104,
MI,Detroit Free Press,121300,1980,CNTY COMM,11,Wayne,MI,"STEPHENS, CYNTHIA",Democrat,1,,,,Endorsed for CNTY COMM District 11 (Democrat) [V6: generic note - no extracted text],0.85,,,,,pdf,,121300_19801104,
MI,Detroit Free Press,121300,1980,CNTY COMM,13,Wayne,MI,"STEWART, DARNEAU",Democrat,1,,,,Endorsed for CNTY COMM District 13 (Democrat) [V6: generic note - no extracted text],0.85,,,,,pdf,,121300_19801104,
MI,Detroit Free Press,121300,1980,CNTY COMM,,Wayne,MI,"MCFADDEN, CECIL",Democrat,1,,,,Endorsed for CNTY COMM (Democrat) [V6: generic note - no extracted text],0.85,,,,,pdf,,121300_19801104,
MI,Detroit Free Press,121300,1980,CNTY COMM,16,Wayne,MI,"ORZECH, GEORGE",Democrat,1,,,,Endorsed for CNTY COMM District 16 (Democrat) [V6: generic note - no extracted text],0.85,,,,,pdf,,121300_19801104,
MI,Detroit Free Press,121300,1980,TRUSTEE,1,Oakland Charter Commission,MI,"GATTORN, BARBARA",Republican,1,,,,[V4: recoded MAYOR→TRUSTEE - Oakland Charter Commission member],0.85,OCR section header 'Charter Commission',,,,pdf,,121300_19801104,
MI,Detroit Free Press,121300,1980,TRUSTEE,5,Oakland Charter Commission,MI,"EDGECOMB, DIANE",Republican,1,,,,[V4: recoded MAYOR→TRUSTEE - Oakland Charter Commission member],0.85,,,,,pdf,,121300_19801104,
MI,Detroit Free Press,121300,1980,TRUSTEE,22,Oakland Charter Commission,MI,"HAND, JOHN",Republican,1,,,,[V4: recoded MAYOR→TRUSTEE - Oakland Charter Commission member],0.85,,,,,pdf,,121300_19801104,
MI,Detroit Free Press,121300,1980,TRUSTEE,24,Oakland Charter Commission,MI,"HINK, WALTER",Democrat,1,,,,[V4: recoded MAYOR→TRUSTEE - Oakland Charter Commission member],0.85,,,,,pdf,,121300_19801104,
MI,Detroit Free Press,121300,1982,GOVERNOR,,Michigan Governor,MI,"BLANCHARD, JAMES J.",Democrat,1,,,,Endorsed for GOVERNOR (Democrat) [V6: generic note - no extracted text],0.9,,,,,pdf,,121300_19821102,
MI,Detroit Free Press,121300,1982,SENATOR,,United States Senate from Michigan,MI,"RUPPE, PHILIP E.",Republican,1,,,,Endorsed for LT GOVERNOR (Republican) [V6: generic note - no extracted text] [V7: LT GOV severely under-extracted in DFP - only 1 record across 1970-2022; MI lt gov candidates run on tickets with gov] | V9c: recode LT GOV->US SENATE (Ruppe) per image,0.85,OCR may be partial,,,,pdf,,121300_19821102,
MI,Detroit Free Press,121300,1982,ATTORNEY GENERAL,,Michigan Attorney General,MI,"KELLEY, FRANK J.",Democrat,1,,,,Endorsed for ATTORNEY GENERAL (Democrat) [V6: generic note - no extracted text],0.9,,,,,pdf,,121300_19821102,
MI,Detroit Free Press,121300,1982,SEC OF STATE,,Michigan Secretary of State,MI,"AUSTIN, RICHARD H.",Democrat,1,,,,Endorsed for SEC OF STATE (Democrat) [V6: generic note - no extracted text],0.9,,,,,pdf,,121300_19821102,
MI,Detroit Free Press,121300,1982,H,2,U.S. House Michigan District 2,MI,"PURSELL, CARL D.",Republican,1,,,,Endorsed for H District 2 (Republican) [V6: generic note - no extracted text],0.9,,,,,pdf,,121300_19821102,
MI,Detroit Free Press,121300,1982,H,3,U.S. House Michigan District 3,MI,"WOLPE, HOWARD",Democrat,1,1,,,Endorsed for H District 3 (Democrat) [V6: generic note - no extracted text],0.9,,,,,pdf,,121300_19821102,
MI,Detroit Free Press,121300,1982,H,5,U.S. House Michigan District 5,MI,"MONSMA, STEPHEN",Democrat,1,,,,Endorsed for H District 5 (Democrat) [V6: generic note - no extracted text],0.85,OCR may be partial,,,,pdf,,121300_19821102,
MI,Detroit Free Press,121300,1982,H,6,U.S. House Michigan District 6,MI,"CARR, ROBERT",Democrat,1,,,,Endorsed for H District 6 (Democrat) [V6: generic note - no extracted text],0.9,,,,,pdf,,121300_19821102,
MI,Detroit Free Press,121300,1982,H,7,U.S. House Michigan District 7,MI,"KILDEE, DALE E.",Democrat,1,1,,,Endorsed for H District 7 (Democrat) [V6: generic note - no extracted text],0.9,,,,,pdf,,121300_19821102,
MI,Detroit Free Press,121300,1982,H,9,U.S. House Michigan District 9,MI,"VANDER JAGT, GUY",Republican,1,,1,,Endorsed for H District 9 (Republican) [V6: generic note - no extracted text],0.9,,,,,pdf,,121300_19821102,
MI,Detroit Free Press,121300,1982,H,10,U.S. House Michigan District 10,MI,"ALBOSTA, DONALD",Democrat,1,,,,Endorsed for H District 10 (Democrat) [V6: generic note - no extracted text],0.9,,,,,pdf,,121300_19821102,
MI,Detroit Free Press,121300,1982,H,11,U.S. House Michigan District 11,MI,"DAVIS, BOB",Republican,1,,,,Endorsed for H District 11 (Republican) [V6: generic note - no extracted text],0.9,,,,,pdf,,121300_19821102,
MI,Detroit Free Press,121300,1982,H,12,U.S. House Michigan District 12,MI,"BONIOR, DAVID E.",Democrat,1,1,,,Endorsed for H District 12 (Democrat) [V6: generic note - no extracted text],0.9,,,,,pdf,,121300_19821102,
MI,Detroit Free Press,121300,1982,H,13,U.S. House Michigan District 13,MI,"CROCKETT, GEORGE W. JR.",Democrat,1,1,,,Endorsed for H District 13 (Democrat) [V6: generic note - no extracted text],0.9,,,,,pdf,,121300_19821102,
MI,Detroit Free Press,121300,1982,H,15,U.S. House Michigan District 15,MI,"FORD, WILLIAM D.",Democrat,1,1,,,Endorsed for H District 15 (Democrat) [V6: generic note - no extracted text],0.9,,,,,pdf,,121300_19821102,
MI,Detroit Free Press,121300,1982,H,16,U.S. House Michigan District 16,MI,"DINGELL, JOHN D.",Democrat,1,1,,,Endorsed for H District 16 (Democrat) [V6: generic note - no extracted text],0.9,,,,,pdf,,121300_19821102,
MI,Detroit Free Press,121300,1982,H,17,U.S. House Michigan District 17,MI,"LEVIN, SANDER M.",Democrat,1,,,,Endorsed for H District 17 (Democrat) [V6: generic note - no extracted text],0.9,,,,,pdf,,121300_19821102,
MI,Detroit Free Press,121300,1982,H,18,U.S. House Michigan District 18,MI,"BROOMFIELD, WILLIAM S.",Republican,1,,1,,Endorsed for H District 18 (Republican) [V6: generic note - no extracted text],0.9,,,,,pdf,,121300_19821102,
MI,Detroit Free Press,121300,1982,STATE SENATOR,1,Michigan Senate District 1,MI,"KELLY, JOHN F.",Democrat,1,1,,,Endorsed for STATE SENATOR District 1 (Democrat) [V6: generic note - no extracted text],0.9,,,,,pdf,,121300_19821102,
MI,Detroit Free Press,121300,1982,STATE SENATOR,3,Michigan Senate District 3,MI,"VAUGHN, JACKIE III",Democrat,1,,,,Endorsed for STATE SENATOR District 3 (Democrat) [V6: generic note - no extracted text],0.9,,,,,pdf,,121300_19821102,
MI,Detroit Free Press,121300,1982,STATE SENATOR,6,Michigan Senate District 6,MI,"GEAKE, ROBERT",Republican,1,,,,Endorsed for STATE SENATOR District 6 (Republican) [V6: generic note - no extracted text],0.85,OCR garbled,,,,pdf,,121300_19821102,
MI,Detroit Free Press,121300,1982,STATE SENATOR,8,Michigan Senate District 8,MI,"DESANA, JAMES",Democrat,1,,,,Endorsed for STATE SENATOR District 8 (Democrat) [V6: generic note - no extracted text],0.9,,,,,pdf,,121300_19821102,
MI,Detroit Free Press,121300,1982,STATE SENATOR,,Michigan Senate,MI,"MASTIN, PHILIP",Democrat,1,,,,Endorsed for STATE SENATOR (Democrat) [V6: generic note - no extracted text],0.85,,,,,pdf,,121300_19821102,
MI,Detroit Free Press,121300,1982,STATE SENATOR,9,Michigan Senate District 9,MI,"SEROTKIN, DAVID",Democrat,1,,,,Endorsed for STATE SENATOR District 9 (Democrat) [V6: generic note - no extracted text],0.9,,,,,pdf,,121300_19821102,
MI,Detroit Free Press,121300,1982,STATE SENATOR,10,Michigan Senate District 10,MI,"MCCOLLOUGH, PATRICK H.",Democrat,1,,,,Endorsed for STATE SENATOR District 10 (Democrat) [V6: generic note - no extracted text],0.9,,,,,pdf,,121300_19821102,
MI,Detroit Free Press,121300,1982,STATE SENATOR,28,Michigan Senate District 28,MI,"DEGROW, DAN L.",Republican,1,,,,Endorsed for STATE SENATOR District 28 (Republican) [V6: generic note - no extracted text],0.9,,,,,pdf,,121300_19821102,
MI,Detroit Free Press,121300,1982,STATE REP,2,Michigan House District 2,MI,"LELAND, BURTON",Democrat,1,,,,[V3: dist=2 inferred from same-era cross-year match],0.90,,,,,pdf,,121300_19821102,
MI,Detroit Free Press,121300,1982,STATE REP,3,Michigan House District 3,MI,"MCNEELY, MATTHEW",Democrat,1,,,,[V6: dist filled from same candidate other years] | V9c: dist 18->3,0.85,,,,,pdf,,121300_19821102,
MI,Detroit Free Press,121300,1982,STATE REP,,Michigan House of Representatives,MI,"SAUNDERS, NELSON W.",Democrat,1,,,,Endorsed for STATE REP (Democrat) [V6: generic note - no extracted text],0.85,,,,,pdf,,121300_19821102,
MI,Detroit Free Press,121300,1982,STATE REP,12,Michigan House District 12,MI,"HERTEL, CURTIS",Democrat,1,,,,[V3: dist=12 inferred from same-era cross-year match],0.90,,,,,pdf,,121300_19821102,
MI,Detroit Free Press,121300,1982,STATE REP,14,Michigan House District 14,MI,"YOUNG, JOE SR.",Democrat,1,,,,[V6: dist filled from same candidate other years] | V9c: dist 3->14,0.85,,,,,pdf,,121300_19821102,
MI,Detroit Free Press,121300,1982,STATE REP,32,Michigan House District 32,MI,"YOUNG, RICHARD A.",Democrat,1,,,,[V3: dist=32 inferred from same-era cross-year match],0.90,,,,,pdf,,121300_19821102,
MI,Detroit Free Press,121300,1982,STATE REP,33,Michigan House District 33,MI,"KEITH, WILLIAM R.",Democrat,1,,,,[V3: dist=33 inferred from same-era cross-year match],0.90,,,,,pdf,,121300_19821102,
MI,Detroit Free Press,121300,1982,REGENT,,University of Michigan Board of Regents,MI,"ROACH, THOMAS A.",Democrat,1,,,,Endorsed for STATE REP (Democrat) [V6: generic note - no extracted text] | V9c: recode House->U-M Regent per image,0.85,,,,,pdf,,121300_19821102,
MI,Detroit Free Press,121300,1982,STATE REP,27,Michigan House District 27,MI,"ROWE, ROBERT",Republican,1,,,,Endorsed for STATE REP District 27 (Republican) [V6: generic note - no extracted text],0.9,,,,,pdf,,121300_19821102,
MI,Detroit Free Press,121300,1982,STATE REP,30,Michigan House District 30,MI,"PADDEN, JEFFREY D.",Democrat,1,,,,Endorsed for STATE REP District 30 (Democrat) [V6: generic note - no extracted text],0.9,,,,,pdf,,121300_19821102,
MI,Detroit Free Press,121300,1982,STATE REP,21,Michigan House District 21,MI,"SULLIVAN, RICHARD F.",Democrat,1,,,,Endorsed for STATE REP District 21 (Democrat) [V6: generic note - no extracted text],0.9,,,,,pdf,,121300_19821102,
MI,Detroit Free Press,121300,1982,STATE REP,,Michigan House of Representatives,MI,"RUNCO, WILLIAM J.",Republican,1,,,,Endorsed for STATE REP (Republican) [V6: generic note - no extracted text],0.85,,,,,pdf,,121300_19821102,
MI,Detroit Free Press,121300,1982,STATE REP,72,Michigan House District 72,MI,"EVANS, DAVID H.",Democrat,1,,,,[V6: dist filled from same candidate other years] | V9c: dist 75->72,0.85,,,,,pdf,,121300_19821102,
MI,Detroit Free Press,121300,1982,STATE REP,75,Michigan House District 75,MI,"DEBEAUSSAERT, KENNETH J.",Democrat,1,,,,[V3: dist=75 inferred from same-era cross-year match],0.90,,,,,pdf,,121300_19821102,
MI,Detroit Free Press,121300,1982,STATE REP,20,Michigan House District 20,MI,"NICHOLS, RUDY J.",Republican,1,,,,Endorsed for STATE REP District 60 (Republican) [V6: generic note - no extracted text] | V9c: dist 60->20,0.9,,,,,pdf,,121300_19821102,
MI,Detroit Free Press,121300,1982,STATE REP,24,Michigan House District 24,MI,"MONTGOMERY, GEORGE F.",Democrat,1,,,,Endorsed for STATE REP District 24 (Democrat) [V6: generic note - no extracted text],0.9,,,,,pdf,,121300_19821102,
MI,Detroit Free Press,121300,1982,STATE REP,60,Michigan House District 60,MI,"BULLARD, WILLIS C. JR.",Republican,1,,,,Endorsed for STATE REP District 60 (Republican) [V6: generic note - no extracted text],0.85,District unclear,,,,pdf,,121300_19821102,
MI,Detroit Free Press,121300,1982,STATE REP,61,Michigan House District 61,MI,"TRIM, CLAUDE A.",Democrat,1,,,,Endorsed for STATE REP District 61 (Democrat) [V6: generic note - no extracted text],0.9,,,,,pdf,,121300_19821102,
MI,Detroit Free Press,121300,1982,STATE REP,62,Michigan House District 62,MI,"HARRISON, CHARLIE J. JR.",Democrat,1,,,,Endorsed for STATE REP District 62 (Democrat) [V6: generic note - no extracted text],0.9,,,,,pdf,,121300_19821102,
MI,Detroit Free Press,121300,1982,STATE REP,65,Michigan House District 65,MI,"MCNAMEE, RUTH B.",Republican,1,,,,[V6: dist filled from same candidate other years] | V9c: dist 63->65,0.85,,,,,pdf,,121300_19821102,
MI,Detroit Free Press,121300,1982,STATE REP,66,Michigan House District 66,MI,"WEBB, WILFRED D.",Democrat,1,,,,Endorsed for STATE REP District 66 (Democrat) [V6: generic note - no extracted text],0.9,,,,,pdf,,121300_19821102,
MI,Detroit Free Press,121300,1982,STATE REP,67,Michigan House District 67,MI,"FORBES, JOE",Democrat,1,,,,Endorsed for STATE REP District 67 (Democrat) [V6: generic note - no extracted text],0.9,,,,,pdf,,121300_19821102,
MI,Detroit Free Press,121300,1982,STATE REP,68,Michigan House District 68,MI,"VANEK, GARY",Democrat,1,,,,[V6: dist filled from same candidate other years] | V9c: dist 66->68,0.85,,,,,pdf,,121300_19821102,
MI,Detroit Free Press,121300,1982,STATE REP,,Michigan House of Representatives,MI,"BROTHERTON, WILBUR V.",Republican,1,,,,Endorsed for STATE REP (Republican) [V6: generic note - no extracted text],0.85,,,,,pdf,,121300_19821102,
MI,Detroit Free Press,121300,1982,STATE SENATOR,12,Michigan Senate District 12,MI,"FAUST, WILLIAM",Democrat,1,,,,Endorsed for STATE REP (Democrat) [V6: generic note - no extracted text] | V9c: recode House->Senate d12,0.85,,,,,pdf,,121300_19821102,
MI,Detroit Free Press,121300,1982,STATE SENATOR,15,Michigan Senate District 15,MI,"FAXON, JACK",Democrat,1,,,,[V3: dist=15 inferred from same-era cross-year match] | V9c: recode House->Senate d15,0.90,,,,,pdf,,121300_19821102,
MI,Detroit Free Press,121300,1982,STATE SENATOR,16,Michigan Senate District 16,MI,"SUAREZ, GEORGE",Democrat,1,,,,Endorsed for STATE REP (Democrat) [V6: generic note - no extracted text] | V9c: recode House->Senate d16,0.85,,,,,pdf,,121300_19821102,
MI,Detroit Free Press,121300,1982,STATE REP,39,Michigan House District 39,MI,"BARTNIK, JERRY",Democrat,1,,,,Endorsed for STATE REP District 39 (Democrat) [V6: generic note - no extracted text],0.9,,,,,pdf,,121300_19821102,
MI,Detroit Free Press,121300,1982,STATE REP,53,Michigan House District 53,MI,"BULLARD, PERRY",Democrat,1,1,,,Endorsed for STATE REP District 53 (Democrat) [V6: generic note - no extracted text],0.9,,,,,pdf,,121300_19821102,
MI,Detroit Free Press,121300,1982,STATE REP,57,Michigan House District 57,MI,"HOLLISTER, DAVID C.",Democrat,1,,,,Endorsed for STATE REP District 57 (Democrat) [V6: generic note - no extracted text],0.9,,,,,pdf,,121300_19821102,
MI,Detroit Free Press,121300,1982,STATE REP,58,Michigan House District 58,MI,"STABENOW, DEBBIE",Democrat,1,,,,Endorsed for STATE REP District 58 (Democrat) [V6: generic note - no extracted text],0.9,,,,,pdf,,121300_19821102,
MI,Detroit Free Press,121300,1982,STATE REP,59,Michigan House District 59,MI,"JONDAHL, H. LYNN",Democrat,1,1,,,Endorsed for STATE REP District 59 (Democrat) [V6: generic note - no extracted text],0.9,,,,,pdf,,121300_19821102,
MI,Detroit Free Press,121300,1982,STATE REP,78,Michigan House District 78,MI,"MUXLOW, KEITH",Republican,1,,,,Endorsed for STATE REP District 78 (Republican) [V6: generic note - no extracted text],0.9,,,,,pdf,,121300_19821102,
MI,Detroit Free Press,121300,1982,SUPREME COURT,,Michigan Supreme Court,MI,"MOODY, BLAIR JR.",Nonpartisan,1,,,,Endorsed for SUPREME COURT [V6: generic note - no extracted text],0.9,,,,,pdf,,121300_19821102,
MI,Detroit Free Press,121300,1982,SUPREME COURT,,Michigan Supreme Court,MI,"RILEY, DOROTHY COMSTOCK",Nonpartisan,1,,,1,Endorsed for SUPREME COURT [V6: generic note - no extracted text],0.9,,,,,pdf,,121300_19821102,
MI,Detroit Free Press,121300,1982,COURT OF APPEALS,1,Michigan Court of Appeals,MI,"GRIBBS, ROMAN S.",Nonpartisan,1,,,,Endorsed for COURT OF APPEALS District 1 [V6: generic note - no extracted text],0.9,,,,,pdf,,121300_19821102,
MI,Detroit Free Press,121300,1982,JUDGE,,Wayne Circuit,MI,"COLOMBO, ROBERT J. JR.",Nonpartisan,1,,,,Endorsed for JUDGE [V6: generic note - no extracted text],0.9,,,,,pdf,,121300_19821102,
MI,Detroit Free Press,121300,1982,JUDGE,,Wayne Circuit,MI,"WHITE, HELENE NITA",Nonpartisan,1,,,,Endorsed for JUDGE [V6: generic note - no extracted text],0.9,,,,,pdf,,121300_19821102,
MI,Detroit Free Press,121300,1982,JUDGE,,Detroit Recorder's,MI,"ZIOLKOWSKI, ROBERT L.",Nonpartisan,1,,,,Endorsed for JUDGE [V6: generic note - no extracted text],0.9,,,,,pdf,,121300_19821102,
MI,Detroit Free Press,121300,1982,JUDGE,,36th District Court,MI,"HOOD, DENISE PAGE",Nonpartisan,1,,,,Endorsed for JUDGE [V6: generic note - no extracted text],0.9,,,,,pdf,,121300_19821102,
MI,Detroit Free Press,121300,1982,JUDGE,,36th District Court,MI,"SVENSON, VESTA E.",Nonpartisan,1,,,,Endorsed for JUDGE [V6: generic note - no extracted text],0.9,,,,,pdf,,121300_19821102,
MI,Detroit Free Press,121300,1982,JUDGE,,36th District Court,MI,"FINCH, SHARON TEVIS",Nonpartisan,1,,,,Endorsed for JUDGE [V6: generic note - no extracted text],0.9,,,,,pdf,,121300_19821102,
MI,Detroit Free Press,121300,1982,JUDGE,,Macomb Probate,MI,"MARSH, JERROLD V.",Nonpartisan,1,,,,Endorsed for JUDGE [V6: generic note - no extracted text] | V9c: name Feral->Jerrold (36th District Court) per image,0.9,,,,,pdf,,121300_19821102,
MI,Detroit Free Press,121300,1982,JUDGE,,Oakland Circuit,MI,"MESTER, FRED M.",Nonpartisan,1,,,,Endorsed for JUDGE [V6: generic note - no extracted text],0.9,,,,,pdf,,121300_19821102,
MI,Detroit Free Press,121300,1982,CNTY EXEC,,Wayne County Executive,MI,"LUCAS, WILLIAM",Democrat,1,,,,Endorsed for MAYOR (Democrat) [V6: generic note - no extracted text] | V9c fix: was miscoded MAYOR; dname already = County Executive (image-confirmed),0.9,,,,,pdf,,121300_19821102,
MI,Detroit Free Press,121300,1982,CNTY COMM,1,Wayne,MI,"GATTORN, BARBARA B.",Republican,1,,,,Endorsed for CNTY COMM District 1 (Republican) [V6: generic note - no extracted text],0.85,,,,,pdf,,121300_19821102,
MI,Detroit Free Press,121300,1982,CNTY COMM,,Wayne,MI,"DUMAS, MARY F.",Democrat,1,,,,Endorsed for CNTY COMM (Democrat) [V6: generic note - no extracted text],0.85,,,,,pdf,,121300_19821102,
MI,Detroit Free Press,121300,1982,CNTY COMM,11,Wayne,MI,"MACK, MILTON",Democrat,1,,,,Endorsed for CNTY COMM District 11 (Democrat) [V6: generic note - no extracted text],0.9,,,,,pdf,,121300_19821102,
MI,Detroit Free Press,121300,1982,CNTY COMM,13,Wayne,MI,"STEWART, JOHN",Republican,1,,,,Endorsed for CNTY COMM District 13 (Republican) [V6: generic note - no extracted text],0.9,,,,,pdf,,121300_19821102,
MI,Detroit Free Press,121300,1982,CNTY COMM,15,Wayne,MI,"SEAY, PAMELLA A.",Republican,1,,,,Endorsed for CNTY COMM District 15 (Republican) [V6: generic note - no extracted text],0.9,,,,,pdf,,121300_19821102,
MI,Detroit Free Press,121300,1982,CNTY COMM,6,Wayne,MI,"TURNER, SAMUEL A.",Democrat,1,,,,Endorsed for CNTY COMM District 6 (Democrat) [V6: generic note - no extracted text],0.9,,,,,pdf,,121300_19821102,
MI,Detroit Free Press,121300,1982,CNTY COMM,,Wayne,MI,"YOUNG, CLARENCE R.",Democrat,1,,,,Endorsed for CNTY COMM (Democrat) [V6: generic note - no extracted text],0.85,,,,,pdf,,121300_19821102,
MI,Detroit Free Press,121300,1982,REGENT,,University of Michigan Board of Regents,MI,"POWER, SARAH GODDARD",Democrat,1,1,,,Endorsed for REGENT (Democrat) [V6: generic note - no extracted text],0.9,,,,,pdf,,121300_19821102,
MI,Detroit Free Press,121300,1982,TRUSTEE,,Wayne State University Board of Governors,MI,"EINHEUSER, MICHAEL",Democrat,1,,,,Endorsed for REGENT (Democrat) [V6: generic note - no extracted text] | V9c: recode Regent->WSU Governors per image,0.85,OCR shows U-M section,,,,pdf,,121300_19821102,
MI,Detroit Free Press,121300,1982,TRUSTEE,,Michigan State University Board of Trustees,MI,"JEFFREY, MILDRED",Democrat,1,1,,,WSU,0.9,,,,,pdf,,121300_19821102,
MI,Detroit Free Press,121300,1982,TRUSTEE,,Michigan State University Board of Trustees,MI,"CRIM, BOBBY D.",Democrat,1,,,,MSU,0.9,,,,,pdf,,121300_19821102,
MI,Detroit Free Press,121300,1982,TRUSTEE,,Michigan State University Board of Trustees,MI,"BRUFF, JOHN B.",Democrat,1,1,,,MSU,0.9,,,,,pdf,,121300_19821102,
MI,Detroit Free Press,121300,1982,TRUSTEE,3,WCCC,MI,"KOCH, EDWARD R.",Nonpartisan,1,,,,Endorsed for TRUSTEE District 3 [V6: generic note - no extracted text],0.9,,,,,pdf,,121300_19821102,
MI,Detroit Free Press,121300,1982,TRUSTEE,5,WCCC,MI,"HERBERT, WILLIAM G.",Nonpartisan,1,,,,Endorsed for TRUSTEE District 5 [V6: generic note - no extracted text],0.9,,,,,pdf,,121300_19821102,
MI,Detroit Free Press,121300,1982,SCHOOL BOARD,,Detroit at-large,MI,"RUTHERFORD, CLARA W.",Nonpartisan,1,,,1,Endorsed for SCHOOL BOARD [V6: generic note - no extracted text],0.9,,,,,pdf,,121300_19821102,
MI,Detroit Free Press,121300,1982,SCHOOL BOARD,,Detroit at-large,MI,"STALLWORTH, THOMAS III",Nonpartisan,1,,,,Endorsed for SCHOOL BOARD [V6: generic note - no extracted text],0.9,,,,,pdf,,121300_19821102,
MI,Detroit Free Press,121300,1982,SCHOOL BOARD,1,Detroit,MI,"BENNETT, GARY",Nonpartisan,1,,,,Endorsed for SCHOOL BOARD District 1 [V6: generic note - no extracted text],0.9,,,,,pdf,,121300_19821102,
MI,Detroit Free Press,121300,1982,SCHOOL BOARD,2,Detroit,MI,"MURRAY, IDA T.",Nonpartisan,1,,,,Endorsed for SCHOOL BOARD District 2 [V6: generic note - no extracted text],0.9,,,,,pdf,,121300_19821102,
MI,Detroit Free Press,121300,1982,STATE BOARD OF ED,,State Board of Education,MI,"MASON, BARBARA ROBERTS",Democrat,1,,,,Endorsed for SCHOOL BOARD (Democrat) [V6: generic note - no extracted text] | V9c: recode School Bd->State Bd of Ed per image,0.9,,,,,pdf,,121300_19821102,
MI,Detroit Free Press,121300,1982,SCHOOL BOARD,,Detroit,MI,"KENNEDY, CLEON B.",Nonpartisan,1,,,,Endorsed for SCHOOL BOARD [V6: generic note - no extracted text],0.85,,,,,pdf,,121300_19821102,
MI,Detroit Free Press,121300,1982,SCHOOL BOARD,6,Detroit,MI,"MURDOCK, HAROLD D.",Nonpartisan,1,,,,Endorsed for SCHOOL BOARD District 6 [V6: generic note - no extracted text],0.9,,,,,pdf,,121300_19821102,
MI,Detroit Free Press,121300,1984,SENATOR,,United States Senate from Michigan,MI,"LEVIN, CARL",Democrat,1,,,,Endorsed for SENATOR (Democrat) [V6: generic note - no extracted text],0.9,,,,,pdf,,121300_19841106_v2,
MI,Detroit Free Press,121300,1984,SUPREME COURT,,Michigan Supreme Court,MI,"BOYLE, PATRICIA",Nonpartisan,1,,,,Endorsed for SUPREME COURT [V6: generic note - no extracted text],0.9,,,,,pdf,,121300_19841106_v2,
MI,Detroit Free Press,121300,1984,SUPREME COURT,,Michigan Supreme Court,MI,"BRICKLEY, JAMES",Nonpartisan,1,,,,Endorsed for SUPREME COURT [V6: generic note - no extracted text],0.9,,,,,pdf,,121300_19841106_v2,
MI,Detroit Free Press,121300,1984,SUPREME COURT,,Michigan Supreme Court,MI,"RILEY, DOROTHY COMSTOCK",Nonpartisan,1,,,1,Endorsed for SUPREME COURT [V6: generic note - no extracted text],0.9,,,,,pdf,,121300_19841106_v2,
MI,Detroit Free Press,121300,1984,JUDGE,,Wayne Circuit,MI,"HATHAWAY, RICHARD P.",Nonpartisan,1,,,,Endorsed for JUDGE [V6: generic note - no extracted text],0.9,,,,,pdf,,121300_19841106_v2,
MI,Detroit Free Press,121300,1984,JUDGE,,Wayne Circuit,MI,"KERWIN, DAVID P.",Nonpartisan,1,,,,Endorsed for JUDGE [V6: generic note - no extracted text],0.9,,,,,pdf,,121300_19841106_v2,
MI,Detroit Free Press,121300,1984,SCHOOL BOARD,,Detroit at-large,MI,"BATES, ALONZO W.",Nonpartisan,1,,,,Endorsed for SCHOOL BOARD [V6: generic note - no extracted text],0.9,,,,,pdf,,121300_19841106_v2,
MI,Detroit Free Press,121300,1984,SCHOOL BOARD,,Detroit at-large,MI,"BLACKMON, MARY E.",Nonpartisan,1,,,,Endorsed for SCHOOL BOARD [V6: generic note - no extracted text],0.9,,,,,pdf,,121300_19841106_v2,
MI,Detroit Free Press,121300,1984,SCHOOL BOARD,,Detroit at-large,MI,"MORTON, THEODRICK",Nonpartisan,1,,,,Endorsed for SCHOOL BOARD [V6: generic note - no extracted text],0.9,,,,,pdf,,121300_19841106_v2,
MI,Detroit Free Press,121300,1984,SCHOOL BOARD,,Detroit at-large,MI,"STALLWORTH, THOMAS III",Nonpartisan,1,,,1,Endorsed for SCHOOL BOARD [V6: generic note - no extracted text],0.9,,,,,pdf,,121300_19841106_v2,
MI,Detroit Free Press,121300,1984,SCHOOL BOARD,6,Detroit,MI,"GACKI, JOAN M.",Nonpartisan,1,,,,Endorsed for SCHOOL BOARD District 6 [V6: generic note - no extracted text],0.9,,,,,pdf,,121300_19841106_v2,
MI,Detroit Free Press,121300,1984,STATE BOARD OF ED,,State Board of Education (MI),MI,"JACOBUS, CHERRY",Republican,1,,,,Endorsed for STATE BOARD OF ED (Republican) [V6: generic note - no extracted text],0.9,,,,,pdf,,121300_19841106_v2,
MI,Detroit Free Press,121300,1984,STATE BOARD OF ED,,State Board of Education (MI),MI,"WATANEN, JOHN JR.",Democrat,1,1,,,Endorsed for STATE BOARD OF ED (Democrat) [V6: generic note - no extracted text],0.9,,,,,pdf,,121300_19841106_v2,
MI,Detroit Free Press,121300,1984,JUDGE,,Oakland Circuit,MI,"ANDREWS, STEVEN N.",Nonpartisan,1,,,,Endorsed for JUDGE [V6: generic note - no extracted text],0.9,,,,,pdf,,121300_19841106_v2,
MI,Detroit Free Press,121300,1984,JUDGE,,Oakland Circuit,MI,"LA PLATA, GEORGE",Nonpartisan,1,,,,Endorsed for JUDGE [V6: generic note - no extracted text],0.9,,,,,pdf,,121300_19841106_v2,
MI,Detroit Free Press,121300,1984,JUDGE,,Oakland Circuit,MI,"MESTER, FRED M.",Nonpartisan,1,,,,Endorsed for JUDGE [V6: generic note - no extracted text],0.9,,,,,pdf,,121300_19841106_v2,
MI,Detroit Free Press,121300,1984,JUDGE,,Oakland Circuit,MI,"SCHNELZ, GENE",Nonpartisan,1,,,,Endorsed for JUDGE [V6: generic note - no extracted text],0.9,,,,,pdf,,121300_19841106_v2,
MI,Detroit Free Press,121300,1984,JUDGE,,35th District Court,MI,"GREENSTEIN, ROBERT",Nonpartisan,1,,,,Endorsed for JUDGE [V6: generic note - no extracted text],0.9,,,,,pdf,,121300_19841106_v2,
MI,Detroit Free Press,121300,1984,JUDGE,,36th District Court,MI,"BRADFIELD, DAVID M.",Nonpartisan,1,,,,Endorsed for JUDGE [V6: generic note - no extracted text],0.9,,,,,pdf,,121300_19841106_v2,
MI,Detroit Free Press,121300,1984,JUDGE,,36th District Court,MI,"LIPSCOMB, WILLIE JR.",Nonpartisan,1,,,,Endorsed for JUDGE [V6: generic note - no extracted text],0.9,,,,,pdf,,121300_19841106_v2,
MI,Detroit Free Press,121300,1984,JUDGE,,34th District Court,MI,"VALASCO, GLENN C.",Nonpartisan,1,,,,Endorsed for JUDGE [V6: generic note - no extracted text],0.85,OCR may be partial,,,,pdf,,121300_19841106_v2,
MI,Detroit Free Press,121300,1984,JUDGE,,Wayne County Probate,MI,"DRAKE, CHESTER W. JR.",Nonpartisan,1,,,,Endorsed for JUDGE [V6: generic note - no extracted text],0.9,,,,,pdf,,121300_19841106_v2,
MI,Detroit Free Press,121300,1984,REGENT,,University of Michigan Board of Regents,MI,"NEDERLANDER, ROBERT",Democrat,1,1,,,Endorsed for REGENT (Democrat) [V6: generic note - no extracted text],0.9,,,,,pdf,,121300_19841106_v2,
MI,Detroit Free Press,121300,1984,REGENT,,University of Michigan Board of Regents,MI,"SMITH, VERONICA",Republican,1,,,,Endorsed for REGENT (Republican) [V6: generic note - no extracted text],0.9,,,,,pdf,,121300_19841106_v2,
MI,Detroit Free Press,121300,1984,TRUSTEE,,Michigan State University Board of Trustees,MI,"PRIDGEON, DEAN",Republican,1,,,,MSU,0.9,,,,,pdf,,121300_19841106_v2,
MI,Detroit Free Press,121300,1984,TRUSTEE,,Michigan State University Board of Trustees,MI,"VINCENT, CHARLES",Democrat,1,,,,MSU,0.9,,,,,pdf,,121300_19841106_v2,
MI,Detroit Free Press,121300,1984,TRUSTEE,,Wayne State University Board of Governors,MI,"BASHARA, GEORGE JR.",Republican,1,,,,Endorsed for TRUSTEE (Republican) [V6: generic note - no extracted text],0.9,,,,,pdf,,121300_19841106_v2,
MI,Detroit Free Press,121300,1984,TRUSTEE,,Wayne State University Board of Governors,MI,"LEWIS, DENISE",Democrat,1,,,,Endorsed for TRUSTEE (Democrat) [V6: generic note - no extracted text],0.9,,,,,pdf,,121300_19841106_v2,
MI,Detroit Free Press,121300,1984,TRUSTEE,1,WCCC,MI,"MONGOVEN, DENNIS",Nonpartisan,1,,,,Endorsed for TRUSTEE District 1 [V6: generic note - no extracted text],0.85,,,,,pdf,,121300_19841106_v2,
MI,Detroit Free Press,121300,1984,TRUSTEE,,WCCC,MI,"MCDOUGAL, JANET",Nonpartisan,1,,,,Endorsed for TRUSTEE [V6: generic note - no extracted text],0.85,District unclear,,,,pdf,,121300_19841106_v2,
MI,Detroit Free Press,121300,1984,TRUSTEE,,WCCC,MI,"ROSS, NAOMI",Nonpartisan,1,,,,Endorsed for TRUSTEE [V6: generic note - no extracted text],0.85,,,,,pdf,,121300_19841106_v2,
MI,Detroit Free Press,121300,1984,TRUSTEE,,WCCC,MI,"GORDON, AARON Z. SR.",Nonpartisan,1,,,,Endorsed for TRUSTEE [V6: generic note - no extracted text],0.85,,,,,pdf,,121300_19841106_v2,
MI,Detroit Free Press,121300,1984,TRUSTEE,,WCCC,MI,"EVANS, WARREN",Nonpartisan,1,,,,Endorsed for TRUSTEE [V6: generic note - no extracted text],0.85,,,,,pdf,,121300_19841106_v2,
MI,Detroit Free Press,121300,1984,TRUSTEE,,WCCC,MI,"WARD, GEORGE",Nonpartisan,1,,,,Endorsed for TRUSTEE [V6: generic note - no extracted text],0.85,,,,,pdf,,121300_19841106_v2,
MI,Detroit Free Press,121300,1984,TRUSTEE,,WCCC,MI,"MAHAFFY, ESMERALDA MUNIZ",Nonpartisan,1,,,,Endorsed for TRUSTEE [V6: generic note - no extracted text],0.85,,,,,pdf,,121300_19841106_v2,
MI,Detroit Free Press,121300,1984,TRUSTEE,,WCCC,MI,"TERTZAG, KAYE",Nonpartisan,1,,,,Endorsed for TRUSTEE [V6: generic note - no extracted text],0.85,,,,,pdf,,121300_19841106_v2,
MI,Detroit Free Press,121300,1984,TRUSTEE,,WCCC,MI,"STOCKWELL, CHUCK",Nonpartisan,1,,,,Endorsed for TRUSTEE [V6: generic note - no extracted text],0.85,,,,,pdf,,121300_19841106_v2,
MI,Detroit Free Press,121300,1984,H,3,U.S. House Michigan District 3,MI,"WOLPE, HOWARD",Democrat,1,1,,,Endorsed for H District 3 (Democrat) [V6: generic note - no extracted text],0.9,,,,,pdf,,121300_19841106_v2,
MI,Detroit Free Press,121300,1984,H,4,U.S. House Michigan District 4,MI,"RODEBAUGH, CHARLES S.",Democrat,1,,,,Endorsed for H District 4 (Democrat) [V6: generic note - no extracted text],0.9,,,,,pdf,,121300_19841106_v2,
MI,Detroit Free Press,121300,1984,H,5,U.S. House Michigan District 5,MI,"HENRY, PAUL B.",Republican,1,,,,Endorsed for H District 5 (Republican) [V6: generic note - no extracted text],0.9,,,,,pdf,,121300_19841106_v2,
MI,Detroit Free Press,121300,1984,STATE REP,1,Michigan House District 1,MI,"BENNANE, MICHAEL J.",Democrat,1,,,,Endorsed for STATE SENATOR (Democrat) [V6: generic note - no extracted text] | V9 fix: recoded STATE SENATOR->STATE REP d1 per 1984 recap image (no MI senate election in presidential year),0.85,District unclear,,,,pdf,,121300_19841106_v2,
MI,Detroit Free Press,121300,1984,STATE REP,2,Michigan House District 2,MI,"LELAND, BURTON",Democrat,1,1,,,Endorsed for STATE SENATOR (Democrat) [V6: generic note - no extracted text] | V9 fix: recoded STATE SENATOR->STATE REP d2 per 1984 recap image (no MI senate election in presidential year),0.85,,,,,pdf,,121300_19841106_v2,
MI,Detroit Free Press,121300,1984,STATE REP,3,Michigan House District 3,MI,"MCNEELY, MATTHEW",Democrat,1,,,,Endorsed for STATE SENATOR (Democrat) [V6: generic note - no extracted text] | V9 fix: recoded STATE SENATOR->STATE REP d3 per 1984 recap image (no MI senate election in presidential year),0.85,,,,,pdf,,121300_19841106_v2,
MI,Detroit Free Press,121300,1984,STATE REP,4,Michigan House District 4,MI,"STALLWORTH, ALMA",Democrat,1,,,,Endorsed for STATE SENATOR (Democrat) [V6: generic note - no extracted text] | V9 fix: recoded STATE SENATOR->STATE REP d4 per 1984 recap image (no MI senate election in presidential year),0.85,,,,,pdf,,121300_19841106_v2,
MI,Detroit Free Press,121300,1984,STATE REP,7,Michigan House District 7,MI,"SAUNDERS, NELSON W.",Democrat,1,,,,Endorsed for STATE SENATOR (Democrat) [V6: generic note - no extracted text] | V9 fix: recoded STATE SENATOR->STATE REP d7 per 1984 recap image (no MI senate election in presidential year),0.85,,,,,pdf,,121300_19841106_v2,
MI,Detroit Free Press,121300,1984,STATE REP,8,Michigan House District 8,MI,"KILPATRICK, CAROLYN CHEEKS",Democrat,1,,,,Endorsed for STATE SENATOR (Democrat) [V6: generic note - no extracted text] | V9 fix: recoded STATE SENATOR->STATE REP d8 per 1984 recap image (no MI senate election in presidential year),0.85,,,,,pdf,,121300_19841106_v2,
MI,Detroit Free Press,121300,1984,STATE REP,10,Michigan House District 10,MI,"SMITH, VIRGIL JR.",Democrat,1,1,,,Endorsed for STATE SENATOR (Democrat) [V6: generic note - no extracted text] | V9 fix: recoded STATE SENATOR->STATE REP d10 per 1984 recap image (no MI senate election in presidential year),0.85,,,,,pdf,,121300_19841106_v2,
MI,Detroit Free Press,121300,1984,STATE REP,12,Michigan House District 12,MI,"HERTEL, CURTIS",Democrat,1,1,,,Endorsed for STATE SENATOR (Democrat) [V6: generic note - no extracted text] | V9 fix: recoded STATE SENATOR->STATE REP d12 per 1984 recap image (no MI senate election in presidential year),0.85,,,,,pdf,,121300_19841106_v2,
MI,Detroit Free Press,121300,1984,STATE REP,13,Michigan House District 13,MI,"BRYANT, WILLIAM",Republican,1,,1,,Endorsed for STATE SENATOR (Republican) [V6: generic note - no extracted text] | V9 fix: recoded STATE SENATOR->STATE REP d13 per 1984 recap image (no MI senate election in presidential year),0.85,,,,,pdf,,121300_19841106_v2,
MI,Detroit Free Press,121300,1984,STATE REP,14,Michigan House District 14,MI,"YOUNG, JOSEPH SR.",Democrat,1,,,,Endorsed for STATE SENATOR (Democrat) [V6: generic note - no extracted text] | V9 fix: recoded STATE SENATOR->STATE REP d14 per 1984 recap image (no MI senate election in presidential year),0.85,,,,,pdf,,121300_19841106_v2,
MI,Detroit Free Press,121300,1984,STATE REP,15,Michigan House District 15,MI,"YOUNG, JOSEPH JR.",Democrat,1,,,,Endorsed for STATE SENATOR (Democrat) [V6: generic note - no extracted text] | V9 fix: recoded STATE SENATOR->STATE REP d15 per 1984 recap image (no MI senate election in presidential year),0.85,,,,,pdf,,121300_19841106_v2,
MI,Detroit Free Press,121300,1984,STATE REP,16,Michigan House District 16,MI,"WATKINS, JUANITA",Democrat,1,,,,Endorsed for STATE SENATOR (Democrat) [V6: generic note - no extracted text] | V9 fix: recoded STATE SENATOR->STATE REP d16 per 1984 recap image (no MI senate election in presidential year),0.85,,,,,pdf,,121300_19841106_v2,
MI,Detroit Free Press,121300,1984,STATE REP,17,Michigan House District 17,MI,"MURPHY, RAYMOND",Democrat,1,,,,Endorsed for STATE SENATOR District 17 (Democrat) [V6: generic note - no extracted text] | V9 fix: recoded STATE SENATOR->STATE REP d17 per 1984 recap image (no MI senate election in presidential year),0.9,,,,,pdf,,121300_19841106_v2,
MI,Detroit Free Press,121300,1984,STATE REP,,Michigan House of Representatives,MI,"PORRECA, VINCENT ""JOE""",Democrat,1,,,,Endorsed for STATE REP (Democrat) [V6: generic note - no extracted text],0.85,District unclear,,,,pdf,,121300_19841106_v2,
MI,Detroit Free Press,121300,1984,STATE REP,28,Michigan House District 28,MI,"DEMARS, ROBERT",Democrat,1,,,,[V3: dist=28 inferred from same-era cross-year match],0.90,,,,,pdf,,121300_19841106_v2,
MI,Detroit Free Press,121300,1984,STATE REP,29,Michigan House District 29,MI,"SITZ, RICK",Democrat,1,,,,[V3: dist=29 inferred from same-era cross-year match],0.90,,,,,pdf,,121300_19841106_v2,
MI,Detroit Free Press,121300,1984,STATE REP,30,Michigan House District 30,MI,"PALAMARA, JOSEPH",Democrat,1,,,,[V3: dist=30 inferred from same-era cross-year match],0.90,,,,,pdf,,121300_19841106_v2,
MI,Detroit Free Press,121300,1984,STATE REP,,Michigan House of Representatives,MI,"RUNCO, WILLIAM J.",Republican,1,,1,,Endorsed for STATE REP (Republican) [V6: generic note - no extracted text],0.92,,,,,pdf,,121300_19841106_v2,
MI,Detroit Free Press,121300,1984,STATE REP,32,Michigan House District 32,MI,"YOUNG, RICHARD A.",Democrat,1,1,,,[V3: dist=32 inferred from same-era cross-year match],0.90,,,,,pdf,,121300_19841106_v2,
MI,Detroit Free Press,121300,1984,STATE REP,33,Michigan House District 33,MI,"KEITH, WILLIAM R.",Democrat,1,1,,,[V3: dist=33 inferred from same-era cross-year match],0.90,,,,,pdf,,121300_19841106_v2,
MI,Detroit Free Press,121300,1984,STATE REP,35,Michigan House District 35,MI,"BANKES, LYN",Republican,1,,,,[V3: dist=35 inferred from same-era cross-year match],0.90,,,,,pdf,,121300_19841106_v2,
MI,Detroit Free Press,121300,1984,STATE REP,36,Michigan House District 36,MI,"LAW, GERALD H.",Republican,1,,,,[V3: dist=36 inferred from same-era cross-year match],0.90,,,,,pdf,,121300_19841106_v2,
MI,Detroit Free Press,121300,1984,STATE REP,37,Michigan House District 37,MI,"KOSTEVA, JIM",Democrat,1,,,,Endorsed for STATE REP District 37 (Democrat) [V6: generic note - no extracted text],0.9,,,,,pdf,,121300_19841106_v2,
MI,Detroit Free Press,121300,1984,STATE REP,38,Michigan House District 38,MI,"BARNS, JUSTINE",Democrat,1,,,,Endorsed for STATE REP District 38 (Democrat) [V6: generic note - no extracted text],0.9,,,,,pdf,,121300_19841106_v2,
MI,Detroit Free Press,121300,1984,STATE REP,26,Michigan House District 26,MI,"PARROTT, MARY ELLEN",Democrat,1,,,,Endorsed for STATE REP District 26 (Democrat) [V6: generic note - no extracted text],0.9,,,,,pdf,,121300_19841106_v2,
MI,Detroit Free Press,121300,1984,STATE REP,70,Michigan House District 70,MI,"EVANS, DAVID H.",Democrat,1,1,,,[V6: dist filled from same candidate other years] | V9c: dist 75->70 per 1984 recap image (gap-year pass),0.92,,,,,pdf,,121300_19841106_v2,
MI,Detroit Free Press,121300,1984,STATE REP,73,Michigan House District 73,MI,"CIARAMITARO, NICK",Democrat,1,,,,[V3: dist=73 inferred from same-era cross-year match],0.90,,,,,pdf,,121300_19841106_v2,
MI,Detroit Free Press,121300,1984,STATE REP,74,Michigan House of Representatives,MI,"MAYNARD, JOHN M.",Democrat,1,,,,[V6: dist filled from same candidate other years],0.85,,,,,pdf,,121300_19841106_v2,
MI,Detroit Free Press,121300,1984,STATE REP,75,Michigan House District 75,MI,"DEBEAUSSAERT, KENNETH J.",Democrat,1,1,,,Endorsed for STATE REP District 75 (Democrat) [V6: generic note - no extracted text],0.9,,,,,pdf,,121300_19841106_v2,
MI,Detroit Free Press,121300,1984,STATE REP,62,Michigan House District 62,MI,"HARRISON, CHARLIE J. JR.",Democrat,1,1,,,[V3: dist=62 inferred from same-era cross-year match],0.90,,,,,pdf,,121300_19841106_v2,
MI,Detroit Free Press,121300,1984,STATE REP,64,Michigan House District 64,MI,"BERMAN, MAXINE",Democrat,1,,,,[V3: dist=64 inferred from same-era cross-year match],0.90,,,,,pdf,,121300_19841106_v2,
MI,Detroit Free Press,121300,1984,STATE REP,65,Michigan House District 65,MI,"MILLER, JUDITH",Republican,1,,,,[V3: dist=65 inferred from same-era cross-year match],0.90,,,,,pdf,,121300_19841106_v2,
MI,Detroit Free Press,121300,1984,STATE REP,66,Michigan House District 66,MI,"WEBB, WILFRED D.",Democrat,1,1,,,[V3: dist=66 inferred from same-era cross-year match],0.90,,,,,pdf,,121300_19841106_v2,
MI,Detroit Free Press,121300,1984,STATE REP,,Michigan House of Representatives,MI,"GUBOW, DAVID M.",Democrat,1,,,,Endorsed for STATE REP (Democrat) [V6: generic note - no extracted text],0.85,,,,,pdf,,121300_19841106_v2,
MI,Detroit Free Press,121300,1984,STATE REP,68,Michigan House District 68,MI,"JOHNSON, SHIRLEY",Republican,1,,,,[V3: dist=68 inferred from same-era cross-year match],0.90,,,,,pdf,,121300_19841106_v2,
MI,Detroit Free Press,121300,1984,STATE REP,69,Michigan House District 69,MI,"BROTHERTON, WILBUR V.",Republican,1,,1,,Endorsed for STATE REP District 69 (Republican) [V6: generic note - no extracted text],0.9,,,,,pdf,,121300_19841106_v2,
MI,Detroit Free Press,121300,1984,STATE REP,19,Michigan House District 19,MI,"VAN SINGEL, DONALD",Republican,1,,,,[V3: dist=19 inferred from same-era cross-year match],0.90,,,,,pdf,,121300_19841106_v2,
MI,Detroit Free Press,121300,1984,STATE REP,,Michigan House of Representatives,MI,"OWEN, LYNN F.",Democrat,1,,,,Endorsed for STATE REP (Democrat) [V6: generic note - no extracted text],0.85,,,,,pdf,,121300_19841106_v2,
MI,Detroit Free Press,121300,1984,STATE REP,,Michigan House of Representatives,MI,"OWEN, GARY M.",Democrat,1,,,,Endorsed for STATE REP (Democrat) [V6: generic note - no extracted text],0.85,,,,,pdf,,121300_19841106_v2,
MI,Detroit Free Press,121300,1984,STATE REP,39,Michigan House District 39,MI,"BARTNIK, JERRY",Democrat,1,1,,,[V3: dist=39 inferred from same-era cross-year match],0.90,,,,,pdf,,121300_19841106_v2,
MI,Detroit Free Press,121300,1984,STATE REP,,Michigan House of Representatives,MI,"NICHOLS, NANCY",Democrat,1,,,,Endorsed for STATE REP (Democrat) [V6: generic note - no extracted text],0.85,,,,,pdf,,121300_19841106_v2,
MI,Detroit Free Press,121300,1984,STATE REP,,Michigan House of Representatives,MI,"BROWN, MARY C.",Democrat,1,,,,Endorsed for STATE REP (Democrat) [V6: generic note - no extracted text],0.85,,,,,pdf,,121300_19841106_v2,
MI,Detroit Free Press,121300,1984,STATE REP,,Michigan House of Representatives,MI,"WARTNER, PAUL",Republican,1,,,,Endorsed for STATE REP (Republican) [V6: generic note - no extracted text],0.85,,,,,pdf,,121300_19841106_v2,
MI,Detroit Free Press,121300,1984,STATE REP,53,Michigan House District 53,MI,"BULLARD, PERRY",Democrat,1,1,,,[V3: dist=53 inferred from same-era cross-year match],0.90,,,,,pdf,,121300_19841106_v2,
MI,Detroit Free Press,121300,1984,STATE REP,,Michigan House of Representatives,MI,"NASH, ERNEST",Republican,1,,,,Endorsed for STATE REP (Republican) [V6: generic note - no extracted text],0.85,,,,,pdf,,121300_19841106_v2,
MI,Detroit Free Press,121300,1984,STATE REP,57,Michigan House of Representatives,MI,"HOLLISTER, DAVID C.",Democrat,1,1,,,[V6: dist filled from same candidate other years],0.92,,,,,pdf,,121300_19841106_v2,
MI,Detroit Free Press,121300,1984,STATE REP,58,Michigan House District 58,MI,"STABENOW, DEBBIE",Democrat,1,1,,,[V3: dist=58 inferred from same-era cross-year match],0.90,,,,,pdf,,121300_19841106_v2,
MI,Detroit Free Press,121300,1984,STATE REP,59,Michigan House District 59,MI,"JONDAHL, H. LYNN",Democrat,1,1,,,[V3: dist=59 inferred from same-era cross-year match],0.90,,,,,pdf,,121300_19841106_v2,
MI,Detroit Free Press,121300,1984,STATE REP,76,Michigan House of Representatives,MI,"DOCHERTY, JAMES A.",Democrat,1,,,,[V6: dist filled from same candidate other years],0.85,,,,,pdf,,121300_19841106_v2,
MI,Detroit Free Press,121300,1984,STATE REP,77,Michigan House District 77,MI,"ALLEN, DICK",Republican,1,,,,[V3: dist=77 inferred from same-era cross-year match],0.90,,,,,pdf,,121300_19841106_v2,
MI,Detroit Free Press,121300,1984,STATE REP,81,Michigan House District 81,MI,"EMERSON, ROBERT L.",Democrat,1,,,,[V3: dist=81 inferred from same-era cross-year match],0.90,,,,,pdf,,121300_19841106_v2,
MI,Detroit Free Press,121300,1984,STATE REP,,Michigan House of Representatives,MI,"SCOTT, THOMAS E.",Democrat,1,,,,Endorsed for STATE REP (Democrat) [V6: generic note - no extracted text],0.85,,,,,pdf,,121300_19841106_v2,
MI,Detroit Free Press,121300,1984,STATE REP,83,Michigan House of Representatives,MI,"MUELLER, CHARLES L.",Republican,1,,,,[V6: dist filled from same candidate other years],0.85,,,,,pdf,,121300_19841106_v2,
MI,Detroit Free Press,121300,1984,STATE REP,84,Michigan House of Representatives,MI,"STRAND, JOHN G.",Republican,1,,,,[V6: dist filled from same candidate other years],0.85,,,,,pdf,,121300_19841106_v2,
MI,Detroit Free Press,121300,1984,STATE REP,85,Michigan House of Representatives,MI,"O'NEILL, JAMES JR.",Democrat,1,,,,[V6: dist filled from same candidate other years],0.85,,,,,pdf,,121300_19841106_v2,
MI,Detroit Free Press,121300,1984,STATE REP,92,Michigan House District 92,MI,"MATHIEU, THOMAS C.",Democrat,1,,,,[V6: dist filled from same candidate other years] | V9c: dist 76->92 per 1984 recap image (gap-year pass),0.85,,,,,pdf,,121300_19841106_v2,
MI,Detroit Free Press,121300,1984,STATE REP,,Michigan House of Representatives,MI,"EHLERS, VERNON",Republican,1,,,,Endorsed for STATE REP (Republican) [V6: generic note - no extracted text],0.85,,,,,pdf,,121300_19841106_v2,
MI,Detroit Free Press,121300,1984,STATE REP,103,Michigan House District 103,MI,"OSTLING, RALPH",Republican,1,,,,[V3: dist=103 inferred from same-era cross-year match],0.90,,,,,pdf,,121300_19841106_v2,
MI,Detroit Free Press,121300,1984,STATE REP,106,Michigan House District 106,MI,"HOFFMAN, CHUCK",Democrat,1,,,,Endorsed for STATE REP District 106 (Democrat) [V6: generic note - no extracted text],0.9,,,,,pdf,,121300_19841106_v2,
MI,Detroit Free Press,121300,1984,CNTY COMM,1,Wayne,MI,"HERTEL, JOHN",Democrat,1,,,,Endorsed for CNTY COMM District 1 (Democrat) [V6: generic note - no extracted text],0.9,,,,,pdf,,121300_19841106_v2,
MI,Detroit Free Press,121300,1984,CNTY COMM,10,Wayne,MI,"TOY, LAURA",Democrat,1,,,,Endorsed for CNTY COMM District 10 (Democrat) [V6: generic note - no extracted text],0.9,,,,,pdf,,121300_19841106_v2,
MI,Detroit Free Press,121300,1984,CNTY EXEC,,Oakland County Executive,MI,"MURPHY, DAN",Republican,1,,1,,Endorsed for MAYOR (Republican) [V6: generic note - no extracted text] | V9c fix: was miscoded MAYOR; dname already = County Executive (image-confirmed),0.9,,,,,pdf,,121300_19841106_v2,
MI,Detroit Free Press,121300,1986,SEC OF STATE,1,Michigan Secretary of State,MI,"AUSTIN, RICHARD H.",Democrat,1,,,,Endorsed for SEC OF STATE District 1 (Democrat) [V6: generic note - no extracted text],0.9,,,,,pdf,,121300_19861102,
MI,Detroit Free Press,121300,1986,GOVERNOR,,Michigan Governor,MI,"BLANCHARD, JAMES J.",Democrat,1,1,,,Endorsed for GOVERNOR (Democrat) [V6: generic note - no extracted text],0.9,,,,,pdf,,121300_19861102,
MI,Detroit Free Press,121300,1986,H,1,U.S. House Michigan District 1,MI,"CONYERS, JOHN JR.",Democrat,1,,,,Endorsed for H District 1 (Democrat) [V6: generic note - no extracted text],0.9,,,,,pdf,,121300_19861102,
MI,Detroit Free Press,121300,1986,H,2,U.S. House Michigan District 2,MI,"PURSELL, CARL D.",Republican,1,,,,Endorsed for H District 2 (Republican) [V6: generic note - no extracted text],0.9,,,,,pdf,,121300_19861102,
MI,Detroit Free Press,121300,1986,H,3,U.S. House Michigan District 3,MI,"WOLPE, HOWARD",Democrat,1,1,,,Endorsed for H District 3 (Democrat) [V6: generic note - no extracted text],0.9,,,,,pdf,,121300_19861102,
MI,Detroit Free Press,121300,1986,H,4,U.S. House Michigan District 4,MI,"UPTON, FRED",Republican,1,,,,Endorsed for H District 4 (Republican) [V6: generic note - no extracted text],0.9,,,,,pdf,,121300_19861102,
MI,Detroit Free Press,121300,1986,H,5,U.S. House Michigan District 5,MI,"HENRY, PAUL B.",Republican,1,,1,,Endorsed for H District 5 (Republican) [V6: generic note - no extracted text],0.9,,,,,pdf,,121300_19861102,
MI,Detroit Free Press,121300,1986,H,6,U.S. House Michigan District 6,MI,"CARR, BOB",Democrat,1,,,,Endorsed for H District 6 (Democrat) [V6: generic note - no extracted text],0.9,,,,,pdf,,121300_19861102,
MI,Detroit Free Press,121300,1986,H,7,U.S. House Michigan District 7,MI,"KILDEE, DALE E.",Democrat,1,,,,Endorsed for H District 7 (Democrat) [V6: generic note - no extracted text],0.9,,,,,pdf,,121300_19861102,
MI,Detroit Free Press,121300,1986,H,8,U.S. House Michigan District 8,MI,"TRAXLER, BOB",Democrat,1,,,,Endorsed for H District 8 (Democrat) [V6: generic note - no extracted text],0.9,,,,,pdf,,121300_19861102,
MI,Detroit Free Press,121300,1986,H,9,U.S. House Michigan District 9,MI,"VANDER JAGT, GUY",Republican,1,,,,Endorsed for H District 9 (Republican) [V6: generic note - no extracted text],0.9,,,,,pdf,,121300_19861102,
MI,Detroit Free Press,121300,1986,H,10,U.S. House Michigan District 10,MI,"SCHUETTE, BILL",Republican,1,,,,Endorsed for H District 10 (Republican) [V6: generic note - no extracted text],0.9,,,,,pdf,,121300_19861102,
MI,Detroit Free Press,121300,1986,H,11,U.S. House Michigan District 11,MI,"DAVIS, ROBERT W.",Republican,1,,,,Endorsed for H District 11 (Republican) [V6: generic note - no extracted text],0.9,,,,,pdf,,121300_19861102,
MI,Detroit Free Press,121300,1986,H,12,U.S. House Michigan District 12,MI,"BONIOR, DAVID E.",Democrat,1,,,,Endorsed for H District 12 (Democrat) [V6: generic note - no extracted text],0.9,,,,,pdf,,121300_19861102,
MI,Detroit Free Press,121300,1986,H,13,U.S. House Michigan District 13,MI,"CROCKETT, GEORGE W. JR.",Democrat,1,,,,Endorsed for H District 13 (Democrat) [V6: generic note - no extracted text],0.9,,,,,pdf,,121300_19861102,
MI,Detroit Free Press,121300,1986,H,14,U.S. House Michigan District 14,MI,"HERTEL, DENNIS M.",Democrat,1,,,,Endorsed for H District 14 (Democrat) [V6: generic note - no extracted text],0.9,,,,,pdf,,121300_19861102,
MI,Detroit Free Press,121300,1986,H,15,U.S. House Michigan District 15,MI,"FORD, WILLIAM D.",Democrat,1,,,,Endorsed for H District 15 (Democrat) [V6: generic note - no extracted text],0.9,,,,,pdf,,121300_19861102,
MI,Detroit Free Press,121300,1986,H,16,U.S. House Michigan District 16,MI,"DINGELL, JOHN D.",Democrat,1,,,,Endorsed for H District 16 (Democrat) [V6: generic note - no extracted text],0.9,,,,,pdf,,121300_19861102,
MI,Detroit Free Press,121300,1986,H,17,U.S. House Michigan District 17,MI,"LEVIN, SANDER M.",Democrat,1,,,,Endorsed for H District 17 (Democrat) [V6: generic note - no extracted text],0.9,,,,,pdf,,121300_19861102,
MI,Detroit Free Press,121300,1986,H,18,U.S. House Michigan District 18,MI,"BROOMFIELD, WILLIAM S.",Republican,1,,,,Endorsed for H District 18 (Republican) [V6: generic note - no extracted text],0.9,,,,,pdf,,121300_19861102,
MI,Detroit Free Press,121300,1986,STATE SENATOR,1,Michigan Senate District 1,MI,"KELLY, JOHN F.",Democrat,1,1,,,Endorsed for STATE SENATOR District 1 (Democrat) [V6: generic note - no extracted text],0.9,,,,,pdf,,121300_19861102,
MI,Detroit Free Press,121300,1986,STATE SENATOR,3,Michigan Senate District 3,MI,"VAUGHN, JACKIE III",Democrat,1,1,,,Endorsed for STATE SENATOR District 3 (Democrat) [V6: generic note - no extracted text],0.9,,,,,pdf,,121300_19861102,
MI,Detroit Free Press,121300,1986,STATE SENATOR,4,Michigan Senate District 4,MI,"HOLMES, DAVID S. JR.",Democrat,1,,,,Endorsed for STATE SENATOR District 4 (Democrat) [V6: generic note - no extracted text],0.9,,,,,pdf,,121300_19861102,
MI,Detroit Free Press,121300,1986,STATE SENATOR,5,Michigan Senate District 5,MI,"O'BRIEN, MICHAEL J.",Democrat,1,,,,Endorsed for STATE SENATOR District 5 (Democrat) [V6: generic note - no extracted text],0.9,,,,,pdf,,121300_19861102,
MI,Detroit Free Press,121300,1986,STATE SENATOR,6,Michigan Senate District 6,MI,"GEAKE, R. ROBERT",Republican,1,,,,Endorsed for STATE SENATOR District 6 (Republican) [V6: generic note - no extracted text],0.9,,,,,pdf,,121300_19861102,
MI,Detroit Free Press,121300,1986,STATE SENATOR,7,Michigan Senate District 7,MI,"DINGELL, CHRISTOPHER D.",Democrat,1,,,,Endorsed for STATE SENATOR District 7 (Democrat) [V6: generic note - no extracted text],0.9,,,,,pdf,,121300_19861102,
MI,Detroit Free Press,121300,1986,STATE SENATOR,8,Michigan Senate District 8,MI,"NICHOLS, RUDY J.",Republican,1,,,,Endorsed for STATE SENATOR District 8 (Republican) [V6: generic note - no extracted text],0.9,,,,,pdf,,121300_19861102,
MI,Detroit Free Press,121300,1986,STATE SENATOR,9,Michigan Senate District 9,MI,"AYRES, JIM",Democrat,1,,,,Endorsed for STATE SENATOR District 9 (Democrat) [V6: generic note - no extracted text],0.9,,,,,pdf,,121300_19861102,
MI,Detroit Free Press,121300,1986,STATE SENATOR,10,Michigan Senate District 10,MI,"RUNCO, WILLIAM J.",Republican,1,,,,Endorsed for STATE SENATOR District 10 (Republican) [V6: generic note - no extracted text],0.9,,,,,pdf,,121300_19861102,
MI,Detroit Free Press,121300,1986,STATE SENATOR,11,Michigan Senate District 11,MI,"MARGOLIS, BERNARD A.",Democrat,1,,,,Endorsed for STATE SENATOR District 11 (Democrat) [V6: generic note - no extracted text],0.9,,,,,pdf,,121300_19861102,
MI,Detroit Free Press,121300,1986,STATE SENATOR,12,Michigan Senate District 12,MI,"FAUST, WILLIAM",Democrat,1,,,,Endorsed for STATE SENATOR District 12 (Democrat) [V6: generic note - no extracted text],0.9,,,,,pdf,,121300_19861102,
MI,Detroit Free Press,121300,1986,STATE SENATOR,13,Michigan Senate District 13,MI,"DENENFELD, PAUL J.",Democrat,1,,,,Endorsed for STATE SENATOR District 13 (Democrat) [V6: generic note - no extracted text],0.9,,,,,pdf,,121300_19861102,
MI,Detroit Free Press,121300,1986,STATE SENATOR,14,Michigan Senate District 14,MI,"HART, JEROME",Democrat,1,,,,Endorsed for STATE SENATOR District 14 (Democrat) [V6: generic note - no extracted text],0.9,,,,,pdf,,121300_19861102,
MI,Detroit Free Press,121300,1986,STATE SENATOR,15,Michigan Senate District 15,MI,"FAXON, JACK",Democrat,1,,,,Endorsed for STATE SENATOR District 15 (Democrat) [V6: generic note - no extracted text],0.9,,,,,pdf,,121300_19861102,
MI,Detroit Free Press,121300,1986,STATE SENATOR,16,Michigan Senate District 16,MI,"CRUCE, C. DOUGLAS",Republican,1,,,,Endorsed for STATE SENATOR District 16 (Republican) [V6: generic note - no extracted text],0.9,,,,,pdf,,121300_19861102,
MI,Detroit Free Press,121300,1986,STATE SENATOR,17,Michigan Senate District 17,MI,"FESSLER, RICHARD D.",Republican,1,,,,Endorsed for STATE SENATOR District 17 (Republican) [V6: generic note - no extracted text],0.9,,,,,pdf,,121300_19861102,
MI,Detroit Free Press,121300,1986,STATE SENATOR,18,Michigan Senate District 18,MI,"POLLACK, LANA S.",Democrat,1,,,,Endorsed for STATE SENATOR District 18 (Democrat) [V6: generic note - no extracted text],0.9,,,,,pdf,,121300_19861102,
MI,Detroit Free Press,121300,1986,STATE SENATOR,19,Michigan Senate District 19,MI,"SMITH, NICK",Republican,1,,,,Endorsed for STATE SENATOR District 19 (Republican) [V6: generic note - no extracted text],0.9,,,,,pdf,,121300_19861102,
MI,Detroit Free Press,121300,1986,STATE SENATOR,20,Michigan Senate District 20,MI,"SCHWARZ, JOHN J.H.",Republican,1,,,,Endorsed for STATE SENATOR District 20 (Republican) [V6: generic note - no extracted text],0.9,,,,,pdf,,121300_19861102,
MI,Detroit Free Press,121300,1986,STATE SENATOR,22,Michigan Senate District 22,MI,"GAST, HARRY",Republican,1,,,,Endorsed for STATE SENATOR District 22 (Republican) [V6: generic note - no extracted text],0.9,,,,,pdf,,121300_19861102,
MI,Detroit Free Press,121300,1986,STATE SENATOR,23,Michigan Senate District 23,MI,"FREDRICKS, ED",Republican,1,,,,Endorsed for STATE SENATOR District 23 (Republican) [V6: generic note - no extracted text],0.9,,,,,pdf,,121300_19861102,
MI,Detroit Free Press,121300,1986,STATE SENATOR,24,Michigan Senate District 24,MI,"SEDERBURG, WILLIAM A.",Republican,1,,,,Endorsed for STATE SENATOR District 24 (Republican) [V6: generic note - no extracted text],0.9,,,,,pdf,,121300_19861102,
MI,Detroit Free Press,121300,1986,STATE SENATOR,25,Michigan Senate District 25,MI,"CONROY, JOE",Democrat,1,,,,Endorsed for STATE SENATOR District 25 (Democrat) [V6: generic note - no extracted text],0.9,,,,,pdf,,121300_19861102,
MI,Detroit Free Press,121300,1986,STATE SENATOR,,Michigan Senate,MI,"MILLER, ARTHUR J. JR.",Democrat,1,,,,Endorsed for STATE SENATOR (Democrat) [V6: generic note - no extracted text],0.85,District unclear,,,,pdf,,121300_19861102,
MI,Detroit Free Press,121300,1986,STATE SENATOR,,Michigan Senate,MI,"DEGROW, DAN L.",Republican,1,,1,,Endorsed for STATE SENATOR (Republican) [V6: generic note - no extracted text],0.85,,,,,pdf,,121300_19861102,
MI,Detroit Free Press,121300,1986,STATE SENATOR,,Michigan Senate,MI,"CHERRY, JOHN D. JR.",Democrat,1,,,,Endorsed for STATE SENATOR (Democrat) [V6: generic note - no extracted text],0.85,,,,,pdf,,121300_19861102,
MI,Detroit Free Press,121300,1986,STATE SENATOR,30,Michigan Senate District 30,MI,"MCAVOY, PATRICIA L.",Democrat,1,,,,Endorsed for STATE SENATOR District 30 (Democrat) [V6: generic note - no extracted text],0.9,,,,,pdf,,121300_19861102,
MI,Detroit Free Press,121300,1986,STATE SENATOR,31,Michigan Senate District 31,MI,"POSTHUMUS, DICK",Republican,1,,,,Endorsed for STATE SENATOR District 31 (Republican) [V6: generic note - no extracted text],0.9,,,,,pdf,,121300_19861102,
MI,Detroit Free Press,121300,1986,STATE SENATOR,32,Michigan Senate District 32,MI,"EHLERS, VERNON",Republican,1,,,,Endorsed for STATE SENATOR District 32 (Republican) [V6: generic note - no extracted text],0.9,,,,,pdf,,121300_19861102,
MI,Detroit Free Press,121300,1986,STATE SENATOR,33,Michigan Senate District 33,MI,"ARTHURHULTZ, PHIL",Republican,1,,,,Endorsed for STATE SENATOR District 33 (Republican) [V6: generic note - no extracted text],0.9,,,,,pdf,,121300_19861102,
MI,Detroit Free Press,121300,1986,STATE SENATOR,34,Michigan Senate District 34,MI,"GOUGEON, JIM",Republican,1,,,,Endorsed for STATE SENATOR District 34 (Republican) [V6: generic note - no extracted text],0.85,OCR partial,,,,pdf,,121300_19861102,
MI,Detroit Free Press,121300,1986,STATE SENATOR,35,Michigan Senate District 35,MI,"BINSFELD, CONNIE",Republican,1,,,,Endorsed for STATE SENATOR District 35 (Republican) [V6: generic note - no extracted text],0.9,,,,,pdf,,121300_19861102,
MI,Detroit Free Press,121300,1986,STATE SENATOR,37,Michigan Senate District 37,MI,"IRWIN, MITCH",Democrat,1,,,,Endorsed for STATE SENATOR District 37 (Democrat) [V6: generic note - no extracted text],0.9,,,,,pdf,,121300_19861102,
MI,Detroit Free Press,121300,1986,STATE REP,1,Michigan House District 1,MI,"BENNANE, MICHAEL J.",Democrat,1,,,,Endorsed for STATE REP District 1 (Democrat) [V6: generic note - no extracted text],0.9,,,,,pdf,,121300_19861102,
MI,Detroit Free Press,121300,1986,STATE REP,2,Michigan House District 2,MI,"LELAND, BURTON",Democrat,1,,,,Endorsed for STATE REP District 2 (Democrat) [V6: generic note - no extracted text],0.9,,,,,pdf,,121300_19861102,
MI,Detroit Free Press,121300,1986,STATE REP,3,Michigan House District 3,MI,"VARGA, IONA",Democrat,1,,,,Endorsed for STATE REP District 3 (Democrat) [V6: generic note - no extracted text],0.9,,,,,pdf,,121300_19861102,
MI,Detroit Free Press,121300,1986,STATE REP,4,Michigan House District 4,MI,"STALLWORTH, ALMA G.",Democrat,1,,,,Endorsed for STATE REP District 4 (Democrat) [V6: generic note - no extracted text],0.9,,,,,pdf,,121300_19861102,
MI,Detroit Free Press,121300,1986,STATE REP,5,Michigan House District 5,MI,"HUNTER, TEOLA P.",Democrat,1,,,,Endorsed for STATE REP District 5 (Democrat) [V6: generic note - no extracted text],0.9,,,,,pdf,,121300_19861102,
MI,Detroit Free Press,121300,1986,STATE REP,6,Michigan House District 6,MI,"HOOD, MORRIS JR.",Democrat,1,,,,Endorsed for STATE REP District 6 (Democrat) [V6: generic note - no extracted text],0.9,,,,,pdf,,121300_19861102,
MI,Detroit Free Press,121300,1986,STATE REP,7,Michigan House District 7,MI,"SAUNDERS, NELSON W.",Democrat,1,,,,Endorsed for STATE REP District 7 (Democrat) [V6: generic note - no extracted text],0.9,,,,,pdf,,121300_19861102,
MI,Detroit Free Press,121300,1986,STATE REP,8,Michigan House District 8,MI,"KILPATRICK, CAROLYN CHEEKS",Democrat,1,,,,Endorsed for STATE REP District 8 (Democrat) [V6: generic note - no extracted text],0.9,,,,,pdf,,121300_19861102,
MI,Detroit Free Press,121300,1986,STATE REP,9,Michigan House District 9,MI,"HAMMONS, KEVIN",Republican,1,,,,Endorsed for STATE REP District 9 (Republican) [V6: generic note - no extracted text],0.9,,,,,pdf,,121300_19861102,
MI,Detroit Free Press,121300,1986,STATE REP,10,Michigan House District 10,MI,"SMITH, VIRGIL",Democrat,1,,,,Endorsed for STATE REP District 10 (Democrat) [V6: generic note - no extracted text],0.9,,,,,pdf,,121300_19861102,
MI,Detroit Free Press,121300,1986,STATE REP,11,Michigan House District 11,MI,"STOPCZYNSKI, STANLEY",Democrat,1,,,,Endorsed for STATE REP District 11 (Democrat) [V6: generic note - no extracted text],0.9,,,,,pdf,,121300_19861102,
MI,Detroit Free Press,121300,1986,STATE REP,13,Michigan House District 13,MI,"BRYANT, WILLIAM R. JR.",Republican,1,,,,Endorsed for STATE REP District 13 (Republican) [V6: generic note - no extracted text],0.9,,,,,pdf,,121300_19861102,
MI,Detroit Free Press,121300,1986,STATE REP,15,Michigan House District 15,MI,"YOUNG, JOSEPH F. JR.",Democrat,1,,,,Endorsed for STATE REP District 15 (Democrat) [V6: generic note - no extracted text],0.9,,,,,pdf,,121300_19861102,
MI,Detroit Free Press,121300,1986,STATE REP,17,Michigan House District 17,MI,"MURPHY, RAYMOND M.",Democrat,1,,,,Endorsed for STATE REP District 17 (Democrat) [V6: generic note - no extracted text],0.9,,,,,pdf,,121300_19861102,
MI,Detroit Free Press,121300,1986,STATE REP,,Michigan House of Representatives,MI,"RAMSEY, ALVIN",Democrat,1,,,,Endorsed for STATE REP (Democrat) [V6: generic note - no extracted text],0.85,,,,,pdf,,121300_19861102,
MI,Detroit Free Press,121300,1986,STATE REP,26,Michigan House District 26,MI,"BROWNE, BILL",Democrat,1,,,,Endorsed for STATE REP District 26 (Democrat) [V6: generic note - no extracted text],0.9,,,,,pdf,,121300_19861102,
MI,Detroit Free Press,121300,1986,STATE REP,72,Michigan House District 72,MI,"GIRE, SHARON L.",Democrat,1,,,,Endorsed for STATE REP District 72 (Democrat) [V6: generic note - no extracted text],0.9,,,,,pdf,,121300_19861102,
MI,Detroit Free Press,121300,1986,STATE REP,73,Michigan House District 73,MI,"CIARAMITARO, NICK",Democrat,1,1,,,Endorsed for STATE REP District 73 (Democrat) [V6: generic note - no extracted text],0.9,,,,,pdf,,121300_19861102,
MI,Detroit Free Press,121300,1986,STATE REP,74,Michigan House District 74,MI,"MAYNARD, JOHN M.",Democrat,1,1,,,Endorsed for STATE REP District 74 (Democrat) [V6: generic note - no extracted text],0.9,,,,,pdf,,121300_19861102,
MI,Detroit Free Press,121300,1986,STATE REP,75,Michigan House District 75,MI,"DEBEAUSSAERT, KENNETH J.",Democrat,1,1,,,Endorsed for STATE REP District 75 (Democrat) [V6: generic note - no extracted text],0.9,,,,,pdf,,121300_19861102,
MI,Detroit Free Press,121300,1986,STATE REP,27,Michigan House District 27,MI,"PORRECA, VINCENT ""JOE""",Democrat,1,1,,,Endorsed for STATE REP District 27 (Democrat) [V6: generic note - no extracted text],0.9,,,,,pdf,,121300_19861102,
MI,Detroit Free Press,121300,1986,STATE REP,29,Michigan House District 29,MI,"SITZ, RICK",Democrat,1,1,,,Endorsed for STATE REP District 29 (Democrat) [V6: generic note - no extracted text],0.9,,,,,pdf,,121300_19861102,
MI,Detroit Free Press,121300,1986,STATE REP,30,Michigan House District 30,MI,"PALAMARA, JOSEPH",Democrat,1,1,,,Endorsed for STATE REP District 30 (Democrat) [V6: generic note - no extracted text],0.9,,,,,pdf,,121300_19861102,
MI,Detroit Free Press,121300,1986,STATE REP,31,Michigan House District 31,MI,"DOBRONSKI, AGNES",Democrat,1,,,,Endorsed for STATE REP District 31 (Democrat) [V6: generic note - no extracted text],0.9,,,,,pdf,,121300_19861102,
MI,Detroit Free Press,121300,1986,STATE REP,32,Michigan House District 32,MI,"YOUNG, RICHARD A.",Democrat,1,1,,,Endorsed for STATE REP District 32 (Democrat) [V6: generic note - no extracted text],0.9,,,,,pdf,,121300_19861102,
MI,Detroit Free Press,121300,1986,STATE REP,33,Michigan House District 33,MI,"KEITH, WILLIAM R.",Democrat,1,1,,,Endorsed for STATE REP District 33 (Democrat) [V6: generic note - no extracted text],0.9,,,,,pdf,,121300_19861102,
MI,Detroit Free Press,121300,1986,STATE REP,34,Michigan House District 34,MI,"BENNETT, JOHN",Democrat,1,,,,Endorsed for STATE REP District 34 (Democrat) [V6: generic note - no extracted text],0.9,,,,,pdf,,121300_19861102,
MI,Detroit Free Press,121300,1986,STATE REP,35,Michigan House District 35,MI,"BANKES, LYN",Republican,1,,1,,Endorsed for STATE REP District 35 (Republican) [V6: generic note - no extracted text],0.9,,,,,pdf,,121300_19861102,
MI,Detroit Free Press,121300,1986,STATE REP,36,Michigan House District 36,MI,"LAW, GERALD H.",Republican,1,,1,,Endorsed for STATE REP District 36 (Republican) [V6: generic note - no extracted text],0.9,,,,,pdf,,121300_19861102,
MI,Detroit Free Press,121300,1986,STATE REP,37,Michigan House District 37,MI,"KOSTEVA, JAMES A.",Democrat,1,,,,Endorsed for STATE REP District 37 (Democrat) [V6: generic note - no extracted text],0.9,,,,,pdf,,121300_19861102,
MI,Detroit Free Press,121300,1986,STATE REP,38,Michigan House District 38,MI,"BARNS, JUSTINE",Democrat,1,1,,,Endorsed for STATE REP District 38 (Democrat) [V6: generic note - no extracted text],0.9,,,,,pdf,,121300_19861102,
MI,Detroit Free Press,121300,1986,STATE REP,20,Michigan House District 20,MI,"MORRIS, DALE",Democrat,1,,,,Endorsed for STATE REP District 20 (Democrat) [V6: generic note - no extracted text],0.9,,,,,pdf,,121300_19861102,
MI,Detroit Free Press,121300,1986,STATE REP,24,Michigan House District 24,MI,"HONIGMAN, DAVID M.",Republican,1,,,,Endorsed for STATE REP District 24 (Republican) [V6: generic note - no extracted text],0.9,,,,,pdf,,121300_19861102,
MI,Detroit Free Press,121300,1986,STATE REP,60,Michigan House District 60,MI,"BULLARD, WILLIS C. JR.",Republican,1,,,,Endorsed for STATE REP District 60 (Republican) [V6: generic note - no extracted text],0.9,,,,,pdf,,121300_19861102,
MI,Detroit Free Press,121300,1986,STATE REP,61,Michigan House District 61,MI,"YOUNG, GREG",Democrat,1,,,,Endorsed for STATE REP District 61 (Democrat) [V6: generic note - no extracted text],0.9,,,,,pdf,,121300_19861102,
MI,Detroit Free Press,121300,1986,STATE REP,62,Michigan House District 62,MI,"HARRISON, CHARLIE J. JR.",Democrat,1,1,,,Endorsed for STATE REP District 62 (Democrat) [V6: generic note - no extracted text],0.9,,,,,pdf,,121300_19861102,
MI,Detroit Free Press,121300,1986,STATE REP,64,Michigan House District 64,MI,"BERMAN, MAXINE",Democrat,1,1,,,Endorsed for STATE REP District 64 (Democrat) [V6: generic note - no extracted text],0.9,,,,,pdf,,121300_19861102,
MI,Detroit Free Press,121300,1986,STATE REP,65,Michigan House District 65,MI,"MILLER, JUDITH",Republican,1,,1,,Endorsed for STATE REP District 65 (Republican) [V6: generic note - no extracted text],0.9,,,,,pdf,,121300_19861102,
MI,Detroit Free Press,121300,1986,STATE REP,66,Michigan House District 66,MI,"WEBB, WILFRED D.",Democrat,1,1,,,Endorsed for STATE REP District 66 (Democrat) [V6: generic note - no extracted text],0.9,,,,,pdf,,121300_19861102,
MI,Detroit Free Press,121300,1986,STATE REP,67,Michigan House District 67,MI,"GUBOW, DAVID M.",Democrat,1,1,,,Endorsed for STATE REP District 67 (Democrat) [V6: generic note - no extracted text],0.9,,,,,pdf,,121300_19861102,
MI,Detroit Free Press,121300,1986,STATE REP,68,Michigan House District 68,MI,"JOHNSON, SHIRLEY",Republican,1,,1,,Endorsed for STATE REP District 68 (Republican) [V6: generic note - no extracted text],0.9,,,,,pdf,,121300_19861102,
MI,Detroit Free Press,121300,1986,STATE REP,69,Michigan House District 69,MI,"BROTHERTON, WILBUR V.",Republican,1,,1,,Endorsed for STATE REP District 69 (Republican) [V6: generic note - no extracted text],0.9,,,,,pdf,,121300_19861102,
MI,Detroit Free Press,121300,1986,STATE REP,18,Michigan House District 18,MI,"OUWINGA, SIDNEY",Republican,1,,,,Endorsed for STATE REP District 18 (Republican) [V6: generic note - no extracted text],0.9,,,,,pdf,,121300_19861102,
MI,Detroit Free Press,121300,1986,STATE REP,19,Michigan House District 19,MI,"VAN SINGEL, DONALD",Republican,1,,1,,Endorsed for STATE REP District 19 (Republican) [V6: generic note - no extracted text],0.9,,,,,pdf,,121300_19861102,
MI,Detroit Free Press,121300,1986,STATE REP,21,Michigan House District 21,MI,"OWEN, LYNN F.",Democrat,1,1,,,Endorsed for STATE REP District 21 (Democrat) [V6: generic note - no extracted text],0.9,,,,,pdf,,121300_19861102,
MI,Detroit Free Press,121300,1986,STATE REP,22,Michigan House District 22,MI,"OWEN, GARY M.",Democrat,1,1,,,Endorsed for STATE REP District 22 (Democrat) [V6: generic note - no extracted text],0.9,,,,,pdf,,121300_19861102,
MI,Detroit Free Press,121300,1986,STATE REP,23,Michigan House District 23,MI,"HOFFMAN, PHILIP E.",Republican,1,,,,Endorsed for STATE REP District 23 (Republican) [V6: generic note - no extracted text],0.9,,,,,pdf,,121300_19861102,
MI,Detroit Free Press,121300,1986,STATE REP,25,Michigan House District 25,MI,"BLEVINS, DON W.",Republican,1,,,,Endorsed for STATE REP District 25 (Republican) [V6: generic note - no extracted text],0.85,OCR shows 25th Dist: Don W. Blevins,,,,pdf,,121300_19861102,
MI,Detroit Free Press,121300,1986,STATE REP,41,Michigan House District 41,MI,"NYE, MICHAEL E.",Republican,1,,,,Endorsed for STATE REP District 41 (Republican) [V6: generic note - no extracted text],0.9,,,,,pdf,,121300_19861102,
MI,Detroit Free Press,121300,1986,STATE REP,43,Michigan House District 43,MI,"GNODTKE, CARL",Republican,1,,,,Endorsed for STATE REP District 43 (Republican) [V6: generic note - no extracted text],0.9,,,,,pdf,,121300_19861102,
MI,Detroit Free Press,121300,1986,STATE REP,46,Michigan House District 46,MI,"BROWN, MARY C.",Democrat,1,1,,,Endorsed for STATE REP District 46 (Democrat) [V6: generic note - no extracted text],0.9,,,,,pdf,,121300_19861102,
MI,Detroit Free Press,121300,1986,STATE REP,48,Michigan House District 48,MI,"GILMER, DONALD H.",Republican,1,,,,Endorsed for STATE REP District 48 (Republican) [V6: generic note - no extracted text],0.9,,,,,pdf,,121300_19861102,
MI,Detroit Free Press,121300,1986,STATE REP,49,Michigan House District 49,MI,"ROSENBAUM, ANN",Democrat,1,,,,Endorsed for STATE REP District 49 (Democrat) [V6: generic note - no extracted text],0.9,,,,,pdf,,121300_19861102,
MI,Detroit Free Press,121300,1986,STATE REP,50,Michigan House District 50,MI,"GRIFFIN, MICHAEL J.",Democrat,1,,,,Endorsed for STATE REP District 50 (Democrat) [V6: generic note - no extracted text],0.9,,,,,pdf,,121300_19861102,
MI,Detroit Free Press,121300,1986,STATE REP,51,Michigan House District 51,MI,"MUNSELL, SUSAN GRIMES",Republican,1,,,,Endorsed for STATE REP District 51 (Republican) [V6: generic note - no extracted text],0.9,,,,,pdf,,121300_19861102,
MI,Detroit Free Press,121300,1986,STATE REP,53,Michigan House District 53,MI,"BULLARD, PERRY",Democrat,1,1,,,Endorsed for STATE REP District 53 (Democrat) [V6: generic note - no extracted text],0.9,,,,,pdf,,121300_19861102,
MI,Detroit Free Press,121300,1986,STATE REP,54,Michigan House District 54,MI,"HILLEGONDS, PAUL",Republican,1,,,,Endorsed for STATE REP District 54 (Republican) [V6: generic note - no extracted text],0.9,,,,,pdf,,121300_19861102,
MI,Detroit Free Press,121300,1986,STATE REP,55,Michigan House District 55,MI,"VAN REGENMORTER, WILLIAM",Republican,1,,,,Endorsed for STATE REP District 55 (Republican) [V6: generic note - no extracted text],0.9,,,,,pdf,,121300_19861102,
MI,Detroit Free Press,121300,1986,STATE REP,56,Michigan House District 56,MI,"FITZGERALD, FRANK M.",Republican,1,,,,Endorsed for STATE REP District 56 (Republican) [V6: generic note - no extracted text],0.9,,,,,pdf,,121300_19861102,
MI,Detroit Free Press,121300,1986,STATE REP,57,Michigan House District 57,MI,"HOLLISTER, DAVID C.",Democrat,1,1,,,Endorsed for STATE REP District 57 (Democrat) [V6: generic note - no extracted text],0.9,,,,,pdf,,121300_19861102,
MI,Detroit Free Press,121300,1986,STATE REP,58,Michigan House District 58,MI,"STABENOW, DEBBIE",Democrat,1,1,,,Endorsed for STATE REP District 58 (Democrat) [V6: generic note - no extracted text],0.9,,,,,pdf,,121300_19861102,
MI,Detroit Free Press,121300,1986,STATE REP,59,Michigan House District 59,MI,"JONDAHL, H. LYNN",Democrat,1,1,,,Endorsed for STATE REP District 59 (Democrat) [V6: generic note - no extracted text],0.9,,,,,pdf,,121300_19861102,
MI,Detroit Free Press,121300,1986,STATE REP,76,Michigan House District 76,MI,"DOCHERTY, JAMES A.",Democrat,1,1,,,Endorsed for STATE REP District 76 (Democrat) [V6: generic note - no extracted text],0.9,,,,,pdf,,121300_19861102,
MI,Detroit Free Press,121300,1986,STATE REP,77,Michigan House District 77,MI,"ALLEN, DICK",Republican,1,,1,,Endorsed for STATE REP District 77 (Republican) [V6: generic note - no extracted text],0.9,,,,,pdf,,121300_19861102,
MI,Detroit Free Press,121300,1986,STATE REP,78,Michigan House District 78,MI,"MUXLOW, KEITH",Republican,1,,,,Endorsed for STATE REP District 78 (Republican) [V6: generic note - no extracted text],0.9,,,,,pdf,,121300_19861102,
MI,Detroit Free Press,121300,1986,STATE REP,79,Michigan House District 79,MI,"JONKER, NATE",Democrat,1,,,,Endorsed for STATE REP District 79 (Democrat) [V6: generic note - no extracted text],0.9,,,,,pdf,,121300_19861102,
MI,Detroit Free Press,121300,1986,STATE REP,80,Michigan House District 80,MI,"CLACK, FLOYD",Democrat,1,,,,Endorsed for STATE REP District 80 (Democrat) [V6: generic note - no extracted text],0.9,,,,,pdf,,121300_19861102,
MI,Detroit Free Press,121300,1986,STATE REP,81,Michigan House District 81,MI,"EMERSON, ROBERT L.",Democrat,1,1,,,Endorsed for STATE REP District 81 (Democrat) [V6: generic note - no extracted text],0.9,,,,,pdf,,121300_19861102,
MI,Detroit Free Press,121300,1986,STATE REP,82,Michigan House District 82,MI,"SCOTT, THOMAS E.",Democrat,1,1,,,Endorsed for STATE REP District 82 (Democrat) [V6: generic note - no extracted text],0.9,,,,,pdf,,121300_19861102,
MI,Detroit Free Press,121300,1986,STATE REP,83,Michigan House District 83,MI,"MUELLER, CHARLES L.",Republican,1,,1,,Endorsed for STATE REP District 83 (Republican) [V6: generic note - no extracted text],0.9,,,,,pdf,,121300_19861102,
MI,Detroit Free Press,121300,1986,STATE REP,84,Michigan House District 84,MI,"STRAND, JOHN G.",Republican,1,,1,,Endorsed for STATE REP District 84 (Republican) [V6: generic note - no extracted text],0.9,,,,,pdf,,121300_19861102,
MI,Detroit Free Press,121300,1986,STATE REP,85,Michigan House District 85,MI,"O'NEILL, JAMES JR.",Democrat,1,1,,,Endorsed for STATE REP District 85 (Democrat) [V6: generic note - no extracted text],0.9,,,,,pdf,,121300_19861102,
MI,Detroit Free Press,121300,1986,STATE REP,86,Michigan House District 86,MI,"DODAK, LEWIS N.",Democrat,1,,,,Endorsed for STATE REP District 86 (Democrat) [V6: generic note - no extracted text],0.9,,,,,pdf,,121300_19861102,
MI,Detroit Free Press,121300,1986,STATE REP,87,Michigan House District 87,MI,"SPANIOLA, FRANCIS R.",Democrat,1,,,,Endorsed for STATE REP District 87 (Democrat) [V6: generic note - no extracted text],0.9,,,,,pdf,,121300_19861102,
MI,Detroit Free Press,121300,1986,STATE REP,,Michigan House of Representatives,MI,"MIDDAUGH, JAMES ""MICK""",Republican,1,,,,Endorsed for STATE REP (Republican) [V6: generic note - no extracted text],0.85,District unclear,,,,pdf,,121300_19861102,
MI,Detroit Free Press,121300,1986,STATE REP,89,Michigan House District 89,MI,"RANDALL, GARY L.",Republican,1,,,,[V6: dist filled from same candidate other years] | V9c: dist 93->89 per 1986 recap image (gap-year pass),0.85,,,,,pdf,,121300_19861102,
MI,Detroit Free Press,121300,1986,STATE REP,92,Michigan House District 92,MI,"MATHIEU, THOMAS C.",Democrat,1,1,,,[V6: dist filled from same candidate other years] | V9c: dist 76->92 per 1986 recap image (gap-year pass),0.92,,,,,pdf,,121300_19861102,
MI,Detroit Free Press,121300,1986,STATE REP,93,Michigan House District 93,MI,"MAYHUE, PAUL",Democrat,1,,,,Endorsed for STATE REP (Democrat) [V6: generic note - no extracted text] | V9c: dist ->93 per 1986 recap image (gap-year pass),0.85,,,,,pdf,,121300_19861102,
MI,Detroit Free Press,121300,1986,STATE REP,94,Michigan House District 94,MI,"SIKKEMA, KEN",Republican,1,,,,Endorsed for STATE REP (Republican) [V6: generic note - no extracted text] | V9c: dist ->94 per 1986 recap image (gap-year pass),0.85,,,,,pdf,,121300_19861102,
MI,Detroit Free Press,121300,1986,STATE REP,95,Michigan House District 95,MI,"HOEKMAN, ALVIN J.",Republican,1,,,,Endorsed for STATE REP District 95 (Republican) [V6: generic note - no extracted text],0.9,,,,,pdf,,121300_19861102,
MI,Detroit Free Press,121300,1986,STATE REP,96,Michigan House District 96,MI,"KNIGHT, M.L. ""MICKEY""",Republican,1,,,,Endorsed for STATE REP District 96 (Republican) [V6: generic note - no extracted text],0.9,,,,,pdf,,121300_19861102,
MI,Detroit Free Press,121300,1986,STATE REP,97,Michigan House District 97,MI,"CRANDALL, NANCY",Republican,1,,,,Endorsed for STATE REP District 97 (Republican) [V6: generic note - no extracted text],0.9,,,,,pdf,,121300_19861102,
MI,Detroit Free Press,121300,1986,STATE REP,99,Michigan House District 99,MI,"BOPP, MOLLY",Democrat,1,,,,Endorsed for STATE REP District 99 (Democrat) [V6: generic note - no extracted text],0.9,,,,,pdf,,121300_19861102,
MI,Detroit Free Press,121300,1986,STATE REP,100,Michigan House District 100,MI,"NIEDERSTADT, ROLAND G.",Democrat,1,,,,Endorsed for STATE REP District 100 (Democrat) [V6: generic note - no extracted text],0.9,,,,,pdf,,121300_19861102,
MI,Detroit Free Press,121300,1986,STATE REP,101,Michigan House District 101,MI,"HICKNER, THOMAS L.",Democrat,1,,,,Endorsed for STATE REP District 101 (Democrat) [V6: generic note - no extracted text],0.9,,,,,pdf,,121300_19861102,
MI,Detroit Free Press,121300,1986,STATE REP,102,Michigan House District 102,MI,"HAYES, MICHAEL D.",Republican,1,,,,Endorsed for STATE REP District 102 (Republican) [V6: generic note - no extracted text],0.9,,,,,pdf,,121300_19861102,
MI,Detroit Free Press,121300,1986,STATE REP,103,Michigan House District 103,MI,"OSTLING, RALPH",Republican,1,,1,,Endorsed for STATE REP District 103 (Republican) [V6: generic note - no extracted text],0.9,,,,,pdf,,121300_19861102,
MI,Detroit Free Press,121300,1986,STATE REP,104,Michigan House District 104,MI,"POWER, THOMAS G.",Republican,1,,,,Endorsed for STATE REP District 104 (Republican) [V6: generic note - no extracted text],0.9,,,,,pdf,,121300_19861102,
MI,Detroit Free Press,121300,1986,STATE REP,105,Michigan House District 105,MI,"MORRIS, MICHELLE S.",Republican,1,,,,Endorsed for STATE REP District 105 (Republican) [V6: generic note - no extracted text],0.9,,,,,pdf,,121300_19861102,
MI,Detroit Free Press,121300,1986,STATE REP,106,Michigan House District 106,MI,"PRIDNIA, JOHN D.",Republican,1,,,,Endorsed for STATE REP District 106 (Republican) [V6: generic note - no extracted text],0.9,,,,,pdf,,121300_19861102,
MI,Detroit Free Press,121300,1986,STATE REP,107,Michigan House District 107,MI,"GAGLIARDI, PAT",Democrat,1,,,,Endorsed for STATE REP District 107 (Democrat) [V6: generic note - no extracted text],0.9,,,,,pdf,,121300_19861102,
MI,Detroit Free Press,121300,1986,STATE REP,108,Michigan House District 108,MI,"JACOBETTI, DOMINIC",Democrat,1,,,,Endorsed for STATE REP District 108 (Democrat) [V6: generic note - no extracted text],0.9,,,,,pdf,,121300_19861102,
MI,Detroit Free Press,121300,1986,STATE REP,109,Michigan House District 109,MI,"BRANSTROM, STEPHEN J.",Democrat,1,,,,Endorsed for STATE REP District 109 (Democrat) [V6: generic note - no extracted text],0.9,,,,,pdf,,121300_19861102,
MI,Detroit Free Press,121300,1986,SUPREME COURT,,Michigan Supreme Court,MI,"ARCHER, DENNIS W.",Nonpartisan,1,,,,Endorsed for SUPREME COURT [V6: generic note - no extracted text] | V9 fix: prior extraction had WRONG statewide name; corrected to real endorsee per 1986 recap image,0.85,OCR garbled - 'BILLIE OZRA EAST',,,,pdf,,121300_19861102,
MI,Detroit Free Press,121300,1986,SUPREME COURT,,Michigan Supreme Court,MI,"MACKENZIE, BARBARA B.",Nonpartisan,1,,,,Endorsed for SUPREME COURT [V6: generic note - no extracted text] | V9 fix: prior extraction had WRONG statewide name; corrected to real endorsee per 1986 recap image,0.9,,,,,pdf,,121300_19861102,
MI,Detroit Free Press,121300,1986,COURT OF APPEALS,3,Michigan Court of Appeals 3rd District,MI,"MCDONALD, GARY R.",Nonpartisan,1,,,,Endorsed for COURT OF APPEALS [V6: generic note - no extracted text] | V9 fix: prior extraction had WRONG statewide name; corrected to real endorsee per 1986 recap image,0.85,OCR partial,,,,pdf,,121300_19861102,
MI,Detroit Free Press,121300,1986,JUDGE,,Wayne Circuit,MI,"MURPHY, JOHN A.",Nonpartisan,1,,,,Endorsed for JUDGE [V6: generic note - no extracted text],0.9,,,,,pdf,,121300_19861102,
MI,Detroit Free Press,121300,1986,JUDGE,,Wayne Circuit,MI,"RASHID, JAMES J.",Nonpartisan,1,,,,Endorsed for JUDGE [V6: generic note - no extracted text],0.9,,,,,pdf,,121300_19861102,
MI,Detroit Free Press,121300,1986,JUDGE,,Wayne Circuit,MI,"STEMPIEN, GREGORY J.",Nonpartisan,1,,,,Endorsed for JUDGE [V6: generic note - no extracted text],0.9,,,,,pdf,,121300_19861102,
MI,Detroit Free Press,121300,1986,JUDGE,,Wayne Circuit,MI,"PEROVICH, PAUL C.",Nonpartisan,1,,,,Endorsed for JUDGE [V6: generic note - no extracted text],0.9,,,,,pdf,,121300_19861102,
MI,Detroit Free Press,121300,1986,JUDGE,,Oakland Circuit,MI,"COOPER, JESSICA R.",Nonpartisan,1,,,,Endorsed for JUDGE [V6: generic note - no extracted text],0.9,,,,,pdf,,121300_19861102,
MI,Detroit Free Press,121300,1986,JUDGE,,Oakland Circuit,MI,"SATTLER, ROBERT J.",Nonpartisan,1,,,,Endorsed for JUDGE [V6: generic note - no extracted text],0.9,,,,,pdf,,121300_19861102,
MI,Detroit Free Press,121300,1986,JUDGE,,35th District Court,MI,"BURTELL, JOSEPH",Nonpartisan,1,,,,Endorsed for JUDGE [V6: generic note - no extracted text],0.9,,,,,pdf,,121300_19861102,
MI,Detroit Free Press,121300,1986,JUDGE,,38th District Court,MI,"STROIA, EUGENE J.",Nonpartisan,1,,,,Endorsed for JUDGE [V6: generic note - no extracted text],0.9,,,,,pdf,,121300_19861102,
MI,Detroit Free Press,121300,1986,REGENT,,University of Michigan Board of Regents,MI,"BROWN, PAUL",Democrat,1,,,,Endorsed for REGENT (Democrat) [V6: generic note - no extracted text] | V9 fix: prior extraction had WRONG statewide name; corrected to real endorsee per 1986 recap image,0.85,OCR partial,,,,pdf,,121300_19861102,
MI,Detroit Free Press,121300,1986,TRUSTEE,,Michigan State University Board of Trustees,MI,"COOK, DOLORES",Republican,1,,,,MSU,0.9,,,,,pdf,,121300_19861102,
MI,Detroit Free Press,121300,1986,TRUSTEE,,Michigan State University Board of Trustees,MI,"SAWYER, BARBARA J.",Democrat,1,,,,MSU,0.9,,,,,pdf,,121300_19861102,
MI,Detroit Free Press,121300,1986,TRUSTEE,,Wayne State University Board of Governors,MI,"ATCHISON, LEON H.",Democrat,1,1,,,Endorsed for TRUSTEE (Democrat) [V6: generic note - no extracted text],0.9,,,,,pdf,,121300_19861102,
MI,Detroit Free Press,121300,1986,TRUSTEE,,Wayne State University Board of Governors,MI,"PINCUS, MAX J.",Democrat,1,1,,,Endorsed for TRUSTEE (Democrat) [V6: generic note - no extracted text],0.9,,,,,pdf,,121300_19861102,
MI,Detroit Free Press,121300,1986,STATE BOARD OF ED,,State Board of Education (MI),MI,"DUMOUCHELLE, BARBARA",Republican,1,,,,Endorsed for STATE BOARD OF ED (Democrat) [V6: generic note - no extracted text] | V9 fix: prior extraction had WRONG statewide name; corrected to real endorsee per 1986 recap image,0.85,OCR partial; reading 'Aut Dist: Mulder',,,,pdf,,121300_19861102,
MI,Detroit Free Press,121300,1986,CNTY EXEC,,Wayne County Executive,MI,"MCNAMARA, EDWARD H.",Democrat,1,,,,Endorsed for MAYOR (Democrat) [V6: generic note - no extracted text] | V9c fix: was miscoded MAYOR; dname already = County Executive (image-confirmed),0.9,,,,,pdf,,121300_19861102,
MI,Detroit Free Press,121300,1986,CNTY COMM,1,Wayne,MI,"CAVANAGH, DAVID P.",Democrat,1,,,,Endorsed for CNTY COMM District 1 (Democrat) [V6: generic note - no extracted text],0.9,,,,,pdf,,121300_19861102,
MI,Detroit Free Press,121300,1986,CNTY COMM,10,Wayne,MI,"HEINTZ, SUSAN J.",Republican,1,,,,Endorsed for CNTY COMM District 10 (Republican) [V6: generic note - no extracted text],0.9,,,,,pdf,,121300_19861102,
MI,Detroit Free Press,121300,1986,SCHOOL BOARD,2,Detroit Board of Education,MI,"RAMSEY, ALVIN",Democrat,1,,,,Endorsed for SCHOOL BOARD District 2 (Democrat) [V6: generic note - no extracted text],0.85,,,,,pdf,,121300_19861102,
MI,Detroit Free Press,121300,1986,SCHOOL BOARD,3,Detroit,MI,"HOLLAWAY, CARRIE J.",Nonpartisan,1,,,,Endorsed for SCHOOL BOARD District 3 [V6: generic note - no extracted text],0.9,,,,,pdf,,121300_19861102,
MI,Detroit Free Press,121300,1986,SCHOOL BOARD,4,Detroit,MI,"BLANDING, JOSEPH S.",Nonpartisan,1,,,,Endorsed for SCHOOL BOARD District 4 [V6: generic note - no extracted text],0.9,,,,,pdf,,121300_19861102,
MI,Detroit Free Press,121300,1986,SCHOOL BOARD,5,Detroit,MI,"EVERETT, KAY",Nonpartisan,1,,,,Endorsed for SCHOOL BOARD District 5 [V6: generic note - no extracted text],0.9,,,,,pdf,,121300_19861102,
MI,Detroit Free Press,121300,1986,SCHOOL BOARD,6,Detroit,MI,"GACKI, JOAN M.",Nonpartisan,1,,,1,Endorsed for SCHOOL BOARD District 6 [V6: generic note - no extracted text],0.9,,,,,pdf,,121300_19861102,
MI,Detroit Free Press,121300,1986,SCHOOL BOARD,7,Detroit,MI,"LEMMONS, LAMAR III",Nonpartisan,1,,,,Endorsed for SCHOOL BOARD District 7 [V6: generic note - no extracted text],0.9,,,,,pdf,,121300_19861102,
MI,Detroit Free Press,121300,1988,PRESIDENT,,United States,MI,"DUKAKIS, MICHAEL",Democrat,1,,,,Endorsed for PRESIDENT (Democrat) [V6: generic note - no extracted text],0.85,OCR shows 'Dukakis' partial,,,,pdf,,121300_19881106,
MI,Detroit Free Press,121300,1988,H,2,U.S. House Michigan District 2,MI,"POLLACK, LANA S.",Democrat,1,1,,,"Endorsed for STATE SENATOR District 18 (Democrat) [V6: generic note - no extracted text] | V9: STATE SENATOR->H d2 (image 19881106: ""2d Dist Lana Pollack D""; 1988 had no MI senate election) | V9c: fixed stale dname (was Senate d18)",0.9,,,,,pdf,,121300_19881106,
MI,Detroit Free Press,121300,1988,H,1,U.S. House Michigan District 1,MI,"CONYERS, JOHN JR.",Democrat,1,1,,,Endorsed for H District 1 (Democrat) [V6: generic note - no extracted text],0.9,,,,,pdf,,121300_19881106,
MI,Detroit Free Press,121300,1988,H,10,U.S. House Michigan District 10,MI,"SCHUETTE, BILL",Republican,1,,1,,Endorsed for H District 10 (Republican) [V6: generic note - no extracted text],0.9,,,,,pdf,,121300_19881106,
MI,Detroit Free Press,121300,1988,H,3,U.S. House Michigan District 3,MI,"WOLPE, HOWARD",Democrat,1,1,,,[V3: dist=3 inferred from same-era cross-year match],0.90,District unclear,,,,pdf,,121300_19881106,
MI,Detroit Free Press,121300,1988,H,4,U.S. House Michigan District 4,MI,"UPTON, FRED",Republican,1,,1,,[V3: dist=4 inferred from same-era cross-year match],0.90,,,,,pdf,,121300_19881106,
MI,Detroit Free Press,121300,1988,H,5,U.S. House Michigan District 5,MI,"HENRY, PAUL B.",Republican,1,,1,,[V3: dist=5 inferred from same-era cross-year match],0.90,,,,,pdf,,121300_19881106,
MI,Detroit Free Press,121300,1988,H,6,U.S. House Michigan District 6,MI,"CARR, BOB",Democrat,1,1,,,[V3: dist=6 inferred from same-era cross-year match],0.90,,,,,pdf,,121300_19881106,
MI,Detroit Free Press,121300,1988,H,7,U.S. House Michigan District 7,MI,"KILDEE, DALE E.",Democrat,1,1,,,[V3: dist=7 inferred from same-era cross-year match],0.90,,,,,pdf,,121300_19881106,
MI,Detroit Free Press,121300,1988,H,18,U.S. House Michigan District 18,MI,"BROOMFIELD, WILLIAM S.",Republican,1,,1,,[V3: dist=18 inferred from same-era cross-year match],0.90,,,,,pdf,,121300_19881106,
MI,Detroit Free Press,121300,1988,STATE REP,1,Michigan House District 1,MI,"BENNANE, MICHAEL J.",Democrat,1,1,,,Endorsed for STATE REP District 1 (Democrat) [V6: generic note - no extracted text],0.9,,,,,pdf,,121300_19881106,
MI,Detroit Free Press,121300,1988,STATE REP,2,Michigan House District 2,MI,"LELAND, BURTON",Democrat,1,1,,,Endorsed for STATE REP District 2 (Democrat) [V6: generic note - no extracted text],0.9,,,,,pdf,,121300_19881106,
MI,Detroit Free Press,121300,1988,STATE REP,3,Michigan House District 3,MI,"VARGA, IONA",Democrat,1,1,,,Endorsed for STATE REP District 3 (Democrat) [V6: generic note - no extracted text],0.9,,,,,pdf,,121300_19881106,
MI,Detroit Free Press,121300,1988,STATE REP,4,Michigan House District 4,MI,"STALLWORTH, ALMA G.",Democrat,1,1,,,Endorsed for STATE REP District 4 (Democrat) [V6: generic note - no extracted text],0.9,,,,,pdf,,121300_19881106,
MI,Detroit Free Press,121300,1988,STATE REP,5,Michigan House District 5,MI,"HUNTER, TEOLA P.",Democrat,1,1,,,Endorsed for STATE REP District 5 (Democrat) [V6: generic note - no extracted text],0.9,,,,,pdf,,121300_19881106,
MI,Detroit Free Press,121300,1988,STATE REP,6,Michigan House District 6,MI,"HOOD, MORRIS JR.",Democrat,1,1,,,Endorsed for STATE REP District 6 (Democrat) [V6: generic note - no extracted text],0.9,,,,,pdf,,121300_19881106,
MI,Detroit Free Press,121300,1988,STATE REP,7,Michigan House District 7,MI,"SAUNDERS, NELSON W.",Democrat,1,1,,,Endorsed for STATE REP District 7 (Democrat) [V6: generic note - no extracted text],0.9,,,,,pdf,,121300_19881106,
MI,Detroit Free Press,121300,1988,STATE REP,10,Michigan House District 10,MI,"WALLACE, TED",Democrat,1,,,,Endorsed for STATE REP District 10 (Democrat) [V6: generic note - no extracted text],0.9,,,,,pdf,,121300_19881106,
MI,Detroit Free Press,121300,1988,STATE REP,12,Michigan House District 12,MI,"HERTEL, CURTIS",Democrat,1,,,,Endorsed for STATE REP District 12 (Democrat) [V6: generic note - no extracted text],0.9,,,,,pdf,,121300_19881106,
MI,Detroit Free Press,121300,1988,STATE REP,13,Michigan House District 13,MI,"BRYANT, WILLIAM R. JR.",Republican,1,,1,,Endorsed for STATE REP District 13 (Republican) [V6: generic note - no extracted text],0.9,,,,,pdf,,121300_19881106,
MI,Detroit Free Press,121300,1988,STATE REP,15,Michigan House District 15,MI,"YOUNG, JOSEPH F. JR.",Democrat,1,1,,,Endorsed for STATE REP District 15 (Democrat) [V6: generic note - no extracted text],0.92,OCR shows 13th Dist: Mike Young Jr,,,,pdf,,121300_19881106,
MI,Detroit Free Press,121300,1988,STATE REP,27,Michigan House District 27,MI,"PORRECA, VINCENT ""JOE""",Democrat,1,1,,,Endorsed for STATE REP District 27 (Democrat) [V6: generic note - no extracted text],0.9,,,,,pdf,,121300_19881106,
MI,Detroit Free Press,121300,1988,STATE REP,28,Michigan House District 28,MI,"DEMARS, ROBERT",Democrat,1,,,,Endorsed for STATE REP District 28 (Democrat) [V6: generic note - no extracted text],0.9,,,,,pdf,,121300_19881106,
MI,Detroit Free Press,121300,1988,STATE REP,29,Michigan House District 29,MI,"PITONIAK, GREGORY E.",Democrat,1,,,,Endorsed for STATE REP District 29 (Democrat) [V6: generic note - no extracted text],0.9,,,,,pdf,,121300_19881106,
MI,Detroit Free Press,121300,1988,STATE REP,30,Michigan House District 30,MI,"PALAMARA, JOSEPH",Democrat,1,1,,,Endorsed for STATE REP District 30 (Democrat) [V6: generic note - no extracted text],0.9,,,,,pdf,,121300_19881106,
MI,Detroit Free Press,121300,1988,STATE REP,31,Michigan House District 31,MI,"DOBRONSKI, AGNES",Democrat,1,1,,,Endorsed for STATE REP District 31 (Democrat) [V6: generic note - no extracted text],0.9,,,,,pdf,,121300_19881106,
MI,Detroit Free Press,121300,1988,STATE REP,32,Michigan House District 32,MI,"YOUNG, RICHARD A.",Democrat,1,1,,,Endorsed for STATE REP District 32 (Democrat) [V6: generic note - no extracted text],0.9,,,,,pdf,,121300_19881106,
MI,Detroit Free Press,121300,1988,STATE REP,33,Michigan House District 33,MI,"KEITH, WILLIAM R.",Democrat,1,1,,,Endorsed for STATE REP District 33 (Democrat) [V6: generic note - no extracted text],0.9,,,,,pdf,,121300_19881106,
MI,Detroit Free Press,121300,1988,STATE REP,36,Michigan House District 36,MI,"LAW, GERALD H.",Republican,1,,1,,Endorsed for STATE REP District 36 (Republican) [V6: generic note - no extracted text],0.9,,,,,pdf,,121300_19881106,
MI,Detroit Free Press,121300,1988,STATE REP,37,Michigan House District 37,MI,"KOSTEVA, JAMES A.",Democrat,1,1,,,Endorsed for STATE REP District 37 (Democrat) [V6: generic note - no extracted text],0.9,,,,,pdf,,121300_19881106,
MI,Detroit Free Press,121300,1988,STATE REP,26,Michigan House District 26,MI,"BROWNE, BILL",Democrat,1,1,,,Endorsed for STATE REP District 26 (Democrat) [V6: generic note - no extracted text],0.9,,,,,pdf,,121300_19881106,
MI,Detroit Free Press,121300,1988,STATE REP,70,Michigan House District 70,MI,"WEEKS, LLOYD",Democrat,1,,,,[V6: dist filled from same candidate other years] | V9c: dist 28->70,0.85,District unclear,,,,pdf,,121300_19881106,
MI,Detroit Free Press,121300,1988,STATE REP,72,Michigan House District 72,MI,"GIRE, SHARON L.",Democrat,1,1,,,Endorsed for STATE REP District 72 (Democrat) [V6: generic note - no extracted text],0.9,,,,,pdf,,121300_19881106,
MI,Detroit Free Press,121300,1988,STATE REP,73,Michigan House District 73,MI,"CIARAMITARO, NICK",Democrat,1,1,,,Endorsed for STATE REP District 73 (Democrat) [V6: generic note - no extracted text],0.9,,,,,pdf,,121300_19881106,
MI,Detroit Free Press,121300,1988,STATE REP,74,Michigan House District 74,MI,"MAYNARD, JOHN M.",Democrat,1,1,,,Endorsed for STATE REP District 74 (Democrat) [V6: generic note - no extracted text],0.9,,,,,pdf,,121300_19881106,
MI,Detroit Free Press,121300,1988,STATE REP,75,Michigan House District 75,MI,"DEBEAUSSAERT, KENNETH J.",Democrat,1,1,,,Endorsed for STATE REP District 75 (Democrat) [V6: generic note - no extracted text],0.9,,,,,pdf,,121300_19881106,
MI,Detroit Free Press,121300,1988,STATE REP,20,Michigan House District 20,MI,"MONTGOMERY, GEORGE F.",Democrat,1,,,,Endorsed for STATE REP District 20 (Democrat) [V6: generic note - no extracted text],0.9,,,,,pdf,,121300_19881106,
MI,Detroit Free Press,121300,1988,STATE REP,60,Michigan House District 60,MI,"BULLARD, WILLIS C. JR.",Republican,1,,1,,Endorsed for STATE REP District 60 (Republican) [V6: generic note - no extracted text],0.9,,,,,pdf,,121300_19881106,
MI,Detroit Free Press,121300,1988,STATE REP,62,Michigan House District 62,MI,"HARRISON, CHARLIE J. JR.",Democrat,1,1,,,Endorsed for STATE REP District 62 (Democrat) [V6: generic note - no extracted text],0.9,,,,,pdf,,121300_19881106,
MI,Detroit Free Press,121300,1988,STATE REP,63,Michigan House District 63,MI,"SPARKS, GORDON",Republican,1,,,,Endorsed for STATE REP District 63 (Republican) [V6: generic note - no extracted text],0.9,,,,,pdf,,121300_19881106,
MI,Detroit Free Press,121300,1988,STATE REP,64,Michigan House District 64,MI,"BERMAN, MAXINE",Democrat,1,1,,,Endorsed for STATE REP District 64 (Democrat) [V6: generic note - no extracted text],0.9,,,,,pdf,,121300_19881106,
MI,Detroit Free Press,121300,1988,STATE REP,65,Michigan House District 65,MI,"MILLER, JUDITH",Republican,1,,1,,Endorsed for STATE REP District 65 (Republican) [V6: generic note - no extracted text],0.9,,,,,pdf,,121300_19881106,
MI,Detroit Free Press,121300,1988,STATE REP,66,Michigan House District 66,MI,"WEBB, WILFRED D.",Democrat,1,1,,,Endorsed for STATE REP District 66 (Democrat) [V6: generic note - no extracted text],0.9,,,,,pdf,,121300_19881106,
MI,Detroit Free Press,121300,1988,STATE REP,67,Michigan House District 67,MI,"GUBOW, DAVID M.",Democrat,1,1,,,Endorsed for STATE REP District 67 (Democrat) [V6: generic note - no extracted text],0.9,,,,,pdf,,121300_19881106,
MI,Detroit Free Press,121300,1988,STATE REP,68,Michigan House District 68,MI,"JOHNSON, SHIRLEY",Republican,1,,1,,Endorsed for STATE REP District 68 (Republican) [V6: generic note - no extracted text],0.9,,,,,pdf,,121300_19881106,
MI,Detroit Free Press,121300,1988,STATE REP,69,Michigan House District 69,MI,"DOLAN, JAN C.",Republican,1,,,,Endorsed for STATE REP District 69 (Republican) [V6: generic note - no extracted text],0.9,,,,,pdf,,121300_19881106,
MI,Detroit Free Press,121300,1988,STATE REP,81,Michigan House District 81,MI,"EMERSON, ROBERT L.",Democrat,1,1,,,Endorsed for STATE REP District 81 (Democrat) [V6: generic note - no extracted text],0.9,,,,,pdf,,121300_19881106,
MI,Detroit Free Press,121300,1988,STATE REP,19,Michigan House District 19,MI,"VAN SINGEL, DONALD",Republican,1,,1,,Endorsed for STATE REP District 19 (Republican) [V6: generic note - no extracted text],0.9,,,,,pdf,,121300_19881106,
MI,Detroit Free Press,121300,1988,STATE REP,21,Michigan House District 21,MI,"OWEN, LYNN F.",Democrat,1,1,,,Endorsed for STATE REP District 21 (Democrat) [V6: generic note - no extracted text],0.9,,,,,pdf,,121300_19881106,
MI,Detroit Free Press,121300,1988,STATE REP,84,Michigan House District 84,MI,"STRAND, JOHN G.",Republican,1,,1,,[V3: dist=84 inferred from same-era cross-year match],0.90,District unclear,,,,pdf,,121300_19881106,
MI,Detroit Free Press,121300,1988,STATE REP,22,Michigan House District 22,MI,"PROFIT, KIRK",Democrat,1,,,,[V6: dist filled from same candidate other years] | V9c: dist 54->22,0.85,,,,,pdf,,121300_19881106,
MI,Detroit Free Press,121300,1988,STATE REP,23,Michigan House of Representatives,MI,"HOFFMAN, PHILIP E.",Republican,1,,1,,[V6: dist filled from same candidate other years],0.92,,,,,pdf,,121300_19881106,
MI,Detroit Free Press,121300,1988,STATE REP,39,Michigan House District 39,MI,"BARTNIK, JERRY",Democrat,1,,,,[V3: dist=39 inferred from same-era cross-year match],0.90,,,,,pdf,,121300_19881106,
MI,Detroit Free Press,121300,1988,STATE REP,40,Michigan House District 40,MI,"BERRYMAN, JAMES M.",Democrat,1,,,,Endorsed for STATE REP (Democrat) [V6: generic note - no extracted text] | V9c: assigned dist 40 per 1988 recap image,0.85,,,,,pdf,,121300_19881106,
MI,Detroit Free Press,121300,1988,STATE REP,46,Michigan House District 46,MI,"BROWN, MARY C.",Democrat,1,1,,,Endorsed for STATE REP (Democrat) [V6: generic note - no extracted text] | V9c: assigned dist 46 per 1988 recap image,0.92,,,,,pdf,,121300_19881106,
MI,Detroit Free Press,121300,1988,STATE REP,47,Michigan House District 47,MI,"WARTNER, PAUL",Republican,1,,,,Endorsed for STATE REP (Republican) [V6: generic note - no extracted text] | V9c: assigned dist 47 per 1988 recap image,0.85,,,,,pdf,,121300_19881106,
MI,Detroit Free Press,121300,1988,STATE REP,52,Michigan House of Representatives,MI,"SCHROER, MARY",Democrat,1,,,,[V6: dist filled from same candidate other years],0.85,,,,,pdf,,121300_19881106,
MI,Detroit Free Press,121300,1988,STATE REP,53,Michigan House District 53,MI,"BULLARD, PERRY",Democrat,1,1,,,[V3: dist=53 inferred from same-era cross-year match],0.90,,,,,pdf,,121300_19881106,
MI,Detroit Free Press,121300,1988,STATE REP,54,Michigan House District 54,MI,"HILLEGONDS, PAUL",Republican,1,,1,,[V3: dist=54 inferred from same-era cross-year match],0.90,,,,,pdf,,121300_19881106,
MI,Detroit Free Press,121300,1988,STATE REP,55,Michigan House District 55,MI,"VAN REGENMORTER, WILLIAM",Republican,1,,1,,[V3: dist=55 inferred from same-era cross-year match],0.90,,,,,pdf,,121300_19881106,
MI,Detroit Free Press,121300,1988,STATE REP,56,Michigan House District 56,MI,"FITZGERALD, FRANK M.",Republican,1,,1,,[V3: dist=56 inferred from same-era cross-year match],0.90,,,,,pdf,,121300_19881106,
MI,Detroit Free Press,121300,1988,STATE REP,57,Michigan House District 57,MI,"HOLLISTER, DAVID C.",Democrat,1,1,,,[V3: dist=57 inferred from same-era cross-year match],0.90,,,,,pdf,,121300_19881106,
MI,Detroit Free Press,121300,1988,STATE REP,58,Michigan House District 58,MI,"STABENOW, DEBBIE",Democrat,1,1,,,[V3: dist=58 inferred from same-era cross-year match],0.90,,,,,pdf,,121300_19881106,
MI,Detroit Free Press,121300,1988,STATE REP,59,Michigan House District 59,MI,"JONDAHL, H. LYNN",Democrat,1,1,,,[V3: dist=59 inferred from same-era cross-year match],0.90,,,,,pdf,,121300_19881106,
MI,Detroit Free Press,121300,1988,STATE REP,76,Michigan House District 76,MI,"DOCHERTY, JAMES A.",Democrat,1,1,,,[V3: dist=76 inferred from same-era cross-year match],0.90,,,,,pdf,,121300_19881106,
MI,Detroit Free Press,121300,1988,STATE REP,77,Michigan House District 77,MI,"ALLEN, DICK",Republican,1,,1,,[V3: dist=77 inferred from same-era cross-year match],0.90,,,,,pdf,,121300_19881106,
MI,Detroit Free Press,121300,1988,STATE REP,78,Michigan House District 78,MI,"MUXLOW, KEITH",Republican,1,,1,,[V3: dist=78 inferred from same-era cross-year match],0.90,,,,,pdf,,121300_19881106,
MI,Detroit Free Press,121300,1988,STATE REP,79,Michigan House District 79,MI,"JONKER, NATE",Democrat,1,1,,,[V3: dist=79 inferred from same-era cross-year match],0.90,,,,,pdf,,121300_19881106,
MI,Detroit Free Press,121300,1988,STATE REP,80,Michigan House District 80,MI,"CLACK, FLOYD",Democrat,1,1,,,[V3: dist=80 inferred from same-era cross-year match],0.90,,,,,pdf,,121300_19881106,
MI,Detroit Free Press,121300,1988,STATE REP,86,Michigan House District 86,MI,"DODAK, LEWIS N.",Democrat,1,1,,,[V3: dist=86 inferred from same-era cross-year match],0.90,,,,,pdf,,121300_19881106,
MI,Detroit Free Press,121300,1988,STATE REP,87,Michigan House of Representatives,MI,"SPANIOLA, FRANCIS R.",Democrat,1,1,,,[V6: dist filled from same candidate other years],0.92,,,,,pdf,,121300_19881106,
MI,Detroit Free Press,121300,1988,STATE REP,88,Michigan House District 88,MI,"BENDER, ROBERT",Republican,1,,,,Endorsed for STATE REP (Republican) [V6: generic note - no extracted text] | V9c: assigned dist 88 per 1988 recap image,0.85,,,,,pdf,,121300_19881106,
MI,Detroit Free Press,121300,1988,STATE REP,45,Michigan House District 45,MI,"MIDDAUGH, JAMES ""MICK""",Republican,1,,1,,Endorsed for STATE REP (Republican) [V6: generic note - no extracted text] | V9c: assigned dist 45 per 1988 recap image,0.92,,,,,pdf,,121300_19881106,
MI,Detroit Free Press,121300,1988,STATE REP,91,Michigan House District 91,MI,"DELANGE, WALTER J.",Republican,1,,,,Endorsed for STATE REP (Republican) [V6: generic note - no extracted text] | V9c: assigned dist 91 per 1988 recap image,0.85,,,,,pdf,,121300_19881106,
MI,Detroit Free Press,121300,1988,STATE REP,93,Michigan House District 93,MI,"BANDSTRA, RICHARD",Republican,1,,,,Endorsed for STATE REP (Republican) [V6: generic note - no extracted text] | V9c: assigned dist 93 per 1988 recap image,0.85,,,,,pdf,,121300_19881106,
MI,Detroit Free Press,121300,1988,STATE REP,94,Michigan House District 94,MI,"SIKKEMA, KEN",Republican,1,,1,,Endorsed for STATE REP (Republican) [V6: generic note - no extracted text] | V9c: assigned dist 94 per 1988 recap image,0.90,,,,,pdf,,121300_19881106,
MI,Detroit Free Press,121300,1988,TRUSTEE,,Wayne State University Board of Governors,MI,"VAN DUSEN, RICHARD C.",Republican,1,,,,Endorsed for STATE REP (Republican) [V6: generic note - no extracted text] | V9c: recode House->WSU Governors per image,0.85,,,,,pdf,,121300_19881106,
MI,Detroit Free Press,121300,1988,STATE REP,97,Michigan House District 97,MI,"CRANDALL, NANCY",Republican,1,,1,,Endorsed for STATE REP District 97 (Republican) [V6: generic note - no extracted text],0.9,,,,,pdf,,121300_19881106,
MI,Detroit Free Press,121300,1988,STATE REP,98,Michigan House District 98,MI,"HELMINSKI, JOSEPH",Democrat,1,,,,Endorsed for STATE REP District 98 (Democrat) [V6: generic note - no extracted text],0.9,,,,,pdf,,121300_19881106,
MI,Detroit Free Press,121300,1988,STATE REP,99,Michigan House District 99,MI,"EMMONS, G.",Republican,1,,,,Endorsed for STATE REP District 99 (Republican) [V6: generic note - no extracted text],0.85,OCR partial first name,,,,pdf,,121300_19881106,
MI,Detroit Free Press,121300,1988,STATE REP,100,Michigan House District 100,MI,"NIEDERSTADT, ROLAND G.",Democrat,1,1,,,Endorsed for STATE REP District 100 (Democrat) [V6: generic note - no extracted text],0.9,,,,,pdf,,121300_19881106,
MI,Detroit Free Press,121300,1988,STATE REP,101,Michigan House District 101,MI,"HICKNER, TOM",Democrat,1,,,,Endorsed for STATE REP District 101 (Democrat) [V6: generic note - no extracted text],0.9,,,,,pdf,,121300_19881106,
MI,Detroit Free Press,121300,1988,STATE REP,102,Michigan House District 102,MI,"CAMP, DAVE",Republican,1,,,,Endorsed for STATE REP District 102 (Republican) [V6: generic note - no extracted text],0.9,,,,,pdf,,121300_19881106,
MI,Detroit Free Press,121300,1988,STATE REP,103,Michigan House District 103,MI,"OSTLING, RALPH",Republican,1,,1,,Endorsed for STATE REP District 103 (Republican) [V6: generic note - no extracted text],0.9,,,,,pdf,,121300_19881106,
MI,Detroit Free Press,121300,1988,STATE REP,104,Michigan House District 104,MI,"POWER, THOMAS G.",Republican,1,,1,,Endorsed for STATE REP District 104 (Republican) [V6: generic note - no extracted text],0.9,,,,,pdf,,121300_19881106,
MI,Detroit Free Press,121300,1988,STATE REP,105,Michigan House District 105,MI,"CHATEL, TOM",Republican,1,,,,Endorsed for STATE REP District 105 (Republican) [V6: generic note - no extracted text],0.9,,,,,pdf,,121300_19881106,
MI,Detroit Free Press,121300,1988,STATE REP,107,Michigan House District 107,MI,"GAGLIARDI, PAT",Democrat,1,1,,,Endorsed for STATE REP District 107 (Democrat) [V6: generic note - no extracted text],0.9,,,,,pdf,,121300_19881106,
MI,Detroit Free Press,121300,1988,STATE REP,108,Michigan House District 108,MI,"JACOBETTI, DOMINIC",Democrat,1,1,,,Endorsed for STATE REP District 108 (Democrat) [V6: generic note - no extracted text],0.9,,,,,pdf,,121300_19881106,
MI,Detroit Free Press,121300,1988,STATE REP,109,Michigan House District 109,MI,"STUPAK, BART",Democrat,1,,,,Endorsed for STATE REP District 109 (Democrat) [V6: generic note - no extracted text],0.9,,,,,pdf,,121300_19881106,
MI,Detroit Free Press,121300,1988,STATE REP,110,Michigan House District 110,MI,"SOFIO, RICHARD",Democrat,1,,,,Endorsed for STATE REP District 110 (Democrat) [V6: generic note - no extracted text],0.9,,,,,pdf,,121300_19881106,
MI,Detroit Free Press,121300,1988,SUPREME COURT,,Michigan Supreme Court,MI,"LEVIN, CHARLES",Nonpartisan,1,,,1,Endorsed for SUPREME COURT [V6: generic note - no extracted text],0.9,,,,,pdf,,121300_19881106,
MI,Detroit Free Press,121300,1988,COURT OF APPEALS,1,Michigan Court of Appeals 1st District,MI,"BRENNAN, THOMAS",Nonpartisan,1,,,1,Endorsed for SUPREME COURT [V6: generic note - no extracted text] | V9c: recode Supreme->Appeals 1st per image,0.9,,,,,pdf,,121300_19881106,
MI,Detroit Free Press,121300,1988,SUPREME COURT,,Michigan Supreme Court,MI,"BRICKLEY, JAMES",Nonpartisan,1,,,1,Endorsed for SUPREME COURT [V6: generic note - no extracted text],0.9,,,,,pdf,,121300_19881106,
MI,Detroit Free Press,121300,1988,COURT OF APPEALS,,Michigan Court of Appeals,MI,"REILLY, MAUREEN P.",Nonpartisan,1,,,,Endorsed for COURT OF APPEALS [V6: generic note - no extracted text],0.9,,,,,pdf,,121300_19881106,
MI,Detroit Free Press,121300,1988,COURT OF APPEALS,,Michigan Court of Appeals,MI,"KELLY, MARILYN JEAN",Nonpartisan,1,,,,Endorsed for COURT OF APPEALS [V6: generic note - no extracted text],0.9,,,,,pdf,,121300_19881106,
MI,Detroit Free Press,121300,1988,SCHOOL BOARD,1,Detroit,MI,"HAYDEN, FRANK",Nonpartisan,1,,,,Endorsed for SCHOOL BOARD District 1 [V6: generic note - no extracted text],0.9,,,,,pdf,,121300_19881106,
MI,Detroit Free Press,121300,1988,SCHOOL BOARD,1,Detroit,MI,"OLMSTEAD, DAVID",Nonpartisan,1,,,,Endorsed for SCHOOL BOARD District 1 [V6: generic note - no extracted text],0.9,,,,,pdf,,121300_19881106,
MI,Detroit Free Press,121300,1988,SCHOOL BOARD,1,Detroit,MI,"PATRICK, LAWRENCE C. JR.",Nonpartisan,1,,,,Endorsed for SCHOOL BOARD District 1 [V6: generic note - no extracted text],0.9,,,,,pdf,,121300_19881106,
MI,Detroit Free Press,121300,1988,SCHOOL BOARD,,Detroit,MI,"BLANDING, JOSEPH S.",Nonpartisan,1,,,1,Endorsed for SCHOOL BOARD [V6: generic note - no extracted text],0.9,,,,,pdf,,121300_19881106,
MI,Detroit Free Press,121300,1988,STATE BOARD OF ED,,State Board of Education (MI),MI,"CRAWFORD, LAWRENCE D.",Democrat,1,,,,Endorsed for STATE BOARD OF ED (Democrat) [V6: generic note - no extracted text],0.9,,,,,pdf,,121300_19881106,
MI,Detroit Free Press,121300,1988,STATE BOARD OF ED,,State Board of Education (MI),MI,"ECONOMY, STEPHEN T.",Democrat,1,,,,Endorsed for STATE BOARD OF ED (Democrat) [V6: generic note - no extracted text],0.9,,,,,pdf,,121300_19881106,
MI,Detroit Free Press,121300,1988,DA/PROSECUTOR,,Wayne,MI,"O'HAIR, JOHN D.",Democrat,1,,,,Endorsed for DA/PROSECUTOR (Democrat) [V6: generic note - no extracted text],0.9,,,,,pdf,,121300_19881106,
MI,Detroit Free Press,121300,1988,CNTY COMM,1,Wayne,MI,"CAVANAGH, DAVID P.",Democrat,1,1,,,Endorsed for CNTY COMM District 1 (Democrat) [V6: generic note - no extracted text],0.9,,,,,pdf,,121300_19881106,
MI,Detroit Free Press,121300,1988,CNTY COMM,5,Wayne,MI,"YOUNG, CLARENCE R.",Democrat,1,,,,Endorsed for CNTY COMM District 5 (Democrat) [V6: generic note - no extracted text],0.9,,,,,pdf,,121300_19881106,
MI,Detroit Free Press,121300,1988,CNTY COMM,,Wayne,MI,"BOIKE, EDWARD A. JR.",Democrat,1,,,,Endorsed for CNTY COMM (Democrat) [V6: generic note - no extracted text],0.85,,,,,pdf,,121300_19881106,
MI,Detroit Free Press,121300,1988,CNTY EXEC,,Oakland County Executive,MI,"MURPHY, DAN",Republican,1,,1,,Endorsed for MAYOR (Republican) [V6: generic note - no extracted text] | V9c fix: was miscoded MAYOR; dname already = County Executive (image-confirmed),0.9,,,,,pdf,,121300_19881106,
MI,Detroit Free Press,121300,1988,DA/PROSECUTOR,,Oakland,MI,"KRAEMER, BARRY",Democrat,1,,,,Endorsed for DA/PROSECUTOR (Democrat) [V6: generic note - no extracted text],0.9,,,,,pdf,,121300_19881106,
MI,Detroit Free Press,121300,1988,SHERIFF,,Oakland,MI,"NICHOLS, JOHN",Republican,1,,,,Endorsed for SHERIFF (Republican) [V6: generic note - no extracted text],0.9,,,,,pdf,,121300_19881106,
MI,Detroit Free Press,121300,1988,REGENT,,University of Michigan Board of Regents,MI,"TAYLOR, CLIFFORD",Republican,1,,,,Endorsed for COURT OF APPEALS (Republican) [V6: generic note - no extracted text] | V9c: recode Appeals->U-M Regent per image,0.85,Inferred from incidental OCR mention,,,,pdf,,121300_19881106,
MI,Detroit Free Press,121300,1988,TRUSTEE,,Michigan State University Board of Trustees,MI,"REED, TOM",Republican,1,,1,,MSU,0.9,,,,,pdf,,121300_19881106,
MI,Detroit Free Press,121300,1988,TRUSTEE,,Wayne State University Board of Governors,MI,"JACKSON, MURRAY",Democrat,1,1,,,Endorsed for TRUSTEE (Democrat) [V6: generic note - no extracted text],0.9,,,,,pdf,,121300_19881106,
MI,Detroit Free Press,121300,1990,GOVERNOR,,Michigan Governor,MI,"BLANCHARD, JAMES J.",Democrat,1,1,,,Endorsed for GOVERNOR (Democrat) [V6: generic note - no extracted text],0.9,,,,,pdf,,121300_19901106,
MI,Detroit Free Press,121300,1990,SENATOR,,United States Senate from Michigan,MI,"LEVIN, CARL",Democrat,1,,,,Endorsed for SENATOR (Democrat) [V6: generic note - no extracted text],0.9,,,,,pdf,,121300_19901106,
MI,Detroit Free Press,121300,1990,SEC OF STATE,,Michigan Secretary of State,MI,"AUSTIN, RICHARD H.",Democrat,1,,,,Endorsed for SEC OF STATE (Democrat) [V6: generic note - no extracted text],0.9,,,,,pdf,,121300_19901106,
MI,Detroit Free Press,121300,1990,ATTORNEY GENERAL,,Michigan Attorney General,MI,"KELLEY, FRANK J.",Democrat,1,,,,Endorsed for ATTORNEY GENERAL (Democrat) [V6: generic note - no extracted text],0.9,,,,,pdf,,121300_19901106,
MI,Detroit Free Press,121300,1990,H,1,U.S. House Michigan District 1,MI,"CONYERS, JOHN JR.",Democrat,1,1,,,Endorsed for H District 1 (Democrat) [V6: generic note - no extracted text],0.9,,,,,pdf,,121300_19901106,
MI,Detroit Free Press,121300,1990,H,3,U.S. House Michigan District 3,MI,"WOLPE, HOWARD",Democrat,1,1,,,[V3: dist=3 inferred from same-era cross-year match],0.90,District unclear,,,,pdf,,121300_19901106,
MI,Detroit Free Press,121300,1990,H,5,U.S. House Michigan District 5,MI,"HENRY, PAUL B.",Republican,1,,1,,[V3: dist=5 inferred from same-era cross-year match],0.90,,,,,pdf,,121300_19901106,
MI,Detroit Free Press,121300,1990,H,7,U.S. House Michigan District 7,MI,"KILDEE, DALE E.",Democrat,1,1,,,[V3: dist=7 inferred from same-era cross-year match],0.90,,,,,pdf,,121300_19901106,
MI,Detroit Free Press,121300,1990,H,8,U.S. House Michigan District 8,MI,"TRAXLER, BOB",Democrat,1,,,,[V3: dist=8 inferred from same-era cross-year match],0.90,,,,,pdf,,121300_19901106,
MI,Detroit Free Press,121300,1990,H,9,U.S. House Michigan District 9,MI,"VANDER JAGT, GUY",Republican,1,,,,[V3: dist=9 inferred from same-era cross-year match],0.90,,,,,pdf,,121300_19901106,
MI,Detroit Free Press,121300,1990,H,10,U.S. House Michigan District 10,MI,"CAMP, DAVE",Republican,1,,,,Endorsed for H (Republican) [V6: generic note - no extracted text] | V9c: dist ->10 per 1990 recap image (gap-year pass),0.85,,,,,pdf,,121300_19901106,
MI,Detroit Free Press,121300,1990,H,11,U.S. House Michigan District 11,MI,"DAVIS, BOB",Republican,1,,,,[V3: dist=11 inferred from same-era cross-year match],0.90,,,,,pdf,,121300_19901106,
MI,Detroit Free Press,121300,1990,H,12,U.S. House Michigan District 12,MI,"BONIOR, DAVID E.",Democrat,1,,,,[V3: dist=12 inferred from same-era cross-year match],0.90,,,,,pdf,,121300_19901106,
MI,Detroit Free Press,121300,1990,H,14,U.S. House Michigan District 14,MI,"HERTEL, DENNIS M.",Democrat,1,,,,Endorsed for H (Democrat) [V6: generic note - no extracted text] | V9c: dist ->14 per 1990 recap image (gap-year pass),0.85,,,,,pdf,,121300_19901106,
MI,Detroit Free Press,121300,1990,H,15,U.S. House Michigan District 15,MI,"FORD, WILLIAM D.",Democrat,1,,,,Endorsed for H (Democrat) [V6: generic note - no extracted text] | V9c: dist ->15 per 1990 recap image (gap-year pass),0.85,,,,,pdf,,121300_19901106,
MI,Detroit Free Press,121300,1990,H,16,U.S. House Michigan District 16,MI,"DINGELL, JOHN D.",Democrat,1,,,,[V3: dist=16 inferred from same-era cross-year match],0.90,,,,,pdf,,121300_19901106,
MI,Detroit Free Press,121300,1990,H,17,U.S. House Michigan District 17,MI,"LEVIN, SANDER M.",Democrat,1,,,,[V3: dist=17 inferred from same-era cross-year match],0.90,,,,,pdf,,121300_19901106,
MI,Detroit Free Press,121300,1990,H,18,U.S. House Michigan District 18,MI,"BROOMFIELD, WILLIAM S.",Republican,1,,1,,[V3: dist=18 inferred from same-era cross-year match],0.90,,,,,pdf,,121300_19901106,
MI,Detroit Free Press,121300,1990,STATE BOARD OF ED,,State Board of Education (MI),MI,"MASON, BARBARA ROBERTS",Democrat,1,,,,Endorsed for STATE BOARD OF ED (Democrat) [V6: generic note - no extracted text],0.9,,,,,pdf,,121300_19901106,
MI,Detroit Free Press,121300,1990,STATE BOARD OF ED,,State Board of Education (MI),MI,"PERRY, LOWELL",Republican,1,,,,Endorsed for STATE BOARD OF ED (Republican) [V6: generic note - no extracted text],0.9,,,,,pdf,,121300_19901106,
MI,Detroit Free Press,121300,1990,REGENT,,University of Michigan Board of Regents,MI,"MCFEE, SHIRLEY",Republican,1,,,,Endorsed for REGENT (Republican) [V6: generic note - no extracted text],0.9,,,,,pdf,,121300_19901106,
MI,Detroit Free Press,121300,1990,REGENT,,University of Michigan Board of Regents,MI,"POWER, PHILIP",Democrat,1,,,,Endorsed for REGENT (Democrat) [V6: generic note - no extracted text],0.9,,,,,pdf,,121300_19901106,
MI,Detroit Free Press,121300,1990,TRUSTEE,,Michigan State University Board of Trustees,MI,"COOK, DEE",Republican,1,,,,MSU,0.9,,,,,pdf,,121300_19901106,
MI,Detroit Free Press,121300,1990,TRUSTEE,,Michigan State University Board of Trustees,MI,"SHINGLETON, JACK",Republican,1,,,,MSU,0.9,,,,,pdf,,121300_19901106,
MI,Detroit Free Press,121300,1990,TRUSTEE,,Wayne State University Board of Governors,MI,"KOPACK, LAURA REYES",Republican,1,,,,Endorsed for TRUSTEE (Republican) [V6: generic note - no extracted text],0.9,,,,,pdf,,121300_19901106,
MI,Detroit Free Press,121300,1990,TRUSTEE,,Wayne State University Board of Governors,MI,"ROBINSON, JAMES",Democrat,1,,,,Endorsed for TRUSTEE (Democrat) [V6: generic note - no extracted text],0.9,,,,,pdf,,121300_19901106,
MI,Detroit Free Press,121300,1990,STATE REP,1,Michigan House District 1,MI,"BENNANE, MICHAEL J.",Democrat,1,1,,,Endorsed for STATE REP District 1 (Democrat) [V6: generic note - no extracted text],0.9,,,,,pdf,,121300_19901106,
MI,Detroit Free Press,121300,1990,STATE REP,2,Michigan House District 2,MI,"LELAND, BURTON",Democrat,1,1,,,[V3: dist=2 inferred from same-era cross-year match],0.90,,,,,pdf,,121300_19901106,
MI,Detroit Free Press,121300,1990,STATE REP,3,Michigan House District 3,MI,"VARGA, IONA",Democrat,1,1,,,[V3: dist=3 inferred from same-era cross-year match],0.90,,,,,pdf,,121300_19901106,
MI,Detroit Free Press,121300,1990,STATE REP,4,Michigan House District 4,MI,"STALLWORTH, ALMA G.",Democrat,1,1,,,[V3: dist=4 inferred from same-era cross-year match],0.90,,,,,pdf,,121300_19901106,
MI,Detroit Free Press,121300,1990,STATE REP,6,Michigan House District 6,MI,"HOOD, MORRIS JR.",Democrat,1,1,,,[V3: dist=6 inferred from same-era cross-year match],0.90,,,,,pdf,,121300_19901106,
MI,Detroit Free Press,121300,1990,STATE REP,8,Michigan House District 8,MI,"KILPATRICK, CAROLYN CHEEKS",Democrat,1,,,,[V3: dist=8 inferred from same-era cross-year match],0.90,,,,,pdf,,121300_19901106,
MI,Detroit Free Press,121300,1990,STATE REP,10,Michigan House District 10,MI,"WALLACE, TED",Democrat,1,1,,,[V3: dist=10 inferred from same-era cross-year match],0.90,,,,,pdf,,121300_19901106,
MI,Detroit Free Press,121300,1990,STATE REP,12,Michigan House District 12,MI,"HERTEL, CURTIS",Democrat,1,1,,,[V3: dist=12 inferred from same-era cross-year match],0.90,,,,,pdf,,121300_19901106,
MI,Detroit Free Press,121300,1990,STATE REP,13,Michigan House District 13,MI,"BRYANT, WILLIAM R. JR.",Republican,1,,1,,[V3: dist=13 inferred from same-era cross-year match],0.90,,,,,pdf,,121300_19901106,
MI,Detroit Free Press,121300,1990,STATE REP,14,Michigan House District 14,MI,"YOUNG, JOE SR.",Democrat,1,,,,[V6: dist filled from same candidate other years] | V9c: dist 3->14 per 1990 recap image (gap-year pass),0.85,,,,,pdf,,121300_19901106,
MI,Detroit Free Press,121300,1990,STATE REP,,Michigan House of Representatives,MI,"YOUNG, JOE JR.",Democrat,1,,,,Endorsed for STATE REP (Democrat) [V6: generic note - no extracted text],0.85,,,,,pdf,,121300_19901106,
MI,Detroit Free Press,121300,1990,STATE REP,16,Michigan House District 16,MI,"CLARKE, HANSEN",Democrat,1,,,,Endorsed for STATE REP (Democrat) [V6: generic note - no extracted text] | V9c: assigned d16 per 1990 recap image (gap-year),0.85,,,,,pdf,,121300_19901106,
MI,Detroit Free Press,121300,1990,STATE REP,17,Michigan House of Representatives,MI,"MURPHY, RAYMOND M.",Democrat,1,,,,[V6: dist filled from same candidate other years],0.85,,,,,pdf,,121300_19901106,
MI,Detroit Free Press,121300,1990,STATE REP,28,Michigan House District 28,MI,"DEMARS, ROBERT",Democrat,1,1,,,[V3: dist=28 inferred from same-era cross-year match],0.90,,,,,pdf,,121300_19901106,
MI,Detroit Free Press,121300,1990,STATE REP,29,Michigan House District 29,MI,"PITONIAK, GREGORY E.",Democrat,1,1,,,Endorsed for STATE REP (Democrat) [V6: generic note - no extracted text] | V9c: dist ->29 per 1990 recap image (gap-year pass),0.92,,,,,pdf,,121300_19901106,
MI,Detroit Free Press,121300,1990,STATE REP,30,Michigan House District 30,MI,"PALAMARA, JOSEPH",Democrat,1,1,,,Endorsed for STATE REP District 30 (Democrat) [V6: generic note - no extracted text],0.9,,,,,pdf,,121300_19901106,
MI,Detroit Free Press,121300,1990,STATE REP,31,Michigan House District 31,MI,"DOBRONSKI, AGNES",Democrat,1,1,,,[V3: dist=31 inferred from same-era cross-year match],0.90,,,,,pdf,,121300_19901106,
MI,Detroit Free Press,121300,1990,STATE REP,32,Michigan House District 32,MI,"YOUNG, RICHARD A.",Democrat,1,1,,,[V3: dist=32 inferred from same-era cross-year match],0.90,,,,,pdf,,121300_19901106,
MI,Detroit Free Press,121300,1990,STATE REP,34,Michigan House District 34,MI,"BENNETT, JOHN",Democrat,1,,,,[V3: dist=34 inferred from same-era cross-year match],0.90,,,,,pdf,,121300_19901106,
MI,Detroit Free Press,121300,1990,STATE REP,35,Michigan House District 35,MI,"BANKES, LYN",Republican,1,,,,[V3: dist=35 inferred from same-era cross-year match],0.90,,,,,pdf,,121300_19901106,
MI,Detroit Free Press,121300,1990,STATE REP,36,Michigan House District 36,MI,"LAW, GERALD H.",Republican,1,,1,,[V3: dist=36 inferred from same-era cross-year match],0.90,,,,,pdf,,121300_19901106,
MI,Detroit Free Press,121300,1990,STATE REP,37,Michigan House District 37,MI,"KOSTEVA, JIM",Democrat,1,,,,[V3: dist=37 inferred from same-era cross-year match],0.90,,,,,pdf,,121300_19901106,
MI,Detroit Free Press,121300,1990,STATE REP,38,Michigan House District 38,MI,"BARNS, JUSTINE",Democrat,1,,,,Endorsed for STATE REP District 38 (Democrat) [V6: generic note - no extracted text],0.9,,,,,pdf,,121300_19901106,
MI,Detroit Free Press,121300,1990,STATE REP,24,Michigan House District 24,MI,"DOBB, BARBARA",Republican,1,,,,Endorsed for STATE REP District 24 (Republican) [V6: generic note - no extracted text],0.9,,,,,pdf,,121300_19901106,
MI,Detroit Free Press,121300,1990,STATE REP,60,Michigan House District 60,MI,"BULLARD, WILLIS C. JR.",Republican,1,,1,,Endorsed for STATE REP (Republican) [V6: generic note - no extracted text] | V9c: assigned d60 per 1990 recap image (gap-year),0.92,,,,,pdf,,121300_19901106,
MI,Detroit Free Press,121300,1990,STATE REP,62,Michigan House District 62,MI,"HARRISON, CHARLIE J. JR.",Democrat,1,1,,,Endorsed for STATE REP District 62 (Democrat) [V6: generic note - no extracted text],0.9,,,,,pdf,,121300_19901106,
MI,Detroit Free Press,121300,1990,STATE REP,64,Michigan House District 64,MI,"BERMAN, MAXINE",Democrat,1,1,,,Endorsed for STATE REP District 64 (Democrat) [V6: generic note - no extracted text],0.9,,,,,pdf,,121300_19901106,
MI,Detroit Free Press,121300,1990,STATE REP,65,Michigan House District 65,MI,"BOUCHARD, MICHAEL",Republican,1,,,,Endorsed for STATE REP District 65 (Republican) [V6: generic note - no extracted text],0.9,,,,,pdf,,121300_19901106,
MI,Detroit Free Press,121300,1990,STATE REP,66,Michigan House District 66,MI,"WEBB, WILFRED D.",Democrat,1,1,,,Endorsed for STATE REP District 66 (Democrat) [V6: generic note - no extracted text],0.9,,,,,pdf,,121300_19901106,
MI,Detroit Free Press,121300,1990,STATE REP,68,Michigan House District 68,MI,"JOHNSON, SHIRLEY",Republican,1,,1,,Endorsed for STATE REP District 68 (Republican) [V6: generic note - no extracted text],0.9,,,,,pdf,,121300_19901106,
MI,Detroit Free Press,121300,1990,STATE REP,69,Michigan House District 69,MI,"DOLAN, JAN C.",Republican,1,,1,,Endorsed for STATE REP District 69 (Republican) [V6: generic note - no extracted text],0.9,,,,,pdf,,121300_19901106,
MI,Detroit Free Press,121300,1990,STATE REP,25,Michigan House District 25,MI,"OLSHOVE, DENNIS",Democrat,1,,,,[V6: dist filled from same candidate other years] | V9c: dist 29->25 per 1990 recap image (gap-year pass),0.85,,,,,pdf,,121300_19901106,
MI,Detroit Free Press,121300,1990,STATE REP,26,Michigan House District 26,MI,"BROWNE, BILL",Democrat,1,1,,,[V3: dist=26 inferred from same-era cross-year match],0.90,,,,,pdf,,121300_19901106,
MI,Detroit Free Press,121300,1990,STATE REP,,Michigan House of Representatives,MI,"ROCCA, SAL",Democrat,1,,,,Endorsed for STATE REP (Democrat) [V6: generic note - no extracted text],0.85,,,,,pdf,,121300_19901106,
MI,Detroit Free Press,121300,1990,STATE REP,72,Michigan House District 72,MI,"GIRE, SHARON L.",Democrat,1,1,,,Endorsed for STATE REP (Democrat) [V6: generic note - no extracted text] | V9c: assigned d72 per 1990 recap image (gap-year),0.92,,,,,pdf,,121300_19901106,
MI,Detroit Free Press,121300,1990,STATE REP,73,Michigan House District 73,MI,"CIARAMITARO, NICK",Democrat,1,1,,,[V3: dist=73 inferred from same-era cross-year match],0.90,,,,,pdf,,121300_19901106,
MI,Detroit Free Press,121300,1990,STATE REP,74,Michigan House District 74,MI,"MACDONALD, BOB",Republican,1,,,,Endorsed for STATE REP (Republican) [V6: generic note - no extracted text] | V9c: assigned d74 per 1990 recap image (gap-year),0.85,,,,,pdf,,121300_19901106,
MI,Detroit Free Press,121300,1990,STATE REP,75,Michigan House District 75,MI,"DEBEAUSSAERT, KENNETH J.",Democrat,1,1,,,[V3: dist=75 inferred from same-era cross-year match],0.90,,,,,pdf,,121300_19901106,
MI,Detroit Free Press,121300,1990,STATE REP,19,Michigan House District 19,MI,"VAN SINGEL, DONALD",Republican,1,,1,,Endorsed for STATE REP District 19 (Republican) [V6: generic note - no extracted text],0.9,,,,,pdf,,121300_19901106,
MI,Detroit Free Press,121300,1990,STATE SENATOR,34,Michigan Senate District 34,MI,"BARCIA, JAMES",Democrat,1,,,,Endorsed for STATE REP (Democrat) [V6: generic note - no extracted text] | V9 fix: recoded STATE REP->STATE SENATOR d34 per 1990 recap image,0.85,,,,,pdf,,121300_19901106,
MI,Detroit Free Press,121300,1990,STATE SENATOR,35,Michigan Senate District 35,MI,"EMMONS, JOANNE",Republican,1,,,,Endorsed for STATE REP (Republican) [V6: generic note - no extracted text] | V9 fix: recoded STATE REP->STATE SENATOR d35 per 1990 recap image,0.85,,,,,pdf,,121300_19901106,
MI,Detroit Free Press,121300,1990,STATE SENATOR,9,Michigan Senate District 9,MI,"NOTTE, RICHARD",Democrat,1,,,,Endorsed for STATE REP District 9 (Democrat) [V6: generic note - no extracted text] | V9 fix: recoded STATE REP->STATE SENATOR d9 per 1990 recap image,0.9,,,,,pdf,,121300_19901106,
MI,Detroit Free Press,121300,1990,STATE SENATOR,27,Michigan Senate District 27,MI,"MILLER, ARTHUR JR.",Democrat,1,,,,Endorsed for STATE REP District 27 (Democrat) [V6: generic note - no extracted text] | V9 fix: recoded STATE REP->STATE SENATOR d27 per 1990 recap image,0.9,,,,,pdf,,121300_19901106,
MI,Detroit Free Press,121300,1990,STATE SENATOR,37,Michigan Senate District 37,MI,"WEISS, TOM",Democrat,1,,,,Endorsed for STATE REP (Democrat) [V6: generic note - no extracted text] | V9 fix: recoded STATE REP->STATE SENATOR d37 per 1990 recap image,0.85,,,,,pdf,,121300_19901106,
MI,Detroit Free Press,121300,1990,STATE SENATOR,38,Michigan Senate District 38,MI,"KOIVISTO, JON",Democrat,1,,,,Endorsed for STATE REP (Democrat) [V6: generic note - no extracted text] | V9 fix: recoded STATE REP->STATE SENATOR d38 per 1990 recap image,0.85,,,,,pdf,,121300_19901106,
MI,Detroit Free Press,121300,1990,STATE SENATOR,11,Michigan Senate District 11,MI,"BERRYMAN, JIM",Democrat,1,,,,Endorsed for STATE REP (Democrat) [V6: generic note - no extracted text] | V9 fix: recoded STATE REP->STATE SENATOR d11 per 1990 recap image,0.85,,,,,pdf,,121300_19901106,
MI,Detroit Free Press,121300,1990,STATE SENATOR,13,Michigan Senate District 13,MI,"WELBORN, JACK",Republican,1,,,,Endorsed for STATE REP (Republican) [V6: generic note - no extracted text] | V9 fix: recoded STATE REP->STATE SENATOR d13 per 1990 recap image,0.85,,,,,pdf,,121300_19901106,
MI,Detroit Free Press,121300,1990,STATE SENATOR,10,Michigan Senate District 10,MI,"HART, GEORGE",Democrat,1,,,,Endorsed for STATE REP District 10 (Democrat) [V6: generic note - no extracted text] | V9 fix: recoded STATE REP->STATE SENATOR d10 per 1990 recap image,0.9,,,,,pdf,,121300_19901106,
MI,Detroit Free Press,121300,1990,STATE SENATOR,8,Michigan Senate District 8,MI,"PETERS, GARY",Democrat,1,,,,Endorsed for STATE REP District 8 (Democrat) [V6: generic note - no extracted text] | V9 fix: recoded STATE REP->STATE SENATOR d8 per 1990 recap image,0.9,,,,,pdf,,121300_19901106,
MI,Detroit Free Press,121300,1990,STATE SENATOR,15,Michigan Senate District 15,MI,"FAXON, JACK",Democrat,1,,,,Endorsed for STATE REP District 15 (Democrat) [V6: generic note - no extracted text] | V9 fix: recoded STATE REP->STATE SENATOR d15 per 1990 recap image,0.9,,,,,pdf,,121300_19901106,
MI,Detroit Free Press,121300,1990,STATE SENATOR,16,Michigan Senate District 16,MI,"FREEMAN, JOHN",Democrat,1,,,,Endorsed for STATE REP District 16 (Democrat) [V6: generic note - no extracted text] | V9 fix: recoded STATE REP->STATE SENATOR d16 per 1990 recap image,0.9,,,,,pdf,,121300_19901106,
MI,Detroit Free Press,121300,1990,STATE SENATOR,17,Michigan Senate District 17,MI,"HONIGMAN, DAVE",Republican,1,,,,Endorsed for STATE REP District 17 (Republican) [V6: generic note - no extracted text] | V9 fix: recoded STATE REP->STATE SENATOR d17 per 1990 recap image,0.9,,,,,pdf,,121300_19901106,
MI,Detroit Free Press,121300,1990,STATE SENATOR,6,Michigan Senate District 6,MI,"GEAKE, ROBERT",Republican,1,,,,Endorsed for STATE REP (Republican) [V6: generic note - no extracted text] | V9 fix: recoded STATE REP->STATE SENATOR d6 per 1990 recap image,0.85,,,,,pdf,,121300_19901106,
MI,Detroit Free Press,121300,1990,STATE SENATOR,1,Michigan Senate District 1,MI,"TANNIAN, PHILIP",Republican,1,,,,Endorsed for STATE REP (Republican) [V6: generic note - no extracted text] | V9 fix: recoded STATE REP->STATE SENATOR d1 per 1990 recap image,0.85,,,,,pdf,,121300_19901106,
MI,Detroit Free Press,121300,1990,STATE SENATOR,7,Michigan Senate District 7,MI,"DINGELL, CHRISTOPHER",Democrat,1,,,,Endorsed for STATE REP (Democrat) [V6: generic note - no extracted text] | V9 fix: recoded STATE REP->STATE SENATOR d7 per 1990 recap image,0.85,,,,,pdf,,121300_19901106,
MI,Detroit Free Press,121300,1990,STATE REP,48,Michigan House of Representatives,MI,"GILMER, DONALD H.",Republican,1,,,,[V6: dist filled from same candidate other years],0.85,,,,,pdf,,121300_19901106,
MI,Detroit Free Press,121300,1990,STATE REP,49,Michigan House District 49,MI,"MARTIN, BILL",Republican,1,,,,Endorsed for STATE REP (Republican) [V6: generic note - no extracted text] | V9c: assigned d49 per 1990 recap image (gap-year),0.85,,,,,pdf,,121300_19901106,
MI,Detroit Free Press,121300,1990,STATE REP,51,Michigan House of Representatives,MI,"MUNSELL, SUSAN GRIMES",Republican,1,,,,[V6: dist filled from same candidate other years],0.85,,,,,pdf,,121300_19901106,
MI,Detroit Free Press,121300,1990,STATE REP,59,Michigan House District 59,MI,"JONDAHL, H. LYNN",Democrat,1,1,,,[V3: dist=59 inferred from same-era cross-year match],0.90,,,,,pdf,,121300_19901106,
MI,Detroit Free Press,121300,1990,STATE SENATOR,24,Michigan Senate District 24,MI,"STABENOW, DEBBIE",Democrat,1,,,,[V3: dist=58 inferred from same-era cross-year match] | V9 fix: recoded STATE REP->STATE SENATOR d24 per 1990 recap image,0.90,,,,,pdf,,121300_19901106,
MI,Detroit Free Press,121300,1990,STATE REP,58,Michigan House District 58,MI,"BYRUM, DIANNE",Democrat,1,,,,Endorsed for STATE REP (Democrat) [V6: generic note - no extracted text] | V9c: assigned d58 per 1990 recap image (gap-year),0.85,,,,,pdf,,121300_19901106,
MI,Detroit Free Press,121300,1990,STATE REP,76,Michigan House of Representatives,MI,"DOCHERTY, JAMES A.",Democrat,1,1,,,[V6: dist filled from same candidate other years],0.92,,,,,pdf,,121300_19901106,
MI,Detroit Free Press,121300,1990,STATE REP,77,Michigan House District 77,MI,"ALLEN, DICK",Republican,1,,1,,[V3: dist=77 inferred from same-era cross-year match],0.90,,,,,pdf,,121300_19901106,
MI,Detroit Free Press,121300,1990,STATE REP,78,Michigan House District 78,MI,"MUXLOW, KEITH",Republican,1,,1,,[V3: dist=78 inferred from same-era cross-year match],0.90,,,,,pdf,,121300_19901106,
MI,Detroit Free Press,121300,1990,STATE REP,50,Michigan House District 50,MI,"SCOTT, THOMAS E.",Democrat,1,,,,Endorsed for STATE REP (Democrat) [V6: generic note - no extracted text] | V9c: assigned d50 per 1990 recap image (gap-year),0.85,,,,,pdf,,121300_19901106,
MI,Detroit Free Press,121300,1990,STATE SENATOR,14,Michigan Senate District 14,MI,"HART, JEROME",Democrat,1,,,,"Endorsed for STATE REP (Democrat) [V6: generic note - no extracted text] | V9 fix: name HART, KAY->HART, JEROME + recoded to STATE SENATOR d14 per 1990 recap image",0.85,,,,,pdf,,121300_19901106,
MI,Detroit Free Press,121300,1990,STATE REP,84,Michigan House District 84,MI,"STRAND, JOHN G.",Republican,1,,1,,[V3: dist=84 inferred from same-era cross-year match],0.90,,,,,pdf,,121300_19901106,
MI,Detroit Free Press,121300,1990,STATE REP,86,Michigan House of Representatives,MI,"DODAK, LEWIS N.",Democrat,1,1,,,[V6: dist filled from same candidate other years],0.92,,,,,pdf,,121300_19901106,
MI,Detroit Free Press,121300,1990,STATE REP,85,Michigan House of Representatives,MI,"O'NEILL, JAMES JR.",Democrat,1,,,,[V6: dist filled from same candidate other years],0.85,,,,,pdf,,121300_19901106,
MI,Detroit Free Press,121300,1990,STATE REP,87,Michigan House District 87,MI,"HARDER, CLARK",Democrat,1,,,,[V6: dist filled from same candidate other years] | V9c: dist 85->87 per 1990 recap image (gap-year pass),0.85,,,,,pdf,,121300_19901106,
MI,Detroit Free Press,121300,1990,STATE REP,88,Michigan House District 88,MI,"BENDER, ROBERT",Republican,1,,1,,Endorsed for STATE REP (Republican) [V6: generic note - no extracted text] | V9c: assigned d88 per 1990 recap image (gap-year),0.92,,,,,pdf,,121300_19901106,
MI,Detroit Free Press,121300,1990,STATE REP,89,Michigan House District 89,MI,"RANDALL, GARY L.",Republican,1,,,,[V6: dist filled from same candidate other years] | V9c: dist 93->89 (Bandstra is d93) per pattern,0.85,,,,,pdf,,121300_19901106,
MI,Detroit Free Press,121300,1990,STATE REP,91,Michigan House District 91,MI,"DELANGE, WALTER J.",Republican,1,,1,,Endorsed for STATE REP (Republican) [V6: generic note - no extracted text] | V9c: assigned d91 per 1990 recap image (gap-year),0.92,,,,,pdf,,121300_19901106,
MI,Detroit Free Press,121300,1990,STATE REP,92,Michigan House District 92,MI,"MATHIEU, THOMAS C.",Democrat,1,1,,,[V6: dist filled from same candidate other years] | V9c: dist 76->92 per 1990 recap image (gap-year pass),0.92,,,,,pdf,,121300_19901106,
MI,Detroit Free Press,121300,1990,STATE REP,93,Michigan House District 93,MI,"BANDSTRA, RICHARD",Republican,1,,1,,Endorsed for STATE REP (Republican) [V6: generic note - no extracted text] | V9c: assigned d93 per 1990 recap image (gap-year),0.92,,,,,pdf,,121300_19901106,
MI,Detroit Free Press,121300,1990,STATE REP,94,Michigan House District 94,MI,"SIKKEMA, KEN",Republican,1,,1,,Endorsed for STATE REP (Republican) [V6: generic note - no extracted text] | V9c: assigned d94 per 1990 recap image (gap-year),0.92,,,,,pdf,,121300_19901106,
MI,Detroit Free Press,121300,1990,STATE REP,96,Michigan House District 96,MI,"KNIGHT, MICKEY",Republican,1,,,,Endorsed for STATE REP (Republican) [V6: generic note - no extracted text] | V9c: assigned d96 per 1990 recap image (gap-year),0.85,,,,,pdf,,121300_19901106,
MI,Detroit Free Press,121300,1990,STATE SENATOR,29,Michigan Senate District 29,MI,"CHERRY, JOHN",Democrat,1,,,,Endorsed for STATE REP (Democrat) [V6: generic note - no extracted text] | V9 fix: recoded STATE REP->STATE SENATOR d29 per 1990 recap image,0.85,,,,,pdf,,121300_19901106,
MI,Detroit Free Press,121300,1990,STATE SENATOR,30,Michigan Senate District 30,MI,"DILLINGHAM, FREDERICK",Republican,1,,,,Endorsed for STATE REP (Republican) [V6: generic note - no extracted text] | V9 fix: recoded STATE REP->STATE SENATOR d30 per 1990 recap image,0.85,,,,,pdf,,121300_19901106,
MI,Detroit Free Press,121300,1990,STATE SENATOR,31,Michigan Senate District 31,MI,"POSTHUMUS, DICK",Republican,1,,,,Endorsed for STATE REP (Republican) [V6: generic note - no extracted text] | V9 fix: recoded STATE REP->STATE SENATOR d31 per 1990 recap image,0.85,,,,,pdf,,121300_19901106,
MI,Detroit Free Press,121300,1990,STATE SENATOR,32,Michigan Senate District 32,MI,"EHLERS, VERNON",Republican,1,,,,Endorsed for STATE REP (Republican) [V6: generic note - no extracted text] | V9 fix: recoded STATE REP->STATE SENATOR d32 per 1990 recap image,0.85,,,,,pdf,,121300_19901106,
MI,Detroit Free Press,121300,1990,STATE SENATOR,33,Michigan Senate District 33,MI,"ARTHURHULTZ, PHIL",Republican,1,,,,Endorsed for STATE REP (Republican) [V6: generic note - no extracted text] | V9 fix: recoded STATE REP->STATE SENATOR d33 per 1990 recap image,0.85,,,,,pdf,,121300_19901106,
MI,Detroit Free Press,121300,1990,STATE REP,44,Michigan House District 44,MI,"BRACKENRIDGE, ROBERT",Republican,1,,,,Endorsed for STATE REP (Republican) [V6: generic note - no extracted text] | V9c: assigned d44 per 1990 recap image (gap-year),0.85,,,,,pdf,,121300_19901106,
MI,Detroit Free Press,121300,1990,STATE REP,45,Michigan House District 45,MI,"MIDDAUGH, JAMES ""MICK""",Republican,1,,1,,Endorsed for STATE REP (Republican) [V6: generic note - no extracted text] | V9c: assigned d45 per 1990 recap image (gap-year),0.92,,,,,pdf,,121300_19901106,
MI,Detroit Free Press,121300,1990,STATE REP,46,Michigan House District 46,MI,"BROWN, MARY C.",Democrat,1,1,,,Endorsed for STATE REP (Democrat) [V6: generic note - no extracted text] | V9c: assigned d46 per 1990 recap image (gap-year),0.92,,,,,pdf,,121300_19901106,
MI,Detroit Free Press,121300,1990,STATE REP,47,Michigan House District 47,MI,"SHUGARS, DALE",Republican,1,,,,Endorsed for STATE REP (Republican) [V6: generic note - no extracted text] | V9c: assigned d47 per 1990 recap image (gap-year),0.85,,,,,pdf,,121300_19901106,
MI,Detroit Free Press,121300,1990,STATE REP,52,Michigan House District 52,MI,"DOUGLAS, JAMES",Democrat,1,,,,[V6: dist filled from same candidate other years] | V9c: dist 55->52 per 1990 recap image (gap-year pass),0.85,,,,,pdf,,121300_19901106,
MI,Detroit Free Press,121300,1990,STATE REP,53,Michigan House District 53,MI,"BULLARD, PERRY",Democrat,1,1,,,[V3: dist=53 inferred from same-era cross-year match],0.90,,,,,pdf,,121300_19901106,
MI,Detroit Free Press,121300,1990,STATE REP,100,Michigan House of Representatives,MI,"NIEDERSTADT, ROLAND G.",Democrat,1,1,,,[V6: dist filled from same candidate other years],0.92,,,,,pdf,,121300_19901106,
MI,Detroit Free Press,121300,1990,STATE REP,42,Michigan House District 42,MI,"OXENDER, GLENN",Republican,1,,,,[V6: dist filled from same candidate other years] | V9c: dist 59->42 per 1990 recap image (gap-year pass),0.85,,,,,pdf,,121300_19901106,
MI,Detroit Free Press,121300,1990,STATE REP,99,Michigan House District 99,MI,"MCBRYDE, JIM",Republican,1,,,,Endorsed for STATE REP (Republican) [V6: generic note - no extracted text] | V9c: assigned d99 per 1990 recap image (gap-year),0.85,,,,,pdf,,121300_19901106,
MI,Detroit Free Press,121300,1990,STATE REP,103,Michigan House District 103,MI,"OSTLING, RALPH",Republican,1,,1,,[V3: dist=103 inferred from same-era cross-year match],0.90,,,,,pdf,,121300_19901106,
MI,Detroit Free Press,121300,1990,CNTY COMM,11,Wayne,MI,"MACK, MILTON",Democrat,1,,,,Endorsed for CNTY COMM District 11 (Democrat) [V6: generic note - no extracted text],0.9,,,,,pdf,,121300_19901106,
MI,Detroit Free Press,121300,1990,CNTY COMM,15,Wayne,MI,"RAMAGE, BRUCE",Republican,1,,,,Endorsed for CNTY COMM District 15 (Republican) [V6: generic note - no extracted text],0.9,,,,,pdf,,121300_19901106,
MI,Detroit Free Press,121300,1990,SCHOOL BOARD,1,Detroit,MI,"BAUER, DEBBIE",Nonpartisan,1,,,,Endorsed for SCHOOL BOARD District 1 [V6: generic note - no extracted text],0.9,,,,,pdf,,121300_19901106,
MI,Detroit Free Press,121300,1990,SCHOOL BOARD,2,Detroit,MI,"GARZA, BETTA",Nonpartisan,1,,,,Endorsed for SCHOOL BOARD District 2 [V6: generic note - no extracted text],0.9,,,,,pdf,,121300_19901106,
MI,Detroit Free Press,121300,1990,SCHOOL BOARD,4,Detroit,MI,"WASHBURN, BEN",Nonpartisan,1,,,,Endorsed for SCHOOL BOARD District 4 [V6: generic note - no extracted text],0.9,,,,,pdf,,121300_19901106,
MI,Detroit Free Press,121300,1990,SCHOOL BOARD,5,Detroit,MI,"EVERETT, KAY",Nonpartisan,1,,,1,Endorsed for SCHOOL BOARD District 5 [V6: generic note - no extracted text],0.9,,,,,pdf,,121300_19901106,
MI,Detroit Free Press,121300,1990,SCHOOL BOARD,6,Detroit,MI,"MURPHY, RODEANA",Nonpartisan,1,,,,Endorsed for SCHOOL BOARD District 6 [V6: generic note - no extracted text],0.9,,,,,pdf,,121300_19901106,
MI,Detroit Free Press,121300,1990,SCHOOL BOARD,7,Detroit,MI,"COLEMAN, APRIL",Nonpartisan,1,,,,Endorsed for SCHOOL BOARD District 7 [V6: generic note - no extracted text],0.9,,,,,pdf,,121300_19901106,
MI,Detroit Free Press,121300,1990,SUPREME COURT,,Michigan Supreme Court,MI,"BOYLE, PATRICIA",Nonpartisan,1,,,1,Endorsed for SUPREME COURT [V6: generic note - no extracted text],0.9,,,,,pdf,,121300_19901106,
MI,Detroit Free Press,121300,1990,SUPREME COURT,,Michigan Supreme Court,MI,"CAVANAGH, MICHAEL",Nonpartisan,1,,,,Endorsed for SUPREME COURT [V6: generic note - no extracted text],0.9,,,,,pdf,,121300_19901106,
MI,Detroit Free Press,121300,1990,COURT OF APPEALS,2,Michigan Court of Appeals,MI,"HALLMARK, LINDA",Nonpartisan,1,,,,Endorsed for COURT OF APPEALS District 2 [V6: generic note - no extracted text],0.9,,,,,pdf,,121300_19901106,
MI,Detroit Free Press,121300,1990,JUDGE,,Wayne Circuit,MI,"CALLAHAN, MICHAEL JAMES",Nonpartisan,1,,,,Endorsed for JUDGE [V6: generic note - no extracted text],0.9,,,,,pdf,,121300_19901106,
MI,Detroit Free Press,121300,1990,JUDGE,,Wayne Circuit,MI,"CAMPBELL, PATRICIA",Nonpartisan,1,,,,Endorsed for JUDGE [V6: generic note - no extracted text],0.9,,,,,pdf,,121300_19901106,
MI,Detroit Free Press,121300,1990,JUDGE,,Oakland Circuit,MI,"NICHOLS, RUDY",Nonpartisan,1,,,,Endorsed for JUDGE [V6: generic note - no extracted text],0.9,,,,,pdf,,121300_19901106,
MI,Detroit Free Press,121300,1990,JUDGE,,Macomb Circuit,MI,"MACERONI, PETER",Nonpartisan,1,,,,Endorsed for JUDGE [V6: generic note - no extracted text],0.9,,,,,pdf,,121300_19901106,
MI,Detroit Free Press,121300,1990,JUDGE,,31st District Court,MI,"LAWRENCE, CHESTER",Nonpartisan,1,,,,Endorsed for JUDGE [V6: generic note - no extracted text],0.9,,,,,pdf,,121300_19901106,
MI,Detroit Free Press,121300,1990,JUDGE,,19th District Court,MI,"DONAHUE, KATHLEEN",Nonpartisan,1,,,,Endorsed for JUDGE [V6: generic note - no extracted text],0.9,,,,,pdf,,121300_19901106,
MI,Detroit Free Press,121300,1990,JUDGE,,Detroit Recorder's,MI,"SZYMANSKI, DAVID",Nonpartisan,1,,,,Endorsed for JUDGE [V6: generic note - no extracted text],0.9,,,,,pdf,,121300_19901106,
MI,Detroit Free Press,121300,1990,JUDGE,,Detroit Recorder's,MI,"ODROBINA, DIANNE",Nonpartisan,1,,,,Endorsed for JUDGE [V6: generic note - no extracted text],0.9,,,,,pdf,,121300_19901106,
MI,Detroit Free Press,121300,1990,JUDGE,,Detroit Recorder's,MI,"JONES, VERA MASSEY",Nonpartisan,1,,,,Endorsed for JUDGE [V6: generic note - no extracted text],0.9,,,,,pdf,,121300_19901106,
MI,Detroit Free Press,121300,1990,JUDGE,,Detroit Recorder's,MI,"MORROW, WALLACE",Nonpartisan,1,,,,Endorsed for JUDGE [V6: generic note - no extracted text],0.9,,,,,pdf,,121300_19901106,
MI,Detroit Free Press,121300,1990,JUDGE,,Detroit Recorder's,MI,"PARUKE, PAUL",Nonpartisan,1,,,,Endorsed for JUDGE [V6: generic note - no extracted text],0.9,,,,,pdf,,121300_19901106,
MI,Detroit Free Press,121300,1990,JUDGE,,Detroit Recorder's,MI,"STAMP, M. JOHN",Nonpartisan,1,,,,Endorsed for JUDGE [V6: generic note - no extracted text],0.9,,,,,pdf,,121300_19901106,
MI,Detroit Free Press,121300,1990,JUDGE,,Detroit Recorder's,MI,"STRONG, CRAIG",Nonpartisan,1,,,,Endorsed for JUDGE [V6: generic note - no extracted text],0.9,,,,,pdf,,121300_19901106,
MI,Detroit Free Press,121300,1990,JUDGE,,Detroit Recorder's,MI,"TENNEN, HARVEY",Nonpartisan,1,,,,Endorsed for JUDGE [V6: generic note - no extracted text],0.9,,,,,pdf,,121300_19901106,
MI,Detroit Free Press,121300,1990,JUDGE,,Detroit Recorder's,MI,"ZIOLKOWSKI, ROBERT L.",Nonpartisan,1,,,,Endorsed for JUDGE [V6: generic note - no extracted text],0.9,,,,,pdf,,121300_19901106,
MI,Detroit Free Press,121300,1990,JUDGE,,Detroit Recorder's,MI,"MONTGOMERY, GEORGE",Nonpartisan,1,,,,Endorsed for JUDGE [V6: generic note - no extracted text],0.9,,,,,pdf,,121300_19901106,
MI,Detroit Free Press,121300,1990,JUDGE,,Detroit Recorder's,MI,"CURTIS, DAPHNE MEANS",Nonpartisan,1,,,,Endorsed for JUDGE [V6: generic note - no extracted text],0.9,,,,,pdf,,121300_19901106,
MI,Detroit Free Press,121300,1990,JUDGE,,Detroit Recorder's,MI,"JOBES, CLARICE",Nonpartisan,1,,,,Endorsed for JUDGE [V6: generic note - no extracted text],0.9,,,,,pdf,,121300_19901106,
MI,Detroit Free Press,121300,1992,PRESIDENT,,United States,MI,"CLINTON, BILL",Democrat,1,,,,Endorsed for PRESIDENT (Democrat) [V6: generic note - no extracted text],0.9,,,,,pdf,,121300_19921103_v2,
MI,Detroit Free Press,121300,1992,H,1,U.S. House Michigan District 1,MI,"STUPAK, BART",Democrat,1,,,,Endorsed for H District 1 (Democrat) [V6: generic note - no extracted text],0.9,,,,,pdf,,121300_19921103_v2,
MI,Detroit Free Press,121300,1992,H,2,U.S. House Michigan District 2,MI,"MILTNER, JOHN",Democrat,1,,,,Endorsed for H District 2 (Democrat) [V6: generic note - no extracted text],0.9,,,,,pdf,,121300_19921103_v2,
MI,Detroit Free Press,121300,1992,H,3,U.S. House Michigan District 3,MI,"HENRY, PAUL B.",Republican,1,,1,,Endorsed for H District 3 (Republican) [V6: generic note - no extracted text],0.9,,,,,pdf,,121300_19921103_v2,
MI,Detroit Free Press,121300,1992,H,4,U.S. House Michigan District 4,MI,"CAMP, DAVE",Republican,1,,1,,Endorsed for H District 4 (Republican) [V6: generic note - no extracted text],0.9,,,,,pdf,,121300_19921103_v2,
MI,Detroit Free Press,121300,1992,H,5,U.S. House Michigan District 5,MI,"BARCIA, JAMES",Democrat,1,,,,Endorsed for H District 5 (Democrat) [V6: generic note - no extracted text],0.9,,,,,pdf,,121300_19921103_v2,
MI,Detroit Free Press,121300,1992,H,6,U.S. House Michigan District 6,MI,"UPTON, FRED",Republican,1,,,,Endorsed for H District 6 (Republican) [V6: generic note - no extracted text],0.9,,,,,pdf,,121300_19921103_v2,
MI,Detroit Free Press,121300,1992,H,8,U.S. House Michigan District 8,MI,"CARR, BOB",Democrat,1,,,,Endorsed for H District 8 (Democrat) [V6: generic note - no extracted text],0.9,,,,,pdf,,121300_19921103_v2,
MI,Detroit Free Press,121300,1992,H,9,U.S. House Michigan District 9,MI,"KILDEE, DALE E.",Democrat,1,1,,,Endorsed for H District 9 (Democrat) [V6: generic note - no extracted text],0.9,,,,,pdf,,121300_19921103_v2,
MI,Detroit Free Press,121300,1992,H,10,U.S. House Michigan District 10,MI,"BONIOR, DAVID E.",Democrat,1,1,,,Endorsed for H District 10 (Democrat) [V6: generic note - no extracted text],0.9,,,,,pdf,,121300_19921103_v2,
MI,Detroit Free Press,121300,1992,H,12,incumbent,MI,"LEVIN, SANDER M.",Democrat,1,1,,,[V3: dist=12 inferred from same-era cross-year match],0.90,,,,,pdf,,121300_19921103_v2,
MI,Detroit Free Press,121300,1992,H,13,U.S. House Michigan District 13,MI,"FORD, WILLIAM D.",Democrat,1,1,,,Endorsed for H (Democrat) [V6: generic note - no extracted text] | V9c: dist ->13 per 1992 recap image (gap-year pass),0.92,,,,,pdf,,121300_19921103_v2,
MI,Detroit Free Press,121300,1992,H,14,U.S. House Michigan District 14,MI,"CONYERS, JOHN JR.",Democrat,1,1,,,Endorsed for H District 14 (Democrat) [V6: generic note - no extracted text],0.9,,,,,pdf,,121300_19921103_v2,
MI,Detroit Free Press,121300,1992,H,16,U.S. House Michigan District 16,MI,"DINGELL, JOHN D.",Democrat,1,1,,,Endorsed for H District 16 (Democrat) [V6: generic note - no extracted text],0.9,,,,,pdf,,121300_19921103_v2,
MI,Detroit Free Press,121300,1992,H,11,U.S. House Michigan District 11,MI,"BRIGGS, WALTER",Democrat,1,,,,Endorsed for H (Democrat) [V6: generic note - no extracted text] | V9c: dist ->11 per 1992 recap image (gap-year pass),0.85,,,,,pdf,,121300_19921103_v2,
MI,Detroit Free Press,121300,1992,STATE REP,,Michigan House,MI,"PARKER, BERNARD",Democrat,1,,,,Endorsed for STATE SENATOR (Democrat) [V6: generic note - no extracted text] | V9 fix: recoded STATE SENATOR->STATE REP (no 1992 MI senate election); district not visible in 1992 recap - RA confirm (likely d7),0.85,OCR garbled - listed as 2nd Dist commissioner so unclear,,,,pdf,,121300_19921103_v2,
MI,Detroit Free Press,121300,1992,STATE REP,1,Michigan House District 1,MI,"HARTMANN, ELAINE",Democrat,1,,,,Endorsed for STATE REP District 1 (Democrat) [V6: generic note - no extracted text],0.9,,,,,pdf,,121300_19921103_v2,
MI,Detroit Free Press,121300,1992,STATE REP,2,Michigan House District 2,MI,"HERTEL, CURTIS",Democrat,1,,,,Endorsed for STATE REP District 2 (Democrat) [V6: generic note - no extracted text],0.9,,,,,pdf,,121300_19921103_v2,
MI,Detroit Free Press,121300,1992,STATE REP,3,Michigan House District 3,MI,"YOUNG, JOE SR.",Democrat,1,,,,Endorsed for STATE REP District 3 (Democrat) [V6: generic note - no extracted text],0.9,,,,,pdf,,121300_19921103_v2,
MI,Detroit Free Press,121300,1992,STATE REP,4,Michigan House District 4,MI,"YOUNG, JOE JR.",Democrat,1,,,,Endorsed for STATE REP District 4 (Democrat) [V6: generic note - no extracted text],0.9,,,,,pdf,,121300_19921103_v2,
MI,Detroit Free Press,121300,1992,STATE REP,5,Michigan House District 5,MI,"WALLACE, TED",Democrat,1,,,,Endorsed for STATE REP District 5 (Democrat) [V6: generic note - no extracted text],0.9,,,,,pdf,,121300_19921103_v2,
MI,Detroit Free Press,121300,1992,STATE REP,6,Michigan House District 6,MI,"POINTS, DAVID",Democrat,1,,,,Endorsed for STATE REP District 6 (Democrat) [V6: generic note - no extracted text],0.9,,,,,pdf,,121300_19921103_v2,
MI,Detroit Free Press,121300,1992,STATE REP,8,Michigan House District 8,MI,"VARGA, IONA",Democrat,1,,,,Endorsed for STATE REP District 8 (Democrat) [V6: generic note - no extracted text],0.9,,,,,pdf,,121300_19921103_v2,
MI,Detroit Free Press,121300,1992,STATE REP,9,Michigan House District 9,MI,"KILPATRICK, CAROLYN CHEEKS",Democrat,1,,,,Endorsed for STATE REP District 9 (Democrat) [V6: generic note - no extracted text],0.9,,,,,pdf,,121300_19921103_v2,
MI,Detroit Free Press,121300,1992,STATE REP,10,Michigan House District 10,MI,"SAUNDERS, NELSON W.",Democrat,1,,,,Endorsed for STATE REP District 10 (Democrat) [V6: generic note - no extracted text],0.9,,,,,pdf,,121300_19921103_v2,
MI,Detroit Free Press,121300,1992,STATE REP,11,Michigan House District 11,MI,"HOOD, MORRIS JR.",Democrat,1,,,,Endorsed for STATE REP District 11 (Democrat) [V6: generic note - no extracted text],0.9,,,,,pdf,,121300_19921103_v2,
MI,Detroit Free Press,121300,1992,STATE REP,12,Michigan House District 12,MI,"ASHE, BILL",Republican,1,,,,Endorsed for STATE REP District 12 (Republican) [V6: generic note - no extracted text],0.9,,,,,pdf,,121300_19921103_v2,
MI,Detroit Free Press,121300,1992,STATE REP,13,Michigan House District 13,MI,"LELAND, BURTON",Democrat,1,,,,Endorsed for STATE REP District 13 (Democrat) [V6: generic note - no extracted text],0.9,,,,,pdf,,121300_19921103_v2,
MI,Detroit Free Press,121300,1992,STATE REP,15,Michigan House District 15,MI,"DOBRONSKI, AGNES",Democrat,1,,,,Endorsed for STATE REP District 15 (Democrat) [V6: generic note - no extracted text],0.9,,,,,pdf,,121300_19921103_v2,
MI,Detroit Free Press,121300,1992,STATE REP,16,Michigan House District 16,MI,"YOUNG, RICHARD A.",Democrat,1,,,,Endorsed for STATE REP District 16 (Democrat) [V6: generic note - no extracted text],0.9,,,,,pdf,,121300_19921103_v2,
MI,Detroit Free Press,121300,1992,STATE REP,17,Michigan House District 17,MI,"JUAREZ, EDWARD",Republican,1,,,,Endorsed for STATE REP District 17 (Republican) [V6: generic note - no extracted text],0.9,,,,,pdf,,121300_19921103_v2,
MI,Detroit Free Press,121300,1992,STATE REP,19,Michigan House District 19,MI,"BARNS, JUSTINE",Democrat,1,,,,Endorsed for STATE REP District 19 (Democrat) [V6: generic note - no extracted text],0.9,,,,,pdf,,121300_19921103_v2,
MI,Detroit Free Press,121300,1992,STATE REP,21,Michigan House District 21,MI,"KOSTEVA, JIM",Democrat,1,,,,Endorsed for STATE REP District 21 (Democrat) [V6: generic note - no extracted text],0.9,,,,,pdf,,121300_19921103_v2,
MI,Detroit Free Press,121300,1992,STATE REP,22,Michigan House District 22,MI,"PITONIAK, GREGORY E.",Democrat,1,,,,Endorsed for STATE REP District 22 (Democrat) [V6: generic note - no extracted text],0.9,,,,,pdf,,121300_19921103_v2,
MI,Detroit Free Press,121300,1992,STATE REP,23,Michigan House District 23,MI,"PORRECA, VINCENT ""JOE""",Democrat,1,,,,Endorsed for STATE REP District 23 (Democrat) [V6: generic note - no extracted text],0.9,,,,,pdf,,121300_19921103_v2,
MI,Detroit Free Press,121300,1992,STATE REP,24,Michigan House District 24,MI,"PALAMARA, JOSEPH",Democrat,1,,,,Endorsed for STATE REP District 24 (Democrat) [V6: generic note - no extracted text],0.9,,,,,pdf,,121300_19921103_v2,
MI,Detroit Free Press,121300,1992,STATE REP,25,Michigan House District 25,MI,"DEMARS, ROBERT",Democrat,1,,,,Endorsed for STATE REP District 25 (Democrat) [V6: generic note - no extracted text],0.9,,,,,pdf,,121300_19921103_v2,
MI,Detroit Free Press,121300,1992,STATE REP,,Michigan House of Representatives,MI,"WELLONS-GLOVER, DENISE",Democrat,1,,,,Endorsed for STATE REP (Democrat) [V6: generic note - no extracted text],0.85,OCR district unclear,,,,pdf,,121300_19921103_v2,
MI,Detroit Free Press,121300,1992,STATE REP,28,Michigan House District 28,MI,"WEEKS, LLOYD",Democrat,1,,,,Endorsed for STATE REP District 28 (Democrat) [V6: generic note - no extracted text],0.9,,,,,pdf,,121300_19921103_v2,
MI,Detroit Free Press,121300,1992,STATE REP,29,Michigan House District 29,MI,"OLSHOVE, DENNIS",Democrat,1,,,,Endorsed for STATE REP District 29 (Democrat) [V6: generic note - no extracted text],0.9,,,,,pdf,,121300_19921103_v2,
MI,Detroit Free Press,121300,1992,STATE REP,32,Michigan House District 32,MI,"BROWNE, BILL",Democrat,1,,,,Endorsed for STATE REP District 32 (Democrat) [V6: generic note - no extracted text],0.9,,,,,pdf,,121300_19921103_v2,
MI,Detroit Free Press,121300,1992,STATE REP,33,Michigan House District 33,MI,"DEBEAUSSAERT, KENNETH J.",Democrat,1,,,,Endorsed for STATE REP District 33 (Democrat) [V6: generic note - no extracted text],0.9,,,,,pdf,,121300_19921103_v2,
MI,Detroit Free Press,121300,1992,STATE REP,34,Michigan House District 34,MI,"MCCULLOCH, MICHAEL",Republican,1,,,,Endorsed for STATE REP District 34 (Republican) [V6: generic note - no extracted text],0.9,,,,,pdf,,121300_19921103_v2,
MI,Detroit Free Press,121300,1992,STATE REP,35,Michigan House District 35,MI,"GUBOW, DAVID M.",Democrat,1,,,,Endorsed for STATE REP District 35 (Democrat) [V6: generic note - no extracted text],0.9,,,,,pdf,,121300_19921103_v2,
MI,Detroit Free Press,121300,1992,STATE REP,36,Michigan House District 36,MI,"BERMAN, MAXINE",Democrat,1,,,,Endorsed for STATE REP District 36 (Democrat) [V6: generic note - no extracted text],0.9,,,,,pdf,,121300_19921103_v2,
MI,Detroit Free Press,121300,1992,STATE REP,37,Michigan House District 37,MI,"DOLAN, JAN C.",Republican,1,,,,Endorsed for STATE REP District 37 (Republican) [V6: generic note - no extracted text],0.9,,,,,pdf,,121300_19921103_v2,
MI,Detroit Free Press,121300,1992,STATE REP,38,Michigan House District 38,MI,"BULLARD, WILLIS C. JR.",Republican,1,,,,Endorsed for STATE REP District 38 (Republican) [V6: generic note - no extracted text],0.9,,,,,pdf,,121300_19921103_v2,
MI,Detroit Free Press,121300,1992,STATE REP,39,Michigan House District 39,MI,"DOBB, BARBARA",Republican,1,,,,Endorsed for STATE REP District 39 (Republican) [V6: generic note - no extracted text],0.9,,,,,pdf,,121300_19921103_v2,
MI,Detroit Free Press,121300,1992,STATE REP,40,Michigan House District 40,MI,"SITNER, SCOTT",Democrat,1,,,,Endorsed for STATE REP District 40 (Democrat) [V6: generic note - no extracted text],0.9,,,,,pdf,,121300_19921103_v2,
MI,Detroit Free Press,121300,1992,STATE REP,41,Michigan House District 41,MI,"ROSS, RHONDA",Democrat,1,,,,Endorsed for STATE REP District 41 (Democrat) [V6: generic note - no extracted text],0.9,,,,,pdf,,121300_19921103_v2,
MI,Detroit Free Press,121300,1992,STATE REP,42,Michigan House District 42,MI,"BULLER, JON",Democrat,1,,,,Endorsed for STATE REP District 42 (Democrat) [V6: generic note - no extracted text],0.9,,,,,pdf,,121300_19921103_v2,
MI,Detroit Free Press,121300,1992,STATE REP,43,Michigan House District 43,MI,"HUBBARD, SUSAN",Democrat,1,,,,Endorsed for STATE REP District 43 (Democrat) [V6: generic note - no extracted text],0.9,,,,,pdf,,121300_19921103_v2,
MI,Detroit Free Press,121300,1992,STATE REP,45,Michigan House District 45,MI,"CRISSMAN, PENNY",Republican,1,,,,Endorsed for STATE REP District 45 (Republican) [V6: generic note - no extracted text],0.9,,,,,pdf,,121300_19921103_v2,
MI,Detroit Free Press,121300,1992,STATE REP,46,Michigan House District 46,MI,"MIDDLETON, TOM",Republican,1,,,,Endorsed for STATE REP District 46 (Republican) [V6: generic note - no extracted text],0.9,,,,,pdf,,121300_19921103_v2,
MI,Detroit Free Press,121300,1992,STATE REP,52,Michigan House District 52,MI,"SCHROER, MARY",Democrat,1,,,,Endorsed for STATE REP District 52 (Democrat) [V6: generic note - no extracted text],0.9,,,,,pdf,,121300_19921103_v2,
MI,Detroit Free Press,121300,1992,STATE REP,53,Michigan House District 53,MI,"RIVERS, LYNN",Democrat,1,,,,Endorsed for STATE REP District 53 (Democrat) [V6: generic note - no extracted text],0.9,,,,,pdf,,121300_19921103_v2,
MI,Detroit Free Press,121300,1992,STATE REP,54,Michigan House District 54,MI,"PROFIT, KIRK",Democrat,1,,,,Endorsed for STATE REP District 54 (Democrat) [V6: generic note - no extracted text],0.9,,,,,pdf,,121300_19921103_v2,
MI,Detroit Free Press,121300,1992,STATE REP,55,Michigan House District 55,MI,"DOUGLAS, JAMES",Democrat,1,,,,Endorsed for STATE REP District 55 (Democrat) [V6: generic note - no extracted text],0.9,,,,,pdf,,121300_19921103_v2,
MI,Detroit Free Press,121300,1992,STATE REP,56,Michigan House District 56,MI,"OWEN, LYNN F.",Democrat,1,,,,Endorsed for STATE REP District 56 (Democrat) [V6: generic note - no extracted text],0.9,,,,,pdf,,121300_19921103_v2,
MI,Detroit Free Press,121300,1992,STATE REP,57,Michigan House District 57,MI,"HILL, PAUL",Democrat,1,,,,Endorsed for STATE REP District 57 (Democrat) [V6: generic note - no extracted text],0.9,,,,,pdf,,121300_19921103_v2,
MI,Detroit Free Press,121300,1992,STATE REP,58,Michigan House District 58,MI,"NYE, MICHAEL E.",Republican,1,,,,Endorsed for STATE REP District 58 (Republican) [V6: generic note - no extracted text],0.9,,,,,pdf,,121300_19921103_v2,
MI,Detroit Free Press,121300,1992,STATE REP,59,Michigan House District 59,MI,"OXENDER, GLENN",Republican,1,,,,Endorsed for STATE REP District 59 (Republican) [V6: generic note - no extracted text],0.9,,,,,pdf,,121300_19921103_v2,
MI,Detroit Free Press,121300,1992,STATE REP,60,Michigan House District 60,MI,"BROWN, MARY C.",Democrat,1,,,,Endorsed for STATE REP District 60 (Democrat) [V6: generic note - no extracted text],0.9,,,,,pdf,,121300_19921103_v2,
MI,Detroit Free Press,121300,1992,STATE REP,61,Michigan House District 61,MI,"RICE, BETSY",Democrat,1,,,,Endorsed for STATE REP District 61 (Democrat) [V6: generic note - no extracted text],0.9,,,,,pdf,,121300_19921103_v2,
MI,Detroit Free Press,121300,1992,STATE REP,66,Michigan House District 66,MI,"MUNSELL, SUSAN GRIMES",Republican,1,,,,[V6: dist filled from same candidate other years] | V9c: dist 51->66 per 1992 recap image (gap-year pass),0.85,District unclear,,,,pdf,,121300_19921103_v2,
MI,Detroit Free Press,121300,1992,STATE REP,,Michigan House of Representatives,MI,"SCHERTZING, ERIC",Democrat,1,,,,Endorsed for STATE REP (Democrat) [V6: generic note - no extracted text],0.85,,,,,pdf,,121300_19921103_v2,
MI,Detroit Free Press,121300,1992,STATE REP,,Michigan House of Representatives,MI,"BYRUM, DIANNE",Democrat,1,,,,Endorsed for STATE REP (Democrat) [V6: generic note - no extracted text],0.85,,,,,pdf,,121300_19921103_v2,
MI,Detroit Free Press,121300,1992,STATE REP,70,Michigan House District 70,MI,"JONDAHL, H. LYNN",Democrat,1,,,,Endorsed for STATE REP District 70 (Democrat) [V6: generic note - no extracted text],0.9,,,,,pdf,,121300_19921103_v2,
MI,Detroit Free Press,121300,1992,STATE REP,71,Michigan House District 71,MI,"FITZGERALD, FRANK M.",Republican,1,,,,[V6: dist filled from same candidate other years] | V9c: dist 56->71 per 1992 recap image (gap-year pass),0.85,,,,,pdf,,121300_19921103_v2,
MI,Detroit Free Press,121300,1992,STATE REP,,Michigan House of Representatives,MI,"EVANS, ROBERT",Republican,1,,,,Endorsed for STATE REP (Republican) [V6: generic note - no extracted text],0.85,,,,,pdf,,121300_19921103_v2,
MI,Detroit Free Press,121300,1992,STATE REP,,Michigan House of Representatives,MI,"PRIDGEON, DEAN",Republican,1,,,,Endorsed for STATE REP (Republican) [V6: generic note - no extracted text],0.85,,,,,pdf,,121300_19921103_v2,
MI,Detroit Free Press,121300,1992,STATE REP,,Michigan House of Representatives,MI,"REINHOLD, MELANIE",Republican,1,,,,Endorsed for STATE REP (Republican) [V6: generic note - no extracted text],0.85,,,,,pdf,,121300_19921103_v2,
MI,Detroit Free Press,121300,1992,STATE REP,82,Michigan House District 82,MI,"WILLARD, KAREN",Democrat,1,,,,[V3: dist=82 inferred from same-era cross-year match],0.90,,,,,pdf,,121300_19921103_v2,
MI,Detroit Free Press,121300,1992,STATE REP,,Michigan House of Representatives,MI,"SLOAN, DAN",Democrat,1,,,,Endorsed for STATE REP (Democrat) [V6: generic note - no extracted text],0.85,,,,,pdf,,121300_19921103_v2,
MI,Detroit Free Press,121300,1992,STATE REP,,Michigan House of Representatives,MI,"BENDER, ROBERT",Republican,1,,,,Endorsed for STATE REP (Republican) [V6: generic note - no extracted text],0.85,,,,,pdf,,121300_19921103_v2,
MI,Detroit Free Press,121300,1992,STATE REP,,Michigan House of Representatives,MI,"STILLE, LEON",Republican,1,,,,Endorsed for STATE REP (Republican) [V6: generic note - no extracted text],0.85,,,,,pdf,,121300_19921103_v2,
MI,Detroit Free Press,121300,1992,STATE REP,,Michigan House of Representatives,MI,"AGEE, JAMES",Democrat,1,,,,Endorsed for STATE REP (Democrat) [V6: generic note - no extracted text],0.85,,,,,pdf,,121300_19921103_v2,
MI,Detroit Free Press,121300,1992,STATE REP,93,Michigan House District 93,MI,"RANDALL, GARY L.",Republican,1,,,,[V3: dist=93 inferred from same-era cross-year match],0.90,,,,,pdf,,121300_19921103_v2,
MI,Detroit Free Press,121300,1992,STATE REP,86,Michigan House of Representatives,MI,"DODAK, LEWIS N.",Democrat,1,,,,[V6: dist filled from same candidate other years],0.85,,,,,pdf,,121300_19921103_v2,
MI,Detroit Free Press,121300,1992,STATE REP,85,Michigan House of Representatives,MI,"O'NEILL, JAMES JR.",Democrat,1,,,,[V6: dist filled from same candidate other years],0.85,,,,,pdf,,121300_19921103_v2,
MI,Detroit Free Press,121300,1992,STATE REP,47,Michigan House District 47,MI,"JONKER, NATE",Democrat,1,,,,Endorsed for STATE REP District 47 (Democrat) [V6: generic note - no extracted text],0.9,,,,,pdf,,121300_19921103_v2,
MI,Detroit Free Press,121300,1992,STATE REP,49,Michigan House District 49,MI,"EMERSON, ROBERT L.",Democrat,1,,,,Endorsed for STATE REP District 49 (Democrat) [V6: generic note - no extracted text],0.9,,,,,pdf,,121300_19921103_v2,
MI,Detroit Free Press,121300,1992,STATE REP,50,Michigan House District 50,MI,"SCOTT, THOMAS E.",Democrat,1,,,,Endorsed for STATE REP District 50 (Democrat) [V6: generic note - no extracted text],0.9,,,,,pdf,,121300_19921103_v2,
MI,Detroit Free Press,121300,1992,STATE REP,51,Michigan House District 51,MI,"CURTIS, CANDACE",Democrat,1,,,,Endorsed for STATE REP District 51 (Democrat) [V6: generic note - no extracted text],0.9,,,,,pdf,,121300_19921103_v2,
MI,Detroit Free Press,121300,1992,SUPREME COURT,,Michigan Supreme Court,MI,"KELLY, MARILYN",Nonpartisan,1,,,,Endorsed for SUPREME COURT [V6: generic note - no extracted text],0.9,,,,,pdf,,121300_19921103_v2,
MI,Detroit Free Press,121300,1992,SUPREME COURT,,Michigan Supreme Court,MI,"DIEHL, NANCY",Nonpartisan,1,,,,Endorsed for SUPREME COURT [V6: generic note - no extracted text],0.85,OCR shows nancy diehl in supreme court list,,,,pdf,,121300_19921103_v2,
MI,Detroit Free Press,121300,1992,SUPREME COURT,,Michigan Supreme Court,MI,"MALLETT, CONRAD JR.",Nonpartisan,1,,,,Endorsed for SUPREME COURT [V6: generic note - no extracted text],0.9,,,,,pdf,,121300_19921103_v2,
MI,Detroit Free Press,121300,1992,COURT OF APPEALS,1,Michigan Court of Appeals,MI,"GRIFFIN, R. ALLAN",Nonpartisan,1,,,1,Endorsed for COURT OF APPEALS District 1 [V6: generic note - no extracted text],0.9,,,,,pdf,,121300_19921103_v2,
MI,Detroit Free Press,121300,1992,COURT OF APPEALS,1,Michigan Court of Appeals 1st District,MI,"STEPHENS, CYNTHIA",Nonpartisan,1,,,,Endorsed for COURT OF APPEALS District 2 [V6: generic note - no extracted text] | V9c: dist 2->1 per 1992 recap image (gap-year pass),0.9,,,,,pdf,,121300_19921103_v2,
MI,Detroit Free Press,121300,1992,COURT OF APPEALS,2,Michigan Court of Appeals,MI,"TAYLOR, CLIFFORD",Nonpartisan,1,,,1,Endorsed for COURT OF APPEALS District 2 [V6: generic note - no extracted text],0.9,,,,,pdf,,121300_19921103_v2,
MI,Detroit Free Press,121300,1992,JUDGE,,Wayne Circuit,MI,"BRENNAN, JOSEPH",Nonpartisan,1,,,,Endorsed for JUDGE [V6: generic note - no extracted text],0.9,,,,,pdf,,121300_19921103_v2,
MI,Detroit Free Press,121300,1992,JUDGE,,Wayne Circuit,MI,"PAGE, DENISE",Nonpartisan,1,,,,Endorsed for JUDGE [V6: generic note - no extracted text],0.9,,,,,pdf,,121300_19921103_v2,
MI,Detroit Free Press,121300,1992,JUDGE,,36th District Court,MI,"ALLEN, ALEX JR.",Nonpartisan,1,,,,Endorsed for JUDGE [V6: generic note - no extracted text],0.9,,,,,pdf,,121300_19921103_v2,
MI,Detroit Free Press,121300,1992,JUDGE,,36th District Court,MI,"BROCK, GERALD",Nonpartisan,1,,,,Endorsed for JUDGE [V6: generic note - no extracted text],0.9,,,,,pdf,,121300_19921103_v2,
MI,Detroit Free Press,121300,1992,JUDGE,,36th District Court,MI,"GRIFFIN, RUFUS JR.",Nonpartisan,1,,,,Endorsed for JUDGE [V6: generic note - no extracted text],0.9,,,,,pdf,,121300_19921103_v2,
MI,Detroit Free Press,121300,1992,JUDGE,,36th District Court,MI,"HUMPHRIES, PAULA",Nonpartisan,1,,,,Endorsed for JUDGE [V6: generic note - no extracted text],0.9,,,,,pdf,,121300_19921103_v2,
MI,Detroit Free Press,121300,1992,JUDGE,,36th District Court,MI,"MOORE, MARION",Nonpartisan,1,,,,Endorsed for JUDGE [V6: generic note - no extracted text],0.9,,,,,pdf,,121300_19921103_v2,
MI,Detroit Free Press,121300,1992,JUDGE,,36th District Court,MI,"NANCE, ELBERT JR.",Nonpartisan,1,,,,Endorsed for JUDGE [V6: generic note - no extracted text],0.9,,,,,pdf,,121300_19921103_v2,
MI,Detroit Free Press,121300,1992,JUDGE,,36th District Court,MI,"DRAIN, GERSHWIN",Nonpartisan,1,,,,Endorsed for JUDGE [V6: generic note - no extracted text],0.9,,,,,pdf,,121300_19921103_v2,
MI,Detroit Free Press,121300,1992,JUDGE,,Detroit Recorder's,MI,"BEST, GEORGE",Nonpartisan,1,,,,Endorsed for JUDGE [V6: generic note - no extracted text],0.9,,,,,pdf,,121300_19921103_v2,
MI,Detroit Free Press,121300,1992,JUDGE,,Detroit Recorder's,MI,"DOCTOROFF, MARTIN",Nonpartisan,1,,,,Endorsed for JUDGE [V6: generic note - no extracted text],0.9,,,,,pdf,,121300_19921103_v2,
MI,Detroit Free Press,121300,1992,JUDGE,,Detroit Recorder's,MI,"DRAKE, MAGGIE",Nonpartisan,1,,,,Endorsed for JUDGE [V6: generic note - no extracted text],0.9,,,,,pdf,,121300_19921103_v2,
MI,Detroit Free Press,121300,1992,JUDGE,,Detroit Recorder's,MI,"BOYLE, TERRANCE K.",Nonpartisan,1,,,,Endorsed for JUDGE [V6: generic note - no extracted text],0.9,,,,,pdf,,121300_19921103_v2,
MI,Detroit Free Press,121300,1992,JUDGE,,Detroit Recorder's,MI,"FORD, GERALDINE BLEDSOE",Nonpartisan,1,,,,Endorsed for JUDGE [V6: generic note - no extracted text],0.9,,,,,pdf,,121300_19921103_v2,
MI,Detroit Free Press,121300,1992,JUDGE,,Detroit Recorder's,MI,"KERWIN, DAVID P.",Nonpartisan,1,,,,Endorsed for JUDGE [V6: generic note - no extracted text],0.9,,,,,pdf,,121300_19921103_v2,
MI,Detroit Free Press,121300,1992,JUDGE,,Detroit Recorder's,MI,"TORRES, ISIDORE",Nonpartisan,1,,,,Endorsed for JUDGE [V6: generic note - no extracted text],0.9,,,,,pdf,,121300_19921103_v2,
MI,Detroit Free Press,121300,1992,JUDGE,,Wayne Probate,MI,"DIEHL, NANCY",Nonpartisan,1,,,,Endorsed for JUDGE [V6: generic note - no extracted text],0.9,,,,,pdf,,121300_19921103_v2,
MI,Detroit Free Press,121300,1992,REGENT,,University of Michigan Board of Regents,MI,"DEITCH, LAURENCE",Democrat,1,,,,Endorsed for REGENT (Democrat) [V6: generic note - no extracted text],0.9,,,,,pdf,,121300_19921103_v2,
MI,Detroit Free Press,121300,1992,REGENT,,University of Michigan Board of Regents,MI,"MCGOWAN, REBECCA",Democrat,1,,,,Endorsed for REGENT (Democrat) [V6: generic note - no extracted text],0.9,,,,,pdf,,121300_19921103_v2,
MI,Detroit Free Press,121300,1992,TRUSTEE,,Wayne State University Board of Governors,MI,"BLAKE, BEN G.",Nonpartisan,1,,,,Endorsed for TRUSTEE [V6: generic note - no extracted text],0.85,OCR garbled,,,,pdf,,121300_19921103_v2,
MI,Detroit Free Press,121300,1992,TRUSTEE,,Wayne State University Board of Governors,MI,"BASHARA, GEORGE JR.",Republican,1,,1,,Endorsed for TRUSTEE (Republican) [V6: generic note - no extracted text],0.9,,,,,pdf,,121300_19921103_v2,
MI,Detroit Free Press,121300,1992,TRUSTEE,,Wayne State University Board of Governors,MI,"LEWIS, DENISE",Democrat,1,1,,,Endorsed for TRUSTEE (Democrat) [V6: generic note - no extracted text],0.9,,,,,pdf,,121300_19921103_v2,
MI,Detroit Free Press,121300,1992,TRUSTEE,,Wayne State University Board of Governors,MI,"VAN TIEM, THOMAS SR.",Nonpartisan,1,,,,Endorsed for TRUSTEE [V6: generic note - no extracted text],0.9,,,,,pdf,,121300_19921103_v2,
MI,Detroit Free Press,121300,1992,TRUSTEE,,Wayne State University Board of Governors,MI,"CUNNINGHAM, RICHARD",Nonpartisan,1,,,,Endorsed for TRUSTEE [V6: generic note - no extracted text],0.9,,,,,pdf,,121300_19921103_v2,
MI,Detroit Free Press,121300,1992,STATE BOARD OF ED,,State Board of Education (MI),MI,"STRAUS, KATHLEEN",Democrat,1,,,,Endorsed for STATE BOARD OF ED (Democrat) [V6: generic note - no extracted text],0.9,,,,,pdf,,121300_19921103_v2,
MI,Detroit Free Press,121300,1992,STATE BOARD OF ED,,State Board of Education (MI),MI,"GREENLEAF, HARRY",Republican,1,,,,Endorsed for STATE BOARD OF ED (Republican) [V6: generic note - no extracted text],0.9,,,,,pdf,,121300_19921103_v2,
MI,Detroit Free Press,121300,1992,CNTY EXEC,,Oakland County Executive,MI,"HOWE, ELIZABETH",Democrat,1,,,,Endorsed for MAYOR (Democrat) [V6: generic note - no extracted text] | V9c fix: was miscoded MAYOR; dname already = County Executive (image-confirmed),0.9,,,,,pdf,,121300_19921103_v2,
MI,Detroit Free Press,121300,1992,DA/PROSECUTOR,,Oakland,MI,"KAPLAN, STEVEN",Democrat,1,,,,Endorsed for DA/PROSECUTOR (Democrat) [V6: generic note - no extracted text],0.9,,,,,pdf,,121300_19921103_v2,
MI,Detroit Free Press,121300,1992,SHERIFF,,Oakland,MI,"NICHOLS, JOHN",Nonpartisan,1,,,1,Endorsed for SHERIFF [V6: generic note - no extracted text],0.9,,,,,pdf,,121300_19921103_v2,
MI,Detroit Free Press,121300,1992,DA/PROSECUTOR,,Macomb,MI,"MARLINGA, CARL",Democrat,1,,,,Endorsed for DA/PROSECUTOR (Democrat) [V6: generic note - no extracted text],0.9,,,,,pdf,,121300_19921103_v2,
MI,Detroit Free Press,121300,1992,CNTY COMM,1,Wayne,MI,"RICHNER, ANDREW",Republican,1,,,,Endorsed for CNTY COMM District 1 (Republican) [V6: generic note - no extracted text],0.9,,,,,pdf,,121300_19921103_v2,
MI,Detroit Free Press,121300,1992,CNTY COMM,2,Wayne,MI,"PARKER, BERNARD",Democrat,1,,,,Endorsed for CNTY COMM District 2 (Democrat) [V6: generic note - no extracted text],0.9,,,,,pdf,,121300_19921103_v2,
MI,Detroit Free Press,121300,1992,CNTY COMM,5,Wayne,MI,"MATHIS, OTIS",Democrat,1,,,,Endorsed for CNTY COMM District 5 (Democrat) [V6: generic note - no extracted text],0.9,,,,,pdf,,121300_19921103_v2,
MI,Detroit Free Press,121300,1992,CNTY COMM,7,Wayne,MI,"SOLOMON, RICARDO",Democrat,1,,,,Endorsed for CNTY COMM District 7 (Democrat) [V6: generic note - no extracted text],0.9,,,,,pdf,,121300_19921103_v2,
MI,Detroit Free Press,121300,1992,CNTY COMM,8,Wayne,MI,"BELL, EDNA",Democrat,1,,,,Endorsed for CNTY COMM District 8 (Democrat) [V6: generic note - no extracted text],0.9,,,,,pdf,,121300_19921103_v2,
MI,Detroit Free Press,121300,1992,CNTY COMM,9,Wayne,MI,"HANDY, ROGER",Republican,1,,,,Endorsed for CNTY COMM District 9 (Republican) [V6: generic note - no extracted text],0.9,,,,,pdf,,121300_19921103_v2,
MI,Detroit Free Press,121300,1992,CNTY COMM,10,Wayne,MI,"MCCOTTER, THADDEUS",Republican,1,,,,Endorsed for CNTY COMM District 10 (Republican) [V6: generic note - no extracted text],0.9,,,,,pdf,,121300_19921103_v2,
MI,Detroit Free Press,121300,1992,CNTY COMM,14,Wayne,MI,"O'NEIL, WILLIAM",Democrat,1,,,,Endorsed for CNTY COMM District 14 (Democrat) [V6: generic note - no extracted text],0.9,,,,,pdf,,121300_19921103_v2,
MI,Detroit Free Press,121300,1992,CNTY COMM,15,Wayne,MI,"BOIKE, EDWARD A. JR.",Democrat,1,,,,Endorsed for CNTY COMM District 15 (Democrat) [V6: generic note - no extracted text],0.9,,,,,pdf,,121300_19921103_v2,
MI,Detroit Free Press,121300,1992,SCHOOL BOARD,,Detroit at-large,MI,"BENJAMIN, JOSEPH",Nonpartisan,1,,,,Endorsed for SCHOOL BOARD [V6: generic note - no extracted text],0.85,OCR partial - 'Jose' visible,,,,pdf,,121300_19921103_v2,
MI,Detroit Free Press,121300,1992,SCHOOL BOARD,,Detroit at-large,MI,"OLMSTEAD, DAVID",Nonpartisan,1,,,1,Endorsed for SCHOOL BOARD [V6: generic note - no extracted text],0.9,,,,,pdf,,121300_19921103_v2,
MI,Detroit Free Press,121300,1992,SCHOOL BOARD,,Detroit at-large,MI,"PATRICK, LAWRENCE C. JR.",Nonpartisan,1,,,1,Endorsed for SCHOOL BOARD [V6: generic note - no extracted text],0.9,,,,,pdf,,121300_19921103_v2,
MI,Detroit Free Press,121300,1992,SCHOOL BOARD,3,Detroit,MI,"CLARK, IRMA",Nonpartisan,1,,,,Endorsed for SCHOOL BOARD District 3 [V6: generic note - no extracted text],0.9,,,,,pdf,,121300_19921103_v2,
MI,Detroit Free Press,121300,1992,SCHOOL BOARD,5,Detroit,MI,"BETTS, MARGARET",Nonpartisan,1,,,,Endorsed for SCHOOL BOARD District 5 [V6: generic note - no extracted text],0.9,,,,,pdf,,121300_19921103_v2,
MI,Detroit Free Press,121300,1994,SENATOR,,United States Senate from Michigan,MI,"CARR, BOB",Democrat,1,,,,Endorsed for SENATOR (Democrat) [V6: generic note - no extracted text],0.85,OCR shows 'Bb Carr (D)',,,,pdf,,121300_19941108_v2,
MI,Detroit Free Press,121300,1994,GOVERNOR,,Michigan Governor,MI,"ENGLER, JOHN",Republican,1,,1,,Endorsed for GOVERNOR (Republican) [V6: generic note - no extracted text],0.85,OCR partial 'Engler' visible,,,,pdf,,121300_19941108_v2,
MI,Detroit Free Press,121300,1994,ATTORNEY GENERAL,,Michigan Attorney General,MI,"KELLEY, FRANK J.",Democrat,1,,,,Endorsed for ATTORNEY GENERAL (Democrat) [V6: generic note - no extracted text],0.9,,,,,pdf,,121300_19941108_v2,
MI,Detroit Free Press,121300,1994,H,1,U.S. House Michigan District 1,MI,"ZIEGLER, GIL",Republican,1,,,,"Endorsed for H District 1 (Democrat) [V6: generic note - no extracted text] | V9c fix: 1994 US House d1 endorsee is Gil Ziegler (R), NOT Stupak (lead re-verified image)",0.9,,,,,pdf,,121300_19941108_v2,
MI,Detroit Free Press,121300,1994,H,6,U.S. House Michigan District 6,MI,"UPTON, FRED",Republican,1,,1,,"[V3: cross-party same-dist endorsement - likely primary endorsement, needs OCR confirm]",0.9,,,,,pdf,,121300_19941108_v2,
MI,Detroit Free Press,121300,1994,H,12,U.S. House Michigan District 12,MI,"LEVIN, SANDER M.",Democrat,1,1,,,Endorsed for H District 12 (Democrat) [V6: generic note - no extracted text],0.9,,,,,pdf,,121300_19941108_v2,
MI,Detroit Free Press,121300,1994,H,13,U.S. House Michigan District 13,MI,"RIVERS, LYNN",Democrat,1,,,,Endorsed for H District 13 (Democrat) [V6: generic note - no extracted text],0.9,,,,,pdf,,121300_19941108_v2,
MI,Detroit Free Press,121300,1994,H,14,U.S. House Michigan District 14,MI,"CONYERS, JOHN JR.",Democrat,1,1,,,Endorsed for H District 14 (Democrat) [V6: generic note - no extracted text],0.9,,,,,pdf,,121300_19941108_v2,
MI,Detroit Free Press,121300,1994,H,15,U.S. House Michigan District 15,MI,"COLLINS, BARBARA-ROSE",Democrat,1,,,,Endorsed for H District 15 (Democrat) [V6: generic note - no extracted text],0.9,,,,,pdf,,121300_19941108_v2,
MI,Detroit Free Press,121300,1994,H,16,U.S. House Michigan District 16,MI,"DINGELL, JOHN D.",Democrat,1,1,,,Endorsed for H District 16 (Democrat) [V6: generic note - no extracted text],0.9,,,,,pdf,,121300_19941108_v2,
MI,Detroit Free Press,121300,1994,CNTY COMM,10,U.S. House Michigan District 10,MI,"MCCOTTER, THADDEUS",Republican,1,,,,"[V3: cross-party same-dist endorsement - likely primary endorsement, needs OCR confirm] | V9: recoded H->CNTY COMM d10 (McCotter was Wayne Co Commission, not US House; image 19941108)",0.9,,,,,pdf,,121300_19941108_v2,
MI,Detroit Free Press,121300,1994,STATE SENATOR,1,Michigan Senate District 1,MI,"YOUNG, JOE JR.",Democrat,1,,,,Endorsed for STATE SENATOR District 1 (Democrat) [V6: generic note - no extracted text],0.9,,,,,pdf,,121300_19941108_v2,
MI,Detroit Free Press,121300,1994,STATE SENATOR,2,Michigan Senate District 2,MI,"VAUGHN, GEORGE H.",Democrat,1,,,,Endorsed for STATE SENATOR District 2 (Democrat) [V6: generic note - no extracted text],0.85,OCR shows 'George',,,,pdf,,121300_19941108_v2,
MI,Detroit Free Press,121300,1994,STATE SENATOR,5,Michigan Senate District 5,MI,"GRIFFIN, CHARLES",Democrat,1,,,,Endorsed for STATE SENATOR District 5 (Democrat) [V6: generic note - no extracted text],0.85,OCR partial,,,,pdf,,121300_19941108_v2,
MI,Detroit Free Press,121300,1994,STATE SENATOR,11,Michigan Senate District 11,MI,"DEBEAUSSAERT, KENNETH",Democrat,1,,,,Endorsed for STATE SENATOR District 11 (Democrat) [V6: generic note - no extracted text],0.85,,,,,pdf,,121300_19941108_v2,
MI,Detroit Free Press,121300,1994,STATE SENATOR,,Michigan Senate,MI,"KELLY, MORTON",Democrat,1,,,,Endorsed for STATE SENATOR (Democrat) [V6: generic note - no extracted text],0.85,District unclear,,,,pdf,,121300_19941108_v2,
MI,Detroit Free Press,121300,1994,STATE SENATOR,14,Michigan Senate District 14,MI,"PETERS, GARY",Democrat,1,,,,Endorsed for STATE SENATOR District 14 (Democrat) [V6: generic note - no extracted text],0.85,OCR partial - may overlap with US House,,,,pdf,,121300_19941108_v2,
MI,Detroit Free Press,121300,1994,STATE SENATOR,,Michigan Senate,MI,"BUSHNELL, LYN",Republican,1,,,,Endorsed for STATE SENATOR (Republican) [V6: generic note - no extracted text],0.85,OCR partial,,,,pdf,,121300_19941108_v2,
MI,Detroit Free Press,121300,1994,STATE SENATOR,,Michigan Senate,MI,"BRUNT, DENNIS",Democrat,1,,,,Endorsed for STATE SENATOR (Democrat) [V6: generic note - no extracted text],0.85,OCR partial 'Denis Brun',,,,pdf,,121300_19941108_v2,
MI,Detroit Free Press,121300,1994,STATE REP,1,Michigan House District 1,MI,"YOUNG, JOE JR.",Democrat,1,1,,,Endorsed for STATE REP District 1 (Democrat) [V6: generic note - no extracted text],0.92,May be SoS not house seat,,,,pdf,,121300_19941108_v2,
MI,Detroit Free Press,121300,1994,STATE REP,34,Michigan House District 34,MI,"FREEMAN, JOHN",Democrat,1,,,,Endorsed for STATE REP District 34 (Democrat) [V6: generic note - no extracted text],0.9,,,,,pdf,,121300_19941108_v2,
MI,Detroit Free Press,121300,1994,STATE REP,76,Michigan House District 76,MI,"MATHIEU, THOMAS C.",Democrat,1,,,,Endorsed for STATE REP District 76 (Democrat) [V6: generic note - no extracted text],0.9,,,,,pdf,,121300_19941108_v2,
MI,Detroit Free Press,121300,1994,STATE REP,82,Michigan House District 82,MI,"WILLARD, KAREN",Democrat,1,1,,,Endorsed for STATE REP District 82 (Democrat) [V6: generic note - no extracted text],0.9,,,,,pdf,,121300_19941108_v2,
MI,Detroit Free Press,121300,1994,STATE REP,85,Michigan House District 85,MI,"HARDER, CLARK",Democrat,1,,,,Endorsed for STATE REP District 85 (Democrat) [V6: generic note - no extracted text],0.9,,,,,pdf,,121300_19941108_v2,
MI,Detroit Free Press,121300,1994,CNTY COMM,,Wayne,MI,"VOORHEES, HAROLD",Republican,1,,,,Endorsed for CNTY COMM (Republican) [V6: generic note - no extracted text],0.85,,,,,pdf,,121300_19941108_v2,
MI,Detroit Free Press,121300,1994,CNTY COMM,12,Wayne,MI,"BEARD, KAY",Democrat,1,,,,"Endorsed for CNTY COMM District 11 (Democrat) [V6: generic note - no extracted text] | V9: dist 11->12 (image: Beard is 12th, Patterson-R is 11th)",0.9,,,,,pdf,,121300_19941108_v2,
MI,Detroit Free Press,121300,1994,SCHOOL BOARD,,Detroit at-large,MI,"BAUER, DEBBIE",Nonpartisan,1,,,1,Endorsed for SCHOOL BOARD [V6: generic note - no extracted text],0.92,OCR partial - 'Penny Baier' or 'Debbie Bauer' for at-large/dist,,,,pdf,,121300_19941108_v2,
MI,Detroit Free Press,121300,1994,REGENT,,University of Michigan Board of Regents,MI,"MAYNARD, OLIVIA",Democrat,1,,,,Endorsed for REGENT (Democrat) [V6: generic note - no extracted text],0.85,Inferred from OCR partial - U-M Regents,,,,pdf,,121300_19941108_v2,
MI,Detroit Free Press,121300,1994,REGENT,,University of Michigan Board of Regents,MI,"DEITCH, LAURENCE",Democrat,1,1,,,Endorsed for REGENT (Democrat) [V6: generic note - no extracted text],0.92,,,,,pdf,,121300_19941108_v2,
MI,Detroit Free Press,121300,1994,SUPREME COURT,,Michigan Supreme Court,MI,"GIVENS, BILLIE OZRA",Nonpartisan,1,,,1,Endorsed for SUPREME COURT [V6: generic note - no extracted text],0.92,OCR partial,,,,pdf,,121300_19941108_v2,
MI,Detroit Free Press,121300,1994,COURT OF APPEALS,1,Michigan Court of Appeals,MI,"MARKMAN, STEPHEN",Nonpartisan,1,,,,Endorsed for COURT OF APPEALS District 1 [V6: generic note - no extracted text],0.85,OCR shows 'Mars Garon Mec Carer' - garbled,,,,pdf,,121300_19941108_v2,
MI,Detroit Free Press,121300,1994,JUDGE,,Wayne Circuit,MI,"EVANS, WARREN",Nonpartisan,1,,,,Endorsed for JUDGE [V6: generic note - no extracted text],0.85,,,,,pdf,,121300_19941108_v2,
MI,Detroit Free Press,121300,1994,JUDGE,,Wayne Circuit,MI,"STEMPIEN, GREGORY J.",Nonpartisan,1,,,,Endorsed for JUDGE [V6: generic note - no extracted text],0.85,,,,,pdf,,121300_19941108_v2,
MI,Detroit Free Press,121300,1994,SEC OF STATE,,Michigan Secretary of State,MI,"AUSTIN, RICHARD H.",Democrat,1,,,,Endorsed for SEC OF STATE (Democrat) [V6: generic note - no extracted text],0.92,,,,,pdf,,121300_19941108_v2,
MI,Detroit Free Press,121300,1994,H,2,U.S. House Michigan District 2,MI,"HOEKSTRA, PETER",Republican,1,,,,Endorsed for H District 2 (Republican) [V6: generic note - no extracted text],0.9,,,,,pdf,,121300_19941108_v2,
MI,Detroit Free Press,121300,1994,H,3,U.S. House Michigan District 3,MI,"EHLERS, VERNON",Republican,1,,,,Endorsed for H District 3 (Republican) [V6: generic note - no extracted text],0.9,,,,,pdf,,121300_19941108_v2,
MI,Detroit Free Press,121300,1994,H,4,U.S. House Michigan District 4,MI,"CAMP, DAVE",Republican,1,,1,,Endorsed for H District 4 (Republican) [V6: generic note - no extracted text],0.9,,,,,pdf,,121300_19941108_v2,
MI,Detroit Free Press,121300,1994,H,5,U.S. House Michigan District 5,MI,"BARCIA, JAMES",Democrat,1,1,,,Endorsed for H District 5 (Democrat) [V6: generic note - no extracted text],0.9,,,,,pdf,,121300_19941108_v2,
MI,Detroit Free Press,121300,1994,H,7,U.S. House Michigan District 7,MI,"SMITH, NICK",Republican,1,,,,Endorsed for H District 7 (Republican) [V6: generic note - no extracted text],0.9,,,,,pdf,,121300_19941108_v2,
MI,Detroit Free Press,121300,1994,H,8,U.S. House Michigan District 8,MI,"MITCHELL, BOB",Democrat,1,,,,Endorsed for H District 8 (Democrat) [V6: generic note - no extracted text],0.9,,,,,pdf,,121300_19941108_v2,
MI,Detroit Free Press,121300,1994,H,9,U.S. House Michigan District 9,MI,"KILDEE, DALE E.",Democrat,1,1,,,Endorsed for H District 9 (Democrat) [V6: generic note - no extracted text],0.9,,,,,pdf,,121300_19941108_v2,
MI,Detroit Free Press,121300,1994,H,10,U.S. House Michigan District 10,MI,"BONIOR, DAVID E.",Democrat,1,1,,,"[V3: cross-party same-dist endorsement - likely primary endorsement, needs OCR confirm]",0.9,,,,,pdf,,121300_19941108_v2,
MI,Detroit Free Press,121300,1994,H,11,U.S. House Michigan District 11,MI,"KNOLLENBERG, JOE",Republican,1,,,,"[V3: cross-party same-dist endorsement - likely primary endorsement, needs OCR confirm]",0.9,,,,,pdf,,121300_19941108_v2,
MI,Detroit Free Press,121300,1994,REGENT,,U-M Board of Regents,MI,"BROWN, PAUL",Democrat,1,,,,Endorsed for REGENT (Democrat) [V6: generic note - no extracted text],0.85,,,,,pdf,,121300_19941108_v2,
MI,Detroit Free Press,121300,1994,REGENT,,U-M Board of Regents,MI,"FISCHER, ANDREA",Republican,1,,,,Endorsed for REGENT (Republican) [V6: generic note - no extracted text],0.85,,,,,pdf,,121300_19941108_v2,
MI,Detroit Free Press,121300,1994,REGENT,,WSU Board of Governors,MI,"ATCHISON, LEON",Democrat,1,,,,Endorsed for REGENT (Democrat) [V6: generic note - no extracted text],0.85,,,,,pdf,,121300_19941108_v2,
MI,Detroit Free Press,121300,1994,REGENT,,MSU Board of Trustees,MI,"NUGENT, DONALD",Republican,1,,,,Endorsed for REGENT (Republican) [V6: generic note - no extracted text],0.85,,,,,pdf,,121300_19941108_v2,
MI,Detroit Free Press,121300,1994,REGENT,,MSU Board of Trustees,MI,"WARTNER, PAUL",Republican,1,,,,Endorsed for REGENT (Republican) [V6: generic note - no extracted text],0.85,,,,,pdf,,121300_19941108_v2,
MI,Detroit Free Press,121300,1994,STATE BOARD OF ED,,State Board of Education (MI),MI,"SALAS, GUMECINDO",Democrat,1,,,,Endorsed for STATE BOARD OF ED (Democrat) [V6: generic note - no extracted text],0.85,,,,,pdf,,121300_19941108_v2,
MI,Detroit Free Press,121300,1994,TRUSTEE,1,Wayne County CC,MI,"KUBLA, PATRICIA",Nonpartisan,1,,,,Endorsed for TRUSTEE District 1 [V6: generic note - no extracted text],0.85,,,,,pdf,,121300_19941108_v2,
MI,Detroit Free Press,121300,1994,TRUSTEE,3,Wayne County CC,MI,"HAYDEN, FRANK",Nonpartisan,1,,,,Endorsed for TRUSTEE District 3 [V6: generic note - no extracted text],0.85,,,,,pdf,,121300_19941108_v2,
MI,Detroit Free Press,121300,1994,TRUSTEE,5,Wayne County CC,MI,"WELLONS-GLOVER, DENISE",Nonpartisan,1,,,,Endorsed for TRUSTEE District 5 [V6: generic note - no extracted text],0.85,,,,,pdf,,121300_19941108_v2,
MI,Detroit Free Press,121300,1994,SCHOOL BOARD,1,Detroit,MI,"BAILER, PENNY",Nonpartisan,1,,,,Endorsed for SCHOOL BOARD District 1 [V6: generic note - no extracted text],0.85,,,,,pdf,,121300_19941108_v2,
MI,Detroit Free Press,121300,1994,SCHOOL BOARD,2,Detroit,MI,"MARTINEZ, JUAN",Nonpartisan,1,,,,Endorsed for SCHOOL BOARD District 2 [V6: generic note - no extracted text],0.85,,,,,pdf,,121300_19941108_v2,
MI,Detroit Free Press,121300,1994,SCHOOL BOARD,3,Detroit,MI,"CLARK, IRMA",Nonpartisan,1,,,1,Endorsed for SCHOOL BOARD District 3 [V6: generic note - no extracted text],0.92,,,,,pdf,,121300_19941108_v2,
MI,Detroit Free Press,121300,1994,SCHOOL BOARD,4,Detroit,MI,"WASHBURN, BEN",Nonpartisan,1,,,1,Endorsed for SCHOOL BOARD District 4 [V6: generic note - no extracted text],0.92,,,,,pdf,,121300_19941108_v2,
MI,Detroit Free Press,121300,1994,SCHOOL BOARD,5,Detroit,MI,"BETTS, MARGARET",Nonpartisan,1,,,1,Endorsed for SCHOOL BOARD District 5 [V6: generic note - no extracted text],0.92,,,,,pdf,,121300_19941108_v2,
MI,Detroit Free Press,121300,1994,SCHOOL BOARD,6,Detroit,MI,"WRIGHT, ALEXANDER",Nonpartisan,1,,,,Endorsed for SCHOOL BOARD District 6 [V6: generic note - no extracted text],0.85,,,,,pdf,,121300_19941108_v2,
MI,Detroit Free Press,121300,1994,SCHOOL BOARD,7,Detroit,MI,"MATTHEWS, ROLAND",Nonpartisan,1,,,,Endorsed for SCHOOL BOARD District 7 [V6: generic note - no extracted text],0.85,,,,,pdf,,121300_19941108_v2,
MI,Detroit Free Press,121300,1994,STATE SENATOR,8,Michigan Senate District 8,MI,"GRIFFIN, CHARLES",Democrat,1,,,,Endorsed for STATE SENATOR District 8 (Democrat) [V6: generic note - no extracted text],0.85,,,,,pdf,,121300_19941108_v2,
MI,Detroit Free Press,121300,1994,STATE SENATOR,12,Michigan Senate District 12,MI,"KRIPKE, MORTON",Democrat,1,,,,Endorsed for STATE SENATOR District 12 (Democrat) [V6: generic note - no extracted text],0.85,,,,,pdf,,121300_19941108_v2,
MI,Detroit Free Press,121300,1994,STATE SENATOR,17,Michigan Senate District 17,MI,"BERRYMAN, JIM",Democrat,1,,,,Endorsed for STATE SENATOR District 17 (Democrat) [V6: generic note - no extracted text],0.85,,,,,pdf,,121300_19941108_v2,
MI,Detroit Free Press,121300,1994,STATE SENATOR,18,Michigan Senate District 18,MI,"SMITH, ALMA WHEELER",Democrat,1,,,,Endorsed for STATE SENATOR District 18 (Democrat) [V6: generic note - no extracted text],0.85,,,,,pdf,,121300_19941108_v2,
MI,Detroit Free Press,121300,1994,STATE SENATOR,21,Michigan Senate District 21,MI,"CARAMBULA, KRISTIN",Democrat,1,,,,Endorsed for STATE SENATOR District 21 (Democrat) [V6: generic note - no extracted text],0.85,,,,,pdf,,121300_19941108_v2,
MI,Detroit Free Press,121300,1994,STATE SENATOR,25,Michigan Senate District 25,MI,"BYRUM, DIANNE",Democrat,1,,,,Endorsed for STATE SENATOR District 25 (Democrat) [V6: generic note - no extracted text],0.85,,,,,pdf,,121300_19941108_v2,
MI,Detroit Free Press,121300,1994,STATE SENATOR,32,Michigan Senate District 32,MI,"STILLE, LEON",Republican,1,,,,Endorsed for STATE SENATOR District 32 (Republican) [V6: generic note - no extracted text],0.85,,,,,pdf,,121300_19941108_v2,
MI,Detroit Free Press,121300,1994,STATE SENATOR,33,Michigan Senate District 33,MI,"AQUILINA, ROSE",Democrat,1,,,,Endorsed for STATE SENATOR District 33 (Democrat) [V6: generic note - no extracted text],0.85,,,,,pdf,,121300_19941108_v2,
MI,Detroit Free Press,121300,1994,STATE SENATOR,37,Michigan Senate District 37,MI,"MCELROY, MIKE",Democrat,1,,,,Endorsed for STATE SENATOR District 37 (Democrat) [V6: generic note - no extracted text],0.85,,,,,pdf,,121300_19941108_v2,
MI,Detroit Free Press,121300,1994,STATE REP,15,Michigan House District 15,MI,"DOBRONSKI, AGNES",Democrat,1,1,,,Endorsed for STATE REP District 15 (Democrat) [V6: generic note - no extracted text],0.90,,,,,pdf,,121300_19941108_v2,
MI,Detroit Free Press,121300,1994,STATE REP,16,Michigan House District 16,MI,"KELLEY, KEVIN",Democrat,1,,,,Endorsed for STATE REP District 16 (Democrat) [V6: generic note - no extracted text],0.85,,,,,pdf,,121300_19941108_v2,
MI,Detroit Free Press,121300,1994,STATE REP,17,Michigan House District 17,MI,"KELLY, THOMAS",Democrat,1,,,,Endorsed for STATE REP District 17 (Democrat) [V6: generic note - no extracted text],0.85,,,,,pdf,,121300_19941108_v2,
MI,Detroit Free Press,121300,1994,STATE REP,18,Michigan House District 18,MI,"DEHART, EILEEN",Democrat,1,,,,Endorsed for STATE REP District 18 (Democrat) [V6: generic note - no extracted text],0.85,,,,,pdf,,121300_19941108_v2,
MI,Detroit Free Press,121300,1994,STATE REP,19,Michigan House District 19,MI,"BANKES, LYN",Republican,1,,,,Endorsed for STATE REP District 19 (Republican) [V6: generic note - no extracted text],0.85,,,,,pdf,,121300_19941108_v2,
MI,Detroit Free Press,121300,1994,STATE REP,21,Michigan House District 21,MI,"CLARK, DONNA",Democrat,1,,,,Endorsed for STATE REP District 21 (Democrat) [V6: generic note - no extracted text],0.85,,,,,pdf,,121300_19941108_v2,
MI,Detroit Free Press,121300,1994,STATE REP,26,Michigan House District 26,MI,"YOKICH, TRACEY",Democrat,1,,,,Endorsed for STATE REP District 26 (Democrat) [V6: generic note - no extracted text],0.85,,,,,pdf,,121300_19941108_v2,
MI,Detroit Free Press,121300,1994,STATE REP,27,Michigan House District 27,MI,"CIARAMITARO, NICK",Democrat,1,,,,Endorsed for STATE REP District 27 (Democrat) [V6: generic note - no extracted text],0.85,,,,,pdf,,121300_19941108_v2,
MI,Detroit Free Press,121300,1994,STATE REP,29,Michigan House District 29,MI,"OLSHOVE, DENNIS",Democrat,1,1,,,Endorsed for STATE REP District 29 (Democrat) [V6: generic note - no extracted text],0.90,,,,,pdf,,121300_19941108_v2,
MI,Detroit Free Press,121300,1994,STATE REP,30,Michigan House District 30,MI,"WOWK, CYNTHIA",Democrat,1,,,,Endorsed for STATE REP District 30 (Democrat) [V6: generic note - no extracted text],0.85,,,,,pdf,,121300_19941108_v2,
MI,Detroit Free Press,121300,1994,STATE REP,31,Michigan House District 31,MI,"GIRE, SHARON L.",Democrat,1,,,,Endorsed for STATE REP District 31 (Democrat) [V6: generic note - no extracted text],0.85,,,,,pdf,,121300_19941108_v2,
MI,Detroit Free Press,121300,1994,STATE REP,32,Michigan House District 32,MI,"KENNEDY, DICK",Democrat,1,,,,Endorsed for STATE REP District 32 (Democrat) [V6: generic note - no extracted text],0.85,,,,,pdf,,121300_19941108_v2,
MI,Detroit Free Press,121300,1994,STATE REP,33,Michigan House District 33,MI,"BERTOLINI, GINA",Democrat,1,,,,Endorsed for STATE REP District 33 (Democrat) [V6: generic note - no extracted text],0.85,,,,,pdf,,121300_19941108_v2,
MI,Detroit Free Press,121300,1994,STATE REP,50,Michigan House District 50,MI,"CHERRY, DEBORAH",Democrat,1,,,,Endorsed for STATE REP District 50 (Democrat) [V6: generic note - no extracted text],0.85,,,,,pdf,,121300_19941108_v2,
MI,Detroit Free Press,121300,1994,STATE REP,51,Michigan House District 51,MI,"CURTIS, CANDACE",Democrat,1,1,,,Endorsed for STATE REP District 51 (Democrat) [V6: generic note - no extracted text],0.90,,,,,pdf,,121300_19941108_v2,
MI,Detroit Free Press,121300,1994,STATE REP,53,Michigan House District 53,MI,"BRATER, LIZ",Democrat,1,,,,Endorsed for STATE REP District 53 (Democrat) [V6: generic note - no extracted text],0.85,,,,,pdf,,121300_19941108_v2,
MI,Detroit Free Press,121300,1994,STATE REP,60,Michigan House District 60,MI,"LAFORGE, EDWARD",Democrat,1,,,,Endorsed for STATE REP District 60 (Democrat) [V6: generic note - no extracted text],0.85,,,,,pdf,,121300_19941108_v2,
MI,Detroit Free Press,121300,1994,STATE REP,62,Michigan House District 62,MI,"BUSH, ERIC",Republican,1,,,,Endorsed for STATE REP District 62 (Republican) [V6: generic note - no extracted text],0.85,,,,,pdf,,121300_19941108_v2,
MI,Detroit Free Press,121300,1994,STATE REP,65,Michigan House District 65,MI,"LETARTE, CLYDE",Republican,1,,,,Endorsed for STATE REP District 65 (Republican) [V6: generic note - no extracted text],0.85,,,,,pdf,,121300_19941108_v2,
MI,Detroit Free Press,121300,1994,STATE REP,70,Michigan House District 70,MI,"BAIRD, LAURA",Democrat,1,,,,Endorsed for STATE REP District 70 (Democrat) [V6: generic note - no extracted text],0.85,,,,,pdf,,121300_19941108_v2,
MI,Detroit Free Press,121300,1994,STATE REP,75,Michigan House District 75,MI,"BYL, WILLIAM",Republican,1,,,,Endorsed for STATE REP District 75 (Republican) [V6: generic note - no extracted text],0.85,,,,,pdf,,121300_19941108_v2,
MI,Detroit Free Press,121300,1994,STATE REP,77,Michigan House District 77,MI,"VOORHEES, HAROLD",,1,,,,Endorsed for STATE REP District 77 [V6: generic note - no extracted text],0.85,,,,,pdf,,121300_19941108_v2,
MI,Detroit Free Press,121300,1994,STATE REP,81,Michigan House District 81,MI,"HEIDEMANN, HOWARD",Democrat,1,,,,"Endorsed for STATE REP District 81 (Democrat) [V6: generic note - no extracted text] | V9c name fix: HESDEMEAR, HOWARD -> HEIDEMANN, HOWARD (image)",0.85,OCR may be 'Hesdemear' - low confidence on spelling,,,,pdf,,121300_19941108_v2,Low confidence (0.70)
MI,Detroit Free Press,121300,1994,STATE REP,84,Michigan House District 84,MI,"DAVIS, RUSSELL",Democrat,1,,,,Endorsed for STATE REP District 84 (Democrat) [V6: generic note - no extracted text],0.85,,,,,pdf,,121300_19941108_v2,
MI,Detroit Free Press,121300,1994,STATE REP,86,Michigan House District 86,MI,"LANKFORD, MARTIN",Democrat,1,,,,Endorsed for STATE REP District 86 (Democrat) [V6: generic note - no extracted text],0.85,,,,,pdf,,121300_19941108_v2,
MI,Detroit Free Press,121300,1994,STATE REP,91,Michigan House District 91,MI,"BADE, PAUL",Democrat,1,,,,Endorsed for STATE REP District 91 (Democrat) [V6: generic note - no extracted text],0.85,,,,,pdf,,121300_19941108_v2,
MI,Detroit Free Press,121300,1994,STATE REP,93,Michigan House District 93,MI,"RANDALL, GARY L.",Republican,1,,1,,Endorsed for STATE REP District 93 (Republican) [V6: generic note - no extracted text],0.92,,,,,pdf,,121300_19941108_v2,
MI,Detroit Free Press,121300,1994,STATE REP,96,Michigan House District 96,MI,"KALTENBACH, SUE",Democrat,1,,,,"[V3: cross-party same-dist endorsement - likely primary endorsement, needs OCR confirm]",0.85,,,,,pdf,,121300_19941108_v2,
MI,Detroit Free Press,121300,1994,STATE REP,99,Michigan House District 99,MI,"LING, KATHLEEN",Democrat,1,,,,Endorsed for STATE REP District 99 (Democrat) [V6: generic note - no extracted text],0.85,,,,,pdf,,121300_19941108_v2,
MI,Detroit Free Press,121300,1994,STATE REP,104,Michigan House District 104,MI,"GREENE, GERALDINE",Democrat,1,,,,Endorsed for STATE REP District 104 (Democrat) [V6: generic note - no extracted text],0.85,,,,,pdf,,121300_19941108_v2,
MI,Detroit Free Press,121300,1994,STATE REP,105,Michigan House District 105,MI,"TRIPP, KATHY",Democrat,1,,,,Endorsed for STATE REP District 105 (Democrat) [V6: generic note - no extracted text],0.85,,,,,pdf,,121300_19941108_v2,
MI,Detroit Free Press,121300,1994,STATE REP,106,Michigan House District 106,MI,"BODEM, BEVERLY",Republican,1,,,,Endorsed for STATE REP District 106 (Republican) [V6: generic note - no extracted text],0.85,,,,,pdf,,121300_19941108_v2,
MI,Detroit Free Press,121300,1994,STATE REP,107,Michigan House District 107,MI,"BROWER, SHANNON",Republican,1,,,,Endorsed for STATE REP District 107 (Republican) [V6: generic note - no extracted text],0.85,,,,,pdf,,121300_19941108_v2,
MI,Detroit Free Press,121300,1994,STATE REP,110,Michigan House District 110,MI,"TESANOVICH, PAUL",Democrat,1,,,,Endorsed for STATE REP District 110 (Democrat) [V6: generic note - no extracted text],0.85,,,,,pdf,,121300_19941108_v2,
MI,Detroit Free Press,121300,1994,CNTY COMM,2,Wayne,MI,"PARKER, BERNARD",Democrat,1,1,,,Endorsed for CNTY COMM District 2 (Democrat) [V6: generic note - no extracted text],0.90,,,,,pdf,,121300_19941108_v2,
MI,Detroit Free Press,121300,1994,CNTY COMM,5,Wayne,MI,"CUSHINGBERRY, GEORGE JR.",Democrat,1,,,,Endorsed for CNTY COMM District 5 (Democrat) [V6: generic note - no extracted text],0.85,,,,,pdf,,121300_19941108_v2,
MI,Detroit Free Press,121300,1994,CNTY COMM,8,Wayne,MI,"BELL, EDNA",Democrat,1,1,,,Endorsed for CNTY COMM District 8 (Democrat) [V6: generic note - no extracted text],0.90,,,,,pdf,,121300_19941108_v2,
MI,Detroit Free Press,121300,1994,CNTY COMM,11,Wayne,MI,"PATTERSON, BRUCE",Republican,1,,,,Endorsed for CNTY COMM District 11 (Republican) [V6: generic note - no extracted text],0.85,,,,,pdf,,121300_19941108_v2,
MI,Detroit Free Press,121300,1994,CNTY COMM,15,Wayne,MI,"BOIKE, EDWARD A. JR.",Democrat,1,,,,Endorsed for CNTY COMM District 15 (Democrat) [V6: generic note - no extracted text],0.85,,,,,pdf,,121300_19941108_v2,
MI,Detroit Free Press,121300,1994,DA/PROSECUTOR,,Wayne,MI,"O'HAIR, JOHN D.",Democrat,1,,,,Endorsed for DA/PROSECUTOR (Democrat) [V6: generic note - no extracted text],0.85,,,,,pdf,,121300_19941108_v2,
MI,Detroit Free Press,121300,1994,SUPREME COURT,,Michigan Supreme Court,MI,"MALLETT, CONRAD JR.",Nonpartisan,1,,,1,Endorsed for SUPREME COURT [V6: generic note - no extracted text],0.92,,,,,pdf,,121300_19941108_v2,
MI,Detroit Free Press,121300,1994,SUPREME COURT,,Michigan Supreme Court,MI,"SHELTON, DONALD",Nonpartisan,1,,,,Endorsed for SUPREME COURT [V6: generic note - no extracted text],0.85,,,,,pdf,,121300_19941108_v2,
MI,Detroit Free Press,121300,1994,COURT OF APPEALS,1,Michigan Court of Appeals,MI,"CORRIGAN, MAURA",Nonpartisan,1,,,,Endorsed for COURT OF APPEALS District 1 [V6: generic note - no extracted text],0.85,,,,,pdf,,121300_19941108_v2,
MI,Detroit Free Press,121300,1994,COURT OF APPEALS,1,Michigan Court of Appeals,MI,"GRIBBS, ROMAN S.",Nonpartisan,1,,,,Endorsed for COURT OF APPEALS District 1 [V6: generic note - no extracted text],0.85,,,,,pdf,,121300_19941108_v2,
MI,Detroit Free Press,121300,1994,COURT OF APPEALS,3,Michigan Court of Appeals,MI,"JANSEN, KATHLEEN",Nonpartisan,1,,,,Endorsed for COURT OF APPEALS District 3 [V6: generic note - no extracted text],0.85,OCR shows 'Kathleen Jerse' but likely Jansen,,,,pdf,,121300_19941108_v2,
MI,Detroit Free Press,121300,1994,JUDGE,,Wayne Circuit,MI,"ARCHER, TRUDY DUNCOMBE",Nonpartisan,1,,,,Endorsed for JUDGE [V6: generic note - no extracted text],0.85,,,,,pdf,,121300_19941108_v2,
MI,Detroit Free Press,121300,1994,JUDGE,,Wayne Circuit,MI,"CAHALAN, WILLIAM LEO",Nonpartisan,1,,,,Endorsed for JUDGE [V6: generic note - no extracted text],0.85,,,,,pdf,,121300_19941108_v2,
MI,Detroit Free Press,121300,1994,JUDGE,,Wayne Circuit,MI,"COLOMBO, ROBERT J. JR.",Nonpartisan,1,,,,Endorsed for JUDGE [V6: generic note - no extracted text],0.85,,,,,pdf,,121300_19941108_v2,
MI,Detroit Free Press,121300,1994,JUDGE,,Wayne Circuit,MI,"CUNNINGHAM, RICHARD",Nonpartisan,1,,,,Endorsed for JUDGE [V6: generic note - no extracted text],0.85,,,,,pdf,,121300_19941108_v2,
MI,Detroit Free Press,121300,1994,JUDGE,,Wayne Circuit,MI,"CARRIER, MEG HACKETT",Nonpartisan,1,,,,Endorsed for JUDGE [V6: generic note - no extracted text],0.85,,,,,pdf,,121300_19941108_v2,
MI,Detroit Free Press,121300,1994,JUDGE,,Wayne Circuit,MI,"FORSYTH, WILLIAM",Nonpartisan,1,,,,Endorsed for JUDGE [V6: generic note - no extracted text],0.85,,,,,pdf,,121300_19941108_v2,
MI,Detroit Free Press,121300,1994,JUDGE,,Wayne Circuit,MI,"MURPHY, MICHAEL DENNIS",Nonpartisan,1,,,,Endorsed for JUDGE [V6: generic note - no extracted text],0.85,,,,,pdf,,121300_19941108_v2,
MI,Detroit Free Press,121300,1994,JUDGE,,Wayne Circuit,MI,"CALLAHAN, JOHN WILLIAM",Nonpartisan,1,,,,Endorsed for JUDGE [V6: generic note - no extracted text],0.85,,,,,pdf,,121300_19941108_v2,
MI,Detroit Free Press,121300,1994,JUDGE,,Oakland Circuit,MI,"BRECK, DAVID F.",Nonpartisan,1,,,,Endorsed for JUDGE [V6: generic note - no extracted text],0.85,,,,,pdf,,121300_19941108_v2,
MI,Detroit Free Press,121300,1994,JUDGE,,Oakland Circuit,MI,"MORRIS, DENISE LANGFORD",Nonpartisan,1,,,,Endorsed for JUDGE [V6: generic note - no extracted text],0.85,,,,,pdf,,121300_19941108_v2,
MI,Detroit Free Press,121300,1994,JUDGE,,Oakland Circuit,MI,"LOGAN, LESLIE ANNE",Nonpartisan,1,,,,Endorsed for JUDGE [V6: generic note - no extracted text],0.85,,,,,pdf,,121300_19941108_v2,
MI,Detroit Free Press,121300,1994,JUDGE,,Oakland Circuit,MI,"LOMBARD, ARTHUR",Nonpartisan,1,,,,Endorsed for JUDGE [V6: generic note - no extracted text],0.85,,,,,pdf,,121300_19941108_v2,
MI,Detroit Free Press,121300,1994,JUDGE,,Oakland Circuit,MI,"STEPHENS, CYNTHIA DIANE",Nonpartisan,1,,,,Endorsed for JUDGE [V6: generic note - no extracted text],0.85,,,,,pdf,,121300_19941108_v2,
MI,Detroit Free Press,121300,1994,JUDGE,,Oakland Circuit,MI,"TERANES, PAUL",Nonpartisan,1,,,,Endorsed for JUDGE [V6: generic note - no extracted text],0.85,,,,,pdf,,121300_19941108_v2,
MI,Detroit Free Press,121300,1994,JUDGE,,Macomb Circuit,MI,"BRUFF, JOHN",Nonpartisan,1,,,,Endorsed for JUDGE [V6: generic note - no extracted text],0.85,,,,,pdf,,121300_19941108_v2,
MI,Detroit Free Press,121300,1994,JUDGE,,Macomb Circuit,MI,"SCHWARTZ, MICHAEL",Nonpartisan,1,,,,Endorsed for JUDGE [V6: generic note - no extracted text],0.85,,,,,pdf,,121300_19941108_v2,
MI,Detroit Free Press,121300,1994,JUDGE,,Macomb Circuit,MI,"STEEH, GEORGE",Nonpartisan,1,,,,Endorsed for JUDGE [V6: generic note - no extracted text],0.85,,,,,pdf,,121300_19941108_v2,
MI,Detroit Free Press,121300,1994,JUDGE,,Macomb Circuit,MI,"LEVY, BRYAN",Nonpartisan,1,,,,Endorsed for JUDGE [V6: generic note - no extracted text],0.85,,,,,pdf,,121300_19941108_v2,
MI,Detroit Free Press,121300,1994,JUDGE,,Washtenaw Circuit,MI,"FINK, KARL",Nonpartisan,1,,,,Endorsed for JUDGE [V6: generic note - no extracted text],0.85,,,,,pdf,,121300_19941108_v2,
MI,Detroit Free Press,121300,1994,JUDGE,,Macomb Probate,MI,"BUTLER, THOMAS",Nonpartisan,1,,,,Endorsed for JUDGE [V6: generic note - no extracted text],0.85,,,,,pdf,,121300_19941108_v2,
MI,Detroit Free Press,121300,1994,JUDGE,,Macomb Probate,MI,"STIFF, CHRIS",Nonpartisan,1,,,,Endorsed for JUDGE [V6: generic note - no extracted text],0.85,,,,,pdf,,121300_19941108_v2,Low confidence (0.70)
MI,Detroit Free Press,121300,1994,JUDGE,,Macomb Probate,MI,"BRIGHT, MARGARET",Nonpartisan,1,,,,Endorsed for JUDGE [V6: generic note - no extracted text],0.85,,,,,pdf,,121300_19941108_v2,
MI,Detroit Free Press,121300,1994,JUDGE,,Macomb Probate,MI,"CARSON, DARYL MARIE",Nonpartisan,1,,,,Endorsed for JUDGE [V6: generic note - no extracted text],0.85,,,,,pdf,,121300_19941108_v2,
MI,Detroit Free Press,121300,1994,JUDGE,,36th District Court,MI,"ATKINS, MARYLIN",Nonpartisan,1,,,,Endorsed for JUDGE [V6: generic note - no extracted text],0.85,,,,,pdf,,121300_19941108_v2,
MI,Detroit Free Press,121300,1994,JUDGE,,36th District Court,MI,"BAXTER, WENDY",Nonpartisan,1,,,,Endorsed for JUDGE [V6: generic note - no extracted text],0.85,,,,,pdf,,121300_19941108_v2,
MI,Detroit Free Press,121300,1994,JUDGE,,36th District Court,MI,"CROCKETT, GEORGE III",Nonpartisan,1,,,,"Endorsed for JUDGE [V6: generic note - no extracted text] | V9c name fix: CROCKETT, GEORGE II -> CROCKETT, GEORGE III (image)",0.85,,,,,pdf,,121300_19941108_v2,
MI,Detroit Free Press,121300,1994,JUDGE,,36th District Court,MI,"GARRETT, RUTH ANN",Nonpartisan,1,,,,Endorsed for JUDGE [V6: generic note - no extracted text],0.85,,,,,pdf,,121300_19941108_v2,
MI,Detroit Free Press,121300,1994,JUDGE,,36th District Court,MI,"JEFFERSON, PATRICIA",Nonpartisan,1,,,,Endorsed for JUDGE [V6: generic note - no extracted text],0.85,,,,,pdf,,121300_19941108_v2,
MI,Detroit Free Press,121300,1994,JUDGE,,Detroit Recorder's,MI,"JASPER, BEVERLEY ANNE",Nonpartisan,1,,,,Endorsed for JUDGE [V6: generic note - no extracted text],0.85,,,,,pdf,,121300_19941108_v2,
MI,Detroit Free Press,121300,1994,JUDGE,,Detroit Recorder's,MI,"O'BRIEN, DENNIS",Nonpartisan,1,,,,Endorsed for JUDGE [V6: generic note - no extracted text],0.85,,,,,pdf,,121300_19941108_v2,
MI,Detroit Free Press,121300,1994,JUDGE,,Detroit Recorder's,MI,"SAPALA, MICHAEL",Nonpartisan,1,,,,Endorsed for JUDGE [V6: generic note - no extracted text],0.85,,,,,pdf,,121300_19941108_v2,
MI,Detroit Free Press,121300,1994,JUDGE,,Detroit Recorder's,MI,"JACKSON, THOMAS",Nonpartisan,1,,,,Endorsed for JUDGE [V6: generic note - no extracted text],0.85,,,,,pdf,,121300_19941108_v2,
MI,Detroit Free Press,121300,1996,PRESIDENT,,United States,MI,"CLINTON, BILL",Democrat,1,,,,Endorsed for PRESIDENT (Democrat) [V6: generic note - no extracted text],0.9,,,,,pdf,,121300_19961105_v2,
MI,Detroit Free Press,121300,1996,SENATOR,,United States Senate from Michigan,MI,"LEVIN, CARL",Democrat,1,,,,Endorsed for SENATOR (Democrat) [V6: generic note - no extracted text],0.9,,,,,pdf,,121300_19961105_v2,
MI,Detroit Free Press,121300,1996,H,1,U.S. House Michigan District 1,MI,"STUPAK, BART",Democrat,1,1,,,Endorsed for H District 1 (Democrat) [V6: generic note - no extracted text],0.9,,,,,pdf,,121300_19961105_v2,
MI,Detroit Free Press,121300,1996,H,12,U.S. House Michigan District 12,MI,"LEVIN, SANDER M.",Democrat,1,1,,,Endorsed for H District 12 (Democrat) [V6: generic note - no extracted text],0.9,,,,,pdf,,121300_19961105_v2,
MI,Detroit Free Press,121300,1996,H,13,U.S. House Michigan District 13,MI,"RIVERS, LYNN",Democrat,1,1,,,Endorsed for H District 13 (Democrat) [V6: generic note - no extracted text],0.9,,,,,pdf,,121300_19961105_v2,
MI,Detroit Free Press,121300,1996,H,9,U.S. House Michigan District 9,MI,"KILDEE, DALE E.",Democrat,1,1,,,Endorsed for H District 9 (Democrat) [V6: generic note - no extracted text],0.9,,,,,pdf,,121300_19961105_v2,
MI,Detroit Free Press,121300,1996,H,16,U.S. House Michigan District 16,MI,"DINGELL, JOHN D.",Democrat,1,1,,,Endorsed for H District 16 (Democrat) [V6: generic note - no extracted text],0.9,,,,,pdf,,121300_19961105_v2,
MI,Detroit Free Press,121300,1996,SUPREME COURT,,Michigan Supreme Court,MI,"BRICKLEY, JAMES",Nonpartisan,1,,,1,Endorsed for SUPREME COURT [V6: generic note - no extracted text],0.9,,,,,pdf,,121300_19961105_v2,
MI,Detroit Free Press,121300,1996,SUPREME COURT,,Michigan Supreme Court,MI,"MURPHY, WILLIAM",Nonpartisan,1,,,,Endorsed for SUPREME COURT [V6: generic note - no extracted text],0.9,,,,,pdf,,121300_19961105_v2,
MI,Detroit Free Press,121300,1996,JUDGE,,Wayne County Circuit Court,MI,"HARWOOD, PAMELA RAE",Nonpartisan,1,,,,Endorsed for SUPREME COURT [V6: generic note - no extracted text] | V9c: recode Supreme->Wayne Circuit (trial) per image,0.9,,,,,pdf,,121300_19961105_v2,
MI,Detroit Free Press,121300,1996,JUDGE,,Wayne County Circuit Court,MI,"HATHAWAY, RICHARD",Nonpartisan,1,,,,Endorsed for SUPREME COURT [V6: generic note - no extracted text] | V9c: recode Supreme->Wayne Circuit per image,0.9,,,,,pdf,,121300_19961105_v2,
MI,Detroit Free Press,121300,1996,JUDGE,,Wayne County Circuit Court,MI,"JOURDAN, J. PHILLIP",Nonpartisan,1,,,,Endorsed for COURT OF APPEALS District 2 [V6: generic note - no extracted text] | V9c: recode Appeals->Wayne Circuit per image,0.9,,,,,pdf,,121300_19961105_v2,
MI,Detroit Free Press,121300,1996,COURT OF APPEALS,1,Michigan Court of Appeals 1st District,MI,"YOUNG, ROBERT JR.",Nonpartisan,1,,,,Endorsed for COURT OF APPEALS [V6: generic note - no extracted text] | V9c: Appeals dist ->1,0.9,,,,,pdf,,121300_19961105_v2,
MI,Detroit Free Press,121300,1996,COURT OF APPEALS,2,Michigan Court of Appeals 2nd District,MI,"SAAD, HENRY",Nonpartisan,1,,,,Endorsed for COURT OF APPEALS [V6: generic note - no extracted text] | V9c: Appeals dist ->2,0.9,,,,,pdf,,121300_19961105_v2,
MI,Detroit Free Press,121300,1996,JUDGE,,Wayne Circuit,MI,"GILLIS, JOHN JR.",Nonpartisan,1,,,,Endorsed for JUDGE [V6: generic note - no extracted text],0.9,,,,,pdf,,121300_19961105_v2,
MI,Detroit Free Press,121300,1996,JUDGE,,Wayne Circuit,MI,"GIOVAN, WILLIAM",Nonpartisan,1,,,,Endorsed for JUDGE [V6: generic note - no extracted text],0.9,,,,,pdf,,121300_19961105_v2,
MI,Detroit Free Press,121300,1996,JUDGE,,Wayne Circuit,MI,"GARRETT, RUTH ANN",Nonpartisan,1,,,,Endorsed for JUDGE [V6: generic note - no extracted text],0.9,,,,,pdf,,121300_19961105_v2,
MI,Detroit Free Press,121300,1996,JUDGE,,Wayne Circuit,MI,"NELSON, SALINA",Nonpartisan,1,,,,Endorsed for JUDGE [V6: generic note - no extracted text],0.9,,,,,pdf,,121300_19961105_v2,
MI,Detroit Free Press,121300,1996,JUDGE,,Wayne Circuit,MI,"THOMAS, EDWARD",Nonpartisan,1,,,,Endorsed for JUDGE [V6: generic note - no extracted text],0.9,,,,,pdf,,121300_19961105_v2,
MI,Detroit Free Press,121300,1996,JUDGE,,Wayne Circuit,MI,"BALTIMORE, JOSEPH",Nonpartisan,1,,,,Endorsed for JUDGE [V6: generic note - no extracted text],0.9,,,,,pdf,,121300_19961105_v2,
MI,Detroit Free Press,121300,1996,JUDGE,,Wayne Circuit,MI,"BLOUNT, J. NANCY",Nonpartisan,1,,,,Endorsed for JUDGE [V6: generic note - no extracted text],0.9,,,,,pdf,,121300_19961105_v2,
MI,Detroit Free Press,121300,1996,JUDGE,,Wayne Circuit,MI,"COOLEY, WENDY",Nonpartisan,1,,,,Endorsed for JUDGE [V6: generic note - no extracted text],0.9,,,,,pdf,,121300_19961105_v2,
MI,Detroit Free Press,121300,1996,JUDGE,,Wayne Circuit,MI,"KELLY, KIRSTEN FRANK",Nonpartisan,1,,,,Endorsed for JUDGE [V6: generic note - no extracted text],0.9,,,,,pdf,,121300_19961105_v2,
MI,Detroit Free Press,121300,1996,JUDGE,,Wayne Circuit,MI,"GRAY, JIMMYLEE",Nonpartisan,1,,,,Endorsed for JUDGE [V6: generic note - no extracted text],0.9,,,,,pdf,,121300_19961105_v2,
MI,Detroit Free Press,121300,1996,JUDGE,,Detroit Recorder's,MI,"COLLINS, JEFFREY",Nonpartisan,1,,,,Endorsed for JUDGE [V6: generic note - no extracted text],0.9,,,,,pdf,,121300_19961105_v2,
MI,Detroit Free Press,121300,1996,JUDGE,,Detroit Recorder's,MI,"CURTIS, DAPHNE MEANS",Nonpartisan,1,,,,Endorsed for JUDGE [V6: generic note - no extracted text],0.9,,,,,pdf,,121300_19961105_v2,
MI,Detroit Free Press,121300,1996,JUDGE,,Detroit Recorder's,MI,"STRONG, CRAIG",Nonpartisan,1,,,,Endorsed for JUDGE [V6: generic note - no extracted text],0.9,,,,,pdf,,121300_19961105_v2,
MI,Detroit Free Press,121300,1996,JUDGE,,Detroit Recorder's,MI,"HARVEY, TENNEN",Nonpartisan,1,,,,Endorsed for JUDGE [V6: generic note - no extracted text],0.85,OCR shows 'Curtis Harvey Tennen',,,,pdf,,121300_19961105_v2,
MI,Detroit Free Press,121300,1996,JUDGE,,Detroit Recorder's,MI,"WORTHY, KYM",Nonpartisan,1,,,,Endorsed for JUDGE [V6: generic note - no extracted text],0.9,,,,,pdf,,121300_19961105_v2,
MI,Detroit Free Press,121300,1996,JUDGE,,Detroit Recorder's,MI,"ZIOLKOWSKI, ROBERT L.",Nonpartisan,1,,,,Endorsed for JUDGE [V6: generic note - no extracted text],0.9,,,,,pdf,,121300_19961105_v2,
MI,Detroit Free Press,121300,1996,JUDGE,,Detroit Recorder's,MI,"LIPSCOMB, WILLIE JR.",Nonpartisan,1,,,,Endorsed for JUDGE [V6: generic note - no extracted text],0.9,,,,,pdf,,121300_19961105_v2,
MI,Detroit Free Press,121300,1996,JUDGE,,Detroit Recorder's,MI,"MCCREE, WADE H.",Nonpartisan,1,,,,Endorsed for JUDGE [V6: generic note - no extracted text],0.9,,,,,pdf,,121300_19961105_v2,
MI,Detroit Free Press,121300,1996,JUDGE,,Detroit Recorder's,MI,"OWENS, JEANETTE O'BANNER",Nonpartisan,1,,,,Endorsed for JUDGE [V6: generic note - no extracted text],0.9,,,,,pdf,,121300_19961105_v2,
MI,Detroit Free Press,121300,1996,JUDGE,,Detroit Recorder's,MI,"SVENSON, VESTA E.",Nonpartisan,1,,,,Endorsed for JUDGE [V6: generic note - no extracted text],0.9,,,,,pdf,,121300_19961105_v2,
MI,Detroit Free Press,121300,1996,JUDGE,,Oakland Circuit,MI,"ANDREWS, STEVEN N.",Nonpartisan,1,,,,Endorsed for JUDGE [V6: generic note - no extracted text],0.9,,,,,pdf,,121300_19961105_v2,
MI,Detroit Free Press,121300,1996,JUDGE,,Oakland Circuit,MI,"HOWARD, BARRY",Nonpartisan,1,,,,Endorsed for JUDGE [V6: generic note - no extracted text],0.9,,,,,pdf,,121300_19961105_v2,
MI,Detroit Free Press,121300,1996,JUDGE,,Oakland Circuit,MI,"MESTER, FRED M.",Nonpartisan,1,,,,Endorsed for JUDGE [V6: generic note - no extracted text],0.9,,,,,pdf,,121300_19961105_v2,
MI,Detroit Free Press,121300,1996,JUDGE,,Oakland Circuit,MI,"MCCLINTON, ROBERT",Nonpartisan,1,,,,Endorsed for JUDGE [V6: generic note - no extracted text],0.9,,,,,pdf,,121300_19961105_v2,
MI,Detroit Free Press,121300,1996,JUDGE,,Oakland Circuit,MI,"SZYMANSKI, DAVID",Nonpartisan,1,,,,Endorsed for JUDGE [V6: generic note - no extracted text],0.9,,,,,pdf,,121300_19961105_v2,
MI,Detroit Free Press,121300,1996,JUDGE,,Oakland Circuit,MI,"GRANT, NANCI",Nonpartisan,1,,,,Endorsed for JUDGE [V6: generic note - no extracted text],0.9,,,,,pdf,,121300_19961105_v2,
MI,Detroit Free Press,121300,1996,JUDGE,,Oakland Circuit,MI,"NICHOLS, RUDY",Nonpartisan,1,,,,Endorsed for JUDGE [V6: generic note - no extracted text],0.9,,,,,pdf,,121300_19961105_v2,
MI,Detroit Free Press,121300,1996,JUDGE,,Oakland Circuit,MI,"SCHNELZ, GENE",Nonpartisan,1,,,,Endorsed for JUDGE [V6: generic note - no extracted text],0.9,,,,,pdf,,121300_19961105_v2,
MI,Detroit Free Press,121300,1996,JUDGE,,Oakland Circuit,MI,"MAHER, MARTIN",Nonpartisan,1,,,,Endorsed for JUDGE [V6: generic note - no extracted text],0.9,,,,,pdf,,121300_19961105_v2,
MI,Detroit Free Press,121300,1996,JUDGE,,Oakland Circuit,MI,"POPE, RICHARD",Nonpartisan,1,,,,Endorsed for JUDGE [V6: generic note - no extracted text],0.85,OCR shows 'Pope eae',,,,pdf,,121300_19961105_v2,
MI,Detroit Free Press,121300,1996,JUDGE,,Oakland Circuit,MI,"NANCE-ADAMS, LYDIA",Nonpartisan,1,,,,Endorsed for JUDGE [V6: generic note - no extracted text],0.9,,,,,pdf,,121300_19961105_v2,
MI,Detroit Free Press,121300,1996,STATE REP,16,Michigan House District 16,MI,"BROWN, BOB",Democrat,1,,,,"Endorsed for STATE REP District 22 (Democrat) [V6: generic note - no extracted text] | V9c: name Jeff->Bob, dist 22->16 per image",0.85,OCR partial - district numbering visible,,,,pdf,,121300_19961105_v2,
MI,Detroit Free Press,121300,1996,STATE REP,18,Michigan House District 18,MI,"DEHART, EILEEN",Democrat,1,1,,,Endorsed for STATE REP District 18 (Democrat) [V6: generic note - no extracted text],0.9,,,,,pdf,,121300_19961105_v2,
MI,Detroit Free Press,121300,1996,STATE REP,19,Michigan House District 21,MI,"BANKES, LYN",Republican,1,,1,,"[V3: cross-party same-dist endorsement - likely primary endorsement, needs OCR confirm] | V9: dist 21->19 (image 19961105)",0.9,,,,,pdf,,121300_19961105_v2,
MI,Detroit Free Press,121300,1996,STATE REP,21,Michigan House District 21,MI,"NESBIT, DEBORAH JEAN",Democrat,1,,,,"[V3: cross-party same-dist endorsement - likely primary endorsement, needs OCR confirm]",0.85,OCR shows 21st Dist,,,,pdf,,121300_19961105_v2,
MI,Detroit Free Press,121300,1996,STATE REP,23,Michigan House District 23,MI,"MANS, GEORGE",Democrat,1,,,,Endorsed for STATE REP District 23 (Democrat) [V6: generic note - no extracted text],0.9,,,,,pdf,,121300_19961105_v2,
MI,Detroit Free Press,121300,1996,STATE REP,31,Michigan House District 31,MI,"GIRE, SHARON L.",Democrat,1,1,,,Endorsed for STATE REP District 26 (Democrat) [V6: generic note - no extracted text] | V9c: dist 26->31,0.92,,,,,pdf,,121300_19961105_v2,
MI,Detroit Free Press,121300,1996,STATE REP,26,Michigan House District 26,MI,"CALLAHAN, WILLIAM",Democrat,1,,,,Endorsed for STATE REP District 26 (Democrat) [V6: generic note - no extracted text],0.9,,,,,pdf,,121300_19961105_v2,
MI,Detroit Free Press,121300,1996,STATE REP,33,Michigan House District 33,MI,"KUKUK, ALVIN",Republican,1,,,,Endorsed for STATE REP District 33 (Republican) [V6: generic note - no extracted text],0.9,,,,,pdf,,121300_19961105_v2,
MI,Detroit Free Press,121300,1996,STATE REP,34,Michigan House District 34,MI,"FREEMAN, JOHN",Democrat,1,1,,,Endorsed for STATE REP District 34 (Democrat) [V6: generic note - no extracted text],0.9,,,,,pdf,,121300_19961105_v2,
MI,Detroit Free Press,121300,1996,STATE REP,47,Michigan House District 47,MI,"BOGARDUS, ROSE",Democrat,1,,,,Endorsed for STATE REP District 47 (Democrat) [V6: generic note - no extracted text],0.9,,,,,pdf,,121300_19961105_v2,
MI,Detroit Free Press,121300,1996,STATE REP,82,Michigan House District 82,MI,"WILLARD, KAREN",Democrat,1,1,,,Endorsed for STATE REP District 82 (Democrat) [V6: generic note - no extracted text],0.9,,,,,pdf,,121300_19961105_v2,
MI,Detroit Free Press,121300,1996,STATE REP,85,Michigan House District 85,MI,"HARDER, CLARK",Democrat,1,1,,,Endorsed for STATE REP District 85 (Democrat) [V6: generic note - no extracted text],0.9,,,,,pdf,,121300_19961105_v2,
MI,Detroit Free Press,121300,1996,STATE REP,96,Michigan House District 96,MI,"BURNS, JEROME",Republican,1,,1,,Endorsed for STATE REP District 96 (Republican) [V6: generic note - no extracted text],0.9,,,,,pdf,,121300_19961105_v2,
MI,Detroit Free Press,121300,1996,CNTY COMM,1,Wayne,MI,"STEMPFLE, MARY ELLEN",Republican,1,,,,Endorsed for CNTY COMM District 1 (Republican) [V6: generic note - no extracted text],0.9,,,,,pdf,,121300_19961105_v2,
MI,Detroit Free Press,121300,1996,SCHOOL BOARD,,Detroit at-large,MI,"ANDERSON, N. CHARLES",Nonpartisan,1,,,,Endorsed for SCHOOL BOARD [V6: generic note - no extracted text],0.9,,,,,pdf,,121300_19961105_v2,
MI,Detroit Free Press,121300,1996,SCHOOL BOARD,,Detroit at-large,MI,"BAIER, PENNY",Nonpartisan,1,,,,Endorsed for SCHOOL BOARD [V6: generic note - no extracted text],0.9,,,,,pdf,,121300_19961105_v2,
MI,Detroit Free Press,121300,1996,SCHOOL BOARD,,Detroit at-large,MI,"BATES, ALONZO W.",Nonpartisan,1,,,,Endorsed for SCHOOL BOARD [V6: generic note - no extracted text],0.9,,,,,pdf,,121300_19961105_v2,
MI,Detroit Free Press,121300,1996,SCHOOL BOARD,,Detroit at-large,MI,"REDMOND, DARRYL",Nonpartisan,1,,,,Endorsed for SCHOOL BOARD [V6: generic note - no extracted text],0.9,,,,,pdf,,121300_19961105_v2,
MI,Detroit Free Press,121300,1996,STATE BOARD OF ED,,State Board of Education (MI),MI,"LEGG, LOUIS",Republican,1,,,,Endorsed for STATE BOARD OF ED (Republican) [V6: generic note - no extracted text],0.9,,,,,pdf,,121300_19961105_v2,
MI,Detroit Free Press,121300,1996,STATE BOARD OF ED,,State Board of Education (MI),MI,"MOYER, HERBERT",Democrat,1,,,,Endorsed for STATE BOARD OF ED (Democrat) [V6: generic note - no extracted text],0.9,,,,,pdf,,121300_19961105_v2,
MI,Detroit Free Press,121300,1996,REGENT,,University of Michigan Board of Regents,MI,"MAYNARD, OLIVIA",Democrat,1,1,,,Endorsed for REGENT (Democrat) [V6: generic note - no extracted text],0.9,,,,,pdf,,121300_19961105_v2,
MI,Detroit Free Press,121300,1996,REGENT,,University of Michigan Board of Regents,MI,"TAYLOR, S. MARTIN",Democrat,1,,,,Endorsed for REGENT (Democrat) [V6: generic note - no extracted text],0.9,,,,,pdf,,121300_19961105_v2,
MI,Detroit Free Press,121300,1996,TRUSTEE,,Michigan State University Board of Trustees,MI,"PERO, COLLEEN",Republican,1,,,,MSU Board of Trustees,0.9,,,,,pdf,,121300_19961105_v2,
MI,Detroit Free Press,121300,1996,TRUSTEE,,Michigan State University Board of Trustees,MI,"PORTEOUS, DAVE",Republican,1,,,,MSU Board of Trustees,0.9,,,,,pdf,,121300_19961105_v2,
MI,Detroit Free Press,121300,1996,TRUSTEE,,Wayne State University Board of Governors,MI,"ANTHONY, VERNICE DAVIS",Republican,1,,,,Endorsed for TRUSTEE (Republican) [V6: generic note - no extracted text],0.9,,,,,pdf,,121300_19961105_v2,
MI,Detroit Free Press,121300,1996,TRUSTEE,,Wayne State University Board of Governors,MI,"FECKO, PAUL",Republican,1,,,,Endorsed for TRUSTEE (Republican) [V6: generic note - no extracted text],0.9,,,,,pdf,,121300_19961105_v2,
MI,Detroit Free Press,121300,1998,GOVERNOR,,Michigan Governor,MI,"ENGLER, JOHN",Republican,1,,1,,Endorsed for GOVERNOR (Republican) [V6: generic note - no extracted text],0.9,,,,,pdf,,121300_19981101,
MI,Detroit Free Press,121300,1998,SEC OF STATE,,Michigan Secretary of State,MI,"MILLER, CANDICE",Republican,1,,,,Endorsed for SEC OF STATE (Republican) [V6: generic note - no extracted text],0.9,,,,,pdf,,121300_19981101,
MI,Detroit Free Press,121300,1998,ATTORNEY GENERAL,,Michigan Attorney General,MI,"GRANHOLM, JENNIFER",Democrat,1,,,,Endorsed for ATTORNEY GENERAL (Democrat) [V6: generic note - no extracted text],0.9,,,,,pdf,,121300_19981101,
MI,Detroit Free Press,121300,1998,H,1,U.S. House Michigan District 1,MI,"STUPAK, BART",Democrat,1,1,,,Endorsed for H District 1 (Democrat) [V6: generic note - no extracted text],0.9,,,,,pdf,,121300_19981101,
MI,Detroit Free Press,121300,1998,H,7,U.S. House Michigan District 7,MI,"BERRYMAN, JIM",Democrat,1,,,,Endorsed for H District 7 (Democrat) [V6: generic note - no extracted text],0.9,,,,,pdf,,121300_19981101,
MI,Detroit Free Press,121300,1998,H,8,U.S. House Michigan District 8,MI,"STABENOW, DEBBIE",Democrat,1,,,,Endorsed for H District 8 (Democrat) [V6: generic note - no extracted text],0.9,,,,,pdf,,121300_19981101,
MI,Detroit Free Press,121300,1998,H,11,U.S. House Michigan District 11,MI,"KNOLLENBERG, JOE",Republican,1,,,,Endorsed for H District 11 (Republican) [V6: generic note - no extracted text],0.9,,,,,pdf,,121300_19981101,
MI,Detroit Free Press,121300,1998,H,12,U.S. House Michigan District 12,MI,"LEVIN, SANDER M.",Democrat,1,1,,,Endorsed for H District 12 (Democrat) [V6: generic note - no extracted text],0.9,,,,,pdf,,121300_19981101,
MI,Detroit Free Press,121300,1998,H,13,U.S. House Michigan District 13,MI,"RIVERS, LYNN",Democrat,1,1,,,Endorsed for H District 13 (Democrat) [V6: generic note - no extracted text],0.9,,,,,pdf,,121300_19981101,
MI,Detroit Free Press,121300,1998,STATE SENATOR,6,Michigan Senate District 6,MI,"HART, GEORGE",Democrat,1,,,,Endorsed for STATE SENATOR District 6 (Democrat) [V6: generic note - no extracted text],0.9,,,,,pdf,,121300_19981101,
MI,Detroit Free Press,121300,1998,STATE SENATOR,9,Michigan Senate District 9,MI,"POENISCH, CAROL",Democrat,1,,,,Endorsed for STATE SENATOR District 11 (Democrat) [V6: generic note - no extracted text] | V9c: dist 11->9,0.85,District labeled 'Diet 9' in OCR,,,,pdf,,121300_19981101,
MI,Detroit Free Press,121300,1998,STATE REP,,Michigan House of Representatives,MI,"WALDRIP, DALE",Democrat,1,,,,Endorsed for STATE REP (Democrat) [V6: generic note - no extracted text],0.85,OCR shows 'Dale Waldce',,,,pdf,,121300_19981101,
MI,Detroit Free Press,121300,1998,STATE REP,15,Michigan House District 15,MI,"KEANE-DORAN, MAUREEN",Democrat,1,,,,Endorsed for STATE REP District 15 (Democrat) [V6: generic note - no extracted text],0.9,,,,,pdf,,121300_19981101,
MI,Detroit Free Press,121300,1998,STATE REP,,Michigan House of Representatives,MI,"TOY, LAURA",Republican,1,,,,Endorsed for STATE REP (Republican) [V6: generic note - no extracted text],0.85,,,,,pdf,,121300_19981101,
MI,Detroit Free Press,121300,1998,STATE REP,21,Michigan House District 21,MI,"PATTERSON, BRUCE",Republican,1,,,,Endorsed for STATE REP District 22 (Republican) [V6: generic note - no extracted text] | V9c: dist 22->21,0.85,,,,,pdf,,121300_19981101,
MI,Detroit Free Press,121300,1998,STATE REP,24,Michigan House District 24,MI,"O'NEIL, WILLIAM",Democrat,1,,,,Endorsed for STATE REP District 26 (Democrat) [V6: generic note - no extracted text] | V9c: dist 26->24,0.85,,,,,pdf,,121300_19981101,
MI,Detroit Free Press,121300,1998,STATE REP,19,Michigan House District 19,MI,"BANKES, LYN",Republican,1,,1,,[V3: dist=19 inferred from same-era cross-year match],0.90,,,,,pdf,,121300_19981101,
MI,Detroit Free Press,121300,1998,STATE REP,,Michigan House of Representatives,MI,"NESBITT, KATHLEEN",Democrat,1,,,,Endorsed for STATE REP (Democrat) [V6: generic note - no extracted text],0.85,OCR partial,,,,pdf,,121300_19981101,
MI,Detroit Free Press,121300,1998,STATE REP,,Michigan House of Representatives,MI,"MCLAUGHLIN, MELISSA",Republican,1,,,,Endorsed for STATE REP (Republican) [V6: generic note - no extracted text],0.85,,,,,pdf,,121300_19981101,
MI,Detroit Free Press,121300,1998,STATE REP,29,Michigan House District 29,MI,"FAUNCE, JENNIFER",Democrat,1,,,,Endorsed for STATE REP District 29 (Democrat) [V6: generic note - no extracted text],0.9,,,,,pdf,,121300_19981101,
MI,Detroit Free Press,121300,1998,STATE REP,31,Michigan House District 34,MI,"CODY, QUINNIE",Republican,1,,,,"[V3: cross-party same-dist endorsement - likely primary endorsement, needs OCR confirm] | V9: dist 34->31 (image 19981101)",0.9,,,,,pdf,,121300_19981101,
MI,Detroit Free Press,121300,1998,STATE REP,33,Michigan House District 33,MI,"LOCKLEAR, CHARLES",Democrat,1,,,,Endorsed for STATE REP District 33 (Democrat) [V6: generic note - no extracted text],0.9,,,,,pdf,,121300_19981101,
MI,Detroit Free Press,121300,1998,STATE REP,34,Michigan House District 34,MI,"MACLEAN, DOUGLAS SR.",Republican,1,,,,"[V3: cross-party same-dist endorsement - likely primary endorsement, needs OCR confirm] | V9: name Diana->Douglas Sr., party D->R (image 19981101: ""Douglas MacLean Sr. (R)"")",0.9,,,,,pdf,,121300_19981101,
MI,Detroit Free Press,121300,1998,STATE SENATOR,16,Michigan Senate District 16,MI,"ODETTE, MICHAEL",Democrat,1,,,,Endorsed for STATE REP (Democrat) [V6: generic note - no extracted text] | V9c: recode House->Senate d16 per image,0.85,,,,,pdf,,121300_19981101,
MI,Detroit Free Press,121300,1998,STATE REP,41,Michigan House District 41,MI,"RICHARDS, DAVID",Democrat,1,,,,Endorsed for STATE REP District 41 (Democrat) [V6: generic note - no extracted text],0.9,,,,,pdf,,121300_19981101,
MI,Detroit Free Press,121300,1998,STATE REP,44,Michigan House District 44,MI,"HOGAN, MATT",Democrat,1,,,,Endorsed for STATE REP District 44 (Democrat) [V6: generic note - no extracted text],0.9,,,,,pdf,,121300_19981101,
MI,Detroit Free Press,121300,1998,STATE SENATOR,,Michigan Senate,MI,"STORCH, ERIC",Democrat,1,,,,Endorsed for STATE SENATOR (Democrat) [V6: generic note - no extracted text],0.85,OCR partial,,,,pdf,,121300_19981101,
MI,Detroit Free Press,121300,1998,CNTY COMM,10,Macomb,MI,"DESAELE, PHILLIS",Republican,1,,,,Endorsed for CNTY COMM District 10 (Republican) [V6: generic note - no extracted text],0.9,,,,,pdf,,121300_19981101,
MI,Detroit Free Press,121300,1998,CNTY COMM,12,Macomb,MI,"GILLETT, FRAN",Republican,1,,,,Endorsed for CNTY COMM District 12 (Republican) [V6: generic note - no extracted text],0.9,,,,,pdf,,121300_19981101,
MI,Detroit Free Press,121300,1998,CNTY COMM,16,Macomb,MI,"FITZGERALD, GEORGE",Democrat,1,,,,Endorsed for CNTY COMM District 16 (Democrat) [V6: generic note - no extracted text],0.9,,,,,pdf,,121300_19981101,
MI,Detroit Free Press,121300,1998,CNTY COMM,17,Macomb,MI,"HILL, BOBBY",Democrat,1,,,,Endorsed for CNTY COMM District 17 (Democrat) [V6: generic note - no extracted text],0.9,,,,,pdf,,121300_19981101,
MI,Detroit Free Press,121300,1998,CNTY COMM,18,Macomb,MI,"O'NEILL, CHARLEEN",Democrat,1,,,,Endorsed for CNTY COMM District 18 (Democrat) [V6: generic note - no extracted text],0.9,,,,,pdf,,121300_19981101,
MI,Detroit Free Press,121300,1998,CNTY COMM,11,Macomb,MI,"MCGRAIL, LINDA",Democrat,1,,,,Endorsed for CNTY COMM District 11 (Democrat) [V6: generic note - no extracted text],0.9,,,,,pdf,,121300_19981101,
MI,Detroit Free Press,121300,1998,CNTY COMM,,Oakland,MI,"MARION, CHARLES",Nonpartisan,1,,,,Endorsed for CNTY COMM [V6: generic note - no extracted text],0.85,,,,,pdf,,121300_19981101,
MI,Detroit Free Press,121300,1998,TRUSTEE,6,Wayne County Community College Board District 6,MI,"HALL, WILLIE",Nonpartisan,1,,,,Endorsed for CNTY COMM District 6 [V6: generic note - no extracted text] | V9c: recode CntyComm->WCCC board (image),0.9,,,,,pdf,,121300_19981101,
MI,Detroit Free Press,121300,1998,CNTY COMM,,Wayne,MI,"BOIKE, EDWARD A. JR.",Democrat,1,,,,Endorsed for CNTY COMM (Democrat) [V6: generic note - no extracted text],0.85,,,,,pdf,,121300_19981101,
MI,Detroit Free Press,121300,1998,CNTY COMM,,Wayne,MI,"BORSA, NICK",Nonpartisan,1,,,,Endorsed for CNTY COMM [V6: generic note - no extracted text],0.85,,,,,pdf,,121300_19981101,
MI,Detroit Free Press,121300,1998,CNTY COMM,,Wayne,MI,"CAUSEY, BRENDA CAROLE",Democrat,1,,,,Endorsed for CNTY COMM (Democrat) [V6: generic note - no extracted text],0.85,,,,,pdf,,121300_19981101,
MI,Detroit Free Press,121300,1998,CNTY COMM,,Wayne,MI,"SUAREZ, GEORGE",Democrat,1,,,,Endorsed for CNTY COMM (Democrat) [V6: generic note - no extracted text],0.85,,,,,pdf,,121300_19981101,
MI,Detroit Free Press,121300,1998,STATE BOARD OF ED,,State Board of Education,MI,"MASON, BARBARA ROBERTS",Democrat,1,,,,"Endorsed for STATE BOARD OF ED (Democrat) [V6: generic note - no extracted text] | V9c: 1998 board record was wrong (cross-year contamination); corrected to MASON, BARBARA ROBERTS (Democrat) per recap image",0.9,,,,,pdf,,121300_19981101,
MI,Detroit Free Press,121300,1998,STATE BOARD OF ED,,State Board of Education,MI,"GIRE, SHARON",Democrat,1,,,,"Endorsed for STATE BOARD OF ED (Republican) [V6: generic note - no extracted text] | V9c: 1998 board record was wrong (cross-year contamination); corrected to GIRE, SHARON (Democrat) per recap image",0.85,OCR partial - 'Wieser' or 'Warner',,,,pdf,,121300_19981101,
MI,Detroit Free Press,121300,1998,REGENT,,University of Michigan Board of Regents,MI,"WHITE, KATHY",Democrat,1,,,,Endorsed for REGENT (Democrat) [V6: generic note - no extracted text],0.9,,,,,pdf,,121300_19981101,
MI,Detroit Free Press,121300,1998,REGENT,,University of Michigan Board of Regents,MI,"POWER, PHIL",Democrat,1,,,,"Endorsed for REGENT (Republican) [V6: generic note - no extracted text] | V9c: 1998 board record was wrong (cross-year contamination); corrected to POWER, PHIL (Democrat) per recap image",0.85,OCR partial - U-M Regents,,,,pdf,,121300_19981101,
MI,Detroit Free Press,121300,1998,TRUSTEE,,Michigan State University Board of Trustees,MI,"COOK, DEE",Republican,1,,,,"MSU | V9c: 1998 board record was wrong (cross-year contamination); corrected to COOK, DEE (Republican) per recap image",0.9,,,,,pdf,,121300_19981101,
MI,Detroit Free Press,121300,1998,TRUSTEE,,Michigan State University Board of Trustees,MI,"PORTEOUS, DAVE",Republican,1,,,,"MSU | V9c: 1998 board record was wrong (cross-year contamination); corrected to PORTEOUS, DAVE (Republican) per recap image",0.9,,,,,pdf,,121300_19981101,
MI,Detroit Free Press,121300,1998,TRUSTEE,,Wayne State University Board of Governors,MI,"DAVIS-ANTHONY, VERNICE",Republican,1,,,,"Endorsed for TRUSTEE (Democrat) [V6: generic note - no extracted text] | V9c: 1998 board record was wrong (cross-year contamination); corrected to DAVIS-ANTHONY, VERNICE (Republican) per recap image",0.85,OCR partial 'Drive Family',,,,pdf,,121300_19981101,
MI,Detroit Free Press,121300,1998,TRUSTEE,,Wayne State University Board of Governors,MI,"HARDY, ELIZABETH",Republican,1,,,,"Endorsed for TRUSTEE (Democrat) [V6: generic note - no extracted text] | V9c: 1998 board record was wrong (cross-year contamination); corrected to HARDY, ELIZABETH (Republican) per recap image",0.85,OCR partial,,,,pdf,,121300_19981101,
MI,Detroit Free Press,121300,1998,JUDGE,,Wayne County Circuit Court,MI,"BATTANI, MARIANNE",Nonpartisan,1,,,,Endorsed for SUPREME COURT [V6: generic note - no extracted text] | V9c: recode Supreme->Wayne Circuit per image,0.9,,,,,pdf,,121300_19981101,
MI,Detroit Free Press,121300,1998,SUPREME COURT,,Michigan Supreme Court,MI,"CAVANAGH, MICHAEL",Nonpartisan,1,,,1,Endorsed for SUPREME COURT [V6: generic note - no extracted text],0.9,,,,,pdf,,121300_19981101,
MI,Detroit Free Press,121300,1998,COURT OF APPEALS,1,Michigan Court of Appeals 1st District,MI,"WHITE, HELENE",Nonpartisan,1,,,,Endorsed for SUPREME COURT [V6: generic note - no extracted text] | V9c: recode Supreme->Appeals 1st per image,0.9,,,,,pdf,,121300_19981101,
MI,Detroit Free Press,121300,1998,COURT OF APPEALS,1,Michigan Court of Appeals 1st District,MI,"TALBOT, MICHAEL",Nonpartisan,1,,,,Endorsed for SUPREME COURT [V6: generic note - no extracted text] | V9c: recode Supreme->Appeals 1st per image,0.9,,,,,pdf,,121300_19981101,
MI,Detroit Free Press,121300,1998,COURT OF APPEALS,,Michigan Court of Appeals,MI,"DOCTOROFF, MARTIN",Nonpartisan,1,,,,Endorsed for COURT OF APPEALS [V6: generic note - no extracted text],0.9,,,,,pdf,,121300_19981101,
MI,Detroit Free Press,121300,1998,JUDGE,,Wayne Circuit,MI,"HATHAWAY, DIANE MARIE",Nonpartisan,1,,,,Endorsed for JUDGE [V6: generic note - no extracted text],0.9,,,,,pdf,,121300_19981101,
MI,Detroit Free Press,121300,1998,JUDGE,,Wayne Circuit,MI,"KELLY, KIRSTEN FRANK",Nonpartisan,1,,,,Endorsed for JUDGE [V6: generic note - no extracted text],0.9,,,,,pdf,,121300_19981101,
MI,Detroit Free Press,121300,1998,JUDGE,,Wayne Circuit,MI,"WATTS, MYRON",Nonpartisan,1,,,,Endorsed for JUDGE [V6: generic note - no extracted text],0.9,,,,,pdf,,121300_19981101,
MI,Detroit Free Press,121300,1998,JUDGE,,Wayne Circuit,MI,"BRAXTON, MARGIE",Nonpartisan,1,,,,Endorsed for JUDGE [V6: generic note - no extracted text],0.9,,,,,pdf,,121300_19981101,
MI,Detroit Free Press,121300,1998,JUDGE,,Wayne Circuit,MI,"MACDONALD, KATHLEEN",Nonpartisan,1,,,,Endorsed for JUDGE [V6: generic note - no extracted text],0.9,,,,,pdf,,121300_19981101,
MI,Detroit Free Press,121300,1998,JUDGE,,Wayne Circuit,MI,"MANNING, SHEILA GIBSON",Nonpartisan,1,,,,Endorsed for JUDGE [V6: generic note - no extracted text],0.9,,,,,pdf,,121300_19981101,
MI,Detroit Free Press,121300,1998,JUDGE,,Detroit Recorder's,MI,"SIMMONS, LOUIS JR.",Nonpartisan,1,,,,Endorsed for JUDGE [V6: generic note - no extracted text],0.9,,,,,pdf,,121300_19981101,
MI,Detroit Free Press,121300,1998,JUDGE,,Detroit Recorder's,MI,"STEMPIEN, JEANNE",Nonpartisan,1,,,,Endorsed for JUDGE [V6: generic note - no extracted text],0.9,,,,,pdf,,121300_19981101,
MI,Detroit Free Press,121300,1998,JUDGE,,Detroit Recorder's,MI,"KENNY, TIMOTHY",Nonpartisan,1,,,,Endorsed for JUDGE [V6: generic note - no extracted text],0.9,,,,,pdf,,121300_19981101,
MI,Detroit Free Press,121300,1998,JUDGE,,Detroit Recorder's,MI,"CALLAHAN, JAMES",Nonpartisan,1,,,,Endorsed for JUDGE [V6: generic note - no extracted text],0.9,,,,,pdf,,121300_19981101,
MI,Detroit Free Press,121300,1998,JUDGE,,Oakland Circuit,MI,"KAPLAN, STEVEN",Nonpartisan,1,,,,Endorsed for JUDGE [V6: generic note - no extracted text],0.9,,,,,pdf,,121300_19981101,
MI,Detroit Free Press,121300,1998,JUDGE,,Oakland Circuit,MI,"TORRES, ISIDORE",Nonpartisan,1,,,,Endorsed for JUDGE [V6: generic note - no extracted text],0.9,,,,,pdf,,121300_19981101,
MI,Detroit Free Press,121300,1998,JUDGE,,Oakland Circuit,MI,"TOWNSEND, LEONARD",Nonpartisan,1,,,,Endorsed for JUDGE [V6: generic note - no extracted text],0.9,,,,,pdf,,121300_19981101,
MI,Detroit Free Press,121300,2000,PRESIDENT,,United States,MI,"GORE, AL",Democrat,1,,,,Endorsed for PRESIDENT (Democrat) [V6: generic note - no extracted text],0.9,,,,,pdf,,121300_20001105,
MI,Detroit Free Press,121300,2000,SENATOR,,United States Senate from Michigan,MI,"STABENOW, DEBBIE",Democrat,1,,,,Endorsed for SENATOR (Democrat) [V6: generic note - no extracted text],0.85,OCR shows 'Debi Stabenow',,,,pdf,,121300_20001105,
MI,Detroit Free Press,121300,2000,SUPREME COURT,,Michigan Supreme Court,MI,"FITZGERALD, THOMAS",Nonpartisan,1,,,,Endorsed for SUPREME COURT [V6: generic note - no extracted text],0.85,,,,,pdf,,121300_20001105,
MI,Detroit Free Press,121300,2000,SUPREME COURT,,Michigan Supreme Court,MI,"CAVANAGH, MICHAEL",Nonpartisan,1,,,1,Endorsed for SUPREME COURT [V6: generic note - no extracted text],0.92,OCR partial,,,,pdf,,121300_20001105,
MI,Detroit Free Press,121300,2000,COURT OF APPEALS,,Michigan Court of Appeals,MI,"MURPHY, WILLIAM",Nonpartisan,1,,,,Endorsed for COURT OF APPEALS [V6: generic note - no extracted text],0.85,OCR garbled,,,,pdf,,121300_20001105,
MI,Detroit Free Press,121300,2000,REGENT,,University of Michigan Board of Regents,MI,"GONZALES, KATHERINE",Democrat,1,,,,Endorsed for REGENT (Democrat) [V6: generic note - no extracted text],0.85,OCR shows 'Gonzales (D)',,,,pdf,,121300_20001105,
MI,Detroit Free Press,121300,2000,REGENT,,University of Michigan Board of Regents,MI,"MCGOWAN, REBECCA",Democrat,1,1,,,Endorsed for REGENT (Democrat) [V6: generic note - no extracted text],0.9,,,,,pdf,,121300_20001105,
MI,Detroit Free Press,121300,2000,REGENT,,University of Michigan Board of Regents,MI,"DEITCH, LARRY",Democrat,1,,,,Endorsed for REGENT (Democrat) [V6: generic note - no extracted text],0.85,,,,,pdf,,121300_20001105,
MI,Detroit Free Press,121300,2000,TRUSTEE,,Michigan State University Board of Trustees,MI,"KOHLY, MICHAEL",Republican,1,,,,MSU,0.85,OCR shows 'Michael Kaby',,,,pdf,,121300_20001105,
MI,Detroit Free Press,121300,2000,STATE BOARD OF ED,,State Board of Education (MI),MI,"AUSTIN, JOHN",Democrat,1,,,,Endorsed for STATE BOARD OF ED (Democrat) [V6: generic note - no extracted text],0.85,OCR shows 'Aut Asin',,,,pdf,,121300_20001105,
MI,Detroit Free Press,121300,2000,STATE BOARD OF ED,,State Board of Education (MI),MI,"STRAUS, KATHLEEN",Democrat,1,1,,,Endorsed for STATE BOARD OF ED (Democrat) [V6: generic note - no extracted text],0.9,,,,,pdf,,121300_20001105,
MI,Detroit Free Press,121300,2000,STATE REP,,Michigan House of Representatives,MI,"WORONCHAK, GARY",Republican,1,,,,Endorsed for STATE REP (Republican) [V6: generic note - no extracted text],0.85,District unclear,,,,pdf,,121300_20001105,
MI,Detroit Free Press,121300,2000,STATE REP,37,Michigan House of Representatives,MI,"VAGNOZZI, ALDO",Democrat,1,,,,[V6: dist filled from same candidate other years],0.85,District unclear in OCR,,,,pdf,,121300_20001105,
MI,Detroit Free Press,121300,2000,STATE REP,,Michigan House of Representatives,MI,"KOWALL, MIKE",Republican,1,,,,Endorsed for STATE REP (Republican) [V6: generic note - no extracted text],0.85,OCR partial 'Ma Kowal',,,,pdf,,121300_20001105,
MI,Detroit Free Press,121300,2000,STATE REP,26,Michigan House District 26,MI,"CALLAHAN, WILLIAM",Democrat,1,,,,[V3: dist=26 inferred from same-era cross-year match],0.90,District unclear,,,,pdf,,121300_20001105,
MI,Detroit Free Press,121300,2000,STATE REP,25,Michigan House of Representatives,MI,"BIEDA, STEVE",Democrat,1,,,,[V6: dist filled from same candidate other years],0.85,District unclear,,,,pdf,,121300_20001105,
MI,Detroit Free Press,121300,2000,STATE REP,,Michigan House of Representatives,MI,"CLEGHORN, PAUL",Democrat,1,,,,Endorsed for STATE REP (Democrat) [V6: generic note - no extracted text],0.85,OCR shows 'Paul Cleghorn',,,,pdf,,121300_20001105,
MI,Detroit Free Press,121300,2000,CNTY EXEC,,Oakland County Executive,MI,"PATTERSON, L. BROOKS",Republican,1,,,,Endorsed for MAYOR (Republican) [V6: generic note - no extracted text] | V9c fix: was miscoded MAYOR; dname already = County Executive (image-confirmed),0.85,,,,,pdf,,121300_20001105,
MI,Detroit Free Press,121300,2000,CNTY EXEC,,Macomb County,MI,"HACKEL, MARK",Democrat,1,,,,Endorsed for MAYOR (Democrat) [V6: generic note - no extracted text] | V9c fix: was miscoded MAYOR; dname already = County Executive (image-confirmed),0.85,OCR partial,,,,pdf,,121300_20001105,
MI,Detroit Free Press,121300,2000,JUDGE,,Oakland Drain Commissioner,MI,"MCCULLOCH, JOHN",Republican,1,,,,Endorsed for JUDGE (Republican) [V6: generic note - no extracted text],0.85,Oakland Drain Commissioner,,,,pdf,,121300_20001105,
MI,Detroit Free Press,121300,2000,JUDGE,,Wayne Circuit,MI,"HATHAWAY, MARYANNE",Nonpartisan,1,,,,Endorsed for JUDGE [V6: generic note - no extracted text],0.85,OCR partial,,,,pdf,,121300_20001105,
MI,Detroit Free Press,121300,2000,JUDGE,,36th District Court,MI,"JAMES, THOMAS",Nonpartisan,1,,,,Endorsed for JUDGE [V6: generic note - no extracted text],0.85,OCR shows 'Thomas James Shannon',,,,pdf,,121300_20001105,
MI,Detroit Free Press,121300,2000,JUDGE,,Wayne Circuit,MI,"FARMER, ANNETTE",Nonpartisan,1,,,,Endorsed for JUDGE [V6: generic note - no extracted text],0.85,,,,,pdf,,121300_20001105,
MI,Detroit Free Press,121300,2000,JUDGE,,Wayne Circuit,MI,"STONER, ERIC",Nonpartisan,1,,,,Endorsed for JUDGE [V6: generic note - no extracted text],0.85,OCR shows 'Ete Stoner',,,,pdf,,121300_20001105,
MI,Detroit Free Press,121300,2000,JUDGE,,Wayne Circuit,MI,"HUSK, KATHLEEN",Nonpartisan,1,,,,Endorsed for JUDGE [V6: generic note - no extracted text],0.85,OCR shows 'Kaien Husk',,,,pdf,,121300_20001105,
MI,Detroit Free Press,121300,2000,CNTY COMM,,Wayne,MI,"SULLIVAN, JOHN",Democrat,1,,,,Endorsed for CNTY COMM (Democrat) [V6: generic note - no extracted text],0.85,,,,,pdf,,121300_20001105,
MI,Detroit Free Press,121300,2000,CNTY COMM,,Oakland,MI,"MILLS, ROBERT",Republican,1,,,,Endorsed for CNTY COMM (Republican) [V6: generic note - no extracted text],0.85,OCR shows 'Robert Mis',,,,pdf,,121300_20001105,
MI,Detroit Free Press,121300,2002,GOVERNOR,,Michigan Governor,MI,"GRANHOLM, JENNIFER",Democrat,1,,,,Endorsed for GOVERNOR (Democrat) [V6: generic note - no extracted text],0.9,,,,,pdf,,121300_20021103,
MI,Detroit Free Press,121300,2002,ATTORNEY GENERAL,,Michigan Attorney General,MI,"PETERS, GARY",Democrat,1,,,,Endorsed for ATTORNEY GENERAL (Democrat) [V6: generic note - no extracted text],0.9,,,,,pdf,,121300_20021103,
MI,Detroit Free Press,121300,2002,SEC OF STATE,,Michigan Secretary of State,MI,"HOLLOWELL, MELVIN",Democrat,1,,,,Endorsed for SEC OF STATE (Democrat) [V6: generic note - no extracted text],0.9,,,,,pdf,,121300_20021103,
MI,Detroit Free Press,121300,2002,SENATOR,,United States Senate from Michigan,MI,"LEVIN, CARL",Democrat,1,,,,Endorsed for SENATOR (Democrat) [V6: generic note - no extracted text],0.9,,,,,pdf,,121300_20021103,
MI,Detroit Free Press,121300,2002,STATE BOARD OF ED,,State Board of Education (MI),MI,"BAUER, ELIZABETH",Democrat,1,1,,,Endorsed for STATE BOARD OF ED (Democrat) [V6: generic note - no extracted text],0.9,,,,,pdf,,121300_20021103,
MI,Detroit Free Press,121300,2002,STATE BOARD OF ED,,State Board of Education (MI),MI,"WARREN, MICHAEL",Republican,1,,,,Endorsed for STATE BOARD OF ED (Republican) [V6: generic note - no extracted text],0.9,,,,,pdf,,121300_20021103,
MI,Detroit Free Press,121300,2002,TRUSTEE,,Wayne State University Board of Governors,MI,"ATCHISON, LEON H.",Democrat,1,,,,Endorsed for TRUSTEE (Democrat) [V6: generic note - no extracted text],0.9,,,,,pdf,,121300_20021103,
MI,Detroit Free Press,121300,2002,TRUSTEE,,Wayne State University Board of Governors,MI,"DUNASKISS, DIANE",Republican,1,,,,Endorsed for TRUSTEE (Republican) [V6: generic note - no extracted text],0.9,,,,,pdf,,121300_20021103,
MI,Detroit Free Press,121300,2002,TRUSTEE,,Michigan State University Board of Trustees,MI,"MCNAMARA, COLLEEN",Democrat,1,,,,MSU,0.9,,,,,pdf,,121300_20021103,
MI,Detroit Free Press,121300,2002,TRUSTEE,,Michigan State University Board of Trustees,MI,"NUGENT, DONALD",Republican,1,,,,MSU,0.9,,,,,pdf,,121300_20021103,
MI,Detroit Free Press,121300,2002,REGENT,,University of Michigan Board of Regents,MI,"AHMED, ISMAEL",Democrat,1,,,,Endorsed for REGENT (Democrat) [V6: generic note - no extracted text],0.9,,,,,pdf,,121300_20021103,
MI,Detroit Free Press,121300,2002,REGENT,,University of Michigan Board of Regents,MI,"FISCHER NEWMAN, ANDREA",Republican,1,,,,Endorsed for REGENT (Republican) [V6: generic note - no extracted text],0.9,,,,,pdf,,121300_20021103,
MI,Detroit Free Press,121300,2002,H,1,U.S. House Michigan District 1,MI,"STUPAK, BART",Democrat,1,,,,Endorsed for H District 1 (Democrat) [V6: generic note - no extracted text],0.9,,,,,pdf,,121300_20021103,
MI,Detroit Free Press,121300,2002,H,2,U.S. House Michigan District 2,MI,"HOEKSTRA, PETER",Republican,1,,,,Endorsed for H District 2 (Republican) [V6: generic note - no extracted text],0.9,,,,,pdf,,121300_20021103,
MI,Detroit Free Press,121300,2002,H,3,U.S. House Michigan District 3,MI,"EHLERS, VERNON",Republican,1,,,,Endorsed for H District 3 (Republican) [V6: generic note - no extracted text],0.9,,,,,pdf,,121300_20021103,
MI,Detroit Free Press,121300,2002,H,4,U.S. House Michigan District 4,MI,"CAMP, DAVE",Republican,1,,,,Endorsed for H District 4 (Republican) [V6: generic note - no extracted text],0.9,,,,,pdf,,121300_20021103,
MI,Detroit Free Press,121300,2002,H,5,U.S. House Michigan District 5,MI,"KILDEE, DALE E.",Democrat,1,,,,Endorsed for H District 5 (Democrat) [V6: generic note - no extracted text],0.9,,,,,pdf,,121300_20021103,
MI,Detroit Free Press,121300,2002,H,6,U.S. House Michigan District 6,MI,"UPTON, FRED",Republican,1,,,,Endorsed for H District 6 (Republican) [V6: generic note - no extracted text],0.9,,,,,pdf,,121300_20021103,
MI,Detroit Free Press,121300,2002,H,7,U.S. House Michigan District 7,MI,"SMITH, NICK",Republican,1,,,,Endorsed for H District 7 (Republican) [V6: generic note - no extracted text],0.9,,,,,pdf,,121300_20021103,
MI,Detroit Free Press,121300,2002,H,8,U.S. House Michigan District 8,MI,"ROGERS, MIKE",Republican,1,,,,Endorsed for H District 8 (Republican) [V6: generic note - no extracted text],0.9,,,,,pdf,,121300_20021103,
MI,Detroit Free Press,121300,2002,H,9,U.S. House Michigan District 9,MI,"KNOLLENBERG, JOE",Republican,1,,,,Endorsed for H District 9 (Republican) [V6: generic note - no extracted text],0.9,,,,,pdf,,121300_20021103,
MI,Detroit Free Press,121300,2002,H,10,U.S. House Michigan District 10,MI,"MILLER, CANDICE",Republican,1,,,,Endorsed for H District 10 (Republican) [V6: generic note - no extracted text],0.9,,,,,pdf,,121300_20021103,
MI,Detroit Free Press,121300,2002,H,11,U.S. House Michigan District 11,MI,"KELLEY, KEVIN",Democrat,1,,,,Endorsed for H District 11 (Democrat) [V6: generic note - no extracted text],0.9,,,,,pdf,,121300_20021103,
MI,Detroit Free Press,121300,2002,H,12,U.S. House Michigan District 12,MI,"LEVIN, SANDER M.",Democrat,1,,,,Endorsed for H District 12 (Democrat) [V6: generic note - no extracted text],0.9,,,,,pdf,,121300_20021103,
MI,Detroit Free Press,121300,2002,H,13,U.S. House Michigan District 13,MI,"KILPATRICK, CAROLYN CHEEKS",Democrat,1,,,,Endorsed for H District 13 (Democrat) [V6: generic note - no extracted text],0.9,,,,,pdf,,121300_20021103,
MI,Detroit Free Press,121300,2002,H,14,U.S. House Michigan District 14,MI,"CONYERS, JOHN JR.",Democrat,1,,,,Endorsed for H District 14 (Democrat) [V6: generic note - no extracted text],0.9,,,,,pdf,,121300_20021103,
MI,Detroit Free Press,121300,2002,H,15,U.S. House Michigan District 15,MI,"DINGELL, JOHN D.",Democrat,1,,,,Endorsed for H District 15 (Democrat) [V6: generic note - no extracted text],0.9,,,,,pdf,,121300_20021103,
MI,Detroit Free Press,121300,2002,STATE SENATOR,6,Michigan Senate District 6,MI,"TOY, LAURA",Republican,1,,,,Endorsed for STATE SENATOR District 6 (Republican) [V6: generic note - no extracted text],0.9,,,,,pdf,,121300_20021103,
MI,Detroit Free Press,121300,2002,STATE SENATOR,7,Michigan Senate District 7,MI,"PATTERSON, BRUCE",Republican,1,,,,Endorsed for STATE SENATOR District 7 (Republican) [V6: generic note - no extracted text],0.9,,,,,pdf,,121300_20021103,
MI,Detroit Free Press,121300,2002,STATE SENATOR,8,Michigan Senate District 8,MI,"BASHAM, RAYMOND",Democrat,1,,,,Endorsed for STATE SENATOR District 8 (Democrat) [V6: generic note - no extracted text],0.9,,,,,pdf,,121300_20021103,
MI,Detroit Free Press,121300,2002,STATE SENATOR,12,Michigan Senate District 12,MI,"BISHOP, MIKE",Republican,1,,,,Endorsed for STATE SENATOR District 12 (Republican) [V6: generic note - no extracted text],0.9,,,,,pdf,,121300_20021103,
MI,Detroit Free Press,121300,2002,STATE SENATOR,13,Michigan Senate District 13,MI,"JOHNSON, SHIRLEY",Republican,1,,,,Endorsed for STATE SENATOR District 13 (Republican) [V6: generic note - no extracted text],0.9,,,,,pdf,,121300_20021103,
MI,Detroit Free Press,121300,2002,STATE SENATOR,14,Michigan Senate District 14,MI,"JACOBS, GILDA",Democrat,1,,,,Endorsed for STATE SENATOR District 14 (Democrat) [V6: generic note - no extracted text],0.9,,,,,pdf,,121300_20021103,
MI,Detroit Free Press,121300,2002,STATE SENATOR,15,Michigan Senate District 15,MI,"CARLSON, SEAN",Democrat,1,,,,Endorsed for STATE SENATOR District 15 (Democrat) [V6: generic note - no extracted text],0.9,,,,,pdf,,121300_20021103,
MI,Detroit Free Press,121300,2002,STATE SENATOR,26,Michigan Senate District 26,MI,"CHERRY, DEBORAH",Democrat,1,,,,Endorsed for STATE SENATOR District 26 (Democrat) [V6: generic note - no extracted text],0.9,,,,,pdf,,121300_20021103,
MI,Detroit Free Press,121300,2002,STATE SENATOR,9,Michigan Senate District 9,MI,"OLSHOVE, DENNIS",Democrat,1,,,,Endorsed for STATE SENATOR District 9 (Democrat) [V6: generic note - no extracted text],0.9,,,,,pdf,,121300_20021103,
MI,Detroit Free Press,121300,2002,STATE SENATOR,10,Michigan Senate District 10,MI,"SWITALSKI, MICHAEL",Democrat,1,,,,Endorsed for STATE SENATOR District 10 (Democrat) [V6: generic note - no extracted text],0.9,,,,,pdf,,121300_20021103,
MI,Detroit Free Press,121300,2002,STATE SENATOR,11,Michigan Senate District 11,MI,"SANBORN, ALAN",Republican,1,,,,Endorsed for STATE SENATOR District 11 (Republican) [V6: generic note - no extracted text],0.9,,,,,pdf,,121300_20021103,
MI,Detroit Free Press,121300,2002,STATE REP,1,Michigan House District 1,MI,"GAFFNEY, EDWARD",Republican,1,,,,Endorsed for STATE REP District 1 (Republican) [V6: generic note - no extracted text],0.9,,,,,pdf,,121300_20021103,
MI,Detroit Free Press,121300,2002,STATE REP,13,Michigan House District 13,MI,"FARRAH, BARBARA",Democrat,1,,,,Endorsed for STATE REP District 13 (Democrat) [V6: generic note - no extracted text],0.9,,,,,pdf,,121300_20021103,
MI,Detroit Free Press,121300,2002,STATE REP,14,Michigan House District 14,MI,"O'NEIL, WILLIAM",Democrat,1,,,,Endorsed for STATE REP District 14 (Democrat) [V6: generic note - no extracted text],0.9,,,,,pdf,,121300_20021103,
MI,Detroit Free Press,121300,2002,STATE REP,16,Michigan House District 16,MI,"PLAKAS, JIM",Democrat,1,,,,Endorsed for STATE REP District 16 (Democrat) [V6: generic note - no extracted text],0.9,,,,,pdf,,121300_20021103,
MI,Detroit Free Press,121300,2002,STATE REP,17,Michigan House District 17,MI,"PALETKO, DANIEL",Democrat,1,,,,Endorsed for STATE REP District 17 (Democrat) [V6: generic note - no extracted text],0.9,,,,,pdf,,121300_20021103,
MI,Detroit Free Press,121300,2002,STATE REP,18,Michigan House District 18,MI,"ANDERSON, GLENN",Democrat,1,,,,"[V3: cross-party same-dist endorsement - likely primary endorsement, needs OCR confirm]",0.9,,,,,pdf,,121300_20021103,
MI,Detroit Free Press,121300,2002,STATE REP,19,Michigan House District 18,MI,"PASTOR, JOHN",Republican,1,,,,"[V3: cross-party same-dist endorsement - likely primary endorsement, needs OCR confirm] | V9: dist 18->19 (image 20021103; Anderson-D is 18th)",0.9,,,,,pdf,,121300_20021103,
MI,Detroit Free Press,121300,2002,STATE REP,20,Michigan House District 20,MI,"STEWART, JOHN",Republican,1,,,,Endorsed for STATE REP District 20 (Republican) [V6: generic note - no extracted text],0.9,,,,,pdf,,121300_20021103,
MI,Detroit Free Press,121300,2002,STATE REP,21,Michigan House District 21,MI,"SLAVENS, MARK",Democrat,1,,,,Endorsed for STATE REP District 21 (Democrat) [V6: generic note - no extracted text],0.9,,,,,pdf,,121300_20021103,
MI,Detroit Free Press,121300,2002,STATE REP,22,Michigan House District 22,MI,"HOPGOOD, HOON-YUNG",Democrat,1,,,,Endorsed for STATE REP District 22 (Democrat) [V6: generic note - no extracted text],0.9,,,,,pdf,,121300_20021103,
MI,Detroit Free Press,121300,2002,STATE REP,23,Michigan House District 23,MI,"LAW, KATHLEEN",Democrat,1,,,,Endorsed for STATE REP District 23 (Democrat) [V6: generic note - no extracted text],0.9,,,,,pdf,,121300_20021103,
MI,Detroit Free Press,121300,2002,STATE REP,26,Michigan House District 26,MI,"WOODWARD, DAVE",Democrat,1,,,,Endorsed for STATE REP District 26 (Democrat) [V6: generic note - no extracted text],0.9,,,,,pdf,,121300_20021103,
MI,Detroit Free Press,121300,2002,STATE REP,27,Michigan House District 27,MI,"MEISNER, ANDY",Democrat,1,,,,Endorsed for STATE REP District 27 (Democrat) [V6: generic note - no extracted text],0.9,,,,,pdf,,121300_20021103,
MI,Detroit Free Press,121300,2002,STATE REP,29,Michigan House District 29,MI,"PHILLIPS, CLARENCE",Democrat,1,,,,Endorsed for STATE REP District 29 (Democrat) [V6: generic note - no extracted text],0.9,,,,,pdf,,121300_20021103,
MI,Detroit Free Press,121300,2002,STATE REP,35,Michigan House District 35,MI,"CONDINO, PAUL",Democrat,1,,,,Endorsed for STATE REP District 35 (Democrat) [V6: generic note - no extracted text],0.9,,,,,pdf,,121300_20021103,
MI,Detroit Free Press,121300,2002,STATE REP,37,Michigan House District 37,MI,"VAGNOZZI, ALDO",Democrat,1,,,,Endorsed for STATE REP District 37 (Democrat) [V6: generic note - no extracted text],0.9,,,,,pdf,,121300_20021103,
MI,Detroit Free Press,121300,2002,STATE REP,38,Michigan House District 38,MI,"DEROCHE, CRAIG",Republican,1,,,,Endorsed for STATE REP District 38 (Republican) [V6: generic note - no extracted text],0.9,,,,,pdf,,121300_20021103,
MI,Detroit Free Press,121300,2002,STATE REP,39,Michigan House District 39,MI,"SHULMAN, MARC",Republican,1,,,,Endorsed for STATE REP District 39 (Republican) [V6: generic note - no extracted text],0.9,,,,,pdf,,121300_20021103,
MI,Detroit Free Press,121300,2002,STATE REP,46,Michigan House District 46,MI,"JOHNSON, RUTH",Republican,1,,,,Endorsed for STATE REP District 46 (Republican) [V6: generic note - no extracted text],0.9,,,,,pdf,,121300_20021103,
MI,Detroit Free Press,121300,2002,STATE REP,24,Michigan House District 24,MI,"BRANDENBURG, JACK",Republican,1,,,,Endorsed for STATE REP District 24 (Republican) [V6: generic note - no extracted text],0.9,,,,,pdf,,121300_20021103,
MI,Detroit Free Press,121300,2002,STATE REP,25,Michigan House District 25,MI,"BIEDA, STEVE",Democrat,1,,,,Endorsed for STATE REP District 25 (Democrat) [V6: generic note - no extracted text],0.9,,,,,pdf,,121300_20021103,
MI,Detroit Free Press,121300,2002,STATE REP,28,Michigan House District 28,MI,"WOJNO, LISA",Democrat,1,,,,Endorsed for STATE REP District 28 (Democrat) [V6: generic note - no extracted text],0.9,,,,,pdf,,121300_20021103,
MI,Detroit Free Press,121300,2002,STATE REP,30,Michigan House District 30,MI,"MCHUGH, JOE",Democrat,1,,,,Endorsed for STATE REP District 30 (Democrat) [V6: generic note - no extracted text],0.9,,,,,pdf,,121300_20021103,
MI,Detroit Free Press,121300,2002,STATE REP,31,Michigan House District 31,MI,"GIELEGHEM, PAUL",Democrat,1,,,,Endorsed for STATE REP District 31 (Democrat) [V6: generic note - no extracted text],0.9,,,,,pdf,,121300_20021103,
MI,Detroit Free Press,121300,2002,STATE REP,32,Michigan House District 32,MI,"HERTEL, JOHN J.",Democrat,1,,,,Endorsed for STATE REP District 32 (Democrat) [V6: generic note - no extracted text],0.9,,,,,pdf,,121300_20021103,
MI,Detroit Free Press,121300,2002,STATE REP,36,Michigan House District 36,MI,"DENISON, ROBERT",Democrat,1,,,,Endorsed for STATE REP District 36 (Democrat) [V6: generic note - no extracted text],0.9,,,,,pdf,,121300_20021103,
MI,Detroit Free Press,121300,2002,STATE REP,42,Michigan House District 42,MI,"ACCAVITTI, FRANK JR.",Democrat,1,,,,Endorsed for STATE REP District 42 (Democrat) [V6: generic note - no extracted text],0.9,,,,,pdf,,121300_20021103,
MI,Detroit Free Press,121300,2002,STATE REP,66,Michigan House District 66,MI,"BLOCK, W. JAMES",Democrat,1,,,,Endorsed for STATE REP District 66 (Democrat) [V6: generic note - no extracted text],0.9,,,,,pdf,,121300_20021103,
MI,Detroit Free Press,121300,2002,CNTY COMM,1,Wayne,MI,"PETZ, PATRICK",Republican,1,,,,Endorsed for CNTY COMM District 1 (Republican) [V6: generic note - no extracted text],0.9,,,,,pdf,,121300_20021103,
MI,Detroit Free Press,121300,2002,CNTY COMM,9,Wayne,MI,"CAVANAGH, PHILIP",Democrat,1,,,,Endorsed for CNTY COMM District 8 (Democrat) [V6: generic note - no extracted text] | V9c: Wayne CntyComm dist 8->9,0.9,,,,,pdf,,121300_20021103,
MI,Detroit Free Press,121300,2002,CNTY COMM,11,Wayne,MI,"SULLIVAN, JOHN",Democrat,1,,,,Endorsed for CNTY COMM District 11 (Democrat) [V6: generic note - no extracted text],0.9,,,,,pdf,,121300_20021103,
MI,Detroit Free Press,121300,2002,CNTY COMM,1,Oakland,MI,"PATTERSON, WILLIAM",Republican,1,,,,Endorsed for CNTY COMM District 1 (Republican) [V6: generic note - no extracted text],0.9,,,,,pdf,,121300_20021103,
MI,Detroit Free Press,121300,2002,CNTY COMM,4,Oakland,MI,"MIDDLETON, TOM",Republican,1,,,,Endorsed for CNTY COMM District 4 (Republican) [V6: generic note - no extracted text],0.9,,,,,pdf,,121300_20021103,
MI,Detroit Free Press,121300,2002,CNTY COMM,5,Oakland,MI,"DENI, PAUL",Democrat,1,,,,Endorsed for CNTY COMM District 5 (Democrat) [V6: generic note - no extracted text],0.9,,,,,pdf,,121300_20021103,
MI,Detroit Free Press,121300,2002,CNTY COMM,6,Oakland,MI,"KOWAL, EILEEN",Republican,1,,,,Endorsed for CNTY COMM District 6 (Republican) [V6: generic note - no extracted text],0.9,,,,,pdf,,121300_20021103,
MI,Detroit Free Press,121300,2002,CNTY COMM,7,Oakland,MI,"GUALDONI, JIM",Democrat,1,,,,Endorsed for CNTY COMM District 7 (Democrat) [V6: generic note - no extracted text],0.9,,,,,pdf,,121300_20021103,
MI,Detroit Free Press,121300,2002,CNTY COMM,11,Oakland,MI,"MELTON, TIM",Democrat,1,,,,Endorsed for CNTY COMM District 11 (Democrat) [V6: generic note - no extracted text],0.9,,,,,pdf,,121300_20021103,
MI,Detroit Free Press,121300,2002,CNTY COMM,13,Oakland,MI,"LEVIN, JON",Democrat,1,,,,Endorsed for CNTY COMM District 13 (Democrat) [V6: generic note - no extracted text],0.9,,,,,pdf,,121300_20021103,
MI,Detroit Free Press,121300,2002,CNTY COMM,14,Oakland,MI,"ROGERS, MIKE",Republican,1,,,,Endorsed for CNTY COMM District 14 (Republican) [V6: generic note - no extracted text],0.9,,,,,pdf,,121300_20021103,
MI,Detroit Free Press,121300,2002,CNTY COMM,15,Oakland,MI,"MOFFITT, DAVID",Republican,1,,,,Endorsed for CNTY COMM District 15 (Republican) [V6: generic note - no extracted text],0.9,,,,,pdf,,121300_20021103,
MI,Detroit Free Press,121300,2002,CNTY COMM,16,Oakland,MI,"BRICKNER, MAXINE",Democrat,1,,,,Endorsed for CNTY COMM District 16 (Democrat) [V6: generic note - no extracted text],0.9,,,,,pdf,,121300_20021103,
MI,Detroit Free Press,121300,2002,CNTY COMM,18,Oakland,MI,"WEBSTER, PETER",Republican,1,,,,Endorsed for CNTY COMM District 18 (Republican) [V6: generic note - no extracted text],0.9,,,,,pdf,,121300_20021103,
MI,Detroit Free Press,121300,2002,CNTY COMM,20,Oakland,MI,"AFTAB ARSLANBAY, SYED",Democrat,1,,,,Endorsed for CNTY COMM District 20 (Democrat) [V6: generic note - no extracted text],0.85,,,,,pdf,,121300_20021103,
MI,Detroit Free Press,121300,2002,CNTY COMM,22,Oakland,MI,"ZACK, HELAINE",Democrat,1,,,,Endorsed for CNTY COMM District 22 (Democrat) [V6: generic note - no extracted text],0.9,,,,,pdf,,121300_20021103,
MI,Detroit Free Press,121300,2002,CNTY COMM,24,Oakland,MI,"SUAREZ, GEORGE",Democrat,1,,,,Endorsed for CNTY COMM District 24 (Democrat) [V6: generic note - no extracted text],0.9,,,,,pdf,,121300_20021103,
MI,Detroit Free Press,121300,2002,CNTY COMM,5,Macomb,MI,"DOHERTY, SUSAN",Democrat,1,,,,Endorsed for CNTY COMM District 5 (Democrat) [V6: generic note - no extracted text],0.9,,,,,pdf,,121300_20021103,
MI,Detroit Free Press,121300,2002,CNTY COMM,6,Macomb,MI,"FLYNN, JOAN",Democrat,1,,,,Endorsed for CNTY COMM District 6 (Democrat) [V6: generic note - no extracted text],0.9,,,,,pdf,,121300_20021103,
MI,Detroit Free Press,121300,2002,CNTY COMM,19,Macomb,MI,"PERNA, JAMES",Democrat,1,,,,Endorsed for CNTY COMM District 19 (Democrat) [V6: generic note - no extracted text],0.9,,,,,pdf,,121300_20021103,
MI,Detroit Free Press,121300,2002,CNTY COMM,23,Macomb,MI,"SAWICKI, ROBERT",Democrat,1,,,,Endorsed for CNTY COMM District 23 (Democrat) [V6: generic note - no extracted text],0.9,,,,,pdf,,121300_20021103,
MI,Detroit Free Press,121300,2002,CNTY COMM,25,Macomb,MI,"WILSON-DAVIS, JANICE",Democrat,1,,,,Endorsed for CNTY COMM District 25 (Democrat) [V6: generic note - no extracted text],0.9,,,,,pdf,,121300_20021103,
MI,Detroit Free Press,121300,2002,CNTY COMM,26,Macomb,MI,"ZOLNOSKI, DEBI",Democrat,1,,,,Endorsed for CNTY COMM District 26 (Democrat) [V6: generic note - no extracted text],0.9,,,,,pdf,,121300_20021103,
MI,Detroit Free Press,121300,2002,SUPREME COURT,,Michigan Supreme Court,MI,"DRAKE, MAGGIE",Nonpartisan,1,,,,Endorsed for SUPREME COURT [V6: generic note - no extracted text],0.9,,,,,pdf,,121300_20021103,
MI,Detroit Free Press,121300,2002,SUPREME COURT,,Michigan Supreme Court,MI,"YOUNG, ROBERT",Nonpartisan,1,,,,Endorsed for SUPREME COURT [V6: generic note - no extracted text],0.9,,,,,pdf,,121300_20021103,
MI,Detroit Free Press,121300,2002,COURT OF APPEALS,,Michigan Court of Appeals,MI,"MURRAY, CHRIS",Nonpartisan,1,,,,Endorsed for COURT OF APPEALS [V6: generic note - no extracted text],0.9,,,,,pdf,,121300_20021103,
MI,Detroit Free Press,121300,2002,COURT OF APPEALS,,Michigan Court of Appeals,MI,"TALBOT, MICHAEL",Nonpartisan,1,,,,Endorsed for COURT OF APPEALS [V6: generic note - no extracted text],0.9,,,,,pdf,,121300_20021103,
MI,Detroit Free Press,121300,2002,COURT OF APPEALS,1,Michigan Court of Appeals 1st District,MI,"CHYLINSKI, JAMES",Nonpartisan,1,,,,Endorsed for COURT OF APPEALS District 4 [V6: generic note - no extracted text] | V9c: Appeals dist 4->1,0.9,,,,,pdf,,121300_20021103,
MI,Detroit Free Press,121300,2002,COURT OF APPEALS,4,Michigan Court of Appeals 4th District,MI,"CAVANAGH, JAMES",Nonpartisan,1,,,,Endorsed for COURT OF APPEALS [V6: generic note - no extracted text] | V9c: Appeals dist ->4,0.9,,,,,pdf,,121300_20021103,
MI,Detroit Free Press,121300,2002,JUDGE,,Wayne Circuit,MI,"BORMAN, SUSAN D.",Nonpartisan,1,,,,Endorsed for JUDGE [V6: generic note - no extracted text],0.9,,,,,pdf,,121300_20021103,
MI,Detroit Free Press,121300,2002,JUDGE,,Wayne Circuit,MI,"BROWN, HELEN",Nonpartisan,1,,,,Endorsed for JUDGE [V6: generic note - no extracted text],0.9,,,,,pdf,,121300_20021103,
MI,Detroit Free Press,121300,2002,JUDGE,,Wayne Circuit,MI,"CALLAHAN, BILL",Nonpartisan,1,,,,Endorsed for JUDGE [V6: generic note - no extracted text],0.9,,,,,pdf,,121300_20021103,
MI,Detroit Free Press,121300,2002,JUDGE,,Wayne Circuit,MI,"CALLAHAN, JAMES",Nonpartisan,1,,,,Endorsed for JUDGE [V6: generic note - no extracted text],0.9,,,,,pdf,,121300_20021103,
MI,Detroit Free Press,121300,2002,JUDGE,,Wayne Circuit,MI,"CALLAHAN, MICHAEL JAMES",Nonpartisan,1,,,,Endorsed for JUDGE [V6: generic note - no extracted text],0.9,,,,,pdf,,121300_20021103,
MI,Detroit Free Press,121300,2002,JUDGE,,Wayne Circuit,MI,"CURTIS, DAPHNE MEANS",Nonpartisan,1,,,,Endorsed for JUDGE [V6: generic note - no extracted text],0.9,,,,,pdf,,121300_20021103,
MI,Detroit Free Press,121300,2002,JUDGE,,Wayne Circuit,MI,"GIOVAN, WILLIAM",Nonpartisan,1,,,,Endorsed for JUDGE [V6: generic note - no extracted text],0.9,,,,,pdf,,121300_20021103,
MI,Detroit Free Press,121300,2002,JUDGE,,Wayne Circuit,MI,"HARWOOD, PAMELA RAE",Nonpartisan,1,,,,Endorsed for JUDGE [V6: generic note - no extracted text],0.9,,,,,pdf,,121300_20021103,
MI,Detroit Free Press,121300,2002,JUDGE,,Wayne Circuit,MI,"HATHAWAY, RICHARD P.",Nonpartisan,1,,,,Endorsed for JUDGE [V6: generic note - no extracted text],0.9,,,,,pdf,,121300_20021103,
MI,Detroit Free Press,121300,2002,JUDGE,,Wayne Circuit,MI,"ROBBINS, KEVIN",Nonpartisan,1,,,,Endorsed for JUDGE [V6: generic note - no extracted text],0.9,,,,,pdf,,121300_20021103,
MI,Detroit Free Press,121300,2002,JUDGE,,Wayne Circuit,MI,"ROBINSON, DAVID JR.",Nonpartisan,1,,,,Endorsed for JUDGE [V6: generic note - no extracted text],0.9,,,,,pdf,,121300_20021103,
MI,Detroit Free Press,121300,2002,JUDGE,,Wayne Circuit,MI,"GUBOW, DAVID",Nonpartisan,1,,,,Endorsed for JUDGE [V6: generic note - no extracted text],0.9,,,,,pdf,,121300_20021103,
MI,Detroit Free Press,121300,2002,JUDGE,,Wayne Circuit,MI,"PIERCE, LYNNE",Nonpartisan,1,,,,Endorsed for JUDGE [V6: generic note - no extracted text],0.9,,,,,pdf,,121300_20021103,
MI,Detroit Free Press,121300,2002,JUDGE,,Wayne Circuit,MI,"MILLENDER, PENNIE",Nonpartisan,1,,,,Endorsed for JUDGE [V6: generic note - no extracted text],0.9,,,,,pdf,,121300_20021103,
MI,Detroit Free Press,121300,2002,JUDGE,,Wayne Circuit,MI,"HATHAWAY, MICHAEL",Nonpartisan,1,,,,Endorsed for JUDGE [V6: generic note - no extracted text],0.9,,,,,pdf,,121300_20021103,
MI,Detroit Free Press,121300,2002,JUDGE,,Wayne Circuit,MI,"POPKE, ULYSSES HELENE",Nonpartisan,1,,,,Endorsed for JUDGE [V6: generic note - no extracted text],0.85,OCR partial,,,,pdf,,121300_20021103,
MI,Detroit Free Press,121300,2002,JUDGE,,Oakland Circuit,MI,"LOMBARD, ARTHUR",Nonpartisan,1,,,,Endorsed for JUDGE [V6: generic note - no extracted text],0.9,,,,,pdf,,121300_20021103,
MI,Detroit Free Press,121300,2002,JUDGE,,Oakland Circuit,MI,"BRENNAN, JOHN",Nonpartisan,1,,,,Endorsed for JUDGE [V6: generic note - no extracted text],0.9,,,,,pdf,,121300_20021103,
MI,Detroit Free Press,121300,2002,JUDGE,,Oakland Circuit,MI,"STRONG, CRAIG",Nonpartisan,1,,,,Endorsed for JUDGE [V6: generic note - no extracted text],0.9,,,,,pdf,,121300_20021103,
MI,Detroit Free Press,121300,2002,JUDGE,,Oakland Circuit,MI,"THOMAS, EDWARD",Nonpartisan,1,,,,Endorsed for JUDGE [V6: generic note - no extracted text],0.9,,,,,pdf,,121300_20021103,
MI,Detroit Free Press,121300,2002,JUDGE,,Oakland Circuit,MI,"WORTHY, KYM",Nonpartisan,1,,,,Endorsed for JUDGE [V6: generic note - no extracted text],0.9,,,,,pdf,,121300_20021103,
MI,Detroit Free Press,121300,2002,JUDGE,,Oakland Circuit,MI,"ZIOLKOWSKI, ROBERT L.",Nonpartisan,1,,,,Endorsed for JUDGE [V6: generic note - no extracted text],0.9,,,,,pdf,,121300_20021103,
MI,Detroit Free Press,121300,2002,JUDGE,,Macomb 19th District,MI,"SOMERS, MARK",Nonpartisan,1,,,,Endorsed for JUDGE [V6: generic note - no extracted text],0.9,,,,,pdf,,121300_20021103,
MI,Detroit Free Press,121300,2002,JUDGE,,Macomb 34th District,MI,"PARROTT, DAVID",Nonpartisan,1,,,,Endorsed for JUDGE [V6: generic note - no extracted text],0.9,,,,,pdf,,121300_20021103,
MI,Detroit Free Press,121300,2002,JUDGE,,60th District Court,MI,"MARTINEZ, MICHAEL",Nonpartisan,1,,,,Endorsed for JUDGE [V6: generic note - no extracted text],0.9,,,,,pdf,,121300_20021103,
MI,Detroit Free Press,121300,2002,JUDGE,,?,MI,"WATERMAN, WILLIAM",Nonpartisan,1,,,,Endorsed for JUDGE [V6: generic note - no extracted text],0.9,,,,,pdf,,121300_20021103,
MI,Detroit Free Press,121300,2002,JUDGE,,51st District Court,MI,"KUHN, RICHARD JR.",Nonpartisan,1,,,,Endorsed for JUDGE [V6: generic note - no extracted text],0.9,,,,,pdf,,121300_20021103,
MI,Detroit Free Press,121300,2002,JUDGE,,62nd-1 District Court,MI,"BONDY, ROBERT",Nonpartisan,1,,,,Endorsed for JUDGE [V6: generic note - no extracted text],0.9,,,,,pdf,,121300_20021103,
MI,Detroit Free Press,121300,2002,JUDGE,,62nd-2 District Court,MI,"FORTINBERRY, DANA",Nonpartisan,1,,,,Endorsed for JUDGE [V6: generic note - no extracted text],0.9,,,,,pdf,,121300_20021103,
MI,Detroit Free Press,121300,2002,JUDGE,,Macomb 45A District Court,MI,"SAUER, WILLIAM",Nonpartisan,1,,,,Endorsed for JUDGE [V6: generic note - no extracted text],0.9,,,,,pdf,,121300_20021103,
MI,Detroit Free Press,121300,2002,JUDGE,,Macomb 45B District Court,MI,"FRIEDMAN APPEL, MICHELLE",Nonpartisan,1,,,,Endorsed for JUDGE [V6: generic note - no extracted text],0.9,,,,,pdf,,121300_20021103,
MI,Detroit Free Press,121300,2002,JUDGE,,Macomb 46th District Court,MI,"LEVY, BRYAN",Nonpartisan,1,,,,Endorsed for JUDGE [V6: generic note - no extracted text],0.9,,,,,pdf,,121300_20021103,
MI,Detroit Free Press,121300,2002,JUDGE,,Macomb 47th District Court,MI,"BRADY, JIM",Nonpartisan,1,,,,Endorsed for JUDGE [V6: generic note - no extracted text],0.9,,,,,pdf,,121300_20021103,
MI,Detroit Free Press,121300,2002,JUDGE,,Macomb 39th District Court,MI,"STEENLAND, CATHERINE",Nonpartisan,1,,,,Endorsed for JUDGE [V6: generic note - no extracted text],0.9,,,,,pdf,,121300_20021103,
MI,Detroit Free Press,121300,2002,JUDGE,,Macomb 42nd District Court,MI,"LEDUC, DENIS",Nonpartisan,1,,,,Endorsed for JUDGE [V6: generic note - no extracted text],0.9,,,,,pdf,,121300_20021103,
MI,Detroit Free Press,121300,2002,JUDGE,,Macomb Circuit,MI,"MACERONI, PETER",Nonpartisan,1,,,,Endorsed for JUDGE [V6: generic note - no extracted text],0.9,,,,,pdf,,121300_20021103,
MI,Detroit Free Press,121300,2002,JUDGE,,Macomb Circuit,MI,"SERVITTO, DEBORAH",Nonpartisan,1,,,,Endorsed for JUDGE [V6: generic note - no extracted text],0.9,,,,,pdf,,121300_20021103,
MI,Detroit Free Press,121300,2002,JUDGE,,Macomb Circuit,MI,"SWITALSKI, MATTHEW",Nonpartisan,1,,,,Endorsed for JUDGE [V6: generic note - no extracted text],0.9,,,,,pdf,,121300_20021103,
MI,Detroit Free Press,121300,2002,JUDGE,,Macomb Circuit,MI,"VIVIANO, TONY",Nonpartisan,1,,,,Endorsed for JUDGE [V6: generic note - no extracted text],0.9,,,,,pdf,,121300_20021103,
MI,Detroit Free Press,121300,2002,JUDGE,,Macomb Circuit,MI,"DRUZINSKI, DIANE",Nonpartisan,1,,,,Endorsed for JUDGE [V6: generic note - no extracted text],0.9,,,,,pdf,,121300_20021103,
MI,Detroit Free Press,121300,2004,PRESIDENT,,United States,MI,"KERRY, JOHN F.",Democrat,1,,,,Endorsed for PRESIDENT (Democrat) [V6: generic note - no extracted text],0.9,,,,,pdf,,121300_20041102,
MI,Detroit Free Press,121300,2004,H,7,U.S. House Michigan District 7,MI,"SCHWARZ, JOHN ""JOE""",Republican,1,,,,Endorsed for H District 7 (Republican) [V6: generic note - no extracted text],0.9,,,,,pdf,,121300_20041102,
MI,Detroit Free Press,121300,2004,STATE REP,1,Michigan House District 1,MI,"GAFFNEY, EDWARD",Republican,1,,1,,Endorsed for STATE REP District 1 (Republican) [V6: generic note - no extracted text],0.9,,,,,pdf,,121300_20041102,
MI,Detroit Free Press,121300,2004,STATE REP,4,Michigan House District 4,MI,"WATERS, MARY",Democrat,1,,,,Endorsed for STATE REP District 4 (Democrat) [V6: generic note - no extracted text],0.9,,,,,pdf,,121300_20041102,
MI,Detroit Free Press,121300,2004,STATE REP,12,Michigan House District 12,MI,"TOBOCMAN, STEVE",Democrat,1,,,,Endorsed for STATE REP District 12 (Democrat) [V6: generic note - no extracted text],0.9,,,,,pdf,,121300_20041102,
MI,Detroit Free Press,121300,2004,STATE REP,13,Michigan House District 13,MI,"FARRAH, BARBARA",Democrat,1,1,,,Endorsed for STATE REP District 13 (Democrat) [V6: generic note - no extracted text],0.9,,,,,pdf,,121300_20041102,
MI,Detroit Free Press,121300,2004,STATE REP,15,Michigan House District 15,MI,"POLIDORI, GINO",Democrat,1,,,,Endorsed for STATE REP District 15 (Democrat) [V6: generic note - no extracted text],0.9,,,,,pdf,,121300_20041102,
MI,Detroit Free Press,121300,2004,STATE REP,16,Michigan House District 16,MI,"PLAKAS, JIM",Democrat,1,1,,,Endorsed for STATE REP District 16 (Democrat) [V6: generic note - no extracted text],0.9,,,,,pdf,,121300_20041102,
MI,Detroit Free Press,121300,2004,STATE REP,17,Michigan House District 17,MI,"DILLON, ANDY",Democrat,1,,,,Endorsed for STATE REP District 17 (Democrat) [V6: generic note - no extracted text],0.9,,,,,pdf,,121300_20041102,
MI,Detroit Free Press,121300,2004,STATE REP,18,Michigan House District 18,MI,"ANDERSON, GLENN",Democrat,1,1,,,Endorsed for STATE REP District 18 (Democrat) [V6: generic note - no extracted text],0.9,,,,,pdf,,121300_20041102,
MI,Detroit Free Press,121300,2004,STATE REP,19,Michigan House District 19,MI,"GEBHARDT, JOAN",Democrat,1,,,,Endorsed for STATE REP District 19 (Democrat) [V6: generic note - no extracted text],0.9,,,,,pdf,,121300_20041102,
MI,Detroit Free Press,121300,2004,STATE REP,20,Michigan House District 20,MI,"STEWART, JOHN",Republican,1,,1,,Endorsed for STATE REP District 20 (Republican) [V6: generic note - no extracted text],0.9,,,,,pdf,,121300_20041102,
MI,Detroit Free Press,121300,2004,STATE REP,21,Michigan House District 21,MI,"LAJOY, PHILIP",Republican,1,,,,Endorsed for STATE REP District 21 (Republican) [V6: generic note - no extracted text],0.9,,,,,pdf,,121300_20041102,
MI,Detroit Free Press,121300,2004,STATE REP,22,Michigan House District 22,MI,"HOPGOOD, HOON-YUNG",Democrat,1,1,,,Endorsed for STATE REP District 22 (Democrat) [V6: generic note - no extracted text],0.9,,,,,pdf,,121300_20041102,
MI,Detroit Free Press,121300,2004,STATE REP,23,Michigan House District 23,MI,"LAW, KATHLEEN",Democrat,1,1,,,Endorsed for STATE REP District 23 (Democrat) [V6: generic note - no extracted text],0.9,,,,,pdf,,121300_20041102,
MI,Detroit Free Press,121300,2004,STATE REP,24,Michigan House District 24,MI,"BRANDENBURG, JACK",Republican,1,,1,,Endorsed for STATE REP District 24 (Republican) [V6: generic note - no extracted text],0.9,,,,,pdf,,121300_20041102,
MI,Detroit Free Press,121300,2004,STATE REP,25,Michigan House District 25,MI,"BIEDA, STEVE",Democrat,1,1,,,Endorsed for STATE REP District 25 (Democrat) [V6: generic note - no extracted text],0.9,,,,,pdf,,121300_20041102,
MI,Detroit Free Press,121300,2004,STATE REP,28,Michigan House District 28,MI,"WOJNO, LISA",Democrat,1,1,,,Endorsed for STATE REP District 28 (Democrat) [V6: generic note - no extracted text],0.9,,,,,pdf,,121300_20041102,
MI,Detroit Free Press,121300,2004,STATE REP,30,Michigan House District 30,MI,"MACERONI, ROGER",Democrat,1,,,,Endorsed for STATE REP District 30 (Democrat) [V6: generic note - no extracted text],0.9,,,,,pdf,,121300_20041102,
MI,Detroit Free Press,121300,2004,STATE REP,31,Michigan House District 31,MI,"MILLER, FRED",Democrat,1,,,,Endorsed for STATE REP District 31 (Democrat) [V6: generic note - no extracted text],0.9,,,,,pdf,,121300_20041102,
MI,Detroit Free Press,121300,2004,STATE REP,32,Michigan House District 32,MI,"ACCIAVATTI, DANIEL",Republican,1,,,,Endorsed for STATE REP District 32 (Republican) [V6: generic note - no extracted text],0.9,,,,,pdf,,121300_20041102,
MI,Detroit Free Press,121300,2004,STATE REP,33,Michigan House District 33,MI,"CYNOWA, GARY",Democrat,1,,,,Endorsed for STATE REP District 39 (Democrat) [V6: generic note - no extracted text] | V9c: dist 39->33 per 2004 recap image (gap-year pass),0.9,,,,,pdf,,121300_20041102,
MI,Detroit Free Press,121300,2004,STATE REP,42,Michigan House District 42,MI,"ACCAVITTI, FRANK JR.",Democrat,1,1,,,Endorsed for STATE REP District 42 (Democrat) [V6: generic note - no extracted text],0.9,,,,,pdf,,121300_20041102,
MI,Detroit Free Press,121300,2004,STATE REP,26,Michigan House District 26,MI,"DONIGAN, MARIE",Democrat,1,,,,Endorsed for STATE REP District 26 (Democrat) [V6: generic note - no extracted text],0.9,,,,,pdf,,121300_20041102,
MI,Detroit Free Press,121300,2004,STATE REP,27,Michigan House District 27,MI,"MEISNER, ANDY",Democrat,1,1,,,Endorsed for STATE REP District 27 (Democrat) [V6: generic note - no extracted text],0.9,,,,,pdf,,121300_20041102,
MI,Detroit Free Press,121300,2004,STATE REP,29,Michigan House District 29,MI,"PHILLIPS, CLARENCE",Democrat,1,1,,,Endorsed for STATE REP District 29 (Democrat) [V6: generic note - no extracted text],0.90,OCR shows 'Distict 23',,,,pdf,,121300_20041102,
MI,Detroit Free Press,121300,2004,STATE REP,35,Michigan House District 35,MI,"CONDINO, PAUL",Democrat,1,1,,,Endorsed for STATE REP District 35 (Democrat) [V6: generic note - no extracted text],0.9,,,,,pdf,,121300_20041102,
MI,Detroit Free Press,121300,2004,STATE REP,38,Michigan House District 38,MI,"DEROCHE, CRAIG",Republican,1,,1,,Endorsed for STATE REP District 38 (Republican) [V6: generic note - no extracted text],0.9,,,,,pdf,,121300_20041102,
MI,Detroit Free Press,121300,2004,STATE REP,39,Michigan House District 39,MI,"SCHWARTZ, MICHAEL ALAN",Democrat,1,,,,Endorsed for STATE REP District 39 (Democrat) [V6: generic note - no extracted text],0.85,OCR shows 'Schwartz (D)',,,,pdf,,121300_20041102,
MI,Detroit Free Press,121300,2004,STATE REP,41,Michigan House District 41,MI,"BLUNDO, JIM",Democrat,1,,,,Endorsed for STATE REP District 41 (Democrat) [V6: generic note - no extracted text],0.9,,,,,pdf,,121300_20041102,
MI,Detroit Free Press,121300,2004,STATE REP,43,Michigan House District 43,MI,"AMOS, FRAN",Republican,1,,,,Endorsed for STATE REP District 43 (Republican) [V6: generic note - no extracted text],0.9,,,,,pdf,,121300_20041102,
MI,Detroit Free Press,121300,2004,STATE REP,44,Michigan House District 44,MI,"STAKOE, JOHN",Republican,1,,,,Endorsed for STATE REP District 44 (Republican) [V6: generic note - no extracted text],0.9,,,,,pdf,,121300_20041102,
MI,Detroit Free Press,121300,2004,STATE REP,45,Michigan House District 45,MI,"GARFIELD, JOHN",Republican,1,,,,Endorsed for STATE REP District 45 (Republican) [V6: generic note - no extracted text],0.9,,,,,pdf,,121300_20041102,
MI,Detroit Free Press,121300,2004,STATE REP,46,Michigan House District 46,MI,"MYSLIWIECKI, DARREL",Democrat,1,,,,Endorsed for STATE REP District 46 (Democrat) [V6: generic note - no extracted text],0.9,,,,,pdf,,121300_20041102,
MI,Detroit Free Press,121300,2004,STATE REP,66,Michigan House District 66,MI,"WARD, CHRIS",Republican,1,,,,Endorsed for STATE REP District 66 (Republican) [V6: generic note - no extracted text],0.9,,,,,pdf,,121300_20041102,
MI,Detroit Free Press,121300,2004,STATE BOARD OF ED,,State Board of Education (MI),MI,"MCGUIRE, MARIANNE YARED",Democrat,1,,,,Endorsed for STATE BOARD OF ED (Democrat) [V6: generic note - no extracted text],0.9,,,,,pdf,,121300_20041102,
MI,Detroit Free Press,121300,2004,STATE BOARD OF ED,,State Board of Education (MI),MI,"MOYER, HERBERT",Democrat,1,1,,,Endorsed for STATE BOARD OF ED (Democrat) [V6: generic note - no extracted text],0.9,,,,,pdf,,121300_20041102,
MI,Detroit Free Press,121300,2004,TRUSTEE,,Michigan State University Board of Trustees,MI,"FERGUSON, JOEL",Democrat,1,1,,,MSU,0.9,,,,,pdf,,121300_20041102,
MI,Detroit Free Press,121300,2004,TRUSTEE,,Michigan State University Board of Trustees,MI,"PITMAN, RANDALL",Nonpartisan,1,,,,MSU,0.85,Party may not be visible in OCR,,,,pdf,,121300_20041102,
MI,Detroit Free Press,121300,2004,REGENT,,University of Michigan Board of Regents,MI,"MAYNARD, OLIVIA",Democrat,1,1,,,Endorsed for REGENT (Democrat) [V6: generic note - no extracted text],0.9,,,,,pdf,,121300_20041102,
MI,Detroit Free Press,121300,2004,REGENT,,University of Michigan Board of Regents,MI,"TAYLOR, S. MARTIN",Democrat,1,1,,,Endorsed for REGENT (Democrat) [V6: generic note - no extracted text],0.9,,,,,pdf,,121300_20041102,
MI,Detroit Free Press,121300,2004,TRUSTEE,,Wayne State University Board of Governors,MI,"MILLER, ANNETTA",Democrat,1,,,,Endorsed for TRUSTEE (Democrat) [V6: generic note - no extracted text],0.9,,,,,pdf,,121300_20041102,
MI,Detroit Free Press,121300,2004,TRUSTEE,,Wayne State University Board of Governors,MI,"HILLEGONDS, PAUL",Republican,1,,,,"Endorsed for TRUSTEE [V6: generic note - no extracted text] | V9c: name Paddy->Paul, party->R per image",0.85,OCR partial - 'Hilegonds',,,,pdf,,121300_20041102,
MI,Detroit Free Press,121300,2004,SUPREME COURT,,Michigan Supreme Court,MI,"KELLY, MARILYN",Nonpartisan,1,,,,Endorsed for SUPREME COURT [V6: generic note - no extracted text],0.9,,,,,pdf,,121300_20041102,
MI,Detroit Free Press,121300,2004,SUPREME COURT,,Michigan Supreme Court,MI,"MARKMAN, STEPHEN",Nonpartisan,1,,,,Endorsed for SUPREME COURT [V6: generic note - no extracted text],0.9,,,,,pdf,,121300_20041102,
MI,Detroit Free Press,121300,2004,COURT OF APPEALS,4,Michigan Court of Appeals,MI,"WHITBECK, WILLIAM",Nonpartisan,1,,,,Endorsed for COURT OF APPEALS District 4 [V6: generic note - no extracted text],0.9,,,,,pdf,,121300_20041102,
MI,Detroit Free Press,121300,2004,COURT OF APPEALS,4,Michigan Court of Appeals,MI,"OWENS, DONALD",Nonpartisan,1,,,,Endorsed for COURT OF APPEALS District 4 [V6: generic note - no extracted text],0.9,,,,,pdf,,121300_20041102,
MI,Detroit Free Press,121300,2004,JUDGE,,Wayne Circuit,MI,"PIERCE, LYNNE",Nonpartisan,1,,,,Endorsed for JUDGE [V6: generic note - no extracted text],0.9,,,,,pdf,,121300_20041102,
MI,Detroit Free Press,121300,2004,JUDGE,,Oakland Circuit,MI,"MATTHEWS, CHERYL",Nonpartisan,1,,,,Endorsed for JUDGE [V6: generic note - no extracted text],0.9,,,,,pdf,,121300_20041102,
MI,Detroit Free Press,121300,2004,JUDGE,,36th District Court,MI,"OFFICER, BRIQATTE",Nonpartisan,1,,,,Endorsed for JUDGE [V6: generic note - no extracted text],0.85,OCR partial 'Briqatte',,,,pdf,,121300_20041102,
MI,Detroit Free Press,121300,2004,JUDGE,,36th District Court,MI,"WALKER, THOMAS",Nonpartisan,1,,,,Endorsed for JUDGE [V6: generic note - no extracted text],0.9,,,,,pdf,,121300_20041102,
MI,Detroit Free Press,121300,2004,JUDGE,,36th District Court,MI,"OAKLEY, BRIAN",Nonpartisan,1,,,,Endorsed for JUDGE [V6: generic note - no extracted text],0.9,,,,,pdf,,121300_20041102,
MI,Detroit Free Press,121300,2004,JUDGE,,36th District Court,MI,"BLEDSOE FORD, GERALDINE",Nonpartisan,1,,,,Endorsed for JUDGE [V6: generic note - no extracted text],0.9,,,,,pdf,,121300_20041102,
MI,Detroit Free Press,121300,2004,JUDGE,,20th District Court,MI,"GUERRERO, MIGUEL",Nonpartisan,1,,,,Endorsed for JUDGE [V6: generic note - no extracted text],0.85,OCR partial,,,,pdf,,121300_20041102,
MI,Detroit Free Press,121300,2004,JUDGE,,33rd District Court,MI,"SWANK, DONALD",Nonpartisan,1,,,,Endorsed for JUDGE [V6: generic note - no extracted text],0.9,,,,,pdf,,121300_20041102,
MI,Detroit Free Press,121300,2004,JUDGE,,52-2 District Court,MI,"KOZMA, LARRY",Nonpartisan,1,,,,Endorsed for JUDGE [V6: generic note - no extracted text],0.9,,,,,pdf,,121300_20041102,
MI,Detroit Free Press,121300,2004,SHERIFF,,Wayne,MI,"EVANS, WARREN",Democrat,1,,,,Endorsed for SHERIFF (Democrat) [V6: generic note - no extracted text],0.9,,,,,pdf,,121300_20041102,
MI,Detroit Free Press,121300,2004,CNTY EXEC,,Oakland County Executive,MI,"PATTERSON, L. BROOKS",Republican,1,,,,Endorsed for MAYOR (Republican) [V6: generic note - no extracted text] | V9c fix: was miscoded MAYOR; dname already = County Executive (image-confirmed),0.9,,,,,pdf,,121300_20041102,
MI,Detroit Free Press,121300,2004,SHERIFF,,Oakland,MI,"BOUCHARD, MICHAEL",Republican,1,,,,Endorsed for SHERIFF (Republican) [V6: generic note - no extracted text],0.9,,,,,pdf,,121300_20041102,
MI,Detroit Free Press,121300,2004,DA/PROSECUTOR,,Oakland,MI,"GORCYCA, DAVID",Republican,1,,,,Endorsed for DA/PROSECUTOR (Republican) [V6: generic note - no extracted text],0.9,,,,,pdf,,121300_20041102,
MI,Detroit Free Press,121300,2004,CNTY TREASURER,,Oakland,MI,"DOHANY, PAT",Republican,1,,,,Endorsed for CNTY TREASURER (Republican) [V6: generic note - no extracted text],0.9,,,,,pdf,,121300_20041102,
MI,Detroit Free Press,121300,2004,CNTY CLERK,,Oakland,MI,"JOHNSON, RUTH",Republican,1,,,,Endorsed for CNTY CLERK (Republican) [V6: generic note - no extracted text],0.9,,,,,pdf,,121300_20041102,
MI,Detroit Free Press,121300,2004,JUDGE,,Oakland Drain Commissioner,MI,"MCCULLOCH, JOHN",Republican,1,,,,Endorsed for JUDGE (Republican) [V6: generic note - no extracted text],0.9,,,,,pdf,,121300_20041102,
MI,Detroit Free Press,121300,2004,CNTY COMM,1,Wayne,MI,"COSTANTINO, CHERYL",Democrat,1,,,,Endorsed for CNTY COMM District 1 (Democrat) [V6: generic note - no extracted text],0.85,,,,,pdf,,121300_20041102,
MI,Detroit Free Press,121300,2004,CNTY COMM,9,Wayne,MI,"CAVANAGH, PHIL",Democrat,1,,,,Endorsed for CNTY COMM District 9 (Democrat) [V6: generic note - no extracted text],0.9,,,,,pdf,,121300_20041102,
MI,Detroit Free Press,121300,2004,CNTY COMM,10,Wayne,MI,"COX, LAURA",Republican,1,,,,Endorsed for CNTY COMM District 10 (Republican) [V6: generic note - no extracted text],0.9,,,,,pdf,,121300_20041102,
MI,Detroit Free Press,121300,2004,CNTY COMM,11,Wayne,MI,"SULLIVAN, JOHN",Democrat,1,1,,,Endorsed for CNTY COMM District 11 (Democrat) [V6: generic note - no extracted text],0.9,,,,,pdf,,121300_20041102,
MI,Detroit Free Press,121300,2004,CNTY COMM,12,Wayne,MI,"BEARD, KAY",Democrat,1,,,,Endorsed for CNTY COMM District 12 (Democrat) [V6: generic note - no extracted text],0.9,,,,,pdf,,121300_20041102,
MI,Detroit Free Press,121300,2004,CNTY COMM,13,Wayne,MI,"WORONCHAK, GARY",Republican,1,,,,Endorsed for CNTY COMM District 13 (Republican) [V6: generic note - no extracted text],0.9,,,,,pdf,,121300_20041102,
MI,Detroit Free Press,121300,2004,CNTY COMM,15,Wayne,MI,"BOIKE, EDWARD A. JR.",Democrat,1,,,,Endorsed for CNTY COMM District 15 (Democrat) [V6: generic note - no extracted text],0.9,,,,,pdf,,121300_20041102,
MI,Detroit Free Press,121300,2004,CNTY COMM,1,Oakland,MI,"DUZYJ, ANDREY",Democrat,1,,,,Endorsed for CNTY COMM District 1 (Democrat) [V6: generic note - no extracted text],0.9,,,,,pdf,,121300_20041102,
MI,Detroit Free Press,121300,2004,CNTY COMM,3,Oakland,MI,"WILSON, ERIC",Republican,1,,,,Endorsed for CNTY COMM District 3 (Republican) [V6: generic note - no extracted text],0.9,,,,,pdf,,121300_20041102,
MI,Detroit Free Press,121300,2004,CNTY COMM,4,Oakland,MI,"MIDDLETON, TOM",Republican,1,,1,,Endorsed for CNTY COMM District 4 (Republican) [V6: generic note - no extracted text],0.9,,,,,pdf,,121300_20041102,
MI,Detroit Free Press,121300,2004,CNTY COMM,5,Oakland,MI,"SCOTT, JOHN",Republican,1,,,,Endorsed for CNTY COMM District 5 (Republican) [V6: generic note - no extracted text],0.9,,,,,pdf,,121300_20041102,
MI,Detroit Free Press,121300,2004,CNTY COMM,,Oakland,MI,"GREGORY, VINCENT",Democrat,1,,,,Endorsed for CNTY COMM (Democrat) [V6: generic note - no extracted text],0.85,,,,,pdf,,121300_20041102,
MI,Detroit Free Press,121300,2004,CNTY COMM,25,Oakland,MI,"COULTER, DAVID",Democrat,1,,,,Endorsed for CNTY COMM District 25 (Democrat) [V6: generic note - no extracted text],0.9,,,,,pdf,,121300_20041102,
MI,Detroit Free Press,121300,2004,CNTY COMM,16,Oakland,MI,"JAMIAN, GREG",Republican,1,,,,Endorsed for CNTY COMM District 16 (Republican) [V6: generic note - no extracted text],0.9,,,,,pdf,,121300_20041102,
MI,Detroit Free Press,121300,2004,CNTY COMM,,,MI,"POTTS, DAVID",Republican,1,,,,Endorsed for CNTY COMM (Republican) [V6: generic note - no extracted text],0.85,,,,,pdf,,121300_20041102,
MI,Detroit Free Press,121300,2004,SHERIFF,,Macomb,MI,"HACKEL, MARK",Democrat,1,,,,Endorsed for SHERIFF (Democrat) [V6: generic note - no extracted text],0.9,,,,,pdf,,121300_20041102,
MI,Detroit Free Press,121300,2004,DA/PROSECUTOR,,Macomb,MI,"MARLINGA, CARL",Democrat,1,,,,Endorsed for DA/PROSECUTOR (Democrat) [V6: generic note - no extracted text],0.85,,,,,pdf,,121300_20041102,
MI,Detroit Free Press,121300,2004,CNTY TREASURER,,Macomb,MI,"WAHBY, TED",Democrat,1,,,,Endorsed for CNTY TREASURER (Democrat) [V6: generic note - no extracted text],0.9,,,,,pdf,,121300_20041102,
MI,Detroit Free Press,121300,2004,CNTY CLERK,,Macomb,MI,"SABAUGH, CARMELLA",Democrat,1,,,,Endorsed for CNTY CLERK (Democrat) [V6: generic note - no extracted text],0.9,,,,,pdf,,121300_20041102,
MI,Detroit Free Press,121300,2004,JUDGE,,Macomb Public Works Commissioner,MI,"MARROCCO, ANTHONY",Democrat,1,,,,Endorsed for JUDGE (Democrat) [V6: generic note - no extracted text],0.9,,,,,pdf,,121300_20041102,
MI,Detroit Free Press,121300,2004,CNTY COMM,18,Macomb,MI,"GIBSON, BOB",Democrat,1,,,,Endorsed for CNTY COMM District 18 (Democrat) [V6: generic note - no extracted text],0.9,,,,,pdf,,121300_20041102,
MI,Detroit Free Press,121300,2004,CNTY COMM,6,Macomb,MI,"DOHERTY, SUSAN",Democrat,1,,,,Endorsed for CNTY COMM District 6 (Democrat) [V6: generic note - no extracted text],0.85,,,,,pdf,,121300_20041102,
MI,Detroit Free Press,121300,2004,CNTY COMM,6,Macomb,MI,"FLYNN, JOAN",Democrat,1,1,,,Endorsed for CNTY COMM District 6 (Democrat) [V6: generic note - no extracted text],0.9,,,,,pdf,,121300_20041102,
MI,Detroit Free Press,121300,2004,CNTY COMM,7,Macomb,MI,"ROCCA, SUE",Republican,1,,,,Endorsed for CNTY COMM District 7 (Republican) [V6: generic note - no extracted text],0.9,,,,,pdf,,121300_20041102,
MI,Detroit Free Press,121300,2004,CNTY COMM,8,Macomb,MI,"KOLAKOWSKI, DIANA",Democrat,1,,,,Endorsed for CNTY COMM District 8 (Democrat) [V6: generic note - no extracted text],0.9,,,,,pdf,,121300_20041102,
MI,Detroit Free Press,121300,2004,CNTY COMM,9,Macomb,MI,"MIJAC, ROBERT",Democrat,1,,,,Endorsed for CNTY COMM District 9 (Democrat) [V6: generic note - no extracted text],0.9,,,,,pdf,,121300_20041102,
MI,Detroit Free Press,121300,2004,CNTY COMM,11,Macomb,MI,"DENISON, ROBERT",Democrat,1,,,,Endorsed for CNTY COMM District 11 (Democrat) [V6: generic note - no extracted text],0.9,,,,,pdf,,121300_20041102,
MI,Detroit Free Press,121300,2004,CNTY COMM,14,Macomb,MI,"BRDAK, BRIAN",Democrat,1,,,,Endorsed for CNTY COMM District 14 (Democrat) [V6: generic note - no extracted text],0.9,,,,,pdf,,121300_20041102,
MI,Detroit Free Press,121300,2004,CNTY COMM,15,Macomb,MI,"RENGERT, KEITH",Nonpartisan,1,,,,Endorsed for CNTY COMM District 15 [V6: generic note - no extracted text],0.9,,,,,pdf,,121300_20041102,
MI,Detroit Free Press,121300,2004,CNTY COMM,16,Macomb,MI,"REVOIR, WILLIAM",Republican,1,,,,Endorsed for CNTY COMM District 16 (Republican) [V6: generic note - no extracted text],0.9,,,,,pdf,,121300_20041102,
MI,Detroit Free Press,121300,2004,CNTY COMM,17,Macomb,MI,"HILL, BOBBY",Democrat,1,,,,Endorsed for CNTY COMM District 17 (Democrat) [V6: generic note - no extracted text],0.9,,,,,pdf,,121300_20041102,
MI,Detroit Free Press,121300,2006,GOVERNOR,,Michigan Governor,MI,"GRANHOLM, JENNIFER",Democrat,1,1,,,Endorsed for GOVERNOR (Democrat) [V6: generic note - no extracted text],0.9,,,,,pdf,,121300_20061105,
MI,Detroit Free Press,121300,2006,SENATOR,,United States Senate from Michigan,MI,"STABENOW, DEBBIE",Democrat,1,,,,Endorsed for SENATOR (Democrat) [V6: generic note - no extracted text],0.9,,,,,pdf,,121300_20061105,
MI,Detroit Free Press,121300,2006,ATTORNEY GENERAL,,Michigan Attorney General,MI,"COX, MIKE",Republican,1,,,,Endorsed for ATTORNEY GENERAL (Republican) [V6: generic note - no extracted text],0.9,,,,,pdf,,121300_20061105,
MI,Detroit Free Press,121300,2006,SEC OF STATE,,Michigan Secretary of State,MI,"LAND, TERRI LYNN",Republican,1,,,,Endorsed for SEC OF STATE (Republican) [V6: generic note - no extracted text],0.9,,,,,pdf,,121300_20061105,
MI,Detroit Free Press,121300,2006,SUPREME COURT,,Michigan Supreme Court,MI,"CAVANAGH, MICHAEL",Nonpartisan,1,,,1,Endorsed for SUPREME COURT [V6: generic note - no extracted text],0.9,,,,,pdf,,121300_20061105,
MI,Detroit Free Press,121300,2006,SUPREME COURT,,Michigan Supreme Court,MI,"CORRIGAN, MAURA",Nonpartisan,1,,,,Endorsed for SUPREME COURT [V6: generic note - no extracted text],0.9,,,,,pdf,,121300_20061105,
MI,Detroit Free Press,121300,2006,COURT OF APPEALS,1,Michigan Court of Appeals,MI,"KELLY, KIRSTEN FRANK",Nonpartisan,1,,,,Endorsed for COURT OF APPEALS District 1 [V6: generic note - no extracted text],0.9,,,,,pdf,,121300_20061105,
MI,Detroit Free Press,121300,2006,COURT OF APPEALS,1,Michigan Court of Appeals,MI,"ZAHRA, BRIAN",Nonpartisan,1,,,,Endorsed for COURT OF APPEALS District 1 [V6: generic note - no extracted text],0.9,,,,,pdf,,121300_20061105,
MI,Detroit Free Press,121300,2006,STATE BOARD OF ED,,State Board of Education (MI),MI,"TURNER, REGINALD",Democrat,1,,,,Endorsed for STATE BOARD OF ED (Democrat) [V6: generic note - no extracted text],0.9,,,,,pdf,,121300_20061105,
MI,Detroit Free Press,121300,2006,STATE BOARD OF ED,,State Board of Education (MI),MI,"WEISER, EILEEN",Republican,1,,,,Endorsed for STATE BOARD OF ED (Republican) [V6: generic note - no extracted text],0.9,,,,,pdf,,121300_20061105,
MI,Detroit Free Press,121300,2006,REGENT,,University of Michigan Board of Regents,MI,"BRANDON, DAVID",Republican,1,,,,Endorsed for REGENT (Republican) [V6: generic note - no extracted text],0.9,,,,,pdf,,121300_20061105,
MI,Detroit Free Press,121300,2006,REGENT,,University of Michigan Board of Regents,MI,"WHITE, KATHY",Democrat,1,1,,,Endorsed for REGENT (Democrat) [V6: generic note - no extracted text],0.9,,,,,pdf,,121300_20061105,
MI,Detroit Free Press,121300,2006,TRUSTEE,,Michigan State University Board of Trustees,MI,"COOK, DEE",Republican,1,,,,MSU,0.9,,,,,pdf,,121300_20061105,
MI,Detroit Free Press,121300,2006,TRUSTEE,,Michigan State University Board of Trustees,MI,"PORTEOUS, DAVE",Republican,1,,,,MSU,0.9,,,,,pdf,,121300_20061105,
MI,Detroit Free Press,121300,2006,TRUSTEE,,Wayne State University Board of Governors,MI,"DRIKER, EUGENE",Democrat,1,1,,,Endorsed for TRUSTEE (Democrat) [V6: generic note - no extracted text],0.9,,,,,pdf,,121300_20061105,
MI,Detroit Free Press,121300,2006,TRUSTEE,,Wayne State University Board of Governors,MI,"DINGELL, DEBBIE",Democrat,1,,,,Endorsed for TRUSTEE (Democrat) [V6: generic note - no extracted text],0.9,,,,,pdf,,121300_20061105,
MI,Detroit Free Press,121300,2006,STATE SENATOR,6,Michigan Senate District 6,MI,"TOY, LAURA",Republican,1,,1,,Endorsed for STATE SENATOR District 6 (Republican) [V6: generic note - no extracted text],0.9,,,,,pdf,,121300_20061105,
MI,Detroit Free Press,121300,2006,STATE SENATOR,7,Michigan Senate District 7,MI,"SLAVENS, MARK",Democrat,1,,,,Endorsed for STATE SENATOR District 7 (Democrat) [V6: generic note - no extracted text],0.9,,,,,pdf,,121300_20061105,
MI,Detroit Free Press,121300,2006,STATE SENATOR,12,Michigan Senate District 12,MI,"BISHOP, MIKE",Republican,1,,1,,Endorsed for STATE SENATOR District 12 (Republican) [V6: generic note - no extracted text],0.9,,,,,pdf,,121300_20061105,
MI,Detroit Free Press,121300,2006,STATE SENATOR,13,Michigan Senate District 13,MI,"LEVIN, ANDY",Democrat,1,,,,Endorsed for STATE SENATOR District 13 (Democrat) [V6: generic note - no extracted text],0.9,,,,,pdf,,121300_20061105,
MI,Detroit Free Press,121300,2006,STATE SENATOR,14,Michigan Senate District 14,MI,"JACOBS, GILDA",Democrat,1,1,,,Endorsed for STATE SENATOR District 14 (Democrat) [V6: generic note - no extracted text],0.9,,,,,pdf,,121300_20061105,
MI,Detroit Free Press,121300,2006,STATE SENATOR,15,Michigan Senate District 15,MI,"CASSIS, NANCY",Republican,1,,,,Endorsed for STATE SENATOR District 15 (Republican) [V6: generic note - no extracted text],0.9,,,,,pdf,,121300_20061105,
MI,Detroit Free Press,121300,2006,STATE SENATOR,26,Michigan Senate District 26,MI,"CHERRY, DEBORAH",Democrat,1,1,,,Endorsed for STATE SENATOR District 26 (Democrat) [V6: generic note - no extracted text],0.9,,,,,pdf,,121300_20061105,
MI,Detroit Free Press,121300,2006,STATE SENATOR,9,Michigan Senate District 9,MI,"OLSHOVE, DENNIS",Democrat,1,1,,,Endorsed for STATE SENATOR District 9 (Democrat) [V6: generic note - no extracted text],0.9,,,,,pdf,,121300_20061105,
MI,Detroit Free Press,121300,2006,STATE SENATOR,10,Michigan Senate District 10,MI,"SWITALSKI, MICHAEL",Democrat,1,1,,,Endorsed for STATE SENATOR District 10 (Democrat) [V6: generic note - no extracted text],0.9,,,,,pdf,,121300_20061105,
MI,Detroit Free Press,121300,2006,STATE SENATOR,11,Michigan Senate District 11,MI,"SANBORN, ALAN",Republican,1,,1,,Endorsed for STATE SENATOR District 11 (Republican) [V6: generic note - no extracted text],0.9,,,,,pdf,,121300_20061105,
MI,Detroit Free Press,121300,2006,STATE SENATOR,17,Michigan Senate District 17,MI,"RICHARDVILLE, RANDY",Republican,1,,,,Endorsed for STATE SENATOR District 17 (Republican) [V6: generic note - no extracted text],0.9,,,,,pdf,,121300_20061105,
MI,Detroit Free Press,121300,2006,STATE SENATOR,18,Michigan Senate District 18,MI,"BRATER, LIZ",Democrat,1,,,,Endorsed for STATE SENATOR District 18 (Democrat) [V6: generic note - no extracted text],0.9,,,,,pdf,,121300_20061105,
MI,Detroit Free Press,121300,2006,STATE SENATOR,22,Michigan Senate District 22,MI,"ANDERSON, DONNA",Democrat,1,,,,Endorsed for STATE SENATOR District 22 (Democrat) [V6: generic note - no extracted text],0.9,,,,,pdf,,121300_20061105,
MI,Detroit Free Press,121300,2006,STATE SENATOR,32,Michigan Senate District 32,MI,"WILLIAMS, CARL",Democrat,1,,,,Endorsed for STATE SENATOR District 32 (Democrat) [V6: generic note - no extracted text],0.9,,,,,pdf,,121300_20061105,
MI,Detroit Free Press,121300,2006,STATE REP,1,Michigan House District 1,MI,"GAFFNEY, EDWARD",Republican,1,,1,,Endorsed for STATE REP District 1 (Republican) [V6: generic note - no extracted text],0.9,,,,,pdf,,121300_20061105,
MI,Detroit Free Press,121300,2006,STATE REP,6,Michigan House District 6,MI,"CHEEKS, MARSHA",Democrat,1,,,,Endorsed for STATE REP District 6 (Democrat) [V6: generic note - no extracted text],0.9,,,,,pdf,,121300_20061105,
MI,Detroit Free Press,121300,2006,STATE REP,7,Michigan House District 7,MI,"SMITH, VIRGIL",Democrat,1,,,,Endorsed for STATE REP District 7 (Democrat) [V6: generic note - no extracted text],0.9,,,,,pdf,,121300_20061105,
MI,Detroit Free Press,121300,2006,STATE REP,11,Michigan House District 11,MI,"HOOD, MORRIS III",Democrat,1,,,,Endorsed for STATE REP District 11 (Democrat) [V6: generic note - no extracted text],0.9,,,,,pdf,,121300_20061105,
MI,Detroit Free Press,121300,2006,STATE REP,12,Michigan House District 12,MI,"TOBOCMAN, STEVE",Democrat,1,1,,,Endorsed for STATE REP District 12 (Democrat) [V6: generic note - no extracted text],0.9,,,,,pdf,,121300_20061105,
MI,Detroit Free Press,121300,2006,STATE REP,13,Michigan House District 13,MI,"FARRAH, BARBARA",Democrat,1,1,,,Endorsed for STATE REP District 13 (Democrat) [V6: generic note - no extracted text],0.9,,,,,pdf,,121300_20061105,
MI,Detroit Free Press,121300,2006,STATE REP,14,Michigan House District 14,MI,"CLEMENTE, ED",Democrat,1,,,,Endorsed for STATE REP District 14 (Democrat) [V6: generic note - no extracted text],0.9,,,,,pdf,,121300_20061105,
MI,Detroit Free Press,121300,2006,STATE REP,15,Michigan House District 15,MI,"POLIDORI, GINO",Democrat,1,1,,,Endorsed for STATE REP District 15 (Democrat) [V6: generic note - no extracted text],0.9,,,,,pdf,,121300_20061105,
MI,Detroit Free Press,121300,2006,STATE REP,16,Michigan House District 16,MI,"CONSTAN, BOB",Democrat,1,,,,Endorsed for STATE REP District 16 (Democrat) [V6: generic note - no extracted text],0.9,,,,,pdf,,121300_20061105,
MI,Detroit Free Press,121300,2006,STATE REP,17,Michigan House District 17,MI,"DILLON, ANDY",Democrat,1,1,,,Endorsed for STATE REP District 17 (Democrat) [V6: generic note - no extracted text],0.9,,,,,pdf,,121300_20061105,
MI,Detroit Free Press,121300,2006,STATE REP,18,Michigan House District 18,MI,"LEBLANC, RICHARD",Democrat,1,1,,,Endorsed for STATE REP District 18 (Democrat) [V6: generic note - no extracted text],0.9,,,,,pdf,,121300_20061105,
MI,Detroit Free Press,121300,2006,STATE REP,19,Michigan House District 19,MI,"DUGGAN, BRIAN",Democrat,1,,,,Endorsed for STATE REP District 19 (Democrat) [V6: generic note - no extracted text],0.9,,,,,pdf,,121300_20061105,
MI,Detroit Free Press,121300,2006,STATE REP,20,Michigan House District 20,MI,"CORRIVEAU, MARC",Democrat,1,,,,Endorsed for STATE REP District 20 (Democrat) [V6: generic note - no extracted text],0.9,,,,,pdf,,121300_20061105,
MI,Detroit Free Press,121300,2006,STATE REP,21,Michigan House District 21,MI,"LAJOY, PHILIP",Republican,1,,1,,Endorsed for STATE REP District 21 (Republican) [V6: generic note - no extracted text],0.9,,,,,pdf,,121300_20061105,
MI,Detroit Free Press,121300,2006,STATE REP,22,Michigan House District 22,MI,"HOPGOOD, HOON-YUNG",Democrat,1,1,,,Endorsed for STATE REP District 22 (Democrat) [V6: generic note - no extracted text],0.9,,,,,pdf,,121300_20061105,
MI,Detroit Free Press,121300,2006,STATE REP,23,Michigan House District 23,MI,"LAW, KATHLEEN",Democrat,1,1,,,Endorsed for STATE REP District 23 (Democrat) [V6: generic note - no extracted text],0.9,,,,,pdf,,121300_20061105,
MI,Detroit Free Press,121300,2006,STATE REP,26,Michigan House District 26,MI,"DONIGAN, MARIE",Democrat,1,1,,,Endorsed for STATE REP District 26 (Democrat) [V6: generic note - no extracted text],0.9,,,,,pdf,,121300_20061105,
MI,Detroit Free Press,121300,2006,STATE REP,27,Michigan House District 27,MI,"MEISNER, ANDY",Democrat,1,1,,,Endorsed for STATE REP District 27 (Democrat) [V6: generic note - no extracted text],0.9,,,,,pdf,,121300_20061105,
MI,Detroit Free Press,121300,2006,STATE REP,35,Michigan House District 35,MI,"CONDINO, PAUL",Democrat,1,1,,,Endorsed for STATE REP District 35 (Democrat) [V6: generic note - no extracted text],0.9,,,,,pdf,,121300_20061105,
MI,Detroit Free Press,121300,2006,STATE REP,37,Michigan House District 37,MI,"VAGNOZZI, ALDO",Democrat,1,,,,Endorsed for STATE REP District 37 (Democrat) [V6: generic note - no extracted text],0.9,,,,,pdf,,121300_20061105,
MI,Detroit Free Press,121300,2006,STATE REP,39,Michigan House District 39,MI,"LAW, DAVID",Republican,1,,,,Endorsed for STATE REP District 39 (Republican) [V6: generic note - no extracted text],0.9,,,,,pdf,,121300_20061105,
MI,Detroit Free Press,121300,2006,STATE REP,43,Michigan House District 43,MI,"AMOS, FRAN",Republican,1,,1,,Endorsed for STATE REP District 43 (Republican) [V6: generic note - no extracted text],0.9,,,,,pdf,,121300_20061105,
MI,Detroit Free Press,121300,2006,STATE REP,44,Michigan House District 44,MI,"STAKOE, JOHN",Republican,1,,1,,Endorsed for STATE REP District 44 (Republican) [V6: generic note - no extracted text],0.9,,,,,pdf,,121300_20061105,
MI,Detroit Free Press,121300,2006,STATE REP,45,Michigan House District 45,MI,"GARFIELD, JOHN",Republican,1,,1,,Endorsed for STATE REP District 45 (Republican) [V6: generic note - no extracted text],0.9,,,,,pdf,,121300_20061105,
MI,Detroit Free Press,121300,2006,STATE REP,46,Michigan House District 46,MI,"MARLEAU, JAMES",Republican,1,,,,Endorsed for STATE REP District 46 (Republican) [V6: generic note - no extracted text],0.9,,,,,pdf,,121300_20061105,
MI,Detroit Free Press,121300,2006,STATE REP,66,Michigan House District 66,MI,"WARD, CHRIS",Republican,1,,1,,Endorsed for STATE REP District 66 (Republican) [V6: generic note - no extracted text],0.9,,,,,pdf,,121300_20061105,
MI,Detroit Free Press,121300,2006,STATE REP,24,Michigan House District 24,MI,"BRANDENBURG, JACK",Republican,1,,1,,Endorsed for STATE REP District 24 (Republican) [V6: generic note - no extracted text],0.9,,,,,pdf,,121300_20061105,
MI,Detroit Free Press,121300,2006,STATE REP,25,Michigan House District 25,MI,"BIEDA, STEVEN",Democrat,1,,,,Endorsed for STATE REP District 25 (Democrat) [V6: generic note - no extracted text],0.9,,,,,pdf,,121300_20061105,
MI,Detroit Free Press,121300,2006,STATE REP,28,Michigan House District 28,MI,"WOJNO, LISA",Democrat,1,1,,,Endorsed for STATE REP District 28 (Democrat) [V6: generic note - no extracted text],0.9,,,,,pdf,,121300_20061105,
MI,Detroit Free Press,121300,2006,STATE REP,30,Michigan House District 30,MI,"ROCCA, TORY",Republican,1,,,,Endorsed for STATE REP District 30 (Republican) [V6: generic note - no extracted text],0.9,,,,,pdf,,121300_20061105,
MI,Detroit Free Press,121300,2006,STATE REP,31,Michigan House District 31,MI,"MILLER, FRED",Democrat,1,1,,,Endorsed for STATE REP District 31 (Democrat) [V6: generic note - no extracted text],0.9,,,,,pdf,,121300_20061105,
MI,Detroit Free Press,121300,2006,STATE REP,32,Michigan House District 32,MI,"ACCIAVATTI, DANIEL",Republican,1,,1,,Endorsed for STATE REP District 32 (Republican) [V6: generic note - no extracted text],0.9,,,,,pdf,,121300_20061105,
MI,Detroit Free Press,121300,2006,STATE REP,33,Michigan House District 33,MI,"CYNOWA, GARY",Democrat,1,1,,,Endorsed for STATE REP District 33 (Democrat) [V6: generic note - no extracted text],0.9,,,,,pdf,,121300_20061105,
MI,Detroit Free Press,121300,2006,STATE REP,36,Michigan House District 36,MI,"PALMER, BRIAN",Republican,1,,,,Endorsed for STATE REP District 36 (Republican) [V6: generic note - no extracted text],0.9,,,,,pdf,,121300_20061105,
MI,Detroit Free Press,121300,2006,STATE REP,42,Michigan House District 42,MI,"ACCAVITTI, FRANK JR.",Democrat,1,1,,,Endorsed for STATE REP District 42 (Democrat) [V6: generic note - no extracted text],0.9,,,,,pdf,,121300_20061105,
MI,Detroit Free Press,121300,2006,STATE REP,52,Michigan House District 52,MI,"BYRNES, PAM",Democrat,1,,,,Endorsed for STATE REP District 52 (Democrat) [V6: generic note - no extracted text],0.9,,,,,pdf,,121300_20061105,
MI,Detroit Free Press,121300,2006,STATE REP,53,Michigan House District 53,MI,"WARREN, REBEKAH",Democrat,1,,,,Endorsed for STATE REP District 53 (Democrat) [V6: generic note - no extracted text],0.9,,,,,pdf,,121300_20061105,
MI,Detroit Free Press,121300,2006,STATE REP,54,Michigan House District 54,MI,"SMITH, ALMA WHEELER",Democrat,1,,,,Endorsed for STATE REP District 54 (Democrat) [V6: generic note - no extracted text],0.9,,,,,pdf,,121300_20061105,
MI,Detroit Free Press,121300,2006,STATE REP,56,Michigan House District 56,MI,"MANOR, JOHN",Republican,1,,,,Endorsed for STATE REP District 56 (Republican) [V6: generic note - no extracted text],0.9,,,,,pdf,,121300_20061105,
MI,Detroit Free Press,121300,2006,STATE REP,67,Michigan House District 67,MI,"BYRUM, BARB",Democrat,1,,,,Endorsed for STATE REP District 67 (Democrat) [V6: generic note - no extracted text],0.9,,,,,pdf,,121300_20061105,
MI,Detroit Free Press,121300,2006,CNTY EXEC,,Wayne County Executive,MI,"FICANO, ROBERT",Democrat,1,,,,Endorsed for MAYOR (Democrat) [V6: generic note - no extracted text] | V9c fix: was miscoded MAYOR; dname already = County Executive (image-confirmed),0.9,,,,,pdf,,121300_20061105,
MI,Detroit Free Press,121300,2006,CNTY COMM,1,Wayne,MI,"KILLEEN, TIM",Democrat,1,,,,Endorsed for CNTY COMM District 1 (Democrat) [V6: generic note - no extracted text],0.9,,,,,pdf,,121300_20061105,
MI,Detroit Free Press,121300,2006,CNTY COMM,4,Wayne,MI,"WARE, JEWEL",Democrat,1,,,,Endorsed for CNTY COMM District 4 (Democrat) [V6: generic note - no extracted text],0.9,,,,,pdf,,121300_20061105,
MI,Detroit Free Press,121300,2006,CNTY COMM,6,Wayne,MI,"WILLIAMS, KEITH",Democrat,1,,,,Endorsed for CNTY COMM District 6 (Democrat) [V6: generic note - no extracted text],0.9,,,,,pdf,,121300_20061105,
MI,Detroit Free Press,121300,2006,CNTY COMM,7,Wayne,MI,"LELAND, BURTON",Democrat,1,,,,Endorsed for CNTY COMM District 7 (Democrat) [V6: generic note - no extracted text],0.9,,,,,pdf,,121300_20061105,
MI,Detroit Free Press,121300,2006,CNTY COMM,9,Wayne,MI,"CAVANAGH, PHIL",Democrat,1,1,,,Endorsed for CNTY COMM District 9 (Democrat) [V6: generic note - no extracted text],0.9,,,,,pdf,,121300_20061105,
MI,Detroit Free Press,121300,2006,CNTY COMM,11,Wayne,MI,"BENNETT, LOREN",Republican,1,,,,Endorsed for CNTY COMM District 11 (Republican) [V6: generic note - no extracted text],0.9,,,,,pdf,,121300_20061105,
MI,Detroit Free Press,121300,2006,CNTY COMM,13,Wayne,MI,"WORONCHAK, GARY",Democrat,1,1,,,Endorsed for CNTY COMM District 13 (Democrat) [V6: generic note - no extracted text],0.9,,,,,pdf,,121300_20061105,
MI,Detroit Free Press,121300,2006,CNTY COMM,15,Wayne,MI,"BOIKE, EDWARD A. JR.",Democrat,1,,,,Endorsed for CNTY COMM District 15 (Democrat) [V6: generic note - no extracted text],0.9,,,,,pdf,,121300_20061105,
MI,Detroit Free Press,121300,2006,CNTY COMM,1,Oakland,MI,"JACOBSEN, BRADFORD",Republican,1,,,,Endorsed for CNTY COMM District 1 (Republican) [V6: generic note - no extracted text],0.9,,,,,pdf,,121300_20061105,
MI,Detroit Free Press,121300,2006,CNTY COMM,4,Oakland,MI,"MIDDLETON, TOM",Republican,1,,1,,Endorsed for CNTY COMM District 4 (Republican) [V6: generic note - no extracted text],0.9,,,,,pdf,,121300_20061105,
MI,Detroit Free Press,121300,2006,CNTY COMM,5,Oakland,MI,"SCOTT, JOHN",Republican,1,,1,,Endorsed for CNTY COMM District 5 (Republican) [V6: generic note - no extracted text],0.9,,,,,pdf,,121300_20061105,
MI,Detroit Free Press,121300,2006,CNTY COMM,6,Oakland,MI,"KOWALL, EILEEN",Republican,1,,,,Endorsed for CNTY COMM District 6 (Republican) [V6: generic note - no extracted text],0.9,,,,,pdf,,121300_20061105,
MI,Detroit Free Press,121300,2006,CNTY COMM,7,Oakland,MI,"LONG, CHRISTINE",Republican,1,,,,Endorsed for CNTY COMM District 7 (Republican) [V6: generic note - no extracted text],0.9,,,,,pdf,,121300_20061105,
MI,Detroit Free Press,121300,2006,CNTY COMM,8,Oakland,MI,"POTTER, JEFF",Republican,1,,,,Endorsed for CNTY COMM District 8 (Republican) [V6: generic note - no extracted text],0.9,,,,,pdf,,121300_20061105,
MI,Detroit Free Press,121300,2006,CNTY COMM,9,Oakland,MI,"CRAWFORD, HUGH",Republican,1,,,,Endorsed for CNTY COMM District 9 (Republican) [V6: generic note - no extracted text],0.9,,,,,pdf,,121300_20061105,
MI,Detroit Free Press,121300,2006,CNTY COMM,10,Oakland,MI,"MCKINNEY HATCHETT, MATTIE",Democrat,1,,,,Endorsed for CNTY COMM District 10 (Democrat) [V6: generic note - no extracted text],0.9,,,,,pdf,,121300_20061105,
MI,Detroit Free Press,121300,2006,CNTY COMM,11,Oakland,MI,"GREIMEL, TIM",Democrat,1,,,,Endorsed for CNTY COMM District 11 (Democrat) [V6: generic note - no extracted text],0.9,,,,,pdf,,121300_20061105,
MI,Detroit Free Press,121300,2006,CNTY COMM,12,Oakland,MI,"DOUGLAS, SUE ANN",Republican,1,,,,Endorsed for CNTY COMM District 12 (Republican) [V6: generic note - no extracted text],0.9,,,,,pdf,,121300_20061105,
MI,Detroit Free Press,121300,2006,CNTY COMM,14,Oakland,MI,"ROGERS, MICHAEL",Republican,1,,,,Endorsed for CNTY COMM District 14 (Republican) [V6: generic note - no extracted text],0.9,,,,,pdf,,121300_20061105,
MI,Detroit Free Press,121300,2006,CNTY COMM,15,Oakland,MI,"NASH, JIM",Democrat,1,,,,Endorsed for CNTY COMM District 15 (Democrat) [V6: generic note - no extracted text],0.9,,,,,pdf,,121300_20061105,
MI,Detroit Free Press,121300,2006,CNTY COMM,16,Oakland,MI,"SPECTOR, KAREN",Democrat,1,,,,Endorsed for CNTY COMM District 16 (Democrat) [V6: generic note - no extracted text],0.9,,,,,pdf,,121300_20061105,
MI,Detroit Free Press,121300,2006,CNTY COMM,17,Oakland,MI,"GERSHENSON, MARCIA",Democrat,1,,,,Endorsed for CNTY COMM District 17 (Democrat) [V6: generic note - no extracted text],0.9,,,,,pdf,,121300_20061105,
MI,Detroit Free Press,121300,2006,CNTY COMM,18,Oakland,MI,"WOODWARD, DAVE",Democrat,1,,,,Endorsed for CNTY COMM District 18 (Democrat) [V6: generic note - no extracted text],0.9,,,,,pdf,,121300_20061105,
MI,Detroit Free Press,121300,2006,CNTY COMM,19,Oakland,MI,"BURNS, TIM",Democrat,1,,,,Endorsed for CNTY COMM District 19 (Democrat) [V6: generic note - no extracted text],0.9,,,,,pdf,,121300_20061105,
MI,Detroit Free Press,121300,2006,CNTY COMM,20,Oakland,MI,"DUNDAS, JIM",Democrat,1,,,,Endorsed for CNTY COMM District 20 (Democrat) [V6: generic note - no extracted text],0.9,,,,,pdf,,121300_20061105,
MI,Detroit Free Press,121300,2006,CNTY COMM,21,Oakland,MI,"GREGORY, VINCENT",Democrat,1,,,,Endorsed for CNTY COMM District 21 (Democrat) [V6: generic note - no extracted text],0.9,,,,,pdf,,121300_20061105,
MI,Detroit Free Press,121300,2006,CNTY COMM,22,Oakland,MI,"ZACK, HELAINE",Democrat,1,1,,,Endorsed for CNTY COMM District 22 (Democrat) [V6: generic note - no extracted text],0.9,,,,,pdf,,121300_20061105,
MI,Detroit Free Press,121300,2006,CNTY COMM,23,Oakland,MI,"COLEMAN, ERIC",Democrat,1,,,,Endorsed for CNTY COMM District 23 (Democrat) [V6: generic note - no extracted text],0.9,,,,,pdf,,121300_20061105,
MI,Detroit Free Press,121300,2006,CNTY COMM,24,Oakland,MI,"SUAREZ, GEORGE",Democrat,1,1,,,Endorsed for CNTY COMM District 24 (Democrat) [V6: generic note - no extracted text],0.9,,,,,pdf,,121300_20061105,
MI,Detroit Free Press,121300,2006,CNTY COMM,1,Macomb,MI,"DUZYJ, ANDREY",Democrat,1,,,,Endorsed for CNTY COMM District 1 (Democrat) [V6: generic note - no extracted text],0.9,,,,,pdf,,121300_20061105,
MI,Detroit Free Press,121300,2006,CNTY COMM,2,Macomb,MI,"SAUGER, MARVIN",Democrat,1,,,,Endorsed for CNTY COMM District 2 (Democrat) [V6: generic note - no extracted text],0.9,,,,,pdf,,121300_20061105,
MI,Detroit Free Press,121300,2006,CNTY COMM,3,Macomb,MI,"DIMARIA, PHILLIP",Democrat,1,,,,Endorsed for CNTY COMM District 3 (Democrat) [V6: generic note - no extracted text],0.9,,,,,pdf,,121300_20061105,
MI,Detroit Free Press,121300,2006,CNTY COMM,5,Macomb,MI,"DOHERTY, SUSAN",Democrat,1,1,,,Endorsed for CNTY COMM District 5 (Democrat) [V6: generic note - no extracted text],0.9,,,,,pdf,,121300_20061105,
MI,Detroit Free Press,121300,2006,CNTY COMM,7,Macomb,MI,"ROCCA, SUE",Republican,1,,1,,Endorsed for CNTY COMM District 7 (Republican) [V6: generic note - no extracted text],0.9,,,,,pdf,,121300_20061105,
MI,Detroit Free Press,121300,2006,CNTY COMM,8,Macomb,MI,"FLYNN, DAVID",Democrat,1,,,,Endorsed for CNTY COMM District 8 (Democrat) [V6: generic note - no extracted text],0.9,,,,,pdf,,121300_20061105,
MI,Detroit Free Press,121300,2006,CNTY COMM,9,Macomb,MI,"MIJAC, ROBERT",Democrat,1,1,,,Endorsed for CNTY COMM District 9 (Democrat) [V6: generic note - no extracted text],0.9,,,,,pdf,,121300_20061105,
MI,Detroit Free Press,121300,2006,CNTY COMM,10,Macomb,MI,"DESAELE, PHILIS",Republican,1,,,,Endorsed for CNTY COMM District 10 (Republican) [V6: generic note - no extracted text],0.9,,,,,pdf,,121300_20061105,
MI,Detroit Free Press,121300,2006,CNTY COMM,11,Macomb,MI,"TERRITO, CARL",Democrat,1,,,,Endorsed for CNTY COMM District 11 (Democrat) [V6: generic note - no extracted text],0.9,,,,,pdf,,121300_20061105,
MI,Detroit Free Press,121300,2006,CNTY COMM,12,Macomb,MI,"LUND, PETER",Republican,1,,,,Endorsed for CNTY COMM District 12 (Republican) [V6: generic note - no extracted text],0.9,,,,,pdf,,121300_20061105,
MI,Detroit Free Press,121300,2006,CNTY COMM,13,Macomb,MI,"BROWN, DON",Republican,1,,,,Endorsed for CNTY COMM District 13 (Republican) [V6: generic note - no extracted text],0.9,,,,,pdf,,121300_20061105,
MI,Detroit Free Press,121300,2006,CNTY COMM,14,Macomb,MI,"BRDAK, BRIAN",Democrat,1,1,,,Endorsed for CNTY COMM District 14 (Democrat) [V6: generic note - no extracted text],0.9,,,,,pdf,,121300_20061105,
MI,Detroit Free Press,121300,2006,CNTY COMM,15,Macomb,MI,"RENGERT, KEITH",Republican,1,,,,Endorsed for CNTY COMM District 15 (Republican) [V6: generic note - no extracted text],0.9,,,,,pdf,,121300_20061105,
MI,Detroit Free Press,121300,2006,CNTY COMM,16,Macomb,MI,"REVOIR, WILLIAM",Republican,1,,1,,Endorsed for CNTY COMM District 16 (Republican) [V6: generic note - no extracted text],0.9,,,,,pdf,,121300_20061105,
MI,Detroit Free Press,121300,2006,CNTY COMM,17,Macomb,MI,"BRULEY, ED",Democrat,1,,,,Endorsed for CNTY COMM District 17 (Democrat) [V6: generic note - no extracted text],0.9,,,,,pdf,,121300_20061105,
MI,Detroit Free Press,121300,2006,CNTY COMM,18,Macomb,MI,"CAMPHOUS-PETERSON, DANA",Democrat,1,,,,Endorsed for CNTY COMM District 18 (Democrat) [V6: generic note - no extracted text],0.9,,,,,pdf,,121300_20061105,
MI,Detroit Free Press,121300,2006,CNTY COMM,19,Macomb,MI,"GIELEGHEM, PAUL",Democrat,1,,,,Endorsed for CNTY COMM District 19 (Democrat) [V6: generic note - no extracted text],0.9,,,,,pdf,,121300_20061105,
MI,Detroit Free Press,121300,2006,CNTY COMM,20,Macomb,MI,"TOCCO, KATHLEEN",Democrat,1,,,,Endorsed for CNTY COMM District 20 (Democrat) [V6: generic note - no extracted text],0.9,,,,,pdf,,121300_20061105,
MI,Detroit Free Press,121300,2006,CNTY COMM,21,Macomb,MI,"HAGGERTY, LEONARD",Democrat,1,,,,Endorsed for CNTY COMM District 21 (Democrat) [V6: generic note - no extracted text],0.9,,,,,pdf,,121300_20061105,
MI,Detroit Free Press,121300,2006,CNTY COMM,22,Macomb,MI,"SLINDE, BETTY",Democrat,1,,,,Endorsed for CNTY COMM District 22 (Democrat) [V6: generic note - no extracted text],0.9,,,,,pdf,,121300_20061105,
MI,Detroit Free Press,121300,2006,CNTY COMM,23,Macomb,MI,"CROUCHMAN, WILLIAM ANTHONY",Democrat,1,,,,Endorsed for CNTY COMM District 23 (Democrat) [V6: generic note - no extracted text],0.9,,,,,pdf,,121300_20061105,
MI,Detroit Free Press,121300,2006,CNTY COMM,24,Macomb,MI,"ROBERTS, SARAH",Democrat,1,,,,Endorsed for CNTY COMM District 24 (Democrat) [V6: generic note - no extracted text],0.9,,,,,pdf,,121300_20061105,
MI,Detroit Free Press,121300,2006,CNTY COMM,25,Macomb,MI,"VOSBURG, KATHY",Republican,1,,,,Endorsed for CNTY COMM District 25 (Republican) [V6: generic note - no extracted text],0.9,,,,,pdf,,121300_20061105,
MI,Detroit Free Press,121300,2006,CNTY COMM,26,Macomb,MI,"DIEZ, ALISA",Democrat,1,,,,Endorsed for CNTY COMM District 26 (Democrat) [V6: generic note - no extracted text],0.9,,,,,pdf,,121300_20061105,
MI,Detroit Free Press,121300,2006,JUDGE,,Wayne Circuit,MI,"EVANS, WANDA",Nonpartisan,1,,,,Endorsed for JUDGE [V6: generic note - no extracted text],0.9,,,,,pdf,,121300_20061105,
MI,Detroit Free Press,121300,2006,JUDGE,,Wayne 18th District,MI,"CICIRELLI, SANDRA",Nonpartisan,1,,,,Endorsed for JUDGE [V6: generic note - no extracted text],0.9,,,,,pdf,,121300_20061105,
MI,Detroit Free Press,121300,2006,JUDGE,,Wayne 19th District,MI,"KRZYZANIAK, LENNY",Nonpartisan,1,,,,Endorsed for JUDGE [V6: generic note - no extracted text],0.9,,,,,pdf,,121300_20061105,
MI,Detroit Free Press,121300,2006,JUDGE,,Wayne 20th District,MI,"RIVARD, DONALD",Nonpartisan,1,,,,Endorsed for JUDGE [V6: generic note - no extracted text],0.9,,,,,pdf,,121300_20061105,
MI,Detroit Free Press,121300,2006,JUDGE,,Wayne 34th District,MI,"GREEN, TINA BROOKS",Nonpartisan,1,,,,Endorsed for JUDGE [V6: generic note - no extracted text],0.9,,,,,pdf,,121300_20061105,
MI,Detroit Free Press,121300,2006,JUDGE,,35th District,MI,"LOWE, RONALD",Nonpartisan,1,,,,Endorsed for JUDGE [V6: generic note - no extracted text],0.9,,,,,pdf,,121300_20061105,
MI,Detroit Free Press,121300,2006,JUDGE,,36th District,MI,"SERRA, RUDY",Nonpartisan,1,,,,Endorsed for JUDGE [V6: generic note - no extracted text],0.9,,,,,pdf,,121300_20061105,
MI,Detroit Free Press,121300,2006,JUDGE,,Macomb Circuit,MI,"FUCA, CARRIE LYNN",Nonpartisan,1,,,,Endorsed for JUDGE [V6: generic note - no extracted text],0.9,,,,,pdf,,121300_20061105,
MI,Detroit Free Press,121300,2006,JUDGE,,Oakland 44th District,MI,"SAWICKI, DANIEL",Nonpartisan,1,,,,Endorsed for JUDGE [V6: generic note - no extracted text],0.9,,,,,pdf,,121300_20061105,
MI,Detroit Free Press,121300,2006,JUDGE,,Oakland 46th District,MI,"SMART, RICHARD",Nonpartisan,1,,,,Endorsed for JUDGE [V6: generic note - no extracted text],0.9,,,,,pdf,,121300_20061105,
MI,Detroit Free Press,121300,2006,JUDGE,,Oakland 52/3 District,MI,"ASADOORIAN, LISA",Nonpartisan,1,,,,Endorsed for JUDGE [V6: generic note - no extracted text],0.9,,,,,pdf,,121300_20061105,
MI,Detroit Free Press,121300,2006,JUDGE,,Oakland 52/4 District,MI,"DRURY, DENNIS",Nonpartisan,1,,,,Endorsed for JUDGE [V6: generic note - no extracted text],0.9,,,,,pdf,,121300_20061105,
MI,Detroit Free Press,121300,2008,PRESIDENT,,United States,MI,"OBAMA, BARACK",Democrat,1,,,,Endorsed for PRESIDENT (Democrat) [V6: generic note - no extracted text],0.9,,,,,pdf,,121300_20081104_v2,
MI,Detroit Free Press,121300,2008,SENATOR,,United States Senate from Michigan,MI,"LEVIN, CARL",Democrat,1,,,,Endorsed for SENATOR (Democrat) [V6: generic note - no extracted text],0.9,,,,,pdf,,121300_20081104_v2,
MI,Detroit Free Press,121300,2008,H,6,U.S. House Michigan District 6,MI,"UPTON, FRED",Republican,1,,,,[V3: dist=6 inferred from same-era cross-year match],0.90,OCR partial 'ed Upton',,,,pdf,,121300_20081104_v2,
MI,Detroit Free Press,121300,2008,H,7,U.S. House Michigan District 7,MI,"SCHAUER, MARK",Democrat,1,,,,Endorsed for H (Democrat) [V6: generic note - no extracted text] | V9 fix: dist 7 per 2008 recap image,0.85,,,,,pdf,,121300_20081104_v2,
MI,Detroit Free Press,121300,2008,H,8,U.S. House Michigan District 8,MI,"ROGERS, MIKE",Republican,1,,,,[V3: dist=8 inferred from same-era cross-year match],0.90,,,,,pdf,,121300_20081104_v2,
MI,Detroit Free Press,121300,2008,H,9,U.S. House Michigan District 9,MI,"PETERS, GARY",Democrat,1,,,,Endorsed for H District 9 (Democrat) [V6: generic note - no extracted text],0.9,,,,,pdf,,121300_20081104_v2,
MI,Detroit Free Press,121300,2008,H,10,U.S. House Michigan District 10,MI,"MILLER, CANDICE",Republican,1,,,,Endorsed for H District 10 (Republican) [V6: generic note - no extracted text],0.9,,,,,pdf,,121300_20081104_v2,
MI,Detroit Free Press,121300,2008,H,12,U.S. House Michigan District 12,MI,"LEVIN, SANDER M.",Democrat,1,,,,Endorsed for H District 12 (Democrat) [V6: generic note - no extracted text],0.9,,,,,pdf,,121300_20081104_v2,
MI,Detroit Free Press,121300,2008,H,14,U.S. House Michigan District 14,MI,"CONYERS, JOHN JR.",Democrat,1,,,,Endorsed for H District 14 (Democrat) [V6: generic note - no extracted text],0.9,,,,,pdf,,121300_20081104_v2,
MI,Detroit Free Press,121300,2008,H,15,U.S. House Michigan District 15,MI,"DINGELL, JOHN D.",Democrat,1,,,,Endorsed for H District 15 (Democrat) [V6: generic note - no extracted text],0.9,,,,,pdf,,121300_20081104_v2,
MI,Detroit Free Press,121300,2008,STATE REP,1,Michigan House District 1,MI,"BLEDSOE, TIMOTHY",Democrat,1,,,,Endorsed for STATE REP District 1 (Democrat) [V6: generic note - no extracted text],0.9,,,,,pdf,,121300_20081104_v2,
MI,Detroit Free Press,121300,2008,STATE REP,13,Michigan House District 13,MI,"KANDREVAS, ANDREW",Democrat,1,,,,Endorsed for STATE REP District 13 (Democrat) [V6: generic note - no extracted text],0.9,,,,,pdf,,121300_20081104_v2,
MI,Detroit Free Press,121300,2008,STATE REP,17,Michigan House District 17,MI,"DILLON, ANDY",Democrat,1,1,,,Endorsed for STATE REP District 17 (Democrat) [V6: generic note - no extracted text],0.9,,,,,pdf,,121300_20081104_v2,
MI,Detroit Free Press,121300,2008,STATE REP,19,Michigan House District 19,MI,"WALSH, JOHN",Republican,1,,,,Endorsed for STATE REP District 19 (Republican) [V6: generic note - no extracted text],0.9,,,,,pdf,,121300_20081104_v2,
MI,Detroit Free Press,121300,2008,STATE REP,20,Michigan House District 20,MI,"CORRIVEAU, MARC",Democrat,1,1,,,Endorsed for STATE REP District 20 (Democrat) [V6: generic note - no extracted text],0.9,,,,,pdf,,121300_20081104_v2,
MI,Detroit Free Press,121300,2008,STATE REP,21,Michigan House District 21,MI,"LADOY, TODD",Republican,1,,,,Endorsed for STATE REP District 21 (Republican) [V6: generic note - no extracted text],0.9,,,,,pdf,,121300_20081104_v2,
MI,Detroit Free Press,121300,2008,STATE REP,22,Michigan House District 22,MI,"GEISS, DOUGLAS",Democrat,1,,,,Endorsed for STATE REP District 22 (Democrat) [V6: generic note - no extracted text],0.9,,,,,pdf,,121300_20081104_v2,
MI,Detroit Free Press,121300,2008,STATE REP,23,Michigan House District 23,MI,"KENNEDY, DEB",Democrat,1,,,,Endorsed for STATE REP District 23 (Democrat) [V6: generic note - no extracted text],0.9,,,,,pdf,,121300_20081104_v2,
MI,Detroit Free Press,121300,2008,STATE REP,24,Michigan House District 24,MI,"ROBERTS, SARAH",Democrat,1,,,,Endorsed for STATE REP District 24 (Democrat) [V6: generic note - no extracted text],0.9,,,,,pdf,,121300_20081104_v2,
MI,Detroit Free Press,121300,2008,STATE REP,25,Michigan House District 25,MI,"SWITALSKI, JON",Democrat,1,,,,Endorsed for STATE REP District 25 (Democrat) [V6: generic note - no extracted text],0.9,,,,,pdf,,121300_20081104_v2,
MI,Detroit Free Press,121300,2008,STATE REP,28,Michigan House District 28,MI,"LISS, LESIA",Democrat,1,,,,Endorsed for STATE REP District 28 (Democrat) [V6: generic note - no extracted text],0.9,,,,,pdf,,121300_20081104_v2,
MI,Detroit Free Press,121300,2008,STATE REP,30,Michigan House District 30,MI,"ROCCA, TORY",Republican,1,,1,,Endorsed for STATE REP District 30 (Republican) [V6: generic note - no extracted text],0.9,,,,,pdf,,121300_20081104_v2,
MI,Detroit Free Press,121300,2008,STATE REP,31,Michigan House District 31,MI,"MILLER, FRED",Democrat,1,1,,,Endorsed for STATE REP District 31 (Democrat) [V6: generic note - no extracted text],0.9,,,,,pdf,,121300_20081104_v2,
MI,Detroit Free Press,121300,2008,STATE REP,32,Michigan House District 32,MI,"HAASE, JENNIFER",Democrat,1,,,,Endorsed for STATE REP District 32 (Democrat) [V6: generic note - no extracted text],0.9,,,,,pdf,,121300_20081104_v2,
MI,Detroit Free Press,121300,2008,STATE REP,33,Michigan House District 33,MI,"MELTZER, KIM",Republican,1,,,,Endorsed for STATE REP District 33 (Republican) [V6: generic note - no extracted text],0.9,,,,,pdf,,121300_20081104_v2,
MI,Detroit Free Press,121300,2008,STATE REP,36,Michigan House District 36,MI,"LUND, PETER",Republican,1,,,,Endorsed for STATE REP District 36 (Republican) [V6: generic note - no extracted text],0.9,,,,,pdf,,121300_20081104_v2,
MI,Detroit Free Press,121300,2008,STATE REP,42,Michigan House District 42,MI,"HAUGH, HAROLD",Democrat,1,,,,Endorsed for STATE REP District 42 (Democrat) [V6: generic note - no extracted text],0.9,,,,,pdf,,121300_20081104_v2,
MI,Detroit Free Press,121300,2008,STATE REP,26,Michigan House District 26,MI,"DONIGAN, MARIE",Democrat,1,1,,,Endorsed for STATE REP District 26 (Democrat) [V6: generic note - no extracted text],0.9,,,,,pdf,,121300_20081104_v2,
MI,Detroit Free Press,121300,2008,STATE REP,27,Michigan House District 27,MI,"LIPTON, ELLEN COGEN",Democrat,1,,,,Endorsed for STATE REP District 27 (Democrat) [V6: generic note - no extracted text],0.9,,,,,pdf,,121300_20081104_v2,
MI,Detroit Free Press,121300,2008,STATE REP,29,Michigan House District 29,MI,"MELTON, TIM",Democrat,1,,,,Endorsed for STATE REP District 29 (Democrat) [V6: generic note - no extracted text],0.9,,,,,pdf,,121300_20081104_v2,
MI,Detroit Free Press,121300,2008,STATE REP,35,Michigan House District 35,MI,"GREGORY, VINCENT",Democrat,1,,,,Endorsed for STATE REP District 35 (Democrat) [V6: generic note - no extracted text],0.9,,,,,pdf,,121300_20081104_v2,
MI,Detroit Free Press,121300,2008,STATE REP,37,Michigan House District 37,MI,"BARNETT, VICKI",Democrat,1,,,,Endorsed for STATE REP District 37 (Democrat) [V6: generic note - no extracted text],0.85,OCR partial,,,,pdf,,121300_20081104_v2,
MI,Detroit Free Press,121300,2008,STATE REP,38,Michigan House District 38,MI,"CRAWFORD, HUGH",Republican,1,,,,Endorsed for STATE REP District 38 (Republican) [V6: generic note - no extracted text],0.85,OCR partial,,,,pdf,,121300_20081104_v2,
MI,Detroit Free Press,121300,2008,STATE REP,39,Michigan House District 39,MI,"PETERMAN, AMY",Republican,1,,,,Endorsed for STATE REP District 39 (Republican) [V6: generic note - no extracted text],0.9,,,,,pdf,,121300_20081104_v2,
MI,Detroit Free Press,121300,2008,STATE REP,40,Michigan House District 40,MI,"MOSS, CHUCK",Republican,1,,,,Endorsed for STATE REP District 40 (Republican) [V6: generic note - no extracted text],0.9,,,,,pdf,,121300_20081104_v2,
MI,Detroit Free Press,121300,2008,STATE REP,41,Michigan House District 41,MI,"KNOLLENBERG, MARTY",Republican,1,,,,Endorsed for STATE REP District 41 (Republican) [V6: generic note - no extracted text],0.9,,,,,pdf,,121300_20081104_v2,
MI,Detroit Free Press,121300,2008,STATE REP,43,Michigan House District 43,MI,"HAINES, GAIL",Republican,1,,,,Endorsed for STATE REP District 43 (Republican) [V6: generic note - no extracted text],0.9,,,,,pdf,,121300_20081104_v2,
MI,Detroit Free Press,121300,2008,STATE REP,44,Michigan House District 44,MI,"KOWALL, EILEEN",Republican,1,,,,Endorsed for STATE REP District 44 (Republican) [V6: generic note - no extracted text],0.9,,,,,pdf,,121300_20081104_v2,
MI,Detroit Free Press,121300,2008,STATE REP,45,Michigan House District 45,MI,"YOUNG, RANDY",Democrat,1,,,,Endorsed for STATE REP District 45 (Democrat) [V6: generic note - no extracted text],0.9,,,,,pdf,,121300_20081104_v2,
MI,Detroit Free Press,121300,2008,STATE REP,46,Michigan House District 46,MI,"MARLEAU, JAMES",Republican,1,,1,,Endorsed for STATE REP District 46 (Republican) [V6: generic note - no extracted text],0.9,,,,,pdf,,121300_20081104_v2,
MI,Detroit Free Press,121300,2008,SUPREME COURT,,Michigan Supreme Court,MI,"TAYLOR, CLIFFORD",Nonpartisan,1,,,,Endorsed for SUPREME COURT [V6: generic note - no extracted text],0.9,,,,,pdf,,121300_20081104_v2,
MI,Detroit Free Press,121300,2008,COURT OF APPEALS,4,Michigan Court of Appeals,MI,"MANDERFIELD, PAULA",Nonpartisan,1,,,,Endorsed for COURT OF APPEALS District 4 [V6: generic note - no extracted text],0.9,,,,,pdf,,121300_20081104_v2,
MI,Detroit Free Press,121300,2008,JUDGE,,Wayne Circuit,MI,"CUNNINGHAM, RICHARD",Nonpartisan,1,,,,Endorsed for JUDGE [V6: generic note - no extracted text],0.9,,,,,pdf,,121300_20081104_v2,
MI,Detroit Free Press,121300,2008,JUDGE,,Wayne Circuit,MI,"PIERCE, LYNNE",Nonpartisan,1,,,,Endorsed for JUDGE [V6: generic note - no extracted text],0.9,,,,,pdf,,121300_20081104_v2,
MI,Detroit Free Press,121300,2008,JUDGE,,Wayne Circuit,MI,"KELLEY, CONNIE",Nonpartisan,1,,,,Endorsed for JUDGE [V6: generic note - no extracted text],0.9,,,,,pdf,,121300_20081104_v2,
MI,Detroit Free Press,121300,2008,JUDGE,,Wayne 16th District,MI,"KAVANAGH, SEAN",Nonpartisan,1,,,,Endorsed for JUDGE [V6: generic note - no extracted text],0.9,,,,,pdf,,121300_20081104_v2,
MI,Detroit Free Press,121300,2008,JUDGE,,Wayne 19th District,MI,"SOMERS, MARK",Nonpartisan,1,,,,Endorsed for JUDGE [V6: generic note - no extracted text],0.9,,,,,pdf,,121300_20081104_v2,
MI,Detroit Free Press,121300,2008,JUDGE,,Wayne 21st District,MI,"HAMMER, RICHARD JR.",Nonpartisan,1,,,,Endorsed for JUDGE [V6: generic note - no extracted text],0.9,,,,,pdf,,121300_20081104_v2,
MI,Detroit Free Press,121300,2008,JUDGE,,Wayne 23rd District,MI,"SUTHERLAND, WILLIAM",Nonpartisan,1,,,,Endorsed for JUDGE [V6: generic note - no extracted text],0.9,,,,,pdf,,121300_20081104_v2,
MI,Detroit Free Press,121300,2008,JUDGE,,Wayne 24th District,MI,"COURTRIGHT, JOHN",Nonpartisan,1,,,,Endorsed for JUDGE [V6: generic note - no extracted text],0.9,,,,,pdf,,121300_20081104_v2,
MI,Detroit Free Press,121300,2008,JUDGE,,Wayne 28th District,MI,"COLOVOS, BILL",Nonpartisan,1,,,,Endorsed for JUDGE [V6: generic note - no extracted text],0.9,,,,,pdf,,121300_20081104_v2,
MI,Detroit Free Press,121300,2008,JUDGE,,Wayne 32nd District,MI,"LAROSE, ROGER",Nonpartisan,1,,,,Endorsed for JUDGE [V6: generic note - no extracted text],0.9,,,,,pdf,,121300_20081104_v2,
MI,Detroit Free Press,121300,2008,JUDGE,,Wayne 35th District,MI,"PLAKAS, JIM",Nonpartisan,1,,,,Endorsed for JUDGE [V6: generic note - no extracted text],0.9,,,,,pdf,,121300_20081104_v2,
MI,Detroit Free Press,121300,2008,JUDGE,,Wayne 36th District,MI,"CHATMAN, GEORGE",Nonpartisan,1,,,,Endorsed for JUDGE [V6: generic note - no extracted text],0.9,,,,,pdf,,121300_20081104_v2,
MI,Detroit Free Press,121300,2008,JUDGE,,Oakland Circuit,MI,"BRENNAN, MARY ELLEN",Nonpartisan,1,,,,Endorsed for JUDGE [V6: generic note - no extracted text],0.9,,,,,pdf,,121300_20081104_v2,
MI,Detroit Free Press,121300,2008,JUDGE,,Oakland Circuit,MI,"GORCYCA, LISA",Nonpartisan,1,,,,Endorsed for JUDGE [V6: generic note - no extracted text],0.9,,,,,pdf,,121300_20081104_v2,
MI,Detroit Free Press,121300,2008,JUDGE,,Oakland Probate,MI,"FRANKEL, MARK",Nonpartisan,1,,,,Endorsed for JUDGE [V6: generic note - no extracted text],0.9,,,,,pdf,,121300_20081104_v2,
MI,Detroit Free Press,121300,2008,JUDGE,,Oakland 45A District,MI,"BRAINARD, DENISE",Nonpartisan,1,,,,Endorsed for JUDGE [V6: generic note - no extracted text],0.9,,,,,pdf,,121300_20081104_v2,
MI,Detroit Free Press,121300,2008,JUDGE,,Oakland 45B District,MI,"GUBOW, DAVID",Nonpartisan,1,,,,Endorsed for JUDGE [V6: generic note - no extracted text],0.9,,,,,pdf,,121300_20081104_v2,
MI,Detroit Free Press,121300,2008,JUDGE,,Oakland 45B District,MI,"FRIEDMAN APPEL, MICHELLE",Nonpartisan,1,,,,Endorsed for JUDGE [V6: generic note - no extracted text],0.9,,,,,pdf,,121300_20081104_v2,
MI,Detroit Free Press,121300,2008,JUDGE,,Oakland 46th District,MI,"RICHARDS, WILLIAM",Nonpartisan,1,,,,Endorsed for JUDGE [V6: generic note - no extracted text],0.9,,,,,pdf,,121300_20081104_v2,
MI,Detroit Free Press,121300,2008,JUDGE,,Oakland 50th District,MI,"GROSS, RONDA FOWLKES",Nonpartisan,1,,,,Endorsed for JUDGE [V6: generic note - no extracted text],0.9,,,,,pdf,,121300_20081104_v2,
MI,Detroit Free Press,121300,2008,JUDGE,,Oakland 52-2 District,MI,"FABRIZIO, JOSEPH",Nonpartisan,1,,,,Endorsed for JUDGE [V6: generic note - no extracted text],0.9,,,,,pdf,,121300_20081104_v2,
MI,Detroit Free Press,121300,2008,JUDGE,,Oakland 52-3 District,MI,"NICHOLSON, JULIE",Nonpartisan,1,,,,Endorsed for JUDGE [V6: generic note - no extracted text],0.9,,,,,pdf,,121300_20081104_v2,
MI,Detroit Free Press,121300,2008,JUDGE,,Macomb Probate,MI,"LUX-ROLAND, DEBRA",Nonpartisan,1,,,,Endorsed for JUDGE [V6: generic note - no extracted text],0.9,,,,,pdf,,121300_20081104_v2,
MI,Detroit Free Press,121300,2008,JUDGE,,Macomb 38th District,MI,"GERDS, CARL III",Nonpartisan,1,,,,Endorsed for JUDGE [V6: generic note - no extracted text],0.9,,,,,pdf,,121300_20081104_v2,
MI,Detroit Free Press,121300,2008,JUDGE,,Macomb 41B District,MI,"MILLER, SHEILA",Nonpartisan,1,,,,Endorsed for JUDGE [V6: generic note - no extracted text],0.9,,,,,pdf,,121300_20081104_v2,
MI,Detroit Free Press,121300,2008,STATE BOARD OF ED,,State Board of Education (MI),MI,"AUSTIN, JOHN",Democrat,1,1,,,Endorsed for STATE BOARD OF ED (Democrat) [V6: generic note - no extracted text],0.9,,,,,pdf,,121300_20081104_v2,
MI,Detroit Free Press,121300,2008,STATE BOARD OF ED,,State Board of Education (MI),MI,"STRAUS, KATHLEEN",Democrat,1,1,,,Endorsed for STATE BOARD OF ED (Democrat) [V6: generic note - no extracted text],0.9,,,,,pdf,,121300_20081104_v2,
MI,Detroit Free Press,121300,2008,TRUSTEE,,Michigan State University Board of Trustees,MI,"ROMNEY, G. SCOTT",Republican,1,,,,MSU Board of Trustees,0.9,,,,,pdf,,121300_20081104_v2,
MI,Detroit Free Press,121300,2008,TRUSTEE,,Michigan State University Board of Trustees,MI,"BOUCHARD, LISA",Republican,1,,,,MSU Board of Trustees,0.9,,,,,pdf,,121300_20081104_v2,
MI,Detroit Free Press,121300,2008,REGENT,,University of Michigan Board of Regents,MI,"DEITCH, LAURENCE",Democrat,1,,,,Endorsed for REGENT (Democrat) [V6: generic note - no extracted text],0.9,,,,,pdf,,121300_20081104_v2,
MI,Detroit Free Press,121300,2008,REGENT,,University of Michigan Board of Regents,MI,"ILITCH, DENISE",Democrat,1,,,,Endorsed for REGENT (Democrat) [V6: generic note - no extracted text],0.9,,,,,pdf,,121300_20081104_v2,
MI,Detroit Free Press,121300,2008,TRUSTEE,,Wayne State University Board of Governors,MI,"MASSARON, PAUL",Democrat,1,,,,Endorsed for TRUSTEE (Democrat) [V6: generic note - no extracted text],0.9,,,,,pdf,,121300_20081104_v2,
MI,Detroit Free Press,121300,2008,TRUSTEE,,Wayne State University Board of Governors,MI,"KARMANOS, DANIALLE",Republican,1,,,,Endorsed for TRUSTEE (Republican) [V6: generic note - no extracted text],0.9,,,,,pdf,,121300_20081104_v2,
MI,Detroit Free Press,121300,2008,DA/PROSECUTOR,,Wayne,MI,"WORTHY, KYM",Democrat,1,,,,Endorsed for DA/PROSECUTOR (Democrat) [V6: generic note - no extracted text],0.9,,,,,pdf,,121300_20081104_v2,
MI,Detroit Free Press,121300,2008,SHERIFF,,Wayne,MI,"EVANS, WARREN",Democrat,1,1,,,Endorsed for SHERIFF (Democrat) [V6: generic note - no extracted text],0.9,,,,,pdf,,121300_20081104_v2,
MI,Detroit Free Press,121300,2008,CNTY CLERK,,Wayne,MI,"GARRETT, CATHY",Democrat,1,,,,Endorsed for CNTY CLERK (Democrat) [V6: generic note - no extracted text],0.9,,,,,pdf,,121300_20081104_v2,
MI,Detroit Free Press,121300,2008,CNTY TREASURER,,Wayne,MI,"DUNLEAVY, BRENDAN",Republican,1,,,,Endorsed for CNTY TREASURER (Republican) [V6: generic note - no extracted text],0.9,,,,,pdf,,121300_20081104_v2,
MI,Detroit Free Press,121300,2008,CNTY CLERK,,Wayne Register of Deeds,MI,"YOUNGBLOOD, BERNARD",Democrat,1,,,,Endorsed for CNTY CLERK (Democrat) [V6: generic note - no extracted text],0.9,,,,,pdf,,121300_20081104_v2,
MI,Detroit Free Press,121300,2008,CNTY EXEC,,Oakland County Executive,MI,"PATTERSON, L. BROOKS",Republican,1,,1,,Endorsed for MAYOR (Republican) [V6: generic note - no extracted text] | V9c fix: was miscoded MAYOR; dname already = County Executive (image-confirmed),0.9,,,,,pdf,,121300_20081104_v2,
MI,Detroit Free Press,121300,2008,DA/PROSECUTOR,,Oakland,MI,"COOPER, JESSICA",Democrat,1,,,,Endorsed for DA/PROSECUTOR (Democrat) [V6: generic note - no extracted text],0.9,,,,,pdf,,121300_20081104_v2,
MI,Detroit Free Press,121300,2008,SHERIFF,,Oakland,MI,"BOUCHARD, MICHAEL",Republican,1,,1,,Endorsed for SHERIFF (Republican) [V6: generic note - no extracted text],0.9,,,,,pdf,,121300_20081104_v2,
MI,Detroit Free Press,121300,2008,CNTY CLERK,,Oakland,MI,"JOHNSON, RUTH",Republican,1,,1,,Endorsed for CNTY CLERK (Republican) [V6: generic note - no extracted text],0.9,,,,,pdf,,121300_20081104_v2,
MI,Detroit Free Press,121300,2008,CNTY TREASURER,,Oakland,MI,"DOHANY, PAT",Republican,1,,1,,Endorsed for CNTY TREASURER (Republican) [V6: generic note - no extracted text],0.9,,,,,pdf,,121300_20081104_v2,
MI,Detroit Free Press,121300,2008,JUDGE,,Oakland Drain Commissioner,MI,"MCCULLOCH, JOHN",Republican,1,,,,Endorsed for JUDGE (Republican) [V6: generic note - no extracted text],0.9,,,,,pdf,,121300_20081104_v2,
MI,Detroit Free Press,121300,2008,SHERIFF,,Macomb,MI,"HACKEL, MARK",Democrat,1,1,,,Endorsed for SHERIFF (Democrat) [V6: generic note - no extracted text],0.9,,,,,pdf,,121300_20081104_v2,
MI,Detroit Free Press,121300,2008,CNTY CLERK,,Macomb,MI,"SABAUGH, CARMELLA",Democrat,1,1,,,Endorsed for CNTY CLERK (Democrat) [V6: generic note - no extracted text],0.9,,,,,pdf,,121300_20081104_v2,
MI,Detroit Free Press,121300,2008,DA/PROSECUTOR,,Macomb,MI,"SMITH, ERIC",Democrat,1,,,,Endorsed for DA/PROSECUTOR (Democrat) [V6: generic note - no extracted text],0.9,,,,,pdf,,121300_20081104_v2,
MI,Detroit Free Press,121300,2008,CNTY TREASURER,,Macomb,MI,"WAHBY, TED",Democrat,1,1,,,Endorsed for CNTY TREASURER (Democrat) [V6: generic note - no extracted text],0.9,,,,,pdf,,121300_20081104_v2,
MI,Detroit Free Press,121300,2008,CNTY COMM,1,Oakland,MI,"JACOBSEN, BRADFORD",Republican,1,,1,,Endorsed for CNTY COMM District 1 (Republican) [V6: generic note - no extracted text],0.9,,,,,pdf,,121300_20081104_v2,
MI,Detroit Free Press,121300,2008,CNTY COMM,2,Oakland,MI,"BULLARD, BILL JR.",Republican,1,,,,Endorsed for CNTY COMM District 2 (Republican) [V6: generic note - no extracted text],0.9,,,,,pdf,,121300_20081104_v2,
MI,Detroit Free Press,121300,2008,CNTY COMM,3,Oakland,MI,"GINGELL, MICHAEL",Republican,1,,,,Endorsed for CNTY COMM District 3 (Republican) [V6: generic note - no extracted text],0.9,,,,,pdf,,121300_20081104_v2,
MI,Detroit Free Press,121300,2008,CNTY COMM,4,Oakland,MI,"MIDDLETON, TOM",Republican,1,,1,,Endorsed for CNTY COMM District 4 (Republican) [V6: generic note - no extracted text],0.9,,,,,pdf,,121300_20081104_v2,
MI,Detroit Free Press,121300,2008,CNTY COMM,5,Oakland,MI,"SCOTT, JOHN",Republican,1,,1,,Endorsed for CNTY COMM District 5 (Republican) [V6: generic note - no extracted text],0.9,,,,,pdf,,121300_20081104_v2,
MI,Detroit Free Press,121300,2008,CNTY COMM,6,Oakland,MI,"WACHSBERG, SUSAN",Democrat,1,,,,Endorsed for CNTY COMM District 6 (Democrat) [V6: generic note - no extracted text],0.9,,,,,pdf,,121300_20081104_v2,
MI,Detroit Free Press,121300,2008,CNTY COMM,7,Oakland,MI,"LONG, CHRISTINE",Republican,1,,1,,Endorsed for CNTY COMM District 7 (Republican) [V6: generic note - no extracted text],0.9,,,,,pdf,,121300_20081104_v2,
MI,Detroit Free Press,121300,2008,CNTY COMM,8,Oakland,MI,"POTTER, JEFF",Republican,1,,1,,Endorsed for CNTY COMM District 8 (Republican) [V6: generic note - no extracted text],0.9,,,,,pdf,,121300_20081104_v2,
MI,Detroit Free Press,121300,2008,CNTY COMM,9,Oakland,MI,"ZYCZYNSKI, KAREN",Democrat,1,,,,Endorsed for CNTY COMM District 9 (Democrat) [V6: generic note - no extracted text],0.9,,,,,pdf,,121300_20081104_v2,
MI,Detroit Free Press,121300,2008,CNTY COMM,10,Oakland,MI,"MCKINNEY HATCHETT, MATTIE",Democrat,1,1,,,Endorsed for CNTY COMM District 10 (Democrat) [V6: generic note - no extracted text],0.9,,,,,pdf,,121300_20081104_v2,
MI,Detroit Free Press,121300,2008,CNTY COMM,11,Oakland,MI,"GREIMEL, TIM",Democrat,1,1,,,Endorsed for CNTY COMM District 11 (Democrat) [V6: generic note - no extracted text],0.9,,,,,pdf,,121300_20081104_v2,
MI,Detroit Free Press,121300,2008,CNTY COMM,12,Oakland,MI,"DOUGLAS, SUE ANN",Republican,1,,1,,Endorsed for CNTY COMM District 12 (Republican) [V6: generic note - no extracted text],0.9,,,,,pdf,,121300_20081104_v2,
MI,Detroit Free Press,121300,2008,CNTY COMM,13,Oakland,MI,"GOSSELIN, ROBERT",Republican,1,,,,Endorsed for CNTY COMM District 13 (Republican) [V6: generic note - no extracted text],0.9,,,,,pdf,,121300_20081104_v2,
MI,Detroit Free Press,121300,2008,CNTY COMM,14,Oakland,MI,"SCHWARTZ, STEVEN",Democrat,1,,,,Endorsed for CNTY COMM District 14 (Democrat) [V6: generic note - no extracted text],0.9,,,,,pdf,,121300_20081104_v2,
MI,Detroit Free Press,121300,2008,CNTY COMM,15,Oakland,MI,"NASH, JIM",Democrat,1,1,,,Endorsed for CNTY COMM District 15 (Democrat) [V6: generic note - no extracted text],0.9,,,,,pdf,,121300_20081104_v2,
MI,Detroit Free Press,121300,2008,CNTY COMM,16,Oakland,MI,"SPECTOR, KAREN",Democrat,1,1,,,Endorsed for CNTY COMM District 16 (Democrat) [V6: generic note - no extracted text],0.9,,,,,pdf,,121300_20081104_v2,
MI,Detroit Free Press,121300,2008,CNTY COMM,17,Oakland,MI,"GERSHENSON, MARCIA",Democrat,1,1,,,Endorsed for CNTY COMM District 17 (Democrat) [V6: generic note - no extracted text],0.9,,,,,pdf,,121300_20081104_v2,
MI,Detroit Free Press,121300,2008,CNTY COMM,18,Oakland,MI,"WOODWARD, DAVE",Democrat,1,1,,,Endorsed for CNTY COMM District 18 (Democrat) [V6: generic note - no extracted text],0.9,,,,,pdf,,121300_20081104_v2,
MI,Detroit Free Press,121300,2008,CNTY COMM,19,Oakland,MI,"BURNS, TIM",Democrat,1,1,,,Endorsed for CNTY COMM District 19 (Democrat) [V6: generic note - no extracted text],0.9,,,,,pdf,,121300_20081104_v2,
MI,Detroit Free Press,121300,2008,CNTY COMM,20,Oakland,MI,"POTTS, DAVID",Republican,1,,,,Endorsed for CNTY COMM District 20 (Republican) [V6: generic note - no extracted text],0.9,,,,,pdf,,121300_20081104_v2,
MI,Detroit Free Press,121300,2008,CNTY COMM,21,Oakland,MI,"JACKSON, JANET",Democrat,1,,,,Endorsed for CNTY COMM District 21 (Democrat) [V6: generic note - no extracted text],0.9,,,,,pdf,,121300_20081104_v2,
MI,Detroit Free Press,121300,2008,CNTY COMM,22,Oakland,MI,"ZACK, HELAINE",Democrat,1,1,,,Endorsed for CNTY COMM District 22 (Democrat) [V6: generic note - no extracted text],0.9,,,,,pdf,,121300_20081104_v2,
MI,Detroit Free Press,121300,2008,CNTY COMM,23,Oakland,MI,"COLEMAN, ERIC",Democrat,1,1,,,Endorsed for CNTY COMM District 23 (Democrat) [V6: generic note - no extracted text],0.9,,,,,pdf,,121300_20081104_v2,
MI,Detroit Free Press,121300,2008,CNTY COMM,24,Oakland,MI,"MCGILLIVRAY, GARY",Democrat,1,,,,Endorsed for CNTY COMM District 24 (Democrat) [V6: generic note - no extracted text],0.9,,,,,pdf,,121300_20081104_v2,
MI,Detroit Free Press,121300,2008,CNTY COMM,25,Oakland,MI,"COULTER, DAVID",Democrat,1,1,,,Endorsed for CNTY COMM District 25 (Democrat) [V6: generic note - no extracted text],0.9,,,,,pdf,,121300_20081104_v2,
MI,Detroit Free Press,121300,2008,CNTY COMM,1,Wayne,MI,"KILLEEN, TIM",Democrat,1,1,,,Endorsed for CNTY COMM District 1 (Democrat) [V6: generic note - no extracted text],0.9,,,,,pdf,,121300_20081104_v2,
MI,Detroit Free Press,121300,2008,CNTY COMM,9,Wayne,MI,"WEBB, DIANE",Democrat,1,,,,Endorsed for CNTY COMM District 9 (Democrat) [V6: generic note - no extracted text],0.9,,,,,pdf,,121300_20081104_v2,
MI,Detroit Free Press,121300,2008,CNTY COMM,10,Wayne,MI,"COX, LAURA",Republican,1,,1,,Endorsed for CNTY COMM District 10 (Republican) [V6: generic note - no extracted text],0.9,,,,,pdf,,121300_20081104_v2,
MI,Detroit Free Press,121300,2008,CNTY COMM,11,Wayne,MI,"MCNAMARA, KEVIN",Democrat,1,,,,Endorsed for CNTY COMM District 11 (Democrat) [V6: generic note - no extracted text],0.9,,,,,pdf,,121300_20081104_v2,
MI,Detroit Free Press,121300,2008,CNTY COMM,12,Wayne,MI,"GEBHARDT, JOAN",Democrat,1,,,,Endorsed for CNTY COMM District 12 (Democrat) [V6: generic note - no extracted text],0.9,,,,,pdf,,121300_20081104_v2,
MI,Detroit Free Press,121300,2008,CNTY COMM,13,Wayne,MI,"WORONCHAK, GARY",Democrat,1,1,,,Endorsed for CNTY COMM District 13 (Democrat) [V6: generic note - no extracted text],0.9,,,,,pdf,,121300_20081104_v2,
MI,Detroit Free Press,121300,2008,CNTY COMM,1,Macomb,MI,"DUZYJ, ANDREY",Democrat,1,1,,,Endorsed for CNTY COMM District 1 (Democrat) [V6: generic note - no extracted text],0.9,,,,,pdf,,121300_20081104_v2,
MI,Detroit Free Press,121300,2008,CNTY COMM,2,Macomb,MI,"SAUGER, MARVIN",Democrat,1,1,,,Endorsed for CNTY COMM District 2 (Democrat) [V6: generic note - no extracted text],0.9,,,,,pdf,,121300_20081104_v2,
MI,Detroit Free Press,121300,2008,CNTY COMM,4,Macomb,MI,"MOCERI, TONI",Democrat,1,,,,Endorsed for CNTY COMM District 4 (Democrat) [V6: generic note - no extracted text],0.9,,,,,pdf,,121300_20081104_v2,
MI,Detroit Free Press,121300,2008,CNTY COMM,5,Macomb,MI,"DOHERTY, SUSAN",Democrat,1,1,,,Endorsed for CNTY COMM District 5 (Democrat) [V6: generic note - no extracted text],0.9,,,,,pdf,,121300_20081104_v2,
MI,Detroit Free Press,121300,2008,CNTY COMM,6,Macomb,MI,"FLYNN, JOAN",Democrat,1,1,,,Endorsed for CNTY COMM District 6 (Democrat) [V6: generic note - no extracted text],0.9,,,,,pdf,,121300_20081104_v2,
MI,Detroit Free Press,121300,2008,CNTY COMM,7,Macomb,MI,"ROCCA, SUE",Republican,1,,1,,Endorsed for CNTY COMM District 7 (Republican) [V6: generic note - no extracted text],0.9,,,,,pdf,,121300_20081104_v2,
MI,Detroit Free Press,121300,2008,CNTY COMM,8,Macomb,MI,"FLYNN, DAVID",Democrat,1,1,,,Endorsed for CNTY COMM District 8 (Democrat) [V6: generic note - no extracted text],0.9,,,,,pdf,,121300_20081104_v2,
MI,Detroit Free Press,121300,2008,CNTY COMM,9,Macomb,MI,"MIJAC, ROBERT",Democrat,1,1,,,Endorsed for CNTY COMM District 9 (Democrat) [V6: generic note - no extracted text],0.9,,,,,pdf,,121300_20081104_v2,
MI,Detroit Free Press,121300,2008,CNTY COMM,10,Macomb,MI,"LAMPAR, KEN",Democrat,1,,,,Endorsed for CNTY COMM District 10 (Democrat) [V6: generic note - no extracted text],0.9,,,,,pdf,,121300_20081104_v2,
MI,Detroit Free Press,121300,2008,CNTY COMM,14,Macomb,MI,"BRDAK, BRIAN",Democrat,1,1,,,Endorsed for CNTY COMM District 14 (Democrat) [V6: generic note - no extracted text],0.9,,,,,pdf,,121300_20081104_v2,
MI,Detroit Free Press,121300,2008,CNTY COMM,15,Macomb,MI,"RENGERT, KEITH",Republican,1,,1,,Endorsed for CNTY COMM District 15 (Republican) [V6: generic note - no extracted text],0.9,,,,,pdf,,121300_20081104_v2,
MI,Detroit Free Press,121300,2008,CNTY COMM,16,Macomb,MI,"TORRICE, CAREY",Democrat,1,,,,Endorsed for CNTY COMM District 16 (Democrat) [V6: generic note - no extracted text],0.9,,,,,pdf,,121300_20081104_v2,
MI,Detroit Free Press,121300,2008,CNTY COMM,17,Macomb,MI,"BRULEY, ED",Democrat,1,1,,,Endorsed for CNTY COMM District 17 (Democrat) [V6: generic note - no extracted text],0.9,,,,,pdf,,121300_20081104_v2,
MI,Detroit Free Press,121300,2008,CNTY COMM,18,Macomb,MI,"CAMPHOUS-PETERSON, DANA",Democrat,1,1,,,Endorsed for CNTY COMM District 18 (Democrat) [V6: generic note - no extracted text],0.9,,,,,pdf,,121300_20081104_v2,
MI,Detroit Free Press,121300,2008,CNTY COMM,19,Macomb,MI,"GIELEGHEM, PAUL",Democrat,1,1,,,Endorsed for CNTY COMM District 19 (Democrat) [V6: generic note - no extracted text],0.9,,,,,pdf,,121300_20081104_v2,
MI,Detroit Free Press,121300,2008,CNTY COMM,20,Macomb,MI,"TOCCO, KATHY",Democrat,1,,,,Endorsed for CNTY COMM District 20 (Democrat) [V6: generic note - no extracted text],0.9,,,,,pdf,,121300_20081104_v2,
MI,Detroit Free Press,121300,2008,CNTY COMM,21,Macomb,MI,"KEPLER, IRENE",Democrat,1,,,,Endorsed for CNTY COMM District 21 (Democrat) [V6: generic note - no extracted text],0.9,,,,,pdf,,121300_20081104_v2,
MI,Detroit Free Press,121300,2008,CNTY COMM,23,Macomb,MI,"CROUCHMAN, WILLIAM ANTHONY",Democrat,1,,,,Endorsed for CNTY COMM District 23 (Democrat) [V6: generic note - no extracted text],0.9,,,,,pdf,,121300_20081104_v2,
MI,Detroit Free Press,121300,2008,CNTY COMM,25,Macomb,MI,"VOSBURG, KATHY",Republican,1,,1,,Endorsed for CNTY COMM District 25 (Republican) [V6: generic note - no extracted text],0.9,,,,,pdf,,121300_20081104_v2,
MI,Detroit Free Press,121300,2008,CNTY COMM,26,Macomb,MI,"SPRYS, JEFFERY",Democrat,1,,,,Endorsed for CNTY COMM District 26 (Democrat) [V6: generic note - no extracted text],0.9,,,,,pdf,,121300_20081104_v2,
MI,Detroit Free Press,121300,2012,PRESIDENT,,United States,MI,"OBAMA, BARACK",Democrat,1,,,,Endorsed for PRESIDENT (Democrat) [V6: generic note - no extracted text],0.9,,,,,pdf,,121300_20121106,
MI,Detroit Free Press,121300,2012,SENATOR,,United States Senate from Michigan,MI,"STABENOW, DEBBIE",Democrat,1,,,,Endorsed for SENATOR (Democrat) [V6: generic note - no extracted text],0.9,,,,,pdf,,121300_20121106,
MI,Detroit Free Press,121300,2012,H,1,U.S. House Michigan District 1,MI,"MCDOWELL, GARY",Democrat,1,,,,Endorsed for H District 1 (Democrat) [V6: generic note - no extracted text],0.9,,,,,pdf,,121300_20121106,
MI,Detroit Free Press,121300,2012,H,3,U.S. House Michigan District 3,MI,"PESTKA, STEVE",Democrat,1,,,,Endorsed for H District 3 (Democrat) [V6: generic note - no extracted text],0.9,,,,,pdf,,121300_20121106,
MI,Detroit Free Press,121300,2012,H,5,U.S. House Michigan District 5,MI,"KILDEE, DANIEL",Democrat,1,,,,Endorsed for H District 5 (Democrat) [V6: generic note - no extracted text],0.9,,,,,pdf,,121300_20121106,
MI,Detroit Free Press,121300,2012,H,11,U.S. House Michigan District 11,MI,"TAJ, SYED",Democrat,1,,,,Endorsed for H District 11 (Democrat) [V6: generic note - no extracted text],0.85,OCR partial 'Syed Ta',,,,pdf,,121300_20121106,
MI,Detroit Free Press,121300,2012,H,2,U.S. House Michigan District 2,MI,"HUIZENGA, BILL",Republican,1,,,,Endorsed for H District 2 (Republican) [V6: generic note - no extracted text],0.9,,,,,pdf,,121300_20121106,
MI,Detroit Free Press,121300,2012,H,4,U.S. House Michigan District 4,MI,"CAMP, DAVE",Republican,1,,,,Endorsed for H District 4 (Republican) [V6: generic note - no extracted text],0.9,,,,,pdf,,121300_20121106,
MI,Detroit Free Press,121300,2012,H,6,U.S. House Michigan District 6,MI,"UPTON, FRED",Republican,1,,,,Endorsed for H District 6 (Republican) [V6: generic note - no extracted text],0.9,,,,,pdf,,121300_20121106,
MI,Detroit Free Press,121300,2012,H,7,U.S. House Michigan District 7,MI,"WALBERG, TIM",Republican,1,,,,Endorsed for H District 7 (Republican) [V6: generic note - no extracted text],0.9,,,,,pdf,,121300_20121106,
MI,Detroit Free Press,121300,2012,H,8,U.S. House Michigan District 8,MI,"ROGERS, MIKE",Republican,1,,,,Endorsed for H District 8 (Republican) [V6: generic note - no extracted text],0.9,,,,,pdf,,121300_20121106,
MI,Detroit Free Press,121300,2012,H,9,U.S. House Michigan District 9,MI,"LEVIN, SANDER M.",Democrat,1,,,,Endorsed for H District 9 (Democrat) [V6: generic note - no extracted text],0.9,,,,,pdf,,121300_20121106,
MI,Detroit Free Press,121300,2012,H,10,U.S. House Michigan District 10,MI,"MILLER, CANDICE",Republican,1,,,,Endorsed for H District 10 (Republican) [V6: generic note - no extracted text],0.9,,,,,pdf,,121300_20121106,
MI,Detroit Free Press,121300,2012,H,12,U.S. House Michigan District 12,MI,"DINGELL, JOHN D.",Democrat,1,,,,Endorsed for H District 12 (Democrat) [V6: generic note - no extracted text],0.9,,,,,pdf,,121300_20121106,
MI,Detroit Free Press,121300,2012,H,13,U.S. House Michigan District 13,MI,"CONYERS, JOHN JR.",Democrat,1,,,,Endorsed for H District 13 (Democrat) [V6: generic note - no extracted text],0.9,,,,,pdf,,121300_20121106,
MI,Detroit Free Press,121300,2012,H,14,U.S. House Michigan District 14,MI,"PETERS, GARY",Democrat,1,,,,Endorsed for H District 14 (Democrat) [V6: generic note - no extracted text],0.9,,,,,pdf,,121300_20121106,
MI,Detroit Free Press,121300,2012,STATE REP,1,Michigan House District 1,MI,"SCHULTE, DAN",Republican,1,,,,Endorsed for STATE REP District 1 (Republican) [V6: generic note - no extracted text],0.9,,,,,pdf,,121300_20121106,
MI,Detroit Free Press,121300,2012,STATE REP,2,Michigan House District 2,MI,"TINSLEY-TALABI, ALBERTA",Democrat,1,,,,Endorsed for STATE REP District 2 (Democrat) [V6: generic note - no extracted text],0.9,,,,,pdf,,121300_20121106,
MI,Detroit Free Press,121300,2012,STATE REP,3,Michigan House District 3,MI,"OLUMBA, JOHN",Democrat,1,,,,Endorsed for STATE REP District 3 (Democrat) [V6: generic note - no extracted text],0.9,,,,,pdf,,121300_20121106,
MI,Detroit Free Press,121300,2012,STATE REP,5,Michigan House District 5,MI,"DURHAL, FRED JR.",Democrat,1,,,,Endorsed for STATE REP District 5 (Democrat) [V6: generic note - no extracted text],0.9,,,,,pdf,,121300_20121106,
MI,Detroit Free Press,121300,2012,STATE REP,6,Michigan House District 6,MI,"TLAIB, RASHIDA",Democrat,1,,,,Endorsed for STATE REP District 6 (Democrat) [V6: generic note - no extracted text],0.9,,,,,pdf,,121300_20121106,
MI,Detroit Free Press,121300,2012,STATE REP,7,Michigan House District 7,MI,"STALLWORTH, THOMAS II",Democrat,1,,,,Endorsed for STATE REP District 7 (Democrat) [V6: generic note - no extracted text],0.9,,,,,pdf,,121300_20121106,
MI,Detroit Free Press,121300,2012,STATE REP,8,Michigan House District 8,MI,"NATHAN, DAVID",Democrat,1,,,,Endorsed for STATE REP District 8 (Democrat) [V6: generic note - no extracted text],0.9,,,,,pdf,,121300_20121106,
MI,Detroit Free Press,121300,2012,STATE REP,9,Michigan House District 9,MI,"SANTANA, HARVEY",Democrat,1,,,,Endorsed for STATE REP District 9 (Democrat) [V6: generic note - no extracted text],0.9,,,,,pdf,,121300_20121106,
MI,Detroit Free Press,121300,2012,STATE REP,10,Michigan House District 10,MI,"CAVANAGH, PHIL",Democrat,1,,,,Endorsed for STATE REP District 10 (Democrat) [V6: generic note - no extracted text],0.9,,,,,pdf,,121300_20121106,
MI,Detroit Free Press,121300,2012,STATE REP,11,Michigan House District 11,MI,"KNEZEK, DAVID",Democrat,1,,,,Endorsed for STATE REP District 11 (Democrat) [V6: generic note - no extracted text],0.9,,,,,pdf,,121300_20121106,
MI,Detroit Free Press,121300,2012,STATE REP,12,Michigan House District 12,MI,"GEISS, DOUGLAS",Democrat,1,,,,Endorsed for STATE REP District 12 (Democrat) [V6: generic note - no extracted text],0.9,,,,,pdf,,121300_20121106,
MI,Detroit Free Press,121300,2012,STATE REP,13,Michigan House District 13,MI,"KANDREVAS, ANDREW",Democrat,1,,,,Endorsed for STATE REP District 13 (Democrat) [V6: generic note - no extracted text],0.9,,,,,pdf,,121300_20121106,
MI,Detroit Free Press,121300,2012,STATE REP,14,Michigan House District 14,MI,"CLEMENTE, PAUL",Democrat,1,,,,Endorsed for STATE REP District 14 (Democrat) [V6: generic note - no extracted text],0.9,,,,,pdf,,121300_20121106,
MI,Detroit Free Press,121300,2012,STATE REP,15,Michigan House District 15,MI,"DARANY, GEORGE",Democrat,1,,,,Endorsed for STATE REP District 15 (Democrat) [V6: generic note - no extracted text],0.85,OCR shows 'George Kosowski',,,,pdf,,121300_20121106,
MI,Detroit Free Press,121300,2012,STATE REP,19,Michigan House District 19,MI,"WALSH, JOHN",Republican,1,,,,Endorsed for STATE REP District 19 (Republican) [V6: generic note - no extracted text],0.9,,,,,pdf,,121300_20121106,
MI,Detroit Free Press,121300,2012,STATE REP,20,Michigan House District 20,MI,"HEISE, KURT",Republican,1,,,,Endorsed for STATE REP District 20 (Republican) [V6: generic note - no extracted text],0.9,,,,,pdf,,121300_20121106,
MI,Detroit Free Press,121300,2012,STATE REP,21,Michigan House District 21,MI,"SLAVENS, DIAN",Democrat,1,,,,Endorsed for STATE REP District 21 (Democrat) [V6: generic note - no extracted text],0.9,,,,,pdf,,121300_20121106,
MI,Detroit Free Press,121300,2012,STATE REP,23,Michigan House District 23,MI,"BORITZKI, TOM",Democrat,1,,,,Endorsed for STATE REP District 23 (Democrat) [V6: generic note - no extracted text],0.9,,,,,pdf,,121300_20121106,
MI,Detroit Free Press,121300,2012,STATE REP,26,Michigan House District 26,MI,"TOWNSEND, JIM",Democrat,1,,,,Endorsed for STATE REP District 26 (Democrat) [V6: generic note - no extracted text],0.9,,,,,pdf,,121300_20121106,
MI,Detroit Free Press,121300,2012,STATE REP,27,Michigan House District 27,MI,"LIPTON, ELLEN COGEN",Democrat,1,,,,Endorsed for STATE REP District 27 (Democrat) [V6: generic note - no extracted text],0.9,,,,,pdf,,121300_20121106,
MI,Detroit Free Press,121300,2012,STATE REP,29,Michigan House District 29,MI,"GREIMEL, TIM",Democrat,1,,,,Endorsed for STATE REP District 29 (Democrat) [V6: generic note - no extracted text],0.9,,,,,pdf,,121300_20121106,
MI,Detroit Free Press,121300,2012,STATE REP,35,Michigan House District 35,MI,"HOBBS, RUDY",Democrat,1,,,,Endorsed for STATE REP District 35 (Democrat) [V6: generic note - no extracted text],0.9,,,,,pdf,,121300_20121106,
MI,Detroit Free Press,121300,2012,STATE REP,37,Michigan House District 37,MI,"BARNETT, VICKI",Democrat,1,,,,Endorsed for STATE REP District 37 (Democrat) [V6: generic note - no extracted text],0.9,,,,,pdf,,121300_20121106,
MI,Detroit Free Press,121300,2012,STATE REP,38,Michigan House District 38,MI,"CRAWFORD, HUGH",Republican,1,,,,Endorsed for STATE REP District 38 (Republican) [V6: generic note - no extracted text],0.9,,,,,pdf,,121300_20121106,
MI,Detroit Free Press,121300,2012,STATE REP,39,Michigan House District 39,MI,"JACKSON, PAM",Democrat,1,,,,Endorsed for STATE REP District 39 (Democrat) [V6: generic note - no extracted text],0.9,,,,,pdf,,121300_20121106,
MI,Detroit Free Press,121300,2012,STATE REP,40,Michigan House District 40,MI,"MCCREADY, MICHAEL",Republican,1,,,,Endorsed for STATE REP District 40 (Republican) [V6: generic note - no extracted text],0.9,,,,,pdf,,121300_20121106,
MI,Detroit Free Press,121300,2012,STATE REP,41,Michigan House District 41,MI,"KERWIN, MARY",Democrat,1,,,,Endorsed for STATE REP District 41 (Democrat) [V6: generic note - no extracted text],0.9,,,,,pdf,,121300_20121106,
MI,Detroit Free Press,121300,2012,STATE REP,43,Michigan House District 43,MI,"HAINES, GAIL",Republican,1,,,,Endorsed for STATE REP District 43 (Republican) [V6: generic note - no extracted text],0.9,,,,,pdf,,121300_20121106,
MI,Detroit Free Press,121300,2012,STATE REP,44,Michigan House District 44,MI,"KOWALL, EILEEN",Republican,1,,,,Endorsed for STATE REP District 44 (Republican) [V6: generic note - no extracted text],0.9,,,,,pdf,,121300_20121106,
MI,Detroit Free Press,121300,2012,STATE REP,45,Michigan House District 45,MI,"VANRAAPHORST, JOANNA",Democrat,1,,,,Endorsed for STATE REP District 45 (Republican) [V6: generic note - no extracted text] | V9c fix: 2012 d45 is Joanna VanRaaphorst (D); Jacobsen is d46 (image),0.9,,,,,pdf,,121300_20121106,
MI,Detroit Free Press,121300,2012,STATE REP,18,Michigan House District 18,MI,"ROBERTS, SARAH",Democrat,1,,,,Endorsed for STATE REP District 18 (Democrat) [V6: generic note - no extracted text],0.9,,,,,pdf,,121300_20121106,
MI,Detroit Free Press,121300,2012,STATE REP,22,Michigan House District 22,MI,"HAUGH, HAROLD",Democrat,1,,,,Endorsed for STATE REP District 22 (Democrat) [V6: generic note - no extracted text],0.9,,,,,pdf,,121300_20121106,
MI,Detroit Free Press,121300,2012,STATE REP,24,Michigan House District 24,MI,"FORLINI, ANTHONY",Republican,1,,,,Endorsed for STATE REP District 24 (Republican) [V6: generic note - no extracted text],0.9,,,,,pdf,,121300_20121106,
MI,Detroit Free Press,121300,2012,STATE REP,25,Michigan House District 25,MI,"CLARK, SEAN",Republican,1,,,,Endorsed for STATE REP District 25 (Republican) [V6: generic note - no extracted text],0.9,,,,,pdf,,121300_20121106,
MI,Detroit Free Press,121300,2012,STATE REP,28,Michigan House District 28,MI,"SWITALSKI, JON",Democrat,1,,,,Endorsed for STATE REP District 28 (Democrat) [V6: generic note - no extracted text],0.9,,,,,pdf,,121300_20121106,
MI,Detroit Free Press,121300,2012,STATE REP,30,Michigan House District 30,MI,"FARRINGTON, JEFF",Republican,1,,,,Endorsed for STATE REP District 30 (Republican) [V6: generic note - no extracted text],0.9,,,,,pdf,,121300_20121106,
MI,Detroit Free Press,121300,2012,STATE REP,31,Michigan House District 31,MI,"LANE, MARILYN",Democrat,1,,,,Endorsed for STATE REP District 31 (Democrat) [V6: generic note - no extracted text],0.9,,,,,pdf,,121300_20121106,
MI,Detroit Free Press,121300,2012,STATE REP,33,Michigan House District 33,MI,"GOIKE, KEN",Republican,1,,,,Endorsed for STATE REP District 33 (Republican) [V6: generic note - no extracted text],0.9,,,,,pdf,,121300_20121106,
MI,Detroit Free Press,121300,2012,STATE REP,36,Michigan House District 36,MI,"LUND, PETER",Republican,1,,,,Endorsed for STATE REP District 36 (Republican) [V6: generic note - no extracted text],0.9,,,,,pdf,,121300_20121106,
MI,Detroit Free Press,121300,2012,SUPREME COURT,,Michigan Supreme Court,MI,"KELLEY, CONNIE MARIE",Nonpartisan,1,,,,Endorsed for SUPREME COURT [V6: generic note - no extracted text],0.9,,,,,pdf,,121300_20121106,
MI,Detroit Free Press,121300,2012,SUPREME COURT,,Michigan Supreme Court,MI,"MCCORMACK, BRIDGET MARY",Nonpartisan,1,,,,Endorsed for SUPREME COURT [V6: generic note - no extracted text],0.9,,,,,pdf,,121300_20121106,
MI,Detroit Free Press,121300,2012,SUPREME COURT,,Michigan Supreme Court,MI,"ZAHRA, BRIAN",Nonpartisan,1,,,,Endorsed for SUPREME COURT [V6: generic note - no extracted text],0.9,,,,,pdf,,121300_20121106,
MI,Detroit Free Press,121300,2012,JUDGE,,Wayne Circuit,MI,"HATHAWAY, DANA MARGARET",Nonpartisan,1,,,,Endorsed for JUDGE [V6: generic note - no extracted text],0.9,,,,,pdf,,121300_20121106,
MI,Detroit Free Press,121300,2012,JUDGE,,Wayne Circuit,MI,"MORROW, BRIAN L.",Nonpartisan,1,,,,Endorsed for JUDGE [V6: generic note - no extracted text],0.9,,,,,pdf,,121300_20121106,
MI,Detroit Free Press,121300,2012,JUDGE,,Oakland Circuit,MI,"MCDONALD, KAREN",Nonpartisan,1,,,,Endorsed for JUDGE [V6: generic note - no extracted text],0.9,,,,,pdf,,121300_20121106,
MI,Detroit Free Press,121300,2012,JUDGE,,Oakland Circuit,MI,"BOWMAN, LEO",Nonpartisan,1,,,,Endorsed for JUDGE [V6: generic note - no extracted text],0.9,,,,,pdf,,121300_20121106,
MI,Detroit Free Press,121300,2012,JUDGE,,Oakland Circuit,MI,"MORRIS, DENISE LANGFORD",Nonpartisan,1,,,,Endorsed for JUDGE [V6: generic note - no extracted text],0.9,,,,,pdf,,121300_20121106,
MI,Detroit Free Press,121300,2012,JUDGE,,Oakland Circuit,MI,"MCMILLEN, PHYLLIS",Nonpartisan,1,,,,Endorsed for JUDGE [V6: generic note - no extracted text],0.9,,,,,pdf,,121300_20121106,
MI,Detroit Free Press,121300,2012,JUDGE,,Oakland Circuit,MI,"POTTS, WENDY",Nonpartisan,1,,,,Endorsed for JUDGE [V6: generic note - no extracted text],0.9,,,,,pdf,,121300_20121106,
MI,Detroit Free Press,121300,2012,JUDGE,,Oakland Circuit,MI,"WARREN, MICHAEL",Nonpartisan,1,,,,Endorsed for JUDGE [V6: generic note - no extracted text],0.9,,,,,pdf,,121300_20121106,
MI,Detroit Free Press,121300,2012,JUDGE,,Wayne 19th District,MI,"SALAMEY, SAM",Nonpartisan,1,,,,Endorsed for JUDGE [V6: generic note - no extracted text],0.9,,,,,pdf,,121300_20121106,
MI,Detroit Free Press,121300,2012,JUDGE,,Wayne 22nd District,MI,"JOHNSON, SABRINA",Nonpartisan,1,,,,Endorsed for JUDGE [V6: generic note - no extracted text],0.9,,,,,pdf,,121300_20121106,
MI,Detroit Free Press,121300,2012,JUDGE,,Wayne 36th District,MI,"BERNARD, LINDA",Nonpartisan,1,,,,Endorsed for JUDGE [V6: generic note - no extracted text],0.9,,,,,pdf,,121300_20121106,
MI,Detroit Free Press,121300,2012,JUDGE,,Wayne 36th District,MI,"JONES-COLEMAN, ALICIA",Nonpartisan,1,,,,Endorsed for JUDGE [V6: generic note - no extracted text],0.9,,,,,pdf,,121300_20121106,
MI,Detroit Free Press,121300,2012,JUDGE,,Oakland 44th District,MI,"GINOTTI, CARLO",Nonpartisan,1,,,,Endorsed for JUDGE [V6: generic note - no extracted text],0.9,,,,,pdf,,121300_20121106,
MI,Detroit Free Press,121300,2012,JUDGE,,Oakland 46th District,MI,"SEIKALY, BILL",Nonpartisan,1,,,,"Endorsed for JUDGE [V6: generic note - no extracted text] | V9c name fix: HEITZEG, BILL -> SEIKALY, BILL (image)",0.85,,,,,pdf,,121300_20121106,
MI,Detroit Free Press,121300,2012,JUDGE,,Oakland 48th District,MI,"D'AGOSTINI, DIANE",Nonpartisan,1,,,,Endorsed for JUDGE [V6: generic note - no extracted text],0.9,,,,,pdf,,121300_20121106,
MI,Detroit Free Press,121300,2012,JUDGE,,Oakland 50th District,MI,"GROSS, RONDA FOWLKES",Nonpartisan,1,,,,Endorsed for JUDGE [V6: generic note - no extracted text],0.9,,,,,pdf,,121300_20121106,
MI,Detroit Free Press,121300,2012,JUDGE,,Oakland 51st District,MI,"DEBBRECHT, JODI",Nonpartisan,1,,,,Endorsed for JUDGE [V6: generic note - no extracted text],0.9,,,,,pdf,,121300_20121106,
MI,Detroit Free Press,121300,2012,REGENT,,University of Michigan Board of Regents,MI,"BERNSTEIN, MARK",Democrat,1,,,,Endorsed for REGENT (Democrat) [V6: generic note - no extracted text],0.9,,,,,pdf,,121300_20121106,
MI,Detroit Free Press,121300,2012,REGENT,,University of Michigan Board of Regents,MI,"DIGGS, SHAUNA RYDER",Democrat,1,,,,Endorsed for REGENT (Democrat) [V6: generic note - no extracted text],0.9,,,,,pdf,,121300_20121106,
MI,Detroit Free Press,121300,2012,TRUSTEE,,Michigan State University Board of Trustees,MI,"FERGUSON, JOEL",Democrat,1,1,,,MSU,0.9,,,,,pdf,,121300_20121106,
MI,Detroit Free Press,121300,2012,TRUSTEE,,Michigan State University Board of Trustees,MI,"FOSTER, MELANIE",Republican,1,,,,MSU,0.9,,,,,pdf,,121300_20121106,
MI,Detroit Free Press,121300,2012,TRUSTEE,,Wayne State University Board of Governors,MI,"TRENT, KIM",Democrat,1,,,,Endorsed for TRUSTEE (Democrat) [V6: generic note - no extracted text],0.9,,,,,pdf,,121300_20121106,
MI,Detroit Free Press,121300,2012,TRUSTEE,,Wayne State University Board of Governors,MI,"JASTI, SATISH",Nonpartisan,1,,,,Endorsed for TRUSTEE [V6: generic note - no extracted text],0.85,OCR partial party,,,,pdf,,121300_20121106,
MI,Detroit Free Press,121300,2012,CNTY COMM,10,Wayne,MI,"PRICE, SHANNAN",Republican,1,,,,Endorsed for CNTY COMM District 10 (Republican) [V6: generic note - no extracted text],0.9,,,,,pdf,,121300_20121106,
MI,Detroit Free Press,121300,2012,CNTY EXEC,,Oakland County Executive,MI,"PATTERSON, L. BROOKS",Republican,1,,,,Endorsed for MAYOR (Republican) [V6: generic note - no extracted text] | V9c fix: was miscoded MAYOR; dname already = County Executive (image-confirmed),0.9,,,,,pdf,,121300_20121106,
MI,Detroit Free Press,121300,2012,SHERIFF,,Oakland,MI,"BOUCHARD, MICHAEL",Republican,1,,1,,Endorsed for SHERIFF (Republican) [V6: generic note - no extracted text],0.9,,,,,pdf,,121300_20121106,
MI,Detroit Free Press,121300,2012,DA/PROSECUTOR,,Oakland,MI,"COOPER, JESSICA",Democrat,1,1,,,Endorsed for DA/PROSECUTOR (Democrat) [V6: generic note - no extracted text],0.9,,,,,pdf,,121300_20121106,
MI,Detroit Free Press,121300,2012,CNTY TREASURER,,Oakland,MI,"MEISNER, ANDY",Democrat,1,,,,Endorsed for CNTY TREASURER (Democrat) [V6: generic note - no extracted text],0.9,,,,,pdf,,121300_20121106,
MI,Detroit Free Press,121300,2012,CNTY CLERK,,Oakland,MI,"BROWN, LISA",Democrat,1,,,,Endorsed for CNTY CLERK (Democrat) [V6: generic note - no extracted text],0.9,,,,,pdf,,121300_20121106,
MI,Detroit Free Press,121300,2012,CNTY COMM,11,Oakland,MI,"SCHILLING, LOUISE",Democrat,1,,,,Endorsed for CNTY COMM District 1 (Democrat) [V6: generic note - no extracted text] | V9c: Oakland CntyComm dist 1->11,0.85,OCR shows 'Distict 1',,,,pdf,,121300_20121106,
MI,Detroit Free Press,121300,2012,CNTY COMM,14,Oakland,MI,"STEARN, TODD",Democrat,1,,,,Endorsed for CNTY COMM District 4 (Democrat) [V6: generic note - no extracted text] | V9c: Oakland CntyComm dist 4->14,0.9,,,,,pdf,,121300_20121106,
MI,Detroit Free Press,121300,2012,CNTY COMM,16,Oakland,MI,"BURNS, TIM",Democrat,1,,,,Endorsed for CNTY COMM District 16 (Democrat) [V6: generic note - no extracted text],0.9,,,,,pdf,,121300_20121106,
MI,Detroit Free Press,121300,2014,GOVERNOR,,Michigan Governor,MI,"SNYDER, RICK",Republican,1,,1,,Endorsed for GOVERNOR (Republican) [V6: generic note - no extracted text],0.9,,,,,pdf,,121300_20141104_v2,
MI,Detroit Free Press,121300,2014,ATTORNEY GENERAL,,Michigan Attorney General,MI,"TOTTEN, MARK",Democrat,1,,,,Endorsed for ATTORNEY GENERAL (Democrat) [V6: generic note - no extracted text],0.9,,,,,pdf,,121300_20141104_v2,
MI,Detroit Free Press,121300,2014,SEC OF STATE,,Michigan Secretary of State,MI,"JOHNSON, RUTH",Republican,1,,,,Endorsed for SEC OF STATE (Republican) [V6: generic note - no extracted text],0.9,,,,,pdf,,121300_20141104_v2,
MI,Detroit Free Press,121300,2014,SENATOR,,United States Senate from Michigan,MI,"PETERS, GARY",Democrat,1,,,,Endorsed for SENATOR (Democrat) [V6: generic note - no extracted text],0.9,,,,,pdf,,121300_20141104_v2,
MI,Detroit Free Press,121300,2014,H,1,U.S. House Michigan District 1,MI,"CANNON, JERRY",Democrat,1,,,,Endorsed for H District 1 (Democrat) [V6: generic note - no extracted text],0.9,,,,,pdf,,121300_20141104_v2,
MI,Detroit Free Press,121300,2014,H,7,U.S. House Michigan District 7,MI,"BYRNES, PAM",Democrat,1,,,,Endorsed for H District 7 (Democrat) [V6: generic note - no extracted text],0.9,,,,,pdf,,121300_20141104_v2,
MI,Detroit Free Press,121300,2014,H,11,U.S. House Michigan District 11,MI,"MCKENZIE, BOBBY",Democrat,1,,,,Endorsed for H District 11 (Democrat) [V6: generic note - no extracted text],0.9,,,,,pdf,,121300_20141104_v2,
MI,Detroit Free Press,121300,2014,SUPREME COURT,,Michigan Supreme Court,MI,"ZAHRA, BRIAN",Republican,1,,1,,Endorsed for SUPREME COURT (Republican) [V6: generic note - no extracted text],0.92,OCR notes (R),,,,pdf,,121300_20141104_v2,
MI,Detroit Free Press,121300,2014,SUPREME COURT,,Michigan Supreme Court,MI,"VIVIANO, DAVID",Republican,1,,,,Endorsed for SUPREME COURT (Republican) [V6: generic note - no extracted text],0.9,,,,,pdf,,121300_20141104_v2,
MI,Detroit Free Press,121300,2014,SUPREME COURT,,Michigan Supreme Court,MI,"MURPHY, BILL",Democrat,1,,,,Endorsed for SUPREME COURT (Democrat) [V6: generic note - no extracted text],0.9,,,,,pdf,,121300_20141104_v2,
MI,Detroit Free Press,121300,2014,STATE BOARD OF ED,,State Board of Education (MI),MI,"ULBRICH, CASANDRA",Democrat,1,,,,Endorsed for STATE BOARD OF ED (Democrat) [V6: generic note - no extracted text],0.9,,,,,pdf,,121300_20141104_v2,
MI,Detroit Free Press,121300,2014,STATE BOARD OF ED,,State Board of Education (MI),MI,"PUGH, PAMELA SMITH",Democrat,1,,,,Endorsed for STATE BOARD OF ED (Democrat) [V6: generic note - no extracted text],0.9,,,,,pdf,,121300_20141104_v2,
MI,Detroit Free Press,121300,2014,REGENT,,University of Michigan Board of Regents,MI,"WEISER, RON",Republican,1,,,,Endorsed for REGENT (Republican) [V6: generic note - no extracted text],0.9,,,,,pdf,,121300_20141104_v2,
MI,Detroit Free Press,121300,2014,REGENT,,University of Michigan Board of Regents,MI,"WHITE, KATHY",Democrat,1,1,,,Endorsed for REGENT (Democrat) [V6: generic note - no extracted text],0.9,,,,,pdf,,121300_20141104_v2,
MI,Detroit Free Press,121300,2014,TRUSTEE,,Michigan State University Board of Trustees,MI,"FOSTER, MELANIE",Republican,1,,1,,MSU,0.9,,,,,pdf,,121300_20141104_v2,
MI,Detroit Free Press,121300,2014,TRUSTEE,,Michigan State University Board of Trustees,MI,"SAKWA, JEFF",Republican,1,,,,MSU,0.9,,,,,pdf,,121300_20141104_v2,
MI,Detroit Free Press,121300,2014,TRUSTEE,,Wayne State University Board of Governors,MI,"KELLY, MARILYN",Democrat,1,,,,Endorsed for TRUSTEE (Democrat) [V6: generic note - no extracted text],0.9,,,,,pdf,,121300_20141104_v2,
MI,Detroit Free Press,121300,2014,TRUSTEE,,Wayne State University Board of Governors,MI,"THOMPSON, DANA ALICIA",Democrat,1,,,,Endorsed for TRUSTEE (Democrat) [V6: generic note - no extracted text],0.9,,,,,pdf,,121300_20141104_v2,
MI,Detroit Free Press,121300,2014,CNTY EXEC,,Wayne County Executive,MI,"EVANS, WARREN",Democrat,1,,,,Endorsed for MAYOR (Democrat) [V6: generic note - no extracted text] | V9c fix: was miscoded MAYOR; dname already = County Executive (image-confirmed),0.9,,,,,pdf,,121300_20141104_v2,
MI,Detroit Free Press,121300,2014,CNTY EXEC,,Macomb County Executive,MI,"HACKEL, MARK",Democrat,1,,,,Endorsed for MAYOR (Democrat) [V6: generic note - no extracted text] | V9c fix: was miscoded MAYOR; dname already = County Executive (image-confirmed),0.9,,,,,pdf,,121300_20141104_v2,
MI,Detroit Free Press,121300,2014,STATE REP,21,Michigan House District 21,MI,"PAGAN, KRISTY",Democrat,1,,,,Endorsed for STATE REP District 21 (Democrat) [V6: generic note - no extracted text],0.9,,,,,pdf,,121300_20141104_v2,
MI,Detroit Free Press,121300,2014,STATE REP,23,Michigan House District 23,MI,"HAENER, DAVID",Democrat,1,,,,Endorsed for STATE REP District 23 (Democrat) [V6: generic note - no extracted text],0.9,,,,,pdf,,121300_20141104_v2,
MI,Detroit Free Press,121300,2014,STATE REP,37,Michigan House District 37,MI,"GREIG, CHRISTINE",Democrat,1,,,,Endorsed for STATE REP District 37 (Democrat) [V6: generic note - no extracted text],0.9,,,,,pdf,,121300_20141104_v2,
MI,Detroit Free Press,121300,2014,STATE REP,39,Michigan House District 39,MI,"COLVIN, SANDRA",Democrat,1,,,,Endorsed for STATE REP District 39 (Democrat) [V6: generic note - no extracted text],0.9,,,,,pdf,,121300_20141104_v2,
MI,Detroit Free Press,121300,2014,STATE REP,41,Michigan House District 41,MI,"KERWIN, MARY",Democrat,1,1,,,Endorsed for STATE REP District 41 (Democrat) [V6: generic note - no extracted text],0.9,,,,,pdf,,121300_20141104_v2,
MI,Detroit Free Press,121300,2014,STATE REP,43,Michigan House District 43,MI,"RITTER, DENNIS",Democrat,1,,,,Endorsed for STATE REP District 43 (Democrat) [V6: generic note - no extracted text],0.9,,,,,pdf,,121300_20141104_v2,
MI,Detroit Free Press,121300,2014,STATE REP,25,Michigan House District 25,MI,"YANEZ, HENRY",Democrat,1,,,,Endorsed for STATE REP District 25 (Democrat) [V6: generic note - no extracted text],0.9,,,,,pdf,,121300_20141104_v2,
MI,Detroit Free Press,121300,2014,STATE REP,30,Michigan House District 30,MI,"KARPINSKY, BO",Democrat,1,,,,Endorsed for STATE REP District 30 (Democrat) [V6: generic note - no extracted text],0.9,,,,,pdf,,121300_20141104_v2,
MI,Detroit Free Press,121300,2014,STATE SENATOR,7,Michigan Senate District 7,MI,"SLAVENS, DIAN",Democrat,1,,,,Endorsed for STATE SENATOR District 7 (Democrat) [V6: generic note - no extracted text],0.9,,,,,pdf,,121300_20141104_v2,
MI,Detroit Free Press,121300,2014,STATE SENATOR,13,Michigan Senate District 13,MI,"PELTONEN, CYNDI",Democrat,1,,,,Endorsed for STATE SENATOR District 13 (Democrat) [V6: generic note - no extracted text],0.9,,,,,pdf,,121300_20141104_v2,
MI,Detroit Free Press,121300,2014,STATE SENATOR,14,Michigan Senate District 14,MI,"WALTON, BOBBIE",Democrat,1,,,,Endorsed for STATE SENATOR District 14 (Democrat) [V6: generic note - no extracted text],0.9,,,,,pdf,,121300_20141104_v2,
MI,Detroit Free Press,121300,2014,STATE SENATOR,25,Michigan Senate District 25,MI,"PAVLOV, PHIL",Republican,1,,,,Endorsed for STATE SENATOR District 25 (Republican) [V6: generic note - no extracted text],0.9,,,,,pdf,,121300_20141104_v2,
MI,Detroit Free Press,121300,2014,JUDGE,,Macomb Circuit,MI,"MACERONI, JAMES",Nonpartisan,1,,,,Endorsed for JUDGE [V6: generic note - no extracted text],0.9,,,,,pdf,,121300_20141104_v2,
MI,Detroit Free Press,121300,2014,JUDGE,,Macomb 37th District,MI,"AUSILIO, DEAN",Nonpartisan,1,,,,Endorsed for JUDGE [V6: generic note - no extracted text],0.9,,,,,pdf,,121300_20141104_v2,
MI,Detroit Free Press,121300,2014,JUDGE,,Oakland Circuit,MI,"LANGTON, LISA",Nonpartisan,1,,,,Endorsed for JUDGE [V6: generic note - no extracted text],0.9,,,,,pdf,,121300_20141104_v2,
MI,Detroit Free Press,121300,2014,JUDGE,,Oakland 45A District,MI,"WITTENBERG, JAMIE",Nonpartisan,1,,,,Endorsed for JUDGE [V6: generic note - no extracted text],0.9,,,,,pdf,,121300_20141104_v2,
MI,Detroit Free Press,121300,2014,JUDGE,,Oakland 52-1 District,MI,"REEDS, TRAVIS",Nonpartisan,1,,,,Endorsed for JUDGE [V6: generic note - no extracted text],0.85,OCR garbled district label,,,,pdf,,121300_20141104_v2,
MI,Detroit Free Press,121300,2014,JUDGE,,Oakland 52-4 District,MI,"MCGINNIS, MAUREEN",Nonpartisan,1,,,,Endorsed for JUDGE [V6: generic note - no extracted text],0.9,,,,,pdf,,121300_20141104_v2,
MI,Detroit Free Press,121300,2014,JUDGE,,Wayne 19th District,MI,"GUERRIERO, TONY",Nonpartisan,1,,,,Endorsed for JUDGE [V6: generic note - no extracted text],0.9,,,,,pdf,,121300_20141104_v2,
MI,Detroit Free Press,121300,2014,JUDGE,,Wayne 23rd District,MI,"WATERMAN, WARREN",Nonpartisan,1,,,,Endorsed for JUDGE [V6: generic note - no extracted text],0.9,,,,,pdf,,121300_20141104_v2,
MI,Detroit Free Press,121300,2014,JUDGE,,Wayne 25th District,MI,"CLIFTON, GREGORY",Nonpartisan,1,,,,Endorsed for JUDGE [V6: generic note - no extracted text],0.9,,,,,pdf,,121300_20141104_v2,
MI,Detroit Free Press,121300,2014,JUDGE,,Wayne 28th District,MI,"GRAZIANI, JOHN",Nonpartisan,1,,,,Endorsed for JUDGE [V6: generic note - no extracted text],0.9,,,,,pdf,,121300_20141104_v2,
MI,Detroit Free Press,121300,2014,JUDGE,,Wayne 32A District,MI,"DUNN, SUSAN",Nonpartisan,1,,,,Endorsed for JUDGE [V6: generic note - no extracted text],0.9,,,,,pdf,,121300_20141104_v2,
MI,Detroit Free Press,121300,2014,JUDGE,,Wayne 34th District,MI,"PARROTT, DAVID",Nonpartisan,1,,,,Endorsed for JUDGE [V6: generic note - no extracted text],0.9,,,,,pdf,,121300_20141104_v2,
MI,Detroit Free Press,121300,2016,PRESIDENT,,United States,MI,"CLINTON, HILLARY",Democrat,1,,,,Endorsed for PRESIDENT (Democrat) [V6: generic note - no extracted text],0.9,,,,,pdf,,121300_20161108,
MI,Detroit Free Press,121300,2016,H,1,U.S. House Michigan District 1,MI,"JOHNSON, LON",Democrat,1,,,,Endorsed for H District 1 (Democrat) [V6: generic note - no extracted text],0.9,,,,,pdf,,121300_20161108,
MI,Detroit Free Press,121300,2016,H,7,U.S. House Michigan District 7,MI,"DRISKELL, GRETCHEN",Democrat,1,,,,Endorsed for H District 7 (Democrat) [V6: generic note - no extracted text],0.9,,,,,pdf,,121300_20161108,
MI,Detroit Free Press,121300,2016,STATE REP,24,Michigan House District 24,MI,"CAMPHOUS-PETERSON, DANA",Democrat,1,,,,Endorsed for STATE REP District 24 (Democrat) [V6: generic note - no extracted text],0.9,,,,,pdf,,121300_20161108,
MI,Detroit Free Press,121300,2016,STATE REP,30,Michigan House District 30,MI,"NOTTE, MICHAEL",Democrat,1,,,,Endorsed for STATE REP District 30 (Democrat) [V6: generic note - no extracted text],0.9,,,,,pdf,,121300_20161108,
MI,Detroit Free Press,121300,2016,STATE REP,32,Michigan House District 32,MI,"MANLEY, PAUL",Democrat,1,,,,Endorsed for STATE REP District 32 (Democrat) [V6: generic note - no extracted text],0.9,,,,,pdf,,121300_20161108,
MI,Detroit Free Press,121300,2016,STATE REP,39,Michigan House District 39,MI,"STACK, MICHAEL",Democrat,1,,,,Endorsed for STATE REP District 39 (Democrat) [V6: generic note - no extracted text],0.9,,,,,pdf,,121300_20161108,
MI,Detroit Free Press,121300,2016,STATE REP,41,Michigan House District 41,MI,"PELTONEN, CYNDI",Democrat,1,,,,Endorsed for STATE REP District 41 (Democrat) [V6: generic note - no extracted text],0.9,,,,,pdf,,121300_20161108,
MI,Detroit Free Press,121300,2016,STATE REP,51,Michigan House District 51,MI,"BLADZIK, RYAN",Democrat,1,,,,Endorsed for STATE REP District 51 (Democrat) [V6: generic note - no extracted text],0.9,,,,,pdf,,121300_20161108,
MI,Detroit Free Press,121300,2016,STATE REP,20,Michigan House District 20,MI,"POBUR, COLLEEN",Democrat,1,,,,Endorsed for STATE REP District 20 (Democrat) [V6: generic note - no extracted text],0.9,,,,,pdf,,121300_20161108,
MI,Detroit Free Press,121300,2016,STATE REP,21,Michigan House District 21,MI,"PAGAN, KRISTY",Democrat,1,1,,,Endorsed for STATE REP District 21 (Democrat) [V6: generic note - no extracted text],0.9,,,,,pdf,,121300_20161108,
MI,Detroit Free Press,121300,2016,STATE REP,23,Michigan House District 23,MI,"CAMILLERI, DARRIN",Democrat,1,,,,Endorsed for STATE REP District 23 (Democrat) [V6: generic note - no extracted text],0.9,,,,,pdf,,121300_20161108,
MI,Detroit Free Press,121300,2016,STATE BOARD OF ED,,State Board of Education (MI),MI,"AUSTIN, JOHN",Nonpartisan,1,,,1,Endorsed for STATE BOARD OF ED [V6: generic note - no extracted text],0.9,,,,,pdf,,121300_20161108,
MI,Detroit Free Press,121300,2016,STATE BOARD OF ED,,State Board of Education (MI),MI,"AHMED, ISH",Nonpartisan,1,,,,Endorsed for STATE BOARD OF ED [V6: generic note - no extracted text],0.9,,,,,pdf,,121300_20161108,
MI,Detroit Free Press,121300,2016,TRUSTEE,,Michigan State University Board of Trustees,MI,"BYRUM, DIANNE",Nonpartisan,1,,,,MSU,0.9,,,,,pdf,,121300_20161108,
MI,Detroit Free Press,121300,2016,TRUSTEE,,Michigan State University Board of Trustees,MI,"KELLY, DAN",Nonpartisan,1,,,,MSU,0.9,,,,,pdf,,121300_20161108,
MI,Detroit Free Press,121300,2016,REGENT,,University of Michigan Board of Regents,MI,"DEITCH, LARRY",Nonpartisan,1,,,,Endorsed for REGENT [V6: generic note - no extracted text],0.9,,,,,pdf,,121300_20161108,
MI,Detroit Free Press,121300,2016,REGENT,,University of Michigan Board of Regents,MI,"MEYERS, CARL",Nonpartisan,1,,,,Endorsed for REGENT [V6: generic note - no extracted text],0.9,,,,,pdf,,121300_20161108,
MI,Detroit Free Press,121300,2016,TRUSTEE,,Wayne State University Board of Governors,MI,"GAFFNEY, MARK",Nonpartisan,1,,,,Endorsed for TRUSTEE [V6: generic note - no extracted text],0.9,,,,,pdf,,121300_20161108,
MI,Detroit Free Press,121300,2016,TRUSTEE,,Wayne State University Board of Governors,MI,"MCELROY ANDERSON, YVETTE",Nonpartisan,1,,,,Endorsed for TRUSTEE [V6: generic note - no extracted text],0.9,,,,,pdf,,121300_20161108,
MI,Detroit Free Press,121300,2016,CNTY EXEC,,Oakland County Executive,MI,"BARNETT, VICKI",Democrat,1,,,,Endorsed for MAYOR (Democrat) [V6: generic note - no extracted text] | V9c fix: was miscoded MAYOR; dname already = County Executive (image-confirmed),0.9,,,,,pdf,,121300_20161108,
MI,Detroit Free Press,121300,2016,CNTY TREASURER,,Oakland,MI,"MEISNER, ANDY",Democrat,1,1,,,Endorsed for CNTY TREASURER (Democrat) [V6: generic note - no extracted text],0.9,,,,,pdf,,121300_20161108,
MI,Detroit Free Press,121300,2016,DA/PROSECUTOR,,Oakland,MI,"COOPER, JESSICA",Democrat,1,1,,,Endorsed for DA/PROSECUTOR (Democrat) [V6: generic note - no extracted text],0.9,,,,,pdf,,121300_20161108,
MI,Detroit Free Press,121300,2016,CNTY CLERK,,Oakland,MI,"BROWN, LISA",Democrat,1,1,,,Endorsed for CNTY CLERK (Democrat) [V6: generic note - no extracted text],0.9,,,,,pdf,,121300_20161108,
MI,Detroit Free Press,121300,2016,CNTY COMM,,Oakland County Water Resources Commissioner,MI,"NASH, JIM",Democrat,1,,,,Endorsed for JUDGE (Democrat) [V6: generic note - no extracted text] | V9c: recode JUDGE->county office (Water Resources Comm) per image,0.9,,,,,pdf,,121300_20161108,
MI,Detroit Free Press,121300,2016,CNTY COMM,,Macomb County Public Works Commissioner,MI,"MILLER, CANDICE",Republican,1,,,,Endorsed for JUDGE (Republican) [V6: generic note - no extracted text] | V9c: recode JUDGE->county office (Public Works Comm) per image,0.9,,,,,pdf,,121300_20161108,
MI,Detroit Free Press,121300,2016,CITY COUNCIL,,Detroit City Council,MI,"AYERS, JANEE",Democrat,1,,,,Endorsed for MAYOR (Democrat) [V6: generic note - no extracted text] | V9c fix: was miscoded MAYOR; image shows Detroit City Council,0.9,,,,,pdf,,121300_20161108,
MI,Detroit Free Press,121300,2016,SCHOOL BOARD,,DPSCD,MI,"ANDREWS, LESLIE",Nonpartisan,1,,,,Endorsed for SCHOOL BOARD [V6: generic note - no extracted text],0.9,,,,,pdf,,121300_20161108,
MI,Detroit Free Press,121300,2016,SCHOOL BOARD,,DPSCD,MI,"BAILER, PENNY",Nonpartisan,1,,,,Endorsed for SCHOOL BOARD [V6: generic note - no extracted text],0.9,,,,,pdf,,121300_20161108,
MI,Detroit Free Press,121300,2016,SCHOOL BOARD,,DPSCD,MI,"CALDWELL, PHILLIP II",Nonpartisan,1,,,,Endorsed for SCHOOL BOARD [V6: generic note - no extracted text],0.9,,,,,pdf,,121300_20161108,
MI,Detroit Free Press,121300,2016,SCHOOL BOARD,,DPSCD,MI,"MACK, RYAN CHARLES",Nonpartisan,1,,,,Endorsed for SCHOOL BOARD [V6: generic note - no extracted text],0.9,,,,,pdf,,121300_20161108,
MI,Detroit Free Press,121300,2016,SCHOOL BOARD,,DPSCD,MI,"PETERSON-MAYBERRY, NICOLE ANGELIQUE",Nonpartisan,1,,,,Endorsed for SCHOOL BOARD [V6: generic note - no extracted text],0.9,,,,,pdf,,121300_20161108,
MI,Detroit Free Press,121300,2016,SCHOOL BOARD,,DPSCD,MI,"STALLWORTH, MISHA",Nonpartisan,1,,,,Endorsed for SCHOOL BOARD [V6: generic note - no extracted text],0.9,,,,,pdf,,121300_20161108,
MI,Detroit Free Press,121300,2016,SCHOOL BOARD,,DPSCD,MI,"TURMAN, KEVIN",Nonpartisan,1,,,,Endorsed for SCHOOL BOARD [V6: generic note - no extracted text],0.9,,,,,pdf,,121300_20161108,
MI,Detroit Free Press,121300,2016,SUPREME COURT,,Michigan Supreme Court,MI,"VIVIANO, DAVID",Nonpartisan,1,,,1,Endorsed for SUPREME COURT [V6: generic note - no extracted text],0.9,,,,,pdf,,121300_20161108,
MI,Detroit Free Press,121300,2016,SUPREME COURT,,Michigan Supreme Court,MI,"LARSEN, JOAN",Nonpartisan,1,,,,Endorsed for SUPREME COURT [V6: generic note - no extracted text],0.9,,,,,pdf,,121300_20161108,
MI,Detroit Free Press,121300,2016,JUDGE,,Macomb Circuit,MI,"SERVITTO, MICHAEL",Nonpartisan,1,,,,Endorsed for JUDGE [V6: generic note - no extracted text],0.9,,,,,pdf,,121300_20161108,
MI,Detroit Free Press,121300,2016,JUDGE,,Macomb Circuit,MI,"RANCILIO, RACHEL",Nonpartisan,1,,,,Endorsed for JUDGE [V6: generic note - no extracted text],0.9,,,,,pdf,,121300_20161108,
MI,Detroit Free Press,121300,2016,JUDGE,,Oakland Circuit,MI,"SAVIN, LORIE",Nonpartisan,1,,,,Endorsed for JUDGE [V6: generic note - no extracted text],0.9,,,,,pdf,,121300_20161108,
MI,Detroit Free Press,121300,2016,JUDGE,,Oakland Probate,MI,"CALLAGHAN, JENNIFER",Nonpartisan,1,,,,Endorsed for JUDGE [V6: generic note - no extracted text],0.9,,,,,pdf,,121300_20161108,
MI,Detroit Free Press,121300,2016,JUDGE,46,46th District Court,MI,"ARVANT, CYNTHIA",Nonpartisan,1,,,,Endorsed for JUDGE [V6: generic note - no extracted text] | V9c: judge dist ->46,0.85,OCR shows 'Aéth' or 6th District,,,,pdf,,121300_20161108,
MI,Detroit Free Press,121300,2016,JUDGE,51,51st District Court,MI,"MARA, MARY",Nonpartisan,1,,,,Endorsed for JUDGE [V6: generic note - no extracted text] | V9c: judge dist ->51,0.9,,,,,pdf,,121300_20161108,
MI,Detroit Free Press,121300,2016,JUDGE,52,52nd District Court,MI,"LAW, DAVID",Nonpartisan,1,,,,Endorsed for JUDGE [V6: generic note - no extracted text] | V9c: judge dist ->52,0.9,,,,,pdf,,121300_20161108,
MI,Detroit Free Press,121300,2016,JUDGE,,Wayne Circuit,MI,"EVANS, MATTHEW",Nonpartisan,1,,,,Endorsed for JUDGE [V6: generic note - no extracted text],0.9,,,,,pdf,,121300_20161108,
MI,Detroit Free Press,121300,2016,JUDGE,,Wayne Circuit,MI,"MORROW, BRIAN L.",Nonpartisan,1,,,,Endorsed for JUDGE [V6: generic note - no extracted text],0.9,,,,,pdf,,121300_20161108,
MI,Detroit Free Press,121300,2016,JUDGE,,Wayne Circuit,MI,"RAMSEY, KELLY ANN",Nonpartisan,1,,,,Endorsed for JUDGE [V6: generic note - no extracted text],0.9,,,,,pdf,,121300_20161108,
MI,Detroit Free Press,121300,2016,JUDGE,,Wayne Circuit,MI,"THOMAS, REGINA",Nonpartisan,1,,,,Endorsed for JUDGE [V6: generic note - no extracted text],0.9,,,,,pdf,,121300_20161108,
MI,Detroit Free Press,121300,2016,JUDGE,,Wayne Probate,MI,"NEILSON, LISA MARIE",Nonpartisan,1,,,,Endorsed for JUDGE [V6: generic note - no extracted text],0.9,,,,,pdf,,121300_20161108,
MI,Detroit Free Press,121300,2016,JUDGE,,Wayne Probate,MI,"PAOLUCCI, LAWRENCE",Nonpartisan,1,,,,Endorsed for JUDGE [V6: generic note - no extracted text],0.9,,,,,pdf,,121300_20161108,
MI,Detroit Free Press,121300,2016,JUDGE,19,19th District Court,MI,"HUNT, GENE",Nonpartisan,1,,,,Endorsed for JUDGE [V6: generic note - no extracted text] | V9c: judge dist ->19,0.9,,,,,pdf,,121300_20161108,
MI,Detroit Free Press,121300,2016,JUDGE,,Wayne 36th District,MI,"STANFORD JONES, KENYETTA",Nonpartisan,1,,,,Endorsed for JUDGE [V6: generic note - no extracted text],0.9,,,,,pdf,,121300_20161108,
MI,Detroit Free Press,121300,2016,JUDGE,,Wayne 36th District,MI,"BOWERS, RICHARD",Nonpartisan,1,,,,Endorsed for JUDGE [V6: generic note - no extracted text],0.9,,,,,pdf,,121300_20161108,
MI,Detroit Free Press,121300,2016,JUDGE,,Wayne 36th District,MI,"HINNANT-JOHNSON, ADRIENNE",Nonpartisan,1,,,,Endorsed for JUDGE [V6: generic note - no extracted text],0.9,,,,,pdf,,121300_20161108,
MI,Detroit Free Press,121300,2018,GOVERNOR,,Michigan Governor,MI,"WHITMER, GRETCHEN",Democrat,1,,,,Endorsed for GOVERNOR (Democrat) [V6: generic note - no extracted text],0.9,,,,,pdf,,121300_20181106_v2,
MI,Detroit Free Press,121300,2018,SEC OF STATE,,Michigan Secretary of State,MI,"BENSON, JOCELYN",Democrat,1,,,,Endorsed for SEC OF STATE (Democrat) [V6: generic note - no extracted text],0.9,,,,,pdf,,121300_20181106_v2,
MI,Detroit Free Press,121300,2018,ATTORNEY GENERAL,,Michigan Attorney General,MI,"NESSEL, DANA",Democrat,1,,,,Endorsed for ATTORNEY GENERAL (Democrat) [V6: generic note - no extracted text],0.9,,,,,pdf,,121300_20181106_v2,
MI,Detroit Free Press,121300,2018,SUPREME COURT,,Michigan Supreme Court,MI,"BAGENSTOS, SAM",Nonpartisan,1,,,,Endorsed for SUPREME COURT [V6: generic note - no extracted text],0.9,,,,,pdf,,121300_20181106_v2,
MI,Detroit Free Press,121300,2018,SUPREME COURT,,Michigan Supreme Court,MI,"CLEMENT, ELIZABETH",Nonpartisan,1,,,,Endorsed for SUPREME COURT [V6: generic note - no extracted text],0.9,,,,,pdf,,121300_20181106_v2,
MI,Detroit Free Press,121300,2018,SENATOR,,United States Senate from Michigan,MI,"STABENOW, DEBBIE",Democrat,1,,,,Endorsed for SENATOR (Democrat) [V6: generic note - no extracted text],0.9,,,,,pdf,,121300_20181106_v2,
MI,Detroit Free Press,121300,2018,H,8,U.S. House Michigan District 8,MI,"SLOTKIN, ELISSA",Democrat,1,,,,Endorsed for H District 8 (Democrat) [V6: generic note - no extracted text],0.9,,,,,pdf,,121300_20181106_v2,
MI,Detroit Free Press,121300,2018,H,9,U.S. House Michigan District 9,MI,"LEVIN, ANDY",Democrat,1,,,,Endorsed for H District 9 (Democrat) [V6: generic note - no extracted text],0.9,,,,,pdf,,121300_20181106_v2,
MI,Detroit Free Press,121300,2018,H,11,U.S. House Michigan District 11,MI,"STEVENS, HALEY",Democrat,1,,,,Endorsed for H District 11 (Democrat) [V6: generic note - no extracted text],0.9,,,,,pdf,,121300_20181106_v2,
MI,Detroit Free Press,121300,2018,H,12,U.S. House Michigan District 12,MI,"DINGELL, DEBBIE",Democrat,1,,,,Endorsed for H District 12 (Democrat) [V6: generic note - no extracted text],0.9,,,,,pdf,,121300_20181106_v2,
MI,Detroit Free Press,121300,2018,H,13,U.S. House Michigan District 13,MI,"TLAIB, RASHIDA",Democrat,1,,,,Endorsed for H District 13 (Democrat) [V6: generic note - no extracted text],0.9,,,,,pdf,,121300_20181106_v2,
MI,Detroit Free Press,121300,2018,H,14,U.S. House Michigan District 14,MI,"LAWRENCE, BRENDA",Democrat,1,,,,Endorsed for H District 14 (Democrat) [V6: generic note - no extracted text],0.9,,,,,pdf,,121300_20181106_v2,
MI,Detroit Free Press,121300,2018,STATE SENATOR,7,Michigan Senate District 7,MI,"POLEHANKI, DAYNA",Democrat,1,,,,Endorsed for STATE SENATOR District 7 (Democrat) [V6: generic note - no extracted text],0.9,,,,,pdf,,121300_20181106_v2,
MI,Detroit Free Press,121300,2018,STATE SENATOR,12,Michigan Senate District 12,MI,"BAYER, ROSEMARY K.",Democrat,1,,,,Endorsed for STATE SENATOR District 12 (Democrat) [V6: generic note - no extracted text],0.9,,,,,pdf,,121300_20181106_v2,
MI,Detroit Free Press,121300,2018,STATE SENATOR,13,Michigan Senate District 13,MI,"MCMORROW, MALLORY",Democrat,1,,,,Endorsed for STATE SENATOR District 13 (Democrat) [V6: generic note - no extracted text],0.9,,,,,pdf,,121300_20181106_v2,
MI,Detroit Free Press,121300,2018,STATE SENATOR,15,Michigan Senate District 15,MI,"PULVER, JULIA",Democrat,1,,,,Endorsed for STATE SENATOR District 15 (Democrat) [V6: generic note - no extracted text],0.9,,,,,pdf,,121300_20181106_v2,
MI,Detroit Free Press,121300,2018,STATE SENATOR,10,Michigan Senate District 10,MI,"YANEZ, HENRY",Democrat,1,,,,Endorsed for STATE SENATOR District 10 (Democrat) [V6: generic note - no extracted text],0.9,,,,,pdf,,121300_20181106_v2,
MI,Detroit Free Press,121300,2018,STATE REP,17,Michigan House District 17,MI,"LAVOY, MICHELLE",Democrat,1,,,,Endorsed for STATE REP District 17 (Democrat) [V6: generic note - no extracted text],0.9,,,,,pdf,,121300_20181106_v2,
MI,Detroit Free Press,121300,2018,STATE REP,19,Michigan House District 19,MI,"POHUTSKY, LAURIE",Democrat,1,,,,Endorsed for STATE REP District 19 (Democrat) [V6: generic note - no extracted text],0.9,,,,,pdf,,121300_20181106_v2,
MI,Detroit Free Press,121300,2018,STATE REP,20,Michigan House District 20,MI,"KOLESZAR, MATT",Democrat,1,,,,Endorsed for STATE REP District 20 (Democrat) [V6: generic note - no extracted text],0.9,,,,,pdf,,121300_20181106_v2,
MI,Detroit Free Press,121300,2018,STATE REP,38,Michigan House District 38,MI,"BREEN, KELLY",Democrat,1,,,,Endorsed for STATE REP District 38 (Democrat) [V6: generic note - no extracted text],0.9,,,,,pdf,,121300_20181106_v2,
MI,Detroit Free Press,121300,2018,STATE REP,40,Michigan House District 40,MI,"MANOOGIAN, MARI",Democrat,1,,,,Endorsed for STATE REP District 40 (Democrat) [V6: generic note - no extracted text],0.9,,,,,pdf,,121300_20181106_v2,
MI,Detroit Free Press,121300,2018,STATE REP,41,Michigan House District 41,MI,"KUPA, PADMA",Democrat,1,,,,Endorsed for STATE REP District 41 (Democrat) [V6: generic note - no extracted text],0.9,,,,,pdf,,121300_20181106_v2,
MI,Detroit Free Press,121300,2020,PRESIDENT,,United States,MI,"BIDEN, JOE",Democrat,1,,,,Endorsed for PRESIDENT (Democrat) [V6: generic note - no extracted text],0.9,,,,,pdf,,121300_20201101,
MI,Detroit Free Press,121300,2020,SENATOR,,United States Senate from Michigan,MI,"PETERS, GARY",Democrat,1,,,,Endorsed for SENATOR (Democrat) [V6: generic note - no extracted text],0.9,,,,,pdf,,121300_20201101,
MI,Detroit Free Press,121300,2020,H,8,U.S. House Michigan District 8,MI,"SLOTKIN, ELISSA",Democrat,1,1,,,Endorsed for H District 8 (Democrat) [V6: generic note - no extracted text],0.9,,,,,pdf,,121300_20201101,
MI,Detroit Free Press,121300,2020,H,9,U.S. House Michigan District 9,MI,"LEVIN, ANDY",Democrat,1,1,,,Endorsed for H District 9 (Democrat) [V6: generic note - no extracted text],0.9,,,,,pdf,,121300_20201101,
MI,Detroit Free Press,121300,2020,H,11,U.S. House Michigan District 11,MI,"STEVENS, HALEY",Democrat,1,1,,,Endorsed for H District 11 (Democrat) [V6: generic note - no extracted text],0.9,,,,,pdf,,121300_20201101,
MI,Detroit Free Press,121300,2020,H,12,U.S. House Michigan District 12,MI,"DINGELL, DEBBIE",Democrat,1,1,,,Endorsed for H District 12 (Democrat) [V6: generic note - no extracted text],0.9,,,,,pdf,,121300_20201101,
MI,Detroit Free Press,121300,2020,H,13,U.S. House Michigan District 13,MI,"TLAIB, RASHIDA",Democrat,1,1,,,Endorsed for H District 13 (Democrat) [V6: generic note - no extracted text],0.9,,,,,pdf,,121300_20201101,
MI,Detroit Free Press,121300,2020,H,14,U.S. House Michigan District 14,MI,"LAWRENCE, BRENDA",Democrat,1,1,,,Endorsed for H District 14 (Democrat) [V6: generic note - no extracted text],0.9,,,,,pdf,,121300_20201101,
MI,Detroit Free Press,121300,2020,SUPREME COURT,,Michigan Supreme Court,MI,"MCCORMACK, BRIDGET MARY",Nonpartisan,1,,,1,Endorsed for SUPREME COURT [V6: generic note - no extracted text],0.9,,,,,pdf,,121300_20201101,
MI,Detroit Free Press,121300,2020,SUPREME COURT,,Michigan Supreme Court,MI,"WELCH, ELIZABETH",Nonpartisan,1,,,,Endorsed for SUPREME COURT [V6: generic note - no extracted text],0.9,,,,,pdf,,121300_20201101,
MI,Detroit Free Press,121300,2020,CNTY EXEC,,Oakland County Executive,MI,"COULTER, DAVE",Democrat,1,,,,Endorsed for MAYOR (Democrat) [V6: generic note - no extracted text] | V9c fix: was miscoded MAYOR; dname already = County Executive (image-confirmed),0.9,,,,,pdf,,121300_20201101,
MI,Detroit Free Press,121300,2020,DA/PROSECUTOR,,Oakland,MI,"MCDONALD, KAREN",Democrat,1,,,,Endorsed for DA/PROSECUTOR (Democrat) [V6: generic note - no extracted text],0.9,,,,,pdf,,121300_20201101,
MI,Detroit Free Press,121300,2020,DA/PROSECUTOR,,Macomb,MI,"CHRZANOWSKI, MARY",Democrat,1,,,,Endorsed for DA/PROSECUTOR (Democrat) [V6: generic note - no extracted text],0.9,,,,,pdf,,121300_20201101,
MI,Detroit Free Press,121300,2020,STATE BOARD OF ED,,State Board of Education (MI),MI,"LIPTON, ELLEN COGEN",Democrat,1,,,,Endorsed for STATE BOARD OF ED (Democrat) [V6: generic note - no extracted text],0.9,,,,,pdf,,121300_20201101,
MI,Detroit Free Press,121300,2020,STATE BOARD OF ED,,State Board of Education (MI),MI,"STRAYHORN, JASON",Democrat,1,,,,Endorsed for STATE BOARD OF ED (Democrat) [V6: generic note - no extracted text],0.9,,,,,pdf,,121300_20201101,
MI,Detroit Free Press,121300,2020,TRUSTEE,,Michigan State University Board of Trustees,MI,"MOSALLAM, BRIAN",Democrat,1,,,,MSU,0.9,,,,,pdf,,121300_20201101,
MI,Detroit Free Press,121300,2020,TRUSTEE,,Michigan State University Board of Trustees,MI,"VASSAR, REMA ELLA",Democrat,1,,,,MSU,0.9,,,,,pdf,,121300_20201101,
MI,Detroit Free Press,121300,2020,REGENT,,University of Michigan Board of Regents,MI,"BERNSTEIN, MARK",Democrat,1,1,,,Endorsed for REGENT (Democrat) [V6: generic note - no extracted text],0.9,,,,,pdf,,121300_20201101,
MI,Detroit Free Press,121300,2020,REGENT,,University of Michigan Board of Regents,MI,"DIGGS, SHAUNA RYDER",Democrat,1,1,,,Endorsed for REGENT (Democrat) [V6: generic note - no extracted text],0.9,,,,,pdf,,121300_20201101,
MI,Detroit Free Press,121300,2020,TRUSTEE,,Wayne State University Board of Governors,MI,"GARZA DAEWAELSCHE, EVA",Democrat,1,,,,Endorsed for TRUSTEE (Democrat) [V6: generic note - no extracted text],0.85,Long name,,,,pdf,,121300_20201101,
MI,Detroit Free Press,121300,2020,TRUSTEE,,Wayne State University Board of Governors,MI,"STANCATO, SHIRLEY",Democrat,1,,,,Endorsed for TRUSTEE (Democrat) [V6: generic note - no extracted text],0.9,,,,,pdf,,121300_20201101,
MI,Detroit Free Press,121300,2020,SCHOOL BOARD,,DPSCD,MI,"MAYS, SONYA",Nonpartisan,1,,,,Endorsed for SCHOOL BOARD [V6: generic note - no extracted text],0.9,,,,,pdf,,121300_20201101,
MI,Detroit Free Press,121300,2020,SCHOOL BOARD,,DPSCD,MI,"STALLWORTH, MISHA",Nonpartisan,1,,,1,Endorsed for SCHOOL BOARD [V6: generic note - no extracted text],0.9,,,,,pdf,,121300_20201101,
MI,Detroit Free Press,121300,2020,SCHOOL BOARD,,DPSCD,MI,"TAYLOR, IRIS",Nonpartisan,1,,,,Endorsed for SCHOOL BOARD [V6: generic note - no extracted text],0.9,,,,,pdf,,121300_20201101,
MI,Detroit Free Press,121300,2020,JUDGE,,Wayne Circuit,MI,"BAKER, CHANDRA",Nonpartisan,1,,,,Endorsed for JUDGE [V6: generic note - no extracted text],0.9,,,,,pdf,,121300_20201101,
MI,Detroit Free Press,121300,2020,JUDGE,,Wayne Circuit,MI,"KELLY, MARY BETH",Nonpartisan,1,,,,Endorsed for JUDGE [V6: generic note - no extracted text],0.9,,,,,pdf,,121300_20201101,
MI,Detroit Free Press,121300,2020,JUDGE,,Wayne 32A District,MI,"PALMER, DANIEL",Nonpartisan,1,,,,Endorsed for JUDGE [V6: generic note - no extracted text],0.9,,,,,pdf,,121300_20201101,
MI,Detroit Free Press,121300,2020,JUDGE,,Wayne 34th District,MI,"MARTIN, LISA",Nonpartisan,1,,,,Endorsed for JUDGE [V6: generic note - no extracted text],0.9,,,,,pdf,,121300_20201101,
MI,Detroit Free Press,121300,2020,JUDGE,,Oakland Circuit,MI,"SAVIN, LORIE",Nonpartisan,1,,,,Endorsed for JUDGE [V6: generic note - no extracted text],0.9,,,,,pdf,,121300_20201101,
MI,Detroit Free Press,121300,2020,JUDGE,,Oakland 43rd District,MI,"HARTWELL, BRIAN",Nonpartisan,1,,,,Endorsed for JUDGE [V6: generic note - no extracted text],0.9,,,,,pdf,,121300_20201101,
MI,Detroit Free Press,121300,2020,JUDGE,,Oakland 45th District,MI,"HOROWITZ, JAIMIE POWELL",Nonpartisan,1,,,,Endorsed for JUDGE [V6: generic note - no extracted text],0.9,,,,,pdf,,121300_20201101,
MI,Detroit Free Press,121300,2020,JUDGE,,Oakland 47th District,MI,"BRADY, JAMES",Nonpartisan,1,,,,Endorsed for JUDGE [V6: generic note - no extracted text],0.9,,,,,pdf,,121300_20201101,
MI,Detroit Free Press,121300,2020,JUDGE,,Macomb 38th District,MI,"GALEN, KATHLEEN",Nonpartisan,1,,,,Endorsed for JUDGE [V6: generic note - no extracted text],0.9,,,,,pdf,,121300_20201101,
MI,Detroit Free Press,121300,2020,STATE REP,1,Michigan House District 1,MI,"YANCEY, TENISHA",Democrat,1,,,,Endorsed for STATE REP District 1 (Democrat) [V6: generic note - no extracted text],0.9,,,,,pdf,,121300_20201101,
MI,Detroit Free Press,121300,2020,STATE REP,2,Michigan House District 2,MI,"TATE, JOE",Democrat,1,,,,Endorsed for STATE REP District 2 (Democrat) [V6: generic note - no extracted text],0.9,,,,,pdf,,121300_20201101,
MI,Detroit Free Press,121300,2020,STATE REP,3,Michigan House District 3,MI,"THANEDAR, SHRI",Democrat,1,,,,Endorsed for STATE REP District 3 (Democrat) [V6: generic note - no extracted text],0.9,,,,,pdf,,121300_20201101,
MI,Detroit Free Press,121300,2020,STATE REP,4,Michigan House District 4,MI,"AIYASH, ABRAHAM",Democrat,1,,,,"Endorsed for STATE REP District 4 (Democrat) [V6: generic note - no extracted text] | V9c name fix: ATYASH, ABRAHAM -> AIYASH, ABRAHAM (image)",0.9,,,,,pdf,,121300_20201101,
MI,Detroit Free Press,121300,2020,STATE REP,5,Michigan House District 5,MI,"JOHNSON, CYNTHIA A.",Democrat,1,,,,Endorsed for STATE REP District 5 (Democrat) [V6: generic note - no extracted text],0.9,,,,,pdf,,121300_20201101,
MI,Detroit Free Press,121300,2020,STATE REP,6,Michigan House District 6,MI,"CARTER, TYRONE",Democrat,1,,,,Endorsed for STATE REP District 6 (Democrat) [V6: generic note - no extracted text],0.9,,,,,pdf,,121300_20201101,
MI,Detroit Free Press,121300,2020,STATE REP,7,Michigan House District 7,MI,"SCOTT, HELENA",Democrat,1,,,,Endorsed for STATE REP District 7 (Democrat) [V6: generic note - no extracted text],0.9,,,,,pdf,,121300_20201101,
MI,Detroit Free Press,121300,2020,STATE REP,8,Michigan House District 8,MI,"YOUNG, STEPHANIE A.",Democrat,1,,,,Endorsed for STATE REP District 8 (Democrat) [V6: generic note - no extracted text],0.9,,,,,pdf,,121300_20201101,
MI,Detroit Free Press,121300,2020,STATE REP,9,Michigan House District 9,MI,"WHITSETT, KAREN",Democrat,1,,,,Endorsed for STATE REP District 9 (Democrat) [V6: generic note - no extracted text],0.9,,,,,pdf,,121300_20201101,
MI,Detroit Free Press,121300,2020,STATE REP,10,Michigan House District 10,MI,"CAVANAGH, MARY",Democrat,1,,,,Endorsed for STATE REP District 10 (Democrat) [V6: generic note - no extracted text],0.9,,,,,pdf,,121300_20201101,
MI,Detroit Free Press,121300,2020,STATE REP,11,Michigan House District 11,MI,"JONES, JEWELL",Democrat,1,,,,Endorsed for STATE REP District 11 (Democrat) [V6: generic note - no extracted text],0.9,,,,,pdf,,121300_20201101,
MI,Detroit Free Press,121300,2020,STATE REP,12,Michigan House District 12,MI,"GARZA, ALEX",Democrat,1,,,,Endorsed for STATE REP District 12 (Democrat) [V6: generic note - no extracted text],0.9,,,,,pdf,,121300_20201101,
MI,Detroit Free Press,121300,2020,STATE REP,13,Michigan House District 13,MI,"LIBERATI, TULLIO JR.",Democrat,1,,,,Endorsed for STATE REP District 13 (Democrat) [V6: generic note - no extracted text],0.9,,,,,pdf,,121300_20201101,
MI,Detroit Free Press,121300,2020,STATE REP,14,Michigan House District 14,MI,"CLEMENTE, CARA",Democrat,1,,,,Endorsed for STATE REP District 14 (Democrat) [V6: generic note - no extracted text],0.9,,,,,pdf,,121300_20201101,
MI,Detroit Free Press,121300,2020,STATE REP,15,Michigan House District 15,MI,"HAMMOUD, ABDULLAH",Democrat,1,,,,Endorsed for STATE REP District 15 (Democrat) [V6: generic note - no extracted text],0.9,,,,,pdf,,121300_20201101,
MI,Detroit Free Press,121300,2020,STATE REP,16,Michigan House District 16,MI,"COLEMAN, KEVIN",Democrat,1,,,,Endorsed for STATE REP District 16 (Democrat) [V6: generic note - no extracted text],0.9,,,,,pdf,,121300_20201101,
MI,Detroit Free Press,121300,2020,STATE REP,18,Michigan House District 18,MI,"HERTEL, KEVIN",Democrat,1,,,,Endorsed for STATE REP District 18 (Democrat) [V6: generic note - no extracted text],0.9,,,,,pdf,,121300_20201101,
MI,Detroit Free Press,121300,2020,STATE REP,19,Michigan House District 19,MI,"POHUTSKY, LAURIE",Democrat,1,1,,,Endorsed for STATE REP District 19 (Democrat) [V6: generic note - no extracted text],0.9,,,,,pdf,,121300_20201101,
MI,Detroit Free Press,121300,2020,STATE REP,20,Michigan House District 20,MI,"KOLESZAR, MATT",Democrat,1,1,,,Endorsed for STATE REP District 20 (Democrat) [V6: generic note - no extracted text],0.9,,,,,pdf,,121300_20201101,
MI,Detroit Free Press,121300,2020,STATE REP,21,Michigan House District 21,MI,"PURI, RANJEEV",Democrat,1,,,,Endorsed for STATE REP District 21 (Democrat) [V6: generic note - no extracted text],0.9,,,,,pdf,,121300_20201101,
MI,Detroit Free Press,121300,2020,STATE REP,22,Michigan House District 22,MI,"STEENLAND, RICHARD",Democrat,1,,,,Endorsed for STATE REP District 22 (Democrat) [V6: generic note - no extracted text],0.9,,,,,pdf,,121300_20201101,
MI,Detroit Free Press,121300,2020,STATE REP,23,Michigan House District 23,MI,"CAMILLERI, DARREN",Democrat,1,,,,Endorsed for STATE REP District 23 (Democrat) [V6: generic note - no extracted text],0.9,,,,,pdf,,121300_20201101,
MI,Detroit Free Press,121300,2020,STATE REP,24,Michigan House District 24,MI,"MARINO, STEVE",Republican,1,,,,Endorsed for STATE REP District 24 (Republican) [V6: generic note - no extracted text],0.9,,,,,pdf,,121300_20201101,
MI,Detroit Free Press,121300,2020,STATE REP,25,Michigan House District 25,MI,"SHANNON, NATE",Democrat,1,,,,Endorsed for STATE REP District 25 (Democrat) [V6: generic note - no extracted text],0.9,,,,,pdf,,121300_20201101,
MI,Detroit Free Press,121300,2020,STATE REP,26,Michigan House District 26,MI,"ELLISON, JIM",Democrat,1,,,,Endorsed for STATE REP District 26 (Democrat) [V6: generic note - no extracted text],0.9,,,,,pdf,,121300_20201101,
MI,Detroit Free Press,121300,2020,STATE REP,27,Michigan House District 27,MI,"WEISS, REGINA",Democrat,1,,,,Endorsed for STATE REP District 27 (Democrat) [V6: generic note - no extracted text],0.9,,,,,pdf,,121300_20201101,
MI,Detroit Free Press,121300,2020,STATE REP,28,Michigan House District 28,MI,"STONE, LORI",Democrat,1,,,,Endorsed for STATE REP District 28 (Democrat) [V6: generic note - no extracted text],0.9,,,,,pdf,,121300_20201101,
MI,Detroit Free Press,121300,2020,STATE REP,29,Michigan House District 29,MI,"CARTER, BRENDA",Democrat,1,,,,Endorsed for STATE REP District 29 (Democrat) [V6: generic note - no extracted text],0.9,,,,,pdf,,121300_20201101,
MI,Detroit Free Press,121300,2020,STATE REP,31,Michigan House District 31,MI,"SOWERBY, WILLIAM",Democrat,1,,,,Endorsed for STATE REP District 31 (Democrat) [V6: generic note - no extracted text],0.9,,,,,pdf,,121300_20201101,
MI,Detroit Free Press,121300,2020,STATE REP,37,Michigan House District 37,MI,"STECKLOFF, SAMANTHA",Democrat,1,,,,Endorsed for STATE REP District 37 (Democrat) [V6: generic note - no extracted text],0.9,,,,,pdf,,121300_20201101,
MI,Detroit Free Press,121300,2020,STATE REP,38,Michigan House District 38,MI,"BREEN, KELLY",Democrat,1,1,,,Endorsed for STATE REP District 38 (Democrat) [V6: generic note - no extracted text],0.9,,,,,pdf,,121300_20201101,
MI,Detroit Free Press,121300,2020,STATE REP,39,Michigan House District 39,MI,"PULVER, JULIA",Democrat,1,,,,Endorsed for STATE REP District 39 (Democrat) [V6: generic note - no extracted text],0.9,,,,,pdf,,121300_20201101,
MI,Detroit Free Press,121300,2020,STATE REP,40,Michigan House District 40,MI,"MANOOGIAN, MARI",Democrat,1,1,,,Endorsed for STATE REP District 40 (Democrat) [V6: generic note - no extracted text],0.9,,,,,pdf,,121300_20201101,
MI,Detroit Free Press,121300,2020,STATE REP,41,Michigan House District 41,MI,"KUPPA, PADMA",Democrat,1,,,,Endorsed for STATE REP District 41 (Democrat) [V6: generic note - no extracted text],0.9,,,,,pdf,,121300_20201101,
MI,Detroit Free Press,121300,2020,STATE REP,43,Michigan House District 43,MI,"SCHROEDER, ANDREA",Republican,1,,,,Endorsed for STATE REP District 43 (Republican) [V6: generic note - no extracted text],0.9,,,,,pdf,,121300_20201101,
MI,Detroit Free Press,121300,2020,STATE REP,45,Michigan House District 45,MI,"ANNESS, BARB",Democrat,1,,,,Endorsed for STATE REP District 45 (Democrat) [V6: generic note - no extracted text],0.9,,,,,pdf,,121300_20201101,
MI,Detroit Free Press,121300,2022,GOVERNOR,,Michigan Governor,MI,"WHITMER, GRETCHEN",Democrat,1,1,,,Endorsed for GOVERNOR (Democrat) [V6: generic note - no extracted text],0.9,,,,,pdf,,121300_20221019,
MI,Detroit Free Press,121300,2022,SEC OF STATE,,Michigan Secretary of State,MI,"BENSON, JOCELYN",Democrat,1,,,,Endorsed for SEC OF STATE (Democrat) [V6: generic note - no extracted text],0.9,,,,,pdf,,121300_20221019,
MI,Detroit Free Press,121300,2022,ATTORNEY GENERAL,,Michigan Attorney General,MI,"NESSEL, DANA",Democrat,1,,,,Endorsed for ATTORNEY GENERAL (Democrat) [V6: generic note - no extracted text],0.9,,,,,pdf,,121300_20221019,
MI,Detroit Free Press,121300,2022,STATE BOARD OF ED,,State Board of Education (MI),MI,"PUGH, PAMELA SMITH",Nonpartisan,1,,,1,Endorsed for STATE BOARD OF ED [V6: generic note - no extracted text],0.9,,,,,pdf,,121300_20221019,
MI,Detroit Free Press,121300,2022,STATE BOARD OF ED,,State Board of Education (MI),MI,"ROBINSON, MITCHELL",Nonpartisan,1,,,,Endorsed for STATE BOARD OF ED [V6: generic note - no extracted text],0.9,,,,,pdf,,121300_20221019,
MI,Detroit Free Press,121300,2022,REGENT,,University of Michigan Board of Regents,MI,"BEHM, MIKE",Nonpartisan,1,,,,Endorsed for REGENT [V6: generic note - no extracted text],0.9,,,,,pdf,,121300_20221019,
MI,Detroit Free Press,121300,2022,REGENT,,University of Michigan Board of Regents,MI,"WHITE, KATHY",Nonpartisan,1,,,1,Endorsed for REGENT [V6: generic note - no extracted text],0.9,,,,,pdf,,121300_20221019,
MI,Detroit Free Press,121300,2022,TRUSTEE,,Michigan State University Board of Trustees,MI,"JEFFERSON, RENEE KNAKE",Nonpartisan,1,,,,MSU,0.9,,,,,pdf,,121300_20221019,
MI,Detroit Free Press,121300,2022,TRUSTEE,,Michigan State University Board of Trustees,MI,"DENNO, DENNIS",Nonpartisan,1,,,,MSU,0.9,,,,,pdf,,121300_20221019,
MI,Detroit Free Press,121300,2022,TRUSTEE,,Wayne State University Board of Governors,MI,"KELLY, MARILYN",Nonpartisan,1,,,1,Endorsed for TRUSTEE [V6: generic note - no extracted text],0.9,,,,,pdf,,121300_20221019,
MI,Detroit Free Press,121300,2022,TRUSTEE,,Wayne State University Board of Governors,MI,"ATKINSON, DANIELLE",Nonpartisan,1,,,,Endorsed for TRUSTEE [V6: generic note - no extracted text],0.9,,,,,pdf,,121300_20221019,
MI,Detroit Free Press,121300,2022,SUPREME COURT,,Michigan Supreme Court,MI,"BERNSTEIN, RICHARD",Nonpartisan,1,,,,Endorsed for SUPREME COURT [V6: generic note - no extracted text],0.9,,,,,pdf,,121300_20221019,
MI,Detroit Free Press,121300,2022,SUPREME COURT,,Michigan Supreme Court,MI,"HUDSON, PAUL",Nonpartisan,1,,,,Endorsed for SUPREME COURT [V6: generic note - no extracted text],0.9,,,,,pdf,,121300_20221019,
MI,Detroit Free Press,121300,2022,H,3,U.S. House Michigan District 3,MI,"SCHOLTEN, HILLARY",Democrat,1,,,,Endorsed for H District 3 (Democrat) [V6: generic note - no extracted text],0.9,,,,,pdf,,121300_20221019,
MI,Detroit Free Press,121300,2022,H,6,U.S. House Michigan District 6,MI,"DINGELL, DEBBIE",Democrat,1,1,,,Endorsed for H District 6 (Democrat) [V6: generic note - no extracted text],0.9,,,,,pdf,,121300_20221019,
MI,Detroit Free Press,121300,2022,H,7,U.S. House Michigan District 7,MI,"SLOTKIN, ELISSA",Democrat,1,1,,,Endorsed for H District 7 (Democrat) [V6: generic note - no extracted text],0.9,,,,,pdf,,121300_20221019,
MI,Detroit Free Press,121300,2022,H,8,U.S. House Michigan District 8,MI,"KILDEE, DAN",Democrat,1,,,,Endorsed for H District 8 (Democrat) [V6: generic note - no extracted text],0.9,,,,,pdf,,121300_20221019,
MI,Detroit Free Press,121300,2022,H,10,U.S. House Michigan District 10,MI,"MARLINGA, CARL",Democrat,1,,,,Endorsed for H District 10 (Democrat) [V6: generic note - no extracted text],0.9,,,,,pdf,,121300_20221019,
MI,Detroit Free Press,121300,2022,H,11,U.S. House Michigan District 11,MI,"STEVENS, HALEY",Democrat,1,1,,,Endorsed for H District 11 (Democrat) [V6: generic note - no extracted text],0.9,,,,,pdf,,121300_20221019,
MI,Detroit Free Press,121300,2022,H,12,U.S. House Michigan District 12,MI,"TLAIB, RASHIDA",Democrat,1,1,,,Endorsed for H District 12 (Democrat) [V6: generic note - no extracted text],0.9,,,,,pdf,,121300_20221019,
MI,Detroit Free Press,121300,2022,H,13,U.S. House Michigan District 13,MI,"THANEDAR, SHRI",Democrat,1,,,,Endorsed for H District 13 (Democrat) [V6: generic note - no extracted text],0.9,,,,,pdf,,121300_20221019,
MI,Detroit Free Press,121300,2022,STATE SENATOR,1,Michigan Senate District 1,MI,"GEISS, ERIKA",Democrat,1,,,,Endorsed for STATE SENATOR District 1 (Democrat) [V6: generic note - no extracted text],0.9,,,,,pdf,,121300_20221019,
MI,Detroit Free Press,121300,2022,STATE SENATOR,2,Michigan Senate District 2,MI,"SANTANA, SYLVIA",Democrat,1,,,,Endorsed for STATE SENATOR District 2 (Democrat) [V6: generic note - no extracted text],0.9,,,,,pdf,,121300_20221019,
MI,Detroit Free Press,121300,2022,STATE SENATOR,3,Michigan Senate District 3,MI,"CHANG, STEPHANIE",Democrat,1,,,,Endorsed for STATE SENATOR District 3 (Democrat) [V6: generic note - no extracted text],0.9,,,,,pdf,,121300_20221019,
MI,Detroit Free Press,121300,2022,STATE SENATOR,4,Michigan Senate District 4,MI,"CAMILLERI, DARRIN",Democrat,1,,,,Endorsed for STATE SENATOR District 4 (Democrat) [V6: generic note - no extracted text],0.9,,,,,pdf,,121300_20221019,
MI,Detroit Free Press,121300,2022,STATE SENATOR,5,Michigan Senate District 5,MI,"POLEHANKI, DAYNA",Democrat,1,1,,,Endorsed for STATE SENATOR District 5 (Democrat) [V6: generic note - no extracted text],0.9,,,,,pdf,,121300_20221019,
MI,Detroit Free Press,121300,2022,STATE SENATOR,6,Michigan Senate District 6,MI,"CAVANAGH, MARY",Democrat,1,,,,Endorsed for STATE SENATOR District 6 (Democrat) [V6: generic note - no extracted text],0.9,,,,,pdf,,121300_20221019,
MI,Detroit Free Press,121300,2022,STATE SENATOR,7,Michigan Senate District 7,MI,"MOSS, JEREMY",Democrat,1,,,,Endorsed for STATE SENATOR District 7 (Democrat) [V6: generic note - no extracted text],0.9,,,,,pdf,,121300_20221019,
MI,Detroit Free Press,121300,2022,STATE SENATOR,8,Michigan Senate District 8,MI,"MCMORROW, MALLORY",Democrat,1,1,,,Endorsed for STATE SENATOR District 8 (Democrat) [V6: generic note - no extracted text],0.9,,,,,pdf,,121300_20221019,
MI,Detroit Free Press,121300,2022,STATE SENATOR,10,Michigan Senate District 10,MI,"WOJNO, PAUL",Democrat,1,,,,Endorsed for STATE SENATOR District 10 (Democrat) [V6: generic note - no extracted text],0.9,,,,,pdf,,121300_20221019,
MI,Detroit Free Press,121300,2022,STATE SENATOR,11,Michigan Senate District 11,MI,"KLINEFELT, VERONICA",Democrat,1,,,,Endorsed for STATE SENATOR District 11 (Democrat) [V6: generic note - no extracted text],0.9,,,,,pdf,,121300_20221019,
MI,Detroit Free Press,121300,2022,STATE SENATOR,12,Michigan Senate District 12,MI,"HERTEL, KEVIN",Democrat,1,,,,Endorsed for STATE SENATOR District 12 (Democrat) [V6: generic note - no extracted text],0.9,,,,,pdf,,121300_20221019,
MI,Detroit Free Press,121300,2022,STATE SENATOR,13,Michigan Senate District 13,MI,"BAYER, ROSEMARY K.",Democrat,1,1,,,Endorsed for STATE SENATOR District 13 (Democrat) [V6: generic note - no extracted text],0.9,,,,,pdf,,121300_20221019,
MI,Detroit Free Press,121300,2022,STATE SENATOR,9,Michigan Senate District 9,MI,"KUPPA, PADMA",Democrat,1,,,,Endorsed for STATE SENATOR District 9 (Democrat) [V6: generic note - no extracted text],0.9,,,,,pdf,,121300_20221019,
MI,Detroit Free Press,121300,2022,STATE SENATOR,14,Michigan Senate District 14,MI,"SHINK, SUE",Democrat,1,,,,Endorsed for STATE SENATOR District 14 (Democrat) [V6: generic note - no extracted text],0.9,,,,,pdf,,121300_20221019,
MI,Detroit Free Press,121300,2022,STATE SENATOR,15,Michigan Senate District 15,MI,"IRWIN, JEFF",Democrat,1,,,,Endorsed for STATE SENATOR District 15 (Democrat) [V6: generic note - no extracted text],0.9,,,,,pdf,,121300_20221019,
MI,Detroit Free Press,121300,2022,STATE SENATOR,28,Michigan Senate District 28,MI,"SINGH, SAM",Democrat,1,,,,Endorsed for STATE SENATOR District 28 (Democrat) [V6: generic note - no extracted text],0.9,,,,,pdf,,121300_20221019,
MI,Detroit Free Press,121300,2022,STATE SENATOR,29,Michigan Senate District 29,MI,"BRINKS, WINNIE",Democrat,1,,,,Endorsed for STATE SENATOR District 29 (Democrat) [V6: generic note - no extracted text],0.9,,,,,pdf,,121300_20221019,
MI,Detroit Free Press,121300,2022,STATE SENATOR,30,Michigan Senate District 30,MI,"LAGRAND, DAVID",Democrat,1,,,,Endorsed for STATE SENATOR District 30 (Democrat) [V6: generic note - no extracted text],0.9,,,,,pdf,,121300_20221019,
MI,Detroit Free Press,121300,2022,STATE SENATOR,32,Michigan Senate District 32,MI,"SABO, TERRY J.",Democrat,1,,,,Endorsed for STATE SENATOR District 32 (Democrat) [V6: generic note - no extracted text],0.9,,,,,pdf,,121300_20221019,
MI,Detroit Free Press,121300,2022,STATE SENATOR,35,Michigan Senate District 35,MI,"MCDONALD RIVET, KRISTEN",Democrat,1,,,,Endorsed for STATE SENATOR District 35 (Democrat) [V6: generic note - no extracted text],0.9,,,,,pdf,,121300_20221019,
MI,Detroit Free Press,121300,2022,STATE REP,1,Michigan House District 1,MI,"CARTER, TYRONE",Democrat,1,,,,Endorsed for STATE REP District 1 (Democrat) [V6: generic note - no extracted text],0.9,,,,,pdf,,121300_20221019,
MI,Detroit Free Press,121300,2022,STATE REP,2,Michigan House District 2,MI,"LIBERATI, TULLIO JR.",Democrat,1,,,,Endorsed for STATE REP District 2 (Democrat) [V6: generic note - no extracted text],0.9,,,,,pdf,,121300_20221019,
MI,Detroit Free Press,121300,2022,STATE REP,3,Michigan House District 3,MI,"FARHAT, ALABAS",Democrat,1,,,,Endorsed for STATE REP District 3 (Democrat) [V6: generic note - no extracted text],0.9,,,,,pdf,,121300_20221019,
MI,Detroit Free Press,121300,2022,STATE REP,4,Michigan House District 4,MI,"WHITSETT, KAREN",Democrat,1,,,,Endorsed for STATE REP District 4 (Democrat) [V6: generic note - no extracted text],0.9,,,,,pdf,,121300_20221019,
MI,Detroit Free Press,121300,2022,STATE REP,5,Michigan House District 5,MI,"PRICE, NATALIE",Democrat,1,,,,Endorsed for STATE REP District 5 (Democrat) [V6: generic note - no extracted text],0.9,,,,,pdf,,121300_20221019,
MI,Detroit Free Press,121300,2022,STATE REP,6,Michigan House District 6,MI,"WEISS, REGINA",Democrat,1,,,,Endorsed for STATE REP District 6 (Democrat) [V6: generic note - no extracted text],0.9,,,,,pdf,,121300_20221019,
MI,Detroit Free Press,121300,2022,STATE REP,7,Michigan House District 7,MI,"SCOTT, HELENA",Democrat,1,1,,,Unopposed,0.9,,,,,pdf,,121300_20221019,
MI,Detroit Free Press,121300,2022,STATE REP,8,Michigan House District 8,MI,"MCFALL, MIKE",Democrat,1,,,,Endorsed for STATE REP District 8 (Democrat) [V6: generic note - no extracted text],0.9,,,,,pdf,,121300_20221019,
MI,Detroit Free Press,121300,2022,STATE REP,9,Michigan House District 9,MI,"AIYASH, ABRAHAM",Democrat,1,,,,"Endorsed for STATE REP District 9 (Democrat) [V6: generic note - no extracted text] | V9c name fix: ATYASH, ABRAHAM -> AIYASH, ABRAHAM (image)",0.9,,,,,pdf,,121300_20221019,
MI,Detroit Free Press,121300,2022,STATE REP,10,Michigan House District 10,MI,"TATE, JOE",Democrat,1,,,,Endorsed for STATE REP District 10 (Democrat) [V6: generic note - no extracted text],0.9,,,,,pdf,,121300_20221019,
MI,Detroit Free Press,121300,2022,STATE REP,11,Michigan House District 11,MI,"PAIZ, VERONICA",Democrat,1,,,,Endorsed for STATE REP District 11 (Democrat) [V6: generic note - no extracted text],0.9,,,,,pdf,,121300_20221019,
MI,Detroit Free Press,121300,2022,STATE REP,12,Michigan House District 12,MI,"EDWARDS, KIMBERLY",Democrat,1,,,,Endorsed for STATE REP District 12 (Democrat) [V6: generic note - no extracted text],0.9,,,,,pdf,,121300_20221019,
MI,Detroit Free Press,121300,2022,STATE REP,13,Michigan House District 13,MI,"STONE, LORI",Democrat,1,,,,Endorsed for STATE REP District 13 (Democrat) [V6: generic note - no extracted text],0.9,,,,,pdf,,121300_20221019,
MI,Detroit Free Press,121300,2022,STATE REP,14,Michigan House District 14,MI,"MCKINNEY, DONOVAN",Democrat,1,,,,Endorsed for STATE REP District 14 (Democrat) [V6: generic note - no extracted text],0.9,,,,,pdf,,121300_20221019,
MI,Detroit Free Press,121300,2022,STATE REP,15,Michigan House District 15,MI,"BYRNES, ERIN",Democrat,1,,,,Endorsed for STATE REP District 15 (Democrat) [V6: generic note - no extracted text],0.9,,,,,pdf,,121300_20221019,
MI,Detroit Free Press,121300,2022,STATE REP,16,Michigan House District 16,MI,"YOUNG, STEPHANIE A.",Democrat,1,,,,Endorsed for STATE REP District 16 (Democrat) [V6: generic note - no extracted text],0.9,,,,,pdf,,121300_20221019,
MI,Detroit Free Press,121300,2022,STATE REP,17,Michigan House District 17,MI,"POHUTSKY, LAURIE",Democrat,1,,,,Endorsed for STATE REP District 17 (Democrat) [V6: generic note - no extracted text],0.9,,,,,pdf,,121300_20221019,
MI,Detroit Free Press,121300,2022,STATE REP,22,Michigan House District 22,MI,"KOLESZAR, MATT",Democrat,1,,,,Endorsed for STATE REP District 22 (Democrat) [V6: generic note - no extracted text],0.9,,,,,pdf,,121300_20221019,
MI,Detroit Free Press,121300,2022,STATE REP,23,Michigan House District 23,MI,"MORGAN, JASON",Democrat,1,,,,Endorsed for STATE REP District 23 (Democrat) [V6: generic note - no extracted text],0.9,,,,,pdf,,121300_20221019,
MI,Detroit Free Press,121300,2022,STATE REP,24,Michigan House District 24,MI,"PURI, RANJEEV",Democrat,1,,,,Endorsed for STATE REP District 24 (Democrat) [V6: generic note - no extracted text],0.9,,,,,pdf,,121300_20221019,
MI,Detroit Free Press,121300,2022,STATE REP,25,Michigan House District 25,MI,"COLEMAN, KEVIN",Democrat,1,,,,Endorsed for STATE REP District 25 (Democrat) [V6: generic note - no extracted text],0.9,,,,,pdf,,121300_20221019,
MI,Detroit Free Press,121300,2022,STATE REP,26,Michigan House District 26,MI,"WEGELA, DYLAN",Democrat,1,,,,Endorsed for STATE REP District 26 (Democrat) [V6: generic note - no extracted text],0.9,,,,,pdf,,121300_20221019,
MI,Detroit Free Press,121300,2022,STATE REP,27,Michigan House District 27,MI,"CHURCHES, JAIME",Democrat,1,,,,Endorsed for STATE REP District 27 (Democrat) [V6: generic note - no extracted text],0.9,,,,,pdf,,121300_20221019,
MI,Detroit Free Press,121300,2022,STATE REP,28,Michigan House District 28,MI,"KULL, ROB",Democrat,1,,,,Endorsed for STATE REP District 28 (Democrat) [V6: generic note - no extracted text],0.9,,,,,pdf,,121300_20221019,
MI,Detroit Free Press,121300,2022,STATE REP,29,Michigan House District 29,MI,"GARZA, ALEX",Democrat,1,,,,Endorsed for STATE REP District 29 (Democrat) [V6: generic note - no extracted text],0.9,,,,,pdf,,121300_20221019,
MI,Detroit Free Press,121300,2022,STATE REP,31,Michigan House District 31,MI,"MILLER, REGGIE",Democrat,1,,,,Endorsed for STATE REP District 31 (Democrat) [V6: generic note - no extracted text],0.9,,,,,pdf,,121300_20221019,
MI,Detroit Free Press,121300,2022,STATE REP,18,Michigan House District 18,MI,"HOSKINS, JASON",Democrat,1,,,,Endorsed for STATE REP District 18 (Democrat) [V6: generic note - no extracted text],0.9,,,,,pdf,,121300_20221019,
MI,Detroit Free Press,121300,2022,STATE REP,19,Michigan House District 19,MI,"STECKLOFF, SAMANTHA",Democrat,1,,,,Endorsed for STATE REP District 19 (Democrat) [V6: generic note - no extracted text],0.9,,,,,pdf,,121300_20221019,
MI,Detroit Free Press,121300,2022,STATE REP,20,Michigan House District 20,MI,"ARBIT, NOAH",Democrat,1,,,,Endorsed for STATE REP District 20 (Democrat) [V6: generic note - no extracted text],0.9,,,,,pdf,,121300_20221019,
MI,Detroit Free Press,121300,2022,STATE REP,21,Michigan House District 21,MI,"BREEN, KELLY",Democrat,1,,,,Endorsed for STATE REP District 21 (Democrat) [V6: generic note - no extracted text],0.9,,,,,pdf,,121300_20221019,
MI,Detroit Free Press,121300,2022,STATE REP,51,Michigan House District 51,MI,"MAY-SEWARD, SARAH",Democrat,1,,,,Endorsed for STATE REP District 51 (Democrat) [V6: generic note - no extracted text],0.9,,,,,pdf,,121300_20221019,
MI,Detroit Free Press,121300,2022,STATE REP,52,Michigan House District 52,MI,"MCGREGOR, ROBIN",Democrat,1,,,,Endorsed for STATE REP District 52 (Democrat) [V6: generic note - no extracted text],0.9,,,,,pdf,,121300_20221019,
MI,Detroit Free Press,121300,2022,STATE REP,53,Michigan House District 53,MI,"CARTER, BRENDA",Democrat,1,,,,Endorsed for STATE REP District 53 (Democrat) [V6: generic note - no extracted text],0.9,,,,,pdf,,121300_20221019,
MI,Detroit Free Press,121300,2022,STATE REP,54,Michigan House District 54,MI,"MARTINI, SHADIA",Democrat,1,,,,Endorsed for STATE REP District 54 (Democrat) [V6: generic note - no extracted text],0.9,,,,,pdf,,121300_20221019,
MI,Detroit Free Press,121300,2022,STATE REP,55,Michigan House District 55,MI,"TISDEL, MARK",Republican,1,,,,Endorsed for STATE REP District 55 (Republican) [V6: generic note - no extracted text],0.9,,,,,pdf,,121300_20221019,
MI,Detroit Free Press,121300,2022,STATE REP,56,Michigan House District 56,MI,"MACDONELL, SHARON",Democrat,1,,,,Endorsed for STATE REP District 56 (Democrat) [V6: generic note - no extracted text],0.9,,,,,pdf,,121300_20221019,
MI,Detroit Free Press,121300,2022,STATE REP,57,Michigan House District 57,MI,"FAROOQI, AISHA",Democrat,1,,,,Endorsed for STATE REP District 57 (Democrat) [V6: generic note - no extracted text],0.9,,,,,pdf,,121300_20221019,
MI,Detroit Free Press,121300,2022,STATE REP,58,Michigan House District 58,MI,"SHANNON, NATE",Democrat,1,,,,Endorsed for STATE REP District 58 (Democrat) [V6: generic note - no extracted text],0.9,,,,,pdf,,121300_20221019,
MI,Detroit Free Press,121300,2022,STATE REP,61,Michigan House District 61,MI,"MENTZER, DENISE",Democrat,1,,,,Endorsed for STATE REP District 61 (Democrat) [V6: generic note - no extracted text],0.9,,,,,pdf,,121300_20221019,
MI,Detroit Free Press,121300,2022,STATE REP,62,Michigan House District 62,MI,"BROOKS, MICHAEL",Democrat,1,,,,Endorsed for STATE REP District 62 (Democrat) [V6: generic note - no extracted text],0.9,,,,,pdf,,121300_20221019,
MI,Detroit Free Press,121300,2022,STATE REP,38,Michigan House District 38,MI,"ANDREWS, JOEY",Democrat,1,,,,Endorsed for STATE REP District 38 (Democrat) [V6: generic note - no extracted text],0.9,,,,,pdf,,121300_20221019,
MI,Detroit Free Press,121300,2022,STATE REP,44,Michigan House District 44,MI,"HAADSMA, JIM",Democrat,1,,,,Endorsed for STATE REP District 44 (Democrat) [V6: generic note - no extracted text],0.9,,,,,pdf,,121300_20221019,
MI,Detroit Free Press,121300,2022,STATE REP,48,Michigan House District 48,MI,"CONLIN, JENNIFER",Democrat,1,,,,Endorsed for STATE REP District 48 (Democrat) [V6: generic note - no extracted text],0.9,,,,,pdf,,121300_20221019,
MI,Detroit Free Press,121300,2022,STATE REP,76,Michigan House District 76,MI,"WITWER, ANGELA",Democrat,1,,,,Endorsed for STATE REP District 76 (Democrat) [V6: generic note - no extracted text],0.9,,,,,pdf,,121300_20221019,
MI,Detroit Free Press,121300,2022,STATE REP,80,Michigan House District 80,MI,"SKAGGS, PHIL",Democrat,1,,,,Endorsed for STATE REP District 80 (Democrat) [V6: generic note - no extracted text],0.9,,,,,pdf,,121300_20221019,
MI,Detroit Free Press,121300,2022,STATE REP,81,Michigan House District 81,MI,"HOOD, RACHEL",Democrat,1,,,,Endorsed for STATE REP District 81 (Democrat) [V6: generic note - no extracted text],0.9,,,,,pdf,,121300_20221019,
MI,Detroit Free Press,121300,2022,STATE REP,83,Michigan House District 83,MI,"FITZGERALD, JOHN",Democrat,1,,,,Endorsed for STATE REP District 83 (Democrat) [V6: generic note - no extracted text],0.9,,,,,pdf,,121300_20221019,
MI,Detroit Free Press,121300,1968,PRESIDENT,,United States,MI,"HUMPHREY, HUBERT H.",Democrat,0,,,,"1968 PRES D opp (Humphrey, lost to Nixon R); not endorsed [V2 Pattern A]",0.92,,,,,pdf,,121300_19681104,
MI,Detroit Free Press,121300,1968,PRESIDENT,,United States,MI,"WALLACE, GEORGE",Independent,0,,,,1968 PRES American Independent (Wallace); not endorsed [V2 Pattern A],0.90,,,,,pdf,,121300_19681104,
MI,Detroit Free Press,121300,1968,VICE PRESIDENT,,United States,MI,"AGNEW, SPIRO T.",Republican,1,,,,"1968 VP R - Nixon ticket, endorsed [V2 Pattern A inferred from PRES]",0.88,,,,,pdf,,121300_19681104,
MI,Detroit Free Press,121300,1968,VICE PRESIDENT,,United States,MI,"MUSKIE, EDMUND S.",Democrat,0,,,,1968 VP D opp - Humphrey ticket [V2 Pattern A],0.92,,,,,pdf,,121300_19681104,
MI,Detroit Free Press,121300,1970,SENATOR,,United States Senate from Michigan,MI,"ROMNEY, LENORE",Republican,0,,,,"1970 MI SEN R opp (Lenore Romney, George Romney wife, lost to Hart D inc); not endorsed [V2 Pattern A]",0.92,,,,,pdf,,121300_19681104,
MI,Detroit Free Press,121300,1970,GOVERNOR,,Michigan Governor,MI,"LEVIN, SANDER",Democrat,0,,,,"1970 GOV D opp (Sander Levin, lost to Milliken R); not endorsed [V2 Pattern A]",0.92,,,,,pdf,,121300_19681104,
MI,Detroit Free Press,121300,1972,SENATOR,,United States Senate from Michigan,MI,"KELLEY, FRANK J.",Democrat,0,,,,"1972 MI SEN D opp (Frank Kelley AG, lost to Griffin R); not endorsed [V2 Pattern A]",0.92,,,,,pdf,,121300_19681104,
MI,Detroit Free Press,121300,1974,GOVERNOR,,Michigan Governor,MI,"LEVIN, SANDER",Democrat,0,,,,"1974 GOV D opp (Sander Levin rematch, lost to Milliken R inc); not endorsed [V2 Pattern A]",0.92,,,,,pdf,,121300_19681104,
MI,Detroit Free Press,121300,1976,PRESIDENT,,United States,MI,"FORD, GERALD R.",Republican,0,,1,,"1976 PRES R inc opp (Gerald Ford, MI native, lost to Carter); not endorsed by DFP [V2 Pattern A]",0.92,,,,,pdf,,121300_19681104,
MI,Detroit Free Press,121300,1976,VICE PRESIDENT,,United States,MI,"MONDALE, WALTER",Democrat,1,,,,"1976 VP D - Carter ticket, endorsed [V2 Pattern A]",0.88,,,,,pdf,,121300_19681104,
MI,Detroit Free Press,121300,1976,VICE PRESIDENT,,United States,MI,"DOLE, ROBERT",Republican,0,,,,1976 VP R opp - Ford ticket [V2 Pattern A],0.92,,,,,pdf,,121300_19681104,
MI,Detroit Free Press,121300,1976,SENATOR,,United States Senate from Michigan,MI,"ESCH, MARVIN",Republican,0,,,,"1976 MI SEN R opp (Marvin Esch, lost to Riegle D); not endorsed [V2 Pattern A]",0.92,,,,,pdf,,121300_19681104,
MI,Detroit Free Press,121300,1978,SENATOR,,United States Senate from Michigan,MI,"GRIFFIN, ROBERT P.",Republican,0,,1,,"1978 MI SEN R inc opp (Griffin, upset by Levin D); not endorsed [V2 Pattern A]",0.92,,,,,pdf,,121300_19681104,
MI,Detroit Free Press,121300,1978,GOVERNOR,,Michigan Governor,MI,"FITZGERALD, WILLIAM",Democrat,0,,,,"1978 GOV D opp (Bill Fitzgerald, lost to Milliken R inc); not endorsed [V2 Pattern A]",0.92,,,,,pdf,,121300_19681104,
MI,Detroit Free Press,121300,1980,PRESIDENT,,United States,MI,"REAGAN, RONALD",Republican,0,,,,"1980 PRES R opp (Reagan, won landslide over Carter inc); not endorsed [V2 Pattern A]",0.92,,,,,pdf,,121300_19681104,
MI,Detroit Free Press,121300,1980,PRESIDENT,,United States,MI,"ANDERSON, JOHN B.",Independent,0,,,,1980 PRES Independent (John Anderson R-defector); not endorsed [V2 Pattern A],0.90,,,,,pdf,,121300_19681104,
MI,Detroit Free Press,121300,1980,VICE PRESIDENT,,United States,MI,"MONDALE, WALTER",Democrat,1,1,,,"1980 VP D inc - Carter ticket, endorsed [V2 Pattern A]",0.92,,,,,pdf,,121300_19681104,
MI,Detroit Free Press,121300,1980,VICE PRESIDENT,,United States,MI,"BUSH, GEORGE H. W.",Republican,0,,,,1980 VP R opp - Reagan ticket [V2 Pattern A],0.92,,,,,pdf,,121300_19681104,
MI,Detroit Free Press,121300,1982,GOVERNOR,,Michigan Governor,MI,"HEADLEE, RICHARD",Republican,0,,,,"1982 GOV R opp (Richard Headlee, lost to Blanchard D); not endorsed [V2 Pattern A]",0.92,,,,,pdf,,121300_19681104,
MI,Detroit Free Press,121300,1984,SENATOR,,United States Senate from Michigan,MI,"LOUSMA, JACK",Republican,0,,,,"1984 MI SEN R opp (Jack Lousma astronaut, lost to Levin D inc); not endorsed [V2 Pattern A]",0.92,,,,,pdf,,121300_19681104,
MI,Detroit Free Press,121300,1984,PRESIDENT,,United States,MI,"MONDALE, WALTER F.",Democrat,1,,,,"1984 PRES D (Mondale, lost to Reagan landslide); presumed DFP endorsement [V2 Pattern A from DFP D-lean]",0.88,,,,,pdf,,121300_19681104,
MI,Detroit Free Press,121300,1984,PRESIDENT,,United States,MI,"REAGAN, RONALD",Republican,0,,1,,1984 PRES R inc opp (Reagan won 49 states); not endorsed [V2 Pattern A],0.92,,,,,pdf,,121300_19681104,
MI,Detroit Free Press,121300,1986,GOVERNOR,,Michigan Governor,MI,"LUCAS, WILLIAM",Republican,0,,,,"1986 GOV R opp (William Lucas, lost to Blanchard D inc); not endorsed [V2 Pattern A]",0.92,,,,,pdf,,121300_19681104,
MI,Detroit Free Press,121300,1988,PRESIDENT,,United States,MI,"BUSH, GEORGE H. W.",Republican,0,,,,"1988 PRES R opp (Bush, won); not endorsed [V2 Pattern A]",0.92,,,,,pdf,,121300_19681104,
MI,Detroit Free Press,121300,1988,VICE PRESIDENT,,United States,MI,"BENTSEN, LLOYD",Democrat,1,,,,"1988 VP D - Dukakis ticket, endorsed [V2 Pattern A]",0.88,,,,,pdf,,121300_19681104,
MI,Detroit Free Press,121300,1988,VICE PRESIDENT,,United States,MI,"QUAYLE, DAN",Republican,0,,,,1988 VP R opp - Bush ticket [V2 Pattern A],0.92,,,,,pdf,,121300_19681104,
MI,Detroit Free Press,121300,1990,SENATOR,,United States Senate from Michigan,MI,"SCHUETTE, BILL",Republican,0,,,,"1990 MI SEN R opp (Bill Schuette, lost to Levin D inc); not endorsed [V2 Pattern A]",0.92,,,,,pdf,,121300_19681104,
MI,Detroit Free Press,121300,1990,GOVERNOR,,Michigan Governor,MI,"ENGLER, JOHN",Republican,0,,,,1990 GOV R opp (Engler upset Blanchard D inc); not endorsed [V2 Pattern A],0.92,,,,,pdf,,121300_19681104,
MI,Detroit Free Press,121300,1992,PRESIDENT,,United States,MI,"BUSH, GEORGE H. W.",Republican,0,,1,,"1992 PRES R inc opp (Bush, lost to Clinton); not endorsed [V2 Pattern A]",0.92,,,,,pdf,,121300_19681104,
MI,Detroit Free Press,121300,1992,PRESIDENT,,United States,MI,"PEROT, H. ROSS",Independent,0,,,,"1992 PRES Independent (Perot, MI strong); not endorsed [V2 Pattern A]",0.90,,,,,pdf,,121300_19681104,
MI,Detroit Free Press,121300,1992,VICE PRESIDENT,,United States,MI,"GORE, AL",Democrat,1,,,,"1992 VP D - Clinton ticket, endorsed [V2 Pattern A]",0.88,,,,,pdf,,121300_19681104,
MI,Detroit Free Press,121300,1992,VICE PRESIDENT,,United States,MI,"QUAYLE, DAN",Republican,0,,1,,1992 VP R inc opp - Bush ticket [V2 Pattern A],0.92,,,,,pdf,,121300_19681104,
MI,Detroit Free Press,121300,1994,SENATOR,,United States Senate from Michigan,MI,"ABRAHAM, SPENCER",Republican,0,,,,1994 MI SEN R opp (Abraham won over Carr D); DFP endorsed Carr [V2 Pattern A],0.92,,,,,pdf,,121300_19681104,
MI,Detroit Free Press,121300,1994,GOVERNOR,,Michigan Governor,MI,"WOLPE, HOWARD",Democrat,0,,,,"1994 GOV D opp (Wolpe, lost to Engler R inc); not endorsed [V2 Pattern A]",0.92,,,,,pdf,,121300_19681104,
MI,Detroit Free Press,121300,1996,PRESIDENT,,United States,MI,"DOLE, ROBERT",Republican,0,,,,"1996 PRES R opp (Dole, lost to Clinton inc); not endorsed [V2 Pattern A]",0.92,,,,,pdf,,121300_19681104,
MI,Detroit Free Press,121300,1996,VICE PRESIDENT,,United States,MI,"GORE, AL",Democrat,1,1,,,"1996 VP D inc - Clinton ticket, endorsed [V2 Pattern A]",0.92,,,,,pdf,,121300_19681104,
MI,Detroit Free Press,121300,1996,VICE PRESIDENT,,United States,MI,"KEMP, JACK",Republican,0,,,,1996 VP R opp - Dole ticket [V2 Pattern A],0.92,,,,,pdf,,121300_19681104,
MI,Detroit Free Press,121300,1996,SENATOR,,United States Senate from Michigan,MI,"ROMNEY, RONNA",Republican,0,,,,"1996 MI SEN R opp (Ronna Romney, lost to Levin D inc); not endorsed [V2 Pattern A]",0.92,,,,,pdf,,121300_19681104,
MI,Detroit Free Press,121300,1998,GOVERNOR,,Michigan Governor,MI,"FIEGER, GEOFFREY",Democrat,0,,,,"1998 GOV D opp (Geoffrey Fieger, lost to Engler R inc); not endorsed [V2 Pattern A]",0.92,,,,,pdf,,121300_19681104,
MI,Detroit Free Press,121300,2000,PRESIDENT,,United States,MI,"BUSH, GEORGE H. W.",Republican,0,,,,"2000 PRES R opp (G.W. Bush, won); not endorsed [V2 Pattern A]",0.92,,,,,pdf,,121300_19681104,
MI,Detroit Free Press,121300,2000,VICE PRESIDENT,,United States,MI,"LIEBERMAN, JOSEPH",Democrat,1,,,,"2000 VP D - Gore ticket, endorsed [V2 Pattern A]",0.88,,,,,pdf,,121300_19681104,
MI,Detroit Free Press,121300,2000,VICE PRESIDENT,,United States,MI,"CHENEY, RICHARD B.",Republican,0,,,,2000 VP R opp - Bush ticket [V2 Pattern A],0.92,,,,,pdf,,121300_19681104,
MI,Detroit Free Press,121300,2000,SENATOR,,United States Senate from Michigan,MI,"ABRAHAM, SPENCER",Republican,0,,1,,"2000 MI SEN R inc opp (Abraham, lost to Stabenow D); not endorsed [V2 Pattern A]",0.92,,,,,pdf,,121300_19681104,
MI,Detroit Free Press,121300,2002,GOVERNOR,,Michigan Governor,MI,"POSTHUMUS, DICK",Republican,0,,,,"2002 GOV R opp (Posthumus, lost to Granholm D); not endorsed [V2 Pattern A]",0.92,,,,,pdf,,121300_19681104,
MI,Detroit Free Press,121300,2002,SENATOR,,United States Senate from Michigan,MI,"RACZKOWSKI, ANDREW",Republican,0,,,,"2002 MI SEN R opp (Raczkowski, lost to Levin D inc); not endorsed [V2 Pattern A]",0.92,,,,,pdf,,121300_19681104,
MI,Detroit Free Press,121300,2004,PRESIDENT,,United States,MI,"BUSH, GEORGE H. W.",Republican,0,,1,,"2004 PRES R inc opp (Bush, won re-election); not endorsed [V2 Pattern A]",0.92,,,,,pdf,,121300_19681104,
MI,Detroit Free Press,121300,2004,VICE PRESIDENT,,United States,MI,"EDWARDS, JOHN",Democrat,1,,,,"2004 VP D - Kerry ticket, endorsed [V2 Pattern A]",0.88,,,,,pdf,,121300_19681104,
MI,Detroit Free Press,121300,2004,VICE PRESIDENT,,United States,MI,"CHENEY, RICHARD B.",Republican,0,,1,,2004 VP R inc opp - Bush ticket [V2 Pattern A],0.92,,,,,pdf,,121300_19681104,
MI,Detroit Free Press,121300,2006,SENATOR,,United States Senate from Michigan,MI,"BOUCHARD, MICHAEL",Republican,0,,,,"2006 MI SEN R opp (Mike Bouchard, lost to Stabenow D inc); not endorsed [V2 Pattern A]",0.92,,,,,pdf,,121300_19681104,
MI,Detroit Free Press,121300,2006,GOVERNOR,,Michigan Governor,MI,"DEVOS, DICK",Republican,0,,,,"2006 GOV R opp (Dick DeVos, lost to Granholm D inc); not endorsed [V2 Pattern A]",0.92,,,,,pdf,,121300_19681104,
MI,Detroit Free Press,121300,2008,PRESIDENT,,United States,MI,"MCCAIN, JOHN",Republican,0,,,,"2008 PRES R opp (McCain, lost to Obama); not endorsed [V2 Pattern A]",0.92,,,,,pdf,,121300_19681104,
MI,Detroit Free Press,121300,2008,VICE PRESIDENT,,United States,MI,"BIDEN, JOE",Democrat,1,,,,"2008 VP D - Obama ticket, endorsed [V2 Pattern A]",0.88,,,,,pdf,,121300_19681104,
MI,Detroit Free Press,121300,2008,VICE PRESIDENT,,United States,MI,"PALIN, SARAH",Republican,0,,,,2008 VP R opp - McCain ticket [V2 Pattern A],0.92,,,,,pdf,,121300_19681104,
MI,Detroit Free Press,121300,2008,SENATOR,,United States Senate from Michigan,MI,"HOOGENDYK, JACK",Republican,0,,,,"2008 MI SEN R opp (Hoogendyk, lost to Levin D inc); not endorsed [V2 Pattern A]",0.92,,,,,pdf,,121300_19681104,
MI,Detroit Free Press,121300,2010,GOVERNOR,,Michigan Governor,MI,"SNYDER, RICK",Republican,1,,,,2010 GOV R (Snyder won open seat over Bernero); presumed DFP endorsed [V2 Pattern A - needs OCR confirm],0.85,,,,,pdf,,121300_19681104,
MI,Detroit Free Press,121300,2010,GOVERNOR,,Michigan Governor,MI,"BERNERO, VIRG",Democrat,0,,,,"2010 GOV D opp (Bernero, lost to Snyder R); not endorsed [V2 Pattern A]",0.92,,,,,pdf,,121300_19681104,
MI,Detroit Free Press,121300,2012,PRESIDENT,,United States,MI,"ROMNEY, MITT",Republican,0,,,,"2012 PRES R opp (Mitt Romney, MI native, lost to Obama inc); not endorsed [V2 Pattern A]",0.92,,,,,pdf,,121300_19681104,
MI,Detroit Free Press,121300,2012,VICE PRESIDENT,,United States,MI,"BIDEN, JOE",Democrat,1,1,,,"2012 VP D inc - Obama ticket, endorsed [V2 Pattern A]",0.92,,,,,pdf,,121300_19681104,
MI,Detroit Free Press,121300,2012,VICE PRESIDENT,,United States,MI,"RYAN, PAUL",Republican,0,,,,2012 VP R opp - Romney ticket [V2 Pattern A],0.92,,,,,pdf,,121300_19681104,
MI,Detroit Free Press,121300,2012,SENATOR,,United States Senate from Michigan,MI,"HOEKSTRA, PETE",Republican,0,,,,"2012 MI SEN R opp (Hoekstra, lost to Stabenow D inc); not endorsed [V2 Pattern A]",0.92,,,,,pdf,,121300_19681104,
MI,Detroit Free Press,121300,2014,SENATOR,,United States Senate from Michigan,MI,"LAND, TERRI LYNN",Republican,0,,,,"2014 MI SEN R opp (Land, lost to Peters D); not endorsed [V2 Pattern A]",0.92,,,,,pdf,,121300_19681104,
MI,Detroit Free Press,121300,2014,GOVERNOR,,Michigan Governor,MI,"SCHAUER, MARK",Democrat,0,,,,"2014 GOV D opp (Schauer, lost to Snyder R inc); not endorsed [V2 Pattern A]",0.92,,,,,pdf,,121300_19681104,
MI,Detroit Free Press,121300,2016,PRESIDENT,,United States,MI,"TRUMP, DONALD J.",Republican,0,,,,2016 PRES R opp (Trump won MI narrowly over Clinton); not endorsed [V2 Pattern A],0.92,,,,,pdf,,121300_19681104,
MI,Detroit Free Press,121300,2016,VICE PRESIDENT,,United States,MI,"KAINE, TIM",Democrat,1,,,,"2016 VP D - Clinton ticket, endorsed [V2 Pattern A]",0.88,,,,,pdf,,121300_19681104,
MI,Detroit Free Press,121300,2016,VICE PRESIDENT,,United States,MI,"PENCE, MIKE",Republican,0,,,,2016 VP R opp - Trump ticket [V2 Pattern A],0.92,,,,,pdf,,121300_19681104,
MI,Detroit Free Press,121300,2018,SENATOR,,United States Senate from Michigan,MI,"JAMES, JOHN",Republican,0,,,,"2018 MI SEN R opp (John James, lost to Stabenow D inc); not endorsed [V2 Pattern A]",0.92,,,,,pdf,,121300_19681104,
MI,Detroit Free Press,121300,2018,GOVERNOR,,Michigan Governor,MI,"SCHUETTE, BILL",Republican,0,,,,"2018 GOV R opp (Schuette AG, lost to Whitmer D); not endorsed [V2 Pattern A]",0.92,,,,,pdf,,121300_19681104,
MI,Detroit Free Press,121300,2020,PRESIDENT,,United States,MI,"TRUMP, DONALD J.",Republican,0,,1,,"2020 PRES R inc opp (Trump, lost MI to Biden); not endorsed [V2 Pattern A]",0.92,,,,,pdf,,121300_19681104,
MI,Detroit Free Press,121300,2020,VICE PRESIDENT,,United States,MI,"HARRIS, KAMALA",Democrat,1,,,,"2020 VP D - Biden ticket, endorsed [V2 Pattern A]",0.88,,,,,pdf,,121300_19681104,
MI,Detroit Free Press,121300,2020,VICE PRESIDENT,,United States,MI,"PENCE, MIKE",Republican,0,,1,,2020 VP R inc opp - Trump ticket [V2 Pattern A],0.92,,,,,pdf,,121300_19681104,
MI,Detroit Free Press,121300,2020,SENATOR,,United States Senate from Michigan,MI,"JAMES, JOHN",Republican,0,,,,"2020 MI SEN R opp (John James, lost rematch to Peters D inc); not endorsed [V2 Pattern A]",0.92,,,,,pdf,,121300_19681104,
MI,Detroit Free Press,121300,2022,GOVERNOR,,Michigan Governor,MI,"DIXON, TUDOR",Republican,0,,,,"2022 GOV R opp (Dixon, lost to Whitmer D inc); not endorsed [V2 Pattern A]",0.92,,,,,pdf,,121300_19681104,
MI,Detroit Free Press,121300,1990,ATTORNEY GENERAL,,Michigan Attorney General,MI,"PIERCE, DANIEL D.",Republican,0,,,,"1990 MI AG R opp (Pierce, lost to Kelley D inc); not endorsed [V2 Pattern A]",0.92,,,,,pdf,,121300_19681104,
MI,Detroit Free Press,121300,1994,ATTORNEY GENERAL,,Michigan Attorney General,MI,"SMIETANKA, JOHN",Republican,0,,,,"1994 MI AG R opp (Smietanka, lost to Kelley D inc); not endorsed [V2 Pattern A]",0.92,,,,,pdf,,121300_19681104,
MI,Detroit Free Press,121300,1978,ATTORNEY GENERAL,,Michigan Attorney General,MI,"KELLEY, FRANK J.",Democrat,0,1,,,1978 MI AG D inc opp (Kelley won despite DFP endorsing Bransdorfer R); not endorsed [V2 Pattern A],0.92,,,,,pdf,,121300_19681104,
MI,Detroit Free Press,121300,1998,ATTORNEY GENERAL,,Michigan Attorney General,MI,"SMIETANKA, JOHN",Republican,0,,,,"1998 MI AG R opp (Smietanka, lost to Granholm D); not endorsed [V2 Pattern A]",0.92,,,,,pdf,,121300_19681104,
MI,Detroit Free Press,121300,2002,ATTORNEY GENERAL,,Michigan Attorney General,MI,"COX, MIKE",Republican,0,,,,2002 MI AG R opp (Cox won despite DFP endorsing Peters D); not endorsed [V2 Pattern A],0.92,,,,,pdf,,121300_19681104,
MI,Detroit Free Press,121300,2006,ATTORNEY GENERAL,,Michigan Attorney General,MI,"WILLIAMS, AMOS",Democrat,0,,,,"2006 MI AG D opp (Williams, lost to Cox R inc); not endorsed [V2 Pattern A]",0.92,,,,,pdf,,121300_19681104,
MI,Detroit Free Press,121300,2014,ATTORNEY GENERAL,,Michigan Attorney General,MI,"SCHUETTE, BILL",Republican,0,,1,,2014 MI AG R inc opp (Schuette won despite DFP endorsing Totten D); not endorsed [V2 Pattern A],0.92,,,,,pdf,,121300_19681104,
MI,Detroit Free Press,121300,2018,ATTORNEY GENERAL,,Michigan Attorney General,MI,"LEONARD, TOM",Republican,0,,,,"2018 MI AG R opp (Leonard, lost to Nessel D); not endorsed [V2 Pattern A]",0.92,,,,,pdf,,121300_19681104,
MI,Detroit Free Press,121300,2022,ATTORNEY GENERAL,,Michigan Attorney General,MI,"DEPERNO, MATTHEW",Republican,0,,,,"2022 MI AG R opp (DePerno, lost to Nessel D inc); not endorsed [V2 Pattern A]",0.92,,,,,pdf,,121300_19681104,
MI,Detroit Free Press,121300,1998,SEC OF STATE,,Michigan Secretary of State,MI,"BERRYMAN, JIM",Democrat,0,,,,"1998 MI SoS D opp (Berryman, lost to Miller R); not endorsed [V2 Pattern A]",0.92,,,,,pdf,,121300_19681104,
MI,Detroit Free Press,121300,2002,SEC OF STATE,,Michigan Secretary of State,MI,"LAND, TERRI LYNN",Republican,0,,,,2002 MI SoS R opp (Land won despite DFP endorsing Hollowell D); not endorsed [V2 Pattern A],0.92,,,,,pdf,,121300_19681104,
MI,Detroit Free Press,121300,2006,SEC OF STATE,,Michigan Secretary of State,MI,"SABAUGH, CARMELLA",Democrat,0,,,,"2006 MI SoS D opp (Sabaugh, lost to Land R inc); not endorsed [V2 Pattern A]",0.92,,,,,pdf,,121300_19681104,
MI,Detroit Free Press,121300,2014,SEC OF STATE,,Michigan Secretary of State,MI,"DILLARD, GODFREY",Democrat,0,,,,"2014 MI SoS D opp (Dillard, lost to Johnson R inc); not endorsed [V2 Pattern A]",0.92,,,,,pdf,,121300_19681104,
MI,Detroit Free Press,121300,2018,SEC OF STATE,,Michigan Secretary of State,MI,"LANG, MARY TREDER",Republican,0,,,,"2018 MI SoS R opp (Lang, lost to Benson D); not endorsed [V2 Pattern A]",0.92,,,,,pdf,,121300_19681104,
MI,Detroit Free Press,121300,2022,SEC OF STATE,,Michigan Secretary of State,MI,"KARAMO, KRISTINA",Republican,0,,,,"2022 MI SoS R opp (Karamo, lost to Benson D inc); not endorsed [V2 Pattern A]",0.92,,,,,pdf,,121300_19681104,
MI,Detroit Free Press,121300,1990,STATE SENATOR,18,Michigan Senate District 18,MI,"POLLACK, LANA",Democrat,1,,,,"V9 add: STATE SENATOR d18 from 1990 recap image (Free Press Endorses, Mich. Senate / Elsewhere)",0.9,,,,,pdf,,121300_19901106,V9_ADD_image_verified
MI,Detroit Free Press,121300,1990,STATE SENATOR,20,Michigan Senate District 20,MI,"SCHWARZ, JOHN",Republican,1,,,,"V9 add: STATE SENATOR d20 from 1990 recap image (Free Press Endorses, Mich. Senate / Elsewhere)",0.9,,,,,pdf,,121300_19901106,V9_ADD_image_verified
MI,Detroit Free Press,121300,1990,STATE SENATOR,21,Michigan Senate District 21,MI,"RODEBAUGH, CHARLIE",Democrat,1,,,,"V9 add: STATE SENATOR d21 from 1990 recap image (Free Press Endorses, Mich. Senate / Elsewhere)",0.9,,,,,pdf,,121300_19901106,V9_ADD_image_verified
MI,Detroit Free Press,121300,1990,STATE SENATOR,22,Michigan Senate District 22,MI,"GAST, HARRY",Republican,1,,,,"V9 add: STATE SENATOR d22 from 1990 recap image (Free Press Endorses, Mich. Senate / Elsewhere)",0.9,,,,,pdf,,121300_19901106,V9_ADD_image_verified
MI,Detroit Free Press,121300,1990,STATE SENATOR,23,Michigan Senate District 23,MI,"VAN REGENMORTER, WILLIAM",Republican,1,,,,"V9 add: STATE SENATOR d23 from 1990 recap image (Free Press Endorses, Mich. Senate / Elsewhere)",0.9,,,,,pdf,,121300_19901106,V9_ADD_image_verified
MI,Detroit Free Press,121300,1990,STATE SENATOR,25,Michigan Senate District 25,MI,"CONROY, JOE",Democrat,1,,,,"V9 add: STATE SENATOR d25 from 1990 recap image (Free Press Endorses, Mich. Senate / Elsewhere)",0.9,,,,,pdf,,121300_19901106,V9_ADD_image_verified
MI,Detroit Free Press,121300,1990,STATE SENATOR,28,Michigan Senate District 28,MI,"DEGROW, DAN",Republican,1,,,,"V9 add: STATE SENATOR d28 from 1990 recap image (Free Press Endorses, Mich. Senate / Elsewhere)",0.9,,,,,pdf,,121300_19901106,V9_ADD_image_verified
MI,Detroit Free Press,121300,2000,H,1,U.S. House Michigan District 1,MI,"STUPAK, BART",Democrat,1,,,,"V9 add: U.S. House d1 from 2000 recap image (Nov.7 Election Endorsements, U.S. HOUSE)",0.95,,,,,pdf,,121300_20001105,V9_ADD_image_verified
MI,Detroit Free Press,121300,2000,H,2,U.S. House Michigan District 2,MI,"HOEKSTRA, PETER",Republican,1,,,,"V9 add: U.S. House d2 from 2000 recap image (Nov.7 Election Endorsements, U.S. HOUSE)",0.95,,,,,pdf,,121300_20001105,V9_ADD_image_verified
MI,Detroit Free Press,121300,2000,H,3,U.S. House Michigan District 3,MI,"EHLERS, VERNON",Republican,1,,,,"V9 add: U.S. House d3 from 2000 recap image (Nov.7 Election Endorsements, U.S. HOUSE)",0.95,,,,,pdf,,121300_20001105,V9_ADD_image_verified
MI,Detroit Free Press,121300,2000,H,4,U.S. House Michigan District 4,MI,"CAMP, DAVE",Republican,1,,,,"V9 add: U.S. House d4 from 2000 recap image (Nov.7 Election Endorsements, U.S. HOUSE)",0.95,,,,,pdf,,121300_20001105,V9_ADD_image_verified
MI,Detroit Free Press,121300,2000,H,5,U.S. House Michigan District 5,MI,"BARCIA, JAMES",Democrat,1,,,,"V9 add: U.S. House d5 from 2000 recap image (Nov.7 Election Endorsements, U.S. HOUSE)",0.95,,,,,pdf,,121300_20001105,V9_ADD_image_verified
MI,Detroit Free Press,121300,2000,H,6,U.S. House Michigan District 6,MI,"UPTON, FRED",Republican,1,,,,"V9 add: U.S. House d6 from 2000 recap image (Nov.7 Election Endorsements, U.S. HOUSE)",0.95,,,,,pdf,,121300_20001105,V9_ADD_image_verified
MI,Detroit Free Press,121300,2000,H,7,U.S. House Michigan District 7,MI,"SMITH, NICK",Republican,1,,,,"V9 add: U.S. House d7 from 2000 recap image (Nov.7 Election Endorsements, U.S. HOUSE)",0.95,,,,,pdf,,121300_20001105,V9_ADD_image_verified
MI,Detroit Free Press,121300,2000,H,8,U.S. House Michigan District 8,MI,"ROGERS, MIKE",Republican,1,,,,"V9 add: U.S. House d8 from 2000 recap image (Nov.7 Election Endorsements, U.S. HOUSE)",0.95,,,,,pdf,,121300_20001105,V9_ADD_image_verified
MI,Detroit Free Press,121300,2000,H,9,U.S. House Michigan District 9,MI,"KILDEE, DALE",Democrat,1,,,,"V9 add: U.S. House d9 from 2000 recap image (Nov.7 Election Endorsements, U.S. HOUSE)",0.95,,,,,pdf,,121300_20001105,V9_ADD_image_verified
MI,Detroit Free Press,121300,2000,H,10,U.S. House Michigan District 10,MI,"BONIOR, DAVID",Democrat,1,,,,"V9 add: U.S. House d10 from 2000 recap image (Nov.7 Election Endorsements, U.S. HOUSE)",0.95,,,,,pdf,,121300_20001105,V9_ADD_image_verified
MI,Detroit Free Press,121300,2000,H,11,U.S. House Michigan District 11,MI,"KNOLLENBERG, JOE",Republican,1,,,,"V9 add: U.S. House d11 from 2000 recap image (Nov.7 Election Endorsements, U.S. HOUSE)",0.95,,,,,pdf,,121300_20001105,V9_ADD_image_verified
MI,Detroit Free Press,121300,2000,H,12,U.S. House Michigan District 12,MI,"LEVIN, SANDER",Democrat,1,,,,"V9 add: U.S. House d12 from 2000 recap image (Nov.7 Election Endorsements, U.S. HOUSE)",0.95,,,,,pdf,,121300_20001105,V9_ADD_image_verified
MI,Detroit Free Press,121300,2000,H,13,U.S. House Michigan District 13,MI,"RIVERS, LYNN",Democrat,1,,,,"V9 add: U.S. House d13 from 2000 recap image (Nov.7 Election Endorsements, U.S. HOUSE)",0.95,,,,,pdf,,121300_20001105,V9_ADD_image_verified
MI,Detroit Free Press,121300,2000,H,14,U.S. House Michigan District 14,MI,"CONYERS, JOHN",Democrat,1,,,,"V9 add: U.S. House d14 from 2000 recap image (Nov.7 Election Endorsements, U.S. HOUSE)",0.95,,,,,pdf,,121300_20001105,V9_ADD_image_verified
MI,Detroit Free Press,121300,2000,H,15,U.S. House Michigan District 15,MI,"KILPATRICK, CAROLYN CHEEKS",Democrat,1,,,,"V9 add: U.S. House d15 from 2000 recap image (Nov.7 Election Endorsements, U.S. HOUSE)",0.95,,,,,pdf,,121300_20001105,V9_ADD_image_verified
MI,Detroit Free Press,121300,2000,H,16,U.S. House Michigan District 16,MI,"DINGELL, JOHN",Democrat,1,,,,"V9 add: U.S. House d16 from 2000 recap image (Nov.7 Election Endorsements, U.S. HOUSE)",0.95,,,,,pdf,,121300_20001105,V9_ADD_image_verified
MI,Detroit Free Press,121300,1984,STATE REP,5,Michigan House District 5,MI,"HUNTER, TEOLA",Democrat,1,,,,V9 add: STATE REP d5 from 1984 recap image (state house / Detroit area),0.9,,,,,pdf,,121300_19841106,V9_ADD_image_verified
MI,Detroit Free Press,121300,1984,STATE REP,6,Michigan House District 6,MI,"HOOD, MORRIS JR.",Democrat,1,,,,V9 add: STATE REP d6 from 1984 recap image (state house / Detroit area),0.9,,,,,pdf,,121300_19841106,V9_ADD_image_verified
MI,Detroit Free Press,121300,1986,COURT OF APPEALS,3,Michigan Court of Appeals 3rd District,MI,"NEFF, JANET T.",Nonpartisan,1,,,,V9 add: real 1986 statewide endorsee from recap image (replaced spurious record),0.9,,,,,pdf,,121300_19861102,V9_ADD_image_verified
MI,Detroit Free Press,121300,1986,REGENT,,University of Michigan Board of Regents,MI,"WATERS, JAMES L.",Democrat,1,,,,V9 add: real 1986 statewide endorsee from recap image (replaced spurious record),0.9,,,,,pdf,,121300_19861102,V9_ADD_image_verified
MI,Detroit Free Press,121300,1986,STATE BOARD OF ED,,State Board of Education,MI,"MILLER, ANNETTE",Democrat,1,,,,V9 add: real 1986 statewide endorsee from recap image (replaced spurious record),0.9,,,,,pdf,,121300_19861102,V9_ADD_image_verified
MI,Detroit Free Press,121300,1976,H,3,U.S. House Michigan District 3,MI,"WOLPE, HOWARD",Democrat,1,,,,V9 add: U.S. Congress d3 from 1976 recap image,0.93,,,,,pdf,,121300_19761101,V9_ADD_image_verified
MI,Detroit Free Press,121300,1976,H,4,U.S. House Michigan District 4,MI,"STOCKMAN, DAVE",Republican,1,,,,V9 add: U.S. Congress d4 from 1976 recap image,0.93,,,,,pdf,,121300_19761101,V9_ADD_image_verified
MI,Detroit Free Press,121300,1976,H,6,U.S. House Michigan District 6,MI,"CARR, BOB",Democrat,1,,,,V9 add: U.S. Congress d6 from 1976 recap image,0.93,,,,,pdf,,121300_19761101,V9_ADD_image_verified
MI,Detroit Free Press,121300,1976,H,7,U.S. House Michigan District 7,MI,"KILDEE, DALE E.",Democrat,1,,,,V9 add: U.S. Congress d7 from 1976 recap image,0.93,,,,,pdf,,121300_19761101,V9_ADD_image_verified
MI,Detroit Free Press,121300,1976,H,8,U.S. House Michigan District 8,MI,"TRAXLER, BOB",Democrat,1,,,,V9 add: U.S. Congress d8 from 1976 recap image,0.93,,,,,pdf,,121300_19761101,V9_ADD_image_verified
MI,Detroit Free Press,121300,1976,H,9,U.S. House Michigan District 9,MI,"VANDER JAGT, GUY A.",Republican,1,,,,V9 add: U.S. Congress d9 from 1976 recap image,0.93,,,,,pdf,,121300_19761101,V9_ADD_image_verified
MI,Detroit Free Press,121300,1976,H,10,U.S. House Michigan District 10,MI,"CEDERBERG, ELFORD A.",Republican,1,,,,V9 add: U.S. Congress d10 from 1976 recap image,0.93,,,,,pdf,,121300_19761101,V9_ADD_image_verified
MI,Detroit Free Press,121300,1976,H,11,U.S. House Michigan District 11,MI,"RUPPE, PHILIP E.",Republican,1,,,,V9 add: U.S. Congress d11 from 1976 recap image,0.93,,,,,pdf,,121300_19761101,V9_ADD_image_verified
MI,Detroit Free Press,121300,1976,H,12,U.S. House Michigan District 12,MI,"BONIOR, DAVID E.",Democrat,1,,,,V9 add: U.S. Congress d12 from 1976 recap image,0.93,,,,,pdf,,121300_19761101,V9_ADD_image_verified
MI,Detroit Free Press,121300,1976,H,13,U.S. House Michigan District 13,MI,"DIGGS, CHARLES C. JR.",Democrat,1,,,,V9 add: U.S. Congress d13 from 1976 recap image,0.93,,,,,pdf,,121300_19761101,V9_ADD_image_verified
MI,Detroit Free Press,121300,1976,H,14,U.S. House Michigan District 14,MI,"NEDZI, LUCIEN N.",Democrat,1,,,,V9 add: U.S. Congress d14 from 1976 recap image,0.93,,,,,pdf,,121300_19761101,V9_ADD_image_verified
MI,Detroit Free Press,121300,1976,H,15,U.S. House Michigan District 15,MI,"FORD, WILLIAM D.",Democrat,1,,,,V9 add: U.S. Congress d15 from 1976 recap image,0.93,,,,,pdf,,121300_19761101,V9_ADD_image_verified
MI,Detroit Free Press,121300,1976,H,16,U.S. House Michigan District 16,MI,"DINGELL, JOHN D.",Democrat,1,,,,V9 add: U.S. Congress d16 from 1976 recap image,0.93,,,,,pdf,,121300_19761101,V9_ADD_image_verified
MI,Detroit Free Press,121300,1976,H,17,U.S. House Michigan District 17,MI,"BRODHEAD, WILLIAM M.",Democrat,1,,,,V9 add: U.S. Congress d17 from 1976 recap image,0.93,,,,,pdf,,121300_19761101,V9_ADD_image_verified
MI,Detroit Free Press,121300,1976,H,18,U.S. House Michigan District 18,MI,"BLANCHARD, JAMES J.",Democrat,1,,,,V9 add: U.S. Congress d18 from 1976 recap image,0.93,,,,,pdf,,121300_19761101,V9_ADD_image_verified
MI,Detroit Free Press,121300,2008,H,1,U.S. House Michigan District 1,MI,"STUPAK, BART",Democrat,1,,,,V9 add: U.S. House d1 from 2008 recap image,0.93,,,,,pdf,,121300_20081104,V9_ADD_image_verified
MI,Detroit Free Press,121300,2008,H,2,U.S. House Michigan District 2,MI,"HOEKSTRA, PETER",Republican,1,,,,V9 add: U.S. House d2 from 2008 recap image,0.93,,,,,pdf,,121300_20081104,V9_ADD_image_verified
MI,Detroit Free Press,121300,2008,H,3,U.S. House Michigan District 3,MI,"EHLERS, VERN",Republican,1,,,,V9 add: U.S. House d3 from 2008 recap image,0.93,,,,,pdf,,121300_20081104,V9_ADD_image_verified
MI,Detroit Free Press,121300,1968,AUDITOR,,Wayne County Auditor,MI,"WILLIAMS, JOHN F.",Nonpartisan,1,,,,V9c add: image-verified missing endorsement (AUDITOR ) from 1968 recap,0.9,,,,,pdf,,121300_19681104,V9c_ADD_image_verified
MI,Detroit Free Press,121300,1968,REGISTER OF DEEDS,,Wayne County Register of Deeds,MI,"YOUNGBLOOD, BERNARD J.",Nonpartisan,1,,,,V9c add: image-verified missing endorsement (REGISTER OF DEEDS ) from 1968 recap,0.9,,,,,pdf,,121300_19681104,V9c_ADD_image_verified
MI,Detroit Free Press,121300,1968,DRAIN COMMISSIONER,,Wayne County Drain Commissioner,MI,"HERRICK, HENRY V.",Nonpartisan,1,,,,V9c add: image-verified missing endorsement (DRAIN COMMISSIONER ) from 1968 recap,0.9,,,,,pdf,,121300_19681104,V9c_ADD_image_verified
MI,Detroit Free Press,121300,1968,CITY COUNCIL,,Detroit Common Council,MI,"EBERHARD, DAVID",Nonpartisan,1,,,,V9c add: image-verified missing endorsement (CITY COUNCIL ) from 1968 recap,0.9,,,,,pdf,,121300_19681104,V9c_ADD_image_verified
MI,Detroit Free Press,121300,1968,CITY COUNCIL,,Detroit Common Council,MI,"TINDAL, ROBERT",Nonpartisan,1,,,,V9c add: image-verified missing endorsement (CITY COUNCIL ) from 1968 recap,0.9,,,,,pdf,,121300_19681104,V9c_ADD_image_verified
MI,Detroit Free Press,121300,1968,SCHOOL BOARD,,Detroit Board of Education,MI,"ERNST, CONSTANCE W.",Nonpartisan,1,,,,V9c add: image-verified missing endorsement (SCHOOL BOARD ) from 1968 recap,0.9,,,,,pdf,,121300_19681104,V9c_ADD_image_verified
MI,Detroit Free Press,121300,1968,SCHOOL BOARD,,Detroit Board of Education,MI,"PERDUE, ANDREW W.",Nonpartisan,1,,,,V9c add: image-verified missing endorsement (SCHOOL BOARD ) from 1968 recap,0.9,,,,,pdf,,121300_19681104,V9c_ADD_image_verified
MI,Detroit Free Press,121300,1968,JUDGE,,Detroit Common Pleas Court,MI,"O'BRIEN, JOHN P.",Nonpartisan,1,,,,V9c add: image-verified missing endorsement (JUDGE ) from 1968 recap,0.9,,,,,pdf,,121300_19681104,V9c_ADD_image_verified
MI,Detroit Free Press,121300,1968,JUDGE,,Detroit Common Pleas Court,MI,"RODGERS, JULIAN P. JR.",Nonpartisan,1,,,,V9c add: image-verified missing endorsement (JUDGE ) from 1968 recap,0.9,,,,,pdf,,121300_19681104,V9c_ADD_image_verified
MI,Detroit Free Press,121300,1968,JUDGE,,Detroit Common Pleas Court,MI,"STANCZYK, BENJAMIN C.",Nonpartisan,1,,,,V9c add: image-verified missing endorsement (JUDGE ) from 1968 recap,0.9,,,,,pdf,,121300_19681104,V9c_ADD_image_verified
MI,Detroit Free Press,121300,1970,SCHOOL BOARD,,Detroit Central School Board,MI,"GOLIGHTLY, CORNELIUS",Nonpartisan,1,,,,V9c add: image-verified missing endorsement (SCHOOL BOARD ) from 1970 recap,0.9,,,,,pdf,,121300_19701102,V9c_ADD_image_verified
MI,Detroit Free Press,121300,1970,SCHOOL BOARD,,Detroit Central School Board,MI,"ULMER, ABRAHAM",Nonpartisan,1,,,,V9c add: image-verified missing endorsement (SCHOOL BOARD ) from 1970 recap,0.9,,,,,pdf,,121300_19701102,V9c_ADD_image_verified
MI,Detroit Free Press,121300,1978,H,9,U.S. House Michigan District 9,MI,"VANDER JAGT, GUY A.",Republican,1,,,,V9c add: image-verified missing endorsement (H 9) from 1978 recap,0.9,,,,,pdf,,121300_19781106,V9c_ADD_image_verified
MI,Detroit Free Press,121300,1978,STATE REP,20,Michigan House District 20,MI,"WATKINS, JUANITA",Democrat,1,,,,V9c add: image-verified missing endorsement (STATE REP 20) from 1978 recap,0.9,,,,,pdf,,121300_19781106,V9c_ADD_image_verified
MI,Detroit Free Press,121300,1978,STATE REP,35,Michigan House District 35,MI,"KIRKSEY, JACK",Republican,1,,,,V9c add: image-verified missing endorsement (STATE REP 35) from 1978 recap,0.9,,,,,pdf,,121300_19781106,V9c_ADD_image_verified
MI,Detroit Free Press,121300,1978,STATE REP,63,Michigan House District 63,MI,"MCNAMEE, RUTH B.",Republican,1,,,,V9c add: image-verified missing endorsement (STATE REP 63) from 1978 recap,0.9,,,,,pdf,,121300_19781106,V9c_ADD_image_verified
MI,Detroit Free Press,121300,1978,STATE REP,65,Michigan House District 65,MI,"DEFEBAUGH, JAMES E.",Republican,1,,,,V9c add: image-verified missing endorsement (STATE REP 65) from 1978 recap,0.9,,,,,pdf,,121300_19781106,V9c_ADD_image_verified
MI,Detroit Free Press,121300,1978,STATE REP,66,Michigan House District 66,MI,"DAVIS, GEOFFREY",Republican,1,,,,V9c add: image-verified missing endorsement (STATE REP 66) from 1978 recap,0.9,,,,,pdf,,121300_19781106,V9c_ADD_image_verified
MI,Detroit Free Press,121300,1978,STATE REP,78,Michigan House District 78,MI,"BURKHALTER, LARRY E.",Democrat,1,,,,V9c add: image-verified missing endorsement (STATE REP 78) from 1978 recap,0.9,,,,,pdf,,121300_19781106,V9c_ADD_image_verified
MI,Detroit Free Press,121300,1978,STATE SENATOR,9,Michigan Senate District 9,MI,"ELDRIDGE, WILLIAM R.",Republican,1,,,,V9c add: image-verified missing endorsement (STATE SENATOR 9) from 1978 recap,0.9,,,,,pdf,,121300_19781106,V9c_ADD_image_verified
MI,Detroit Free Press,121300,1978,STATE SENATOR,25,Michigan Senate District 25,MI,"CORBIN, GARY G.",Democrat,1,,,,V9c add: image-verified missing endorsement (STATE SENATOR 25) from 1978 recap,0.9,,,,,pdf,,121300_19781106,V9c_ADD_image_verified
MI,Detroit Free Press,121300,1978,STATE SENATOR,28,Michigan Senate District 28,MI,"DEGROW, ALVIN",Republican,1,,,,V9c add: image-verified missing endorsement (STATE SENATOR 28) from 1978 recap,0.9,,,,,pdf,,121300_19781106,V9c_ADD_image_verified
MI,Detroit Free Press,121300,1978,STATE SENATOR,30,Michigan Senate District 30,MI,"ALLEN, RICHARD J.",Republican,1,,,,V9c add: image-verified missing endorsement (STATE SENATOR 30) from 1978 recap,0.9,,,,,pdf,,121300_19781106,V9c_ADD_image_verified
MI,Detroit Free Press,121300,1978,SUPREME COURT,,Michigan Supreme Court,MI,"RYAN, JAMES",Nonpartisan,1,,,,V9c add: image-verified missing endorsement (SUPREME COURT ) from 1978 recap,0.9,,,,,pdf,,121300_19781106,V9c_ADD_image_verified
MI,Detroit Free Press,121300,1978,REGENT,,University of Michigan Board of Regents,MI,"WATERS, JAMES",Democrat,1,,,,V9c add: image-verified missing endorsement (REGENT ) from 1978 recap,0.9,,,,,pdf,,121300_19781106,V9c_ADD_image_verified
MI,Detroit Free Press,121300,1982,STATE SENATOR,11,Michigan Senate District 11,MI,"HARRINGTON, PATRICK",Democrat,1,,,,V9c add: image-verified missing endorsement (STATE SENATOR 11) from 1982 recap,0.9,,,,,pdf,,121300_19821102,V9c_ADD_image_verified
MI,Detroit Free Press,121300,1982,STATE SENATOR,18,Michigan Senate District 18,MI,"POLLACK, LANA",Democrat,1,,,,V9c add: image-verified missing endorsement (STATE SENATOR 18) from 1982 recap,0.9,,,,,pdf,,121300_19821102,V9c_ADD_image_verified
MI,Detroit Free Press,121300,1982,STATE SENATOR,24,Michigan Senate District 24,MI,"SEDERBURG, WILLIAM",Republican,1,,,,V9c add: image-verified missing endorsement (STATE SENATOR 24) from 1982 recap,0.9,,,,,pdf,,121300_19821102,V9c_ADD_image_verified
MI,Detroit Free Press,121300,1982,STATE REP,63,Michigan House District 63,MI,"KREMM, VICKI",Democrat,1,,,,V9c add: image-verified missing endorsement (STATE REP 63) from 1982 recap,0.9,,,,,pdf,,121300_19821102,V9c_ADD_image_verified
MI,Detroit Free Press,121300,1982,STATE REP,36,Michigan House District 36,MI,"JOYNER, R. WILLIAM",Democrat,1,,,,V9c add: image-verified missing endorsement (STATE REP 36) from 1982 recap,0.9,,,,,pdf,,121300_19821102,V9c_ADD_image_verified
MI,Detroit Free Press,121300,1982,STATE REP,38,Michigan House District 38,MI,"SKREL, SYLVIA",Republican,1,,,,V9c add: image-verified missing endorsement (STATE REP 38) from 1982 recap,0.9,,,,,pdf,,121300_19821102,V9c_ADD_image_verified
MI,Detroit Free Press,121300,1982,STATE REP,26,Michigan House District 26,MI,"PARROTT, MARY ELLEN",Democrat,1,,,,V9c add: image-verified missing endorsement (STATE REP 26) from 1982 recap,0.9,,,,,pdf,,121300_19821102,V9c_ADD_image_verified
MI,Detroit Free Press,121300,1982,STATE REP,64,Michigan House District 64,MI,"BERMAN, MAXINE",Democrat,1,,,,V9c add: image-verified missing endorsement (STATE REP 64) from 1982 recap,0.9,,,,,pdf,,121300_19821102,V9c_ADD_image_verified
MI,Detroit Free Press,121300,1982,STATE REP,76,Michigan House District 76,MI,"DOCHERTY, JIM",Democrat,1,,,,V9c add: image-verified missing endorsement (STATE REP 76) from 1982 recap,0.9,,,,,pdf,,121300_19821102,V9c_ADD_image_verified
MI,Detroit Free Press,121300,1982,STATE REP,84,Michigan House District 84,MI,"BURKHALTER, LARRY",Democrat,1,,,,V9c add: image-verified missing endorsement (STATE REP 84) from 1982 recap,0.9,,,,,pdf,,121300_19821102,V9c_ADD_image_verified
MI,Detroit Free Press,121300,1982,STATE BOARD OF ED,,State Board of Education,MI,"HUTTON, CARROLL",Democrat,1,,,,V9c add: image-verified missing endorsement (STATE BOARD OF ED ) from 1982 recap,0.9,,,,,pdf,,121300_19821102,V9c_ADD_image_verified
MI,Detroit Free Press,121300,1982,CNTY COMM,4,Wayne County Commission District 4,MI,"CURRIE, JACKIE L.",Democrat,1,,,,V9c add: image-verified missing endorsement (CNTY COMM 4) from 1982 recap,0.9,,,,,pdf,,121300_19821102,V9c_ADD_image_verified
MI,Detroit Free Press,121300,1982,SCHOOL BOARD,4,Detroit Board of Education District 4,MI,"KAMINSKY, BERTHA",Nonpartisan,1,,,,V9c add: image-verified missing endorsement (SCHOOL BOARD 4) from 1982 recap,0.9,,,,,pdf,,121300_19821102,V9c_ADD_image_verified
MI,Detroit Free Press,121300,1982,SCHOOL BOARD,7,Detroit Board of Education District 7,MI,"BATES, ALONZO",Nonpartisan,1,,,,V9c add: image-verified missing endorsement (SCHOOL BOARD 7) from 1982 recap,0.9,,,,,pdf,,121300_19821102,V9c_ADD_image_verified
MI,Detroit Free Press,121300,1988,SENATOR,,United States Senate from Michigan,MI,"RIEGLE, DONALD",Democrat,1,,,,V9c add: image-verified missing endorsement (SENATOR ) from 1988 recap,0.9,,,,,pdf,,121300_19881106,V9c_ADD_image_verified
MI,Detroit Free Press,121300,1988,H,8,U.S. House Michigan District 8,MI,"TRAXLER, BOB",Democrat,1,,,,V9c add: image-verified missing endorsement (H 8) from 1988 recap,0.9,,,,,pdf,,121300_19881106,V9c_ADD_image_verified
MI,Detroit Free Press,121300,1988,H,9,U.S. House Michigan District 9,MI,"VANDER JAGT, GUY",Republican,1,,,,V9c add: image-verified missing endorsement (H 9) from 1988 recap,0.9,,,,,pdf,,121300_19881106,V9c_ADD_image_verified
MI,Detroit Free Press,121300,1988,H,11,U.S. House Michigan District 11,MI,"DAVIS, ROBERT",Republican,1,,,,V9c add: image-verified missing endorsement (H 11) from 1988 recap,0.9,,,,,pdf,,121300_19881106,V9c_ADD_image_verified
MI,Detroit Free Press,121300,1988,H,12,U.S. House Michigan District 12,MI,"BONIOR, DAVID",Democrat,1,,,,V9c add: image-verified missing endorsement (H 12) from 1988 recap,0.9,,,,,pdf,,121300_19881106,V9c_ADD_image_verified
MI,Detroit Free Press,121300,1988,H,13,U.S. House Michigan District 13,MI,"CROCKETT, GEORGE JR.",Democrat,1,,,,V9c add: image-verified missing endorsement (H 13) from 1988 recap,0.9,,,,,pdf,,121300_19881106,V9c_ADD_image_verified
MI,Detroit Free Press,121300,1988,H,14,U.S. House Michigan District 14,MI,"HERTEL, DENNIS",Democrat,1,,,,V9c add: image-verified missing endorsement (H 14) from 1988 recap,0.9,,,,,pdf,,121300_19881106,V9c_ADD_image_verified
MI,Detroit Free Press,121300,1988,H,15,U.S. House Michigan District 15,MI,"FORD, WILLIAM",Democrat,1,,,,V9c add: image-verified missing endorsement (H 15) from 1988 recap,0.9,,,,,pdf,,121300_19881106,V9c_ADD_image_verified
MI,Detroit Free Press,121300,1988,H,16,U.S. House Michigan District 16,MI,"DINGELL, JOHN",Democrat,1,,,,V9c add: image-verified missing endorsement (H 16) from 1988 recap,0.9,,,,,pdf,,121300_19881106,V9c_ADD_image_verified
MI,Detroit Free Press,121300,1988,H,17,U.S. House Michigan District 17,MI,"LEVIN, SANDER",Democrat,1,,,,V9c add: image-verified missing endorsement (H 17) from 1988 recap,0.9,,,,,pdf,,121300_19881106,V9c_ADD_image_verified
MI,Detroit Free Press,121300,1988,TRUSTEE,,Michigan State University Board of Trustees,MI,"WEISS, ROBERT E.",Democrat,1,,,,V9c add: image-verified missing endorsement (TRUSTEE ) from 1988 recap,0.9,,,,,pdf,,121300_19881106,V9c_ADD_image_verified
MI,Detroit Free Press,121300,1988,REGENT,,University of Michigan Board of Regents,MI,"VARNER, NELLIE",Democrat,1,,,,V9c add: image-verified missing endorsement (REGENT ) from 1988 recap,0.9,,,,,pdf,,121300_19881106,V9c_ADD_image_verified
MI,Detroit Free Press,121300,1988,STATE REP,34,Michigan House District 34,MI,"BENNETT, JOHN",Democrat,1,,,,V9c add: image-verified missing endorsement (STATE REP 34) from 1988 recap,0.9,,,,,pdf,,121300_19881106,V9c_ADD_image_verified
MI,Detroit Free Press,121300,1988,STATE REP,35,Michigan House District 35,MI,"BANKES, LYN R.",Republican,1,,,,V9c add: image-verified missing endorsement (STATE REP 35) from 1988 recap,0.9,,,,,pdf,,121300_19881106,V9c_ADD_image_verified
MI,Detroit Free Press,121300,1988,STATE REP,38,Michigan House District 38,MI,"BARNS, JUSTINE",Democrat,1,,,,V9c add: image-verified missing endorsement (STATE REP 38) from 1988 recap,0.9,,,,,pdf,,121300_19881106,V9c_ADD_image_verified
MI,Detroit Free Press,121300,1988,STATE REP,42,Michigan House District 42,MI,"OXENDER, GLENN",Republican,1,,,,V9c add: image-verified missing endorsement (STATE REP 42) from 1988 recap,0.9,,,,,pdf,,121300_19881106,V9c_ADD_image_verified
MI,Detroit Free Press,121300,1988,STATE REP,48,Michigan House District 48,MI,"GILMER, DONALD",Republican,1,,,,V9c add: image-verified missing endorsement (STATE REP 48) from 1988 recap,0.9,,,,,pdf,,121300_19881106,V9c_ADD_image_verified
MI,Detroit Free Press,121300,1988,STATE REP,50,Michigan House District 50,MI,"GRIFFIN, MICHAEL",Democrat,1,,,,V9c add: image-verified missing endorsement (STATE REP 50) from 1988 recap,0.9,,,,,pdf,,121300_19881106,V9c_ADD_image_verified
MI,Detroit Free Press,121300,1988,STATE REP,51,Michigan House District 51,MI,"MUNSELL, SUSAN GRIMES",Republican,1,,,,V9c add: image-verified missing endorsement (STATE REP 51) from 1988 recap,0.9,,,,,pdf,,121300_19881106,V9c_ADD_image_verified
MI,Detroit Free Press,121300,1988,STATE REP,82,Michigan House District 82,MI,"SCOTT, THOMAS E.",Democrat,1,,,,V9c add: image-verified missing endorsement (STATE REP 82) from 1988 recap,0.9,,,,,pdf,,121300_19881106,V9c_ADD_image_verified
MI,Detroit Free Press,121300,1988,STATE REP,83,Michigan House District 83,MI,"HART, KAY",Democrat,1,,,,V9c add: image-verified missing endorsement (STATE REP 83) from 1988 recap,0.9,,,,,pdf,,121300_19881106,V9c_ADD_image_verified
MI,Detroit Free Press,121300,1988,STATE REP,85,Michigan House District 85,MI,"O'NEILL, JAMES JR.",Democrat,1,,,,V9c add: image-verified missing endorsement (STATE REP 85) from 1988 recap,0.9,,,,,pdf,,121300_19881106,V9c_ADD_image_verified
MI,Detroit Free Press,121300,1988,STATE REP,90,Michigan House District 90,MI,"KRAUSE, VICTOR C.",Republican,1,,,,V9c add: image-verified missing endorsement (STATE REP 90) from 1988 recap,0.9,,,,,pdf,,121300_19881106,V9c_ADD_image_verified
MI,Detroit Free Press,121300,1988,STATE REP,95,Michigan House District 95,MI,"HOEKMAN, ALVIN",Republican,1,,,,V9c add: image-verified missing endorsement (STATE REP 95) from 1988 recap,0.9,,,,,pdf,,121300_19881106,V9c_ADD_image_verified
MI,Detroit Free Press,121300,1988,STATE REP,96,Michigan House District 96,MI,"KNIGHT, MICKEY",Republican,1,,,,V9c add: image-verified missing endorsement (STATE REP 96) from 1988 recap,0.9,,,,,pdf,,121300_19881106,V9c_ADD_image_verified
MI,Detroit Free Press,121300,1988,STATE REP,16,Michigan House District 16,MI,"WATKINS, JUANITA",Democrat,1,,,,V9c add: image-verified missing endorsement (STATE REP 16) from 1988 recap,0.9,,,,,pdf,,121300_19881106,V9c_ADD_image_verified
MI,Detroit Free Press,121300,1996,H,8,U.S. House Michigan District 8,MI,"STABENOW, DEBBIE",Democrat,1,,,,V9c add: image-verified missing endorsement (H 8) from 1996 recap,0.9,,,,,pdf,,121300_19961105,V9c_ADD_image_verified
MI,Detroit Free Press,121300,1996,STATE REP,29,Michigan House District 29,MI,"RICE, STEVE",Republican,1,,,,V9c add: image-verified missing endorsement (STATE REP 29) from 1996 recap,0.9,,,,,pdf,,121300_19961105,V9c_ADD_image_verified
MI,Detroit Free Press,121300,1996,STATE REP,30,Michigan House District 30,MI,"ROCCA, SUE",Republican,1,,,,V9c add: image-verified missing endorsement (STATE REP 30) from 1996 recap,0.9,,,,,pdf,,121300_19961105,V9c_ADD_image_verified
MI,Detroit Free Press,121300,1996,DA/PROSECUTOR,,Wayne County Prosecutor,MI,"O'HAIR, JOHN",Democrat,1,,,,V9c add: image-verified missing endorsement (DA/PROSECUTOR ) from 1996 recap,0.9,,,,,pdf,,121300_19961105,V9c_ADD_image_verified
MI,Detroit Free Press,121300,1996,DA/PROSECUTOR,,Oakland County Prosecutor,MI,"KAPLAN, STEVEN",Democrat,1,,,,V9c add: image-verified missing endorsement (DA/PROSECUTOR ) from 1996 recap,0.9,,,,,pdf,,121300_19961105,V9c_ADD_image_verified
MI,Detroit Free Press,121300,1996,DA/PROSECUTOR,,Macomb County Prosecutor,MI,"DAVIS, LINDA",Republican,1,,,,V9c add: image-verified missing endorsement (DA/PROSECUTOR ) from 1996 recap,0.9,,,,,pdf,,121300_19961105,V9c_ADD_image_verified
MI,Detroit Free Press,121300,1998,H,9,U.S. House Michigan District 9,MI,"KILDEE, DALE",Democrat,1,,,,V9c add: image-verified missing endorsement (H 9) from 1998 recap,0.9,,,,,pdf,,121300_19981101,V9c_ADD_image_verified
MI,Detroit Free Press,121300,1998,STATE REP,39,Michigan House District 39,MI,"BRICKNER, MAXINE",Republican,1,,,,V9c add: image-verified missing endorsement (STATE REP 39) from 1998 recap,0.9,,,,,pdf,,121300_19981101,V9c_ADD_image_verified
MI,Detroit Free Press,121300,1998,STATE SENATOR,15,Michigan Senate District 15,MI,"FULLER, S. RUTH",Democrat,1,,,,V9c add: image-verified missing endorsement (STATE SENATOR 15) from 1998 recap,0.9,,,,,pdf,,121300_19981101,V9c_ADD_image_verified
MI,Detroit Free Press,121300,1998,STATE SENATOR,11,Michigan Senate District 11,MI,"DEBEAUSSAERT, KEN",Democrat,1,,,,V9c add: image-verified missing endorsement (STATE SENATOR 11) from 1998 recap,0.9,,,,,pdf,,121300_19981101,V9c_ADD_image_verified
MI,Detroit Free Press,121300,2002,STATE REP,40,Michigan House District 40,MI,"WEISBERG, SHELLI",Democrat,1,,,,V9c add: image-verified missing endorsement (STATE REP 40) from 2002 recap,0.9,,,,,pdf,,121300_20021103,V9c_ADD_image_verified
MI,Detroit Free Press,121300,2002,STATE REP,41,Michigan House District 41,MI,"PAPPAGEORGE, JOHN",Republican,1,,,,V9c add: image-verified missing endorsement (STATE REP 41) from 2002 recap,0.9,,,,,pdf,,121300_20021103,V9c_ADD_image_verified
MI,Detroit Free Press,121300,2002,STATE REP,43,Michigan House District 43,MI,"FORTINO, BETTY",Democrat,1,,,,V9c add: image-verified missing endorsement (STATE REP 43) from 2002 recap,0.9,,,,,pdf,,121300_20021103,V9c_ADD_image_verified
MI,Detroit Free Press,121300,2002,STATE REP,44,Michigan House District 44,MI,"STAKOE, JOHN",Republican,1,,,,V9c add: image-verified missing endorsement (STATE REP 44) from 2002 recap,0.9,,,,,pdf,,121300_20021103,V9c_ADD_image_verified
MI,Detroit Free Press,121300,2002,STATE REP,45,Michigan House District 45,MI,"GARFIELD, JOHN",Republican,1,,,,V9c add: image-verified missing endorsement (STATE REP 45) from 2002 recap,0.9,,,,,pdf,,121300_20021103,V9c_ADD_image_verified
MI,Detroit Free Press,121300,2012,STATE REP,16,Michigan House District 16,MI,"KOSOWSKI, ROBERT",Democrat,1,,,,V9c add: image-verified missing endorsement (STATE REP 16) from 2012 recap,0.9,,,,,pdf,,121300_20121106,V9c_ADD_image_verified
MI,Detroit Free Press,121300,2012,STATE REP,46,Michigan House District 46,MI,"JACOBSEN, BRADFORD",Republican,1,,,,V9c add: image-verified missing endorsement (STATE REP 46) from 2012 recap,0.9,,,,,pdf,,121300_20121106,V9c_ADD_image_verified
MI,Detroit Free Press,121300,1984,H,6,U.S. House Michigan District 6,MI,"CARR, M. ROBERT",Democrat,1,,,,V9c add: image-verified missing endorsement H d6 (1984 gap-year pass),0.9,,,,,pdf,,121300_19841106,V9c_ADD_image_verified
MI,Detroit Free Press,121300,1984,H,10,U.S. House Michigan District 10,MI,"SCHUETTE, BILL",Republican,1,,,,V9c add: image-verified missing endorsement H d10 (1984 gap-year pass),0.9,,,,,pdf,,121300_19841106,V9c_ADD_image_verified
MI,Detroit Free Press,121300,1984,H,11,U.S. House Michigan District 11,MI,"STEWART, TOM",Democrat,1,,,,V9c add: image-verified missing endorsement H d11 (1984 gap-year pass),0.9,,,,,pdf,,121300_19841106,V9c_ADD_image_verified
MI,Detroit Free Press,121300,1986,STATE REP,16,Michigan House District 16,MI,"WATKINS, JUANITA",Democrat,1,,,,V9c add: image-verified missing endorsement STATE REP d16 (1986 gap-year pass),0.9,,,,,pdf,,121300_19861102,V9c_ADD_image_verified
MI,Detroit Free Press,121300,1986,STATE REP,88,Michigan House District 88,MI,"BENDER, ROBERT",Republican,1,,,,V9c add: image-verified missing endorsement STATE REP d88 (1986 gap-year pass),0.9,,,,,pdf,,121300_19861102,V9c_ADD_image_verified
MI,Detroit Free Press,121300,1990,STATE REP,54,Michigan House District 54,MI,"HILLEGONDS, PAUL",Republican,1,,,,V9c add: image-verified missing endorsement STATE REP d54 (1990 gap-year pass),0.9,,,,,pdf,,121300_19901106,V9c_ADD_image_verified
MI,Detroit Free Press,121300,1990,STATE REP,56,Michigan House District 56,MI,"FITZGERALD, FRANK M.",Republican,1,,,,V9c add: image-verified missing endorsement STATE REP d56 (1990 gap-year pass),0.9,,,,,pdf,,121300_19901106,V9c_ADD_image_verified
MI,Detroit Free Press,121300,1990,STATE REP,57,Michigan House District 57,MI,"HOLLISTER, DAVID",Democrat,1,,,,V9c add: image-verified missing endorsement STATE REP d57 (1990 gap-year pass),0.9,,,,,pdf,,121300_19901106,V9c_ADD_image_verified
MI,Detroit Free Press,121300,1990,STATE REP,61,Michigan House District 61,MI,"MILLER, FRED",Democrat,1,,,,V9c add: image-verified missing endorsement STATE REP d61 (1990 gap-year pass),0.9,,,,,pdf,,121300_19901106,V9c_ADD_image_verified
MI,Detroit Free Press,121300,1990,STATE REP,67,Michigan House District 67,MI,"GUBOW, DAVID",Democrat,1,,,,V9c add: image-verified missing endorsement STATE REP d67 (1990 gap-year pass),0.9,,,,,pdf,,121300_19901106,V9c_ADD_image_verified
MI,Detroit Free Press,121300,1990,H,2,U.S. House Michigan District 2,MI,"PURSELL, CARL D.",Republican,1,,,,V9c add: image-verified missing endorsement H d2 (1990 gap-year pass),0.9,,,,,pdf,,121300_19901106,V9c_ADD_image_verified
MI,Detroit Free Press,121300,2004,STATE REP,14,Michigan House District 14,MI,"CLEMENTE, ED",Democrat,1,,,,V9c add: image-verified missing endorsement STATE REP d14 (2004 gap-year pass),0.9,,,,,pdf,,121300_20041102,V9c_ADD_image_verified
MI,Detroit Free Press,121300,2004,STATE REP,37,Michigan House District 37,MI,"VAGNOZZI, ALDO",Democrat,1,,,,V9c add: image-verified missing endorsement STATE REP d37 (2004 gap-year pass),0.9,,,,,pdf,,121300_20041102,V9c_ADD_image_verified
