state_newspaper,newspaper,newspaper_id,year,office,dist,dname,state_election,cand_name,party,endorsed,d_inc,r_inc,o_inc,notes_endorse,extraction_confidence
CA,San Francisco Examiner,104252,1944,PRESIDENT,,San Francisco,CA,"DEWEY, THOMAS E.",Republican,1,,,,ENDORSED; THE EXAMINER RECOMMENDS LIST; FOR PRESIDENT,0.95
CA,San Francisco Examiner,104252,1944,VICE PRESIDENT,,San Francisco,CA,"BRICKER, JOHN W.",Republican,1,,,,ENDORSED; THE EXAMINER RECOMMENDS LIST; FOR VICE PRESIDENT,0.95
CA,San Francisco Examiner,104252,1944,SENATOR,,San Francisco,CA,"HOUSER, FREDERICK F.",Republican,1,,,,STRONG ENDORSEMENT; THE EXAMINER RECOMMENDS LIST AND AN INEVITABLE CHOICE EDITORIAL; LT GOVERNOR OF CALIFORNIA; UNDOUBTED ABILITY VIGOR AND INTEGRITY; BROADER EXPERIENCE BETTER TESTED COURAGE KEENER FORESIGHT; CONSTRUCTIVE MIND; SERVED WITH DISTINCTION ON EVERY PHASE OF STATE GOVERNMENT; PRESIDING OFFICER OF STATE SENATE; ELECTION SHOULD BE EMPHATIC AND DECISIVE,0.95
CA,San Francisco Examiner,104252,1944,SENATOR,,San Francisco,CA,"DOWNEY, SHERIDAN",Democrat,0,1,,,OPPOSED; AN INEVITABLE CHOICE EDITORIAL; INCUMBENT; WEAK INEFFECTIVE AND OFTEN COMPLETELY ABSENT; HOUSER ENDORSED OVER DOWNEY; SUPERIORITY OF HOUSER NOT SERIOUSLY QUESTIONED,0.95
CA,San Francisco Examiner,104252,1944,H,4,San Francisco,CA,"ROLPH, THOMAS",Republican,1,,,,ENDORSED; THE EXAMINER RECOMMENDS LIST; FOR CONGRESS FOURTH DISTRICT,0.95
CA,San Francisco Examiner,104252,1944,H,5,San Francisco,CA,"WELCH, RICHARD",Republican,1,,1,,ENDORSED; THE EXAMINER RECOMMENDS LIST PAGE 2; FOR CONGRESS FIFTH DISTRICT; NOTED AS UNOPPOSED; INCUMBENT,0.95
CA,San Francisco Examiner,104252,1944,H,6,San Francisco,CA,"CARTER, ALBERT E.",Republican,1,,,,ENDORSED; THE EXAMINER RECOMMENDS LIST; FOR CONGRESS SIXTH DISTRICT,0.95
CA,San Francisco Examiner,104252,1944,H,8,San Francisco,CA,"ANDERSON, JOHN Z.",Republican,1,,,,ENDORSED; THE EXAMINER RECOMMENDS LIST; FOR CONGRESS EIGHTH DISTRICT,0.95
CA,San Francisco Examiner,104252,1944,JUDGE,6,SAN FRANCISCO SUPERIOR COURT,CA,"FRITZ, ALFRED J.",,1,,,,ENDORSED; THE EXAMINER RECOMMENDS LIST; FOR SUPERIOR JUDGE NO 6,0.95
CA,San Francisco Examiner,104252,1944,JUDGE,,SAN FRANCISCO SUPERIOR COURT,CA,"JACKS, LILE T.",,0,,,,OPPOSED; THE EASY JUDGE EDITORIAL; ORIGINALLY ELECTED TO BENCH TO SUCCEED LENIENT JUDGES BUT NOW HIMSELF DESTROYING MACHINERY OF LAW ENFORCEMENT; ALLOWING PROBATION FOR BOOKMAKERS; FLOUTING CLEAR INTENT OF LEGISLATURE AND PUBLIC OPINION; ENCOURAGING UNDERWORLD; IT IS TIME SOMEBODY JOGGED HIS MEMORY,0.85
CA,San Francisco Examiner,104252,1948,PRESIDENT,,San Francisco,CA,"DEWEY, THOMAS E.",Republican,1,,,,ENDORSED; THE EXAMINER RECOMMENDS LIST; FOR PRESIDENT AND VICE PRESIDENT,0.95
CA,San Francisco Examiner,104252,1948,VICE PRESIDENT,,San Francisco,CA,"WARREN, EARL",Republican,1,,,,ENDORSED; THE EXAMINER RECOMMENDS LIST; FOR PRESIDENT AND VICE PRESIDENT; GOVERNOR OF CALIFORNIA,0.95
CA,San Francisco Examiner,104252,1948,H,1,San Francisco,CA,"SCUDDER, HUBERT B.",Republican,1,,,,ENDORSED; THE EXAMINER RECOMMENDS LIST; FOR MEMBERS OF CONGRESS FIRST DISTRICT,0.95
CA,San Francisco Examiner,104252,1948,H,4,San Francisco,CA,"MAILLIARD, WILLIAM S.",Republican,1,,,,ENDORSED; THE EXAMINER RECOMMENDS LIST; FOR MEMBERS OF CONGRESS FOURTH DISTRICT,0.95
CA,San Francisco Examiner,104252,1948,H,7,San Francisco,CA,"ALLEN, JOHN J. JR.",Republican,1,,,,ENDORSED; THE EXAMINER RECOMMENDS LIST; FOR MEMBERS OF CONGRESS SEVENTH DISTRICT,0.95
CA,San Francisco Examiner,104252,1948,H,9,San Francisco,CA,"GEARHART, B. W.",Republican,1,,,,ENDORSED; THE EXAMINER RECOMMENDS LIST; FOR MEMBERS OF CONGRESS NINTH DISTRICT,0.95
CA,San Francisco Examiner,104252,1950,GOVERNOR,,San Francisco,CA,"WARREN, EARL",Republican,1,,1,,ENDORSED; THE EXAMINER RECOMMENDS LIST; FOR GOVERNOR; INCUMBENT,0.95
CA,San Francisco Examiner,104252,1950,SENATOR,,San Francisco,CA,"NIXON, RICHARD",Republican,1,,,,ENDORSED; THE EXAMINER RECOMMENDS LIST; FOR UNITED STATES SENATOR,0.95
CA,San Francisco Examiner,104252,1950,LT GOVERNOR,,San Francisco,CA,"KNIGHT, GOODWIN J.",Republican,1,,,,ENDORSED; THE EXAMINER RECOMMENDS LIST; FOR LIEUTENANT GOVERNOR,0.95
CA,San Francisco Examiner,104252,1950,SEC OF STATE,,San Francisco,CA,"JORDAN, FRANK M.",Republican,1,,1,,ENDORSED; THE EXAMINER RECOMMENDS LIST; FOR SECRETARY OF STATE; INCUMBENT,0.95
CA,San Francisco Examiner,104252,1950,CONTROLLER,,San Francisco,CA,"KUCHEL, THOMAS H.",Republican,1,,1,,ENDORSED; THE EXAMINER RECOMMENDS LIST; FOR CONTROLLER; INCUMBENT,0.95
CA,San Francisco Examiner,104252,1950,TREASURER,,San Francisco,CA,"JOHNSON, CHARLES G.",Republican,1,,1,,ENDORSED; THE EXAMINER RECOMMENDS LIST; FOR TREASURER; INCUMBENT,0.95
CA,San Francisco Examiner,104252,1950,BOARD OF EQUALIZATION,1,San Francisco,CA,"REILLY, GEORGE R.",,1,,,,ENDORSED; THE EXAMINER RECOMMENDS LIST; FOR BOARD OF EQUALIZATION FIRST DISTRICT,0.95
CA,San Francisco Examiner,104252,1950,H,1,San Francisco,CA,"SCUDDER, HUBERT B.",Republican,1,,1,,ENDORSED; THE EXAMINER RECOMMENDS LIST; FOR MEMBERS OF CONGRESS FIRST DISTRICT; ALSO ENDORSED IN 1948,0.95
CA,San Francisco Examiner,104252,1950,H,4,San Francisco,CA,"SMITH, RAYMOND D.",,1,,,,ENDORSED; THE EXAMINER RECOMMENDS LIST; FOR MEMBERS OF CONGRESS FOURTH DISTRICT,0.95
CA,San Francisco Examiner,104252,1950,H,5,San Francisco,CA,"SHELLEY, JOHN F.",Democrat,1,,,,ENDORSED; THE EXAMINER RECOMMENDS LIST; FOR MEMBERS OF CONGRESS FIFTH DISTRICT; NOTED AS UNOPPOSED,0.95
CA,San Francisco Examiner,104252,1950,H,7,San Francisco,CA,"ALLEN, JOHN J. JR.",Republican,1,,1,,ENDORSED; THE EXAMINER RECOMMENDS LIST; FOR MEMBERS OF CONGRESS SEVENTH DISTRICT; ALSO ENDORSED IN 1948,0.95
CA,San Francisco Examiner,104252,1950,STATE SENATOR,,San Francisco,CA,"O'GARA, GERALD J.",,1,,,,ENDORSED; THE EXAMINER RECOMMENDS LIST; FOR STATE SENATOR,0.95
CA,San Francisco Examiner,104252,1950,STATE REP,19,San Francisco,CA,"BRADY, BERNARD R.",,1,,,,ENDORSED; THE EXAMINER RECOMMENDS LIST; FOR STATE ASSEMBLY NINETEENTH DISTRICT,0.95
CA,San Francisco Examiner,104252,1950,STATE REP,20,San Francisco,CA,"MALONEY, THOMAS A.",,1,,,,ENDORSED; THE EXAMINER RECOMMENDS LIST; FOR STATE ASSEMBLY TWENTIETH DISTRICT,0.95
CA,San Francisco Examiner,104252,1950,SUPREME COURT,,CHIEF JUSTICE,CA,"GIBSON, PHIL S.",,1,,,,ENDORSED; THE EXAMINER RECOMMENDS LIST; STATE SUPREME COURT VOTE FOR CHIEF JUSTICE; NONPARTISAN JUDICIAL RACE,0.95
CA,San Francisco Examiner,104252,1950,SUPREME COURT,,ASSOCIATE JUSTICE,CA,"SPENCE, HOMER R.",,1,,,,ENDORSED; THE EXAMINER RECOMMENDS LIST; STATE SUPREME COURT VOTE FOR ASSOCIATE JUSTICE; NONPARTISAN JUDICIAL RACE,0.95
CA,San Francisco Examiner,104252,1950,SUPREME COURT,,ASSOCIATE JUSTICE,CA,"TRAYNOR, ROGER J.",,1,,,,ENDORSED; THE EXAMINER RECOMMENDS LIST; STATE SUPREME COURT VOTE FOR ASSOCIATE JUSTICE; NONPARTISAN JUDICIAL RACE,0.95
CA,San Francisco Examiner,104252,1950,COURT OF APPEALS,,DISTRICT COURT OF APPEAL,CA,"WOOD, FRED B.",,1,,,,ENDORSED; THE EXAMINER RECOMMENDS LIST; DISTRICT COURT OF APPEAL VOTE FOR ASSOCIATE JUSTICE; NONPARTISAN JUDICIAL RACE,0.95
CA,San Francisco Examiner,104252,1950,ASSESSOR,,SAN FRANCISCO,CA,"WOLDEN, RUSSELL L.",,1,,,,ENDORSED; THE EXAMINER RECOMMENDS LIST; FOR ASSESSOR,0.95
CA,San Francisco Examiner,104252,1950,PUBLIC DEFENDER,,SAN FRANCISCO,CA,"KENNY, GERALD J.",,1,,,,ENDORSED; THE EXAMINER RECOMMENDS LIST; FOR PUBLIC DEFENDER,0.95
CA,San Francisco Examiner,104252,1950,BOARD OF EDUCATION,,SAN FRANCISCO,CA,"FOEHN, CHARLES J.",,1,,,,ENDORSED; THE EXAMINER RECOMMENDS LIST; CONFIRMATION MEMBER BOARD OF EDUCATION; VOTE YES,0.95
CA,San Francisco Examiner,104252,1950,SHERIFF,,SAN MATEO COUNTY,CA,"WHITMORE, EARL B.",,1,,,,ENDORSED; THE EXAMINER RECOMMENDS LIST; FOR SAN MATEO SHERIFF,0.9
CA,San Francisco Examiner,104252,1952,PRESIDENT,,San Francisco,CA,"EISENHOWER, DWIGHT D.",Republican,1,,,,ENDORSED; THE EXAMINER RECOMMENDS LIST; FOR PRESIDENT AND VICE PRESIDENT,0.95
CA,San Francisco Examiner,104252,1952,VICE PRESIDENT,,San Francisco,CA,"NIXON, RICHARD M.",Republican,1,,,,ENDORSED; THE EXAMINER RECOMMENDS LIST; FOR PRESIDENT AND VICE PRESIDENT,0.95
CA,San Francisco Examiner,104252,1952,SENATOR,,San Francisco,CA,"KNOWLAND, WILLIAM F.",Republican,1,,1,,ENDORSED; THE EXAMINER RECOMMENDS LIST; FOR UNITED STATES SENATOR; INCUMBENT,0.95
CA,San Francisco Examiner,104252,1952,H,4,San Francisco,CA,"MAILLIARD, WILLIAM S.",Republican,1,,1,,ENDORSED; THE EXAMINER RECOMMENDS LIST; CONGRESS FOURTH DISTRICT; ALSO ENDORSED IN 1948,0.95
CA,San Francisco Examiner,104252,1952,H,5,San Francisco,CA,"SHELLEY, JOHN F.",Democrat,1,1,,,ENDORSED; THE EXAMINER RECOMMENDS LIST; CONGRESS FIFTH DISTRICT; INCUMBENT,0.95
CA,San Francisco Examiner,104252,1952,H,6,San Francisco,CA,"BALDWIN, JOHN F.",Republican,1,,,,ENDORSED; THE EXAMINER RECOMMENDS LIST; CONGRESS SIXTH DISTRICT,0.95
CA,San Francisco Examiner,104252,1952,H,9,San Francisco,CA,"YOUNGER, ARTHUR",Republican,1,,,,ENDORSED; THE EXAMINER RECOMMENDS LIST; CONGRESS NINTH DISTRICT,0.95
CA,San Francisco Examiner,104252,1952,STATE REP,19,San Francisco,CA,"MEYERS, CHARLES W.",,1,,,,ENDORSED; THE EXAMINER RECOMMENDS LIST; ASSEMBLY NINETEENTH DISTRICT,0.95
CA,San Francisco Examiner,104252,1952,STATE REP,20,San Francisco,CA,"MALONEY, THOMAS A.",,1,,,,ENDORSED; THE EXAMINER RECOMMENDS LIST; ASSEMBLY TWENTIETH DISTRICT; ALSO ENDORSED IN 1950,0.95
CA,San Francisco Examiner,104252,1952,STATE REP,21,San Francisco,CA,"WEINBERGER, CASPAR W.",Republican,1,,,,ENDORSED; THE EXAMINER RECOMMENDS LIST; ASSEMBLY TWENTY FIRST DISTRICT,0.95
CA,San Francisco Examiner,104252,1952,STATE REP,22,San Francisco,CA,"BRADY, BERNARD R.",,1,,,,ENDORSED; THE EXAMINER RECOMMENDS LIST; ASSEMBLY TWENTY SECOND DISTRICT; ALSO ENDORSED IN 1950 FOR 19TH DISTRICT,0.95
CA,San Francisco Examiner,104252,1952,STATE REP,23,San Francisco,CA,"BERRY, WILLIAM CLIFTON",,1,,,,ENDORSED; THE EXAMINER RECOMMENDS LIST; ASSEMBLY TWENTY THIRD DISTRICT,0.95
CA,San Francisco Examiner,104252,1952,STATE REP,24,San Francisco,CA,"WICKLOW, SAMUEL W.",,1,,,,ENDORSED; THE EXAMINER RECOMMENDS LIST; ASSEMBLY TWENTY FOURTH DISTRICT,0.95
CA,San Francisco Examiner,104252,1952,COURT OF APPEALS,,DISTRICT COURT OF APPEAL,CA,"NOURSE, JOHN T.",,1,,,,ENDORSED; COMPLIMENTARY YES VOTE RECOMMENDED; PRESIDING JUSTICE OF DISTRICT COURT OF APPEAL; UNOPPOSED,0.95
CA,San Francisco Examiner,104252,1952,BOARD OF EDUCATION,,SAN FRANCISCO,CA,"LEVIT, BERT W.",,1,,,,ENDORSED; COMPLIMENTARY YES VOTE RECOMMENDED; FOR MEMBERSHIP ON BOARD OF EDUCATION; UNOPPOSED,0.95
CA,San Francisco Examiner,104252,1952,BOARD OF EDUCATION,,SAN FRANCISCO,CA,"TROWBRIDGE, CHARLES C. JR.",,1,,,,ENDORSED; COMPLIMENTARY YES VOTE RECOMMENDED; FOR MEMBERSHIP ON BOARD OF EDUCATION; UNOPPOSED,0.95
CA,San Francisco Examiner,104252,1954,GOVERNOR,,San Francisco,CA,"KNIGHT, GOODWIN J.",Republican,1,,1,,ENDORSED; THE EXAMINER RECOMMENDS LIST; FOR GOVERNOR; INCUMBENT,0.95
CA,San Francisco Examiner,104252,1954,LT GOVERNOR,,San Francisco,CA,"POWERS, HAROLD J.",Republican,1,,1,,ENDORSED; THE EXAMINER RECOMMENDS LIST; FOR LIEUTENANT GOVERNOR; INCUMBENT,0.95
CA,San Francisco Examiner,104252,1954,SENATOR,,San Francisco,CA,"KUCHEL, THOMAS H.",Republican,1,,1,,ENDORSED; THE EXAMINER RECOMMENDS LIST; FOR US SENATOR; INCUMBENT; ALSO ENDORSED AS CONTROLLER IN 1950,0.95
CA,San Francisco Examiner,104252,1954,CONTROLLER,,San Francisco,CA,"KIRKWOOD, ROBERT C.",Republican,1,,1,,ENDORSED; THE EXAMINER RECOMMENDS LIST; FOR STATE CONTROLLER; INCUMBENT,0.95
CA,San Francisco Examiner,104252,1954,TREASURER,,San Francisco,CA,"JOHNSON, CHARLES G.",Republican,1,,1,,ENDORSED; THE EXAMINER RECOMMENDS LIST; FOR STATE TREASURER; INCUMBENT; ALSO KNOWN AS GUS JOHNSON,0.95
CA,San Francisco Examiner,104252,1954,SEC OF STATE,,San Francisco,CA,"JORDAN, FRANK M.",Republican,1,,1,,ENDORSED; THE EXAMINER RECOMMENDS LIST; FOR SECRETARY OF STATE; INCUMBENT,0.95
CA,San Francisco Examiner,104252,1954,ATTORNEY GENERAL,,San Francisco,CA,"BROWN, EDMUND G.",Democrat,1,1,,,ENDORSED; THE EXAMINER RECOMMENDS LIST; FOR ATTORNEY GENERAL; INCUMBENT; ALSO KNOWN AS PAT BROWN; CROSS FILED WON BOTH PARTY NOMINATIONS,0.95
CA,San Francisco Examiner,104252,1954,H,4,San Francisco,CA,"MAILLIARD, WILLIAM S.",Republican,1,,1,,ENDORSED; THE EXAMINER RECOMMENDS LIST; FOR HOUSE OF REPRESENTATIVES FOURTH DISTRICT; INCUMBENT,0.95
CA,San Francisco Examiner,104252,1954,H,5,San Francisco,CA,"SHELLEY, JOHN F.",Democrat,1,1,,,ENDORSED; THE EXAMINER RECOMMENDS LIST; FOR HOUSE OF REPRESENTATIVES FIFTH DISTRICT; INCUMBENT; CROSS FILED WON BOTH PARTY NOMINATIONS,0.95
CA,San Francisco Examiner,104252,1954,STATE SENATOR,14,San Francisco,CA,"MCCARTHY, ROBERT I.",Democrat,1,,,,ENDORSED; THE EXAMINER RECOMMENDS LIST; FOR STATE SENATE FOURTEENTH DISTRICT,0.95
CA,San Francisco Examiner,104252,1954,STATE REP,19,San Francisco,CA,"MARKS, MILTON",Republican,1,,,,ENDORSED; THE EXAMINER RECOMMENDS LIST; STATE ASSEMBLY NINETEENTH DISTRICT,0.95
CA,San Francisco Examiner,104252,1954,STATE REP,20,San Francisco,CA,"MALONEY, THOMAS A.",Republican,1,,,,ENDORSED; THE EXAMINER RECOMMENDS LIST; STATE ASSEMBLY TWENTIETH DISTRICT; CROSS FILED WON BOTH PARTY NOMINATIONS,0.95
CA,San Francisco Examiner,104252,1954,STATE REP,21,San Francisco,CA,"WEINBERGER, CASPAR W.",Republican,1,,,,ENDORSED; THE EXAMINER RECOMMENDS LIST; STATE ASSEMBLY TWENTY FIRST DISTRICT; CROSS FILED WON BOTH PARTY NOMINATIONS,0.95
CA,San Francisco Examiner,104252,1954,STATE REP,22,San Francisco,CA,"BUSTERUD, JOHN A.",Republican,1,,,,ENDORSED; THE EXAMINER RECOMMENDS LIST; STATE ASSEMBLY TWENTY SECOND DISTRICT,0.95
CA,San Francisco Examiner,104252,1954,STATE REP,23,San Francisco,CA,"GILMORE, JOSEPH",Independent,1,,,,ENDORSED; THE EXAMINER RECOMMENDS LIST; STATE ASSEMBLY TWENTY THIRD DISTRICT; INDEPENDENT,0.95
CA,San Francisco Examiner,104252,1954,STATE REP,24,San Francisco,CA,"SHORE, IRVING",Republican,1,,,,ENDORSED; THE EXAMINER RECOMMENDS LIST; STATE ASSEMBLY TWENTY FOURTH DISTRICT,0.95
CA,San Francisco Examiner,104252,1954,BOARD OF EQUALIZATION,3,San Francisco,CA,"LEAKE, PAUL",Democrat,1,1,,,ENDORSED; THE EXAMINER RECOMMENDS LIST; STATE BOARD OF EQUALIZATION THIRD DISTRICT; INCUMBENT,0.95
CA,San Francisco Examiner,104252,1954,PUBLIC DEFENDER,,SAN FRANCISCO,CA,"MANCUSO, EDWARD",,1,,,1,ENDORSED; THE EXAMINER RECOMMENDS LIST; FOR PUBLIC DEFENDER; INCUMBENT,0.95
CA,San Francisco Examiner,104252,1954,ASSESSOR,,SAN FRANCISCO,CA,"WOLDEN, RUSSELL L.",,1,,,1,ENDORSED; THE EXAMINER RECOMMENDS LIST; FOR CITY ASSESSOR; INCUMBENT; ALSO ENDORSED IN 1950,0.95
CA,San Francisco Examiner,104252,1954,BOARD OF EDUCATION,,SAN FRANCISCO,CA,"LEVISON, JOHN G.",,1,,,1,ENDORSED; THE EXAMINER RECOMMENDS LIST; FOR MEMBER BOARD OF EDUCATION; INCUMBENT,0.95
CA,San Francisco Examiner,104252,1954,H,1,San Francisco,CA,"SCUDDER, HUBERT B.",Republican,1,,1,,ENDORSED; THE EXAMINER RECOMMENDS PAGE 10 LIST; CONGRESS FIRST DISTRICT; CROSS FILED; INCUMBENT,0.95
CA,San Francisco Examiner,104252,1954,H,2,San Francisco,CA,"ENGLE, CLAIR",Democrat,1,1,,,ENDORSED; THE EXAMINER RECOMMENDS PAGE 10 LIST; CONGRESS SECOND DISTRICT; CROSS FILED; INCUMBENT,0.95
CA,San Francisco Examiner,104252,1954,H,3,San Francisco,CA,"PHILLIPS, JAMES B.",Republican,1,,,,ENDORSED; THE EXAMINER RECOMMENDS PAGE 10 LIST; CONGRESS THIRD DISTRICT,0.95
CA,San Francisco Examiner,104252,1954,H,6,San Francisco,CA,"BALDWIN, JOHN F. JR.",Republican,1,,,,ENDORSED; THE EXAMINER RECOMMENDS PAGE 10 LIST; CONGRESS SIXTH DISTRICT,0.95
CA,San Francisco Examiner,104252,1954,H,7,San Francisco,CA,"ALLEN, JOHN J. JR.",Republican,1,,1,,ENDORSED; THE EXAMINER RECOMMENDS PAGE 10 LIST; CONGRESS SEVENTH DISTRICT; CROSS FILED; INCUMBENT,0.95
CA,San Francisco Examiner,104252,1954,H,8,San Francisco,CA,"RITCHIE, JESS",Republican,1,,,,ENDORSED; THE EXAMINER RECOMMENDS PAGE 10 LIST; CONGRESS EIGHTH DISTRICT,0.95
CA,San Francisco Examiner,104252,1954,H,9,San Francisco,CA,"YOUNGER, J. ARTHUR",Republican,1,,1,,ENDORSED; THE EXAMINER RECOMMENDS PAGE 10 LIST; CONGRESS NINTH DISTRICT; CROSS FILED; INCUMBENT,0.95
CA,San Francisco Examiner,104252,1954,H,10,San Francisco,CA,"GUBSER, CHARLES S.",Republican,1,,1,,ENDORSED; THE EXAMINER RECOMMENDS PAGE 10 LIST; CONGRESS TENTH DISTRICT; CROSS FILED; INCUMBENT,0.95
CA,San Francisco Examiner,104252,1954,H,11,San Francisco,CA,"JOHNSON, A. LEROY",Republican,1,,1,,ENDORSED; THE EXAMINER RECOMMENDS PAGE 10 LIST; CONGRESS ELEVENTH DISTRICT; CROSS FILED; INCUMBENT,0.95
CA,San Francisco Examiner,104252,1954,H,12,San Francisco,CA,"HUNTER, OAKLEY",Republican,1,,1,,ENDORSED; THE EXAMINER RECOMMENDS PAGE 10 LIST; CONGRESS TWELFTH DISTRICT; CROSS FILED; INCUMBENT,0.95
CA,San Francisco Examiner,104252,1954,H,13,San Francisco,CA,"TEAGUE, CHARLES M.",Republican,1,,,,ENDORSED; THE EXAMINER RECOMMENDS PAGE 10 LIST; CONGRESS THIRTEENTH DISTRICT,0.95
CA,San Francisco Examiner,104252,1954,STATE SENATOR,2,San Francisco,CA,"COLLIER, RANDOLPH",Republican,1,,1,,ENDORSED; THE EXAMINER RECOMMENDS PAGE 10 LIST; STATE SENATE SECOND DISTRICT; CROSS FILED; INCUMBENT,0.95
CA,San Francisco Examiner,104252,1954,STATE SENATOR,4,San Francisco,CA,"BUSCH, JAMES E.",Republican,1,,,,ENDORSED; THE EXAMINER RECOMMENDS PAGE 10 LIST; STATE SENATE FOURTH DISTRICT,0.95
CA,San Francisco Examiner,104252,1954,STATE SENATOR,6,San Francisco,CA,"BYRNE, PAUL L.",Republican,1,,1,,ENDORSED; THE EXAMINER RECOMMENDS PAGE 10 LIST; STATE SENATE SIXTH DISTRICT; CROSS FILED; INCUMBENT,0.95
CA,San Francisco Examiner,104252,1954,STATE SENATOR,8,San Francisco,CA,"SUTTON, LOUIS G.",Republican,1,,1,,ENDORSED; THE EXAMINER RECOMMENDS PAGE 10 LIST; STATE SENATE EIGHTH DISTRICT; CROSS FILED; INCUMBENT,0.95
CA,San Francisco Examiner,104252,1954,STATE SENATOR,10,San Francisco,CA,"JOHNSON, ED C.",Republican,1,,1,,ENDORSED; THE EXAMINER RECOMMENDS PAGE 10 LIST; STATE SENATE TENTH DISTRICT; CROSS FILED; INCUMBENT,0.95
CA,San Francisco Examiner,104252,1954,STATE SENATOR,12,San Francisco,CA,"ABSHIRE, F. PRESLEY",Republican,1,,1,,ENDORSED; THE EXAMINER RECOMMENDS PAGE 10 LIST; STATE SENATE TWELFTH DISTRICT; CROSS FILED; INCUMBENT,0.95
CA,San Francisco Examiner,104252,1954,STATE SENATOR,16,San Francisco,CA,"BREED, ARTHUR H. JR.",Republican,1,,1,,ENDORSED; THE EXAMINER RECOMMENDS PAGE 10 LIST; STATE SENATE SIXTEENTH DISTRICT; CROSS FILED; INCUMBENT,0.95
CA,San Francisco Examiner,104252,1954,STATE SENATOR,18,San Francisco,CA,"THOMPSON, JOHN F.",Republican,1,,1,,ENDORSED; THE EXAMINER RECOMMENDS PAGE 10 LIST; STATE SENATE EIGHTEENTH DISTRICT; CROSS FILED; INCUMBENT,0.95
CA,San Francisco Examiner,104252,1954,STATE SENATOR,20,San Francisco,CA,"HOFFMAN, VERNE W.",Republican,1,,1,,ENDORSED; THE EXAMINER RECOMMENDS PAGE 10 LIST; STATE SENATE TWENTIETH DISTRICT; CROSS FILED; INCUMBENT,0.95
CA,San Francisco Examiner,104252,1954,STATE SENATOR,22,San Francisco,CA,"DONNELLY, HUGH P.",Democrat,1,1,,,ENDORSED; THE EXAMINER RECOMMENDS PAGE 10 LIST; STATE SENATE TWENTY SECOND DISTRICT; CROSS FILED; INCUMBENT,0.95
CA,San Francisco Examiner,104252,1954,STATE SENATOR,24,San Francisco,CA,"REINAN, MILTON M.",Republican,1,,,,ENDORSED; THE EXAMINER RECOMMENDS PAGE 10 LIST; STATE SENATE TWENTY FOURTH DISTRICT,0.95
CA,San Francisco Examiner,104252,1954,STATE SENATOR,26,San Francisco,CA,"TEALE, STEPHEN P.",Democrat,1,1,,,ENDORSED; THE EXAMINER RECOMMENDS PAGE 10 LIST; STATE SENATE TWENTY SIXTH DISTRICT; CROSS FILED; INCUMBENT,0.95
CA,San Francisco Examiner,104252,1954,STATE SENATOR,28,San Francisco,CA,"BROWN, CHARLES",Democrat,1,1,,,ENDORSED; THE EXAMINER RECOMMENDS PAGE 10 LIST; STATE SENATE TWENTY EIGHTH DISTRICT; CROSS FILED; INCUMBENT,0.95
CA,San Francisco Examiner,104252,1954,STATE SENATOR,30,San Francisco,CA,"BURNS, HUGH M.",Democrat,1,1,,,ENDORSED; THE EXAMINER RECOMMENDS PAGE 10 LIST; STATE SENATE THIRTIETH DISTRICT; CROSS FILED; INCUMBENT,0.95
CA,San Francisco Examiner,104252,1954,STATE SENATOR,32,San Francisco,CA,"WILLIAMS, HOWARD J.",Republican,1,,1,,ENDORSED; THE EXAMINER RECOMMENDS PAGE 10 LIST; STATE SENATE THIRTY SECOND DISTRICT; CROSS FILED; INCUMBENT,0.95
CA,San Francisco Examiner,104252,1954,STATE REP,1,San Francisco,CA,"BELOTTI, FRANK P.",Republican,1,,1,,ENDORSED; THE EXAMINER RECOMMENDS PAGE 10 LIST; STATE ASSEMBLYMEN FIRST DISTRICT; CROSS FILED; INCUMBENT,0.95
CA,San Francisco Examiner,104252,1954,STATE REP,4,San Francisco,CA,"HOBBS, DON",Republican,1,,1,,ENDORSED; THE EXAMINER RECOMMENDS PAGE 10 LIST; STATE ASSEMBLYMEN FOURTH DISTRICT; CROSS FILED; INCUMBENT,0.95
CA,San Francisco Examiner,104252,1954,STATE REP,5,San Francisco,CA,"GEDDES, SAMUEL B.",Democrat,1,1,,,ENDORSED; THE EXAMINER RECOMMENDS PAGE 10 LIST; STATE ASSEMBLYMEN FIFTH DISTRICT; CROSS FILED; INCUMBENT,0.95
CA,San Francisco Examiner,104252,1954,STATE REP,6,San Francisco,CA,"LINDSAY, FRANCIS C.",Republican,1,,1,,ENDORSED; THE EXAMINER RECOMMENDS PAGE 10 LIST; STATE ASSEMBLYMEN SIXTH DISTRICT; CROSS FILED; INCUMBENT,0.95
CA,San Francisco Examiner,104252,1954,STATE REP,7,San Francisco,CA,"MCCOLLISTER, RICHARD H.",Republican,1,,1,,ENDORSED; THE EXAMINER RECOMMENDS PAGE 10 LIST; STATE ASSEMBLYMEN SEVENTH DISTRICT; CROSS FILED; INCUMBENT,0.95
CA,San Francisco Examiner,104252,1954,STATE REP,8,San Francisco,CA,"FLEURY, GORDON A.",Republican,1,,1,,ENDORSED; THE EXAMINER RECOMMENDS PAGE 10 LIST; STATE ASSEMBLYMEN EIGHTH DISTRICT; CROSS FILED; INCUMBENT,0.95
CA,San Francisco Examiner,104252,1954,STATE REP,9,San Francisco,CA,"NIELSEN, ROY J.",Republican,1,,1,,ENDORSED; THE EXAMINER RECOMMENDS PAGE 10 LIST; STATE ASSEMBLYMEN NINTH DISTRICT; CROSS FILED; INCUMBENT,0.95
CA,San Francisco Examiner,104252,1954,STATE REP,10,San Francisco,CA,"DOYLE, DONALD D.",Republican,1,,1,,ENDORSED; THE EXAMINER RECOMMENDS PAGE 10 LIST; STATE ASSEMBLYMEN TENTH DISTRICT; CROSS FILED; INCUMBENT,0.95
CA,San Francisco Examiner,104252,1954,STATE REP,11,San Francisco,CA,"COLE, FREDERICK G.",Republican,1,,,,ENDORSED; THE EXAMINER RECOMMENDS PAGE 10 LIST; STATE ASSEMBLYMEN ELEVENTH DISTRICT,0.95
CA,San Francisco Examiner,104252,1954,STATE REP,12,San Francisco,CA,"MCFALL, JOHN A.",Democrat,1,1,,,ENDORSED; THE EXAMINER RECOMMENDS PAGE 10 LIST; STATE ASSEMBLYMEN TWELFTH DISTRICT; CROSS FILED; INCUMBENT,0.95
CA,San Francisco Examiner,104252,1954,STATE REP,14,San Francisco,CA,"DICKEY, RANDAL F.",Republican,1,,1,,ENDORSED; THE EXAMINER RECOMMENDS PAGE 10 LIST; STATE ASSEMBLYMEN FOURTEENTH DISTRICT; CROSS FILED; INCUMBENT,0.95
CA,San Francisco Examiner,104252,1954,STATE REP,15,San Francisco,CA,"LINCOLN, L. H.",Republican,1,,1,,ENDORSED; THE EXAMINER RECOMMENDS PAGE 10 LIST; STATE ASSEMBLYMEN FIFTEENTH DISTRICT; CROSS FILED; INCUMBENT,0.95
CA,San Francisco Examiner,104252,1954,STATE REP,16,San Francisco,CA,"DAHL, WALTER I.",Republican,1,,1,,ENDORSED; THE EXAMINER RECOMMENDS PAGE 10 LIST; STATE ASSEMBLYMEN SIXTEENTH DISTRICT; CROSS FILED; INCUMBENT,0.95
CA,San Francisco Examiner,104252,1954,STATE REP,17,San Francisco,CA,"RUMFORD, WILLIAM BYRON",Democrat,1,1,,,ENDORSED; THE EXAMINER RECOMMENDS PAGE 10 LIST; STATE ASSEMBLYMEN SEVENTEENTH DISTRICT; CROSS FILED; INCUMBENT,0.95
CA,San Francisco Examiner,104252,1954,STATE REP,18,San Francisco,CA,"CALDECOTT, THOMAS W.",Republican,1,,1,,ENDORSED; THE EXAMINER RECOMMENDS PAGE 10 LIST; STATE ASSEMBLYMEN EIGHTEENTH DISTRICT; CROSS FILED; INCUMBENT,0.95
CA,San Francisco Examiner,104252,1954,STATE REP,26,San Francisco,CA,"DOLWIG, RICHARD J.",Republican,1,,1,,ENDORSED; THE EXAMINER RECOMMENDS PAGE 10 LIST; STATE ASSEMBLYMEN TWENTY SIXTH DISTRICT; CROSS FILED; INCUMBENT,0.95
CA,San Francisco Examiner,104252,1954,STATE REP,27,San Francisco,CA,"COOLIDGE, GLENN E.",Republican,1,,1,,ENDORSED; THE EXAMINER RECOMMENDS PAGE 10 LIST; STATE ASSEMBLYMEN TWENTY SEVENTH DISTRICT; CROSS FILED; INCUMBENT,0.95
CA,San Francisco Examiner,104252,1954,STATE REP,28,San Francisco,CA,"BRADLEY, CLARK L.",Republican,1,,1,,ENDORSED; THE EXAMINER RECOMMENDS PAGE 10 LIST; STATE ASSEMBLYMEN TWENTY EIGHTH DISTRICT; CROSS FILED; INCUMBENT,0.95
CA,San Francisco Examiner,104252,1954,STATE REP,30,San Francisco,CA,"BROWN, RALPH M.",Democrat,1,1,,,ENDORSED; THE EXAMINER RECOMMENDS PAGE 10 LIST; STATE ASSEMBLYMEN THIRTIETH DISTRICT; CROSS FILED; INCUMBENT,0.95
CA,San Francisco Examiner,104252,1954,STATE REP,31,San Francisco,CA,"CLARKE, GEORGE A.",Republican,1,,1,,ENDORSED; THE EXAMINER RECOMMENDS PAGE 10 LIST; STATE ASSEMBLYMEN THIRTY FIRST DISTRICT; CROSS FILED; INCUMBENT,0.95
CA,San Francisco Examiner,104252,1954,STATE REP,33,San Francisco,CA,"HANSEN, WILLIAM W.",Republican,1,,1,,ENDORSED; THE EXAMINER RECOMMENDS PAGE 10 LIST; STATE ASSEMBLYMEN THIRTY THIRD DISTRICT; CROSS FILED; INCUMBENT,0.95
CA,San Francisco Examiner,104252,1954,STATE REP,34,San Francisco,CA,"PATTEE, ALAN G.",Republican,1,,,,ENDORSED; THE EXAMINER RECOMMENDS PAGE 10 LIST; STATE ASSEMBLYMEN THIRTY FOURTH DISTRICT,0.95
CA,San Francisco Examiner,104252,1954,STATE REP,35,San Francisco,CA,"PATTERSON, ROSCOE L.",Republican,1,,1,,ENDORSED; THE EXAMINER RECOMMENDS PAGE 10 LIST; STATE ASSEMBLYMEN THIRTY FIFTH DISTRICT; CROSS FILED; INCUMBENT,0.95
CA,San Francisco Examiner,104252,1956,PRESIDENT,,San Francisco,CA,"EISENHOWER, DWIGHT D.",Republican,1,,1,,ENDORSED; THE EXAMINER RECOMMENDS LIST; FOR PRESIDENT AND VICE PRESIDENT; INCUMBENT,0.95
CA,San Francisco Examiner,104252,1956,VICE PRESIDENT,,San Francisco,CA,"NIXON, RICHARD M.",Republican,1,,1,,ENDORSED; THE EXAMINER RECOMMENDS LIST; FOR PRESIDENT AND VICE PRESIDENT; INCUMBENT,0.95
CA,San Francisco Examiner,104252,1956,SENATOR,,San Francisco,CA,"KUCHEL, THOMAS H.",Republican,1,,1,,ENDORSED; THE EXAMINER RECOMMENDS LIST; FOR UNITED STATES SENATOR; INCUMBENT,0.95
CA,San Francisco Examiner,104252,1956,H,1,San Francisco,CA,"SCUDDER, HUBERT B.",Republican,1,,1,,ENDORSED; THE EXAMINER RECOMMENDS LIST; CONGRESS FIRST DISTRICT; INCUMBENT,0.95
CA,San Francisco Examiner,104252,1956,H,2,San Francisco,CA,"ENGLE, CLAIR",Democrat,1,1,,,ENDORSED; THE EXAMINER RECOMMENDS LIST; CONGRESS SECOND DISTRICT; INCUMBENT; UNOPPOSED,0.95
CA,San Francisco Examiner,104252,1956,H,3,San Francisco,CA,"MOSS, JOHN E. JR.",Democrat,1,1,,,ENDORSED; THE EXAMINER RECOMMENDS LIST; CONGRESS THIRD DISTRICT; INCUMBENT,0.95
CA,San Francisco Examiner,104252,1956,H,4,San Francisco,CA,"MAILLIARD, WILLIAM S.",Republican,1,,1,,ENDORSED; THE EXAMINER RECOMMENDS LIST; CONGRESS FOURTH DISTRICT SAN FRANCISCO; INCUMBENT,0.95
CA,San Francisco Examiner,104252,1956,H,5,San Francisco,CA,"SHELLEY, JOHN F.",Democrat,1,1,,,ENDORSED; THE EXAMINER RECOMMENDS LIST; CONGRESS FIFTH DISTRICT SAN FRANCISCO; INCUMBENT; UNOPPOSED,0.95
CA,San Francisco Examiner,104252,1956,H,6,San Francisco,CA,"BALDWIN, JOHN F.",Republican,1,,1,,ENDORSED; THE EXAMINER RECOMMENDS LIST; CONGRESS SIXTH DISTRICT; INCUMBENT,0.95
CA,San Francisco Examiner,104252,1956,H,7,San Francisco,CA,"ALLEN, JOHN J.",Republican,1,,1,,ENDORSED; THE EXAMINER RECOMMENDS LIST; CONGRESS SEVENTH DISTRICT; INCUMBENT,0.95
CA,San Francisco Examiner,104252,1956,H,8,San Francisco,CA,"MILLER, GEORGE P.",Democrat,1,1,,,ENDORSED; THE EXAMINER RECOMMENDS LIST; CONGRESS EIGHTH DISTRICT; INCUMBENT,0.95
CA,San Francisco Examiner,104252,1956,H,9,San Francisco,CA,"YOUNGER, J. ARTHUR",Republican,1,,1,,ENDORSED; THE EXAMINER RECOMMENDS LIST; CONGRESS NINTH DISTRICT; INCUMBENT,0.95
CA,San Francisco Examiner,104252,1956,H,10,San Francisco,CA,"GUBSER, CHARLES S.",Republican,1,,1,,ENDORSED; THE EXAMINER RECOMMENDS LIST; CONGRESS TENTH DISTRICT; INCUMBENT,0.95
CA,San Francisco Examiner,104252,1956,H,11,San Francisco,CA,"JOHNSON, A. LEROY",Republican,1,,1,,ENDORSED; THE EXAMINER RECOMMENDS LIST; CONGRESS ELEVENTH DISTRICT; INCUMBENT,0.95
CA,San Francisco Examiner,104252,1956,H,13,San Francisco,CA,"TEAGUE, CHARLES M.",Republican,1,,1,,ENDORSED; THE EXAMINER RECOMMENDS LIST; CONGRESS THIRTEENTH DISTRICT; INCUMBENT,0.95
CA,San Francisco Examiner,104252,1956,H,14,San Francisco,CA,TISDEL,,1,,,,ENDORSED; THE EXAMINER RECOMMENDS LIST; CONGRESS FOURTEENTH DISTRICT; NO ASTERISK SO NOT INCUMBENT,0.8
CA,San Francisco Examiner,104252,1956,STATE SENATOR,11,San Francisco,CA,COOMBS,,1,,,,ENDORSED; THE EXAMINER RECOMMENDS LIST; STATE SENATE ELEVENTH DISTRICT; INCUMBENT,0.8
CA,San Francisco Examiner,104252,1956,STATE SENATOR,13,San Francisco,CA,"MCCARTHY, ROBERT I.",Democrat,1,1,,,ENDORSED; THE EXAMINER RECOMMENDS LIST; STATE SENATE THIRTEENTH DISTRICT; INCUMBENT; UNOPPOSED; ALSO ENDORSED IN 1954,0.95
CA,San Francisco Examiner,104252,1956,STATE SENATOR,21,San Francisco,CA,"DOLWIG, RICHARD J.",Republican,1,,,,ENDORSED; THE EXAMINER RECOMMENDS LIST; STATE SENATE TWENTY FIRST DISTRICT; NO ASTERISK,0.9
CA,San Francisco Examiner,104252,1956,STATE SENATOR,23,San Francisco,CA,GRUNSKY,,1,,,,ENDORSED; THE EXAMINER RECOMMENDS LIST; STATE SENATE TWENTY THIRD DISTRICT; INCUMBENT,0.8
CA,San Francisco Examiner,104252,1956,STATE REP,1,San Francisco,CA,"BELOTTI, FRANK P.",Republican,1,,1,,ENDORSED; THE EXAMINER RECOMMENDS LIST; STATE ASSEMBLY FIRST DISTRICT; INCUMBENT,0.95
CA,San Francisco Examiner,104252,1956,STATE REP,7,San Francisco,CA,"MCCOLLISTER, RICHARD H.",Republican,1,,1,,ENDORSED; THE EXAMINER RECOMMENDS LIST; STATE ASSEMBLY SEVENTH DISTRICT; INCUMBENT,0.95
CA,San Francisco Examiner,104252,1956,STATE REP,10,San Francisco,CA,"DOYLE, DONALD D.",Republican,1,,1,,ENDORSED; THE EXAMINER RECOMMENDS LIST; STATE ASSEMBLY TENTH DISTRICT; INCUMBENT,0.95
CA,San Francisco Examiner,104252,1956,STATE REP,12,San Francisco,CA,HOFFMAN,,1,,,,ENDORSED; THE EXAMINER RECOMMENDS LIST; STATE ASSEMBLY TWELFTH DISTRICT; NOT INCUMBENT,0.8
CA,San Francisco Examiner,104252,1956,STATE REP,13,San Francisco,CA,REES,,1,,,,ENDORSED; THE EXAMINER RECOMMENDS LIST; STATE ASSEMBLY THIRTEENTH DISTRICT; INCUMBENT; UNOPPOSED,0.8
CA,San Francisco Examiner,104252,1956,STATE REP,14,San Francisco,CA,LANGUEMI,,1,,,,ENDORSED; THE EXAMINER RECOMMENDS LIST; STATE ASSEMBLY FOURTEENTH DISTRICT; NOT INCUMBENT,0.8
CA,San Francisco Examiner,104252,1956,STATE REP,15,San Francisco,CA,"LINCOLN, L. H.",Republican,1,,1,,ENDORSED; THE EXAMINER RECOMMENDS LIST; STATE ASSEMBLY FIFTEENTH DISTRICT; INCUMBENT,0.95
CA,San Francisco Examiner,104252,1956,STATE REP,16,San Francisco,CA,"DAHL, WALTER I.",Republican,1,,1,,ENDORSED; THE EXAMINER RECOMMENDS LIST; STATE ASSEMBLY SIXTEENTH DISTRICT; INCUMBENT,0.95
CA,San Francisco Examiner,104252,1956,STATE REP,17,San Francisco,CA,"RUMFORD, WILLIAM BYRON",Democrat,1,1,,,ENDORSED; THE EXAMINER RECOMMENDS LIST; STATE ASSEMBLY SEVENTEENTH DISTRICT; INCUMBENT,0.95
CA,San Francisco Examiner,104252,1956,STATE REP,18,San Francisco,CA,"CALDECOTT, THOMAS W.",Republican,1,,1,,ENDORSED; THE EXAMINER RECOMMENDS LIST; STATE ASSEMBLY EIGHTEENTH DISTRICT; INCUMBENT,0.95
CA,San Francisco Examiner,104252,1956,STATE REP,19,San Francisco,CA,EBERT,,1,,,,ENDORSED; THE EXAMINER RECOMMENDS LIST; STATE ASSEMBLY NINETEENTH DISTRICT SAN FRANCISCO; NOT INCUMBENT,0.8
CA,San Francisco Examiner,104252,1956,STATE REP,20,San Francisco,CA,"MALONEY, THOMAS A.",Republican,1,,1,,ENDORSED; THE EXAMINER RECOMMENDS LIST; STATE ASSEMBLY TWENTIETH DISTRICT SAN FRANCISCO; INCUMBENT,0.95
CA,San Francisco Examiner,104252,1956,STATE REP,21,San Francisco,CA,"WEINBERGER, CASPAR W.",Republican,1,,1,,ENDORSED; THE EXAMINER RECOMMENDS LIST; STATE ASSEMBLY TWENTY FIRST DISTRICT SAN FRANCISCO; INCUMBENT; UNOPPOSED,0.95
CA,San Francisco Examiner,104252,1956,STATE REP,22,San Francisco,CA,"BUSTERUD, JOHN A.",Republican,1,,,,ENDORSED; THE EXAMINER RECOMMENDS LIST; STATE ASSEMBLY TWENTY SECOND DISTRICT SAN FRANCISCO; NOT INCUMBENT,0.95
CA,San Francisco Examiner,104252,1956,STATE REP,24,San Francisco,CA,"SHORE, IRVING",Republican,1,,,,ENDORSED; THE EXAMINER RECOMMENDS LIST; STATE ASSEMBLY TWENTY FOURTH DISTRICT SAN FRANCISCO; NOT INCUMBENT,0.95
CA,San Francisco Examiner,104252,1956,STATE REP,25,San Francisco,CA,FRANCIS,,1,,,,ENDORSED; THE EXAMINER RECOMMENDS LIST; STATE ASSEMBLY TWENTY FIFTH DISTRICT; INCUMBENT,0.8
CA,San Francisco Examiner,104252,1956,STATE REP,26,San Francisco,CA,BRITSCHGI,,1,,,,ENDORSED; THE EXAMINER RECOMMENDS LIST; STATE ASSEMBLY TWENTY SIXTH DISTRICT; NOT INCUMBENT,0.8
CA,San Francisco Examiner,104252,1956,STATE REP,27,San Francisco,CA,"COOLIDGE, GLENN E.",Republican,1,,1,,ENDORSED; THE EXAMINER RECOMMENDS LIST; STATE ASSEMBLY TWENTY SEVENTH DISTRICT; INCUMBENT,0.95
CA,San Francisco Examiner,104252,1956,STATE REP,28,San Francisco,CA,"BRADLEY, CLARK L.",Republican,1,,1,,ENDORSED; THE EXAMINER RECOMMENDS LIST; STATE ASSEMBLY TWENTY EIGHTH DISTRICT; INCUMBENT,0.95
CA,San Francisco Examiner,104252,1956,STATE REP,31,San Francisco,CA,"MAYES, DON C.",,1,,,,ENDORSED; THE EXAMINER RECOMMENDS LIST; STATE ASSEMBLY THIRTY FIRST DISTRICT; NOT INCUMBENT,0.9
CA,San Francisco Examiner,104252,1956,STATE REP,33,San Francisco,CA,"HANSEN, WILLIAM W.",Republican,1,,1,,ENDORSED; THE EXAMINER RECOMMENDS LIST; STATE ASSEMBLY THIRTY THIRD DISTRICT; INCUMBENT,0.95
CA,San Francisco Examiner,104252,1956,COURT OF APPEALS,,DISTRICT COURT OF APPEAL,CA,"KAUFMAN, HERBERT C.",,1,,,1,ENDORSED; CONFIRMATION THROUGH YES VOTE RECOMMENDED; ASSOCIATE JUSTICE DISTRICT COURT OF APPEAL; INCUMBENT,0.95
CA,San Francisco Examiner,104252,1956,SUPREME COURT,,ASSOCIATE JUSTICE,CA,"MCCOMB, MARSHALL F.",,1,,,1,ENDORSED; CONFIRMATION THROUGH YES VOTE RECOMMENDED; ASSOCIATE JUSTICE SUPREME COURT; INCUMBENT,0.95
CA,San Francisco Examiner,104252,1956,BOARD OF EDUCATION,,SAN FRANCISCO,CA,"DRAPER, MRS. LAWRENCE JR.",,1,,,,ENDORSED; THE EXAMINER RECOMMENDS LIST; MEMBERS OF SF BOARD OF EDUCATION; APPOINTED BY MAYOR REQUIRES VOTER CONFIRMATION,0.9
CA,San Francisco Examiner,104252,1956,BOARD OF EDUCATION,,SAN FRANCISCO,CA,"MOORE, JOSEPH A. JR.",,1,,,,ENDORSED; THE EXAMINER RECOMMENDS LIST; MEMBERS OF SF BOARD OF EDUCATION; APPOINTED BY MAYOR REQUIRES VOTER CONFIRMATION,0.95
CA,San Francisco Examiner,104252,1958,GOVERNOR,,San Francisco,CA,"BROWN, EDMUND G.",Democrat,1,,,,ENDORSED; THE EXAMINER RECOMMENDS LIST; FOR GOVERNOR; ALSO KNOWN AS PAT BROWN,0.95
CA,San Francisco Examiner,104252,1958,SENATOR,,San Francisco,CA,"KNIGHT, GOODWIN J.",Republican,1,,,,ENDORSED; THE EXAMINER RECOMMENDS LIST; FOR US SENATOR,0.95
CA,San Francisco Examiner,104252,1958,LT GOVERNOR,,San Francisco,CA,"POWERS, HAROLD J.",Republican,1,,1,,ENDORSED; THE EXAMINER RECOMMENDS LIST; FOR LIEUTENANT GOVERNOR; INCUMBENT,0.95
CA,San Francisco Examiner,104252,1958,ATTORNEY GENERAL,,San Francisco,CA,"HILLINGS, PATRICK J.",Republican,1,,,,ENDORSED; THE EXAMINER RECOMMENDS LIST; FOR ATTORNEY GENERAL; REP HILLINGS,0.95
CA,San Francisco Examiner,104252,1958,CONTROLLER,,San Francisco,CA,"KIRKWOOD, ROBERT C.",Republican,1,,1,,ENDORSED; THE EXAMINER RECOMMENDS LIST; FOR CONTROLLER; INCUMBENT,0.95
CA,San Francisco Examiner,104252,1958,TREASURER,,San Francisco,CA,"BUTTON, A. RONALD",Republican,1,,1,,ENDORSED; THE EXAMINER RECOMMENDS LIST; FOR TREASURER; INCUMBENT,0.95
CA,San Francisco Examiner,104252,1958,SEC OF STATE,,San Francisco,CA,"JORDAN, FRANK M.",Republican,1,,1,,ENDORSED; THE EXAMINER RECOMMENDS LIST; FOR SECRETARY OF STATE; INCUMBENT,0.95
CA,San Francisco Examiner,104252,1958,H,4,San Francisco,CA,"MAILLIARD, WILLIAM S.",Republican,1,,1,,ENDORSED; THE EXAMINER RECOMMENDS LIST; HOUSE OF REPRESENTATIVES FOURTH DISTRICT SAN FRANCISCO; INCUMBENT,0.95
CA,San Francisco Examiner,104252,1958,H,5,San Francisco,CA,"SHELLEY, JOHN F.",Democrat,1,1,,,ENDORSED; THE EXAMINER RECOMMENDS LIST; HOUSE OF REPRESENTATIVES FIFTH DISTRICT SAN FRANCISCO; INCUMBENT; UNOPPOSED,0.95
CA,San Francisco Examiner,104252,1958,H,1,San Francisco,CA,"DUPUIS, FREDERICK G.",Republican,1,,,,ENDORSED; THE EXAMINER RECOMMENDS LIST; CONGRESS FIRST DISTRICT,0.95
CA,San Francisco Examiner,104252,1958,H,2,San Francisco,CA,"JOHNSON, HAROLD T.",Democrat,1,,,,ENDORSED; THE EXAMINER RECOMMENDS LIST; CONGRESS SECOND DISTRICT,0.95
CA,San Francisco Examiner,104252,1958,H,3,San Francisco,CA,"MOSS, JOHN E. JR.",Democrat,1,1,,,ENDORSED; THE EXAMINER RECOMMENDS LIST; CONGRESS THIRD DISTRICT; INCUMBENT; UNOPPOSED,0.95
CA,San Francisco Examiner,104252,1958,H,6,San Francisco,CA,"BALDWIN, JOHN F. JR.",Republican,1,,1,,ENDORSED; THE EXAMINER RECOMMENDS LIST; CONGRESS SIXTH DISTRICT; INCUMBENT,0.95
CA,San Francisco Examiner,104252,1958,H,7,San Francisco,CA,"ALLEN, JOHN J. JR.",Republican,1,,1,,ENDORSED; THE EXAMINER RECOMMENDS LIST; CONGRESS SEVENTH DISTRICT; INCUMBENT,0.95
CA,San Francisco Examiner,104252,1958,H,8,San Francisco,CA,"MILLER, GEORGE P.",Democrat,1,1,,,ENDORSED; THE EXAMINER RECOMMENDS LIST; CONGRESS EIGHTH DISTRICT; INCUMBENT; UNOPPOSED,0.95
CA,San Francisco Examiner,104252,1958,H,9,San Francisco,CA,"YOUNGER, J. ARTHUR",Republican,1,,1,,ENDORSED; THE EXAMINER RECOMMENDS LIST; CONGRESS NINTH DISTRICT; INCUMBENT,0.95
CA,San Francisco Examiner,104252,1958,H,10,San Francisco,CA,"GUBSER, CHARLES S.",Republican,1,,1,,ENDORSED; THE EXAMINER RECOMMENDS LIST; CONGRESS TENTH DISTRICT; INCUMBENT,0.95
CA,San Francisco Examiner,104252,1958,H,11,San Francisco,CA,"MCFALL, JOHN J.",Democrat,1,1,,,ENDORSED; THE EXAMINER RECOMMENDS LIST; CONGRESS ELEVENTH DISTRICT; INCUMBENT,0.95
CA,San Francisco Examiner,104252,1958,H,12,San Francisco,CA,"SISK, B. F.",Democrat,1,1,,,ENDORSED; THE EXAMINER RECOMMENDS LIST; CONGRESS TWELFTH DISTRICT; INCUMBENT,0.95
CA,San Francisco Examiner,104252,1958,H,13,San Francisco,CA,"TEAGUE, CHARLES M.",Republican,1,,1,,ENDORSED; THE EXAMINER RECOMMENDS LIST; CONGRESS THIRTEENTH DISTRICT; INCUMBENT,0.95
CA,San Francisco Examiner,104252,1958,H,14,San Francisco,CA,"HAGEN, HARLAN",Democrat,1,1,,,ENDORSED; THE EXAMINER RECOMMENDS LIST; CONGRESS FOURTEENTH DISTRICT; INCUMBENT,0.95
CA,San Francisco Examiner,104252,1958,STATE SENATOR,14,San Francisco,CA,"MCATEER, GENE",Democrat,1,,,,ENDORSED; THE EXAMINER RECOMMENDS LIST; STATE SENATOR FOURTEENTH DISTRICT SAN FRANCISCO,0.95
CA,San Francisco Examiner,104252,1958,STATE SENATOR,2,San Francisco,CA,"COLLIER, RANDOLPH",Republican,1,,1,,ENDORSED; THE EXAMINER RECOMMENDS LIST; STATE SENATE SECOND DISTRICT; INCUMBENT; UNOPPOSED,0.95
CA,San Francisco Examiner,104252,1958,STATE SENATOR,4,San Francisco,CA,"BUSCH, JAMES E.",Republican,1,,1,,ENDORSED; THE EXAMINER RECOMMENDS LIST; STATE SENATE FOURTH DISTRICT; INCUMBENT,0.95
CA,San Francisco Examiner,104252,1958,STATE SENATOR,6,San Francisco,CA,"BYRNE, PAUL L.",Republican,1,,1,,ENDORSED; THE EXAMINER RECOMMENDS LIST; STATE SENATE SIXTH DISTRICT; INCUMBENT; UNOPPOSED,0.95
CA,San Francisco Examiner,104252,1958,STATE SENATOR,8,San Francisco,CA,"SUTTON, LOUIS G.",Republican,1,,1,,ENDORSED; THE EXAMINER RECOMMENDS LIST; STATE SENATE EIGHTH DISTRICT; INCUMBENT,0.95
CA,San Francisco Examiner,104252,1958,STATE SENATOR,10,San Francisco,CA,"JOHNSON, ED C.",Republican,1,,1,,ENDORSED; THE EXAMINER RECOMMENDS LIST; STATE SENATE TENTH DISTRICT; INCUMBENT; UNOPPOSED,0.95
CA,San Francisco Examiner,104252,1958,STATE SENATOR,12,San Francisco,CA,"ABSHIRE, F. PRESLEY",Republican,1,,1,,ENDORSED; THE EXAMINER RECOMMENDS LIST; STATE SENATE TWELFTH DISTRICT; INCUMBENT,0.95
CA,San Francisco Examiner,104252,1958,STATE SENATOR,16,San Francisco,CA,"HOLMDAHL, JOHN W.",Democrat,1,,,,ENDORSED; THE EXAMINER RECOMMENDS LIST; STATE SENATE SIXTEENTH DISTRICT,0.95
CA,San Francisco Examiner,104252,1958,STATE SENATOR,18,San Francisco,CA,"THOMPSON, JOHN F.",Republican,1,,1,,ENDORSED; THE EXAMINER RECOMMENDS LIST; STATE SENATE EIGHTEENTH DISTRICT; INCUMBENT,0.95
CA,San Francisco Examiner,104252,1958,STATE SENATOR,20,San Francisco,CA,"SHORT, ALAN",Democrat,1,1,,,ENDORSED; THE EXAMINER RECOMMENDS LIST; STATE SENATE TWENTIETH DISTRICT; INCUMBENT; UNOPPOSED,0.95
CA,San Francisco Examiner,104252,1958,STATE SENATOR,22,San Francisco,CA,"DONNELLY, HUGH P.",Democrat,1,1,,,ENDORSED; THE EXAMINER RECOMMENDS LIST; STATE SENATE TWENTY SECOND DISTRICT; INCUMBENT; UNOPPOSED,0.95
CA,San Francisco Examiner,104252,1958,STATE SENATOR,24,San Francisco,CA,"COBEY, JAMES A.",Democrat,1,1,,,ENDORSED; THE EXAMINER RECOMMENDS LIST; STATE SENATE TWENTY FOURTH DISTRICT; INCUMBENT; UNOPPOSED,0.95
CA,San Francisco Examiner,104252,1958,STATE SENATOR,26,San Francisco,CA,"TEALE, STEPHEN P.",Democrat,1,1,,,ENDORSED; THE EXAMINER RECOMMENDS LIST; STATE SENATE TWENTY SIXTH DISTRICT; INCUMBENT; UNOPPOSED,0.95
CA,San Francisco Examiner,104252,1958,STATE REP,19,San Francisco,CA,"CUNHA, JAMES R.",Republican,1,,,,ENDORSED; THE EXAMINER RECOMMENDS LIST; STATE ASSEMBLY NINETEENTH DISTRICT SAN FRANCISCO,0.95
CA,San Francisco Examiner,104252,1958,STATE REP,20,San Francisco,CA,"MUSCHI, ACHILLE H.",Republican,1,,,,ENDORSED; THE EXAMINER RECOMMENDS LIST; STATE ASSEMBLY TWENTIETH DISTRICT SAN FRANCISCO,0.95
CA,San Francisco Examiner,104252,1958,STATE REP,21,San Francisco,CA,"MARKS, MILTON",Republican,1,,,,ENDORSED; THE EXAMINER RECOMMENDS LIST; STATE ASSEMBLY TWENTY FIRST DISTRICT SAN FRANCISCO,0.95
CA,San Francisco Examiner,104252,1958,STATE REP,22,San Francisco,CA,"BUSTERUD, JOHN A.",Republican,1,,1,,ENDORSED; THE EXAMINER RECOMMENDS LIST; STATE ASSEMBLY TWENTY SECOND DISTRICT SAN FRANCISCO; INCUMBENT,0.95
CA,San Francisco Examiner,104252,1958,STATE REP,23,San Francisco,CA,"SALAMAN, JAY FRANKLIN",Republican,1,,,,ENDORSED; THE EXAMINER RECOMMENDS LIST; STATE ASSEMBLY TWENTY THIRD DISTRICT SAN FRANCISCO,0.95
CA,San Francisco Examiner,104252,1958,STATE REP,24,San Francisco,CA,"ADAMS, JOHN JR.",Republican,1,,,,ENDORSED; THE EXAMINER RECOMMENDS LIST; STATE ASSEMBLY TWENTY FOURTH DISTRICT SAN FRANCISCO,0.95
CA,San Francisco Examiner,104252,1958,STATE REP,1,San Francisco,CA,"BELOTTI, FRANK P.",Republican,1,,1,,ENDORSED; THE EXAMINER RECOMMENDS LIST; STATE ASSEMBLY FIRST DISTRICT; INCUMBENT,0.95
CA,San Francisco Examiner,104252,1958,STATE REP,2,San Francisco,CA,"DAVIS, PAULINE L.",Democrat,1,1,,,ENDORSED; THE EXAMINER RECOMMENDS LIST; STATE ASSEMBLY SECOND DISTRICT; INCUMBENT; UNOPPOSED,0.95
CA,San Francisco Examiner,104252,1958,STATE REP,3,San Francisco,CA,"LOWREY, LLOYD W.",Democrat,1,1,,,ENDORSED; THE EXAMINER RECOMMENDS LIST; STATE ASSEMBLY THIRD DISTRICT; INCUMBENT; UNOPPOSED,0.95
CA,San Francisco Examiner,104252,1958,STATE REP,4,San Francisco,CA,"SEDGWICK, HAROLD",Republican,1,,1,,ENDORSED; THE EXAMINER RECOMMENDS LIST; STATE ASSEMBLY FOURTH DISTRICT; INCUMBENT,0.95
CA,San Francisco Examiner,104252,1958,STATE REP,5,San Francisco,CA,"GEDDES, SAMUEL B.",Democrat,1,1,,,ENDORSED; THE EXAMINER RECOMMENDS LIST; STATE ASSEMBLY FIFTH DISTRICT; INCUMBENT; UNOPPOSED,0.95
CA,San Francisco Examiner,104252,1958,STATE REP,6,San Francisco,CA,"LINDSAY, FRANCIS C.",Republican,1,,1,,ENDORSED; THE EXAMINER RECOMMENDS LIST; STATE ASSEMBLY SIXTH DISTRICT; INCUMBENT,0.95
CA,San Francisco Examiner,104252,1958,STATE REP,8,San Francisco,CA,"MACBRIDE, THOMAS J.",Democrat,1,1,,,ENDORSED; THE EXAMINER RECOMMENDS LIST; STATE ASSEMBLY EIGHTH DISTRICT; INCUMBENT; UNOPPOSED,0.95
CA,San Francisco Examiner,104252,1958,STATE REP,10,San Francisco,CA,"COSUI, SAMUEL",Republican,1,,,,ENDORSED; THE EXAMINER RECOMMENDS LIST; STATE ASSEMBLY TENTH DISTRICT,0.9
CA,San Francisco Examiner,104252,1958,STATE REP,11,San Francisco,CA,"MASTERSON, S. C.",Democrat,1,1,,,ENDORSED; THE EXAMINER RECOMMENDS LIST; STATE ASSEMBLY ELEVENTH DISTRICT; INCUMBENT,0.95
CA,San Francisco Examiner,104252,1958,STATE REP,12,San Francisco,CA,"BIDDICK, WILLIAM JR.",Democrat,1,1,,,ENDORSED; THE EXAMINER RECOMMENDS LIST; STATE ASSEMBLY TWELFTH DISTRICT; INCUMBENT; UNOPPOSED,0.95
CA,San Francisco Examiner,104252,1958,STATE REP,13,San Francisco,CA,"BEE, CARLOS",Democrat,1,1,,,ENDORSED; THE EXAMINER RECOMMENDS LIST; STATE ASSEMBLY THIRTEENTH DISTRICT; INCUMBENT; UNOPPOSED,0.95
CA,San Francisco Examiner,104252,1958,STATE REP,14,San Francisco,CA,"CROWN, ROBERT W.",Democrat,1,1,,,ENDORSED; THE EXAMINER RECOMMENDS LIST; STATE ASSEMBLY FOURTEENTH DISTRICT; INCUMBENT,0.95
CA,San Francisco Examiner,104252,1958,STATE REP,15,San Francisco,CA,"PETRIS, NICHOLAS",Democrat,1,,,,ENDORSED; THE EXAMINER RECOMMENDS LIST; STATE ASSEMBLY FIFTEENTH DISTRICT,0.95
CA,San Francisco Examiner,104252,1958,STATE REP,16,San Francisco,CA,"DAHL, WALTER I.",Republican,1,,1,,ENDORSED; THE EXAMINER RECOMMENDS LIST; STATE ASSEMBLY SIXTEENTH DISTRICT; INCUMBENT,0.95
CA,San Francisco Examiner,104252,1958,STATE REP,17,San Francisco,CA,"RUMFORD, WILLIAM BYRON",Democrat,1,1,,,ENDORSED; THE EXAMINER RECOMMENDS LIST; STATE ASSEMBLY SEVENTEENTH DISTRICT; INCUMBENT; UNOPPOSED,0.95
CA,San Francisco Examiner,104252,1958,STATE REP,18,San Francisco,CA,"MULFORD, DON",Republican,1,,1,,ENDORSED; THE EXAMINER RECOMMENDS LIST; STATE ASSEMBLY EIGHTEENTH DISTRICT; INCUMBENT,0.95
CA,San Francisco Examiner,104252,1958,STATE REP,25,San Francisco,CA,"FRANCIS, LOUIS",Republican,1,,1,,ENDORSED; THE EXAMINER RECOMMENDS LIST; STATE ASSEMBLY TWENTY FIFTH DISTRICT; INCUMBENT,0.95
CA,San Francisco Examiner,104252,1958,STATE REP,26,San Francisco,CA,"BRITSCHGI, CARL A.",Republican,1,,1,,ENDORSED; THE EXAMINER RECOMMENDS LIST; STATE ASSEMBLY TWENTY SIXTH DISTRICT; INCUMBENT,0.95
CA,San Francisco Examiner,104252,1958,STATE REP,27,San Francisco,CA,"COOLIDGE, GLENN E.",Republican,1,,1,,ENDORSED; THE EXAMINER RECOMMENDS LIST; STATE ASSEMBLY TWENTY SEVENTH DISTRICT; INCUMBENT; UNOPPOSED,0.95
CA,San Francisco Examiner,104252,1958,STATE REP,28,San Francisco,CA,"BRADLEY, CLARK L.",Republican,1,,1,,ENDORSED; THE EXAMINER RECOMMENDS LIST; STATE ASSEMBLY TWENTY EIGHTH DISTRICT; INCUMBENT,0.95
CA,San Francisco Examiner,104252,1958,STATE REP,29,San Francisco,CA,"ALLEN, BRUCE F.",Republican,1,,1,,ENDORSED; THE EXAMINER RECOMMENDS LIST; STATE ASSEMBLY TWENTY NINTH DISTRICT; INCUMBENT,0.95
CA,San Francisco Examiner,104252,1958,STATE REP,30,San Francisco,CA,"BROWN, RALPH M.",Democrat,1,1,,,ENDORSED; THE EXAMINER RECOMMENDS LIST; STATE ASSEMBLY THIRTIETH DISTRICT; INCUMBENT; UNOPPOSED,0.95
CA,San Francisco Examiner,104252,1958,STATE REP,31,San Francisco,CA,"WINTON, GORDON H. JR.",Democrat,1,1,,,ENDORSED; THE EXAMINER RECOMMENDS LIST; STATE ASSEMBLY THIRTY FIRST DISTRICT; INCUMBENT; UNOPPOSED,0.95
CA,San Francisco Examiner,104252,1958,STATE REP,32,San Francisco,CA,"PETTITT, BLAINE",Republican,1,,,,ENDORSED; THE EXAMINER RECOMMENDS LIST; STATE ASSEMBLY THIRTY SECOND DISTRICT,0.95
CA,San Francisco Examiner,104252,1958,STATE REP,33,San Francisco,CA,"HANSEN, WILLIAM W.",Republican,1,,1,,ENDORSED; THE EXAMINER RECOMMENDS LIST; STATE ASSEMBLY THIRTY THIRD DISTRICT; INCUMBENT,0.95
CA,San Francisco Examiner,104252,1958,STATE REP,34,San Francisco,CA,"PATTEE, ALAN G.",Republican,1,,1,,ENDORSED; THE EXAMINER RECOMMENDS LIST; STATE ASSEMBLY THIRTY FOURTH DISTRICT; INCUMBENT,0.95
CA,San Francisco Examiner,104252,1958,STATE REP,35,San Francisco,CA,"JORDAN, RALPH B.",Republican,1,,,,ENDORSED; THE EXAMINER RECOMMENDS LIST; STATE ASSEMBLY THIRTY FIFTH DISTRICT,0.95
CA,San Francisco Examiner,104252,1958,STATE REP,39,San Francisco,CA,"KELLY, PAT",Republican,1,,1,,ENDORSED; THE EXAMINER RECOMMENDS LIST; STATE ASSEMBLY THIRTY NINTH DISTRICT; INCUMBENT,0.95
CA,San Francisco Examiner,104252,1958,ASSESSOR,,SAN FRANCISCO,CA,"WOLDEN, RUSSELL L.",,1,,,1,ENDORSED; THE EXAMINER RECOMMENDS; FOR ASSESSOR; INCUMBENT; UNOPPOSED; DESERVES LARGE COMPLIMENTARY VOTE,0.95
CA,San Francisco Examiner,104252,1958,PUBLIC DEFENDER,,SAN FRANCISCO,CA,"MANCUSO, EDWARD T.",,1,,,1,ENDORSED; THE EXAMINER RECOMMENDS; FOR PUBLIC DEFENDER; INCUMBENT; UNOPPOSED; DESERVES LARGE COMPLIMENTARY VOTE,0.95
CA,San Francisco Examiner,104252,1958,BOARD OF EDUCATION,,SAN FRANCISCO,CA,"DE URIOSTE, ADOLFO",,1,,,1,ENDORSED; THE EXAMINER RECOMMENDS; FOR BOARD OF EDUCATION; INCUMBENT; UNOPPOSED; DESERVES LARGE COMPLIMENTARY VOTE,0.95
CA,San Francisco Examiner,104252,1958,SUPREME COURT,,ASSOCIATE JUSTICE,CA,"SCHAUER, B. REY",,1,,,,ENDORSED; STATE SUPREME COURT ASSOCIATE JUSTICE; UNOPPOSED; DESERVES VOTE OF CONFIDENCE,0.95
CA,San Francisco Examiner,104252,1958,COURT OF APPEALS,1,PRESIDING JUSTICE DIVISION 1,CA,"PETERS, RAYMOND E.",,1,,,,ENDORSED; STATE DISTRICT COURT OF APPEAL PRESIDING JUSTICE DIVISION 1; UNOPPOSED; ENTITLED TO LARGE VOTE OF CONFIRMATION,0.95
CA,San Francisco Examiner,104252,1958,COURT OF APPEALS,2,PRESIDING JUSTICE DIVISION 2,CA,"KAUFMAN, HERBERT C.",,1,,,,ENDORSED; STATE DISTRICT COURT OF APPEAL PRESIDING JUSTICE DIVISION 2; UNOPPOSED; ENTITLED TO LARGE VOTE OF CONFIRMATION,0.95
CA,San Francisco Examiner,104252,1958,COURT OF APPEALS,2,ASSOCIATE JUSTICE DIVISION 2,CA,"DRAPER, MURRAY",,1,,,,ENDORSED; STATE DISTRICT COURT OF APPEAL ASSOCIATE JUSTICE DIVISION 2; UNOPPOSED; ENTITLED TO LARGE VOTE OF CONFIRMATION,0.95
CA,San Francisco Examiner,104252,1958,BOARD OF EQUALIZATION,3,San Francisco,CA,"LEAKE, PAUL",Democrat,1,1,,,ENDORSED; STATE BOARD OF EQUALIZATION THIRD DISTRICT; INCUMBENT; UNOPPOSED; DESERVES VOTE OF CONFIDENCE,0.95
CA,San Francisco Examiner,104252,1960,PRESIDENT,,San Francisco,CA,"NIXON, RICHARD M.",Republican,1,,,,,0.95
CA,San Francisco Examiner,104252,1960,VICE PRESIDENT,,San Francisco,CA,"LODGE, HENRY CABOT",Republican,1,,,,,0.95
CA,San Francisco Examiner,104252,1960,H,1,San Francisco,CA,"DUPUIS, FRED G.",Republican,1,,,,,0.95
CA,San Francisco Examiner,104252,1960,H,4,San Francisco,CA,"MAILLIARD, WILLIAM S.",Republican,1,,1,,,0.95
CA,San Francisco Examiner,104252,1960,H,5,San Francisco,CA,"SHELLEY, JOHN F.",Democrat,1,1,,,,0.95
CA,San Francisco Examiner,104252,1960,H,6,San Francisco,CA,"BALDWIN, JOHN F.",Republican,1,,1,,,0.95
CA,San Francisco Examiner,104252,1960,H,7,San Francisco,CA,"COHELAN, JEFFERY",Democrat,1,1,,,,0.95
CA,San Francisco Examiner,104252,1960,H,8,San Francisco,CA,"MILLER, GEORGE P.",Democrat,1,1,,,,0.95
CA,San Francisco Examiner,104252,1960,H,9,San Francisco,CA,"YOUNGER, J. ARTHUR",Republican,1,,1,,,0.95
CA,San Francisco Examiner,104252,1960,H,10,San Francisco,CA,"GUBSER, CHARLES S.",Republican,1,,1,,,0.95
CA,San Francisco Examiner,104252,1960,H,2,San Francisco,CA,"JOHNSON, HAROLD T.",Democrat,1,1,,,OTHER NORTHERN CALIFORNIA CONGRESSIONAL DISTRICTS,0.95
CA,San Francisco Examiner,104252,1960,H,3,San Francisco,CA,"MOSS, JOHN E. JR.",Democrat,1,1,,,,0.95
CA,San Francisco Examiner,104252,1960,H,11,San Francisco,CA,"MCFALL, JOHN J.",Democrat,1,1,,,,0.95
CA,San Francisco Examiner,104252,1960,H,12,San Francisco,CA,"SISK, B. F.",Democrat,1,1,,,,0.95
CA,San Francisco Examiner,104252,1960,H,13,San Francisco,CA,"TEAGUE, CHARLES M.",Republican,1,,1,,,0.95
CA,San Francisco Examiner,104252,1960,H,14,San Francisco,CA,"HAGEN, HARLAN",Democrat,1,1,,,,0.95
CA,San Francisco Examiner,104252,1960,SUPERIOR COURT,OFFICE 9 SF,San Francisco,CA,"UNDERWOOD, LENORE D.",,1,,,,MUNICIPAL JUDGE,0.95
CA,San Francisco Examiner,104252,1960,SUPERIOR COURT,OFFICE 3 SAN MATEO COUNTY,San Francisco,CA,"O'KEEFE, JAMES T.",,1,,,,,0.95
CA,San Francisco Examiner,104252,1960,STATE SENATOR,11,San Francisco,CA,"SHIFFLETT, WADE",Republican,1,,,,,0.95
CA,San Francisco Examiner,104252,1960,STATE SENATOR,13,San Francisco,CA,"MCCARTHY, JOHN F.",Republican,1,,1,,,0.95
CA,San Francisco Examiner,104252,1960,STATE SENATOR,15,San Francisco,CA,"GIBSON, LUTHER E.",Democrat,1,1,,,,0.95
CA,San Francisco Examiner,104252,1960,STATE SENATOR,17,San Francisco,CA,"MILLER, GEORGE JR.",Democrat,1,1,,,,0.95
CA,San Francisco Examiner,104252,1960,STATE SENATOR,21,San Francisco,CA,"DOLWIG, RICHARD J.",Republican,1,,1,,,0.95
CA,San Francisco Examiner,104252,1960,STATE SENATOR,1,San Francisco,CA,"ARNOLD, STANLEY",Republican,1,,1,,OTHER NORTHERN CALIFORNIA STATE SENATE DISTRICTS,0.95
CA,San Francisco Examiner,104252,1960,STATE SENATOR,3,San Francisco,CA,"CHRISTENSEN, CARL L. JR.",Democrat,1,1,,,,0.95
CA,San Francisco Examiner,104252,1960,STATE SENATOR,5,San Francisco,CA,"REGAN, EDWIN J.",Democrat,1,1,,,,0.95
CA,San Francisco Examiner,104252,1960,STATE SENATOR,7,San Francisco,CA,"CAMERON, DONALD G.",Democrat,1,1,,,,0.95
CA,San Francisco Examiner,104252,1960,STATE SENATOR,9,San Francisco,CA,"BERRY, SWIFT",Republican,1,,1,,,0.95
CA,San Francisco Examiner,104252,1960,STATE SENATOR,19,San Francisco,CA,"ARTZ, GEORGE W.",Republican,1,,,,,0.95
CA,San Francisco Examiner,104252,1960,STATE SENATOR,23,San Francisco,CA,"GRUNSKY, DONALD L.",Republican,1,,1,,,0.95
CA,San Francisco Examiner,104252,1960,STATE SENATOR,25,San Francisco,CA,"BRYAN, WILLIAM F.",Republican,1,,,,,0.95
CA,San Francisco Examiner,104252,1960,STATE SENATOR,27,San Francisco,CA,"WILLIAMS, ROBERT D.",Republican,1,,,,,0.95
CA,San Francisco Examiner,104252,1960,STATE SENATOR,29,San Francisco,CA,"STURGEON, VERNON L.",Republican,1,,,,,0.95
CA,San Francisco Examiner,104252,1960,STATE SENATOR,31,San Francisco,CA,"MCKILLOP, WILLIAM D.",Republican,1,,,,,0.95
CA,San Francisco Examiner,104252,1960,STATE REP,5,San Francisco,CA,"GREEN, WILLIAM D.",Republican,1,,,,,0.95
CA,San Francisco Examiner,104252,1960,STATE REP,7,San Francisco,CA,"BAGLEY, WILLIAM T.",Republican,1,,,,,0.95
CA,San Francisco Examiner,104252,1960,STATE REP,10,San Francisco,CA,"WALDIE, JEROME R.",Democrat,1,1,,,,0.95
CA,San Francisco Examiner,104252,1960,STATE REP,11,San Francisco,CA,"KNOX, JOHN T.",Democrat,1,,,,,0.95
CA,San Francisco Examiner,104252,1960,STATE REP,13,San Francisco,CA,"BEE, CARLOS",Democrat,1,1,,,,0.95
CA,San Francisco Examiner,104252,1960,STATE REP,14,San Francisco,CA,"GUTLEBEN, JOHN P.",Republican,1,,,,,0.95
CA,San Francisco Examiner,104252,1960,STATE REP,15,San Francisco,CA,"ABEL, THOMAS",Republican,1,,,,,0.95
CA,San Francisco Examiner,104252,1960,STATE REP,16,San Francisco,CA,"DAHL, WALTER I.",Republican,1,,1,,,0.95
CA,San Francisco Examiner,104252,1960,STATE REP,17,San Francisco,CA,"RUMFORD, WILLIAM B.",Democrat,1,1,,,,0.95
CA,San Francisco Examiner,104252,1960,STATE REP,18,San Francisco,CA,"MULFORD, DON",Republican,1,,1,,,0.95
CA,San Francisco Examiner,104252,1960,STATE REP,19,San Francisco,CA,"MEYERS, CHARLES W.",Democrat,1,1,,,,0.95
CA,San Francisco Examiner,104252,1960,STATE REP,20,San Francisco,CA,"MUEHL, A. H.",Republican,1,,,,,0.95
CA,San Francisco Examiner,104252,1960,STATE REP,21,San Francisco,CA,"MARKS, MILTON",Republican,1,,1,,,0.95
CA,San Francisco Examiner,104252,1960,STATE REP,22,San Francisco,CA,"BUSTERUD, JOHN A.",Republican,1,,1,,,0.95
CA,San Francisco Examiner,104252,1960,STATE REP,23,San Francisco,CA,"SCROFANI, EMMANUEL R.",Republican,1,,,,,0.95
CA,San Francisco Examiner,104252,1960,STATE REP,24,San Francisco,CA,"GAFFNEY, EDWARD M.",Democrat,1,1,,,,0.95
CA,San Francisco Examiner,104252,1960,STATE REP,25,San Francisco,CA,"FRANCIS, LOUIS",Republican,1,,1,,,0.95
CA,San Francisco Examiner,104252,1960,STATE REP,26,San Francisco,CA,"BRITSCHGI, CARL A.",Republican,1,,1,,,0.95
CA,San Francisco Examiner,104252,1960,STATE REP,28,San Francisco,CA,"BRADLEY, CLARK R.",Republican,1,,1,,,0.95
CA,San Francisco Examiner,104252,1960,STATE REP,29,San Francisco,CA,"ALLEN, BRUCE F.",Republican,1,,1,,,0.95
CA,San Francisco Examiner,104252,1960,STATE REP,1,San Francisco,CA,"BELOTTI, FRANK P.",Republican,1,,1,,OTHER NORTHERN CALIFORNIA STATE ASSEMBLY DISTRICTS,0.95
CA,San Francisco Examiner,104252,1960,STATE REP,2,San Francisco,CA,"DAVIS, PAULINE L.",Democrat,1,1,,,,0.95
CA,San Francisco Examiner,104252,1960,STATE REP,3,San Francisco,CA,"LOWREY, LLOYD W.",Democrat,1,1,,,,0.95
CA,San Francisco Examiner,104252,1960,STATE REP,4,San Francisco,CA,"SEDGWICK, HAROLD T.",Republican,1,,1,,,0.95
CA,San Francisco Examiner,104252,1960,STATE REP,6,San Francisco,CA,"LUNARDI, PAUL J.",Democrat,1,1,,,,0.95
CA,San Francisco Examiner,104252,1960,STATE REP,8,San Francisco,CA,"HICKS, W. A.",Republican,1,,,,,0.95
CA,San Francisco Examiner,104252,1960,STATE REP,12,San Francisco,CA,"MONAGAN, ROBERT T.",Republican,1,,,,,0.95
CA,San Francisco Examiner,104252,1960,STATE REP,27,San Francisco,CA,"COOLIDGE, CROSS E.",Republican,1,,1,,,0.95
CA,San Francisco Examiner,104252,1960,STATE REP,30,San Francisco,CA,"BROWN, RALPH N.",Democrat,1,1,,,,0.95
CA,San Francisco Examiner,104252,1960,STATE REP,31,San Francisco,CA,"WINTON, GORDON H. JR.",Democrat,1,1,,,,0.95
CA,San Francisco Examiner,104252,1960,STATE REP,32,San Francisco,CA,"DELOTTO, BERT",Democrat,1,1,,,,0.95
CA,San Francisco Examiner,104252,1960,STATE REP,33,San Francisco,CA,"GARRIGUS, CARLOS B.",Democrat,1,1,,,,0.95
CA,San Francisco Examiner,104252,1960,STATE REP,34,San Francisco,CA,"PATTEE, ALAN G.",Republican,1,,1,,,0.95
CA,San Francisco Examiner,104252,1960,STATE REP,35,San Francisco,CA,"FREW, MYRON H.",Republican,1,,1,,,0.95
CA,San Francisco Examiner,104252,1960,STATE REP,36,San Francisco,CA,"HOLMES, JAMES L.",Republican,1,,1,,,0.95
CA,San Francisco Examiner,104252,1960,STATE REP,38,San Francisco,CA,"WATTENBARGER, LLOYD N.",Republican,1,,,,,0.95
CA,San Francisco Examiner,104252,1960,STATE REP,39,San Francisco,CA,"WILLIAMSON, JOHN C.",Democrat,1,1,,,,0.95
CA,San Francisco Examiner,104252,1960,SUPREME COURT,,San Francisco,CA,"DOOLING, MAURICE T. JR.",,1,,,,UNOPPOSED JUDICIAL INCUMBENT; YES VOTE RECOMMENDED,0.95
CA,San Francisco Examiner,104252,1960,SUPREME COURT,,San Francisco,CA,"PETERS, RAYMOND E.",,1,,,,UNOPPOSED JUDICIAL INCUMBENT; YES VOTE RECOMMENDED,0.95
CA,San Francisco Examiner,104252,1960,SUPREME COURT,,San Francisco,CA,"WHITE, THOMAS P.",,1,,,,UNOPPOSED JUDICIAL INCUMBENT; YES VOTE RECOMMENDED,0.95
CA,San Francisco Examiner,104252,1960,COURT OF APPEALS,1ST APPELLATE DIST DIV 1,San Francisco,CA,"BRAY, A. F.",,1,,,,UNOPPOSED JUDICIAL INCUMBENT; YES VOTE RECOMMENDED,0.95
CA,San Francisco Examiner,104252,1960,COURT OF APPEALS,1ST APPELLATE DIST DIV 1,San Francisco,CA,"DUNIWAY, BEN C.",,1,,,,UNOPPOSED JUDICIAL INCUMBENT; YES VOTE RECOMMENDED,0.95
CA,San Francisco Examiner,104252,1960,COURT OF APPEALS,1ST APPELLATE DIST DIV 1,San Francisco,CA,"TOBRINER, MATHEW O.",,1,,,,UNOPPOSED JUDICIAL INCUMBENT; YES VOTE RECOMMENDED,0.95
CA,San Francisco Examiner,104252,1960,COURT OF APPEALS,1ST APPELLATE DIST DIV 2,San Francisco,CA,"SHOEMAKER, DANIEL R.",,1,,,,UNOPPOSED JUDICIAL INCUMBENT; YES VOTE RECOMMENDED,0.95
CA,San Francisco Examiner,104252,1960,COURT OF APPEALS,4TH APPELLATE DIST,San Francisco,CA,"COUGHLIN, MARTIN J.",,1,,,,UNOPPOSED JUDICIAL INCUMBENT; YES VOTE RECOMMENDED,0.95
CA,San Francisco Examiner,104252,1960,COURT OF APPEALS,4TH APPELLATE DIST,San Francisco,CA,"SHEPARD, ARTHUR C.",,1,,,,UNOPPOSED JUDICIAL INCUMBENT; YES VOTE RECOMMENDED,0.95
CA,San Francisco Examiner,104252,1960,BOARD OF EDUCATION,SF,San Francisco,CA,"KEMMITT, EDWARD",,1,,,,YES VOTE FOR CONFIRMATION,0.95
CA,San Francisco Examiner,104252,1962,GOVERNOR,,San Francisco,CA,"BROWN, EDMUND G.",Democrat,1,1,,,PAT BROWN,0.95
CA,San Francisco Examiner,104252,1962,LT GOVERNOR,,San Francisco,CA,"CHRISTOPHER, GEORGE",Republican,1,,,,,0.85
CA,San Francisco Examiner,104252,1962,SEC OF STATE,,San Francisco,CA,"JORDAN, FRANK M.",Republican,1,,1,,,0.9
CA,San Francisco Examiner,104252,1962,CONTROLLER,,San Francisco,CA,"CRANSTON, ALAN",Democrat,1,1,,,,0.95
CA,San Francisco Examiner,104252,1962,TREASURER,,San Francisco,CA,"BUSTERUD, JOHN A.",Republican,1,,,,FORMERLY STATE ASSEMBLY DIST 22,0.9
CA,San Francisco Examiner,104252,1962,ATTORNEY GENERAL,,San Francisco,CA,"MOSK, STANLEY",Democrat,1,1,,,,0.95
CA,San Francisco Examiner,104252,1962,SUPERINTENDENT,,San Francisco,CA,"RAFFERTY, MAX",,1,,,,NONPARTISAN OFFICE,0.9
CA,San Francisco Examiner,104252,1962,SENATOR,,San Francisco,CA,"KUCHEL, THOMAS H.",Republican,1,,1,,,0.95
CA,San Francisco Examiner,104252,1962,H,5,San Francisco,CA,"SHELLEY, JOHN F.",Democrat,1,1,,,,0.95
CA,San Francisco Examiner,104252,1962,H,6,San Francisco,CA,"MAILLIARD, WILLIAM S.",Republican,1,,1,,,0.95
CA,San Francisco Examiner,104252,1962,H,1,San Francisco,CA,"CLAUSEN, DON H.",Republican,1,,,,,0.9
CA,San Francisco Examiner,104252,1962,H,4,San Francisco,CA,"LEGGETT, ROBERT L.",Democrat,1,,,,,0.85
CA,San Francisco Examiner,104252,1962,H,7,San Francisco,CA,"COHELAN, JEFFERY",Democrat,1,1,,,,0.95
CA,San Francisco Examiner,104252,1962,H,8,San Francisco,CA,"MILLER, GEORGE P.",Democrat,1,1,,,,0.95
CA,San Francisco Examiner,104252,1962,H,9,San Francisco,CA,"EDWARDS, DON",Democrat,1,,,,,0.9
CA,San Francisco Examiner,104252,1962,H,10,San Francisco,CA,"GUBSER, CHARLES S.",Republican,1,,1,,,0.95
CA,San Francisco Examiner,104252,1962,H,11,San Francisco,CA,"YOUNGER, J. ARTHUR",Republican,1,,1,,,0.95
CA,San Francisco Examiner,104252,1962,H,14,San Francisco,CA,"BALDWIN, JOHN F.",Republican,1,,1,,,0.95
CA,San Francisco Examiner,104252,1962,H,2,San Francisco,CA,"JOHNSON, HAROLD T.",Democrat,1,1,,,NORTHERN CALIFORNIA,0.95
CA,San Francisco Examiner,104252,1962,H,3,San Francisco,CA,"MOSS, JOHN E.",Democrat,1,1,,,,0.95
CA,San Francisco Examiner,104252,1962,H,12,San Francisco,CA,"TALCOTT, BURT L.",Republican,1,,,,,0.85
CA,San Francisco Examiner,104252,1962,H,13,San Francisco,CA,"TEAGUE, CHARLES M.",Republican,1,,1,,,0.95
CA,San Francisco Examiner,104252,1962,H,15,San Francisco,CA,"MCFALL, JOHN J.",Democrat,1,1,,,,0.95
CA,San Francisco Examiner,104252,1962,H,16,San Francisco,CA,"SISK, B. F.",Democrat,1,1,,,,0.95
CA,San Francisco Examiner,104252,1962,H,18,San Francisco,CA,"HAGEN, HARLAN",Democrat,1,1,,,,0.95
CA,San Francisco Examiner,104252,1962,STATE SENATOR,14,San Francisco,CA,"MCATEER, J. EUGENE",Democrat,1,1,,,SF BAY AREA,0.9
CA,San Francisco Examiner,104252,1962,STATE SENATOR,12,San Francisco,CA,"RATTIGAN, JOSEPH A.",Democrat,1,1,,,,0.85
CA,San Francisco Examiner,104252,1962,STATE SENATOR,16,San Francisco,CA,HOLMDAHL,Democrat,1,1,,,,0.8
CA,San Francisco Examiner,104252,1962,STATE SENATOR,18,San Francisco,CA,"BRADLEY, CLARK R.",Republican,1,,,,FORMERLY STATE ASSEMBLY; NO INCUMBENT MARKER,0.9
CA,San Francisco Examiner,104252,1962,STATE SENATOR,2,San Francisco,CA,"COLLIER, RANDOLPH",Democrat,1,1,,,NORTHERN CALIFORNIA; LISTED AS (DR) - DUAL PARTY LABEL,0.9
CA,San Francisco Examiner,104252,1962,STATE SENATOR,4,San Francisco,CA,PETERSON,Democrat,1,,,,,0.8
CA,San Francisco Examiner,104252,1962,STATE SENATOR,6,San Francisco,CA,PITTMAN,Republican,1,,,,,0.8
CA,San Francisco Examiner,104252,1962,STATE SENATOR,8,San Francisco,CA,O'SULLIVAN,Democrat,1,1,,,,0.8
CA,San Francisco Examiner,104252,1962,STATE SENATOR,10,San Francisco,CA,"SEDGWICK, HAROLD T.",Republican,1,,,,FORMERLY STATE ASSEMBLY DIST 4,0.9
CA,San Francisco Examiner,104252,1962,STATE SENATOR,20,San Francisco,CA,"SHORT, ALAN",Democrat,1,1,,,,0.85
CA,San Francisco Examiner,104252,1962,STATE SENATOR,22,San Francisco,CA,DONNELLY,Democrat,1,1,,,,0.8
CA,San Francisco Examiner,104252,1962,STATE SENATOR,24,San Francisco,CA,COBEY,Democrat,1,1,,,LISTED AS (DR) - DUAL PARTY LABEL,0.8
CA,San Francisco Examiner,104252,1962,STATE SENATOR,26,San Francisco,CA,"TEALE, STEPHEN P.",Democrat,1,1,,,,0.85
CA,San Francisco Examiner,104252,1962,STATE SENATOR,28,San Francisco,CA,BROWN,Democrat,1,1,,,DIFFERENT FROM GOVERNOR BROWN,0.8
CA,San Francisco Examiner,104252,1962,STATE SENATOR,30,San Francisco,CA,"BURNS, HUGH M.",Democrat,1,1,,,LISTED AS (DR) - DUAL PARTY LABEL; SENATE PRESIDENT PRO TEM,0.9
CA,San Francisco Examiner,104252,1962,STATE SENATOR,32,San Francisco,CA,WAY,Republican,1,,,,,0.8
CA,San Francisco Examiner,104252,1962,STATE SENATOR,34,San Francisco,CA,"STIERN, WALTER W.",Democrat,1,1,,,,0.85
CA,San Francisco Examiner,104252,1962,STATE REP,18,San Francisco,CA,"GAFFNEY, EDWARD M.",Democrat,1,1,,,SF BAY AREA,0.95
CA,San Francisco Examiner,104252,1962,STATE REP,19,San Francisco,CA,"MEYERS, CHARLES W.",Democrat,1,1,,,,0.95
CA,San Francisco Examiner,104252,1962,STATE REP,20,San Francisco,CA,FRANKEL,Republican,1,,,,,0.8
CA,San Francisco Examiner,104252,1962,STATE REP,21,San Francisco,CA,"MARKS, MILTON",Republican,1,,1,,,0.95
CA,San Francisco Examiner,104252,1962,STATE REP,23,San Francisco,CA,FORAN,Democrat,1,,,,,0.8
CA,San Francisco Examiner,104252,1962,STATE REP,5,San Francisco,CA,YOUNG,Democrat,1,,,,,0.8
CA,San Francisco Examiner,104252,1962,STATE REP,7,San Francisco,CA,"BAGLEY, WILLIAM T.",Republican,1,,1,,,0.95
CA,San Francisco Examiner,104252,1962,STATE REP,10,San Francisco,CA,"WALDIE, JEROME R.",Democrat,1,1,,,,0.95
CA,San Francisco Examiner,104252,1962,STATE REP,11,San Francisco,CA,"KNOX, JOHN T.",Democrat,1,1,,,,0.95
CA,San Francisco Examiner,104252,1962,STATE REP,13,San Francisco,CA,"BEE, CARLOS",Democrat,1,1,,,,0.95
CA,San Francisco Examiner,104252,1962,STATE REP,14,San Francisco,CA,CROWN,Democrat,1,1,,,,0.8
CA,San Francisco Examiner,104252,1962,STATE REP,15,San Francisco,CA,PETRIS,Democrat,1,1,,,,0.8
CA,San Francisco Examiner,104252,1962,STATE REP,16,San Francisco,CA,"MULFORD, DON",Republican,1,,1,,,0.95
CA,San Francisco Examiner,104252,1962,STATE REP,17,San Francisco,CA,"RUMFORD, WILLIAM B.",Democrat,1,,1,,LISTED AS (R)* BUT HISTORICALLY A DEMOCRAT; LIKELY NEWSPAPER TYPO; QA CORRECTED PARTY FROM R TO D (NEWSPAPER TYPO; CONFIRMED DEMOCRAT FROM 1956 1958 1960 1964 CLIPPINGS),0.90
CA,San Francisco Examiner,104252,1962,STATE REP,22,San Francisco,CA,MILLAS,Republican,1,,,,,0.8
CA,San Francisco Examiner,104252,1962,STATE REP,24,San Francisco,CA,DAVIS,Republican,1,,,,BAY AREA; DIFFERENT FROM PAULINE DAVIS IN NORCAL DIST 2,0.8
CA,San Francisco Examiner,104252,1962,STATE REP,25,San Francisco,CA,ALVES,Republican,1,,,,,0.8
CA,San Francisco Examiner,104252,1962,STATE REP,26,San Francisco,CA,"BRITSCHGI, CARL A.",Republican,1,,1,,,0.95
CA,San Francisco Examiner,104252,1962,STATE REP,27,San Francisco,CA,RYAN,Democrat,1,,,,,0.8
CA,San Francisco Examiner,104252,1962,STATE REP,1,San Francisco,CA,"BELOTTI, FRANK P.",Republican,1,,1,,NORTHERN CALIFORNIA; LISTED AS (RD) - DUAL PARTY LABEL,0.9
CA,San Francisco Examiner,104252,1962,STATE REP,2,San Francisco,CA,"DAVIS, PAULINE L.",Democrat,1,1,,,,0.95
CA,San Francisco Examiner,104252,1962,STATE REP,3,San Francisco,CA,GREENE,Democrat,1,,,,,0.8
CA,San Francisco Examiner,104252,1962,STATE REP,4,San Francisco,CA,BOOTH,Democrat,1,,,,,0.8
CA,San Francisco Examiner,104252,1962,STATE REP,6,San Francisco,CA,"LUNARDI, PAUL J.",Democrat,1,1,,,,0.95
CA,San Francisco Examiner,104252,1962,STATE REP,8,San Francisco,CA,POWERS,Democrat,1,,,,,0.8
CA,San Francisco Examiner,104252,1962,STATE REP,9,San Francisco,CA,Z'BERG,Democrat,1,1,,,,0.8
CA,San Francisco Examiner,104252,1962,STATE REP,12,San Francisco,CA,"MONAGAN, ROBERT T.",Republican,1,,1,,,0.95
CA,San Francisco Examiner,104252,1962,STATE REP,28,San Francisco,CA,CASEY,Democrat,1,1,,,,0.8
CA,San Francisco Examiner,104252,1962,STATE REP,29,San Francisco,CA,"WILLIAMSON, JOHN C.",Democrat,1,1,,,,0.95
CA,San Francisco Examiner,104252,1962,STATE REP,30,San Francisco,CA,VENEMAN,Republican,1,,1,,,0.8
CA,San Francisco Examiner,104252,1962,STATE REP,31,San Francisco,CA,"WINTON, GORDON H.",Democrat,1,1,,,,0.9
CA,San Francisco Examiner,104252,1962,STATE REP,32,San Francisco,CA,ZENOVICH,Democrat,1,,,,,0.8
CA,San Francisco Examiner,104252,1962,STATE REP,33,San Francisco,CA,"GARRIGUS, CARLOS B.",Democrat,1,1,,,,0.95
CA,San Francisco Examiner,104252,1962,STATE REP,34,San Francisco,CA,"PATTEE, ALAN G.",Republican,1,,1,,,0.95
CA,San Francisco Examiner,104252,1962,STATE REP,35,San Francisco,CA,FREW,Democrat,1,1,,,LISTED AS (D)* BUT WAS (R)* IN 1960 DIST 35; MAY BE DIFFERENT PERSON OR PARTY SWITCH POST-REDISTRICTING,0.75
CA,San Francisco Examiner,104252,1962,STATE REP,36,San Francisco,CA,"HOLMES, JAMES L.",Republican,1,,1,,,0.95
CA,San Francisco Examiner,104252,1962,BOARD OF EQUALIZATION,1,San Francisco,CA,REILLY,Democrat,1,1,,,,0.8
CA,San Francisco Examiner,104252,1962,BOARD OF EQUALIZATION,2,San Francisco,CA,LYNCH,Democrat,1,1,,,,0.8
CA,San Francisco Examiner,104252,1962,BOARD OF EQUALIZATION,3,San Francisco,CA,LEAKE,Democrat,1,1,,,LISTED AS (DR) - DUAL PARTY LABEL,0.8
CA,San Francisco Examiner,104252,1962,ASSESSOR,SF,San Francisco,CA,WOLDEN,,1,1,,,SAN FRANCISCO ASSESSOR,0.8
CA,San Francisco Examiner,104252,1962,PUBLIC DEFENDER,SF,San Francisco,CA,MANCUSO,,1,1,,,SAN FRANCISCO PUBLIC DEFENDER,0.8
CA,San Francisco Examiner,104252,1962,BOARD OF EDUCATION,SF,San Francisco,CA,MATZGER,,1,1,,,VOTE YES FOR CONFIRMATION,0.8
CA,San Francisco Examiner,104252,1962,BOARD OF EDUCATION,SF,San Francisco,CA,STRATTEN,,1,1,,,VOTE YES FOR CONFIRMATION,0.8
CA,San Francisco Examiner,104252,1962,SUPREME COURT,,San Francisco,CA,GIBSON,,1,,,,CHIEF JUSTICE; VOTE YES,0.9
CA,San Francisco Examiner,104252,1962,SUPREME COURT,,San Francisco,CA,TOBRINER,,1,,,,ASSOCIATE JUSTICE; VOTE YES,0.9
CA,San Francisco Examiner,104252,1962,SUPREME COURT,,San Francisco,CA,TRAYNOR,,1,,,,ASSOCIATE JUSTICE; VOTE YES,0.9
CA,San Francisco Examiner,104252,1962,COURT OF APPEALS,1ST DIST,San Francisco,CA,MOLINARI,,1,,,,FIRST DISTRICT COURT OF APPEALS,0.8
CA,San Francisco Examiner,104252,1962,COURT OF APPEALS,1ST DIST,San Francisco,CA,SULLIVAN,,1,,,,,0.8
CA,San Francisco Examiner,104252,1962,COURT OF APPEALS,1ST DIST,San Francisco,CA,AGEE,,1,,,,,0.8
CA,San Francisco Examiner,104252,1962,COURT OF APPEALS,1ST DIST,San Francisco,CA,DRAPER,,1,,,,,0.8
CA,San Francisco Examiner,104252,1962,COURT OF APPEALS,1ST DIST,San Francisco,CA,DEVINE,,1,,,,,0.8
CA,San Francisco Examiner,104252,1962,COURT OF APPEALS,1ST DIST,San Francisco,CA,SALSMAN,,1,,,,,0.8
CA,San Francisco Examiner,104252,1962,COURT OF APPEALS,3RD DIST,San Francisco,CA,PEEK,,1,,,,THIRD DISTRICT COURT OF APPEAL,0.8
CA,San Francisco Examiner,104252,1962,COURT OF APPEALS,3RD DIST,San Francisco,CA,PIERCE,,1,,,,,0.8
CA,San Francisco Examiner,104252,1962,COURT OF APPEALS,3RD DIST,San Francisco,CA,SCHOTTKY,,1,,,,,0.8
CA,San Francisco Examiner,104252,1964,PRESIDENT,,San Francisco,CA,"JOHNSON, LYNDON B.",Democrat,1,1,,,,0.95
CA,San Francisco Examiner,104252,1964,VICE PRESIDENT,,San Francisco,CA,"HUMPHREY, HUBERT H.",Democrat,1,,,,,0.95
CA,San Francisco Examiner,104252,1964,SENATOR,,San Francisco,CA,"SALINGER, PIERRE",Democrat,1,1,,,APPOINTED INCUMBENT,0.95
CA,San Francisco Examiner,104252,1964,H,1,San Francisco,CA,"CLAUSEN, DON H.",Republican,1,,1,,,0.9
CA,San Francisco Examiner,104252,1964,H,2,San Francisco,CA,"JOHNSON, HAROLD T.",Democrat,1,1,,,,0.95
CA,San Francisco Examiner,104252,1964,H,3,San Francisco,CA,"MOSS, JOHN E.",Democrat,1,1,,,,0.95
CA,San Francisco Examiner,104252,1964,H,4,San Francisco,CA,"LEGGETT, ROBERT L.",Democrat,1,1,,,,0.9
CA,San Francisco Examiner,104252,1964,H,6,San Francisco,CA,"MAILLIARD, WILLIAM S.",Republican,1,,1,,,0.95
CA,San Francisco Examiner,104252,1964,H,7,San Francisco,CA,"COHELAN, JEFFERY",Democrat,1,1,,,,0.95
CA,San Francisco Examiner,104252,1964,H,8,San Francisco,CA,"MILLER, GEORGE P.",Democrat,1,1,,,,0.95
CA,San Francisco Examiner,104252,1964,H,10,San Francisco,CA,"GUBSER, CHARLES S.",Republican,1,,1,,,0.95
CA,San Francisco Examiner,104252,1964,H,11,San Francisco,CA,"YOUNGER, J. ARTHUR",Republican,1,,1,,,0.95
CA,San Francisco Examiner,104252,1964,H,12,San Francisco,CA,"TALCOTT, BURT L.",Republican,1,,1,,,0.9
CA,San Francisco Examiner,104252,1964,H,14,San Francisco,CA,"BALDWIN, JOHN F.",Republican,1,,1,,,0.95
CA,San Francisco Examiner,104252,1964,H,15,San Francisco,CA,"MCFALL, JOHN J.",Democrat,1,1,,,,0.95
CA,San Francisco Examiner,104252,1964,H,16,San Francisco,CA,"SISK, B. F.",Democrat,1,1,,,,0.95
CA,San Francisco Examiner,104252,1964,STATE SENATOR,11,San Francisco,CA,GEDDES,Democrat,1,1,,,,0.8
CA,San Francisco Examiner,104252,1964,STATE SENATOR,13,San Francisco,CA,"MCCARTHY, JOHN F.",Republican,1,,1,,,0.95
CA,San Francisco Examiner,104252,1964,STATE SENATOR,15,San Francisco,CA,"GIBSON, LUTHER E.",Democrat,1,1,,,,0.95
CA,San Francisco Examiner,104252,1964,STATE SENATOR,17,San Francisco,CA,"MILLER, GEORGE JR.",Democrat,1,1,,,,0.9
CA,San Francisco Examiner,104252,1964,STATE SENATOR,19,San Francisco,CA,RODDA,Democrat,1,1,,,,0.8
CA,San Francisco Examiner,104252,1964,STATE SENATOR,21,San Francisco,CA,"DOLWIG, RICHARD J.",Republican,1,,1,,,0.95
CA,San Francisco Examiner,104252,1964,STATE SENATOR,23,San Francisco,CA,"GRUNSKY, DONALD L.",Republican,1,,1,,,0.95
CA,San Francisco Examiner,104252,1964,STATE SENATOR,25,San Francisco,CA,FARR,Democrat,1,1,,,,0.8
CA,San Francisco Examiner,104252,1964,STATE REP,5,San Francisco,CA,YOUNG,Democrat,1,1,,,,0.8
CA,San Francisco Examiner,104252,1964,STATE REP,7,San Francisco,CA,"BAGLEY, WILLIAM T.",Republican,1,,1,,,0.95
CA,San Francisco Examiner,104252,1964,STATE REP,10,San Francisco,CA,"WALDIE, JEROME R.",Democrat,1,1,,,,0.95
CA,San Francisco Examiner,104252,1964,STATE REP,11,San Francisco,CA,"KNOX, JOHN T.",Democrat,1,1,,,,0.95
CA,San Francisco Examiner,104252,1964,STATE REP,12,San Francisco,CA,"MONAGAN, ROBERT T.",Republican,1,,1,,,0.95
CA,San Francisco Examiner,104252,1964,STATE REP,13,San Francisco,CA,"BEE, CARLOS",Democrat,1,1,,,,0.95
CA,San Francisco Examiner,104252,1964,STATE REP,14,San Francisco,CA,CROWN,Democrat,1,1,,,,0.8
CA,San Francisco Examiner,104252,1964,STATE REP,15,San Francisco,CA,PETRIS,Democrat,1,1,,,,0.8
CA,San Francisco Examiner,104252,1964,STATE REP,16,San Francisco,CA,"MULFORD, DON",Republican,1,,1,,,0.95
CA,San Francisco Examiner,104252,1964,STATE REP,17,San Francisco,CA,"RUMFORD, WILLIAM B.",Democrat,1,1,,,NOW CORRECTLY LISTED AS (D); CONFIRMS 1962 (R) WAS TYPO,0.95
CA,San Francisco Examiner,104252,1964,STATE REP,18,San Francisco,CA,TEASDALE,Republican,1,,,,NO INCUMBENT MARKER,0.8
CA,San Francisco Examiner,104252,1964,STATE REP,20,San Francisco,CA,LOUIE,Republican,1,,,,NO INCUMBENT MARKER,0.8
CA,San Francisco Examiner,104252,1964,STATE REP,21,San Francisco,CA,"MARKS, MILTON",Republican,1,,1,,,0.95
CA,San Francisco Examiner,104252,1964,STATE REP,22,San Francisco,CA,MILLAS,Republican,1,,1,,,0.8
CA,San Francisco Examiner,104252,1964,STATE REP,23,San Francisco,CA,FORAN,Democrat,1,1,,,,0.8
CA,San Francisco Examiner,104252,1964,STATE REP,24,San Francisco,CA,ALQUIST,Democrat,1,1,,,,0.8
CA,San Francisco Examiner,104252,1964,STATE REP,25,San Francisco,CA,ALVES,Republican,1,,,,NO INCUMBENT MARKER,0.8
CA,San Francisco Examiner,104252,1964,STATE REP,26,San Francisco,CA,"BRITSCHGI, CARL A.",Republican,1,,1,,,0.95
CA,San Francisco Examiner,104252,1964,STATE REP,27,San Francisco,CA,RYAN,Republican,1,,1,,WAS (D) IN 1962; NOW (R)* - MAY BE DIFFERENT PERSON,0.8
CA,San Francisco Examiner,104252,1964,STATE REP,30,San Francisco,CA,VENEMAN,Republican,1,,1,,,0.8
CA,San Francisco Examiner,104252,1964,BOARD OF EDUCATION,SF,San Francisco,CA,COLVIN,,1,,,,CONFIRMING VOTE OF YES; UNOPPOSED,0.8
CA,San Francisco Examiner,104252,1964,SUPREME COURT,,San Francisco,CA,PEEK,,1,,,,CONFIRMING VOTE OF YES; UNOPPOSED,0.9
CA,San Francisco Examiner,104252,1964,COURT OF APPEALS,1ST DIST,San Francisco,CA,SHOEMAKER,,1,,,,CONFIRMING VOTE OF YES; UNOPPOSED,0.9
CA,San Francisco Examiner,104252,1964,COURT OF APPEALS,1ST DIST,San Francisco,CA,TAYLOR,,1,,,,CONFIRMING VOTE OF YES; UNOPPOSED,0.8
CA,San Francisco Examiner,104252,1964,COURT OF APPEALS,3RD DIST,San Francisco,CA,PIERCE,,1,,,,CONFIRMING VOTE OF YES; UNOPPOSED,0.9
CA,San Francisco Examiner,104252,1964,COURT OF APPEALS,3RD DIST,San Francisco,CA,FRIEDMAN,,1,,,,CONFIRMING VOTE OF YES; UNOPPOSED,0.8
CA,San Francisco Examiner,104252,1966,ASSESSOR,SF,San Francisco,CA,"TINNEY, JOSEPH E.",,1,,,,NON-PARTISAN; SAN FRANCISCO ASSESSOR,0.95
CA,San Francisco Examiner,104252,1966,BOARD OF EDUCATION,SF,San Francisco,CA,"GLASS, LAUREL ELLEN",,1,,,,DR.; YES VOTE FOR CONFIRMATION,0.95
CA,San Francisco Examiner,104252,1966,BOARD OF EDUCATION,SF,San Francisco,CA,"NICHOLS, ALAN H.",,1,,,,YES VOTE FOR CONFIRMATION,0.95
CA,San Francisco Examiner,104252,1966,PUBLIC DEFENDER,SF,San Francisco,CA,"MANCUSO, EDWARD T.",,1,1,,,,0.95
CA,San Francisco Examiner,104252,1966,BOARD OF EQUALIZATION,1,San Francisco,CA,"REILLY, GEORGE R.",Democrat,1,1,,,,0.95
CA,San Francisco Examiner,104252,1966,BOARD OF EQUALIZATION,2,San Francisco,CA,"LYNCH, JOHN W.",Democrat,1,1,,,,0.95
CA,San Francisco Examiner,104252,1966,BOARD OF EQUALIZATION,3,San Francisco,CA,"LEAKE, PAUL",Democrat,1,1,,,,0.95
CA,San Francisco Examiner,104252,1966,H,6,San Francisco,CA,"MAILLIARD, WILLIAM S.",Republican,1,,1,,SAN FRANCISCO,0.95
CA,San Francisco Examiner,104252,1966,H,1,San Francisco,CA,"CLAUSEN, DON H.",Republican,1,,1,,NORTHERN CALIFORNIA,0.95
CA,San Francisco Examiner,104252,1966,H,3,San Francisco,CA,"MOSS, JOHN F.",Democrat,1,1,,,,0.95
CA,San Francisco Examiner,104252,1966,H,4,San Francisco,CA,"LEGGETT, ROBERT L.",Democrat,1,1,,,,0.95
CA,San Francisco Examiner,104252,1966,H,7,San Francisco,CA,"COHELAN, JEFFERY",Democrat,1,1,,,,0.95
CA,San Francisco Examiner,104252,1966,H,8,San Francisco,CA,"MILLER, GEORGE P.",Democrat,1,1,,,,0.95
CA,San Francisco Examiner,104252,1966,H,10,San Francisco,CA,"GUBSER, CHARLES S.",Republican,1,,1,,,0.95
CA,San Francisco Examiner,104252,1966,H,11,San Francisco,CA,"YOUNGER, J. ARTHUR",Republican,1,,1,,,0.95
CA,San Francisco Examiner,104252,1966,H,12,San Francisco,CA,"TALCOTT, BURT L.",Republican,1,,1,,,0.95
CA,San Francisco Examiner,104252,1966,H,14,San Francisco,CA,"WALDIE, JEROME R.",Democrat,1,1,,,,0.95
CA,San Francisco Examiner,104252,1966,H,15,San Francisco,CA,"MCFALL, JOHN R.",Democrat,1,1,,,,0.95
CA,San Francisco Examiner,104252,1966,STATE SENATOR,9,San Francisco,CA,"MCATEER, EUGENE",Democrat,1,1,,,SAN FRANCISCO,0.95
CA,San Francisco Examiner,104252,1966,STATE SENATOR,1,San Francisco,CA,"COLLIER, RANDOLPH",Democrat,1,1,,,BAY REGION,0.95
CA,San Francisco Examiner,104252,1966,STATE SENATOR,4,San Francisco,CA,"MCCARTHY, JOHN F.",Republican,1,,1,,,0.95
CA,San Francisco Examiner,104252,1966,STATE SENATOR,7,San Francisco,CA,"MILLER, GEORGE JR.",Democrat,1,1,,,,0.95
CA,San Francisco Examiner,104252,1966,STATE SENATOR,8,San Francisco,CA,"RUMFORD, WILLIAM BYRON",Democrat,1,,,,MOVED FROM ASSEMBLY TO STATE SENATE; NO INCUMBENT MARKER,0.95
CA,San Francisco Examiner,104252,1966,STATE SENATOR,11,San Francisco,CA,"KELLEY, COLIN C.",Republican,1,,,,,0.85
CA,San Francisco Examiner,104252,1966,STATE SENATOR,12,San Francisco,CA,"DOLWIG, RICHARD J.",Republican,1,,1,,,0.95
CA,San Francisco Examiner,104252,1966,STATE SENATOR,13,San Francisco,CA,"ALQUIST, ALFRED E.",Democrat,1,1,,,MOVED FROM ASSEMBLY DIST 24 TO STATE SENATE,0.95
CA,San Francisco Examiner,104252,1966,STATE SENATOR,14,San Francisco,CA,"BRADLEY, CLARK L.",Republican,1,,1,,,0.95
CA,San Francisco Examiner,104252,1966,STATE REP,18,San Francisco,CA,"BROWN, WILLIE L. JR.",Democrat,1,1,,,SAN FRANCISCO; FIRST APPEARANCE IN EXAMINER ENDORSEMENTS,0.95
CA,San Francisco Examiner,104252,1966,STATE REP,19,San Francisco,CA,"CULLEN, EDGAR E.",Republican,1,,,,SAN FRANCISCO,0.95
CA,San Francisco Examiner,104252,1966,STATE REP,20,San Francisco,CA,"BRIGHT, RAYMOND E.",Republican,1,,,,,0.95
CA,San Francisco Examiner,104252,1966,STATE REP,23,San Francisco,CA,"FORAN, JOHN FRANCIS",Democrat,1,1,,,,0.95
CA,San Francisco Examiner,104252,1966,STATE REP,5,San Francisco,CA,"DUNLAP, JOHN F.",Democrat,1,,,,BAY REGION,0.95
CA,San Francisco Examiner,104252,1966,STATE REP,7,San Francisco,CA,"BAGLEY, WILLIAM T.",Republican,1,,1,,,0.95
CA,San Francisco Examiner,104252,1966,STATE REP,10,San Francisco,CA,"DENT, JAMES W.",Republican,1,,,,,0.95
CA,San Francisco Examiner,104252,1966,STATE REP,11,San Francisco,CA,"KNOX, JOHN T.",Democrat,1,1,,,,0.95
CA,San Francisco Examiner,104252,1966,STATE REP,13,San Francisco,CA,"BEE, CARLOS",Democrat,1,1,,,,0.95
CA,San Francisco Examiner,104252,1966,STATE REP,14,San Francisco,CA,"CROWN, ROBERT W.",Democrat,1,1,,,,0.95
CA,San Francisco Examiner,104252,1966,STATE REP,15,San Francisco,CA,"FONG, MARCH K.",Democrat,1,,,,"LATER MARCH FONG EU, SECRETARY OF STATE",0.95
CA,San Francisco Examiner,104252,1966,STATE REP,16,San Francisco,CA,"MULFORD, DON",Republican,1,,1,,,0.95
CA,San Francisco Examiner,104252,1966,STATE REP,17,San Francisco,CA,"NORTON, RAY",Republican,1,,,,,0.95
CA,San Francisco Examiner,104252,1966,STATE REP,24,San Francisco,CA,"VASCONCELLOS, JOHN",Democrat,1,,,,,0.95
CA,San Francisco Examiner,104252,1966,STATE REP,25,San Francisco,CA,"CRANDALL, EARL P.",Republican,1,,,,,0.95
CA,San Francisco Examiner,104252,1966,STATE REP,26,San Francisco,CA,"BRITSCHGI, CARL A.",Republican,1,,1,,,0.95
CA,San Francisco Examiner,104252,1966,STATE REP,27,San Francisco,CA,"MILLER, ROBERT N.",Republican,1,,,,,0.95
CA,San Francisco Examiner,104252,1966,SUPREME COURT,,San Francisco,CA,"TRAYNOR, ROGER J.",,1,,,,INCUMBENT; YES VOTE RECOMMENDED,0.95
CA,San Francisco Examiner,104252,1966,SUPREME COURT,,San Francisco,CA,"BURKE, LOUIS H.",,1,,,,INCUMBENT; YES VOTE RECOMMENDED,0.95
CA,San Francisco Examiner,104252,1966,SUPREME COURT,,San Francisco,CA,"MCCOMB, MARSHALL F.",,1,,,,INCUMBENT; YES VOTE RECOMMENDED,0.95
CA,San Francisco Examiner,104252,1966,SUPREME COURT,,San Francisco,CA,"MOSK, STANLEY",,1,,,,INCUMBENT; YES VOTE RECOMMENDED; FORMERLY AG,0.95
CA,San Francisco Examiner,104252,1966,SUPREME COURT,,San Francisco,CA,"PEEK, PAUL",,1,,,,INCUMBENT; YES VOTE RECOMMENDED,0.95
CA,San Francisco Examiner,104252,1966,COURT OF APPEALS,1ST DIST,San Francisco,CA,"SULLIVAN, RAYMOND L.",,1,,,,INCUMBENT; YES VOTE RECOMMENDED,0.95
CA,San Francisco Examiner,104252,1966,COURT OF APPEALS,1ST DIST,San Francisco,CA,"MOLINARI, JOHN B.",,1,,,,INCUMBENT; YES VOTE RECOMMENDED,0.95
CA,San Francisco Examiner,104252,1966,COURT OF APPEALS,1ST DIST,San Francisco,CA,"SIMS, RICHARD M. JR.",,1,,,,INCUMBENT; YES VOTE RECOMMENDED,0.95
CA,San Francisco Examiner,104252,1966,COURT OF APPEALS,1ST DIST,San Francisco,CA,"DEVINE, PRESTON",,1,,,,INCUMBENT; YES VOTE RECOMMENDED,0.95
CA,San Francisco Examiner,104252,1968,PRESIDENT,,San Francisco,CA,"HUMPHREY, HUBERT H.",Democrat,1,,,,,0.95
CA,San Francisco Examiner,104252,1968,VICE PRESIDENT,,San Francisco,CA,"MUSKIE, EDMUND S.",Democrat,1,,,,,0.95
CA,San Francisco Examiner,104252,1968,H,5,San Francisco,CA,"BURTON, PHILLIP",Democrat,1,1,,,SAN FRANCISCO,0.95
CA,San Francisco Examiner,104252,1968,H,6,San Francisco,CA,"MAILLIARD, WILLIAM S.",Republican,1,,1,,SAN FRANCISCO,0.95
CA,San Francisco Examiner,104252,1968,STATE SENATOR,9,San Francisco,CA,"MARKS, MILTON",Republican,1,,1,,SAN FRANCISCO; MOVED FROM ASSEMBLY TO STATE SENATE,0.95
CA,San Francisco Examiner,104252,1968,STATE REP,18,San Francisco,CA,"BROWN, WILLIE L. JR.",Democrat,1,1,,,SAN FRANCISCO,0.95
CA,San Francisco Examiner,104252,1968,STATE REP,19,San Francisco,CA,"MCCARTHY, LEO T.",Democrat,1,,,,SAN FRANCISCO; NO INCUMBENT MARKER,0.95
CA,San Francisco Examiner,104252,1968,STATE REP,20,San Francisco,CA,"BURTON, JOHN",Democrat,1,1,,,SAN FRANCISCO; BROTHER OF PHILLIP BURTON,0.95
CA,San Francisco Examiner,104252,1968,STATE REP,23,San Francisco,CA,"FORAN, JOHN F.",Democrat,1,1,,,SAN FRANCISCO,0.95
CA,San Francisco Examiner,104252,1968,BOARD OF EDUCATION,SF,San Francisco,CA,"SANCHEZ, DAVID J. JR.",,1,,,,YES VOTE TO CONFIRM,0.95
CA,San Francisco Examiner,104252,1968,H,1,San Francisco,CA,"CLAUSEN, DON H.",Republican,1,,1,,NORTHERN CALIFORNIA,0.95
CA,San Francisco Examiner,104252,1968,H,4,San Francisco,CA,"LEGGETT, ROBERT L.",Democrat,1,1,,,,0.95
CA,San Francisco Examiner,104252,1968,H,7,San Francisco,CA,"COHELAN, JEFFREY",Democrat,1,1,,,SPELLED JEFFREY HERE VS JEFFERY IN PRIOR YEARS,0.95
CA,San Francisco Examiner,104252,1968,H,9,San Francisco,CA,"FARGHER, LARRY",Republican,1,,,,NO INCUMBENT MARKER,0.95
CA,San Francisco Examiner,104252,1968,H,10,San Francisco,CA,"GUBSER, CHARLES H.",Republican,1,,1,,MIDDLE INITIAL H. USED HERE VS S. IN PRIOR YEARS,0.9
CA,San Francisco Examiner,104252,1968,H,11,San Francisco,CA,"WHITTAKER, URBAN G.",Democrat,1,,,,,0.8
CA,San Francisco Examiner,104252,1968,H,14,San Francisco,CA,"WALDIE, JEROME R.",Democrat,1,1,,,,0.95
CA,San Francisco Examiner,104252,1968,STATE SENATOR,7,San Francisco,CA,"MILLER, GEORGE JR.",Democrat,1,1,,,,0.95
CA,San Francisco Examiner,104252,1968,STATE SENATOR,11,San Francisco,CA,"PETRIS, NICHOLAS C.",Democrat,1,1,,,,0.95
CA,San Francisco Examiner,104252,1968,STATE SENATOR,13,San Francisco,CA,"ALQUIST, ALFRED E.",Democrat,1,1,,,,0.95
CA,San Francisco Examiner,104252,1968,STATE REP,5,San Francisco,CA,"PINKERTON, DONALD F.",Republican,1,,,,,0.95
CA,San Francisco Examiner,104252,1968,STATE REP,7,San Francisco,CA,"BAGLEY, WILLIAM T.",Republican,1,,1,,,0.95
CA,San Francisco Examiner,104252,1968,STATE REP,10,San Francisco,CA,"DENT, JAMES W.",Republican,1,,1,,,0.95
CA,San Francisco Examiner,104252,1968,STATE REP,11,San Francisco,CA,"KNOX, JOHN T.",Democrat,1,1,,,,0.95
CA,San Francisco Examiner,104252,1968,STATE REP,13,San Francisco,CA,"BEE, CARLOS",Democrat,1,1,,,,0.95
CA,San Francisco Examiner,104252,1968,STATE REP,14,San Francisco,CA,"CROWN, ROBERT W.",Democrat,1,1,,,,0.95
CA,San Francisco Examiner,104252,1968,STATE REP,15,San Francisco,CA,"FONG, MARCH K.",Democrat,1,1,,,,0.95
CA,San Francisco Examiner,104252,1968,STATE REP,16,San Francisco,CA,"MULFORD, DON",Republican,1,,1,,,0.95
CA,San Francisco Examiner,104252,1968,STATE REP,22,San Francisco,CA,"MILLAS, GEORGE W.",Republican,1,,1,,FULL NAME NOW KNOWN,0.95
CA,San Francisco Examiner,104252,1968,STATE REP,26,San Francisco,CA,"BRITSCHGI, CARL A.",Republican,1,,1,,,0.95
CA,San Francisco Examiner,104252,1968,STATE REP,27,San Francisco,CA,"RYAN, LEO J.",Democrat,1,1,,,UNOPPOSED; LATER CONGRESSMAN KILLED AT JONESTOWN 1978,0.95
CA,San Francisco Examiner,104252,1970,GOVERNOR,,San Francisco,CA,"REAGAN, RONALD",Republican,1,,1,,,0.95
CA,San Francisco Examiner,104252,1970,LT GOVERNOR,,San Francisco,CA,"REINECKE, ED",Republican,1,,1,,,0.95
CA,San Francisco Examiner,104252,1970,SEC OF STATE,,San Francisco,CA,"BROWN, EDMUND G. JR.",Democrat,1,,,,JERRY BROWN,0.95
CA,San Francisco Examiner,104252,1970,CONTROLLER,,San Francisco,CA,"FLOURNOY, HOUSTON I.",Republican,1,,1,,,0.95
CA,San Francisco Examiner,104252,1970,TREASURER,,San Francisco,CA,"PRIEST, IVY BAKER",Republican,1,,1,,,0.95
CA,San Francisco Examiner,104252,1970,ATTORNEY GENERAL,,San Francisco,CA,"YOUNGER, EVELLE J.",Republican,1,,,,,0.95
CA,San Francisco Examiner,104252,1970,SENATOR,,San Francisco,CA,"MURPHY, GEORGE",Republican,1,,1,,,0.95
CA,San Francisco Examiner,104252,1970,SUPERINTENDENT,,San Francisco,CA,"RAFFERTY, MAX",,1,1,,,NONPARTISAN OFFICE,0.95
CA,San Francisco Examiner,104252,1970,BOARD OF EQUALIZATION,1,San Francisco,CA,"REILLY, GEORGE R.",Democrat,1,1,,,,0.95
CA,San Francisco Examiner,104252,1970,BOARD OF EQUALIZATION,2,San Francisco,CA,"LYNCH, JOHN W.",Democrat,1,1,,,,0.95
CA,San Francisco Examiner,104252,1970,BOARD OF EQUALIZATION,3,San Francisco,CA,"KETTENHOFEN, ERNEST N.",Republican,1,,,,,0.95
CA,San Francisco Examiner,104252,1970,H,5,San Francisco,CA,"BURTON, PHILLIP",Democrat,1,1,,,SAN FRANCISCO,0.95
CA,San Francisco Examiner,104252,1970,H,6,San Francisco,CA,"MAILLIARD, WILLIAM S.",Republican,1,,1,,SAN FRANCISCO,0.95
CA,San Francisco Examiner,104252,1970,H,1,San Francisco,CA,"CLAUSEN, DON",Republican,1,,1,,NORTHERN CALIFORNIA,0.95
CA,San Francisco Examiner,104252,1970,H,2,San Francisco,CA,"JOHNSON, HAROLD",Democrat,1,1,,,,0.95
CA,San Francisco Examiner,104252,1970,H,3,San Francisco,CA,"MOSS, JOHN E.",Democrat,1,1,,,,0.95
CA,San Francisco Examiner,104252,1970,H,4,San Francisco,CA,"LEGGETT, ROBERT L.",Democrat,1,1,,,,0.95
CA,San Francisco Examiner,104252,1970,H,7,San Francisco,CA,"HEALY, JOHN E.",Republican,1,,,,,0.95
CA,San Francisco Examiner,104252,1970,H,8,San Francisco,CA,"MILLER, GEORGE P.",Democrat,1,1,,,,0.95
CA,San Francisco Examiner,104252,1970,H,10,San Francisco,CA,"GUBSER, CHARLES S.",Republican,1,,1,,,0.95
CA,San Francisco Examiner,104252,1970,H,11,San Francisco,CA,"MCCLOSKEY, PAUL N.",Republican,1,,1,,PETE MCCLOSKEY,0.95
CA,San Francisco Examiner,104252,1970,H,14,San Francisco,CA,"ATHAN, BYRON D.",Republican,1,,,,,0.95
CA,San Francisco Examiner,104252,1970,STATE SENATOR,10,San Francisco,CA,"MOSCONE, GEORGE R.",Democrat,1,1,,,SAN FRANCISCO,0.95
CA,San Francisco Examiner,104252,1970,STATE SENATOR,4,San Francisco,CA,"BEHR, PETER H.",Republican,1,,,,BAY REGION,0.95
CA,San Francisco Examiner,104252,1970,STATE SENATOR,8,San Francisco,CA,"SHERMAN, LEWIS",Republican,1,,1,,,0.95
CA,San Francisco Examiner,104252,1970,STATE SENATOR,12,San Francisco,CA,"BRITSCHGI, CARL A.",Republican,1,,,,MOVED FROM ASSEMBLY TO STATE SENATE,0.95
CA,San Francisco Examiner,104252,1970,STATE SENATOR,14,San Francisco,CA,"BRADLEY, CLARK L.",Republican,1,,1,,,0.95
CA,San Francisco Examiner,104252,1970,STATE REP,18,San Francisco,CA,"BROWN, WILLIE L. JR.",Democrat,1,1,,,SAN FRANCISCO,0.95
CA,San Francisco Examiner,104252,1970,STATE REP,19,San Francisco,CA,"MCCARTHY, LEO T.",Democrat,1,1,,,,0.95
CA,San Francisco Examiner,104252,1970,STATE REP,23,San Francisco,CA,"FORAN, JOHN F.",Democrat,1,1,,,,0.95
CA,San Francisco Examiner,104252,1970,STATE REP,2,San Francisco,CA,"BELOTTI, FRANK",Republican,1,,1,,BAY REGION,0.95
CA,San Francisco Examiner,104252,1970,STATE REP,5,San Francisco,CA,"DUNLAP, JOHN",Democrat,1,1,,,,0.95
CA,San Francisco Examiner,104252,1970,STATE REP,7,San Francisco,CA,"BAGLEY, WILLIAM T.",Republican,1,,1,,,0.95
CA,San Francisco Examiner,104252,1970,STATE REP,10,San Francisco,CA,"DENT, JAMES",Republican,1,,1,,,0.95
CA,San Francisco Examiner,104252,1970,STATE REP,11,San Francisco,CA,"KNOX, JOHN T.",Democrat,1,1,,,,0.95
CA,San Francisco Examiner,104252,1970,STATE REP,12,San Francisco,CA,"MONAGAN, ROBERT T.",Republican,1,,1,,,0.95
CA,San Francisco Examiner,104252,1970,STATE REP,14,San Francisco,CA,"CROWN, ROBERT W.",Democrat,1,1,,,,0.95
CA,San Francisco Examiner,104252,1970,STATE REP,15,San Francisco,CA,"FONG, MARCH K.",Democrat,1,1,,,,0.95
CA,San Francisco Examiner,104252,1970,STATE REP,16,San Francisco,CA,"MULFORD, DON",Republican,1,,1,,,0.95
CA,San Francisco Examiner,104252,1970,STATE REP,17,San Francisco,CA,"MILLER, JOHN J.",Democrat,1,1,,,,0.95
CA,San Francisco Examiner,104252,1970,STATE REP,22,San Francisco,CA,"HAYDEN, RICHARD",Republican,1,,,,,0.95
CA,San Francisco Examiner,104252,1970,STATE REP,24,San Francisco,CA,"VASCONCELLOS, JOHN",Democrat,1,1,,,,0.95
CA,San Francisco Examiner,104252,1970,STATE REP,25,San Francisco,CA,"CRANDALL, EARL",Republican,1,,1,,,0.95
CA,San Francisco Examiner,104252,1970,STATE REP,26,San Francisco,CA,"ARNETT, DIXON",Republican,1,,,,,0.95
CA,San Francisco Examiner,104252,1970,STATE REP,27,San Francisco,CA,"RYAN, LEO J.",Democrat,1,1,,,,0.95
CA,San Francisco Examiner,104252,1970,MUNICIPAL COURT,SF,San Francisco,CA,"FRANCOIS, TERRY A.",,1,,,,"JUDGE, MUNICIPAL COURT",0.95
CA,San Francisco Examiner,104252,1970,ASSESSOR,SF,San Francisco,CA,"TINNEY, JOSEPH E.",,1,1,,,,0.95
CA,San Francisco Examiner,104252,1970,PUBLIC DEFENDER,SF,San Francisco,CA,"MANCUSO, EDWARD T.",,1,1,,,,0.95
CA,San Francisco Examiner,104252,1970,BOARD OF EDUCATION,SF,San Francisco,CA,"CROWLEY, JOHN F.",,1,,,,YES VOTE FOR CONFIRMATION,0.95
CA,San Francisco Examiner,104252,1970,SUPREME COURT,,San Francisco,CA,"WRIGHT, DONALD R.",,1,,,,YES VOTE RECOMMENDED,0.95
CA,San Francisco Examiner,104252,1970,SUPREME COURT,,San Francisco,CA,"BURKE, LOUIS H.",,1,,,,,0.95
CA,San Francisco Examiner,104252,1970,SUPREME COURT,,San Francisco,CA,"PETERS, RAYMOND E.",,1,,,,,0.95
CA,San Francisco Examiner,104252,1970,SUPREME COURT,,San Francisco,CA,"SULLIVAN, RAYMOND L.",,1,,,,,0.95
CA,San Francisco Examiner,104252,1970,COURT OF APPEALS,1ST DIST,San Francisco,CA,"MOLINARI, JOHN B.",,1,,,,,0.95
CA,San Francisco Examiner,104252,1970,COURT OF APPEALS,1ST DIST,San Francisco,CA,"ELKINGTON, NORMAN",,1,,,,,0.95
CA,San Francisco Examiner,104252,1970,COURT OF APPEALS,1ST DIST,San Francisco,CA,"AGEE, JAMES R.",,1,,,,,0.95
CA,San Francisco Examiner,104252,1970,COURT OF APPEALS,1ST DIST,San Francisco,CA,"DRAPER, MURRAY",,1,,,,,0.95
CA,San Francisco Examiner,104252,1970,COURT OF APPEALS,1ST DIST,San Francisco,CA,"BROWN, HAROLD C.",,1,,,,,0.95
CA,San Francisco Examiner,104252,1970,COURT OF APPEALS,1ST DIST,San Francisco,CA,"CALDECOTT, THOMAS W.",,1,,,,,0.95
CA,San Francisco Examiner,104252,1970,COURT OF APPEALS,1ST DIST,San Francisco,CA,"DEVINE, PRESTON",,1,,,,,0.95
CA,San Francisco Examiner,104252,1970,COURT OF APPEALS,1ST DIST,San Francisco,CA,"CHRISTIAN, WINSLOW",,1,,,,,0.95
CA,San Francisco Examiner,104252,1970,COURT OF APPEALS,1ST DIST,San Francisco,CA,"RATTIGAN, JOSEPH A.",,1,,,,,0.95
CA,San Francisco Examiner,104252,1972,PRESIDENT,,San Francisco,CA,"NIXON, RICHARD M.",Republican,1,,1,,,0.95
CA,San Francisco Examiner,104252,1972,VICE PRESIDENT,,San Francisco,CA,"AGNEW, SPIRO T.",Republican,1,,1,,,0.95
CA,San Francisco Examiner,104252,1972,H,5,San Francisco,CA,"BURTON, PHILLIP",Democrat,1,1,,,SAN FRANCISCO,0.95
CA,San Francisco Examiner,104252,1972,H,6,San Francisco,CA,"MAILLIARD, WILLIAM S.",Republican,1,,1,,SAN FRANCISCO,0.95
CA,San Francisco Examiner,104252,1972,STATE SENATOR,9,San Francisco,CA,"MARKS, MILTON",Republican,1,,1,,SAN FRANCISCO,0.95
CA,San Francisco Examiner,104252,1972,STATE REP,18,San Francisco,CA,"BROWN, WILLIE L. JR.",Democrat,1,1,,,SAN FRANCISCO,0.95
CA,San Francisco Examiner,104252,1972,STATE REP,19,San Francisco,CA,"MCCARTHY, LEO T.",Democrat,1,1,,,,0.95
CA,San Francisco Examiner,104252,1972,STATE REP,23,San Francisco,CA,"FORAN, JOHN F.",Democrat,1,1,,,,0.95
CA,San Francisco Examiner,104252,1972,H,1,San Francisco,CA,"CLAUSEN, DON",Republican,1,,1,,NORTHERN CALIFORNIA,0.95
CA,San Francisco Examiner,104252,1972,H,2,San Francisco,CA,"JOHNSON, HAROLD T.",Democrat,1,1,,,,0.95
CA,San Francisco Examiner,104252,1972,H,3,San Francisco,CA,"MOSS, JOHN E.",Democrat,1,1,,,,0.95
CA,San Francisco Examiner,104252,1972,H,4,San Francisco,CA,"LEGGETT, ROBERT L.",Democrat,1,1,,,,0.95
CA,San Francisco Examiner,104252,1972,H,7,San Francisco,CA,"HANNAFORD, PETER",Republican,1,,,,,0.95
CA,San Francisco Examiner,104252,1972,H,9,San Francisco,CA,"EDWARDS, DON",Democrat,1,1,,,,0.95
CA,San Francisco Examiner,104252,1972,H,10,San Francisco,CA,"GUBSER, CHARLES S.",Republican,1,,1,,,0.95
CA,San Francisco Examiner,104252,1972,H,11,San Francisco,CA,"RYAN, LEO J.",Democrat,1,,,,RUNNING FOR CONGRESS FROM ASSEMBLY,0.95
CA,San Francisco Examiner,104252,1972,H,12,San Francisco,CA,"TALCOTT, BURT L.",Republican,1,,1,,,0.95
CA,San Francisco Examiner,104252,1972,H,14,San Francisco,CA,"WALDIE, JEROME R.",Democrat,1,1,,,,0.95
CA,San Francisco Examiner,104252,1972,H,15,San Francisco,CA,"MCFALL, JOHN J.",Democrat,1,1,,,,0.95
CA,San Francisco Examiner,104252,1972,H,16,San Francisco,CA,"SISK, B. F.",Democrat,1,1,,,,0.95
CA,San Francisco Examiner,104252,1972,H,17,San Francisco,CA,"KNAPP, GORDON",Republican,1,,,,R-IND WRITE-IN CANDIDATE,0.9
CA,San Francisco Examiner,104252,1972,H,18,San Francisco,CA,"MATHIAS, BOB",Republican,1,,1,,OLYMPIC DECATHLON CHAMPION,0.95
CA,San Francisco Examiner,104252,1972,H,36,San Francisco,CA,"KETCHUM, WILLIAM M.",Republican,1,,,,,0.95
CA,San Francisco Examiner,104252,1972,STATE SENATOR,1,San Francisco,CA,"COLLIER, RANDOLPH",Democrat,1,1,,,,0.95
CA,San Francisco Examiner,104252,1972,STATE SENATOR,3,San Francisco,CA,"LACOSTA, ERNEST",Democrat,1,,,,,0.95
CA,San Francisco Examiner,104252,1972,STATE SENATOR,5,San Francisco,CA,"RODDA, ALBERT S.",Democrat,1,1,,,,0.95
CA,San Francisco Examiner,104252,1972,STATE SENATOR,7,San Francisco,CA,"NEJEDLY, JOHN A.",Republican,1,,1,,,0.95
CA,San Francisco Examiner,104252,1972,STATE SENATOR,11,San Francisco,CA,"PETRIS, NICHOLAS C.",Democrat,1,1,,,,0.95
CA,San Francisco Examiner,104252,1972,STATE SENATOR,13,San Francisco,CA,"ALQUIST, ALFRED E.",Democrat,1,1,,,,0.95
CA,San Francisco Examiner,104252,1972,STATE SENATOR,15,San Francisco,CA,"WAY, HOWARD",Republican,1,,1,,,0.95
CA,San Francisco Examiner,104252,1972,STATE SENATOR,17,San Francisco,CA,"GRUNSKY, DONALD L.",Republican,1,,1,,,0.95
CA,San Francisco Examiner,104252,1972,STATE REP,1,San Francisco,CA,"DAVIS, PAULINE L.",Democrat,1,1,,,,0.95
CA,San Francisco Examiner,104252,1972,STATE REP,2,San Francisco,CA,"KEENE, BARRY",Democrat,1,,,,,0.95
CA,San Francisco Examiner,104252,1972,STATE REP,3,San Francisco,CA,"GREENE, LEROY F.",Democrat,1,1,,,,0.95
CA,San Francisco Examiner,104252,1972,STATE REP,4,San Francisco,CA,"JOHNSON, RAY E.",Republican,1,,1,,,0.95
CA,San Francisco Examiner,104252,1972,STATE REP,5,San Francisco,CA,"DUNLAP, JOHN F.",Democrat,1,1,,,,0.95
CA,San Francisco Examiner,104252,1972,STATE REP,6,San Francisco,CA,"CHAPPIE, EUGENE",Republican,1,,1,,,0.95
CA,San Francisco Examiner,104252,1972,STATE REP,7,San Francisco,CA,"BAGLEY, WILLIAM T.",Republican,1,,1,,,0.95
CA,San Francisco Examiner,104252,1972,STATE REP,8,San Francisco,CA,"POWERS, WALTER W.",Democrat,1,1,,,,0.95
CA,San Francisco Examiner,104252,1972,STATE REP,9,San Francisco,CA,"Z'BERG, EDWIN L.",Democrat,1,1,,,,0.95
CA,San Francisco Examiner,104252,1972,STATE REP,10,San Francisco,CA,"BOGGESS, WARREN N.",Republican,1,,,,,0.95
CA,San Francisco Examiner,104252,1972,STATE REP,11,San Francisco,CA,"KNOX, JOHN T.",Democrat,1,1,,,,0.95
CA,San Francisco Examiner,104252,1972,STATE REP,12,San Francisco,CA,"MONAGAN, ROBERT T.",Republican,1,,1,,,0.95
CA,San Francisco Examiner,104252,1972,STATE REP,13,San Francisco,CA,"BEE, CARLOS",Democrat,1,1,,,,0.95
CA,San Francisco Examiner,104252,1972,STATE REP,14,San Francisco,CA,"CROWN, ROBERT W.",Democrat,1,1,,,,0.95
CA,San Francisco Examiner,104252,1972,STATE REP,15,San Francisco,CA,"FONG, MARCH K.",Democrat,1,1,,,,0.95
CA,San Francisco Examiner,104252,1972,STATE REP,17,San Francisco,CA,"MILLER, JOHN J.",Democrat,1,1,,,,0.95
CA,San Francisco Examiner,104252,1972,STATE REP,21,San Francisco,CA,"DUFFY, GORDON W.",Republican,1,,1,,,0.95
CA,San Francisco Examiner,104252,1972,STATE REP,22,San Francisco,CA,"HAYDEN, RICHARD D.",Republican,1,,1,,,0.95
CA,San Francisco Examiner,104252,1972,STATE REP,24,San Francisco,CA,"VASCONCELLOS, JOHN",Democrat,1,1,,,,0.95
CA,San Francisco Examiner,104252,1972,STATE REP,25,San Francisco,CA,"MCALISTER, ALISTER",Democrat,1,1,,,,0.95
CA,San Francisco Examiner,104252,1972,STATE REP,26,San Francisco,CA,"ARNETT, DIXON",Republican,1,,1,,,0.95
CA,San Francisco Examiner,104252,1972,STATE REP,27,San Francisco,CA,"PAPAN, LOUIS J.",Democrat,1,,,,,0.95
CA,San Francisco Examiner,104252,1972,STATE REP,29,San Francisco,CA,"WILLIAMS, ROD",Democrat,1,,,,,0.95
CA,San Francisco Examiner,104252,1972,STATE REP,30,San Francisco,CA,"SIMON, RAYMOND C.",Republican,1,,,,,0.95
CA,San Francisco Examiner,104252,1972,STATE REP,31,San Francisco,CA,"MURPHY, FRANK JR.",Republican,1,,1,,,0.95
CA,San Francisco Examiner,104252,1972,STATE REP,32,San Francisco,CA,"MADDY, KENNETH L.",Republican,1,,1,,,0.95
CA,San Francisco Examiner,104252,1972,STATE REP,33,San Francisco,CA,"MOBLEY, ERNEST N.",Republican,1,,1,,,0.95
CA,San Francisco Examiner,104252,1972,STATE REP,34,San Francisco,CA,"WOOD, BOB",Republican,1,,1,,,0.95
CA,San Francisco Examiner,104252,1974,GOVERNOR,,San Francisco,CA,"BROWN, EDMUND G. JR.",Democrat,1,,,,JERRY BROWN,0.95
CA,San Francisco Examiner,104252,1974,LT GOVERNOR,,San Francisco,CA,"DYMALLY, MERVYN M.",Democrat,1,,,,,0.95
CA,San Francisco Examiner,104252,1974,SEC OF STATE,,San Francisco,CA,"FONG, MARCH K.",Democrat,1,,,,FORMERLY ASSEMBLY,0.95
CA,San Francisco Examiner,104252,1974,CONTROLLER,,San Francisco,CA,"BAGLEY, WILLIAM T.",Republican,1,,,,FORMERLY ASSEMBLY,0.95
CA,San Francisco Examiner,104252,1974,TREASURER,,San Francisco,CA,"UNRUH, JESSE M.",Democrat,1,,,,,0.95
CA,San Francisco Examiner,104252,1974,ATTORNEY GENERAL,,San Francisco,CA,"YOUNGER, EVELLE",Republican,1,,1,,,0.95
CA,San Francisco Examiner,104252,1974,BOARD OF EQUALIZATION,1,San Francisco,CA,"REILLY, GEORGE R.",Democrat,1,1,,,,0.95
CA,San Francisco Examiner,104252,1974,BOARD OF EQUALIZATION,3,San Francisco,CA,"MASTRANGELO, TALLY P.",Republican,1,,,,,0.95
CA,San Francisco Examiner,104252,1974,SENATOR,,San Francisco,CA,"CRANSTON, ALAN",Democrat,1,1,,,,0.95
CA,San Francisco Examiner,104252,1974,H,5,San Francisco,CA,"CAYLOR, THOMAS",Republican,1,,,,SF; ENDORSED OVER JOHN BURTON,0.95
CA,San Francisco Examiner,104252,1974,H,6,San Francisco,CA,"BURTON, PHILLIP",Democrat,1,1,,,SF,0.95
CA,San Francisco Examiner,104252,1974,STATE SENATOR,,San Francisco,CA,"MOSCONE, GEORGE R.",Democrat,1,1,,,SAN FRANCISCO,0.95
CA,San Francisco Examiner,104252,1974,STATE REP,16,San Francisco,CA,"FORAN, JOHN F.",Democrat,1,1,,,SF,0.95
CA,San Francisco Examiner,104252,1974,STATE REP,17,San Francisco,CA,"BROWN, WILLIE L. JR.",Democrat,1,1,,,SF,0.95
CA,San Francisco Examiner,104252,1974,STATE REP,18,San Francisco,CA,"MCCARTHY, LEO T.",Democrat,1,1,,,SF,0.95
CA,San Francisco Examiner,104252,1974,SUPERIOR COURT,SF,San Francisco,CA,"CRAGEN, EDWARD L.",,1,,,,,0.95
CA,San Francisco Examiner,104252,1974,ASSESSOR,SF,San Francisco,CA,"TINNEY, JOSEPH E.",,1,1,,,,0.95
CA,San Francisco Examiner,104252,1974,PUBLIC DEFENDER,SF,San Francisco,CA,"NICCO, ROBERT",,1,,,,,0.95
CA,San Francisco Examiner,104252,1974,BOARD OF EDUCATION,SF,San Francisco,CA,"ABRAHAMSON, LUCILLE S.",,1,1,,,,0.95
CA,San Francisco Examiner,104252,1974,BOARD OF EDUCATION,SF,San Francisco,CA,"GOOSBY, ZURETTI LEE",,1,,,,,0.95
CA,San Francisco Examiner,104252,1974,BOARD OF EDUCATION,SF,San Francisco,CA,"KIDDER, JOHN A.",,1,1,,,,0.95
CA,San Francisco Examiner,104252,1974,COMMUNITY COLLEGE DISTRICT,SF,San Francisco,CA,"BURTON, ROBERT E.",,1,1,,,,0.95
CA,San Francisco Examiner,104252,1974,COMMUNITY COLLEGE DISTRICT,SF,San Francisco,CA,"COLVIN, REYNOLD H.",,1,1,,,,0.95
CA,San Francisco Examiner,104252,1974,COMMUNITY COLLEGE DISTRICT,SF,San Francisco,CA,"RIORDAN, JOHN",,1,,,,,0.95
CA,San Francisco Examiner,104252,1974,H,1,San Francisco,CA,"JOHNSON, HAROLD T.",Democrat,1,1,,,BIZZ JOHNSON; NORTHERN CALIFORNIA,0.95
CA,San Francisco Examiner,104252,1974,H,2,San Francisco,CA,"CLAUSEN, DON H.",Republican,1,,1,,,0.95
CA,San Francisco Examiner,104252,1974,H,3,San Francisco,CA,"MOSS, JOHN E.",Democrat,1,1,,,,0.95
CA,San Francisco Examiner,104252,1974,H,4,San Francisco,CA,"LEGGETT, ROBERT L.",Democrat,1,1,,,,0.95
CA,San Francisco Examiner,104252,1974,H,7,San Francisco,CA,"MILLER, GEORGE",Democrat,1,,,,SON OF STATE SENATOR GEORGE MILLER JR.,0.95
CA,San Francisco Examiner,104252,1974,H,8,San Francisco,CA,"DELLUMS, RONALD V.",Democrat,1,1,,,,0.95
CA,San Francisco Examiner,104252,1974,H,10,San Francisco,CA,"EDWARDS, DON",Democrat,1,1,,,,0.95
CA,San Francisco Examiner,104252,1974,H,11,San Francisco,CA,"RYAN, LEO J.",Democrat,1,1,,,,0.95
CA,San Francisco Examiner,104252,1974,H,12,San Francisco,CA,"MCCLOSKEY, PAUL N.",Republican,1,,1,,PETE MCCLOSKEY,0.95
CA,San Francisco Examiner,104252,1974,H,13,San Francisco,CA,"MINETA, NORMAN Y.",Democrat,1,,,,FIRST APPEARANCE,0.95
CA,San Francisco Examiner,104252,1974,H,14,San Francisco,CA,"MCFALL, JOHN J.",Democrat,1,1,,,,0.95
CA,San Francisco Examiner,104252,1974,H,15,San Francisco,CA,"SISK, B. F.",Democrat,1,1,,,,0.95
CA,San Francisco Examiner,104252,1974,STATE SENATOR,2,San Francisco,CA,"BEHR, PETER H.",Republican,1,,1,,,0.95
CA,San Francisco Examiner,104252,1974,STATE SENATOR,4,San Francisco,CA,"DUNLAP, JOHN F.",Democrat,1,1,,,MOVED FROM ASSEMBLY,0.95
CA,San Francisco Examiner,104252,1974,STATE SENATOR,8,San Francisco,CA,"HOLMDAHL, JOHN W.",Democrat,1,1,,,FULL NAME NOW KNOWN,0.95
CA,San Francisco Examiner,104252,1974,STATE SENATOR,10,San Francisco,CA,"GREGORIO, ARLEN",Democrat,1,1,,,,0.95
CA,San Francisco Examiner,104252,1974,STATE SENATOR,12,San Francisco,CA,"BRADLEY, CLARK L.",Republican,1,,1,,,0.95
CA,San Francisco Examiner,104252,1974,STATE SENATOR,14,San Francisco,CA,"ZENOVICH, GEORGE N.",Democrat,1,1,,,FULL NAME NOW KNOWN,0.95
CA,San Francisco Examiner,104252,1974,STATE SENATOR,16,San Francisco,CA,"STIERN, WALTER W.",Democrat,1,1,,,,0.95
CA,San Francisco Examiner,104252,1974,STATE REP,1,San Francisco,CA,"JOHNSON, RAY E.",Republican,1,,1,,,0.95
CA,San Francisco Examiner,104252,1974,STATE REP,2,San Francisco,CA,"KEENE, BARRY",Democrat,1,,,,,0.95
CA,San Francisco Examiner,104252,1974,STATE REP,3,San Francisco,CA,"CHAPPIE, EUGENE A.",Republican,1,,1,,,0.95
CA,San Francisco Examiner,104252,1974,STATE REP,4,San Francisco,CA,"Z'BERG, EDWIN L.",Democrat,1,1,,,,0.95
CA,San Francisco Examiner,104252,1974,STATE REP,5,San Francisco,CA,"GUALCO, EUGENE T.",Democrat,1,,,,,0.95
CA,San Francisco Examiner,104252,1974,STATE REP,6,San Francisco,CA,"GREENE, LEROY F.",Democrat,1,1,,,,0.95
CA,San Francisco Examiner,104252,1974,STATE REP,7,San Francisco,CA,"GARAMENDI, JOHN R.",Democrat,1,,,,FIRST APPEARANCE,0.95
CA,San Francisco Examiner,104252,1974,STATE REP,9,San Francisco,CA,"WORNUM, MICHAEL",Democrat,1,,,,,0.95
CA,San Francisco Examiner,104252,1974,STATE REP,10,San Francisco,CA,"BOATWRIGHT, DANIEL E.",Democrat,1,1,,,,0.95
CA,San Francisco Examiner,104252,1974,STATE REP,11,San Francisco,CA,"KNOX, JOHN T.",Democrat,1,1,,,,0.95
CA,San Francisco Examiner,104252,1974,STATE REP,12,San Francisco,CA,"MEADE, KEN",Democrat,1,1,,,,0.95
CA,San Francisco Examiner,104252,1974,STATE REP,13,San Francisco,CA,"MILLER, JOHN J.",Democrat,1,1,,,,0.95
CA,San Francisco Examiner,104252,1974,STATE REP,14,San Francisco,CA,"LOCKYER, BILL",Democrat,1,1,,,FIRST APPEARANCE,0.95
CA,San Francisco Examiner,104252,1974,STATE REP,15,San Francisco,CA,"PUCCIO, S. GUY",Republican,1,,,,,0.95
CA,San Francisco Examiner,104252,1974,STATE REP,19,San Francisco,CA,"PAPAN, LOUIS J.",Democrat,1,1,,,,0.95
CA,San Francisco Examiner,104252,1974,STATE REP,20,San Francisco,CA,"ARNETT, DIXON",Republican,1,,1,,,0.95
CA,San Francisco Examiner,104252,1974,STATE REP,21,San Francisco,CA,"CALVO, VICTOR",Democrat,1,,,,,0.95
CA,San Francisco Examiner,104252,1974,STATE REP,22,San Francisco,CA,"HAYDEN, RICHARD D.",Republican,1,,1,,,0.95
CA,San Francisco Examiner,104252,1974,STATE REP,23,San Francisco,CA,"VASCONCELLOS, JOHN",Democrat,1,1,,,,0.95
CA,San Francisco Examiner,104252,1974,STATE REP,25,San Francisco,CA,"MCALISTER, ALISTER",Democrat,1,1,,,,0.95
CA,San Francisco Examiner,104252,1974,STATE REP,28,San Francisco,CA,"MURPHY, FRANK JR.",Republican,1,,1,,,0.95
CA,San Francisco Examiner,104252,1974,BART DIRECTOR,1,San Francisco,CA,"HILL, JAMES",,1,1,,,,0.95
CA,San Francisco Examiner,104252,1974,BART DIRECTOR,2,San Francisco,CA,"BIANCO, NELLO",,1,1,,,,0.95
CA,San Francisco Examiner,104252,1974,BART DIRECTOR,3,San Francisco,CA,"DALZIEL, JACK",,1,,,,,0.95
CA,San Francisco Examiner,104252,1974,BART DIRECTOR,4,San Francisco,CA,"LANGE, HARRY",,1,1,,,,0.95
CA,San Francisco Examiner,104252,1974,BART DIRECTOR,5,San Francisco,CA,"MARTIN, JAMES",,1,,,,,0.95
CA,San Francisco Examiner,104252,1974,BART DIRECTOR,6,San Francisco,CA,"GLENN, JOHN",,1,,,,,0.95
CA,San Francisco Examiner,104252,1974,BART DIRECTOR,7,San Francisco,CA,"SANGER, JOHN",,1,,,,SAN FRANCISCO,0.95
CA,San Francisco Examiner,104252,1974,BART DIRECTOR,8,San Francisco,CA,"ARMIN, JOSEPH",,1,,,,SAN FRANCISCO,0.95
CA,San Francisco Examiner,104252,1974,BART DIRECTOR,9,San Francisco,CA,"SEAL, PERRY",,1,,,,SAN FRANCISCO,0.95
CA,San Francisco Examiner,104252,1974,SUPREME COURT,,San Francisco,CA,"WRIGHT, DONALD R.",,1,,,,CHIEF JUSTICE; YES VOTE,0.95
CA,San Francisco Examiner,104252,1974,SUPREME COURT,,San Francisco,CA,"CLARK, WILLIAM P. JR.",,1,,,,ASSOCIATE JUSTICE,0.95
CA,San Francisco Examiner,104252,1974,SUPREME COURT,,San Francisco,CA,"MOSK, STANLEY",,1,,,,ASSOCIATE JUSTICE,0.95
CA,San Francisco Examiner,104252,1974,SUPREME COURT,,San Francisco,CA,"TOBRINER, MATHEW R.",,1,,,,ASSOCIATE JUSTICE,0.95
CA,San Francisco Examiner,104252,1974,COURT OF APPEALS,1ST DIST,San Francisco,CA,"SIMS, RICHARD JR.",,1,,,,,0.95
CA,San Francisco Examiner,104252,1974,COURT OF APPEALS,1ST DIST,San Francisco,CA,"TAYLOR, WAKEFIELD",,1,,,,,0.95
CA,San Francisco Examiner,104252,1974,COURT OF APPEALS,1ST DIST,San Francisco,CA,"KANE, ROBERT FRANCIS",,1,,,,,0.95
CA,San Francisco Examiner,104252,1974,COURT OF APPEALS,1ST DIST,San Francisco,CA,"ROUSE, ALLISON M.",,1,,,,,0.95
CA,San Francisco Examiner,104252,1974,COURT OF APPEALS,1ST DIST,San Francisco,CA,"CALDECOTT, THOMAS W.",,1,,,,,0.95
CA,San Francisco Examiner,104252,1974,COURT OF APPEALS,1ST DIST,San Francisco,CA,"RATTIGAN, JOSEPH A.",,1,,,,,0.95
CA,San Francisco Examiner,104252,1976,PRESIDENT,,San Francisco,CA,"FORD, GERALD",Republican,1,,1,,FORD/DOLE TICKET,0.95
CA,San Francisco Examiner,104252,1976,VICE PRESIDENT,,San Francisco,CA,"DOLE, ROBERT",Republican,1,,,,FORD/DOLE TICKET,0.95
CA,San Francisco Examiner,104252,1976,SENATOR,,San Francisco,CA,"TUNNEY, JOHN V.",Democrat,1,1,,,,0.95
CA,San Francisco Examiner,104252,1976,H,5,San Francisco,CA,"BURTON, JOHN",Democrat,1,,,,SAN FRANCISCO RACE,0.95
CA,San Francisco Examiner,104252,1976,H,6,San Francisco,CA,"BURTON, PHILLIP",Democrat,1,1,,,SAN FRANCISCO RACE,0.95
CA,San Francisco Examiner,104252,1976,STATE SENATOR,5,San Francisco,CA,"MENDELSOHN, BOB",Democrat,1,,,,SAN FRANCISCO RACE,0.95
CA,San Francisco Examiner,104252,1976,STATE REP,16,San Francisco,CA,"AGNOS, ART",Democrat,1,,,,SAN FRANCISCO RACE,0.95
CA,San Francisco Examiner,104252,1976,STATE REP,17,San Francisco,CA,"BROWN, WILLIE L. JR.",Democrat,1,1,,,SAN FRANCISCO RACE,0.95
CA,San Francisco Examiner,104252,1976,STATE REP,18,San Francisco,CA,"MCCARTHY, LEO T.",Democrat,1,1,,,SAN FRANCISCO RACE,0.95
CA,San Francisco Examiner,104252,1976,H,1,San Francisco,CA,"JOHNSON, HAROLD T.",Democrat,1,1,,,RACES OUTSIDE SAN FRANCISCO,0.95
CA,San Francisco Examiner,104252,1976,H,2,San Francisco,CA,"CLAUSEN, DON",Republican,1,,1,,,0.95
CA,San Francisco Examiner,104252,1976,H,3,San Francisco,CA,"MOSS, JOHN E.",Democrat,1,1,,,,0.95
CA,San Francisco Examiner,104252,1976,H,7,San Francisco,CA,"MILLER, GEORGE",Democrat,1,1,,,,0.95
CA,San Francisco Examiner,104252,1976,H,9,San Francisco,CA,"STARK, FORTNEY H.",Democrat,1,1,,,PETE STARK,0.95
CA,San Francisco Examiner,104252,1976,H,10,San Francisco,CA,"EDWARDS, DON",Democrat,1,1,,,,0.95
CA,San Francisco Examiner,104252,1976,H,11,San Francisco,CA,"RYAN, LEO J.",Democrat,1,1,,,,0.95
CA,San Francisco Examiner,104252,1976,H,12,San Francisco,CA,"MCCLOSKEY, PAUL N. JR.",Republican,1,,1,,,0.95
CA,San Francisco Examiner,104252,1976,H,13,San Francisco,CA,"MINETA, NORMAN",Democrat,1,1,,,,0.95
CA,San Francisco Examiner,104252,1976,H,14,San Francisco,CA,"MCFALL, JOHN J.",Democrat,1,1,,,,0.95
CA,San Francisco Examiner,104252,1976,H,15,San Francisco,CA,"SISK, B.F.",Democrat,1,1,,,,0.95
CA,San Francisco Examiner,104252,1976,H,16,San Francisco,CA,"PANETTA, LEON",Democrat,1,,,,FIRST APPEARANCE,0.95
CA,San Francisco Examiner,104252,1976,H,17,San Francisco,CA,"KREBS, JOHN",Democrat,1,1,,,,0.95
CA,San Francisco Examiner,104252,1976,H,18,San Francisco,CA,"KETCHUM, WILLIAM",Republican,1,,1,,,0.95
CA,San Francisco Examiner,104252,1976,STATE SENATOR,3,San Francisco,CA,"RODDA, ALBERT S.",Democrat,1,1,,,,0.95
CA,San Francisco Examiner,104252,1976,STATE SENATOR,7,San Francisco,CA,"NEJEDLY, JOHN A.",Republican,1,,1,,,0.95
CA,San Francisco Examiner,104252,1976,STATE SENATOR,9,San Francisco,CA,"PETRIS, NICHOLAS C.",Democrat,1,1,,,,0.95
CA,San Francisco Examiner,104252,1976,STATE SENATOR,11,San Francisco,CA,"ALQUIST, ALFRED E.",Democrat,1,1,,,,0.95
CA,San Francisco Examiner,104252,1976,STATE SENATOR,13,San Francisco,CA,"GARAMENDI, JOHN",Democrat,1,1,,,,0.95
CA,San Francisco Examiner,104252,1976,STATE REP,1,San Francisco,CA,"SMITH, BETTY",Democrat,1,,,,,0.95
CA,San Francisco Examiner,104252,1976,STATE REP,2,San Francisco,CA,"KEENE, BARRY",Democrat,1,1,,,,0.95
CA,San Francisco Examiner,104252,1976,STATE REP,3,San Francisco,CA,"CHAPPIE, EUGENE A.",Republican,1,,1,,,0.95
CA,San Francisco Examiner,104252,1976,STATE REP,4,San Francisco,CA,"FAZIO, VICTOR",Democrat,1,1,,,,0.95
CA,San Francisco Examiner,104252,1976,STATE REP,5,San Francisco,CA,"GUALCO, EUGENE T.",Democrat,1,1,,,,0.95
CA,San Francisco Examiner,104252,1976,STATE REP,6,San Francisco,CA,"GREENE, LEROY F.",Democrat,1,1,,,,0.95
CA,San Francisco Examiner,104252,1976,STATE REP,8,San Francisco,CA,"GAGE, MIKE",Democrat,1,,,,,0.95
CA,San Francisco Examiner,104252,1976,STATE REP,9,San Francisco,CA,"WORNUM, MICHAEL",Democrat,1,1,,,,0.95
CA,San Francisco Examiner,104252,1976,STATE REP,10,San Francisco,CA,"BOATWRIGHT, DANIEL E.",Democrat,1,1,,,,0.95
CA,San Francisco Examiner,104252,1976,STATE REP,11,San Francisco,CA,"KNOX, JOHN T.",Democrat,1,1,,,,0.95
CA,San Francisco Examiner,104252,1976,STATE REP,12,San Francisco,CA,"FLEGAL, ARTHUR R.",Republican,1,,,,,0.95
CA,San Francisco Examiner,104252,1976,STATE REP,13,San Francisco,CA,"MILLER, JOHN J.",Democrat,1,1,,,,0.95
CA,San Francisco Examiner,104252,1976,STATE REP,14,San Francisco,CA,"LOCKYER, BILL",Democrat,1,1,,,,0.95
CA,San Francisco Examiner,104252,1976,STATE REP,15,San Francisco,CA,"MORI, S. FLOYD",Democrat,1,1,,,,0.95
CA,San Francisco Examiner,104252,1976,STATE REP,19,San Francisco,CA,"PAPAN, LOUIS J.",Democrat,1,1,,,,0.95
CA,San Francisco Examiner,104252,1976,STATE REP,20,San Francisco,CA,"ARNETT, DIXON",Republican,1,,1,,,0.95
CA,San Francisco Examiner,104252,1976,STATE REP,21,San Francisco,CA,"CALVO, VICTOR",Democrat,1,1,,,,0.95
CA,San Francisco Examiner,104252,1976,STATE REP,22,San Francisco,CA,"HAYDEN, RICHARD D.",Republican,1,,1,,,0.95
CA,San Francisco Examiner,104252,1976,STATE REP,23,San Francisco,CA,"VASCONCELLOS, JOHN",Democrat,1,1,,,,0.95
CA,San Francisco Examiner,104252,1976,STATE REP,24,San Francisco,CA,"EGELAND, LEONA H.",Democrat,1,,,,,0.95
CA,San Francisco Examiner,104252,1976,STATE REP,25,San Francisco,CA,"MCALISTER, ALISTER",Democrat,1,1,,,,0.95
CA,San Francisco Examiner,104252,1976,STATE REP,27,San Francisco,CA,"THURMAN, JOHN E.",Democrat,1,,,,,0.95
CA,San Francisco Examiner,104252,1976,STATE REP,29,San Francisco,CA,"HALLETT, CAROL",Republican,1,,,,,0.95
CA,San Francisco Examiner,104252,1976,STATE REP,30,San Francisco,CA,"MADDY, KEN",Republican,1,,1,,,0.95
CA,San Francisco Examiner,104252,1976,BOARD OF EDUCATION,,San Francisco,CA,"HOPP, EUGENE S.",,1,,,,SF BOARD OF EDUCATION,0.95
CA,San Francisco Examiner,104252,1976,BOARD OF EDUCATION,,San Francisco,CA,"MELLON, THOMAS JR.",,1,,,,SF BOARD OF EDUCATION,0.95
CA,San Francisco Examiner,104252,1976,BOARD OF EDUCATION,,San Francisco,CA,"MEZEY, PETER",,1,,,,SF BOARD OF EDUCATION,0.95
CA,San Francisco Examiner,104252,1976,BOARD OF EDUCATION,,San Francisco,CA,"TOM, BEN",,1,,,,SF BOARD OF EDUCATION,0.95
CA,San Francisco Examiner,104252,1976,COMMUNITY COLLEGE DISTRICT,,San Francisco,CA,"AYALA, ERNEST A.",,1,,,,SF COMMUNITY COLLEGE GOVERNING BOARD,0.95
CA,San Francisco Examiner,104252,1976,COMMUNITY COLLEGE DISTRICT,,San Francisco,CA,"CHIN, JOHN YEHALL",,1,,,,SF COMMUNITY COLLEGE GOVERNING BOARD,0.95
CA,San Francisco Examiner,104252,1976,COMMUNITY COLLEGE DISTRICT,,San Francisco,CA,"FINNEGAN, PETER M.",,1,,,,SF COMMUNITY COLLEGE GOVERNING BOARD,0.95
CA,San Francisco Examiner,104252,1976,COMMUNITY COLLEGE DISTRICT,,San Francisco,CA,"WARD, DORIS M.",,1,,,,SF COMMUNITY COLLEGE GOVERNING BOARD,0.95
CA,San Francisco Examiner,104252,1976,BART DIRECTOR,1,San Francisco,CA,"SIMPSON, BARE",,1,,,,,0.9
CA,San Francisco Examiner,104252,1976,BART DIRECTOR,3,San Francisco,CA,"SHARTSIS, ART",,1,,,,,0.95
CA,San Francisco Examiner,104252,1976,BART DIRECTOR,5,San Francisco,CA,"ALLEN, ROBERT",,1,,,,,0.95
CA,San Francisco Examiner,104252,1976,BART DIRECTOR,7,San Francisco,CA,"HUTCH, ELLA HILL",,1,,,,,0.95
CA,San Francisco Examiner,104252,1976,BART DIRECTOR,9,San Francisco,CA,"WELTI, ALBERT C.",,1,,,,,0.95
CA,San Francisco Examiner,104252,1978,GOVERNOR,,San Francisco,CA,"BROWN, EDMUND G. JR.",Democrat,1,1,,,JERRY BROWN,0.95
CA,San Francisco Examiner,104252,1978,SEC OF STATE,,San Francisco,CA,"FONG EU, MARCH",Democrat,1,1,,,,0.95
CA,San Francisco Examiner,104252,1978,CONTROLLER,,San Francisco,CA,"CORY, KENNETH",Democrat,1,1,,,,0.95
CA,San Francisco Examiner,104252,1978,TREASURER,,San Francisco,CA,"UNRUH, JESSE M.",Democrat,1,1,,,,0.95
CA,San Francisco Examiner,104252,1978,ATTORNEY GENERAL,,San Francisco,CA,"DEUKMEJIAN, GEORGE",Republican,1,,,,NICKNAMED 'DUKE',0.95
CA,San Francisco Examiner,104252,1978,BOARD OF EQUALIZATION,1,San Francisco,CA,"REILLY, GEORGE R.",Democrat,1,1,,,,0.95
CA,San Francisco Examiner,104252,1978,BOARD OF EQUALIZATION,3,San Francisco,CA,"BENNETT, WILLIAM M.",Democrat,1,1,,,,0.95
CA,San Francisco Examiner,104252,1978,H,5,San Francisco,CA,"BURTON, JOHN L.",Democrat,1,1,,,SAN FRANCISCO RACE,0.95
CA,San Francisco Examiner,104252,1978,H,6,San Francisco,CA,"BURTON, PHILLIP",Democrat,1,1,,,SAN FRANCISCO RACE,0.95
CA,San Francisco Examiner,104252,1978,STATE SENATOR,6,San Francisco,CA,"FORAN, JOHN F.",Democrat,1,1,,,SAN FRANCISCO RACE,0.95
CA,San Francisco Examiner,104252,1978,STATE REP,16,San Francisco,CA,"AGNOS, ART",Democrat,1,1,,,SAN FRANCISCO RACE,0.95
CA,San Francisco Examiner,104252,1978,STATE REP,17,San Francisco,CA,"BROWN, WILLIE L. JR.",Democrat,1,1,,,SAN FRANCISCO RACE,0.95
CA,San Francisco Examiner,104252,1978,STATE REP,18,San Francisco,CA,"MCCARTHY, LEO T.",Democrat,1,1,,,SAN FRANCISCO RACE,0.95
CA,San Francisco Examiner,104252,1978,ASSESSOR,,San Francisco,CA,"DUCA, SAM",,1,,,,SF ASSESSOR,0.95
CA,San Francisco Examiner,104252,1978,PUBLIC DEFENDER,,San Francisco,CA,"BROWN, JEFF",,1,,,,SF PUBLIC DEFENDER,0.95
CA,San Francisco Examiner,104252,1978,H,1,San Francisco,CA,"JOHNSON, HAROLD T.",Democrat,1,1,,,NICKNAMED 'BIZZ',0.95
CA,San Francisco Examiner,104252,1978,H,2,San Francisco,CA,"CLAUSEN, DON H.",Republican,1,,1,,,0.95
CA,San Francisco Examiner,104252,1978,H,3,San Francisco,CA,"SMOLEY, SANDY",Republican,1,,,,,0.95
CA,San Francisco Examiner,104252,1978,H,4,San Francisco,CA,"FAZIO, VIC",Democrat,1,,,,VIC FAZIO MOVING FROM STATE ASSEMBLY TO CONGRESS,0.95
CA,San Francisco Examiner,104252,1978,H,7,San Francisco,CA,"GORDON, PAULA",Republican,1,,,,,0.95
CA,San Francisco Examiner,104252,1978,H,9,San Francisco,CA,"STARK, FORTNEY H.",Democrat,1,1,,,NICKNAMED 'PETE',0.95
CA,San Francisco Examiner,104252,1978,H,11,San Francisco,CA,"RYAN, LEO J.",Democrat,1,1,,,,0.95
CA,San Francisco Examiner,104252,1978,H,12,San Francisco,CA,"MCCLOSKEY, PAUL N.",Republican,1,,1,,NICKNAMED 'PETE',0.95
CA,San Francisco Examiner,104252,1978,H,13,San Francisco,CA,"MINETTA, NORMAN Y.",Democrat,1,1,,,PRINTED AS 'MINETTA' IN NEWSPAPER; LIKELY MINETA,0.9
CA,San Francisco Examiner,104252,1978,H,14,San Francisco,CA,"SHUMWAY, NORMAN D.",Republican,1,,,,,0.95
CA,San Francisco Examiner,104252,1978,H,16,San Francisco,CA,"PANETTA, LEON E.",Democrat,1,1,,,,0.95
CA,San Francisco Examiner,104252,1978,STATE SENATOR,2,San Francisco,CA,"GIACOMINI, GARY",Republican,1,,,,,0.95
CA,San Francisco Examiner,104252,1978,STATE SENATOR,4,San Francisco,CA,"NIELSEN, JAMES W.",Republican,1,,,,,0.95
CA,San Francisco Examiner,104252,1978,STATE SENATOR,8,San Francisco,CA,"HOLMDAHL, JOHN W.",Democrat,1,1,,,,0.95
CA,San Francisco Examiner,104252,1978,STATE SENATOR,10,San Francisco,CA,"GREGORIO, ARLEN",Democrat,1,1,,,,0.95
CA,San Francisco Examiner,104252,1978,STATE SENATOR,12,San Francisco,CA,"BRADLEY, CLARK L.",Republican,1,,1,,,0.95
CA,San Francisco Examiner,104252,1978,STATE SENATOR,14,San Francisco,CA,"ZENOVICH, GEORGE N.",Democrat,1,1,,,,0.95
CA,San Francisco Examiner,104252,1978,STATE REP,8,San Francisco,CA,"GAGE, MIKE",Democrat,1,1,,,,0.95
CA,San Francisco Examiner,104252,1978,STATE REP,9,San Francisco,CA,"WORNUM, MICHAEL",Democrat,1,1,,,,0.95
CA,San Francisco Examiner,104252,1978,STATE REP,10,San Francisco,CA,"BOATWRIGHT, DANIEL E.",Democrat,1,1,,,,0.95
CA,San Francisco Examiner,104252,1978,STATE REP,11,San Francisco,CA,"KNOX, JOHN T.",Democrat,1,1,,,,0.95
CA,San Francisco Examiner,104252,1978,STATE REP,12,San Francisco,CA,"NIEMANN, ROBERT M.",Republican,1,,,,,0.95
CA,San Francisco Examiner,104252,1978,STATE REP,13,San Francisco,CA,"HARRIS, ELIHU M.",Democrat,1,,,,,0.95
CA,San Francisco Examiner,104252,1978,STATE REP,14,San Francisco,CA,"LOCKYER, BILL",Democrat,1,1,,,,0.95
CA,San Francisco Examiner,104252,1978,STATE REP,15,San Francisco,CA,"MORI, S. FLOYD",Democrat,1,1,,,,0.95
CA,San Francisco Examiner,104252,1978,STATE REP,19,San Francisco,CA,"PAPAN, LOUIS J.",Democrat,1,1,,,,0.95
CA,San Francisco Examiner,104252,1978,STATE REP,20,San Francisco,CA,"NAYLOR, ROBERT W.",Republican,1,,,,,0.95
CA,San Francisco Examiner,104252,1978,STATE REP,21,San Francisco,CA,"MORRIS, GREG",Republican,1,,,,,0.95
CA,San Francisco Examiner,104252,1978,STATE REP,22,San Francisco,CA,"HAYDEN, RICHARD D.",Republican,1,,1,,,0.95
CA,San Francisco Examiner,104252,1978,STATE REP,23,San Francisco,CA,"VASCONCELLOS, JOHN",Democrat,1,1,,,,0.95
CA,San Francisco Examiner,104252,1978,STATE REP,24,San Francisco,CA,"EGELAND, LEONA H.",Democrat,1,1,,,,0.95
CA,San Francisco Examiner,104252,1978,STATE REP,25,San Francisco,CA,"MCALISTER, ALISTER",Democrat,1,1,,,,0.95
CA,San Francisco Examiner,104252,1978,SUPREME COURT,,San Francisco,CA,"BIRD, ROSE ELIZABETH",,1,,,,CONFIRMATION VOTE - YES,0.95
CA,San Francisco Examiner,104252,1978,SUPREME COURT,,San Francisco,CA,"MANUEL, WILEY",,1,,,,CONFIRMATION VOTE - YES,0.95
CA,San Francisco Examiner,104252,1978,SUPREME COURT,,San Francisco,CA,"NEWMAN, FRANK C.",,1,,,,CONFIRMATION VOTE - YES,0.95
CA,San Francisco Examiner,104252,1978,SUPREME COURT,,San Francisco,CA,"RICHARDSON, FRANK K.",,1,,,,CONFIRMATION VOTE - YES,0.95
CA,San Francisco Examiner,104252,1978,BOARD OF EDUCATION,,San Francisco,CA,"ABRAHAMSON, LUCILLE",,1,,,,SF BOARD OF EDUCATION,0.95
CA,San Francisco Examiner,104252,1978,BOARD OF EDUCATION,,San Francisco,CA,"ANAYA, ROSARIO",,1,,,,SF BOARD OF EDUCATION,0.95
CA,San Francisco Examiner,104252,1978,BOARD OF EDUCATION,,San Francisco,CA,"JOHNSON, JULE C.",,1,,,,SF BOARD OF EDUCATION,0.95
CA,San Francisco Examiner,104252,1978,COMMUNITY COLLEGE DISTRICT,,San Francisco,CA,"GOULD, HARVEY",,1,,,,SF COMMUNITY COLLEGE GOVERNING BOARD,0.95
CA,San Francisco Examiner,104252,1978,COMMUNITY COLLEGE DISTRICT,,San Francisco,CA,"RIORDAN, JOHN",,1,,,,SF COMMUNITY COLLEGE GOVERNING BOARD,0.95
CA,San Francisco Examiner,104252,1978,COMMUNITY COLLEGE DISTRICT,,San Francisco,CA,"SING, LILLIAN K.",,1,,,,SF COMMUNITY COLLEGE GOVERNING BOARD,0.95
CA,San Francisco Examiner,104252,1978,CHARTER COMMISSION,,San Francisco,CA,"BEACH, ROBERT S.",,1,,,,SF CHARTER COMMISSION,0.95
CA,San Francisco Examiner,104252,1978,CHARTER COMMISSION,,San Francisco,CA,"BREYER, IRVING G.",,1,,,,SF CHARTER COMMISSION,0.95
CA,San Francisco Examiner,104252,1978,CHARTER COMMISSION,,San Francisco,CA,"COOK, PRESTON",,1,,,,SF CHARTER COMMISSION,0.95
CA,San Francisco Examiner,104252,1978,CHARTER COMMISSION,,San Francisco,CA,"FUMANTE, CARL",,1,,,,SF CHARTER COMMISSION,0.95
CA,San Francisco Examiner,104252,1978,CHARTER COMMISSION,,San Francisco,CA,"GRAYSON, E.C.",,1,,,,SF CHARTER COMMISSION,0.95
CA,San Francisco Examiner,104252,1978,CHARTER COMMISSION,,San Francisco,CA,"HAAS, JAMES",,1,,,,SF CHARTER COMMISSION,0.95
CA,San Francisco Examiner,104252,1978,CHARTER COMMISSION,,San Francisco,CA,"HAILE, ALLEN C.",,1,,,,SF CHARTER COMMISSION; LISTED AS DR.,0.95
CA,San Francisco Examiner,104252,1978,CHARTER COMMISSION,,San Francisco,CA,"JACKSON, PATRICIA",,1,,,,SF CHARTER COMMISSION,0.95
CA,San Francisco Examiner,104252,1978,CHARTER COMMISSION,,San Francisco,CA,"LOMBARD, RUSS",,1,,,,SF CHARTER COMMISSION,0.95
CA,San Francisco Examiner,104252,1978,CHARTER COMMISSION,,San Francisco,CA,"MCMAHON, CLARISSA",,1,,,,SF CHARTER COMMISSION,0.95
CA,San Francisco Examiner,104252,1978,CHARTER COMMISSION,,San Francisco,CA,"MILLER, THOMAS G.",,1,,,,SF CHARTER COMMISSION,0.95
CA,San Francisco Examiner,104252,1978,CHARTER COMMISSION,,San Francisco,CA,"MORRISON, JACK",,1,,,,SF CHARTER COMMISSION,0.95
CA,San Francisco Examiner,104252,1978,CHARTER COMMISSION,,San Francisco,CA,"PITCHER, STEPHEN R.",,1,,,,SF CHARTER COMMISSION,0.95
CA,San Francisco Examiner,104252,1978,CHARTER COMMISSION,,San Francisco,CA,"RITCHIE, JOHN B.",,1,,,,SF CHARTER COMMISSION,0.95
CA,San Francisco Examiner,104252,1978,CHARTER COMMISSION,,San Francisco,CA,"WEBB, JOHN J.",,1,,,,SF CHARTER COMMISSION; NICKNAMED 'JACK',0.95
CA,San Francisco Examiner,104252,1978,BART DIRECTOR,4,San Francisco,CA,"GLASSER, HARVEY",,1,,,,,0.95
CA,San Francisco Examiner,104252,1978,BART DIRECTOR,6,San Francisco,CA,"GLENN, JOHN",,1,,,,,0.95
CA,San Francisco Examiner,104252,1978,BART DIRECTOR,7,San Francisco,CA,"USSERY, WILFRED",,1,,,,,0.95
CA,San Francisco Examiner,104252,1978,BART DIRECTOR,8,San Francisco,CA,"GARFINKLE, EUGENE",,1,,,,,0.95
CA,San Francisco Examiner,104252,1980,PRESIDENT,,San Francisco,CA,"REAGAN, RONALD",Republican,1,,,,NO PARTY LABEL PRINTED; REAGAN IS REPUBLICAN,0.95
CA,San Francisco Examiner,104252,1980,SENATOR,,San Francisco,CA,"CRANSTON, ALAN",Democrat,1,1,,,NO PARTY LABEL PRINTED; CRANSTON IS DEMOCRAT,0.95
CA,San Francisco Examiner,104252,1980,H,5,San Francisco,CA,"BURTON, JOHN",Democrat,1,1,,,,0.95
CA,San Francisco Examiner,104252,1980,H,6,San Francisco,CA,"BURTON, PHILLIP",Democrat,1,,,,NO INCUMBENT ASTERISK IN PRINT,0.9
CA,San Francisco Examiner,104252,1980,H,7,San Francisco,CA,"MILLER, GEORGE",Democrat,1,1,,,,0.95
CA,San Francisco Examiner,104252,1980,H,8,San Francisco,CA,"HUGHES, CHARLES",Republican,1,,,,,0.95
CA,San Francisco Examiner,104252,1980,H,9,San Francisco,CA,"STARK, FORTNEY",Democrat,1,1,,,,0.95
CA,San Francisco Examiner,104252,1980,H,11,San Francisco,CA,"ROYER, BILL",Republican,1,,1,,,0.95
CA,San Francisco Examiner,104252,1980,H,12,San Francisco,CA,"MCCLOSKEY, PAUL",Republican,1,,1,,NICKNAMED 'PETE',0.95
CA,San Francisco Examiner,104252,1980,H,13,San Francisco,CA,"MINETA, NORMAN",Democrat,1,1,,,,0.95
CA,San Francisco Examiner,104252,1980,STATE SENATOR,5,San Francisco,CA,"MARKS, MILTON",Republican,1,,1,,LISTED AS (R-D) IN PRINT; CROSS-ENDORSED; PRIMARY PARTY R,0.9
CA,San Francisco Examiner,104252,1980,STATE SENATOR,7,San Francisco,CA,"BOATWRIGHT, DANIEL E.",Democrat,1,,,,MOVING FROM ASSEMBLY TO STATE SENATE,0.95
CA,San Francisco Examiner,104252,1980,STATE SENATOR,9,San Francisco,CA,"PETRIS, NICHOLAS",Democrat,1,1,,,,0.95
CA,San Francisco Examiner,104252,1980,STATE SENATOR,11,San Francisco,CA,"ALQUIST, ALFRED",Democrat,1,1,,,,0.95
CA,San Francisco Examiner,104252,1980,STATE REP,9,San Francisco,CA,"FILANTE, WILLIAM",Republican,1,,1,,,0.95
CA,San Francisco Examiner,104252,1980,STATE REP,10,San Francisco,CA,"HASSELTINE, ERIC",Democrat,1,,,,,0.95
CA,San Francisco Examiner,104252,1980,STATE REP,12,San Francisco,CA,"BATES, TOM",Democrat,1,1,,,,0.95
CA,San Francisco Examiner,104252,1980,STATE REP,13,San Francisco,CA,"HARRIS, ELIHU",Democrat,1,1,,,,0.95
CA,San Francisco Examiner,104252,1980,STATE REP,14,San Francisco,CA,"LOCKYER, BILL",Democrat,1,1,,,,0.95
CA,San Francisco Examiner,104252,1980,STATE REP,15,San Francisco,CA,"MORI, FLOYD",Democrat,1,1,,,,0.95
CA,San Francisco Examiner,104252,1980,STATE REP,16,San Francisco,CA,"AGNOS, ART",Democrat,1,1,,,,0.95
CA,San Francisco Examiner,104252,1980,STATE REP,18,San Francisco,CA,"MCCARTHY, LEO",Democrat,1,1,,,,0.95
CA,San Francisco Examiner,104252,1980,STATE REP,19,San Francisco,CA,"PAPAN, LOU",Democrat,1,,,,PRINTED AS 'LOU PAPAN' WITHOUT MIDDLE INITIAL; LIKELY LOUIS J. PAPAN,0.95
CA,San Francisco Examiner,104252,1980,STATE REP,20,San Francisco,CA,"NAYLOR, ROBERT",Republican,1,,1,,,0.95
CA,San Francisco Examiner,104252,1980,BOARD OF SUPERVISORS,,San Francisco,CA,"HOM, BEN",,1,,,,SF BOARD OF SUPERVISORS,0.95
CA,San Francisco Examiner,104252,1980,BOARD OF SUPERVISORS,,San Francisco,CA,"HORANZY, DON",,1,,,,SF BOARD OF SUPERVISORS,0.95
CA,San Francisco Examiner,104252,1980,BOARD OF SUPERVISORS,,San Francisco,CA,"KOPP, QUENTIN",,1,,,,SF BOARD OF SUPERVISORS,0.95
CA,San Francisco Examiner,104252,1980,BOARD OF SUPERVISORS,,San Francisco,CA,"LAWSON, ED",,1,,,,SF BOARD OF SUPERVISORS,0.95
CA,San Francisco Examiner,104252,1980,BOARD OF SUPERVISORS,,San Francisco,CA,"MARDIKIAN, HAIG",,1,,,,SF BOARD OF SUPERVISORS,0.95
CA,San Francisco Examiner,104252,1980,BOARD OF SUPERVISORS,,San Francisco,CA,"MOLINARI, JOHN",,1,,,,SF BOARD OF SUPERVISORS,0.95
CA,San Francisco Examiner,104252,1980,BOARD OF SUPERVISORS,,San Francisco,CA,"NELDER, WENDY",,1,,,,SF BOARD OF SUPERVISORS,0.95
CA,San Francisco Examiner,104252,1980,BOARD OF SUPERVISORS,,San Francisco,CA,"RENNE, LOUISE",,1,,,,SF BOARD OF SUPERVISORS,0.95
CA,San Francisco Examiner,104252,1980,BOARD OF SUPERVISORS,,San Francisco,CA,"SMITH, STAN",,1,,,,SF BOARD OF SUPERVISORS,0.95
CA,San Francisco Examiner,104252,1980,BOARD OF SUPERVISORS,,San Francisco,CA,"WADSWORTH, KEVIN",,1,,,,SF BOARD OF SUPERVISORS,0.95
CA,San Francisco Examiner,104252,1980,BOARD OF SUPERVISORS,,San Francisco,CA,"WARD, DORIS",,1,,,,SF BOARD OF SUPERVISORS,0.95
CA,San Francisco Examiner,104252,1980,BOARD OF EDUCATION,,San Francisco,CA,"HOPP, EUGENE",,1,,,,SF BOARD OF EDUCATION; LISTED AS DR.,0.95
CA,San Francisco Examiner,104252,1980,BOARD OF EDUCATION,,San Francisco,CA,"KAUFMAN, MARGEL",,1,,,,SF BOARD OF EDUCATION,0.95
CA,San Francisco Examiner,104252,1980,BOARD OF EDUCATION,,San Francisco,CA,"MAHER, BILL",,1,,,,SF BOARD OF EDUCATION,0.95
CA,San Francisco Examiner,104252,1980,BOARD OF EDUCATION,,San Francisco,CA,"TOM, BEN",,1,,,,SF BOARD OF EDUCATION,0.95
CA,San Francisco Examiner,104252,1980,COMMUNITY COLLEGE DISTRICT,,San Francisco,CA,"ANDERSON, BOOKER T. JR.",,1,,,,SF COMMUNITY COLLEGE BOARD; LISTED AS 'THE REV.',0.95
CA,San Francisco Examiner,104252,1980,COMMUNITY COLLEGE DISTRICT,,San Francisco,CA,"AYALA, ERNEST",,1,,,,SF COMMUNITY COLLEGE BOARD; NICKNAMED 'CHUCK',0.95
CA,San Francisco Examiner,104252,1980,COMMUNITY COLLEGE DISTRICT,,San Francisco,CA,"TANG, JULIE",,1,,,,SF COMMUNITY COLLEGE BOARD,0.95
CA,San Francisco Examiner,104252,1980,COMMUNITY COLLEGE DISTRICT,,San Francisco,CA,"WOLFRED, TIM",,1,,,,SF COMMUNITY COLLEGE BOARD,0.95
CA,San Francisco Examiner,104252,1980,MUNICIPAL COURT,,San Francisco,CA,"GYEMANT, INA M.",,1,,,,SF MUNICIPAL COURT,0.95
CA,San Francisco Examiner,104252,1980,BART DIRECTOR,7,San Francisco,CA,"USSERY, WILFRED",,1,,,,,0.95
CA,San Francisco Examiner,104252,1980,BART DIRECTOR,9,San Francisco,CA,"KIRKWOOD, JOHN",,1,,,,,0.95
CA,San Francisco Examiner,104252,1982,GOVERNOR,,San Francisco,CA,"BRADLEY, TOM",Democrat,1,,,,,0.95
CA,San Francisco Examiner,104252,1982,LT GOVERNOR,,San Francisco,CA,"MCCARTHY, LEO",Democrat,1,,,,MOVING FROM STATE ASSEMBLY TO STATEWIDE,0.95
CA,San Francisco Examiner,104252,1982,SEC OF STATE,,San Francisco,CA,"FONG EU, MARCH",Democrat,1,1,,,,0.95
CA,San Francisco Examiner,104252,1982,CONTROLLER,,San Francisco,CA,"CORY, KEN",Democrat,1,1,,,,0.95
CA,San Francisco Examiner,104252,1982,TREASURER,,San Francisco,CA,"UNRUH, JESSE",Democrat,1,1,,,,0.95
CA,San Francisco Examiner,104252,1982,ATTORNEY GENERAL,,San Francisco,CA,"VAN DE KAMP, JOHN",Democrat,1,,,,,0.95
CA,San Francisco Examiner,104252,1982,BOARD OF EQUALIZATION,1,San Francisco,CA,"COLLIS, CONWAY H.",Democrat,1,,,,,0.95
CA,San Francisco Examiner,104252,1982,BOARD OF EQUALIZATION,3,San Francisco,CA,"BENNETT, BILL",Democrat,1,1,,,,0.95
CA,San Francisco Examiner,104252,1982,SUPERINTENDENT,,San Francisco,CA,"HONIG, BILL",,1,,,,NONPARTISAN OFFICE,0.95
CA,San Francisco Examiner,104252,1982,SENATOR,,San Francisco,CA,"WILSON, PETE",Republican,1,,,,,0.95
CA,San Francisco Examiner,104252,1982,H,1,San Francisco,CA,"CLAUSEN, DON",Republican,1,,1,,,0.95
CA,San Francisco Examiner,104252,1982,H,5,San Francisco,CA,"MARKS, MILTON",Republican,1,,,,NO PARTY LABEL IN PRINT; MARKS IS REPUBLICAN; RUNNING FOR CONGRESS NOW,0.9
CA,San Francisco Examiner,104252,1982,H,6,San Francisco,CA,"MCQUAID, DENNIS",Republican,1,,,,,0.95
CA,San Francisco Examiner,104252,1982,H,7,San Francisco,CA,"MILLER, GEORGE",Democrat,1,1,,,,0.95
CA,San Francisco Examiner,104252,1982,H,8,San Francisco,CA,"HUTCHISON, CLAUDE",Republican,1,,,,,0.95
CA,San Francisco Examiner,104252,1982,H,9,San Francisco,CA,"STARK, FORTNEY",Democrat,1,1,,,,0.95
CA,San Francisco Examiner,104252,1982,H,10,San Francisco,CA,"EDWARDS, DON",Democrat,1,1,,,,0.95
CA,San Francisco Examiner,104252,1982,H,11,San Francisco,CA,"LANTOS, TOM",Democrat,1,1,,,,0.95
CA,San Francisco Examiner,104252,1982,H,12,San Francisco,CA,"ZSCHAU, ED",Republican,1,,,,,0.95
CA,San Francisco Examiner,104252,1982,H,13,San Francisco,CA,"MINETA, NORMAN",Democrat,1,1,,,,0.95
CA,San Francisco Examiner,104252,1982,STATE SENATOR,2,San Francisco,CA,"KEENE, BARRY",Democrat,1,1,,,,0.95
CA,San Francisco Examiner,104252,1982,STATE SENATOR,8,San Francisco,CA,"FORAN, JOHN",Democrat,1,1,,,,0.95
CA,San Francisco Examiner,104252,1982,STATE SENATOR,10,San Francisco,CA,"MARGUTH, GILBERT",Republican,1,,,,,0.95
CA,San Francisco Examiner,104252,1982,STATE SENATOR,12,San Francisco,CA,"O'KEEFE, DAN",Republican,1,,1,,,0.95
CA,San Francisco Examiner,104252,1982,STATE REP,8,San Francisco,CA,"SEBASTIANI, DON",Republican,1,,1,,,0.95
CA,San Francisco Examiner,104252,1982,STATE REP,9,San Francisco,CA,"FILANTE, WILLIAM",Republican,1,,1,,,0.95
CA,San Francisco Examiner,104252,1982,STATE REP,11,San Francisco,CA,"CAMPBELL, ROBERT",Democrat,1,1,,,,0.95
CA,San Francisco Examiner,104252,1982,STATE REP,12,San Francisco,CA,"BATES, TOM",Democrat,1,1,,,,0.95
CA,San Francisco Examiner,104252,1982,STATE REP,13,San Francisco,CA,"HARRIS, ELIHU",Democrat,1,1,,,,0.95
CA,San Francisco Examiner,104252,1982,STATE REP,14,San Francisco,CA,"DUNCAN, ANN",Republican,1,,,,,0.95
CA,San Francisco Examiner,104252,1982,STATE REP,15,San Francisco,CA,"BAKER, BILL",Republican,1,,1,,,0.95
CA,San Francisco Examiner,104252,1982,STATE REP,16,San Francisco,CA,"AGNOS, ART",Democrat,1,1,,,,0.95
CA,San Francisco Examiner,104252,1982,STATE REP,17,San Francisco,CA,"BROWN, WILLIE",Democrat,1,1,,,,0.95
CA,San Francisco Examiner,104252,1982,STATE REP,18,San Francisco,CA,"MCALISTER, ALISTER",Democrat,1,1,,,,0.95
CA,San Francisco Examiner,104252,1982,STATE REP,19,San Francisco,CA,"PAPAN, LOU",Democrat,1,1,,,,0.95
CA,San Francisco Examiner,104252,1982,STATE REP,20,San Francisco,CA,"NAYLOR, BOB",Republican,1,,1,,,0.95
CA,San Francisco Examiner,104252,1982,STATE REP,21,San Francisco,CA,"SHER, BYRON",Democrat,1,1,,,,0.95
CA,San Francisco Examiner,104252,1982,STATE REP,22,San Francisco,CA,"KONNYU, ERNEST",Republican,1,,1,,,0.95
CA,San Francisco Examiner,104252,1982,STATE REP,23,San Francisco,CA,"VASCONCELLOS, JOHN",Democrat,1,1,,,,0.95
CA,San Francisco Examiner,104252,1982,SUPREME COURT,,San Francisco,CA,"BROUSSARD, ALLEN",,1,,,,CONFIRMATION VOTE - YES,0.95
CA,San Francisco Examiner,104252,1982,SUPREME COURT,,San Francisco,CA,"REYNOSO, CRUZ",,1,,,,CONFIRMATION VOTE - YES,0.95
CA,San Francisco Examiner,104252,1982,SUPREME COURT,,San Francisco,CA,"KAUS, OTTO",,1,,,,CONFIRMATION VOTE - YES,0.95
CA,San Francisco Examiner,104252,1982,SUPREME COURT,,San Francisco,CA,"RICHARDSON, FRANK",,1,,,,CONFIRMATION VOTE - YES,0.95
CA,San Francisco Examiner,104252,1982,BART DIRECTOR,2,San Francisco,CA,"BIANCO, NELIO",,1,,,,,0.95
CA,San Francisco Examiner,104252,1982,BART DIRECTOR,6,San Francisco,CA,"GLENN, JOHN",,1,,,,,0.95
CA,San Francisco Examiner,104252,1982,BART DIRECTOR,8,San Francisco,CA,"GARFINKLE, EUGENE",,1,,,,,0.95
CA,San Francisco Examiner,104252,1982,BOARD OF SUPERVISORS,,San Francisco,CA,"HONGISTO, RICHARD",,1,,,,SF BOARD OF SUPERVISORS,0.95
CA,San Francisco Examiner,104252,1982,BOARD OF SUPERVISORS,,San Francisco,CA,"NELDER, WENDY",,1,,,,SF BOARD OF SUPERVISORS,0.95
CA,San Francisco Examiner,104252,1982,BOARD OF SUPERVISORS,,San Francisco,CA,"MAHER, BILL",,1,,,,SF BOARD OF SUPERVISORS,0.95
CA,San Francisco Examiner,104252,1982,BOARD OF SUPERVISORS,,San Francisco,CA,"WARD, DORIS",,1,,,,SF BOARD OF SUPERVISORS,0.95
CA,San Francisco Examiner,104252,1982,BOARD OF SUPERVISORS,,San Francisco,CA,"WHARTON, DAVE",,1,,,,SF BOARD OF SUPERVISORS,0.95
CA,San Francisco Examiner,104252,1982,BOARD OF EDUCATION,,San Francisco,CA,"ANAYA, ROSARIO",,1,,,,SF BOARD OF EDUCATION,0.95
CA,San Francisco Examiner,104252,1982,BOARD OF EDUCATION,,San Francisco,CA,"KOPF, MYRA",,1,,,,SF BOARD OF EDUCATION,0.95
CA,San Francisco Examiner,104252,1982,BOARD OF EDUCATION,,San Francisco,CA,"WILSON, SODONIA M.",,1,,,,SF BOARD OF EDUCATION,0.95
CA,San Francisco Examiner,104252,1982,COMMUNITY COLLEGE DISTRICT,,San Francisco,CA,"BURTON, ROBERT E.",,1,,,,SF COMMUNITY COLLEGE BOARD,0.95
CA,San Francisco Examiner,104252,1982,COMMUNITY COLLEGE DISTRICT,,San Francisco,CA,"MIGDEN, CAROLE",,1,,,,SF COMMUNITY COLLEGE BOARD,0.95
CA,San Francisco Examiner,104252,1982,COMMUNITY COLLEGE DISTRICT,,San Francisco,CA,"RIORDAN, JOHN",,1,,,,SF COMMUNITY COLLEGE BOARD,0.95
CA,San Francisco Examiner,104252,1982,MUNICIPAL COURT,,San Francisco,CA,"CHIANTELLI, ALFRED G.",,1,,,,SF MUNICIPAL COURT JUDGE,0.95
CA,San Francisco Examiner,104252,1982,MAYOR,,San Francisco,CA,"DEAN, SHIRLEY",,1,,,,BERKELEY MAYOR,0.95
CA,San Francisco Examiner,104252,1984,PRESIDENT,,San Francisco,CA,"REAGAN, RONALD",Republican,1,,1,,,0.95
CA,San Francisco Examiner,104252,1984,H,5,San Francisco,CA,"BURTON, SALA",Democrat,1,1,,,SUCCEEDED HUSBAND PHILLIP BURTON (DIED 1983),0.95
CA,San Francisco Examiner,104252,1984,H,6,San Francisco,CA,"BOXER, BARBARA",Democrat,1,1,,,FIRST APPEARANCE,0.95
CA,San Francisco Examiner,104252,1984,H,7,San Francisco,CA,"MILLER, GEORGE",Democrat,1,1,,,,0.95
CA,San Francisco Examiner,104252,1984,H,8,San Francisco,CA,"CONNOR, CHARLES",Republican,1,,,,,0.95
CA,San Francisco Examiner,104252,1984,H,9,San Francisco,CA,"STARK, FORTNEY H.",Democrat,1,1,,,NICKNAMED 'PETE',0.95
CA,San Francisco Examiner,104252,1984,H,10,San Francisco,CA,"EDWARDS, DON",Democrat,1,1,,,,0.95
CA,San Francisco Examiner,104252,1984,H,11,San Francisco,CA,"LANTOS, TOM",Democrat,1,1,,,,0.95
CA,San Francisco Examiner,104252,1984,H,12,San Francisco,CA,"ZSCHAU, ED",Republican,1,,1,,,0.95
CA,San Francisco Examiner,104252,1984,H,13,San Francisco,CA,"MINETA, NORMAN",Democrat,1,1,,,,0.95
CA,San Francisco Examiner,104252,1984,STATE SENATOR,3,San Francisco,CA,"MARKS, MILTON",Republican,1,,1,,,0.95
CA,San Francisco Examiner,104252,1984,STATE SENATOR,7,San Francisco,CA,"BOATWRIGHT, DANIEL E.",Democrat,1,1,,,,0.95
CA,San Francisco Examiner,104252,1984,STATE SENATOR,9,San Francisco,CA,"PETRIS, NICHOLAS",Democrat,1,1,,,,0.95
CA,San Francisco Examiner,104252,1984,STATE SENATOR,11,San Francisco,CA,"MORGAN, BECKY",Republican,1,,,,,0.95
CA,San Francisco Examiner,104252,1984,STATE REP,8,San Francisco,CA,"SEBASTIANI, DON",Republican,1,,1,,,0.95
CA,San Francisco Examiner,104252,1984,STATE REP,9,San Francisco,CA,"FILANTE, WILLIAM",Republican,1,,1,,,0.95
CA,San Francisco Examiner,104252,1984,STATE REP,11,San Francisco,CA,"CAMPBELL, ROBERT",Democrat,1,1,,,,0.95
CA,San Francisco Examiner,104252,1984,STATE REP,12,San Francisco,CA,"BATES, TOM",Democrat,1,1,,,,0.95
CA,San Francisco Examiner,104252,1984,STATE REP,13,San Francisco,CA,"HARRIS, ELIHU",Democrat,1,1,,,,0.95
CA,San Francisco Examiner,104252,1984,STATE REP,14,San Francisco,CA,"KLEHS, JOHAN",Democrat,1,1,,,,0.95
CA,San Francisco Examiner,104252,1984,STATE REP,15,San Francisco,CA,"BAKER, BILL",Republican,1,,1,,,0.95
CA,San Francisco Examiner,104252,1984,STATE REP,16,San Francisco,CA,"AGNOS, ART",Democrat,1,1,,,,0.95
CA,San Francisco Examiner,104252,1984,STATE REP,17,San Francisco,CA,"BROWN, WILLIE",Democrat,1,1,,,,0.95
CA,San Francisco Examiner,104252,1984,STATE REP,18,San Francisco,CA,"MCALISTER, ALISTER",Democrat,1,1,,,,0.95
CA,San Francisco Examiner,104252,1984,STATE REP,19,San Francisco,CA,"PAPAN, LOU",Democrat,1,1,,,,0.95
CA,San Francisco Examiner,104252,1984,STATE REP,20,San Francisco,CA,"NAYLOR, BOB",Republican,1,,1,,,0.95
CA,San Francisco Examiner,104252,1984,STATE REP,21,San Francisco,CA,"SHER, BYRON",Democrat,1,1,,,,0.95
CA,San Francisco Examiner,104252,1984,STATE REP,22,San Francisco,CA,"KONNYU, ERNEST",Republican,1,,1,,,0.95
CA,San Francisco Examiner,104252,1984,STATE REP,23,San Francisco,CA,"VASCONCELLOS, JOHN",Democrat,1,1,,,,0.95
CA,San Francisco Examiner,104252,1984,STATE REP,24,San Francisco,CA,"CORTESE, DOMINIC",Democrat,1,1,,,,0.95
CA,San Francisco Examiner,104252,1984,BOARD OF SUPERVISORS,,San Francisco,CA,"BRITT, HARRY",,1,,,,SF BOARD OF SUPERVISORS,0.95
CA,San Francisco Examiner,104252,1984,BOARD OF SUPERVISORS,,San Francisco,CA,"KOPP, QUENTIN",,1,,,,SF BOARD OF SUPERVISORS,0.95
CA,San Francisco Examiner,104252,1984,BOARD OF SUPERVISORS,,San Francisco,CA,"MOLINARI, JOHN",,1,,,,SF BOARD OF SUPERVISORS,0.95
CA,San Francisco Examiner,104252,1984,BOARD OF SUPERVISORS,,San Francisco,CA,"RENNE, LOUISE",,1,,,,SF BOARD OF SUPERVISORS,0.95
CA,San Francisco Examiner,104252,1984,BOARD OF SUPERVISORS,,San Francisco,CA,"SILVER, CAROL RUTH",,1,,,,SF BOARD OF SUPERVISORS,0.95
CA,San Francisco Examiner,104252,1984,BOARD OF SUPERVISORS,,San Francisco,CA,"STARR, KEVIN",,1,,,,SF BOARD OF SUPERVISORS,0.95
CA,San Francisco Examiner,104252,1984,BOARD OF EDUCATION,,San Francisco,CA,"CERBATOS, DICK",,1,,,,SF BOARD OF EDUCATION,0.95
CA,San Francisco Examiner,104252,1984,BOARD OF EDUCATION,,San Francisco,CA,"HOPP, EUGENE",,1,,,,SF BOARD OF EDUCATION,0.95
CA,San Francisco Examiner,104252,1984,BOARD OF EDUCATION,,San Francisco,CA,"MILLER, JO ANNE",,1,,,,SF BOARD OF EDUCATION,0.95
CA,San Francisco Examiner,104252,1984,BOARD OF EDUCATION,,San Francisco,CA,"TOM, BEN",,1,,,,SF BOARD OF EDUCATION,0.95
CA,San Francisco Examiner,104252,1984,COMMUNITY COLLEGE DISTRICT,,San Francisco,CA,"AYALA, ERNEST",,1,,,,SF COMMUNITY COLLEGE BOARD; NICKNAMED 'CHUCK',0.95
CA,San Francisco Examiner,104252,1984,COMMUNITY COLLEGE DISTRICT,,San Francisco,CA,"BROWN, AMOS C.",,1,,,,SF COMMUNITY COLLEGE BOARD,0.95
CA,San Francisco Examiner,104252,1984,COMMUNITY COLLEGE DISTRICT,,San Francisco,CA,"TANG, JULIE",,1,,,,SF COMMUNITY COLLEGE BOARD,0.95
CA,San Francisco Examiner,104252,1984,COMMUNITY COLLEGE DISTRICT,,San Francisco,CA,"WOLFRED, TIM",,1,,,,SF COMMUNITY COLLEGE BOARD,0.95
CA,San Francisco Examiner,104252,1984,BART DIRECTOR,5,San Francisco,CA,"ALLEN, ROBERT S.",,1,,,,,0.95
CA,San Francisco Examiner,104252,1984,BART DIRECTOR,9,San Francisco,CA,"KIRKWOOD, JOHN H.",,1,,,,,0.95
CA,San Francisco Examiner,104252,1984,AC TRANSIT DIRECTOR,2,San Francisco,CA,"WIGGINS, JERRY",,1,,,,,0.95
CA,San Francisco Examiner,104252,1984,AC TRANSIT DIRECTOR,,San Francisco,CA,"RINEHART, RAY",,1,,,,DIRECTOR-AT-LARGE,0.95
CA,San Francisco Examiner,104252,1986,GOVERNOR,,San Francisco,CA,"DEUKMEJIAN, GEORGE",Republican,1,,1,,,0.95
CA,San Francisco Examiner,104252,1986,SENATOR,,San Francisco,CA,"ZSCHAU, ED",Republican,1,,,,CHALLENGING INCUMBENT CRANSTON,0.95
CA,San Francisco Examiner,104252,1986,LT GOVERNOR,,San Francisco,CA,"MCCARTHY, LEO T.",Democrat,1,1,,,,0.95
CA,San Francisco Examiner,104252,1986,SEC OF STATE,,San Francisco,CA,"FONG EU, MARCH",Democrat,1,1,,,,0.95
CA,San Francisco Examiner,104252,1986,CONTROLLER,,San Francisco,CA,"DAVIS, GRAY",Democrat,1,1,,,FIRST STATEWIDE APPEARANCE,0.95
CA,San Francisco Examiner,104252,1986,TREASURER,,San Francisco,CA,"UNRUH, JESSE M.",Democrat,1,1,,,,0.95
CA,San Francisco Examiner,104252,1986,ATTORNEY GENERAL,,San Francisco,CA,"VAN DE KAMP, JOHN",Democrat,1,1,,,,0.95
CA,San Francisco Examiner,104252,1986,BOARD OF EQUALIZATION,1,San Francisco,CA,"PRAT, GENE",Republican,1,,,,,0.95
CA,San Francisco Examiner,104252,1986,BOARD OF EQUALIZATION,2,San Francisco,CA,"COLLIS, CONWAY",Democrat,1,1,,,,0.95
CA,San Francisco Examiner,104252,1986,SUPREME COURT,,San Francisco,CA,"BIRD, ROSE ELIZABETH",,0,,,,CHIEF JUSTICE; CONFIRMATION VOTE - NO,0.95
CA,San Francisco Examiner,104252,1986,SUPREME COURT,,San Francisco,CA,"REYNOSO, CRUZ",,0,,,,ASSOCIATE JUSTICE; CONFIRMATION VOTE - NO,0.95
CA,San Francisco Examiner,104252,1986,SUPREME COURT,,San Francisco,CA,"GRODIN, JOSEPH R.",,0,,,,ASSOCIATE JUSTICE; CONFIRMATION VOTE - NO,0.95
CA,San Francisco Examiner,104252,1986,SUPREME COURT,,San Francisco,CA,"MOSK, STANLEY",,1,,,,ASSOCIATE JUSTICE; CONFIRMATION VOTE - YES,0.95
CA,San Francisco Examiner,104252,1986,SUPREME COURT,,San Francisco,CA,"PANELLI, EDWARD",,1,,,,ASSOCIATE JUSTICE; CONFIRMATION VOTE - YES,0.95
CA,San Francisco Examiner,104252,1986,SUPREME COURT,,San Francisco,CA,"LUCAS, MALCOLM M.",,1,,,,ASSOCIATE JUSTICE; CONFIRMATION VOTE - YES,0.95
CA,San Francisco Examiner,104252,1986,STATE SENATOR,8,San Francisco,CA,"KOPP, QUENTIN",Independent,1,,,,LISTED AS (I) FOR INDEPENDENT; MOVING FROM SF BOARD OF SUPERVISORS,0.95
CA,San Francisco Examiner,104252,1986,BOARD OF SUPERVISORS,,San Francisco,CA,"MAHER, BILL",,1,,,,SF BOARD OF SUPERVISORS,0.95
CA,San Francisco Examiner,104252,1986,BOARD OF SUPERVISORS,,San Francisco,CA,"WARD, DORIS M.",,1,,,,SF BOARD OF SUPERVISORS,0.95
CA,San Francisco Examiner,104252,1986,BOARD OF SUPERVISORS,,San Francisco,CA,"GEE, WILLIAM",,1,,,,SF BOARD OF SUPERVISORS,0.95
CA,San Francisco Examiner,104252,1986,BOARD OF EDUCATION,,San Francisco,CA,"KOPF, MYRA",,1,,,,SF BOARD OF EDUCATION,0.95
CA,San Francisco Examiner,104252,1986,BOARD OF EDUCATION,,San Francisco,CA,"ANAYA, ROSARIO",,1,,,,SF BOARD OF EDUCATION,0.95
CA,San Francisco Examiner,104252,1986,BOARD OF EDUCATION,,San Francisco,CA,"LOUIE, GILMAN",,1,,,,SF BOARD OF EDUCATION,0.95
CA,San Francisco Examiner,104252,1986,COMMUNITY COLLEGE DISTRICT,,San Francisco,CA,"RIORDAN, JOHN",,1,,,,SF COMMUNITY COLLEGE BOARD,0.95
CA,San Francisco Examiner,104252,1986,COMMUNITY COLLEGE DISTRICT,,San Francisco,CA,"WONG, ALAN",,1,,,,SF COMMUNITY COLLEGE BOARD,0.95
CA,San Francisco Examiner,104252,1986,BART DIRECTOR,8,San Francisco,CA,"GARFINKLE, EUGENE",,1,,,,,0.95
CA,San Francisco Examiner,104252,1986,BART DIRECTOR,4,San Francisco,CA,"PRYOR, MARGARET",,1,,,,,0.95
CA,San Francisco Examiner,104252,1986,BART DIRECTOR,6,San Francisco,CA,"GLENN, JOHN",,1,,,,,0.95
CA,San Francisco Examiner,104252,1988,PRESIDENT,,San Francisco,CA,"BUSH, GEORGE",Republican,1,,,,NO PARTY LABEL PRINTED; BUSH IS REPUBLICAN,0.95
CA,San Francisco Examiner,104252,1988,SENATOR,,San Francisco,CA,"WILSON, PETE",Republican,1,,1,,NO PARTY LABEL PRINTED,0.95
CA,San Francisco Examiner,104252,1988,BOARD OF SUPERVISORS,,San Francisco,CA,"BUELL, MARK",,1,,,,SF BOARD OF SUPERVISORS,0.95
CA,San Francisco Examiner,104252,1988,BOARD OF SUPERVISORS,,San Francisco,CA,"GONZALEZ, JIM",,1,,,,SF BOARD OF SUPERVISORS,0.95
CA,San Francisco Examiner,104252,1988,BOARD OF SUPERVISORS,,San Francisco,CA,"HARDEMAN, MIKE",,1,,,,SF BOARD OF SUPERVISORS,0.95
CA,San Francisco Examiner,104252,1988,BOARD OF SUPERVISORS,,San Francisco,CA,"HSIEH, TOM",,1,,,,SF BOARD OF SUPERVISORS,0.95
CA,San Francisco Examiner,104252,1988,BOARD OF SUPERVISORS,,San Francisco,CA,"ROSS, HARRIET",,1,,,,SF BOARD OF SUPERVISORS,0.95
CA,San Francisco Examiner,104252,1988,BOARD OF SUPERVISORS,,San Francisco,CA,"WINSLOW, JANE",,1,,,,SF BOARD OF SUPERVISORS,0.95
CA,San Francisco Examiner,104252,1988,BOARD OF EDUCATION,,San Francisco,CA,"DENEBEIM, LIBBY",,1,,,,SF BOARD OF EDUCATION,0.95
CA,San Francisco Examiner,104252,1988,BOARD OF EDUCATION,,San Francisco,CA,"MILLER, JOANNE",,1,,,,SF BOARD OF EDUCATION,0.95
CA,San Francisco Examiner,104252,1988,BOARD OF EDUCATION,,San Francisco,CA,"RODRIGUEZ, FRED A.",,1,,,,SF BOARD OF EDUCATION,0.95
CA,San Francisco Examiner,104252,1988,BOARD OF EDUCATION,,San Francisco,CA,"YEE, LELAND Y.",,1,,,,SF BOARD OF EDUCATION; LATER STATE SENATOR,0.95
CA,San Francisco Examiner,104252,1988,COMMUNITY COLLEGE DISTRICT,,San Francisco,CA,"BIGGS, BERNICE",,1,,,,SF COMMUNITY COLLEGE BOARD,0.95
CA,San Francisco Examiner,104252,1988,COMMUNITY COLLEGE DISTRICT,,San Francisco,CA,"TANG, JULIE",,1,,,,SF COMMUNITY COLLEGE BOARD,0.95
CA,San Francisco Examiner,104252,1988,COMMUNITY COLLEGE DISTRICT,,San Francisco,CA,"VARNI, ROBERT",,1,,,,SF COMMUNITY COLLEGE BOARD,0.95
CA,San Francisco Examiner,104252,1988,COMMUNITY COLLEGE DISTRICT,,San Francisco,CA,"WOLFRED, TIM",,1,,,,SF COMMUNITY COLLEGE BOARD,0.95
CA,San Francisco Examiner,104252,1988,BART DIRECTOR,1,San Francisco,CA,"AIELLO, LOUISE",,1,,,,,0.95
CA,San Francisco Examiner,104252,1988,BART DIRECTOR,3,San Francisco,CA,"ABELSON, HOWARD P.",,1,,,,,0.95
CA,San Francisco Examiner,104252,1988,BART DIRECTOR,5,San Francisco,CA,"ALLEN, ROBERT S.",,1,,,,,0.95
CA,San Francisco Examiner,104252,1988,BART DIRECTOR,7,San Francisco,CA,"USSERY, WILFRED T.",,1,,,,,0.95
CA,San Francisco Examiner,104252,1988,BART DIRECTOR,9,San Francisco,CA,"KIRKWOOD, JOHN H.",,1,,,,,0.95
