state_newspaper,newspaper,newspaper_id,year,office,dist,dname,state_election,cand_name,party,endorsed,d_inc,r_inc,o_inc,notes_endorse,extraction_confidence,source_folder,permid,icpsr,bonica_rid,recipient_cfscore,dwnom1,dwnom2,dime_party_code,dime_match_score,dime_match_confidence,bioname_voteview,voteview_match_score,voteview_match_confidence,sler_id,sler_name,sler_vote,sler_outcome,sler_party,sler_match_score,sler_match_confidence,merge_conflict
AL,Anniston Star,100050,2008,COURT OF APPEALS,1,,AL,"THOMPSON, BILL",,1,,,,"ENDORSED FOR COURT OF CIVIL APPEALS, PLACE 1.",1.0,Anniston Star,4862,AL1118061,cand156329,1.069,,,200,100,1,,,,,,,,,,,
AL,Anniston Star,100050,2008,COURT OF CRIMINAL APPEALS,1,,AL,"JONES, CLYDE",,1,,,,"ENDORSED FOR COURT OF CRIMINAL APPEALS, PLACE 1.",1.0,Anniston Star,4862,,,,,,,,,,,,,,,,,,,
AL,Anniston Star,100050,2008,COURT OF CRIMINAL APPEALS,2,,AL,"SMITH, AIMEE COBB",,1,,,,"ENDORSED FOR COURT OF CRIMINAL APPEALS, PLACE 2.",1.0,Anniston Star,4862,,,,,,,,,,,,,,,,,,,
AL,Anniston Star,100050,2008,H,3,,AL,"SEGALL, JOSH",Democrat,1,,,,"ENDORSED FOR US HOUSE, 3RD DISTRICT.",1.0,Anniston Star,4862,H8AL03047,cand53289,-0.458,,,100,72,0.7,,,,,,,,,,,
AL,Anniston Star,100050,2008,PRESIDENT,,,AL,"OBAMA, BARACK",Democrat,1,,,,ENDORSED IN SUMMARY ENDORSEMENT LIST.,1.0,Anniston Star,4862,99911,cand169967,-1.095,-0.358,-0.197,100,100,1,,,,,,,,,,,
AL,Anniston Star,100050,2008,SENATOR,,,AL,"FIGURES, VIVIAN DAVIS",Democrat,1,,,,ENDORSED FOR US SENATE.,1.0,Anniston Star,4862,S8AL00282,cand106746,-0.156,,,100,100,1,,,,,,,,,,,
AL,Anniston Star,100050,2008,SERVICE COMMISSION,PRESIDENT,,AL,"BAXLEY, LUCY",,1,,,,ENDORSED FOR PUBLIC SERVICE COMMISSION PRESIDENT.,1.0,Anniston Star,4862,,,,,,,,,,,,,,,,,,,
AL,Anniston Star,100050,2008,STATE BOARD OF ED,3,,AL,"BELL, JUDY WEST",,1,,,,"ENDORSED FOR STATE SCHOOL BOARD, 3RD DISTRICT.",1.0,Anniston Star,4862,AL10199,cand4195,-0.554,,,100,100,1,,,,,,,,,,,
AL,Anniston Star,100050,2008,SUPREME COURT,,,AL,"PASEUR, DEBORAH BELL",,1,,,,ENDORSED FOR SUPREME COURT.,1.0,Anniston Star,4862,AL137679,cand4586,-0.364,,,100,100,1,,,,,,,,,,,
AL,Anniston Star,100050,2010,AGRICULTURE COMMISSIONER,,,AL,"ZORN, GLEN",,1,,,,ENDORSED FOR COMMISSIONER OF AGRICULTURE AND INDUSTRIES.,1.0,Anniston Star,4862,,,,,,,,,,,,,,,,,,,
AL,Anniston Star,100050,2010,ATTORNEY GENERAL,,,AL,"ANDERSON, JAMES",,1,,,,ENDORSED FOR ATTORNEY GENERAL.,1.0,Anniston Star,4862,AL10187,cand4187,-0.341,,,100,93,1,,,,,,,,,,,
AL,Anniston Star,100050,2010,AUDITOR,,,AL,"SHAW, SAMANTHA",,1,,,,ENDORSED FOR STATE AUDITOR.,1.0,Anniston Star,4862,,,,,,,,,,,,,,,,,,,
AL,Anniston Star,100050,2010,COURT OF APPEALS,,,AL,"PASEUR, DEBORAH BELL",,1,,,,ENDORSED FOR COURT OF CIVIL APPEALS.,1.0,Anniston Star,4862,AL137679,cand4586,-0.364,,,100,100,1,,,,,,,,,,,
AL,Anniston Star,100050,2010,GOVERNOR,,,AL,"BENTLEY, ROBERT",Republican,1,,,,ENDORSED FOR GOVERNOR.,1.0,Anniston Star,4862,AL6568236,cand158462,1.009,,,200,93,1,,,,,,,,,,,
AL,Anniston Star,100050,2010,H,3,,AL,"ROGERS, MIKE",Republican,1,,1,,ENDORSED FOR US HOUSE OF REPRESENTATIVES. INCUMBENT.,1.0,Anniston Star,4862,20301,cand869,1.039,0.379,0.377,200,81,0.7,,,,,,,,,,,
AL,Anniston Star,100050,2010,LT GOVERNOR,,,AL,"FOLSOM, JIM, JR.",Democrat,1,,,,ENDORSED FOR LT GOVERNOR.,0.9,Anniston Star,4862,S0AL00057,cand103318,-0.059,,,100,86,1,,,,,,,,,,,
AL,Anniston Star,100050,2010,SEC OF STATE,,,AL,"CHAPMAN, BETH",,1,,,,ENDORSED FOR SECRETARY OF STATE.,1.0,Anniston Star,4862,,,,,,,,,,,,,,,,,,,
AL,Anniston Star,100050,2010,SENATOR,,,AL,"SHELBY, RICHARD",Republican,1,,1,,ENDORSED FOR US SENATE. INCUMBENT.,1.0,Anniston Star,4862,94659,cand181514,0.632,0.446,0.57,200,83,0.7,,,,,,,,,,,
AL,Anniston Star,100050,2010,SERVICE COMMISSION,2,,AL,"PARKER, SUSAN",,1,,,,"ENDORSED FOR PUBLIC SERVICE COMMISSION, PLACE 2.",1.0,Anniston Star,4862,,,,,,,,,,,,,,,,,,,
AL,Anniston Star,100050,2010,SUPREME COURT,1,,AL,"CHAMBERS, RHONDA",,1,,,,"ENDORSED FOR STATE SUPREME COURT, PLACE 1.",1.0,Anniston Star,4862,,,,,,,,,,,,,,,,,,,
AL,Anniston Star,100050,2010,SUPREME COURT,2,,AL,"EDWARDS, TOM",,1,,,,"ENDORSED FOR STATE SUPREME COURT, PLACE 2.",1.0,Anniston Star,4862,AL143150,cand4745,-0.564,,,100,100,1,,,,,,,,,,,
AL,Anniston Star,100050,2010,SUPREME COURT,3,,AL,"PARSONS, MAC",,1,,,,"ENDORSED FOR STATE SUPREME COURT, PLACE 3.",1.0,Anniston Star,4862,AL143152,cand4747,-0.465,,,100,100,1,,,,,,,,,,,
AL,Anniston Star,100050,2010,TREASURER,,,AL,"BOOZER, YOUNG",,1,,,,ENDORSED FOR STATE TREASURER.,1.0,Anniston Star,4862,AL6688579,cand158488,0.957,,,200,100,1,,,,,,,,,,,
AL,Anniston Star,100050,2012,H,3,,AL,"ROGERS, MIKE",Republican,1,,1,,"ENDORSED FOR US HOUSE, 3RD DISTRICT. INCUMBENT.",1.0,Anniston Star,4862,,,,,,,,,,,,,,,,,,,
AL,Anniston Star,100050,2012,PRESIDENT,,,AL,"OBAMA, BARACK",Democrat,1,1,,,ENDORSED FOR RE-ELECTION. INCUMBENT PRESIDENT.,1.0,Anniston Star,4862,99911,cand169967,-1.095,-0.358,-0.197,100,100,1,,,,,,,,,,,
AL,Anniston Star,100050,2012,SERVICE COMMISSION,PRESIDENT,,AL,"BAXLEY, LUCY",,1,,,,ENDORSED FOR PUBLIC SERVICE COMMISSION PRESIDENT.,1.0,Anniston Star,4862,,,,,,,,,,,,,,,,,,,
AL,Anniston Star,100050,2012,SUPREME COURT,CHIEF JUSTICE,,AL,"VANCE, ROBERT",,1,,,,"ENDORSED FOR CHIEF JUSTICE, ALABAMA SUPREME COURT.",1.0,Anniston Star,4862,AL44858852,cand157630,-0.694,,,100,92,1,,,,,,,,,,,
AL,Anniston Star,100050,2014,AGRICULTURE COMMISSIONER,,,AL,"MCMILLAN, JOHN",Republican,1,,,,ENDORSED FOR AGRICULTURE COMMISSIONER.,1.0,Anniston Star,4862,,,,,,,,,,,,,,,,,,,
AL,Anniston Star,100050,2014,ATTORNEY GENERAL,,,AL,"STRANGE, LUTHER",Republican,1,,1,,ENDORSED FOR ATTORNEY GENERAL. INCUMBENT.,1.0,Anniston Star,4862,41704,cand139961,1.139,0.56,0.18,200,100,1,,,,,,,,,,,
AL,Anniston Star,100050,2014,AUDITOR,,,AL,"JOSEPH, MIRANDA",,1,,,,ENDORSED FOR STATE AUDITOR.,1.0,Anniston Star,4862,,,,,,,,,,,,,,,,,,,
AL,Anniston Star,100050,2014,H,3,,AL,"ROGERS, MIKE",Republican,1,,1,,"ENDORSED FOR US HOUSE, 3RD DISTRICT. INCUMBENT.",1.0,Anniston Star,4862,,,,,,,,,,,,,,,,,,,
AL,Anniston Star,100050,2014,LT GOVERNOR,,,AL,"IVEY, KAY",Republican,1,,,,ENDORSED FOR LIEUTENANT GOVERNOR.,1.0,Anniston Star,4862,,,,,,,,,,,,,,,,,,,
AL,Anniston Star,100050,2014,SEC OF STATE,,,AL,"MERRILL, JOHN",Republican,1,,,,ENDORSED FOR SECRETARY OF STATE.,1.0,Anniston Star,4862,S0AL00289,cand4539,1.147,,,200,100,1,,,,,,,,,,,
AL,Anniston Star,100050,2016,PRESIDENT,,,AL,"CLINTON, HILLARY",Democrat,1,,,,ENDORSED FOR PRESIDENT.,1.0,Anniston Star,4862,40105nominee,cand1572nominee,-1.058,-0.367,-0.243,100,82,0.7,,,,,,,,,,,
CA,CHICO ENTERPRISE RECORD,101500,1924,STATE REP,7,,CA,"DEUEL, CHARLES",Democrat,1,,1,,,,Chico Enterprise Record,6898,,,,,,,,,,,,,,,,,,,
CA,CHICO ENTERPRISE RECORD,101500,1932,JUDGE,Battle County,Battle County,CA,"DEIRUP, HARRY",,1,,,,No party or incumbent information found,,Chico Enterprise Record,6898,,,,,,,,,,,,,,,,,,,
CA,CHICO ENTERPRISE RECORD,101500,1948,H,,Chico,CA,"LOOMIS, BERT W.",,,,,,No party or incumbent info found,,Chico Enterprise Record,6898,,,,,,,,,,,,,,,,,,,
CA,CHICO ENTERPRISE RECORD,101500,1948,H,1,,CA,"SCUDDER, HUBERT B.",Republican,1,1,,,,,Chico Enterprise Record,6898,8322,,,0.291,-0.347,,,,"SCUDDER, Hubert Baxter",85,1,,,,,,,,
CA,CHICO ENTERPRISE RECORD,101500,1948,PRESIDENT,,,CA,"DEWEY, THOMAS E.",Republican,1,1,,,,,Chico Enterprise Record,6898,,,,,,,,,,,,,,,,,,,
CA,CHICO ENTERPRISE RECORD,101500,1948,VICE PRESIDENT,,,CA,"WARREN, EARL",Republican,1,1,,,,,Chico Enterprise Record,6898,,,,,,,,,,,,,,,,,,,
CA,CHICO ENTERPRISE RECORD,101500,1950,COMPTROLLER,,,CA,"KUCHEL, THOMAS J.",Republican,1,,1,,,,Chico Enterprise Record,6898,,,,,,,,,,,,,,,,,,,
CA,CHICO ENTERPRISE RECORD,101500,1950,GOVERNOR,,,CA,"WARREN, EARL",Republican,1,,1,,,,Chico Enterprise Record,6898,,,,,,,,,,,,,,,,,,,
CA,CHICO ENTERPRISE RECORD,101500,1950,H,1,,CA,"SCUDDER, HUBERT B.",Republican,1,,1,,,,Chico Enterprise Record,6898,8322,,,0.291,-0.347,,,,"SCUDDER, Hubert Baxter",85,1,,,,,,,,
CA,CHICO ENTERPRISE RECORD,101500,1950,LT GOVERNOR,,,CA,"KNIGHT, GOODWIN J.",Republican,1,,1,,,,Chico Enterprise Record,6898,,,,,,,,,,,,,,,,,,,
CA,CHICO ENTERPRISE RECORD,101500,1950,SEC OF STATE,,,CA,"JORDAN, FRANK M.",Republican,1,,1,,,,Chico Enterprise Record,6898,,,,,,,,,,,,,,,,,,,
CA,CHICO ENTERPRISE RECORD,101500,1950,SENATOR,,,CA,"NIXON, RICHARD",Republican,1,,,,,,Chico Enterprise Record,6898,6939,,,0.162,-0.388,,,,"NIXON, Richard Milhous",77,0.7,,,,,,,,
CA,CHICO ENTERPRISE RECORD,101500,1950,STATE SENATOR,6,,CA,"BYRNE, PAUL L.",Republican,1,,,1,,,Chico Enterprise Record,6898,,,,,,,,,,,,,,,,,,,
CA,CHICO ENTERPRISE RECORD,101500,1950,TREASURER,,,CA,"JOHNSON, CHARLES G.",Republican,1,,1,,,,Chico Enterprise Record,6898,,,,,,,,,,,,,,,,,,,
CA,CHICO ENTERPRISE RECORD,101500,1952,PRESIDENT,,,CA,"EISENHOWER, DWIGHT",Republican,1,,,,,,Chico Enterprise Record,6898,,,,,,,,,,,,,,,,,,,
CA,CHICO ENTERPRISE RECORD,101500,1952,SENATOR,,,CA,"KNOWLAND, WILLIAM F.",Republican,1,,1,,,,Chico Enterprise Record,6898,5343,,,0.227,-0.453,,,,"KNOWLAND, William Fife",90,1,,,,,,,,
CA,CHICO ENTERPRISE RECORD,101500,1952,STATE REP,4,,CA,"HOBBIE, DON",Republican,1,,,,,,Chico Enterprise Record,6898,,,,,,,,,,,,,,,,,,,
CA,CHICO ENTERPRISE RECORD,101500,1954,ATTORNEY GENERAL,,,CA,"BROWN, EDMUND G. ""PAT""",Democrat,1,1,,,,,Chico Enterprise Record,6898,,,,,,,,,,,,,,,,,,,
CA,CHICO ENTERPRISE RECORD,101500,1954,CNTY COMM,3,,CA,"BLACK, L. RAY",,,,,,,,Chico Enterprise Record,6898,,,,,,,,,,,,,,,,,,,
CA,CHICO ENTERPRISE RECORD,101500,1954,CNTY COMM,2,,CA,"YOUNG, PAUL H.",,,,,,,,Chico Enterprise Record,6898,,,,,,,,,,,,,,,,,,,
CA,CHICO ENTERPRISE RECORD,101500,1954,COMPTROLLER,,,CA,"KIRKWOOD, ROBERT C.",Republican,1,,1,,,,Chico Enterprise Record,6898,,,,,,,,,,,,,,,,,,,
CA,CHICO ENTERPRISE RECORD,101500,1954,DA/PROSECUTOR,,,CA,"LYDE, KEITH",,,,,,,,Chico Enterprise Record,6898,,,,,,,,,,,,,,,,,,,
CA,CHICO ENTERPRISE RECORD,101500,1954,GOVERNOR,,,CA,"KNIGHT, GOODWIN J.",Republican,1,,1,,,,Chico Enterprise Record,6898,,,,,,,,,,,,,,,,,,,
CA,CHICO ENTERPRISE RECORD,101500,1954,H,2,,CA,"ENGLE, CLAIR",Democrat,1,1,,,,,Chico Enterprise Record,6898,2965,,,-0.219,0.096,,,,"ENGLE, Clair",100,1,,,,,,,,
CA,CHICO ENTERPRISE RECORD,101500,1954,LT GOVERNOR,,,CA,"POWERS, HAROLD J, ""BUTCH""",Republican,1,,1,,,,Chico Enterprise Record,6898,,,,,,,,,,,,,,,,,,,
CA,CHICO ENTERPRISE RECORD,101500,1954,SEC OF STATE,,,CA,"JORDAN, FRANK M.",Republican,1,,1,,,,Chico Enterprise Record,6898,,,,,,,,,,,,,,,,,,,
CA,CHICO ENTERPRISE RECORD,101500,1954,SENATOR,,,CA,"KUCHEL, THOMAS H.",Republican,1,,1,,,,Chico Enterprise Record,6898,5372,,,0.098,-0.61,,,,"KUCHEL, Thomas Henry",86,1,,,,,,,,
CA,CHICO ENTERPRISE RECORD,101500,1954,STATE BOARD OF ED,,,CA,"LEAKE, PAUL",Democrat,1,1,,,,,Chico Enterprise Record,6898,,,,,,,,,,,,,,,,,,,
CA,CHICO ENTERPRISE RECORD,101500,1954,STATE REP,4,,CA,"HOBBIE, DON",Republican,1,,1,,,,Chico Enterprise Record,6898,,,,,,,,,,,,,,,,,,,
CA,CHICO ENTERPRISE RECORD,101500,1954,STATE SENATOR,6,,CA,"BYRNE, PAUL L.",Republican,1,,1,,,,Chico Enterprise Record,6898,,,,,,,,,,,,,,,,,,,
CA,CHICO ENTERPRISE RECORD,101500,1954,TREASURER,,,CA,"JOHNSON, CHARLES G.",Republican,1,,1,,,,Chico Enterprise Record,6898,,,,,,,,,,,,,,,,,,,
CA,CHICO ENTERPRISE RECORD,101500,1956,PRESIDENT,,,CA,"EISENHOWER, DWIGHT",Republican,1,,1,,,,Chico Enterprise Record,6898,,,,,,,,,,,,,,,,,,,
CA,CHICO ENTERPRISE RECORD,101500,1956,SENATOR,,,CA,"KUCHEL, THOMAS H.",Republican,1,,1,,,,Chico Enterprise Record,6898,5372,,,0.098,-0.61,,,,"KUCHEL, Thomas Henry",86,1,,,,,,,,
CA,CHICO ENTERPRISE RECORD,101500,1956,STATE REP,,,CA,"SEDGWICK, HAROLD T.",Republican,1,,1,,,,Chico Enterprise Record,6898,,,,,,,,,,,,,,,,,,,
CA,CHICO ENTERPRISE RECORD,101500,1958,ATTORNEY GENERAL,,,CA,"MOSK, STANLEY",Democrat,1,1,,,,,Chico Enterprise Record,6898,,,,,,,,,,,,,,,,,,,
CA,CHICO ENTERPRISE RECORD,101500,1958,CNTY COMM,3,,CA,"GILES, FLOYD F.",,,,,,,,Chico Enterprise Record,6898,,,,,,,,,,,,,,,,,,,
CA,CHICO ENTERPRISE RECORD,101500,1958,COMPTROLLER,,,CA,"KIRKWOOD, ROBERT C.",Republican,1,,1,,,,Chico Enterprise Record,6898,,,,,,,,,,,,,,,,,,,
CA,CHICO ENTERPRISE RECORD,101500,1958,GOVERNOR,,,CA,"KNOWLAND, WILLIAM F.",Republican,1,,1,,,,Chico Enterprise Record,6898,,,,,,,,,,,,,,,,,,,
CA,CHICO ENTERPRISE RECORD,101500,1958,H,2,,CA,"TARR, CURTIS W.",Republican,1,1,,,,,Chico Enterprise Record,6898,,,,,,,,,,,,,,,,,,,
CA,CHICO ENTERPRISE RECORD,101500,1958,LT GOVERNOR,,,CA,"POWERS, HAROLD J, ""BUTCH""",Republican,1,,1,,,,Chico Enterprise Record,6898,,,,,,,,,,,,,,,,,,,
CA,CHICO ENTERPRISE RECORD,101500,1958,SEC OF STATE,,,CA,"JORDAN, FRANK M.",Republican,1,,1,,,,Chico Enterprise Record,6898,,,,,,,,,,,,,,,,,,,
CA,CHICO ENTERPRISE RECORD,101500,1958,SENATOR,,,CA,"ENGLE, CLAIR",Democrat,1,,1,,,,Chico Enterprise Record,6898,2965,,,-0.219,0.096,,,,"ENGLE, Clair",100,1,,,,,,,,
CA,CHICO ENTERPRISE RECORD,101500,1958,STATE REP,,,CA,"SEDGWICK, HAROLD T.",Republican,1,,1,,,,Chico Enterprise Record,6898,,,,,,,,,,,,,,,,,,,
CA,CHICO ENTERPRISE RECORD,101500,1958,TREASURER,,,CA,"BUTTON, A. RONALD",Republican,1,,1,,,,Chico Enterprise Record,6898,,,,,,,,,,,,,,,,,,,
CA,CHICO ENTERPRISE RECORD,101500,1960,H,2,,CA,"NAGEL, FREDERIC H.",Republican,1,1,,,,,Chico Enterprise Record,6898,,,,,,,,,,,,,,,,,,,
CA,CHICO ENTERPRISE RECORD,101500,1960,H,1,,CA,"NAGEL, FREDERIC H. JR",,,,,,No party info found,,Chico Enterprise Record,6898,,,,,,,,,,,,,,,,,,,
CA,CHICO ENTERPRISE RECORD,101500,1960,PRESIDENT,,,CA,"NIXON, RICHARD",,,,,,,,Chico Enterprise Record,6898,,,,,,,,,,,,,,,,,,,
CA,CHICO ENTERPRISE RECORD,101500,1960,STATE REP,,CHICO,CA,HAROLD T. SEDGWICK,,,,,1,No party info found,,Chico Enterprise Record,6898,,,,,,,,,,,,,,,,,,,
CA,CHICO ENTERPRISE RECORD,101500,1960,STATE REP,4,,CA,"SEDGWICK, HAROLD T.",Republican,1,,1,,,,Chico Enterprise Record,6898,,,,,,,,,,,,,,,,,,,
CA,CHICO ENTERPRISE RECORD,101500,1960,VICE PRESIDENT,,,CA,"LODGE, HENRY CABOT",,,,,,,,Chico Enterprise Record,6898,,,,,,,,,,,,,,,,,,,
CA,CHICO ENTERPRISE RECORD,101500,1962,ATTORNEY GENERAL,,,CA,"COAKLEY, TOM",Republican,1,1,,,,,Chico Enterprise Record,6898,,,,,,,,,,,,,,,,,,,
CA,CHICO ENTERPRISE RECORD,101500,1962,COMPTROLLER,,,CA,"CRANSTON, ALAN",Democrat,1,1,,,,,Chico Enterprise Record,6898,,,,,,,,,,,,,,,,,,,
CA,CHICO ENTERPRISE RECORD,101500,1962,GOVERNOR,,,CA,"NIXON, RICHARD",Republican,1,1,,,,,Chico Enterprise Record,6898,,,,,,,,,,,,,,,,,,,
CA,CHICO ENTERPRISE RECORD,101500,1962,H,,,CA,"JOHNSON, HAROLD T. (BIZZ)",Democrat,1,1,,,,,Chico Enterprise Record,6898,4957,,,-0.439,0.503,,,,"JOHNSON, Harold Terry",83,0.7,,,,,,,,
CA,CHICO ENTERPRISE RECORD,101500,1962,LT GOVERNOR,,,CA,"CHRISTOPHER, GOERGE",Republican,1,1,,,,,Chico Enterprise Record,6898,,,,,,,,,,,,,,,,,,,
CA,CHICO ENTERPRISE RECORD,101500,1962,SEC OF STATE,,,CA,"JORDAN, FRANK M.",Republican,1,,1,,,,Chico Enterprise Record,6898,,,,,,,,,,,,,,,,,,,
CA,CHICO ENTERPRISE RECORD,101500,1962,SENATOR,,,CA,"KUCHEL, THOMAS H.",Republican,1,,1,,,,Chico Enterprise Record,6898,5372,,,0.098,-0.61,,,,"KUCHEL, Thomas Henry",86,1,,,,,,,,
CA,CHICO ENTERPRISE RECORD,101500,1962,STATE BOARD OF ED,,,CA,"LEAKE, PAUL",Democrat,1,1,,,,,Chico Enterprise Record,6898,,,,,,,,,,,,,,,,,,,
CA,CHICO ENTERPRISE RECORD,101500,1962,STATE REP,,,CA,"JOHNSON, RAY E.",,1,,,,,,Chico Enterprise Record,6898,,,,,,,,,,,,,,,,,,,
CA,CHICO ENTERPRISE RECORD,101500,1962,STATE SENATOR,,,CA,"SHAPIRO, S. E. (CHICK)",,1,,,,,,Chico Enterprise Record,6898,,,,,,,,,,,,,,,,,,,
CA,CHICO ENTERPRISE RECORD,101500,1962,SUPERINTENDENT,,,CA,"RICHARDSON, RALPH",,1,,,,,,Chico Enterprise Record,6898,,,,,,,,,,,,,,,,,,,
CA,CHICO ENTERPRISE RECORD,101500,1962,TREASURER,,,CA,"BETTS, BERT A.",Democrat,1,1,,,,,Chico Enterprise Record,6898,,,,,,,,,,,,,,,,,,,
CA,CHICO ENTERPRISE RECORD,101500,1964,CNTY COMM,5,,CA,"STEINEGGER, EMIL",,1,,,,,,Chico Enterprise Record,6898,,,,,,,,,,,,,,,,,,,
CA,CHICO ENTERPRISE RECORD,101500,1964,H,,,CA,"JOHNSON, HAROLD T. (BIZZ)",Democrat,1,1,,,,,Chico Enterprise Record,6898,4957,,,-0.439,0.503,,,,"JOHNSON, Harold Terry",83,0.7,,,,,,,,
CA,CHICO ENTERPRISE RECORD,101500,1964,JUDGE,,,CA,"DALEY, TILLMAN",,1,,,,,,Chico Enterprise Record,6898,,,,,,,,,,,,,,,,,,,
CA,CHICO ENTERPRISE RECORD,101500,1964,PRESIDENT,,,CA,"GOLDWATER, BARRY",Republican,1,1,,,,,Chico Enterprise Record,6898,,,,,,,,,,,,,,,,,,,
CA,CHICO ENTERPRISE RECORD,101500,1964,SENATOR,,,CA,"MURPHY, GEORGE",Republican,1,1,,,,,Chico Enterprise Record,6898,10814,,,0.341,-0.251,,,,"MURPHY, George Lloyd",82,0.7,,,,,,,,
CA,CHICO ENTERPRISE RECORD,101500,1964,STATE REP,4,,CA,"JOHNSON, RAY E.",Republican,1,1,,,,,Chico Enterprise Record,6898,,,,,,,,,,,,,,,,,,,
CA,CHICO ENTERPRISE RECORD,101500,1966,ASSESSOR,,,CA,"MCLAIN, EARL",,1,,,,,,Chico Enterprise Record,6898,,,,,,,,,,,,,,,,,,,
CA,CHICO ENTERPRISE RECORD,101500,1966,ATTORNEY GENERAL,,,CA,"WILLIAMS, SPENCER",,1,,,,,,Chico Enterprise Record,6898,,,,,,,,,,,,,,,,,,,
CA,CHICO ENTERPRISE RECORD,101500,1966,CNTY COMM,3,,CA,"CONLEY, JUDY B.",,1,,,,,,Chico Enterprise Record,6898,,,,,,,,,,,,,,,,,,,
CA,CHICO ENTERPRISE RECORD,101500,1966,CNTY COMM,2,,CA,"HOWSDEN, ARLEY",,1,,,,,,Chico Enterprise Record,6898,,,,,,,,,,,,,,,,,,,
CA,CHICO ENTERPRISE RECORD,101500,1966,COMPTROLLER,,,CA,"CRANSTON, ALAN",Democrat,1,1,,,,,Chico Enterprise Record,6898,,,,,,,,,,,,,,,,,,,
CA,CHICO ENTERPRISE RECORD,101500,1966,GOVERNOR,,,CA,"REAGAN, RONALD",Republican,1,1,,,,,Chico Enterprise Record,6898,,,,,,,,,,,,,,,,,,,
CA,CHICO ENTERPRISE RECORD,101500,1966,H,,,CA,"JOHNSON, HAROLD T. (BIZZ)",Democrat,1,1,,,,,Chico Enterprise Record,6898,4957,,,-0.439,0.503,,,,"JOHNSON, Harold Terry",83,0.7,,,,,,,,
CA,CHICO ENTERPRISE RECORD,101500,1966,LT GOVERNOR,,,CA,"FINCH, ROBERT H.",Republican,1,1,,,,,Chico Enterprise Record,6898,,,,,,,,,,,,,,,,,,,
CA,CHICO ENTERPRISE RECORD,101500,1966,RECORDER,,,CA,"STEINEGGER, EMIL",,1,,,,,,Chico Enterprise Record,6898,,,,,,,,,,,,,,,,,,,
CA,CHICO ENTERPRISE RECORD,101500,1966,SEC OF STATE,,,CA,"JORDAN, FRANK M.",Republican,1,,1,,,,Chico Enterprise Record,6898,,,,,,,,,,,,,,,,,,,
CA,CHICO ENTERPRISE RECORD,101500,1966,STATE BOARD OF ED,,,CA,"LEAKE, PAUL",Democrat,1,1,,,,,Chico Enterprise Record,6898,,,,,,,,,,,,,,,,,,,
CA,CHICO ENTERPRISE RECORD,101500,1966,STATE REP,,,CA,"JOHNSON, RAY E.",Republican,1,,1,,,,Chico Enterprise Record,6898,,,,,,,,,,,,,,,,,,,
CA,CHICO ENTERPRISE RECORD,101500,1966,STATE SENATOR,2,,CA,"MARLER, FRED W.",Republican,1,1,,,,,Chico Enterprise Record,6898,,,,,,,,,,,,,,,,,,,
CA,CHICO ENTERPRISE RECORD,101500,1966,TREASURER,,,CA,"BETTS, BERT A.",Democrat,1,1,,,,,Chico Enterprise Record,6898,,,,,,,,,,,,,,,,,,,
CA,CHICO ENTERPRISE RECORD,101500,1968,CNTY COMM,5,,CA,"REYNOLDS, JERE",,1,,,,,,Chico Enterprise Record,6898,,,,,,,,,,,,,,,,,,,
CA,CHICO ENTERPRISE RECORD,101500,1968,H,,,CA,"JOHNSON, HAROLD T. ""BIZZ""",Democrat,1,1,,,,,Chico Enterprise Record,6898,4957,,,-0.439,0.503,,,,"JOHNSON, Harold Terry",83,0.7,,,,,,,,
CA,CHICO ENTERPRISE RECORD,101500,1968,PRESIDENT,,,CA,"NIXON, RICHARD",Republican,1,,,,,,Chico Enterprise Record,6898,,,,,,,,,,,,,,,,,,,
CA,CHICO ENTERPRISE RECORD,101500,1968,SENATOR,,,CA,"RAFFERTY, MAX",Republican,1,,,,,,Chico Enterprise Record,6898,,,,,,,,,,,,,,,,,,,
CA,CHICO ENTERPRISE RECORD,101500,1968,STATE REP,,,CA,"JOHNSON, RAY E.",Republican,1,,1,,,,Chico Enterprise Record,6898,,,,,,,,,,,,12809,"johnson, ray 1",60043.0,w,modernrepublican,92,1,
CA,CHICO ENTERPRISE RECORD,101500,1970,ATTORNEY GENERAL,,,CA,"YOUNGER, EVELLE J.",Republican,1,,1,,,,Chico Enterprise Record,6898,,,,,,,,,,,,,,,,,,,
CA,CHICO ENTERPRISE RECORD,101500,1970,CNTY COMM,2,,CA,"GILMAN, ART",,1,,,,,,Chico Enterprise Record,6898,,,,,,,,,,,,,,,,,,,
CA,CHICO ENTERPRISE RECORD,101500,1970,COMPTROLLER,,,CA,"FLOURNOY, HOUSTON I.",Republican,1,,1,,,,Chico Enterprise Record,6898,,,,,,,,,,,,,,,,,,,
CA,CHICO ENTERPRISE RECORD,101500,1970,GOVERNOR,,,CA,"REAGAN, RONALD",Republican,1,,1,,,,Chico Enterprise Record,6898,,,,,,,,,,,,,,,,,,,
CA,CHICO ENTERPRISE RECORD,101500,1970,H,,,CA,"JOHNSON, HAROLD T. ""BIZZ""",Democrat,1,1,,,,,Chico Enterprise Record,6898,4957,,,-0.439,0.503,,,,"JOHNSON, Harold Terry",83,0.7,,,,,,,,
CA,CHICO ENTERPRISE RECORD,101500,1970,LT GOVERNOR,,,CA,"REINECKE, ED",Republican,1,,1,,,,Chico Enterprise Record,6898,,,,,,,,,,,,,,,,,,,
CA,CHICO ENTERPRISE RECORD,101500,1970,SEC OF STATE,,,CA,"FLOUROY, JAMES L.",Republican,1,,,,,,Chico Enterprise Record,6898,,,,,,,,,,,,,,,,,,,
CA,CHICO ENTERPRISE RECORD,101500,1970,SENATOR,,,CA,"MURPHY, GEORGE",Republican,1,,1,,,,Chico Enterprise Record,6898,,,,,,,,,,,,,,,,,,,
CA,CHICO ENTERPRISE RECORD,101500,1970,STATE BOARD OF ED,,,CA,"KETTENHOFEN, ERNEST N.",,1,,,,,,Chico Enterprise Record,6898,,,,,,,,,,,,,,,,,,,
CA,CHICO ENTERPRISE RECORD,101500,1970,STATE REP,,,CA,"JOHNSON, RAY E.",Republican,1,,1,,,,Chico Enterprise Record,6898,,,,,,,,,,,,12809,"johnson, ray 1",54908.0,w,modernrepublican,92,1,
CA,CHICO ENTERPRISE RECORD,101500,1970,STATE SENATOR,,,CA,"MARLER, FRED W. JR.",Republican,1,,1,,,,Chico Enterprise Record,6898,,,,,,,,,,,,13049,"marler, fred w. jr.",88785.0,w,modernrepublican,100,1,
CA,CHICO ENTERPRISE RECORD,101500,1970,SUPERINTENDENT,,,CA,"RILES, WILSON",Democrat,1,,1,,,,Chico Enterprise Record,6898,,,,,,,,,,,,,,,,,,,
CA,CHICO ENTERPRISE RECORD,101500,1972,CNTY COMM,5,,CA,"CAMERON, WARD F.",,1,,,,,,Chico Enterprise Record,6898,,,,,,,,,,,,,,,,,,,
CA,CHICO ENTERPRISE RECORD,101500,1972,CNTY COMM,4,,CA,"LADD, JAMES M.",,1,,,,,,Chico Enterprise Record,6898,,,,,,,,,,,,,,,,,,,
CA,CHICO ENTERPRISE RECORD,101500,1972,CONSTABLE,,,CA,"ROBERTS, RAYMOND L.",,1,,,,,,Chico Enterprise Record,6898,,,,,,,,,,,,,,,,,,,
CA,CHICO ENTERPRISE RECORD,101500,1972,DIRECTOR,,,CA,"BOOTH, EDDIE",,1,,,1,Unknown party-- they are incumbent,,Chico Enterprise Record,6898,,,,,,,,,,,,,,,,,,,
CA,CHICO ENTERPRISE RECORD,101500,1972,DIRECTOR,,,CA,"MARSH, MATTHEW E.",,1,,,1,Unknown party-- they are incumbent,,Chico Enterprise Record,6898,,,,,,,,,,,,,,,,,,,
CA,CHICO ENTERPRISE RECORD,101500,1972,H,,,CA,"JOHNSON, HAROLD T ""BIZZ""",Democrat,1,1,,,,,Chico Enterprise Record,6898,4957,,,-0.439,0.503,,,,"JOHNSON, Harold Terry",83,0.7,,,,,,,,
CA,CHICO ENTERPRISE RECORD,101500,1972,PRESIDENT,,,CA,"NIXON, RICHARD",Republican,1,,1,,,,Chico Enterprise Record,6898,,,,,,,,,,,,,,,,,,,
CA,CHICO ENTERPRISE RECORD,101500,1972,STATE REP,,,CA,"JOHNSON, RAY E.",Republican,1,,1,,,,Chico Enterprise Record,6898,,,,,,,,,,,,12809,"johnson, ray 1",60279.0,w,modernrepublican,92,1,
CA,CHICO ENTERPRISE RECORD,101500,1974,ASSESSOR,,,CA,"ANDERSON, ALVIN E.",,1,,,,,,Chico Enterprise Record,6898,,,,,,,,,,,,,,,,,,,
CA,CHICO ENTERPRISE RECORD,101500,1974,ATTORNEY GENERAL,,,CA,"YOUNGER, EVELLE J.",Republican,1,,1,,,,Chico Enterprise Record,6898,,,,,,,,,,,,,,,,,,,
CA,CHICO ENTERPRISE RECORD,101500,1974,CNTY COMM,2,,CA,"RICHTER, BERNARD D.",Republican,1,,1,,,,Chico Enterprise Record,6898,,,,,,,,,,,,,,,,,,,
CA,CHICO ENTERPRISE RECORD,101500,1974,COMPTROLLER,,,CA,"BAGLEY, WILLIAM T.",Republican,1,,,,,,Chico Enterprise Record,6898,,,,,,,,,,,,,,,,,,,
CA,CHICO ENTERPRISE RECORD,101500,1974,DIRECTOR,,,CA,"BRAZIEL, JAMES H.",,1,,,,,,Chico Enterprise Record,6898,,,,,,,,,,,,,,,,,,,
CA,CHICO ENTERPRISE RECORD,101500,1974,DIRECTOR,,,CA,"DAVIS, RICHARD N.",,1,,,,,,Chico Enterprise Record,6898,,,,,,,,,,,,,,,,,,,
CA,CHICO ENTERPRISE RECORD,101500,1974,DIRECTOR,,,CA,"MADEROS, GEROGE",,1,,,1,,,Chico Enterprise Record,6898,,,,,,,,,,,,,,,,,,,
CA,CHICO ENTERPRISE RECORD,101500,1974,GOVERNOR,,,CA,"FLOURNOY, HOUSTON I.",Republican,1,,,,,,Chico Enterprise Record,6898,,,,,,,,,,,,,,,,,,,
CA,CHICO ENTERPRISE RECORD,101500,1974,H,,,CA,"HAROLD, ""BIZZ"" JOHNSON",Democrat,1,1,,,,,Chico Enterprise Record,6898,,,,,,,,,,,,,,,,,,,
CA,CHICO ENTERPRISE RECORD,101500,1974,LT GOVERNOR,,,CA,"HARMER, JOHN",Republican,1,,1,,,,Chico Enterprise Record,6898,,,,,,,,,,,,,,,,,,,
CA,CHICO ENTERPRISE RECORD,101500,1974,SEC OF STATE,,,CA,"VAN CAMP, BRIAN R.",Republican,1,,,,,,Chico Enterprise Record,6898,,,,,,,,,,,,,,,,,,,
CA,CHICO ENTERPRISE RECORD,101500,1974,SENATOR,,,CA,"CRANSTON, ALAN",Democrat,1,1,,,,,Chico Enterprise Record,6898,12103,,,-0.387,-0.207,,,,"CRANSTON, Alan",100,1,,,,,,,,
CA,CHICO ENTERPRISE RECORD,101500,1974,STATE BOARD OF ED,,,CA,"MASTRANGELO, TALLY",,1,,,,,,Chico Enterprise Record,6898,,,,,,,,,,,,,,,,,,,
CA,CHICO ENTERPRISE RECORD,101500,1974,STATE REP,3,,CA,"CHAPPIE, EUGENE",Republican,1,,1,,,,Chico Enterprise Record,6898,,,,,,,,,,,,14766,"chappie, eugene a.",42721.0,w,modernrepublican,90,1,
CA,CHICO ENTERPRISE RECORD,101500,1974,STATE REP,1,,CA,"JOHNSON, RAY E.",Republican,1,,1,,,,Chico Enterprise Record,6898,,,,,,,,,,,,12809,"johnson, ray 1",44583.0,l,modernrepublican,92,1,
CA,CHICO ENTERPRISE RECORD,101500,1974,TREASURER,,,CA,"KEHOE, JOHN T.",,1,,,,,,Chico Enterprise Record,6898,,,,,,,,,,,,,,,,,,,
CA,CHICO ENTERPRISE RECORD,101500,1974,TREASURER,,,CA,"MORTON, CARL L.",,1,,,,,,Chico Enterprise Record,6898,,,,,,,,,,,,,,,,,,,
CA,CHICO ENTERPRISE RECORD,101500,1976,CNTY COMM,4,,CA,"BROWN, ELDEN J. (JOE)",,1,,,,,,Chico Enterprise Record,6898,,,,,,,,,,,,,,,,,,,
CA,CHICO ENTERPRISE RECORD,101500,1976,CNTY COMM,5,,CA,"LEMKE, R. E. (BOB)",,1,,,,,,Chico Enterprise Record,6898,,,,,,,,,,,,,,,,,,,
CA,CHICO ENTERPRISE RECORD,101500,1976,CNTY COMM,1,,CA,"WINSTON, ROBERT A.",,1,,,,,,Chico Enterprise Record,6898,,,,,,,,,,,,,,,,,,,
CA,CHICO ENTERPRISE RECORD,101500,1976,H,,,CA,"HAROLD (""BIZZ"") JOHNSON",Democrat,1,1,,,,,Chico Enterprise Record,6898,,,,,,,,,,,,,,,,,,,
CA,CHICO ENTERPRISE RECORD,101500,1976,PRESIDENT,,,CA,"FORD, GERALD R.",Republican,1,,1,,,,Chico Enterprise Record,6898,,,,,,,,,,,,,,,,,,,
CA,CHICO ENTERPRISE RECORD,101500,1976,SENATOR,,,CA,"HAYAKAWA, S. I. (SAM)",Republican,1,1,,,,,Chico Enterprise Record,6898,14504,,,0.433,-0.602,,,,"HAYAKAWA, Samuel Ichiye",72,0.7,,,,,,,,
CA,CHICO ENTERPRISE RECORD,101500,1976,STATE REP,3,,CA,"CHAPPIE, EUGENE A.",Republican,1,,1,,,,Chico Enterprise Record,6898,,,,,,,,,,,,14766,"chappie, eugene a.",61267.0,w,modernrepublican,100,1,
CA,CHICO ENTERPRISE RECORD,101500,1976,STATE REP,1,,CA,"STATHAM, STAN",Republican,1,,,,,,Chico Enterprise Record,6898,,,,,,,,,,,,13760,"statham, stan",70276.0,w,modernrepublican,100,1,
CA,CHICO ENTERPRISE RECORD,101500,1976,STATE SENATOR,,,CA,"JOHNSON, RAY E.",Republican,1,,1,,,,Chico Enterprise Record,6898,,,,,,,,,,,,12809,"johnson, ray 1",127451.0,w,modernrepublican,92,1,
CA,CHICO ENTERPRISE RECORD,101500,1978,ASSESSOR,,,CA,"BROWN, ED",,1,,,,,,Chico Enterprise Record,6898,,,,,,,,,,,,,,,,,,,
CA,CHICO ENTERPRISE RECORD,101500,1978,ATTORNEY GENERAL,,,CA,"DEUKMEJIAN, GEORGE ""DUKE""",Republican,1,,,,,,Chico Enterprise Record,6898,,,,,,,,,,,,,,,,,,,
CA,CHICO ENTERPRISE RECORD,101500,1978,CNTY COMM,2,,CA,"RICHTER, BERNARD D.",Republican,1,,1,,,,Chico Enterprise Record,6898,,,,,,,,,,,,,,,,,,,
CA,CHICO ENTERPRISE RECORD,101500,1978,CNTY COMM,3,,CA,"WHEELER, HILDA",,1,,,,,,Chico Enterprise Record,6898,,,,,,,,,,,,,,,,,,,
CA,CHICO ENTERPRISE RECORD,101500,1978,COMPTROLLER,,,CA,"CORY, KENNETH",Democrat,1,1,,,,,Chico Enterprise Record,6898,,,,,,,,,,,,,,,,,,,
CA,CHICO ENTERPRISE RECORD,101500,1978,GOVERNOR,,,CA,"BROWN, EDMUND G.",Democrat,1,1,,,,,Chico Enterprise Record,6898,,,,,,,,,,,,,,,,,,,
CA,CHICO ENTERPRISE RECORD,101500,1978,H,1,,CA,"JOHNSON, HAROLD T. ""BIZZ""",Democrat,1,1,,,,,Chico Enterprise Record,6898,4957,,,-0.439,0.503,,,,"JOHNSON, Harold Terry",83,0.7,,,,,,,,
CA,CHICO ENTERPRISE RECORD,101500,1978,LT GOVERNOR,,,CA,"CURB, MIKE",Republican,1,1,,,,,Chico Enterprise Record,6898,,,,,,,,,,,,,,,,,,,
CA,CHICO ENTERPRISE RECORD,101500,1978,SEC OF STATE,,,CA,"FONG EU, MARCH",Democrat,1,1,,,,,Chico Enterprise Record,6898,,,,,,,,,,,,,,,,,,,
CA,CHICO ENTERPRISE RECORD,101500,1978,STATE BOARD OF ED,,,CA,"BENNET, WILLIAM M.",Democrat,1,1,,,,,Chico Enterprise Record,6898,,,,,,,,,,,,,,,,,,,
CA,CHICO ENTERPRISE RECORD,101500,1978,STATE REP,3,,CA,"CHAPPIE, EUGENE",Republican,1,,1,,,,Chico Enterprise Record,6898,,,,,,,,,,,,14766,"chappie, eugene a.",69556.0,w,modernrepublican,90,1,
CA,CHICO ENTERPRISE RECORD,101500,1978,STATE REP,1,,CA,"STATHAM, STAN",Republican,1,,1,,,,Chico Enterprise Record,6898,,,,,,,,,,,,13760,"statham, stan",93238.0,w,modernrepublican,100,1,
CA,CHICO ENTERPRISE RECORD,101500,1978,STATE REP,,,CA,TREASURER,Democrat,1,1,,,,,Chico Enterprise Record,6898,,,,,,,,,,,,,,,,,,,
CA,CHICO ENTERPRISE RECORD,101500,1980,CNTY COMM,4,,CA,"MOSELEY, BERTHA",,1,,,1,,,Chico Enterprise Record,6898,,,,,,,,,,,,,,,,,,,
CA,CHICO ENTERPRISE RECORD,101500,1980,CNTY COMM,1,,CA,"SARACENI, AL",,1,,,,,,Chico Enterprise Record,6898,,,,,,,,,,,,,,,,,,,
CA,CHICO ENTERPRISE RECORD,101500,1980,H,,,CA,"JOHNSON, HAROLD ""BIZZ""",Democrat,1,1,,,,,Chico Enterprise Record,6898,4957,cand1631,-0.42,-0.439,0.503,100,83,0.7,,,,,,,,,,,
CA,CHICO ENTERPRISE RECORD,101500,1980,PRESIDENT,,,CA,"REAGAN, RONALD",Republican,1,1,,,,,Chico Enterprise Record,6898,99907,cand3331,1.044,0.692,-0.713,200,100,1,,,,,,,,,,,
CA,CHICO ENTERPRISE RECORD,101500,1980,SENATOR,,,CA,"CRANSTON, ALAN",Democrat,1,1,,,,,Chico Enterprise Record,6898,12103,cand134,-0.64,-0.387,-0.207,100,100,1,,,,,,,,,,,
CA,CHICO ENTERPRISE RECORD,101500,1980,STATE REP,3,,CA,"HERGER, WALLY",Republican,1,,,,,,Chico Enterprise Record,6898,,,,,,,,,,,,14774,"herger, wally",75547.0,w,modernrepublican,100,1,
CA,CHICO ENTERPRISE RECORD,101500,1980,STATE REP,1,,CA,"STATHAM, STAN",Republican,1,,1,,,,Chico Enterprise Record,6898,,,,,,,,,,,,13760,"statham, stan",114547.0,w,modernrepublican,100,1,
CA,CHICO ENTERPRISE RECORD,101500,1982,ATTORNEY GENERAL,,,CA,"NICHOLSON, GEORGE",,1,,,,,,Chico Enterprise Record,6898,,,,,,,,,,,,,,,,,,,
CA,CHICO ENTERPRISE RECORD,101500,1982,CNTY COMM,5,,CA,"FULTON, LEN",Democrat,1,1,,,,,Chico Enterprise Record,6898,,,,,,,,,,,,,,,,,,,
CA,CHICO ENTERPRISE RECORD,101500,1982,CNTY COMM,3,,CA,"WHEELER, HILDA",,1,,,,,,Chico Enterprise Record,6898,,,,,,,,,,,,,,,,,,,
CA,CHICO ENTERPRISE RECORD,101500,1982,COMPTROLLER,,,CA,"CORY, KENNETH",Democrat,1,1,,,,,Chico Enterprise Record,6898,,,,,,,,,,,,,,,,,,,
CA,CHICO ENTERPRISE RECORD,101500,1982,GOVERNOR,,,CA,"DEUKMEJIAN, GEORGE ""DUKE""",Republican,1,,,,,,Chico Enterprise Record,6898,,,,,,,,,,,,,,,,,,,
CA,CHICO ENTERPRISE RECORD,101500,1982,H,2,,CA,"CHAPPIE, GENE",Republican,1,,1,,,,Chico Enterprise Record,6898,14805,cand491,0.725,0.414,-0.235,200,78,0.7,,,,,,,,,,,
CA,CHICO ENTERPRISE RECORD,101500,1982,LT GOVERNOR,,,CA,"HALLETT, CAROL",Republican,1,,,,,,Chico Enterprise Record,6898,,,,,,,,,,,,,,,,,,,
CA,CHICO ENTERPRISE RECORD,101500,1982,SEC OF STATE,,,CA,"FONG EU, MARCH",Democrat,1,1,,,,,Chico Enterprise Record,6898,,,,,,,,,,,,,,,,,,,
CA,CHICO ENTERPRISE RECORD,101500,1982,SENATOR,,,CA,"WILSON, PETE",Republican,1,,,,,,Chico Enterprise Record,6898,14915,cand581,0.857,0.352,-0.428,200,100,1,,,,,,,,,,,
CA,CHICO ENTERPRISE RECORD,101500,1982,SHERIFF,,,CA,"BROOKS, HAL T.",,1,,,,,,Chico Enterprise Record,6898,,,,,,,,,,,,,,,,,,,
CA,CHICO ENTERPRISE RECORD,101500,1982,STATE BOARD OF ED,,,CA,"BENNET, BILL",Democrat,1,1,,,,,Chico Enterprise Record,6898,,,,,,,,,,,,,,,,,,,
CA,CHICO ENTERPRISE RECORD,101500,1982,STATE REP,3,,CA,"MILES, LARRY",Democrat,1,1,,,,,Chico Enterprise Record,6898,,,,,,,,,,,,14777,"miles, larry",45755.0,l,democrat,100,1,
CA,CHICO ENTERPRISE RECORD,101500,1982,SUPERINTENDENT,,,CA,"HONIG, BILL",Democrat,1,1,,,Wikipedia says No Party,,Chico Enterprise Record,6898,,,,,,,,,,,,,,,,,,,
CA,CHICO ENTERPRISE RECORD,101500,1982,TREASURER,,,CA,"UNRUH, JESSE M.",Democrat,1,1,,,,,Chico Enterprise Record,6898,,,,,,,,,,,,,,,,,,,
CA,CHICO ENTERPRISE RECORD,101500,1984,CNTY COMM,1,,CA,"CASTLEBERRY, CLAY",,1,,,,,,Chico Enterprise Record,6898,,,,,,,,,,,,,,,,,,,
CA,CHICO ENTERPRISE RECORD,101500,1984,CNTY COMM,4,,CA,"FREDERICKS, STEVE",,1,,,,,,Chico Enterprise Record,6898,,,,,,,,,,,,,,,,,,,
CA,CHICO ENTERPRISE RECORD,101500,1984,H,2,,CA,"CHAPPIE, GENE",Republican,1,,1,,,,Chico Enterprise Record,6898,14805,cand491,0.725,0.414,-0.235,200,78,0.7,,,,,,,,,,,
CA,CHICO ENTERPRISE RECORD,101500,1984,PRESIDENT,,,CA,"REAGAN, RONALD",Republican,1,,1,,,,Chico Enterprise Record,6898,99907,cand3331,1.044,0.692,-0.713,200,100,1,,,,,,,,,,,
CA,CHICO ENTERPRISE RECORD,101500,1984,STATE REP,3,,CA,"HERGER, WALLY",Republican,1,,1,,,,Chico Enterprise Record,6898,,,,,,,,,,,,14774,"herger, wally",90249.0,w,modernrepublican,100,1,
CA,CHICO ENTERPRISE RECORD,101500,1986,ATTORNEY GENERAL,,,CA,"VAN DE CAMP, JOHN",Democrat,1,1,,,,,Chico Enterprise Record,6898,,,,,,,,,,,,,,,,,,,
CA,CHICO ENTERPRISE RECORD,101500,1986,COMPTROLLER,,,CA,"CAMPBELL, BILL",,1,,,,,,Chico Enterprise Record,6898,,,,,,,,,,,,,,,,,,,
CA,CHICO ENTERPRISE RECORD,101500,1986,GOVERNOR,,,CA,"DEUKMEJIAN, GEORGE ""DUKE""",Republican,1,,1,,,,Chico Enterprise Record,6898,,,,,,,,,,,,,,,,,,,
CA,CHICO ENTERPRISE RECORD,101500,1986,H,2,,CA,"HERGER, WALLY",Republican,1,,1,,,,Chico Enterprise Record,6898,,,,,,,,,,,,,,,,,,,
CA,CHICO ENTERPRISE RECORD,101500,1986,LT GOVERNOR,,,CA,"MCCARTHY, LEO",Democrat,1,1,,,,,Chico Enterprise Record,6898,,,,,,,,,,,,,,,,,,,
CA,CHICO ENTERPRISE RECORD,101500,1986,SEC OF STATE,,,CA,"FONG EU, MARCH",Democrat,1,1,,,,,Chico Enterprise Record,6898,,,,,,,,,,,,,,,,,,,
CA,CHICO ENTERPRISE RECORD,101500,1986,SENATOR,,,CA,"ZSCHAU, ED",Republican,1,1,,,,,Chico Enterprise Record,6898,,,,,,,,,,,,,,,,,,,
CA,CHICO ENTERPRISE RECORD,101500,1986,STATE BOARD OF ED,,,CA,"BENNETT, WILLIAM",Democrat,1,1,,,,,Chico Enterprise Record,6898,,,,,,,,,,,,,,,,,,,
CA,CHICO ENTERPRISE RECORD,101500,1986,STATE REP,3,,CA,"CHANDLER, CHRIS",Republican,1,,,,,,Chico Enterprise Record,6898,,,,,,,,,,,,14780,"chandler, chris",58399.0,w,modernrepublican,100,1,
CA,CHICO ENTERPRISE RECORD,101500,1986,STATE REP,1,,CA,"STATHAM, STAN",Republican,1,,1,,,,Chico Enterprise Record,6898,,,,,,,,,,,,13760,"statham, stan",77595.0,w,modernrepublican,100,1,
CA,CHICO ENTERPRISE RECORD,101500,1986,STATE SENATOR,4,,CA,"NIELSEN, JIM",Republican,1,,1,,,,Chico Enterprise Record,6898,,,,,,,,,,,,13584,"nielsen, james w.",150060.0,w,modernrepublican,75,0.7,
CA,CHICO ENTERPRISE RECORD,101500,1986,TREASURER,,,CA,"UNRUH, JESSE M.",Democrat,1,1,,,,,Chico Enterprise Record,6898,,,,,,,,,,,,,,,,,,,
CA,CHICO ENTERPRISE RECORD,101500,1988,CITY COUNCIL,,,CA,"ANDREWS, MARY",,1,,,1,,,Chico Enterprise Record,6898,,,,,,,,,,,,,,,,,,,
CA,CHICO ENTERPRISE RECORD,101500,1988,CITY COUNCIL,,,CA,"GLENN, BILL",,1,,,,,,Chico Enterprise Record,6898,,,,,,,,,,,,,,,,,,,
CA,CHICO ENTERPRISE RECORD,101500,1988,CITY COUNCIL,,,CA,"HUBERT, TED",,1,,,,,,Chico Enterprise Record,6898,,,,,,,,,,,,,,,,,,,
CA,CHICO ENTERPRISE RECORD,101500,1988,CITY COUNCIL,,,CA,"NICHOLS, BILL",,1,,,,,,Chico Enterprise Record,6898,,,,,,,,,,,,,,,,,,,
CA,CHICO ENTERPRISE RECORD,101500,1988,CNTY COMM,,,CA,"MCINTURF, HASKEL",,1,,,1,,,Chico Enterprise Record,6898,,,,,,,,,,,,,,,,,,,
CA,CHICO ENTERPRISE RECORD,101500,1988,H,,,CA,"HERGER, WALLY",Republican,1,,1,,,,Chico Enterprise Record,6898,,,,,,,,,,,,,,,,,,,
CA,CHICO ENTERPRISE RECORD,101500,1988,PRESIDENT,,,CA,"BUSH, GEORGE",Republican,1,,1,,,,Chico Enterprise Record,6898,99908,cand3332,0.842,0.557,-0.547,200,100,1,,,,,,,,,,,
CA,CHICO ENTERPRISE RECORD,101500,1988,SENATOR,,,CA,"WILSON, PETE",Republican,1,,1,,,,Chico Enterprise Record,6898,14915,cand581,0.857,0.352,-0.428,200,100,1,,,,,,,,,,,
CA,CHICO ENTERPRISE RECORD,101500,1988,STATE REP,3,,CA,"CHANDLER, CHRIS",Republican,1,,1,,,,Chico Enterprise Record,6898,,,,,,,,,,,,14780,"chandler, chris",79681.0,w,modernrepublican,100,1,
CA,CHICO ENTERPRISE RECORD,101500,1988,STATE REP,1,,CA,"STATHAM, STAN",Republican,1,,1,,,,Chico Enterprise Record,6898,,,,,,,,,,,,13760,"statham, stan",94708.0,w,modernrepublican,100,1,
CA,CHICO ENTERPRISE RECORD,101500,1988,TRUSTEE,1,,CA,"PRESENTATI, KATHLEEN",,1,,,,,,Chico Enterprise Record,6898,,,,,,,,,,,,,,,,,,,
CA,CHICO ENTERPRISE RECORD,101500,1988,TRUSTEE,2,,CA,"STEACY, JAMES",,1,,,,,,Chico Enterprise Record,6898,,,,,,,,,,,,,,,,,,,
CA,CHICO ENTERPRISE RECORD,101500,1990,ATTORNEY GENERAL,,,CA,"LUNGREN, DAN",Republican,1,,,,,,Chico Enterprise Record,6898,,,,,,,,,,,,,,,,,,,
CA,CHICO ENTERPRISE RECORD,101500,1990,AUDITOR,,,CA,"GARAMENDI, JOHN",Democrat,1,,,,First ever CA Insurance Commissioner,,Chico Enterprise Record,6898,,,,,,,,,,,,,,,,,,,
CA,CHICO ENTERPRISE RECORD,101500,1990,CITY COUNCIL,,,CA,"FLETCHER, JAMES",,1,,,,,,Chico Enterprise Record,6898,,,,,,,,,,,,,,,,,,,
CA,CHICO ENTERPRISE RECORD,101500,1990,CITY COUNCIL,,,CA,"FRANCIS, MARK",,1,,,,,,Chico Enterprise Record,6898,,,,,,,,,,,,,,,,,,,
CA,CHICO ENTERPRISE RECORD,101500,1990,CITY COUNCIL,,,CA,"HOUX, MARY ANNE",,1,,,,,,Chico Enterprise Record,6898,,,,,,,,,,,,,,,,,,,
CA,CHICO ENTERPRISE RECORD,101500,1990,CITY COUNCIL,,,CA,"HUBERT, TED",,1,,,,,,Chico Enterprise Record,6898,,,,,,,,,,,,,,,,,,,
CA,CHICO ENTERPRISE RECORD,101500,1990,CNTY COMM,,,CA,"MERRIFIELD, JOHN",,1,,,,,,Chico Enterprise Record,6898,,,,,,,,,,,,,,,,,,,
CA,CHICO ENTERPRISE RECORD,101500,1990,COMPTROLLER,,,CA,"FONG, MATT",Republican,1,1,,,,,Chico Enterprise Record,6898,,,,,,,,,,,,,,,,,,,
CA,CHICO ENTERPRISE RECORD,101500,1990,GOVERNOR,,,CA,"WILSON, PETE",Republican,1,,,,,,Chico Enterprise Record,6898,,,,,,,,,,,,,,,,,,,
CA,CHICO ENTERPRISE RECORD,101500,1990,H,,,CA,"HERGER, WALLY",Republican,1,,1,,,,Chico Enterprise Record,6898,,,,,,,,,,,,,,,,,,,
CA,CHICO ENTERPRISE RECORD,101500,1990,LT GOVERNOR,,,CA,"BERGESON, MARIAN",Republican,1,1,,,,,Chico Enterprise Record,6898,,,,,,,,,,,,,,,,,,,
CA,CHICO ENTERPRISE RECORD,101500,1990,SEC OF STATE,,,CA,"MILKE FLORES, JOAN",Republican,1,1,,,,,Chico Enterprise Record,6898,,,,,,,,,,,,,,,,,,,
CA,CHICO ENTERPRISE RECORD,101500,1990,STATE BOARD OF ED,,,CA,JEFF WALLACK,,1,,,,,,Chico Enterprise Record,6898,,,,,,,,,,,,,,,,,,,
CA,CHICO ENTERPRISE RECORD,101500,1990,STATE REP,3,,CA,"CHANDLER, CHRIS",Republican,1,,1,,,,Chico Enterprise Record,6898,,,,,,,,,,,,14780,"chandler, chris",64994.0,w,modernrepublican,100,1,
CA,CHICO ENTERPRISE RECORD,101500,1990,STATE SENATOR,4,,CA,"NIELSEN, JIM",Republican,1,,1,,,,Chico Enterprise Record,6898,,,,,,,,,,,,13584,"nielsen, james w.",123066.0,l,modernrepublican,75,0.7,
CA,CHICO ENTERPRISE RECORD,101500,1990,SUPERINTENDENT,,,CA,"MCGUIRE, JERRY",,1,,,,,,Chico Enterprise Record,6898,,,,,,,,,,,,,,,,,,,
CA,CHICO ENTERPRISE RECORD,101500,1990,TREASURER,,,CA,"HAYES, THOMAS",Republican,1,1,1,,,,Chico Enterprise Record,6898,,,,,,,,,,,,,,,,,,,
CA,CHICO ENTERPRISE RECORD,101500,1992,CITY COUNCIL,,,CA,"HUBERT, TED",,1,,,,,,Chico Enterprise Record,6898,,,,,,,,,,,,,,,,,,,
CA,CHICO ENTERPRISE RECORD,101500,1992,CITY COUNCIL,,,CA,"KEENE, RICK",,1,,,,,,Chico Enterprise Record,6898,,,,,,,,,,,,,,,,,,,
CA,CHICO ENTERPRISE RECORD,101500,1992,CITY COUNCIL,,,CA,"LINSCHEID, BOB",,1,,,,,,Chico Enterprise Record,6898,,,,,,,,,,,,,,,,,,,
CA,CHICO ENTERPRISE RECORD,101500,1992,CITY COUNCIL,,,CA,"SWEANY, MARK",,1,,,,,,Chico Enterprise Record,6898,,,,,,,,,,,,,,,,,,,
CA,CHICO ENTERPRISE RECORD,101500,1992,CNTY COMM,1,,CA,"CECCHI, LOU",,1,,,,,,Chico Enterprise Record,6898,,,,,,,,,,,,,,,,,,,
CA,CHICO ENTERPRISE RECORD,101500,1992,CNTY COMM,4,,CA,"JOSIASSEN, CURT",,1,,,,,,Chico Enterprise Record,6898,,,,,,,,,,,,,,,,,,,
CA,CHICO ENTERPRISE RECORD,101500,1992,CNTY COMM,5,,CA,"THOMAS, GORDON",,1,,,,,,Chico Enterprise Record,6898,,,,,,,,,,,,,,,,,,,
CA,CHICO ENTERPRISE RECORD,101500,1992,H,2,,CA,"HERGER, WALLY",Republican,1,,1,,,,Chico Enterprise Record,6898,,,,,,,,,,,,,,,,,,,
CA,CHICO ENTERPRISE RECORD,101500,1992,PRESIDENT,,,CA,"BUSH, GEORGE",Republican,1,,1,,,,Chico Enterprise Record,6898,99908,cand3332nominee,0.98,0.557,-0.547,200,100,1,,,,,,,,,,,
CA,CHICO ENTERPRISE RECORD,101500,1992,SENATOR,,,CA,"HERSCHENSOHN, BRUCE",Republican,1,,,,,,Chico Enterprise Record,6898,S6CA00469,cand106065,1.166,,,200,100,1,,,,,,,,,,,
CA,CHICO ENTERPRISE RECORD,101500,1992,SENATOR,,,CA,"SEYMOUR, JOHN",Republican,1,,1,,,,Chico Enterprise Record,6898,49100,cand1612,0.901,0.299,-0.282,200,92,1,,,,,,,,,,,
CA,CHICO ENTERPRISE RECORD,101500,1992,STATE REP,3,,CA,"RICHTER, BERNIE",Republican,1,,,,,,Chico Enterprise Record,6898,,,,,,,,,,,,14788,"richter, bernie",85685.0,w,modernrepublican,100,1,
CA,CHICO ENTERPRISE RECORD,101500,1992,STATE REP,2,,CA,"STATHAM, STAN",Republican,1,,1,,,,Chico Enterprise Record,6898,,,,,,,,,,,,13760,"statham, stan",100961.0,w,modernrepublican,100,1,
CA,CHICO ENTERPRISE RECORD,101500,1992,STATE SENATOR,1,,CA,"LESLIE, TIM",Republican,1,,,,,,Chico Enterprise Record,6898,,,,,,,,,,,,12819,"leslie, tim",189095.0,w,modernrepublican,100,1,
CA,CHICO ENTERPRISE RECORD,101500,1994,ATTORNEY GENERAL,,,CA,"LUNGREN, DAN",Republican,1,,1,,,,Chico Enterprise Record,6898,,,,,,,,,,,,,,,,,,,
CA,CHICO ENTERPRISE RECORD,101500,1994,AUDITOR,,,CA,"QUACKENBUSH, CHUCK",Republican,1,,,,,,Chico Enterprise Record,6898,,,,,,,,,,,,,,,,,,,
CA,CHICO ENTERPRISE RECORD,101500,1994,CNTY COMM,1,,CA,"MEYER, VIVIAN",,1,,,,,,Chico Enterprise Record,6898,,,,,,,,,,,,,,,,,,,
CA,CHICO ENTERPRISE RECORD,101500,1994,COMPTROLLER,,,CA,"MCCLINTOCK, TOM",Republican,1,,,,,,Chico Enterprise Record,6898,,,,,,,,,,,,,,,,,,,
CA,CHICO ENTERPRISE RECORD,101500,1994,GOVERNOR,,,CA,"WILSON, PETE",Republican,1,,1,,,,Chico Enterprise Record,6898,,,,,,,,,,,,,,,,,,,
CA,CHICO ENTERPRISE RECORD,101500,1994,H,2,,CA,"HERGER, WALLY",Republican,1,,1,,,,Chico Enterprise Record,6898,,,,,,,,,,,,,,,,,,,
CA,CHICO ENTERPRISE RECORD,101500,1994,H,3,,CA,"LEFEVER, TIM",Republican,1,1,,,,,Chico Enterprise Record,6898,H4CA03021,cand45813,1.252,,,200,85,1,,,,,,,,,,,
CA,CHICO ENTERPRISE RECORD,101500,1994,LT GOVERNOR,,,CA,"WRIGHT, CATHIE",Republican,1,,,,,,Chico Enterprise Record,6898,,,,,,,,,,,,,,,,,,,
CA,CHICO ENTERPRISE RECORD,101500,1994,SEC OF STATE,,,CA,"JONES, BILL",Republican,1,,,,,,Chico Enterprise Record,6898,,,,,,,,,,,,,,,,,,,
CA,CHICO ENTERPRISE RECORD,101500,1994,SENATOR,,,CA,"HUFFINGTON, MICHAEL",Republican,1,1,,,,,Chico Enterprise Record,6898,29314,cand1253,0.866,0.332,-0.541,200,100,1,,,,,,,,,,,
CA,CHICO ENTERPRISE RECORD,101500,1994,STATE BOARD OF ED,,,CA,"PRESLEY, ROBERT",Democrat,1,,,,,,Chico Enterprise Record,6898,,,,,,,,,,,,,,,,,,,
CA,CHICO ENTERPRISE RECORD,101500,1994,STATE REP,3,,CA,"RICHTER, BERNIE",Republican,1,,1,,,,Chico Enterprise Record,6898,,,,,,,,,,,,14788,"richter, bernie",84340.0,w,modernrepublican,100,1,
CA,CHICO ENTERPRISE RECORD,101500,1994,STATE REP,2,,CA,"WOODS, TOM",Republican,1,,,,,,Chico Enterprise Record,6898,,,,,,,,,,,,14282,"woods, tom",80604.0,w,modernrepublican,100,1,
CA,CHICO ENTERPRISE RECORD,101500,1994,STATE SENATOR,4,,CA,"JOHANNESSEN, MAURICE",Republican,1,,1,,,,Chico Enterprise Record,6898,,,,,,,,,,,,13594,"johannessen, k. maurice",133101.0,w,modernrepublican,93,1,
CA,CHICO ENTERPRISE RECORD,101500,1994,TREASURER,,,CA,"FONG, MATT",Republican,1,,,,,,Chico Enterprise Record,6898,,,,,,,,,,,,,,,,,,,
CA,CHICO ENTERPRISE RECORD,101500,1996,CITY COUNCIL,,,CA,"BERTAGNA, STEVE",,1,,,,,,Chico Enterprise Record,6898,,,,,,,,,,,,,,,,,,,
CA,CHICO ENTERPRISE RECORD,101500,1996,CITY COUNCIL,,,CA,"HUBERT, TED",,1,,,,,,Chico Enterprise Record,6898,,,,,,,,,,,,,,,,,,,
CA,CHICO ENTERPRISE RECORD,101500,1996,CITY COUNCIL,,,CA,"JOHNSTON, BILL",,1,,,,,,Chico Enterprise Record,6898,,,,,,,,,,,,,,,,,,,
CA,CHICO ENTERPRISE RECORD,101500,1996,CITY COUNCIL,,,CA,"LABREACHT, PATRICIA",,1,,,,,,Chico Enterprise Record,6898,,,,,,,,,,,,,,,,,,,
CA,CHICO ENTERPRISE RECORD,101500,1996,CNTY COMM,5,,CA,"DAVIS, FRED",,1,,,,,,Chico Enterprise Record,6898,,,,,,,,,,,,,,,,,,,
CA,CHICO ENTERPRISE RECORD,101500,1996,H,2,,CA,"HERGER, WALLY",Republican,1,,1,,,,Chico Enterprise Record,6898,,,,,,,,,,,,,,,,,,,
CA,CHICO ENTERPRISE RECORD,101500,1996,H,3,,CA,"LEFEVER, TIM",Republican,1,,1,,,,Chico Enterprise Record,6898,H4CA03021,cand45813,1.252,,,200,80,0.7,,,,,,,,,,,
CA,CHICO ENTERPRISE RECORD,101500,1996,PRESIDENT,,,CA,"DOLE, BOB",Republican,1,1,,,,,Chico Enterprise Record,6898,,,,,,,,,,,,,,,,,,,
CA,CHICO ENTERPRISE RECORD,101500,1996,STATE REP,3,,CA,"RICHTER, BERNIE",Republican,1,,1,,,,Chico Enterprise Record,6898,,,,,,,,,,,,14788,"richter, bernie",94765.0,w,modernrepublican,100,1,
CA,CHICO ENTERPRISE RECORD,101500,1996,STATE SENATOR,1,,CA,"LESLIE, TIM",Republican,1,,1,,,,Chico Enterprise Record,6898,,,,,,,,,,,,12819,"leslie, tim",215931.0,w,modernrepublican,100,1,
CA,CHICO ENTERPRISE RECORD,101500,1998,ATTORNEY GENERAL,,,CA,"STIRLING, DAVE",Republican,1,,,,,,Chico Enterprise Record,6898,CA27853,cand27982,0.801,,,200,100,1,,,,,,,,,,,
CA,CHICO ENTERPRISE RECORD,101500,1998,AUDITOR,,,CA,"QUACKENBUSH, CHUCK",Republican,1,,1,,,,Chico Enterprise Record,6898,,,,,,,,,,,,,,,,,,,
CA,CHICO ENTERPRISE RECORD,101500,1998,CITY COUNCIL,,,CA,"HERBERT, DAN",,1,,,,,,Chico Enterprise Record,6898,,,,,,,,,,,,,,,,,,,
CA,CHICO ENTERPRISE RECORD,101500,1998,CITY COUNCIL,,,CA,"HUBERT, LEE",,1,,,,,,Chico Enterprise Record,6898,,,,,,,,,,,,,,,,,,,
CA,CHICO ENTERPRISE RECORD,101500,1998,CITY COUNCIL,,,CA,"KEENE, RICK",,1,,,,,,Chico Enterprise Record,6898,,,,,,,,,,,,,,,,,,,
CA,CHICO ENTERPRISE RECORD,101500,1998,COMPTROLLER,,,CA,"BARRALES, RUBEN",Republican,1,1,,,,,Chico Enterprise Record,6898,,,,,,,,,,,,,,,,,,,
CA,CHICO ENTERPRISE RECORD,101500,1998,GOVERNOR,,,CA,"LUNGREN, DAN",Republican,1,,,,,,Chico Enterprise Record,6898,14647,cand437,0.996,0.497,-0.054,200,100,1,,,,,,,,,,,
CA,CHICO ENTERPRISE RECORD,101500,1998,H,2,,CA,"HERGER, WALLY",Republican,1,,1,,,,Chico Enterprise Record,6898,,,,,,,,,,,,,,,,,,,
CA,CHICO ENTERPRISE RECORD,101500,1998,H,3,,CA,"OSE, DOUG",Republican,1,,,,,,Chico Enterprise Record,6898,29902,cand1506,0.876,0.289,-0.316,200,100,1,,,,,,,,,,,
CA,CHICO ENTERPRISE RECORD,101500,1998,LT GOVERNOR,,,CA,"LESLIE, TIM",Republican,1,,,,,,Chico Enterprise Record,6898,CA369,cand28557,0.967,,,200,100,1,,,,,,,,,,,
CA,CHICO ENTERPRISE RECORD,101500,1998,SEC OF STATE,,,CA,"JONES, BILL",Republican,1,,1,,,,Chico Enterprise Record,6898,,,,,,,,,,,,,,,,,,,
CA,CHICO ENTERPRISE RECORD,101500,1998,SENATOR,,,CA,"FONG, MATT",Republican,1,1,,,,,Chico Enterprise Record,6898,S8CA00127,cand106783,0.71,,,200,80,0.7,,,,,,,,,,,
CA,CHICO ENTERPRISE RECORD,101500,1998,SHERIFF,,,CA,"MACKENZIE, SCOTT",,1,,,1,,,Chico Enterprise Record,6898,,,,,,,,,,,,,,,,,,,
CA,CHICO ENTERPRISE RECORD,101500,1998,STATE BOARD OF ED,,,CA,"ANDAL, DEAN",Republican,1,,1,,,,Chico Enterprise Record,6898,H8CA11082,cand53522,1.085,,,200,100,1,,,,,,,,,,,
CA,CHICO ENTERPRISE RECORD,101500,1998,STATE REP,3,,CA,"AANESTAD, SAM",Republican,1,,,,,,Chico Enterprise Record,6898,H2CA01110,cand40377,0.842,,,200,100,1,,,,13573,"aanestad, samuel m.",78683.0,w,modernrepublican,81,0.7,
CA,CHICO ENTERPRISE RECORD,101500,1998,STATE REP,2,,CA,"DICKERSON, RICHARD",Republican,1,,,,,,Chico Enterprise Record,6898,CA13359,cand27225,0.806,,,200,87,1,,,,14287,"dickerson, richard",71357.0,w,modernrepublican,100,1,
CA,CHICO ENTERPRISE RECORD,101500,1998,STATE SENATOR,4,,CA,"JOHANNESSEN, MAURICE",Republican,1,,1,,,,Chico Enterprise Record,6898,CA15456,cand27441,0.876,,,200,95,1,,,,13594,"johannessen, k. maurice",135528.0,w,modernrepublican,93,1,
CA,CHICO ENTERPRISE RECORD,101500,1998,SUPERINTENDENT,,,CA,"TUCHMAN, GLORIA",Independent,1,1,,,,,Chico Enterprise Record,6898,,,,,,,,,,,,,,,,,,,
CA,CHICO ENTERPRISE RECORD,101500,1998,TREASURER,,,CA,"PRINGLE, CURT",Republican,1,,,,,,Chico Enterprise Record,6898,CA27994,cand28054,0.912,,,200,100,1,,,,,,,,,,,
CA,CHICO ENTERPRISE RECORD,101500,2000,CITY COUNCIL,,,CA,"BERTAGNA, STEVE",Republican,1,,1,,,,Chico Enterprise Record,6898,,,,,,,,,,,,,,,,,,,
CA,CHICO ENTERPRISE RECORD,101500,2000,CITY COUNCIL,,,CA,"DALTON, RAY",,1,,,,,,Chico Enterprise Record,6898,,,,,,,,,,,,,,,,,,,
CA,CHICO ENTERPRISE RECORD,101500,2000,CITY COUNCIL,,,CA,"KELLOGG, BILL",,1,,,,,,Chico Enterprise Record,6898,,,,,,,,,,,,,,,,,,,
CA,CHICO ENTERPRISE RECORD,101500,2000,CITY COUNCIL,,,CA,"NGUYEN-TAN, DAN",,1,,,,,,Chico Enterprise Record,6898,,,,,,,,,,,,,,,,,,,
CA,CHICO ENTERPRISE RECORD,101500,2000,CITY COUNCIL,,,CA,"WAHL, LARRY",Republican,1,,1,,,,Chico Enterprise Record,6898,,,,,,,,,,,,,,,,,,,
CA,CHICO ENTERPRISE RECORD,101500,2000,CITY COUNCIL,,,CA,"WHITE, ALAN",,1,,,,,,Chico Enterprise Record,6898,,,,,,,,,,,,,,,,,,,
CA,CHICO ENTERPRISE RECORD,101500,2000,CITY COUNCIL,,,CA,"WOLFE, NANCY",,1,,,,,,Chico Enterprise Record,6898,,,,,,,,,,,,,,,,,,,
CA,CHICO ENTERPRISE RECORD,101500,2000,CNTY COMM,1,,CA,"BEELER, BOB",,1,,,,,,Chico Enterprise Record,6898,,,,,,,,,,,,,,,,,,,
CA,CHICO ENTERPRISE RECORD,101500,2000,CNTY COMM,5,,CA,"FULTON, LEN",Democrat,1,1,,,,,Chico Enterprise Record,6898,,,,,,,,,,,,,,,,,,,
CA,CHICO ENTERPRISE RECORD,101500,2000,H,2,,CA,"HERGER, WALLY",Democrat,1,1,,,,,Chico Enterprise Record,6898,,,,,,,,,,,,,,,,,,,
CA,CHICO ENTERPRISE RECORD,101500,2000,JUDGE,,,CA,"BENSON, STEPHEN",,1,,,,,,Chico Enterprise Record,6898,,,,,,,,,,,,,,,,,,,
CA,CHICO ENTERPRISE RECORD,101500,2000,JUDGE,,,CA,"REILLEY, JAMES",,1,,,,,,Chico Enterprise Record,6898,,,,,,,,,,,,,,,,,,,
CA,CHICO ENTERPRISE RECORD,101500,2000,PRESIDENT,,,CA,"BUSH, GEORGE",Republican,1,,,,,,Chico Enterprise Record,6898,99908,cand3332nominee,0.98,0.557,-0.547,200,100,1,,,,,,,,,,,
CA,CHICO ENTERPRISE RECORD,101500,2000,SENATOR,,,CA,"FEINSTEIN, DIANE",Democrat,1,1,,,,,Chico Enterprise Record,6898,49300,cand1616,-0.763,-0.268,-0.184,100,96,1,,,,,,,,,,,
CA,CHICO ENTERPRISE RECORD,101500,2000,STATE REP,3,,CA,"AANESTAD, SAM",Republican,1,,1,,,,Chico Enterprise Record,6898,H2CA01110,cand40377,0.842,,,200,83,0.7,,,,13573,"aanestad, samuel m.",99336.0,w,modernrepublican,81,0.7,
CA,CHICO ENTERPRISE RECORD,101500,2002,CITY COUNCIL,,,CA,"BRADFORD, ROSS",,1,,,,,,Chico Enterprise Record,6898,,,,,,,,,,,,,,,,,,,
CA,CHICO ENTERPRISE RECORD,101500,2002,CITY COUNCIL,,,CA,"HERBERT, DAN",,1,,,,,,Chico Enterprise Record,6898,,,,,,,,,,,,,,,,,,,
CA,CHICO ENTERPRISE RECORD,101500,2002,CITY COUNCIL,,,CA,"KIRK, MAUREEN",,1,,,,,,Chico Enterprise Record,6898,,,,,,,,,,,,,,,,,,,
CA,CHICO ENTERPRISE RECORD,101500,2002,CITY COUNCIL,,,CA,"LOTTER, SCOTT",,1,,,,,,Chico Enterprise Record,6898,,,,,,,,,,,,,,,,,,,
CA,CHICO ENTERPRISE RECORD,101500,2002,CITY COUNCIL,,,CA,"WILSON, JERRY",,1,,,,,,Chico Enterprise Record,6898,,,,,,,,,,,,,,,,,,,
CA,CHICO ENTERPRISE RECORD,101500,2002,GOVERNOR,,,CA,"SIMON, BILL",Republican,1,1,,,,,Chico Enterprise Record,6898,CA48993,cand162175,1.09,,,200,100,1,,,,,,,,,,,
CA,CHICO ENTERPRISE RECORD,101500,2002,H,,,CA,"HERGER, WALLY",Democrat,1,1,,,,,Chico Enterprise Record,6898,,,,,,,,,,,,,,,,,,,
CA,CHICO ENTERPRISE RECORD,101500,2002,STATE REP,3,,CA,"KEENE, RICK",Republican,1,,,,,,Chico Enterprise Record,6898,,,,,,,,,,,,14756,"keene, rick",78225.0,w,modernrepublican,100,1,
CA,CHICO ENTERPRISE RECORD,101500,2002,STATE REP,2,,CA,"LAMALFA, DOUG",Republican,1,,,,,,Chico Enterprise Record,6898,21302,cand28663,0.992,0.541,0.01,200,100,1,,,,14246,"lamalfa, doug",79361.0,w,modernrepublican,100,1,
CA,CHICO ENTERPRISE RECORD,101500,2002,STATE SENATOR,3,,CA,"AANESTAD, SAM",Republican,1,,1,,,,Chico Enterprise Record,6898,H2CA01110,cand40377,0.842,,,200,83,0.7,,,,13573,"aanestad, samuel m.",148023.0,w,modernrepublican,81,0.7,
CA,CHICO ENTERPRISE RECORD,101500,2018,CITY COUNCIL,,,CA,"BERRY, JACK",,1,,,,,,Chico Enterprise Record,6898,,,,,,,,,,,,,,,,,,,
CA,CHICO ENTERPRISE RECORD,101500,2018,CITY COUNCIL,,,CA,"COOLIDGE, ANDREW",,1,,,,,,Chico Enterprise Record,6898,,,,,,,,,,,,,,,,,,,
CA,CHICO ENTERPRISE RECORD,101500,2018,CITY COUNCIL,,,CA,"GALLAWAY, MATT",Republican,1,,,,,,Chico Enterprise Record,6898,,,,,,,,,,,,,,,,,,,
CA,CHICO ENTERPRISE RECORD,101500,2018,CITY COUNCIL,,,CA,"HATLEY, ART",,1,,,,,,Chico Enterprise Record,6898,,,,,,,,,,,,,,,,,,,
CA,CHICO ENTERPRISE RECORD,101500,2018,CITY COUNCIL,,,CA,"HUBER, SCOTT",Democrat,1,,,,,,Chico Enterprise Record,6898,,,,,,,,,,,,,,,,,,,
CA,CHICO ENTERPRISE RECORD,101500,2018,CITY COUNCIL,,,CA,"PITTMAN, DAVID",,1,,,,,,Chico Enterprise Record,6898,,,,,,,,,,,,,,,,,,,
CA,CHICO ENTERPRISE RECORD,101500,2018,H,1,,CA,"DENNEY, AUDREY",Democrat,1,,1,,,,Chico Enterprise Record,6898,H8CA01257,cand143967,-1.097,,,100,93,1,,,,,,,,,,,
CA,CHICO ENTERPRISE RECORD,101500,2018,MAYOR,,,CA,"GOODSON, JANET",,1,,,,,,Chico Enterprise Record,6898,,,,,,,,,,,,,,,,,,,
CA,CHICO ENTERPRISE RECORD,101500,2019,CNTY COMM,3,,CA,"EVANS, BOB",,1,,,,,,Chico Enterprise Record,6898,,,,,,,,,,,,,,,,,,,
CA,CHICO ENTERPRISE RECORD,101500,2019,CNTY COMM,2,,CA,"WAHL, LARRY",,1,,,,,,Chico Enterprise Record,6898,,,,,,,,,,,,,,,,,,,
CA,CHICO ENTERPRISE RECORD,101500,2020,CITY COUNCIL,5,,CA,"COOLIDGE, ANDREW",,1,,,,,,Chico Enterprise Record,6898,,,,,,,,,,,,,,,,,,,
CA,CHICO ENTERPRISE RECORD,101500,2020,CITY COUNCIL,1,,CA,"MORGAN, SEAN",,1,,,,,,Chico Enterprise Record,6898,,,,,,,,,,,,,,,,,,,
CA,CHICO ENTERPRISE RECORD,101500,2020,CITY COUNCIL,7,,CA,"OBER, RICH",,1,,,,,,Chico Enterprise Record,6898,,,,,,,,,,,,,,,,,,,
CA,CHICO ENTERPRISE RECORD,101500,2020,CITY COUNCIL,3,,CA,"SCHWAB, ANN",,1,,,,,,Chico Enterprise Record,6898,,,,,,,,,,,,,,,,,,,
CA,CHICO ENTERPRISE RECORD,101500,2020,CITY COUNCIL,7,,CA,"TANDON, DEEPIKA",,1,,,,,,Chico Enterprise Record,6898,,,,,,,,,,,,,,,,,,,
CA,CHICO ENTERPRISE RECORD,101500,2020,H,1,,CA,"DENNEY, AUDREY",Democrat,1,,1,,,,Chico Enterprise Record,6898,H8CA01257,cand143967,-1.097,,,100,93,1,,,,,,,,,,,
CA,CHICO ENTERPRISE RECORD,101500,2020,H,1,,CA,"LAMALFA, DOUG",Republican,1,,1,,,,Chico Enterprise Record,6898,21302,cand28663,0.992,0.541,0.01,200,100,1,,,,,,,,,,,
CA,CHICO ENTERPRISE RECORD,101500,2020,PRESIDENT,,,CA,"BIDEN, JOE",Democrat,1,,1,,,,Chico Enterprise Record,6898,14101nominee,cand221nominee,-1.006,-0.314,-0.042,100,71,0.7,,,,,,,,,,,
CA,CHICO ENTERPRISE RECORD,101500,2020,STATE REP,3,,CA,"GALLAGHER, JAMES",Republican,1,,1,,,,Chico Enterprise Record,6898,CA_CP1357069,cand144115,0.595,,,328,100,1,,,,,,,,,,,
CA,CHICO ENTERPRISE RECORD,101500,2021,CITY COUNCIL,3,,CA,"BENNETT, DALE",,1,,,,,,Chico Enterprise Record,6898,,,,,,,,,,,,,,,,,,,
CA,CHICO ENTERPRISE RECORD,101500,2021,CITY COUNCIL,,,CA,"O'BRIEN, MIKE",,1,,,,,,Chico Enterprise Record,6898,,,,,,,,,,,,,,,,,,,
CA,CHICO ENTERPRISE RECORD,101500,2022,ASSESSOR,,,CA,"HOWARD, MICHAEL",,1,,,,,,Chico Enterprise Record,6898,,,,,,,,,,,,,,,,,,,
CA,CHICO ENTERPRISE RECORD,101500,2022,CITY COUNCIL,3,,CA,"MCDANIEL, MONICA",,1,,,,,,Chico Enterprise Record,6898,,,,,,,,,,,,,,,,,,,
CA,CHICO ENTERPRISE RECORD,101500,2022,CITY COUNCIL,4,,CA,"NAVA, NICHOLE",,1,,,,,,Chico Enterprise Record,6898,,,,,,,,,,,,,,,,,,,
CA,CHICO ENTERPRISE RECORD,101500,2022,CITY COUNCIL,2,,CA,"REYNOLDS, KASEY",,1,,,,,,Chico Enterprise Record,6898,,,,,,,,,,,,,,,,,,,
CA,CHICO ENTERPRISE RECORD,101500,2022,CITY COUNCIL,6,,CA,"VAN OVERBEEK, TOM",,1,,,,,,Chico Enterprise Record,6898,,,,,,,,,,,,,,,,,,,
CA,CHICO ENTERPRISE RECORD,101500,2022,CNTY COMM,2,,CA,"LUCERO, DEBRA",Democrat,1,1,,,,,Chico Enterprise Record,6898,,,,,,,,,,,,,,,,,,,
CA,CHICO ENTERPRISE RECORD,101500,2022,CNTY COMM,3,,CA,"RITTER, TAMI",Democrat,1,1,,,,,Chico Enterprise Record,6898,,,,,,,,,,,,,,,,,,,
CA,CHICO ENTERPRISE RECORD,101500,2024,CNTY COMM,4,,CA,"KIMMELSHUE, TOD",,1,,,1,,,Chico Enterprise Record,6898,,,,,,,,,,,,,,,,,,,
CA,CHICO ENTERPRISE RECORD,101500,2024,CNTY COMM,5,,CA,"TEETER, DOUG",Republican,1,,1,,,,Chico Enterprise Record,6898,,,,,,,,,,,,,,,,,,,
CA,LOS ANGELES TIMES,103000,1882,STRAIGHT TICKET,,,CA,STRAIGHT TICKET,Republican,1,,,,straight ticket endorsement (R),,Los Angeles Times,1419,,,,,,,,,,,,,,,,,,,
CA,LOS ANGELES TIMES,103000,1884,STRAIGHT TICKET,,,CA,STRAIGHT TICKET,Republican,1,,,,straight ticket endorsement (R),,Los Angeles Times,1419,,,,,,,,,,,,,,,,,,,
CA,LOS ANGELES TIMES,103000,1886,STRAIGHT TICKET,,,CA,STRAIGHT TICKET,Republican,1,,,,straight ticket endorsement (R),,Los Angeles Times,1419,,,,,,,,,,,,,,,,,,,
CA,LOS ANGELES TIMES,103000,1888,STRAIGHT TICKET,,,CA,STRAIGHT TICKET,Republican,1,,,,straight ticket endorsement (R),,Los Angeles Times,1419,,,,,,,,,,,,,,,,,,,
CA,LOS ANGELES TIMES,103000,1890,STRAIGHT TICKET,,,CA,STRAIGHT TICKET,Republican,1,,,,straight ticket endorsement (R),,Los Angeles Times,1419,,,,,,,,,,,,,,,,,,,
CA,LOS ANGELES TIMES,103000,1892,STRAIGHT TICKET,,,CA,STRAIGHT TICKET,Republican,1,,,,straight ticket endorsement (R),,Los Angeles Times,1419,,,,,,,,,,,,,,,,,,,
CA,LOS ANGELES TIMES,103000,1894,STRAIGHT TICKET,,,CA,STRAIGHT TICKET,Republican,1,,,,straight ticket endorsement (R),,Los Angeles Times,1419,,,,,,,,,,,,,,,,,,,
CA,LOS ANGELES TIMES,103000,1896,STRAIGHT TICKET,,,CA,STRAIGHT TICKET,Republican,1,,,,straight ticket endorsement (R),,Los Angeles Times,1419,,,,,,,,,,,,,,,,,,,
CA,LOS ANGELES TIMES,103000,1898,STRAIGHT TICKET,,,CA,STRAIGHT TICKET,Republican,1,,,,straight ticket endorsement (R),,Los Angeles Times,1419,,,,,,,,,,,,,,,,,,,
CA,LOS ANGELES TIMES,103000,1900,STRAIGHT TICKET,,,CA,STRAIGHT TICKET,Republican,1,,,,straight ticket endorsement (R),,Los Angeles Times,1419,,,,,,,,,,,,,,,,,,,
CA,LOS ANGELES TIMES,103000,1902,STRAIGHT TICKET,,,CA,STRAIGHT TICKET,Republican,1,,,,straight ticket endorsement (R),,Los Angeles Times,1419,,,,,,,,,,,,,,,,,,,
CA,LOS ANGELES TIMES,103000,1904,STRAIGHT TICKET,,,CA,STRAIGHT TICKET,Republican,1,,,,straight ticket endorsement (R),,Los Angeles Times,1419,,,,,,,,,,,,,,,,,,,
CA,LOS ANGELES TIMES,103000,1906,STRAIGHT TICKET,,,CA,STRAIGHT TICKET,Republican,1,,,,straight ticket endorsement (R),,Los Angeles Times,1419,,,,,,,,,,,,,,,,,,,
CA,LOS ANGELES TIMES,103000,1908,STRAIGHT TICKET,,,CA,STRAIGHT TICKET,Republican,1,,,,straight ticket endorsement (R),,Los Angeles Times,1419,,,,,,,,,,,,,,,,,,,
CA,LOS ANGELES TIMES,103000,1910,STRAIGHT TICKET,,,CA,STRAIGHT TICKET,Republican,1,,,,straight ticket endorsement (R),,Los Angeles Times,1419,,,,,,,,,,,,,,,,,,,
CA,LOS ANGELES TIMES,103000,1912,STRAIGHT TICKET,,,CA,STRAIGHT TICKET,Republican,1,,,,"straight ticket endorsement (R), though kind of implied (Taft support)",,Los Angeles Times,1419,,,,,,,,,,,,,,,,,,,
CA,LOS ANGELES TIMES,103000,1914,CNTY SUPERVISOR,1,LOS ANGELES,CA,"MANNING, C. D.",Nonpartisan,1,,,,,,Los Angeles Times,1419,,,,,,,,,,,,,,,,,,,
CA,LOS ANGELES TIMES,103000,1914,LT GOVERNOR,,,CA,"SNYDER, JO V.",Democrat,1,,,,no republican candidate,,Los Angeles Times,1419,,,,,,,,,,,,,,,,,,,
CA,LOS ANGELES TIMES,103000,1914,STATE REP,61,,CA,"MCDONALD, FRANK A.",Republican,0,,,,explicit non-endorsement,,Los Angeles Times,1419,,,,,,,,,,,,,,,,,,,
CA,LOS ANGELES TIMES,103000,1914,STATE REP,71,,CA,"SHEPARD, F. M.",Progressive,0,,,,explicit non-endorsement,,Los Angeles Times,1419,,,,,,,,,,,,,,,,,,,
CA,LOS ANGELES TIMES,103000,1914,STRAIGHT TICKET,,,CA,STRAIGHT TICKET,Republican,1,,,,"straight ticket endorsement (R), but also endorses individual candidates, some Ds when an R is not running against them (e.g. LT GOV), and some progressives - non Republican endorsements recorded for this year",,Los Angeles Times,1419,,,,,,,,,,,,,,,,,,,
CA,LOS ANGELES TIMES,103000,1916,STRAIGHT TICKET,,,CA,STRAIGHT TICKET,Republican,1,,,,straight ticket endorsement (R),,Los Angeles Times,1419,,,,,,,,,,,,,,,,,,,
CA,LOS ANGELES TIMES,103000,1918,GOVERNOR,,,CA,"STEPHENS, WILLIAM D.",Republican,1,,,,,,Los Angeles Times,1419,,,,,,,,,,,,,,,,,,,
CA,LOS ANGELES TIMES,103000,1918,H,9,9,CA,"FLOWERS, MONTAVILLE",Republican,1,,1,,,,Los Angeles Times,1419,,,,,,,,,,,,,,,,,,,
CA,LOS ANGELES TIMES,103000,1918,H,10,10,CA,"OSBORNE, HENRY Z.",Bipartisan,1,,,1,,,Los Angeles Times,1419,7093,,,0.337,-0.178,,,,"OSBORNE, Henry Zenas",86,1,,,,,,,,
CA,LOS ANGELES TIMES,103000,1918,JUDGE,,,CA,"LENNON, THOMAS J.",,1,,,,,,Los Angeles Times,1419,,,,,,,,,,,,,,,,,,,
CA,LOS ANGELES TIMES,103000,1918,JUDGE,,,CA,"WILBUR, CURTIS D.",,1,,,,,,Los Angeles Times,1419,,,,,,,,,,,,,,,,,,,
CA,LOS ANGELES TIMES,103000,1918,LT GOVERNOR,,,CA,"SNYDER, JO V.",Democrat,1,,,,,,Los Angeles Times,1419,,,,,,,,,,,,,,,,,,,
CA,LOS ANGELES TIMES,103000,1920,STRAIGHT TICKET,,,CA,STRAIGHT TICKET,Republican,1,,,,straight ticket endorsement (R),,Los Angeles Times,1419,,,,,,,,,,,,,,,,,,,
CA,LOS ANGELES TIMES,103000,1922,ATTORNEY GENERAL,,,CA,"WEBB, U.S.",,1,,,1,,,Los Angeles Times,1419,,,,,,,,,,,,,,,,,,,
CA,LOS ANGELES TIMES,103000,1922,COMPTROLLER,,,CA,"RILEY, RAY L.",,1,,,,,,Los Angeles Times,1419,,,,,,,,,,,,,,,,,,,
CA,LOS ANGELES TIMES,103000,1922,GOVERNOR,,,CA,"RICHARDSON, FRIEND WILLIAM",,1,,,,,,Los Angeles Times,1419,,,,,,,,,,,,,,,,,,,
CA,LOS ANGELES TIMES,103000,1922,H,9,9,CA,"LINEBERGER, WALTER F.",,1,,,,,,Los Angeles Times,1419,5683,,,0.305,0.324,,,,"LINEBERGER, Walter Franklin",83,0.7,,,,,,,,
CA,LOS ANGELES TIMES,103000,1922,H,10,10,CA,"OSBORNE, H.Z.",,1,,,1,,,Los Angeles Times,1419,,,,,,,,,,,,,,,,,,,
CA,LOS ANGELES TIMES,103000,1922,JUDGE,,,CA,"SHURTLEFF, CHARLES A.",,1,,,,,,Los Angeles Times,1419,,,,,,,,,,,,,,,,,,,
CA,LOS ANGELES TIMES,103000,1922,JUDGE,,,CA,"SLOANE, WILLIAM A.",,1,,,,,,Los Angeles Times,1419,,,,,,,,,,,,,,,,,,,
CA,LOS ANGELES TIMES,103000,1922,JUDGE,,,CA,"WASTE, WILLIAM H.",,1,,,,,,Los Angeles Times,1419,,,,,,,,,,,,,,,,,,,
CA,LOS ANGELES TIMES,103000,1922,JUDGE,,,CA,"WILBUR, CURTIS D.",,1,,,,,,Los Angeles Times,1419,,,,,,,,,,,,,,,,,,,
CA,LOS ANGELES TIMES,103000,1922,LAND COMMISSIONER,,,CA,"KINGSBURY, W.S.",,1,,,1,,,Los Angeles Times,1419,,,,,,,,,,,,,,,,,,,
CA,LOS ANGELES TIMES,103000,1922,LT GOVERNOR,,,CA,,,1,,,,NO ENDORSEMENT,,Los Angeles Times,1419,,,,,,,,,,,,,,,,,,,
CA,LOS ANGELES TIMES,103000,1922,SEC OF STATE,,,CA,"JORDAN, FRANK C.",,1,,,1,,,Los Angeles Times,1419,,,,,,,,,,,,,,,,,,,
CA,LOS ANGELES TIMES,103000,1922,STATE BOARD OF ED,,,CA,"WOOD, WILL C.",,1,,1,,,,Los Angeles Times,1419,,,,,,,,,,,,,,,,,,,
CA,LOS ANGELES TIMES,103000,1922,TREASURER,,,CA,"JOHNSON, CHARLES G.",,1,,,,,,Los Angeles Times,1419,,,,,,,,,,,,,,,,,,,
CA,LOS ANGELES TIMES,103000,1924,H,10,10,CA,"FREDERICKS, J.D.",Republican,1,,,,,,Los Angeles Times,1419,,,,,,,,,,,,,,,,,,,
CA,LOS ANGELES TIMES,103000,1924,H,9,9,CA,"LINEBERGER, WALTER F.",Republican,1,,1,,,,Los Angeles Times,1419,5683,,,0.305,0.324,,,,"LINEBERGER, Walter Franklin",83,0.7,,,,,,,,
CA,LOS ANGELES TIMES,103000,1924,JUDGE,,,CA,"MYERS, LOUIS W.",,1,,,,,,Los Angeles Times,1419,,,,,,,,,,,,,,,,,,,
CA,LOS ANGELES TIMES,103000,1924,JUDGE,,,CA,"RICHARDS, JOHN E.",,1,,,,,,Los Angeles Times,1419,,,,,,,,,,,,,,,,,,,
CA,LOS ANGELES TIMES,103000,1924,JUDGE,,,CA,"SHENK, JOHN W.",,1,,,,,,Los Angeles Times,1419,,,,,,,,,,,,,,,,,,,
CA,LOS ANGELES TIMES,103000,1924,STRAIGHT TICKET,,,CA,STRAIGHT TICKET,Republican,1,,,,"straight ticket endorsement (R), for all partisan offices",,Los Angeles Times,1419,,,,,,,,,,,,,,,,,,,
CA,LOS ANGELES TIMES,103000,1926,STRAIGHT TICKET,,,CA,STRAIGHT TICKET,Republican,1,,,,"straight ticket endorsement (R), for all partisan offices",,Los Angeles Times,1419,,,,,,,,,,,,,,,,,,,
CA,LOS ANGELES TIMES,103000,1928,STRAIGHT TICKET,,,CA,STRAIGHT TICKET,Republican,1,,,,"straight ticket endorsement (R), for all partisan offices",,Los Angeles Times,1419,,,,,,,,,,,,,,,,,,,
CA,LOS ANGELES TIMES,103000,1930,COMPTROLLER,,,CA,"RILEY, RAY L.",Republican,1,,1,,,,Los Angeles Times,1419,,,,,,,,,,,,,,,,,,,
CA,LOS ANGELES TIMES,103000,1930,GOVERNOR,,,CA,"ROLPH, JAMES, JR.",Republican,1,,,,,,Los Angeles Times,1419,,,,,,,,,,,,,,,,,,,
CA,LOS ANGELES TIMES,103000,1930,H,10,10,CA,"CRAIL, JOE",Republican,1,,1,,,,Los Angeles Times,1419,2140,,,0.316,0.108,,,,"CRAIL, Joe",100,1,,,,,,,,
CA,LOS ANGELES TIMES,103000,1930,LT GOVERNOR,,,CA,"MERRIAM, FRANK P.",Republican,1,,,,,,Los Angeles Times,1419,,,,,,,,,,,,,,,,,,,
CA,LOS ANGELES TIMES,103000,1930,SEC OF STATE,,,CA,"JORDAN, FRANK C.",Republican,1,,1,,,,Los Angeles Times,1419,,,,,,,,,,,,,,,,,,,
CA,LOS ANGELES TIMES,103000,1930,STATE BOARD OF ED,,,CA,"CATTELL, H.G.",Republican,1,,,,,,Los Angeles Times,1419,,,,,,,,,,,,,,,,,,,
CA,LOS ANGELES TIMES,103000,1930,TREASURER,,,CA,"JOHNSON, CHARLES G.",Republican,1,,1,,,,Los Angeles Times,1419,,,,,,,,,,,,,,,,,,,
CA,LOS ANGELES TIMES,103000,1940,H,16,16,CA,"FORD, LELAND MERRITT",Bipartisan,1,,,1,,,Los Angeles Times,1419,3270,,,0.211,0.201,,,,"FORD, Leland Merritt",100,1,,,,,,,,
CA,LOS ANGELES TIMES,103000,1940,H,14,14,CA,"HERBERTS, HERBERT L.",Republican,1,1,,,,,Los Angeles Times,1419,,,,,,,,,,,,,,,,,,,
CA,LOS ANGELES TIMES,103000,1940,H,11,11,CA,"HINSHAW, JOHN CARL WILLIAM",Bipartisan,1,,,1,,,Los Angeles Times,1419,4450,,,0.148,-0.284,,,,"HINSHAW, John Carl Williams",98,1,,,,,,,,
CA,LOS ANGELES TIMES,103000,1940,H,17,17,CA,"HIX, CLIFTON A.",Republican,1,1,,,,,Los Angeles Times,1419,,,,,,,,,,,,,,,,,,,
CA,LOS ANGELES TIMES,103000,1940,H,18,18,CA,"JOHNSON, WILLIAM WARD",Republican,1,,,,,,Los Angeles Times,1419,4999,,,0.374,0.054,,,,"JOHNSON, William Ward",100,1,,,,,,,,
CA,LOS ANGELES TIMES,103000,1940,H,12,12,CA,"MINGER, IRWIN W.",Republican,1,1,,,,,Los Angeles Times,1419,,,,,,,,,,,,,,,,,,,
CA,LOS ANGELES TIMES,103000,1940,H,15,15,CA,"NELSON, NORRIS J.",Bipartisan,1,1,,,,,Los Angeles Times,1419,,,,,,,,,,,,,,,,,,,
CA,LOS ANGELES TIMES,103000,1940,SENATOR,,,CA,"JOHNSON, HIRAM WARREN",Republican,1,,1,,,,Los Angeles Times,1419,4962,,,0.294,0.714,,,,"JOHNSON, Hiram Warren",100,1,,,,,,,,
CA,LOS ANGELES TIMES,103000,1942,ATTORNEY GENERAL,,,CA,"WARE, WALLACE L.",Republican,1,,,,,,Los Angeles Times,1419,,,,,,,,,,,,,,,,,,,
CA,LOS ANGELES TIMES,103000,1942,COMPTROLLER,,,CA,"RILEY, HARRY B.",Bipartisan,1,,,1,,,Los Angeles Times,1419,,,,,,,,,,,,,,,,,,,
CA,LOS ANGELES TIMES,103000,1942,GOVERNOR,,,CA,"WARREN, EARL",Republican,1,1,,,,,Los Angeles Times,1419,,,,,,,,,,,,,,,,,,,
CA,LOS ANGELES TIMES,103000,1942,H,19,19,CA,"CASJENS, CARLTON H.",Republican,1,,,,,,Los Angeles Times,1419,,,,,,,,,,,,,,,,,,,
CA,LOS ANGELES TIMES,103000,1942,H,15,15,CA,"COSTELLO, JOHN MARTIN",Bipartisan,1,,,1,,,Los Angeles Times,1419,2081,,,-0.087,0.277,,,,"COSTELLO, John Martin",100,1,,,,,,,,
CA,LOS ANGELES TIMES,103000,1942,H,16,16,CA,"FORD, LELAND MERRITT",Republican,1,,1,,,,Los Angeles Times,1419,,,,,,,,,,,,,,,,,,,
CA,LOS ANGELES TIMES,103000,1942,H,20,20,CA,"HINSHAW, JOHN CARL WILLIAM",Republican,1,,1,,,,Los Angeles Times,1419,4450,,,0.148,-0.284,,,,"HINSHAW, John Carl Williams",98,1,,,,,,,,
CA,LOS ANGELES TIMES,103000,1942,H,18,18,CA,"JOHNSON, WILLIAM WARD",Republican,1,,1,,,,Los Angeles Times,1419,4999,,,0.374,0.054,,,,"JOHNSON, William Ward",100,1,,,,,,,,
CA,LOS ANGELES TIMES,103000,1942,H,13,13,CA,"POULSON, NORRIS",Republican,1,1,,,,,Los Angeles Times,1419,7566,,,0.207,-0.424,,,,"POULSON, C. Norris",90,1,,,,,,,,
CA,LOS ANGELES TIMES,103000,1942,H,21,21,CA,"SHEPPARD, HARRY RICHARD",Bipartisan,1,,,1,,,Los Angeles Times,1419,8444,,,-0.27,0.279,,,,"SHEPPARD, Harry Richard",100,1,,,,,,,,
CA,LOS ANGELES TIMES,103000,1942,H,12,12,CA,"SHULER, ROBERT P. (BOB)",Bipartisan,1,1,,,,,Los Angeles Times,1419,,,,,,,,,,,,,,,,,,,
CA,LOS ANGELES TIMES,103000,1942,LT GOVERNOR,,,CA,"HOUSER, FREDERICK F.",Republican,1,1,,,,,Los Angeles Times,1419,,,,,,,,,,,,,,,,,,,
CA,LOS ANGELES TIMES,103000,1942,SEC OF STATE,,,CA,"JORDAN, FRANK M.",Republican,1,,,,,,Los Angeles Times,1419,,,,,,,,,,,,,,,,,,,
CA,LOS ANGELES TIMES,103000,1942,TREASURER,,,CA,"JOHNSON, CHARLES G.",Bipartisan,1,,,1,,,Los Angeles Times,1419,,,,,,,,,,,,,,,,,,,
CA,LOS ANGELES TIMES,103000,1944,H,14,14,CA,"CAMPBELL, WILLIAM D.",Republican,1,,,,,,Los Angeles Times,1419,,,,,,,,,,,,,,,,,,,
CA,LOS ANGELES TIMES,103000,1944,H,19,19,CA,"CASJENS, CARLTON H.",Republican,1,1,,,,,Los Angeles Times,1419,,,,,,,,,,,,,,,,,,,
CA,LOS ANGELES TIMES,103000,1944,H,20,20,CA,"HINSHAW, JOHN CARL WILLIAM",Republican,1,,1,,,,Los Angeles Times,1419,4450,,,0.148,-0.284,,,,"HINSHAW, John Carl Williams",98,1,,,,,,,,
CA,LOS ANGELES TIMES,103000,1944,H,18,18,CA,"JOHNSON, WILLIAM WARD",Republican,1,,1,,,,Los Angeles Times,1419,,,,,,,,,,,,,,,,,,,
CA,LOS ANGELES TIMES,103000,1944,H,16,16,CA,"KELLEMS, JESSE RANDOLPH",Republican,1,,,,,,Los Angeles Times,1419,,,,,,,,,,,,,,,,,,,
CA,LOS ANGELES TIMES,103000,1944,H,15,15,CA,"MCDONOUGH, GORDON LEO",Republican,1,,,,,,Los Angeles Times,1419,6220,,,0.205,-0.25,,,,"McDONOUGH, Gordon Leo",100,1,,,,,,,,
CA,LOS ANGELES TIMES,103000,1944,H,12,12,CA,"MCLAUGHLIN, ROY P.",Republican,1,1,,,,,Los Angeles Times,1419,,,,,,,,,,,,,,,,,,,
CA,LOS ANGELES TIMES,103000,1944,H,13,13,CA,"POULSON, NORRIS",Republican,1,,1,,,,Los Angeles Times,1419,,,,,,,,,,,,,,,,,,,
CA,LOS ANGELES TIMES,103000,1944,H,21,21,CA,"SHEPPARD, HARRY RICHARD",Democrat,1,1,,,,,Los Angeles Times,1419,8444,,,-0.27,0.279,,,,"SHEPPARD, Harry Richard",100,1,,,,,,,,
CA,LOS ANGELES TIMES,103000,1944,SENATOR,,,CA,"HOUSER, FREDERICK F.",Republican,1,1,,,,,Los Angeles Times,1419,,,,,,,,,,,,,,,,,,,
CA,LOS ANGELES TIMES,103000,1946,ATTORNEY GENERAL,,,CA,"HOWSER, FRED N.",Republican,1,,,,,,Los Angeles Times,1419,,,,,,,,,,,,,,,,,,,
CA,LOS ANGELES TIMES,103000,1946,COMPTROLLER,,,CA,"KUCHEL, THOMAS HENRY",Bipartisan,1,,,,,,Los Angeles Times,1419,,,,,,,,,,,,,,,,,,,
CA,LOS ANGELES TIMES,103000,1946,GOVERNOR,,,CA,"WARREN, EARL",Bipartisan,1,,,1,,,Los Angeles Times,1419,,,,,,,,,,,,,,,,,,,
CA,LOS ANGELES TIMES,103000,1946,H,18,18,CA,"BRADLEY, WILLIS WINTER",Republican,1,1,,,,,Los Angeles Times,1419,961,,,0.247,-0.351,,,,"BRADLEY, Willis Winter",100,1,,,,,,,,
CA,LOS ANGELES TIMES,103000,1946,H,20,20,CA,"HINSHAW, JOHN CARL WILLIAM",Republican,1,,1,,,,Los Angeles Times,1419,4450,,,0.148,-0.284,,,,"HINSHAW, John Carl Williams",98,1,,,,,,,,
CA,LOS ANGELES TIMES,103000,1946,H,19,19,CA,"HOLIFIELD, CHET",Bipartisan,0,,,1,NO ENDORSEMENT,,Los Angeles Times,1419,4514,,,-0.467,0.218,,,,"HOLIFIELD, Chester Earl",78,0.7,,,,,,,,
CA,LOS ANGELES TIMES,103000,1946,H,16,16,CA,"JACKSON, DOLD LESTER",Republican,1,,,1,,,Los Angeles Times,1419,4846,,,0.312,-0.28,,,,"JACKSON, Donald Lester",95,1,,,,,,,,
CA,LOS ANGELES TIMES,103000,1946,H,17,17,CA,"KING, CECIL RHODES",Bipartisan,0,,,1,NO ENDORSEMENT,,Los Angeles Times,1419,5255,,,-0.468,0.144,,,,"KING, Cecil Rhodes",100,1,,,,,,,,
CA,LOS ANGELES TIMES,103000,1946,H,15,15,CA,"MCDONOUGH, GORDON LEO",Bipartisan,1,,,1,,,Los Angeles Times,1419,6220,,,0.205,-0.25,,,,"McDONOUGH, Gordon Leo",100,1,,,,,,,,
CA,LOS ANGELES TIMES,103000,1946,H,12,12,CA,"NIXON, RICHARD M.",Republican,1,1,,,,,Los Angeles Times,1419,6939,,,0.162,-0.388,,,,"NIXON, Richard Milhous",82,0.7,,,,,,,,
CA,LOS ANGELES TIMES,103000,1946,H,13,13,CA,"POULSON, NORRIS",Republican,1,1,,,,,Los Angeles Times,1419,7566,,,0.207,-0.424,,,,"POULSON, C. Norris",90,1,,,,,,,,
CA,LOS ANGELES TIMES,103000,1946,H,14,14,CA,"ROBERTS, FREDERICK M.",Republican,1,1,,,,,Los Angeles Times,1419,,,,,,,,,,,,,,,,,,,
CA,LOS ANGELES TIMES,103000,1946,H,21,21,CA,"SHEPPARD, HARRY RICHARD",Democrat,1,1,,,,,Los Angeles Times,1419,8444,,,-0.27,0.279,,,,"SHEPPARD, Harry Richard",100,1,,,,,,,,
CA,LOS ANGELES TIMES,103000,1946,LT GOVERNOR,,,CA,"KNIGHT, GOODWIN J.",Republican,1,,,,,,Los Angeles Times,1419,,,,,,,,,,,,,,,,,,,
CA,LOS ANGELES TIMES,103000,1946,SEC OF STATE,,,CA,"JORDAN, FRANK M.",Bipartisan,1,,,1,,,Los Angeles Times,1419,,,,,,,,,,,,,,,,,,,
CA,LOS ANGELES TIMES,103000,1946,SENATOR,,,CA,"KNOWLAND, WILLIAM FIFE",Republican,1,,,,,,Los Angeles Times,1419,5343,,,0.227,-0.453,,,,"KNOWLAND, William Fife",100,1,,,,,,,,
CA,LOS ANGELES TIMES,103000,1946,TREASURER,,,CA,"JOHNSON, CHARLES G.",Bipartisan,1,,,1,,,Los Angeles Times,1419,,,,,,,,,,,,,,,,,,,
CA,LOS ANGELES TIMES,103000,1948,H,14,14,CA,"BRADEN, W. WALLACE",Republican,1,1,,,,,Los Angeles Times,1419,,,,,,,,,,,,,,,,,,,
CA,LOS ANGELES TIMES,103000,1948,H,18,18,CA,"BRADLEY, WILLIS WINTER",Republican,1,,1,,,,Los Angeles Times,1419,,,,,,,,,,,,,,,,,,,
CA,LOS ANGELES TIMES,103000,1948,H,20,20,CA,"HINSHAW, JOHN CARL WILLIAM",Bipartisan,1,,,1,,,Los Angeles Times,1419,4450,,,0.148,-0.284,,,,"HINSHAW, John Carl Williams",98,1,,,,,,,,
CA,LOS ANGELES TIMES,103000,1948,H,16,16,CA,"JACKSON, DOLD LESTER",Republican,1,,1,,,,Los Angeles Times,1419,4846,,,0.312,-0.28,,,,"JACKSON, Donald Lester",95,1,,,,,,,,
CA,LOS ANGELES TIMES,103000,1948,H,21,21,CA,"LATHROP, LOWELL E.",Republican,1,1,,,,,Los Angeles Times,1419,,,,,,,,,,,,,,,,,,,
CA,LOS ANGELES TIMES,103000,1948,H,15,15,CA,"MCDONOUGH, GORDON LEO",Bipartisan,1,,,1,,,Los Angeles Times,1419,6220,,,0.205,-0.25,,,,"McDONOUGH, Gordon Leo",100,1,,,,,,,,
CA,LOS ANGELES TIMES,103000,1948,H,12,12,CA,"NIXON, RICHARD M.",Bipartisan,1,,,1,,,Los Angeles Times,1419,6939,,,0.162,-0.388,,,,"NIXON, Richard Milhous",82,0.7,,,,,,,,
CA,LOS ANGELES TIMES,103000,1948,H,13,13,CA,"POULSON, NORRIS",Republican,1,,1,,,,Los Angeles Times,1419,7566,,,0.207,-0.424,,,,"POULSON, C. Norris",90,1,,,,,,,,
CA,LOS ANGELES TIMES,103000,1948,H,19,19,CA,"QUIGLEY, JOSEPH FRANCIS",Republican,1,1,,,,,Los Angeles Times,1419,,,,,,,,,,,,,,,,,,,
CA,LOS ANGELES TIMES,103000,1950,ATTORNEY GENERAL,,,CA,"SHATTUCK, EDWARD S.",Republican,1,,,,,,Los Angeles Times,1419,,,,,,,,,,,,,,,,,,,
CA,LOS ANGELES TIMES,103000,1950,COMPTROLLER,,,CA,"KUCHEL, THOMAS HENRY",Bipartisan,1,,,1,,,Los Angeles Times,1419,,,,,,,,,,,,,,,,,,,
CA,LOS ANGELES TIMES,103000,1950,GOVERNOR,,,CA,"WARREN, EARL",Republican,1,,1,,,,Los Angeles Times,1419,,,,,,,,,,,,,,,,,,,
CA,LOS ANGELES TIMES,103000,1950,H,14,14,CA,"HARDY, JACK W.",Republican,1,,,,,,Los Angeles Times,1419,,,,,,,,,,,,,,,,,,,
CA,LOS ANGELES TIMES,103000,1950,H,12,12,CA,"HILLINGS, PATRICK JEROME",Republican,1,,,,,,Los Angeles Times,1419,4437,,,0.253,-0.418,,,,"HILLINGS, Patrick Jerome",100,1,,,,,,,,
CA,LOS ANGELES TIMES,103000,1950,H,20,20,CA,"HINSHAW, JOHN CARL WILLIAM",Bipartisan,1,,,1,,,Los Angeles Times,1419,4450,,,0.148,-0.284,,,,"HINSHAW, John Carl Williams",98,1,,,,,,,,
CA,LOS ANGELES TIMES,103000,1950,H,18,18,CA,"HOSMER, CRAIG",Republican,1,1,,,,,Los Angeles Times,1419,,,,,,,,,,,,,,,,,,,
CA,LOS ANGELES TIMES,103000,1950,H,16,16,CA,"JACKSON, DOLD LESTER",Republican,1,,1,,,,Los Angeles Times,1419,4846,,,0.312,-0.28,,,,"JACKSON, Donald Lester",95,1,,,,,,,,
CA,LOS ANGELES TIMES,103000,1950,H,15,15,CA,"MCDONOUGH, GORDON LEO",Republican,1,,1,,,,Los Angeles Times,1419,6220,,,0.205,-0.25,,,,"McDONOUGH, Gordon Leo",100,1,,,,,,,,
CA,LOS ANGELES TIMES,103000,1950,H,13,13,CA,"POULSON, NORRIS",Bipartisan,1,,,1,,,Los Angeles Times,1419,7566,,,0.207,-0.424,,,,"POULSON, C. Norris",90,1,,,,,,,,
CA,LOS ANGELES TIMES,103000,1950,H,21,21,CA,"REYNOLDS, ROY E.",Republican,1,1,,,,,Los Angeles Times,1419,,,,,,,,,,,,,,,,,,,
CA,LOS ANGELES TIMES,103000,1950,LT GOVERNOR,,,CA,"KNIGHT, GOODWIN J.",Bipartisan,1,,,1,,,Los Angeles Times,1419,,,,,,,,,,,,,,,,,,,
CA,LOS ANGELES TIMES,103000,1950,SEC OF STATE,,,CA,"JORDAN, FRANK M.",Bipartisan,1,,,1,,,Los Angeles Times,1419,,,,,,,,,,,,,,,,,,,
CA,LOS ANGELES TIMES,103000,1950,SENATOR,,,CA,"NIXON, RICHARD M.",Republican,1,,,,,,Los Angeles Times,1419,6939,,,0.162,-0.388,,,,"NIXON, Richard Milhous",82,0.7,,,,,,,,
CA,LOS ANGELES TIMES,103000,1950,TREASURER,,,CA,"JOHNSON, CHARLES G.",Bipartisan,1,,,1,,,Los Angeles Times,1419,,,,,,,,,,,,,,,,,,,
CA,LOS ANGELES TIMES,103000,1952,H,23,23,CA,"DOYLE, CLYDE GILMAN",Bipartisan,1,,,1,,,Los Angeles Times,1419,2713,,,-0.368,0.134,,,,"DOYLE, Clyde Gilman",100,1,,,,,,,,
CA,LOS ANGELES TIMES,103000,1952,H,17,17,CA,"FINCH, ROBERT H.",Republican,1,1,,,,,Los Angeles Times,1419,,,,,,,,,,,,,,,,,,,
CA,LOS ANGELES TIMES,103000,1952,H,21,21,CA,"HIESTAND, EDGAR WILLARD",Republican,1,,,,,,Los Angeles Times,1419,4388,,,0.49,-0.143,,,,"HIESTAND, Edgar Willard",100,1,,,,,,,,
CA,LOS ANGELES TIMES,103000,1952,H,25,25,CA,"HILLINGS, PATRICK JEROME",Republican,1,,1,,,,Los Angeles Times,1419,4437,,,0.253,-0.418,,,,"HILLINGS, Patrick Jerome",100,1,,,,,,,,
CA,LOS ANGELES TIMES,103000,1952,H,20,20,CA,"HINSHAW, JOHN CARL WILLIAM",Bipartisan,1,,,1,,,Los Angeles Times,1419,4450,,,0.148,-0.284,,,,"HINSHAW, John Carl Williams",98,1,,,,,,,,
CA,LOS ANGELES TIMES,103000,1952,H,19,19,CA,"HOLIFIELD, CHET",Democrat,1,1,,,,,Los Angeles Times,1419,4514,,,-0.467,0.218,,,,"HOLIFIELD, Chester Earl",78,0.7,,,,,,,,
CA,LOS ANGELES TIMES,103000,1952,H,22,22,CA,"HOLT, JOSEPH FRANKLIN, III",Republican,1,,,,,,Los Angeles Times,1419,4543,,,0.271,-0.23,,,,"HOLT, Joseph Franklin, III",100,1,,,,,,,,
CA,LOS ANGELES TIMES,103000,1952,H,18,18,CA,"HOSMER, CRAIG",Republican,1,,,,,,Los Angeles Times,1419,4592,,,0.276,-0.292,,,,"HOSMER, Craig",100,1,,,,,,,,
CA,LOS ANGELES TIMES,103000,1952,H,16,16,CA,"JACKSON, DOLD LESTER",Republican,1,,1,,,,Los Angeles Times,1419,4846,,,0.312,-0.28,,,,"JACKSON, Donald Lester",95,1,,,,,,,,
CA,LOS ANGELES TIMES,103000,1952,H,15,15,CA,"MCDONOUGH, GORDON LEO",Republican,1,,1,,,,Los Angeles Times,1419,6220,,,0.205,-0.25,,,,"McDONOUGH, Gordon Leo",100,1,,,,,,,,
CA,LOS ANGELES TIMES,103000,1952,H,24,24,CA,"POULSON, NORRIS",Bipartisan,1,,,1,,,Los Angeles Times,1419,7566,,,0.207,-0.424,,,,"POULSON, C. Norris",90,1,,,,,,,,
CA,LOS ANGELES TIMES,103000,1952,H,26,26,CA,"YORTY, SAMUEL WILLIAM",Bipartisan,1,,,1,,,Los Angeles Times,1419,10431,,,-0.31,0.122,,,,"YORTY, Samuel William",100,1,,,,,,,,
CA,LOS ANGELES TIMES,103000,1952,PRESIDENT,,,CA,"EISENHOWER, DWIGHT D.",Republican,1,,,,,,Los Angeles Times,1419,,,,,,,,,,,,,,,,,,,
CA,LOS ANGELES TIMES,103000,1954,ATTORNEY GENERAL,,,CA,"BROWN, EDMUND G. (PAT)",Bipartisan,1,,,1,,,Los Angeles Times,1419,,,,,,,,,,,,,,,,,,,
CA,LOS ANGELES TIMES,103000,1954,COMPTROLLER,,,CA,"KIRKWOOD, ROBERT C.",Republican,1,,,,,,Los Angeles Times,1419,,,,,,,,,,,,,,,,,,,
CA,LOS ANGELES TIMES,103000,1954,GOVERNOR,,,CA,"KNIGHT, GOODWIN J.",Republican,1,,,,,,Los Angeles Times,1419,,,,,,,,,,,,,,,,,,,
CA,LOS ANGELES TIMES,103000,1954,H,23,23,CA,"BUSSING, FRANK G.",Republican,1,1,,,,,Los Angeles Times,1419,,,,,,,,,,,,,,,,,,,
CA,LOS ANGELES TIMES,103000,1954,H,17,17,CA,"FINCH, ROBERT H.",Republican,1,1,,,,,Los Angeles Times,1419,,,,,,,,,,,,,,,,,,,
CA,LOS ANGELES TIMES,103000,1954,H,21,21,CA,"HIESTAND, EDGAR WILLARD",Republican,1,,1,,,,Los Angeles Times,1419,4388,,,0.49,-0.143,,,,"HIESTAND, Edgar Willard",100,1,,,,,,,,
CA,LOS ANGELES TIMES,103000,1954,H,25,25,CA,"HILLINGS, PATRICK JEROME",Republican,1,,1,,,,Los Angeles Times,1419,4437,,,0.253,-0.418,,,,"HILLINGS, Patrick Jerome",100,1,,,,,,,,
CA,LOS ANGELES TIMES,103000,1954,H,20,20,CA,"HINSHAW, JOHN CARL WILLIAM",Republican,1,,1,,,,Los Angeles Times,1419,4450,,,0.148,-0.284,,,,"HINSHAW, John Carl Williams",98,1,,,,,,,,
CA,LOS ANGELES TIMES,103000,1954,H,22,22,CA,"HOLT, JOSEPH FRANKLIN, III",Republican,1,,1,,,,Los Angeles Times,1419,4543,,,0.271,-0.23,,,,"HOLT, Joseph Franklin, III",100,1,,,,,,,,
CA,LOS ANGELES TIMES,103000,1954,H,18,18,CA,"HOSMER, CRAIG",Republican,1,,1,,,,Los Angeles Times,1419,4592,,,0.276,-0.292,,,,"HOSMER, Craig",100,1,,,,,,,,
CA,LOS ANGELES TIMES,103000,1954,H,16,16,CA,"JACKSON, DOLD LESTER",Republican,1,,1,,,,Los Angeles Times,1419,4846,,,0.312,-0.28,,,,"JACKSON, Donald Lester",95,1,,,,,,,,
CA,LOS ANGELES TIMES,103000,1954,H,24,24,CA,"LIPSCOMB, GLERD PAUL",Republican,1,,,,,,Los Angeles Times,1419,5694,,,0.358,-0.001,,,,"LIPSCOMB, Glenard Paul",95,1,,,,,,,,
CA,LOS ANGELES TIMES,103000,1954,H,15,15,CA,"MCDONOUGH, GORDON LEO",Republican,1,,1,,,,Los Angeles Times,1419,6220,,,0.205,-0.25,,,,"McDONOUGH, Gordon Leo",100,1,,,,,,,,
CA,LOS ANGELES TIMES,103000,1954,H,26,26,CA,"OWINGS, THEODORE R.",Republican,1,,,,,,Los Angeles Times,1419,,,,,,,,,,,,,,,,,,,
CA,LOS ANGELES TIMES,103000,1954,H,19,19,CA,"PRITCHARD, RAYMOND R.",Republican,1,1,,,,,Los Angeles Times,1419,,,,,,,,,,,,,,,,,,,
CA,LOS ANGELES TIMES,103000,1954,LT GOVERNOR,,,CA,"POWERS, HAROLD J.",Republican,1,,,,,,Los Angeles Times,1419,,,,,,,,,,,,,,,,,,,
CA,LOS ANGELES TIMES,103000,1954,SEC OF STATE,,,CA,"JORDAN, FRANK M.",Republican,1,,1,,,,Los Angeles Times,1419,,,,,,,,,,,,,,,,,,,
CA,LOS ANGELES TIMES,103000,1954,SENATOR,,,CA,"KUCHEL, THOMAS HENRY",Republican,1,,,,,,Los Angeles Times,1419,5372,,,0.098,-0.61,,,,"KUCHEL, Thomas Henry",100,1,,,,,,,,
CA,LOS ANGELES TIMES,103000,1954,TREASURER,,,CA,"JOHNSON, CHARLES G.",Republican,1,,1,,,,Los Angeles Times,1419,,,,,,,,,,,,,,,,,,,
CA,LOS ANGELES TIMES,103000,1956,H,23,23,CA,"CALVIN, E. ELGIE",Republican,1,,1,,,,Los Angeles Times,1419,,,,,,,,,,,,,,,,,,,
CA,LOS ANGELES TIMES,103000,1956,H,17,17,CA,"FRANKLIN, CHARLES A.",Republican,1,1,,,,,Los Angeles Times,1419,,,,,,,,,,,,,,,,,,,
CA,LOS ANGELES TIMES,103000,1956,H,21,21,CA,"HIESTAND, EDGAR WILLARD",Republican,1,,1,,,,Los Angeles Times,1419,4388,,,0.49,-0.143,,,,"HIESTAND, Edgar Willard",100,1,,,,,,,,
CA,LOS ANGELES TIMES,103000,1956,H,25,25,CA,"HILLINGS, PATRICK JEROME",Republican,1,,1,,,,Los Angeles Times,1419,4437,,,0.253,-0.418,,,,"HILLINGS, Patrick Jerome",100,1,,,,,,,,
CA,LOS ANGELES TIMES,103000,1956,H,22,22,CA,"HOLT, JOSEPH FRANKLIN, III",Republican,1,,1,,,,Los Angeles Times,1419,4543,,,0.271,-0.23,,,,"HOLT, Joseph Franklin, III",100,1,,,,,,,,
CA,LOS ANGELES TIMES,103000,1956,H,18,18,CA,"HOSMER, CRAIG",Republican,1,,1,,,,Los Angeles Times,1419,4592,,,0.276,-0.292,,,,"HOSMER, Craig",100,1,,,,,,,,
CA,LOS ANGELES TIMES,103000,1956,H,16,16,CA,"JACKSON, DOLD LESTER",Republican,1,,1,,,,Los Angeles Times,1419,4846,,,0.312,-0.28,,,,"JACKSON, Donald Lester",95,1,,,,,,,,
CA,LOS ANGELES TIMES,103000,1956,H,24,24,CA,"LIPSCOMB, GLERD PAUL",Republican,1,,1,,,,Los Angeles Times,1419,5694,,,0.358,-0.001,,,,"LIPSCOMB, Glenard Paul",95,1,,,,,,,,
CA,LOS ANGELES TIMES,103000,1956,H,15,15,CA,"MCDONOUGH, GORDON LEO",Republican,1,,1,,,,Los Angeles Times,1419,6220,,,0.205,-0.25,,,,"McDONOUGH, Gordon Leo",100,1,,,,,,,,
CA,LOS ANGELES TIMES,103000,1956,H,24,24,CA,"PORTER, FAY",Democrat,1,,1,,,,Los Angeles Times,1419,,,,,,,,,,,,,,,,,,,
CA,LOS ANGELES TIMES,103000,1956,H,19,19,CA,"REYNOLDS, ROY E.",Republican,1,1,,,,,Los Angeles Times,1419,,,,,,,,,,,,,,,,,,,
CA,LOS ANGELES TIMES,103000,1956,H,20,20,CA,"SMITH, H. ALLEN",Republican,1,,,,,,Los Angeles Times,1419,8628,,,0.421,0.026,,,,"SMITH, H. Allen",100,1,,,,,,,,
CA,LOS ANGELES TIMES,103000,1956,PRESIDENT,,,CA,"EISENHOWER, DWIGHT D.",Republican,1,,1,,,,Los Angeles Times,1419,,,,,,,,,,,,,,,,,,,
CA,LOS ANGELES TIMES,103000,1956,SENATOR,,,CA,"KUCHEL, THOMAS HENRY",Republican,1,,1,,,,Los Angeles Times,1419,5372,,,0.098,-0.61,,,,"KUCHEL, Thomas Henry",100,1,,,,,,,,
CA,LOS ANGELES TIMES,103000,1958,ATTORNEY GENERAL,,,CA,"HILLINGS, PATRICK JEROME",Republican,1,,,,,,Los Angeles Times,1419,,,,,,,,,,,,,,,,,,,
CA,LOS ANGELES TIMES,103000,1958,COMPTROLLER,,,CA,"KIRKWOOD, ROBERT C.",Republican,1,,1,,,,Los Angeles Times,1419,,,,,,,,,,,,,,,,,,,
CA,LOS ANGELES TIMES,103000,1958,GOVERNOR,,,CA,"KNOWLAND, WILLIAM FIFE",Republican,1,,,,,,Los Angeles Times,1419,,,,,,,,,,,,,,,,,,,
CA,LOS ANGELES TIMES,103000,1958,H,17,17,CA,"DIMICELI, LEORD",Republican,1,1,,,,,Los Angeles Times,1419,,,,,,,,,,,,,,,,,,,
CA,LOS ANGELES TIMES,103000,1958,H,21,21,CA,"HIESTAND, EDGAR WILLARD",Republican,1,,1,,,,Los Angeles Times,1419,4388,,,0.49,-0.143,,,,"HIESTAND, Edgar Willard",100,1,,,,,,,,
CA,LOS ANGELES TIMES,103000,1958,H,22,22,CA,"HOLT, JOSEPH FRANKLIN, III",Republican,1,,1,,,,Los Angeles Times,1419,4543,,,0.271,-0.23,,,,"HOLT, Joseph Franklin, III",100,1,,,,,,,,
CA,LOS ANGELES TIMES,103000,1958,H,18,18,CA,"HOSMER, CRAIG",Republican,1,,1,,,,Los Angeles Times,1419,4592,,,0.276,-0.292,,,,"HOSMER, Craig",100,1,,,,,,,,
CA,LOS ANGELES TIMES,103000,1958,H,16,16,CA,"JACKSON, DOLD LESTER",Republican,1,,1,,,,Los Angeles Times,1419,4846,,,0.312,-0.28,,,,"JACKSON, Donald Lester",95,1,,,,,,,,
CA,LOS ANGELES TIMES,103000,1958,H,19,19,CA,"LEPPEK, HARRY VINCENT",Republican,1,1,,,,,Los Angeles Times,1419,,,,,,,,,,,,,,,,,,,
CA,LOS ANGELES TIMES,103000,1958,H,25,25,CA,"LIEBERG, PRESCOTT O.",Republican,1,,,,,,Los Angeles Times,1419,,,,,,,,,,,,,,,,,,,
CA,LOS ANGELES TIMES,103000,1958,H,24,24,CA,"LIPSCOMB, GLERD PAUL",Republican,1,,1,,,,Los Angeles Times,1419,5694,,,0.358,-0.001,,,,"LIPSCOMB, Glenard Paul",95,1,,,,,,,,
CA,LOS ANGELES TIMES,103000,1958,H,15,15,CA,"MCDONOUGH, GORDON LEO",Republican,1,,1,,,,Los Angeles Times,1419,6220,,,0.205,-0.25,,,,"McDONOUGH, Gordon Leo",100,1,,,,,,,,
CA,LOS ANGELES TIMES,103000,1958,H,20,20,CA,"SMITH, H. ALLEN",Republican,1,,1,,,,Los Angeles Times,1419,8628,,,0.421,0.026,,,,"SMITH, H. Allen",100,1,,,,,,,,
CA,LOS ANGELES TIMES,103000,1958,H,26,26,CA,"WRIGHT, CRISPUS",Republican,1,1,,,,,Los Angeles Times,1419,,,,,,,,,,,,,,,,,,,
CA,LOS ANGELES TIMES,103000,1958,LT GOVERNOR,,,CA,"POWERS, HAROLD J.",Republican,1,,1,,,,Los Angeles Times,1419,,,,,,,,,,,,,,,,,,,
CA,LOS ANGELES TIMES,103000,1958,SEC OF STATE,,,CA,"JORDAN, FRANK M.",Republican,1,,1,,,,Los Angeles Times,1419,,,,,,,,,,,,,,,,,,,
CA,LOS ANGELES TIMES,103000,1958,SENATOR,,,CA,"KNIGHT, GOODWIN J.",Republican,1,,,,,,Los Angeles Times,1419,,,,,,,,,,,,,,,,,,,
CA,LOS ANGELES TIMES,103000,1958,TREASURER,,,CA,"BUTTON, A. ROLD",Republican,1,,,,,,Los Angeles Times,1419,,,,,,,,,,,,,,,,,,,
CA,LOS ANGELES TIMES,103000,1960,H,16,16,CA,"BELL, ALPHONZO E.",Republican,1,,,,,,Los Angeles Times,1419,10505,,,0.183,-0.336,,,,"BELL, Alphonzo",100,1,,,,,,,,
CA,LOS ANGELES TIMES,103000,1960,H,22,22,CA,"BLANCHARD, LEMOINE",Republican,1,,,,,,Los Angeles Times,1419,,,,,,,,,,,,,,,,,,,
CA,LOS ANGELES TIMES,103000,1960,H,17,17,CA,"COFFEE, TOM",Republican,1,1,,,,,Los Angeles Times,1419,,,,,,,,,,,,,,,,,,,
CA,LOS ANGELES TIMES,103000,1960,H,23,23,CA,"DOYLE, CLYDE GILMAN",Democrat,1,1,,,,,Los Angeles Times,1419,2713,,,-0.368,0.134,,,,"DOYLE, Clyde Gilman",100,1,,,,,,,,
CA,LOS ANGELES TIMES,103000,1960,H,21,21,CA,"HIESTAND, EDGAR WILLARD",Republican,1,,1,,,,Los Angeles Times,1419,4388,,,0.49,-0.143,,,,"HIESTAND, Edgar Willard",100,1,,,,,,,,
CA,LOS ANGELES TIMES,103000,1960,H,18,18,CA,"HOSMER, CRAIG",Republican,1,,1,,,,Los Angeles Times,1419,4592,,,0.276,-0.292,,,,"HOSMER, Craig",100,1,,,,,,,,
CA,LOS ANGELES TIMES,103000,1960,H,24,24,CA,"LIPSCOMB, GLERD PAUL",Republican,1,,1,,,,Los Angeles Times,1419,5694,,,0.358,-0.001,,,,"LIPSCOMB, Glenard Paul",95,1,,,,,,,,
CA,LOS ANGELES TIMES,103000,1960,H,15,15,CA,"MCDONOUGH, GORDON LEO",Republican,1,,1,,,,Los Angeles Times,1419,6220,,,0.205,-0.25,,,,"McDONOUGH, Gordon Leo",100,1,,,,,,,,
CA,LOS ANGELES TIMES,103000,1960,H,26,26,CA,"MCINTYRE, WILLIAM E.",Republican,1,1,,,,,Los Angeles Times,1419,,,,,,,,,,,,,,,,,,,
CA,LOS ANGELES TIMES,103000,1960,H,25,25,CA,"ROUSSELOT, JOHN HARBIN",Republican,1,1,,,,,Los Angeles Times,1419,10553,,,0.601,0.164,,,,"ROUSSELOT, John Harbin",100,1,,,,,,,,
CA,LOS ANGELES TIMES,103000,1960,H,23,23,CA,"SCHWARTZ, EMMETT A.",Republican,1,1,,,,,Los Angeles Times,1419,,,,,,,,,,,,,,,,,,,
CA,LOS ANGELES TIMES,103000,1960,H,20,20,CA,"SMITH, H. ALLEN",Republican,1,,1,,,,Los Angeles Times,1419,8628,,,0.421,0.026,,,,"SMITH, H. Allen",100,1,,,,,,,,
CA,LOS ANGELES TIMES,103000,1960,PRESIDENT,,,CA,"NIXON, RICHARD M.",Republican,1,,,,,,Los Angeles Times,1419,,,,,,,,,,,,,,,,,,,
CA,LOS ANGELES TIMES,103000,1962,ATTORNEY GENERAL,,,CA,"COAKLEY, TOM",Republican,1,1,,,,,Los Angeles Times,1419,,,,,,,,,,,,,,,,,,,
CA,LOS ANGELES TIMES,103000,1962,COMPTROLLER,,,CA,"REAGAN, BRUCE V.",Republican,1,1,,,,,Los Angeles Times,1419,,,,,,,,,,,,,,,,,,,
CA,LOS ANGELES TIMES,103000,1962,GOVERNOR,,,CA,"NIXON, RICHARD M.",Republican,1,1,,,,,Los Angeles Times,1419,,,,,,,,,,,,,,,,,,,
CA,LOS ANGELES TIMES,103000,1962,H,28,28,CA,"BELL, ALPHONZO E.",Republican,1,,1,,,,Los Angeles Times,1419,10505,,,0.183,-0.336,,,,"BELL, Alphonzo",100,1,,,,,,,,
CA,LOS ANGELES TIMES,103000,1962,H,26,26,CA,"BELTZ, DANIEL",Republican,1,1,,,,,Los Angeles Times,1419,,,,,,,,,,,,,,,,,,,
CA,LOS ANGELES TIMES,103000,1962,H,17,17,CA,"BRUINSMA, TED",Republican,1,1,,,,,Los Angeles Times,1419,,,,,,,,,,,,,,,,,,,
CA,LOS ANGELES TIMES,103000,1962,H,23,23,CA,"CLAWSON, DELWIN M. (DEL)",Republican,1,1,,,,,Los Angeles Times,1419,10580,,,0.483,0.132,,,,"CLAWSON, Delwin Morgan",81,0.7,,,,,,,,
CA,LOS ANGELES TIMES,103000,1962,H,31,31,CA,"HAHN, GORDON R.",Republican,1,,,,,,Los Angeles Times,1419,,,,,,,,,,,,,,,,,,,
CA,LOS ANGELES TIMES,103000,1962,H,34,34,CA,"HAN, RICHARD T.",Democrat,1,,,,,,Los Angeles Times,1419,10594,,,-0.347,0.043,,,,"HANNA, Richard Thomas",77,0.7,,,,,,,,
CA,LOS ANGELES TIMES,103000,1962,H,27,27,CA,"HIESTAND, EDGAR WILLARD",Republican,1,,1,,,,Los Angeles Times,1419,,,,,,,,,,,,,,,,,,,
CA,LOS ANGELES TIMES,103000,1962,H,19,19,CA,"HOLIFIELD, CHET",Democrat,1,1,,,,,Los Angeles Times,1419,4514,,,-0.467,0.218,,,,"HOLIFIELD, Chester Earl",78,0.7,,,,,,,,
CA,LOS ANGELES TIMES,103000,1962,H,32,32,CA,"HOSMER, CRAIG",Republican,1,,1,,,,Los Angeles Times,1419,4592,,,0.276,-0.292,,,,"HOSMER, Craig",100,1,,,,,,,,
CA,LOS ANGELES TIMES,103000,1962,H,24,24,CA,"LIPSCOMB, GLERD PAUL",Republican,1,,1,,,,Los Angeles Times,1419,5694,,,0.358,-0.001,,,,"LIPSCOMB, Glenard Paul",95,1,,,,,,,,
CA,LOS ANGELES TIMES,103000,1962,H,30,30,CA,"MCDONOUGH, GORDON LEO",Republican,1,,1,,,,Los Angeles Times,1419,,,,,,,,,,,,,,,,,,,
CA,LOS ANGELES TIMES,103000,1962,H,20,20,CA,"SMITH, H. ALLEN",Republican,1,,1,,,,Los Angeles Times,1419,8628,,,0.421,0.026,,,,"SMITH, H. Allen",100,1,,,,,,,,
CA,LOS ANGELES TIMES,103000,1962,H,21,21,CA,"SMITH, HERMAN",Republican,1,,,,,,Los Angeles Times,1419,,,,,,,,,,,,,,,,,,,
CA,LOS ANGELES TIMES,103000,1962,H,35,35,CA,"UTT, JAMES BOYD",Republican,1,,1,,,,Los Angeles Times,1419,9578,,,0.484,0.246,,,,"UTT, James Boyd",100,1,,,,,,,,
CA,LOS ANGELES TIMES,103000,1962,LT GOVERNOR,,,CA,"CHRISTOPHER, GEORGE",Republican,1,1,,,,,Los Angeles Times,1419,,,,,,,,,,,,,,,,,,,
CA,LOS ANGELES TIMES,103000,1962,SEC OF STATE,,,CA,"JORDAN, FRANK M.",Republican,1,,1,,,,Los Angeles Times,1419,,,,,,,,,,,,,,,,,,,
CA,LOS ANGELES TIMES,103000,1962,SENATOR,,,CA,"KUCHEL, THOMAS HENRY",Republican,1,,1,,,,Los Angeles Times,1419,5372,,,0.098,-0.61,,,,"KUCHEL, Thomas Henry",100,1,,,,,,,,
CA,LOS ANGELES TIMES,103000,1962,TREASURER,,,CA,"BUSTERUD, JOHN A.",Republican,1,1,,,,,Los Angeles Times,1419,,,,,,,,,,,,,,,,,,,
CA,LOS ANGELES TIMES,103000,1964,H,28,28,CA,"BELL, ALPHONZO E.",Republican,1,,1,,,,Los Angeles Times,1419,10505,,,0.183,-0.336,,,,"BELL, Alphonzo",100,1,,,,,,,,
CA,LOS ANGELES TIMES,103000,1964,H,23,23,CA,"CLAWSON, DELWIN M. (DEL)",Republican,1,,,,,,Los Angeles Times,1419,10580,,,0.483,0.132,,,,"CLAWSON, Delwin Morgan",81,0.7,,,,,,,,
CA,LOS ANGELES TIMES,103000,1964,H,29,29,CA,"FARRINGTON, CHARLES J., JR.",Republican,1,1,,,,,Los Angeles Times,1419,,,,,,,,,,,,,,,,,,,
CA,LOS ANGELES TIMES,103000,1964,H,19,19,CA,"HOLIFIELD, CHET",Democrat,1,1,,,,,Los Angeles Times,1419,4514,,,-0.467,0.218,,,,"HOLIFIELD, Chester Earl",78,0.7,,,,,,,,
CA,LOS ANGELES TIMES,103000,1964,H,32,32,CA,"HOSMER, CRAIG",Republican,1,,1,,,,Los Angeles Times,1419,4592,,,0.276,-0.292,,,,"HOSMER, Craig",100,1,,,,,,,,
CA,LOS ANGELES TIMES,103000,1964,H,24,24,CA,"LIPSCOMB, GLERD PAUL",Republican,1,,1,,,,Los Angeles Times,1419,5694,,,0.358,-0.001,,,,"LIPSCOMB, Glenard Paul",95,1,,,,,,,,
CA,LOS ANGELES TIMES,103000,1964,H,21,21,CA,"LUNDY, RAYFIELD",Republican,1,1,,,,,Los Angeles Times,1419,,,,,,,,,,,,,,,,,,,
CA,LOS ANGELES TIMES,103000,1964,H,27,27,CA,"REINECKE, EDWIN",Republican,1,,,,,,Los Angeles Times,1419,10763,,,0.234,-0.004,,,,"REINECKE, Edwin",100,1,,,,,,,,
CA,LOS ANGELES TIMES,103000,1964,H,26,26,CA,"SETON, GIL",Republican,1,1,,,,,Los Angeles Times,1419,,,,,,,,,,,,,,,,,,,
CA,LOS ANGELES TIMES,103000,1964,H,31,31,CA,"SHAHAN, NORMAN G.",Republican,1,1,,,,,Los Angeles Times,1419,,,,,,,,,,,,,,,,,,,
CA,LOS ANGELES TIMES,103000,1964,H,20,20,CA,"SMITH, H. ALLEN",Republican,1,,1,,,,Los Angeles Times,1419,8628,,,0.421,0.026,,,,"SMITH, H. Allen",100,1,,,,,,,,
CA,LOS ANGELES TIMES,103000,1964,H,13,13,CA,"TEAGUE, CHARLES MCKEVETT",Republican,1,,1,,,,Los Angeles Times,1419,9240,,,0.243,-0.227,,,,"TEAGUE, Charles McKevett",100,1,,,,,,,,
CA,LOS ANGELES TIMES,103000,1964,PRESIDENT,,,CA,"GOLDWATER, BARRY M.",Republican,1,1,,,,,Los Angeles Times,1419,,,,,,,,,,,,,,,,,,,
CA,LOS ANGELES TIMES,103000,1966,ATTORNEY GENERAL,,,CA,"LYNCH, THOMAS C.",Democrat,1,,,,,,Los Angeles Times,1419,,,,,,,,,,,,,,,,,,,
CA,LOS ANGELES TIMES,103000,1966,COMPTROLLER,,,CA,"FLOURNOY, HOUSTON I.",Republican,1,1,,,,,Los Angeles Times,1419,,,,,,,,,,,,,,,,,,,
CA,LOS ANGELES TIMES,103000,1966,GOVERNOR,,,CA,"REAGAN, ROLD",Republican,1,1,,,,,Los Angeles Times,1419,,,,,,,,,,,,,,,,,,,
CA,LOS ANGELES TIMES,103000,1966,H,28,28,CA,"BELL, ALPHONZO E.",Republican,1,,1,,,,Los Angeles Times,1419,10505,,,0.183,-0.336,,,,"BELL, Alphonzo",100,1,,,,,,,,
CA,LOS ANGELES TIMES,103000,1966,H,23,23,CA,"CLAWSON, DELWIN M. (DEL)",Republican,1,,1,,,,Los Angeles Times,1419,10580,,,0.483,0.132,,,,"CLAWSON, Delwin Morgan",81,0.7,,,,,,,,
CA,LOS ANGELES TIMES,103000,1966,H,22,22,CA,"CORMAN, JAMES C.",Democrat,1,1,,,,,Los Angeles Times,1419,10511,,,-0.53,0.098,,,,"CORMAN, James Charles",81,0.7,,,,,,,,
CA,LOS ANGELES TIMES,103000,1966,H,17,17,CA,"CORTUM, DON",Republican,1,1,,,,,Los Angeles Times,1419,,,,,,,,,,,,,,,,,,,
CA,LOS ANGELES TIMES,103000,1966,H,34,34,CA,"HAN, RICHARD T.",Democrat,1,1,,,,,Los Angeles Times,1419,10594,,,-0.347,0.043,,,,"HANNA, Richard Thomas",77,0.7,,,,,,,,
CA,LOS ANGELES TIMES,103000,1966,H,21,21,CA,"HODGES, NORMAN A.",Republican,1,1,,,,,Los Angeles Times,1419,,,,,,,,,,,,,,,,,,,
CA,LOS ANGELES TIMES,103000,1966,H,19,19,CA,"HOLIFIELD, CHET",Democrat,1,1,,,,,Los Angeles Times,1419,4514,,,-0.467,0.218,,,,"HOLIFIELD, Chester Earl",78,0.7,,,,,,,,
CA,LOS ANGELES TIMES,103000,1966,H,32,32,CA,"HOSMER, CRAIG",Republican,1,,1,,,,Los Angeles Times,1419,4592,,,0.276,-0.292,,,,"HOSMER, Craig",100,1,,,,,,,,
CA,LOS ANGELES TIMES,103000,1966,H,24,24,CA,"LIPSCOMB, GLERD PAUL",Republican,1,,1,,,,Los Angeles Times,1419,5694,,,0.358,-0.001,,,,"LIPSCOMB, Glenard Paul",95,1,,,,,,,,
CA,LOS ANGELES TIMES,103000,1966,H,29,29,CA,"OROZCO, BILL",Republican,1,1,,,,,Los Angeles Times,1419,,,,,,,,,,,,,,,,,,,
CA,LOS ANGELES TIMES,103000,1966,H,26,26,CA,"REES, THOMAS M.",Democrat,1,,,,,,Los Angeles Times,1419,10790,,,-0.484,-0.273,,,,"REES, Thomas Mankell",80,0.7,,,,,,,,
CA,LOS ANGELES TIMES,103000,1966,H,27,27,CA,"REINECKE, EDWIN",Republican,1,,1,,,,Los Angeles Times,1419,10763,,,0.234,-0.004,,,,"REINECKE, Edwin",100,1,,,,,,,,
CA,LOS ANGELES TIMES,103000,1966,H,20,20,CA,"SMITH, H. ALLEN",Republican,1,,1,,,,Los Angeles Times,1419,8628,,,0.421,0.026,,,,"SMITH, H. Allen",100,1,,,,,,,,
CA,LOS ANGELES TIMES,103000,1966,H,31,31,CA,"SMITH, THEODORE",Republican,1,1,,,,,Los Angeles Times,1419,,,,,,,,,,,,,,,,,,,
CA,LOS ANGELES TIMES,103000,1966,H,25,25,CA,"WIGGINS, CHARLES E.",Republican,1,1,,,,,Los Angeles Times,1419,11055,,,0.359,-0.284,,,,"WIGGINS, Charles Edward",85,1,,,,,,,,
CA,LOS ANGELES TIMES,103000,1966,LT GOVERNOR,,,CA,"FINCH, ROBERT H.",Republican,1,1,,,,,Los Angeles Times,1419,,,,,,,,,,,,,,,,,,,
CA,LOS ANGELES TIMES,103000,1966,SEC OF STATE,,,CA,"SCHLEI, NORBERT A.",Democrat,1,,1,,,,Los Angeles Times,1419,,,,,,,,,,,,,,,,,,,
CA,LOS ANGELES TIMES,103000,1966,TREASURER,,,CA,"BETTS, BERT A.",Democrat,1,1,,,,,Los Angeles Times,1419,,,,,,,,,,,,,,,,,,,
CA,LOS ANGELES TIMES,103000,1968,H,28,28,CA,"BELL, ALPHONZO E.",Republican,1,,1,,,,Los Angeles Times,1419,10505,,,0.183,-0.336,,,,"BELL, Alphonzo",100,1,,,,,,,,
CA,LOS ANGELES TIMES,103000,1968,H,17,17,CA,"BLATCHFORD, JOE",Republican,1,,,,,,Los Angeles Times,1419,,,,,,,,,,,,,,,,,,,
CA,LOS ANGELES TIMES,103000,1968,H,23,23,CA,"CLAWSON, DELWIN M. (DEL)",Republican,1,,1,,,,Los Angeles Times,1419,10580,,,0.483,0.132,,,,"CLAWSON, Delwin Morgan",81,0.7,,,,,,,,
CA,LOS ANGELES TIMES,103000,1968,H,22,22,CA,"CORMAN, JAMES C.",Democrat,1,1,,,,,Los Angeles Times,1419,10511,,,-0.53,0.098,,,,"CORMAN, James Charles",81,0.7,,,,,,,,
CA,LOS ANGELES TIMES,103000,1968,H,31,31,CA,"DUNN, JAMES R.",Republican,1,1,,,,,Los Angeles Times,1419,,,,,,,,,,,,,,,,,,,
CA,LOS ANGELES TIMES,103000,1968,H,34,34,CA,"HAN, RICHARD T.",Democrat,1,1,,,,,Los Angeles Times,1419,10594,,,-0.347,0.043,,,,"HANNA, Richard Thomas",77,0.7,,,,,,,,
CA,LOS ANGELES TIMES,103000,1968,H,21,21,CA,"HAWKINS, AUGUSTUS F.",Democrat,1,1,,,,,Los Angeles Times,1419,10595,,,-0.517,-0.369,,,,"HAWKINS, Augustus Freeman (Gus)",74,0.7,,,,,,,,
CA,LOS ANGELES TIMES,103000,1968,H,19,19,CA,"HOLIFIELD, CHET",Democrat,1,1,,,,,Los Angeles Times,1419,4514,,,-0.467,0.218,,,,"HOLIFIELD, Chester Earl",78,0.7,,,,,,,,
CA,LOS ANGELES TIMES,103000,1968,H,32,32,CA,"HOSMER, CRAIG",Republican,1,,1,,,,Los Angeles Times,1419,4592,,,0.276,-0.292,,,,"HOSMER, Craig",100,1,,,,,,,,
CA,LOS ANGELES TIMES,103000,1968,H,24,24,CA,"LIPSCOMB, GLERD PAUL",Republican,1,,1,,,,Los Angeles Times,1419,5694,,,0.358,-0.001,,,,"LIPSCOMB, Glenard Paul",95,1,,,,,,,,
CA,LOS ANGELES TIMES,103000,1968,H,29,29,CA,"OROZCO, BILL",Republican,1,1,,,,,Los Angeles Times,1419,,,,,,,,,,,,,,,,,,,
CA,LOS ANGELES TIMES,103000,1968,H,26,26,CA,"REES, THOMAS M.",Democrat,1,1,,,,,Los Angeles Times,1419,10790,,,-0.484,-0.273,,,,"REES, Thomas Mankell",80,0.7,,,,,,,,
CA,LOS ANGELES TIMES,103000,1968,H,27,27,CA,"REINECKE, EDWIN",Republican,1,,1,,,,Los Angeles Times,1419,10763,,,0.234,-0.004,,,,"REINECKE, Edwin",100,1,,,,,,,,
CA,LOS ANGELES TIMES,103000,1968,H,30,30,CA,"ROYBAL, EDWARD R.",Democrat,1,1,,,,,Los Angeles Times,1419,10621,,,-0.61,-0.141,,,,"ROYBAL, Edward R.",100,1,,,,,,,,
CA,LOS ANGELES TIMES,103000,1968,H,20,20,CA,"SMITH, H. ALLEN",Republican,1,,1,,,,Los Angeles Times,1419,8628,,,0.421,0.026,,,,"SMITH, H. Allen",100,1,,,,,,,,
CA,LOS ANGELES TIMES,103000,1968,H,13,13,CA,"TEAGUE, CHARLES MCKEVETT",Republican,1,,1,,,,Los Angeles Times,1419,9240,,,0.243,-0.227,,,,"TEAGUE, Charles McKevett",100,1,,,,,,,,
CA,LOS ANGELES TIMES,103000,1968,H,25,25,CA,"WIGGINS, CHARLES E.",Republican,1,,1,,,,Los Angeles Times,1419,11055,,,0.359,-0.284,,,,"WIGGINS, Charles Edward",85,1,,,,,,,,
CA,LOS ANGELES TIMES,103000,1968,PRESIDENT,,,CA,"HUMPHREY, HUBERT H.",Democrat,1,,,,,,Los Angeles Times,1419,,,,,,,,,,,,,,,,,,,
CA,LOS ANGELES TIMES,103000,1968,SENATOR,,,CA,"CRANSTON, ALAN",Democrat,1,,,,,,Los Angeles Times,1419,12103,,,-0.387,-0.207,,,,"CRANSTON, Alan",100,1,,,,,,,,
CA,LOS ANGELES TIMES,103000,1970,ATTORNEY GENERAL,,,CA,"YOUNGER, EVELLE J.",Republican,1,,,,,,Los Angeles Times,1419,,,,,,,,,,,,,,,,,,,
CA,LOS ANGELES TIMES,103000,1970,COMPTROLLER,,,CA,"FLOURNOY, HOUSTON I.",Republican,1,,1,,,,Los Angeles Times,1419,,,,,,,,,,,,,,,,,,,
CA,LOS ANGELES TIMES,103000,1970,GOVERNOR,,,CA,"REAGAN, ROLD",Republican,1,,1,,,,Los Angeles Times,1419,,,,,,,,,,,,,,,,,,,
CA,LOS ANGELES TIMES,103000,1970,H,28,28,CA,"BELL, ALPHONZO E.",Republican,1,,1,,,,Los Angeles Times,1419,10505,,,0.183,-0.336,,,,"BELL, Alphonzo",100,1,,,,,,,,
CA,LOS ANGELES TIMES,103000,1970,H,23,23,CA,"CLAWSON, DELWIN M. (DEL)",Republican,1,,1,,,,Los Angeles Times,1419,10580,,,0.483,0.132,,,,"CLAWSON, Delwin Morgan",81,0.7,,,,,,,,
CA,LOS ANGELES TIMES,103000,1970,H,22,22,CA,"CORMAN, JAMES C.",Democrat,1,1,,,,,Los Angeles Times,1419,10511,,,-0.53,0.098,,,,"CORMAN, James Charles",81,0.7,,,,,,,,
CA,LOS ANGELES TIMES,103000,1970,H,29,29,CA,"DANIELSON, GEORGE E.",Democrat,1,,,,,,Los Angeles Times,1419,13010,,,-0.477,0.256,,,,"DANIELSON, George Elmore",86,1,,,,,,,,
CA,LOS ANGELES TIMES,103000,1970,H,17,17,CA,"DOLDSON, MICHAEL C.",Republican,1,1,,,,,Los Angeles Times,1419,,,,,,,,,,,,,,,,,,,
CA,LOS ANGELES TIMES,103000,1970,H,24,24,CA,"EVERS, MYRLIE B.",Democrat,1,,,,,,Los Angeles Times,1419,,,,,,,,,,,,,,,,,,,
CA,LOS ANGELES TIMES,103000,1970,H,21,21,CA,"HAWKINS, AUGUSTUS F.",Democrat,1,1,,,,,Los Angeles Times,1419,10595,,,-0.517,-0.369,,,,"HAWKINS, Augustus Freeman (Gus)",74,0.7,,,,,,,,
CA,LOS ANGELES TIMES,103000,1970,H,19,19,CA,"HOLIFIELD, CHET",Democrat,1,1,,,,,Los Angeles Times,1419,4514,,,-0.467,0.218,,,,"HOLIFIELD, Chester Earl",78,0.7,,,,,,,,
CA,LOS ANGELES TIMES,103000,1970,H,32,32,CA,"HOSMER, CRAIG",Republican,1,,1,,,,Los Angeles Times,1419,4592,,,0.276,-0.292,,,,"HOSMER, Craig",100,1,,,,,,,,
CA,LOS ANGELES TIMES,103000,1970,H,33,33,CA,"PETTIS, JERRY L.",Republican,1,,1,,,,Los Angeles Times,1419,11038,,,0.173,-0.043,,,,"PETTIS, Jerry Lyle",88,1,,,,,,,,
CA,LOS ANGELES TIMES,103000,1970,H,30,30,CA,"ROYBAL, EDWARD R.",Democrat,1,1,,,,,Los Angeles Times,1419,10621,,,-0.61,-0.141,,,,"ROYBAL, Edward R.",100,1,,,,,,,,
CA,LOS ANGELES TIMES,103000,1970,H,20,20,CA,"SMITH, H. ALLEN",Republican,1,,1,,,,Los Angeles Times,1419,8628,,,0.421,0.026,,,,"SMITH, H. Allen",100,1,,,,,,,,
CA,LOS ANGELES TIMES,103000,1970,H,13,13,CA,"TEAGUE, CHARLES MCKEVETT",Republican,1,,1,,,,Los Angeles Times,1419,9240,,,0.243,-0.227,,,,"TEAGUE, Charles McKevett",100,1,,,,,,,,
CA,LOS ANGELES TIMES,103000,1970,H,37,37,CA,"VAN DEERLIN, LIONEL",Democrat,1,1,,,,,Los Angeles Times,1419,10633,,,-0.401,-0.005,,,,"VAN DEERLIN, Lionel",100,1,,,,,,,,
CA,LOS ANGELES TIMES,103000,1970,H,38,38,CA,"VEYSEY, VICTOR V.",Republican,1,,,,,,Los Angeles Times,1419,13046,,,0.239,-0.02,,,,"VEYSEY, Victor Vincent",77,0.7,,,,,,,,
CA,LOS ANGELES TIMES,103000,1970,H,36,36,CA,"WILSON, ROBERT CARLETON (BOB)",Republican,1,,1,,,,Los Angeles Times,1419,10249,,,0.264,-0.265,,,,"WILSON, Robert Carlton (Bob)",98,1,,,,,,,,
CA,LOS ANGELES TIMES,103000,1970,LT GOVERNOR,,,CA,"REINECKE, EDWIN",Republican,1,,1,,,,Los Angeles Times,1419,,,,,,,,,,,,,,,,,,,
CA,LOS ANGELES TIMES,103000,1970,STATE BOARD OF ED,,,CA,"RILES, WILSON C.",Democrat,1,,1,,,,Los Angeles Times,1419,,,,,,,,,,,,,,,,,,,
CA,LOS ANGELES TIMES,103000,1972,H,28,28,CA,"BELL, ALPHONZO E.",Republican,1,,1,,,,Los Angeles Times,1419,10505,,,0.183,-0.336,,,,"BELL, Alphonzo",100,1,,,,,,,,
CA,LOS ANGELES TIMES,103000,1972,H,20,20,CA,"BINKLEY, JOHN",Democrat,1,,,,,,Los Angeles Times,1419,,,,,,,,,,,,,,,,,,,
CA,LOS ANGELES TIMES,103000,1972,H,42,42,CA,"BURGENER, CLAIR W.",Republican,1,,,,,,Los Angeles Times,1419,14007,,,0.281,0.019,,,,"BURGENER, Clair Walter",85,1,,,,,,,,
CA,LOS ANGELES TIMES,103000,1972,H,37,37,CA,"BURKE, YVONNE BRATHWAITE",Democrat,1,,,,,,Los Angeles Times,1419,14008,,,-0.576,-0.177,,,,"BURKE, Yvonne Brathwaite",100,1,,,,,,,,
CA,LOS ANGELES TIMES,103000,1972,H,22,22,CA,"CORMAN, JAMES C.",Democrat,1,1,,,,,Los Angeles Times,1419,10511,,,-0.53,0.098,,,,"CORMAN, James Charles",81,0.7,,,,,,,,
CA,LOS ANGELES TIMES,103000,1972,H,29,29,CA,"DANIELSON, GEORGE E.",Democrat,1,1,,,,,Los Angeles Times,1419,13010,,,-0.477,0.256,,,,"DANIELSON, George Elmore",86,1,,,,,,,,
CA,LOS ANGELES TIMES,103000,1972,H,41,41,CA,"VAN DEERLIN, LIONEL",Democrat,1,1,,,,,Los Angeles Times,1419,10633,,,-0.401,-0.005,,,,"VAN DEERLIN, Lionel",100,1,,,,,,,,
CA,LOS ANGELES TIMES,103000,1974,ATTORNEY GENERAL,,,CA,"YOUNGER, EVELLE J.",Republican,1,,1,,,,Los Angeles Times,1419,,,,,,,,,,,,,,,,,,,
CA,LOS ANGELES TIMES,103000,1974,COMPTROLLER,,,CA,"BAGLEY, WILLIAM T.",Republican,1,,,,,,Los Angeles Times,1419,,,,,,,,,,,,,,,,,,,
CA,LOS ANGELES TIMES,103000,1974,H,32,32,CA,"ANDERSON, GLENN M.",Democrat,1,1,,,,,Los Angeles Times,1419,12001,,,-0.269,-0.052,,,,"ANDERSON, Glenn Malcolm",82,0.7,,,,,,,,
CA,LOS ANGELES TIMES,103000,1974,H,27,27,CA,"BELL, ALPHONZO E.",Republican,1,,1,,,,Los Angeles Times,1419,10505,,,0.183,-0.336,,,,"BELL, Alphonzo",100,1,,,,,,,,
CA,LOS ANGELES TIMES,103000,1974,H,36,36,CA,"BROWN, GEORGE EDWARD, JR.",Democrat,1,1,,,,,Los Angeles Times,1419,10573,,,-0.506,-0.028,,,,"BROWN, George Edward, Jr.",100,1,,,,,,,,
CA,LOS ANGELES TIMES,103000,1974,H,43,43,CA,"BURGENER, CLAIR W.",Republican,1,,1,,,,Los Angeles Times,1419,14007,,,0.281,0.019,,,,"BURGENER, Clair Walter",85,1,,,,,,,,
CA,LOS ANGELES TIMES,103000,1974,H,28,28,CA,"BURKE, YVONNE BRATHWAITE",Democrat,1,1,,,,,Los Angeles Times,1419,14008,,,-0.576,-0.177,,,,"BURKE, Yvonne Brathwaite",100,1,,,,,,,,
CA,LOS ANGELES TIMES,103000,1974,H,21,21,CA,"CORMAN, JAMES C.",Democrat,1,1,,,,,Los Angeles Times,1419,10511,,,-0.53,0.098,,,,"CORMAN, James Charles",81,0.7,,,,,,,,
CA,LOS ANGELES TIMES,103000,1974,H,30,30,CA,"DANIELSON, GEORGE E.",Democrat,1,1,,,,,Los Angeles Times,1419,13010,,,-0.477,0.256,,,,"DANIELSON, George Elmore",86,1,,,,,,,,
CA,LOS ANGELES TIMES,103000,1974,H,22,22,CA,"HALLIN, RICHARD",Democrat,1,,1,,,,Los Angeles Times,1419,,,,,,,,,,,,,,,,,,,
CA,LOS ANGELES TIMES,103000,1974,H,38,38,CA,"PATTERSON, JERRY M.",Democrat,1,,,,,,Los Angeles Times,1419,14266,,,-0.367,0.007,,,,"PATTERSON, Jerry Mumford",83,0.7,,,,,,,,
CA,LOS ANGELES TIMES,103000,1974,H,37,37,CA,"PETTIS, JERRY L.",Republican,1,,1,,,,Los Angeles Times,1419,11038,,,0.173,-0.043,,,,"PETTIS, Jerry Lyle",88,1,,,,,,,,
CA,LOS ANGELES TIMES,103000,1974,H,23,23,CA,"REES, THOMAS M.",Democrat,1,1,,,,,Los Angeles Times,1419,10790,,,-0.484,-0.273,,,,"REES, Thomas Mankell",80,0.7,,,,,,,,
CA,LOS ANGELES TIMES,103000,1974,H,42,42,CA,"VAN DEERLIN, LIONEL",Democrat,1,1,,,,,Los Angeles Times,1419,10633,,,-0.401,-0.005,,,,"VAN DEERLIN, Lionel",100,1,,,,,,,,
CA,LOS ANGELES TIMES,103000,1974,H,24,24,CA,"WAXMAN, HENRY A.",Democrat,1,,,,,,Los Angeles Times,1419,14280,,,-0.473,-0.343,,,,"WAXMAN, Henry Arnold",83,0.7,,,,,,,,
CA,LOS ANGELES TIMES,103000,1974,SEC OF STATE,,,CA,"VAN CAMP, BRIAN",Republican,1,,,,,,Los Angeles Times,1419,,,,,,,,,,,,,,,,,,,
CA,LOS ANGELES TIMES,103000,1974,TREASURER,,,CA,"UNRUH, JESSE M.",Democrat,1,,,,,,Los Angeles Times,1419,,,,,,,,,,,,,,,,,,,
CA,LOS ANGELES TIMES,103000,1976,H,32,32,CA,"ANDERSON, GLENN M.",Democrat,1,1,,,,,Los Angeles Times,1419,12001,,,-0.269,-0.052,,,,"ANDERSON, Glenn Malcolm",82,0.7,,,,,,,,
CA,LOS ANGELES TIMES,103000,1976,H,23,23,CA,"BEILENSON, ANTHONY C.",Democrat,1,,,,,,Los Angeles Times,1419,14405,,,-0.44,-0.605,,,,"BEILENSON, Anthony Charles",85,1,,,,,,,,
CA,LOS ANGELES TIMES,103000,1976,H,36,36,CA,"BROWN, GEORGE EDWARD, JR.",Democrat,1,1,,,,,Los Angeles Times,1419,10573,,,-0.506,-0.028,,,,"BROWN, George Edward, Jr.",100,1,,,,,,,,
CA,LOS ANGELES TIMES,103000,1976,H,43,43,CA,"BURGENER, CLAIR W.",Republican,1,,1,,,,Los Angeles Times,1419,14007,,,0.281,0.019,,,,"BURGENER, Clair Walter",85,1,,,,,,,,
CA,LOS ANGELES TIMES,103000,1976,H,28,28,CA,"BURKE, YVONNE BRATHWAITE",Democrat,1,1,,,,,Los Angeles Times,1419,14008,,,-0.576,-0.177,,,,"BURKE, Yvonne Brathwaite",100,1,,,,,,,,
CA,LOS ANGELES TIMES,103000,1976,H,21,21,CA,"CORMAN, JAMES C.",Democrat,1,1,,,,,Los Angeles Times,1419,10511,,,-0.53,0.098,,,,"CORMAN, James Charles",81,0.7,,,,,,,,
CA,LOS ANGELES TIMES,103000,1976,H,30,30,CA,"DANIELSON, GEORGE E.",Democrat,1,1,,,,,Los Angeles Times,1419,13010,,,-0.477,0.256,,,,"DANIELSON, George Elmore",86,1,,,,,,,,
CA,LOS ANGELES TIMES,103000,1976,H,34,34,CA,"HANFORD, MARK W.",Democrat,1,1,,,,,Los Angeles Times,1419,14229,,,-0.295,-0.043,,,,"HANNAFORD, Mark Warren",78,0.7,,,,,,,,
CA,LOS ANGELES TIMES,103000,1976,H,29,29,CA,"HAWKINS, AUGUSTUS F.",Democrat,1,1,,,,,Los Angeles Times,1419,10595,,,-0.517,-0.369,,,,"HAWKINS, Augustus Freeman (Gus)",74,0.7,,,,,,,,
CA,LOS ANGELES TIMES,103000,1976,H,19,19,CA,"LAGOMARSINO, ROBERT J.",Republican,1,,1,,,,Los Angeles Times,1419,14071,,,0.378,-0.267,,,,"LAGOMARSINO, Robert John",91,1,,,,,,,,
CA,LOS ANGELES TIMES,103000,1976,H,38,38,CA,"PATTERSON, JERRY M.",Democrat,1,1,,,,,Los Angeles Times,1419,14266,,,-0.367,0.007,,,,"PATTERSON, Jerry Mumford",83,0.7,,,,,,,,
CA,LOS ANGELES TIMES,103000,1976,H,37,37,CA,"PETTIS, SHIRLEY N.",Republican,1,,,,,,Los Angeles Times,1419,14287,,,0.209,-0.179,,,,"PETTIS, Shirley Neil",89,1,,,,,,,,
CA,LOS ANGELES TIMES,103000,1976,H,25,25,CA,"ROYBAL, EDWARD R.",Democrat,1,1,,,,,Los Angeles Times,1419,10621,,,-0.61,-0.141,,,,"ROYBAL, Edward R.",100,1,,,,,,,,
CA,LOS ANGELES TIMES,103000,1976,H,42,42,CA,"VAN DEERLIN, LIONEL",Democrat,1,1,,,,,Los Angeles Times,1419,10633,,,-0.401,-0.005,,,,"VAN DEERLIN, Lionel",100,1,,,,,,,,
CA,LOS ANGELES TIMES,103000,1976,H,24,24,CA,"WAXMAN, HENRY A.",Democrat,1,1,,,,,Los Angeles Times,1419,14280,,,-0.473,-0.343,,,,"WAXMAN, Henry Arnold",83,0.7,,,,,,,,
CA,LOS ANGELES TIMES,103000,1976,H,39,39,CA,"WIGGINS, CHARLES E.",Republican,1,,1,,,,Los Angeles Times,1419,11055,,,0.359,-0.284,,,,"WIGGINS, Charles Edward",85,1,,,,,,,,
CA,LOS ANGELES TIMES,103000,1976,SENATOR,,,CA,"TUNNEY, JOHN V.",Democrat,1,1,,,,,Los Angeles Times,1419,,,,,,,,,,,,,,,,,,,
CA,LOS ANGELES TIMES,103000,1978,ATTORNEY GENERAL,,,CA,"BURKE, YVONNE BRATHWAITE",Democrat,1,,,,,,Los Angeles Times,1419,,,,,,,,,,,,,,,,,,,
CA,LOS ANGELES TIMES,103000,1978,H,32,32,CA,"ANDERSON, GLENN M.",Democrat,1,1,,,,,Los Angeles Times,1419,12001,,,-0.269,-0.052,,,,"ANDERSON, Glenn Malcolm",82,0.7,,,,,,,,
CA,LOS ANGELES TIMES,103000,1978,H,23,23,CA,"BEILENSON, ANTHONY C.",Democrat,1,1,,,,,Los Angeles Times,1419,14405,,,-0.44,-0.605,,,,"BEILENSON, Anthony Charles",85,1,,,,,,,,
CA,LOS ANGELES TIMES,103000,1978,H,36,36,CA,"BROWN, GEORGE EDWARD, JR.",Democrat,1,1,,,,,Los Angeles Times,1419,10573,,,-0.506,-0.028,,,,"BROWN, George Edward, Jr.",100,1,,,,,,,,
CA,LOS ANGELES TIMES,103000,1978,H,43,43,CA,"BURGENER, CLAIR W.",Republican,1,,1,,,,Los Angeles Times,1419,14007,,,0.281,0.019,,,,"BURGENER, Clair Walter",85,1,,,,,,,,
CA,LOS ANGELES TIMES,103000,1978,H,21,21,CA,"CORMAN, JAMES C.",Democrat,1,1,,,,,Los Angeles Times,1419,10511,,,-0.53,0.098,,,,"CORMAN, James Charles",81,0.7,,,,,,,,
CA,LOS ANGELES TIMES,103000,1978,H,30,30,CA,"DANIELSON, GEORGE E.",Democrat,1,1,,,,,Los Angeles Times,1419,13010,,,-0.477,0.256,,,,"DANIELSON, George Elmore",86,1,,,,,,,,
CA,LOS ANGELES TIMES,103000,1978,H,28,28,CA,"DIXON, JULIAN CAREY",Democrat,1,,,,,,Los Angeles Times,1419,14620,,,-0.458,-0.076,,,,"DIXON, Julian Carey",100,1,,,,,,,,
CA,LOS ANGELES TIMES,103000,1978,H,20,20,CA,"GOLDWATER, BARRY M., JR.",Republican,1,,1,,,,Los Angeles Times,1419,12037,,,0.355,-0.025,,,,"GOLDWATER, Barry Morris, Jr.",88,1,,,,,,,,
CA,LOS ANGELES TIMES,103000,1978,H,34,34,CA,"HANFORD, MARK W.",Democrat,1,1,,,,,Los Angeles Times,1419,,,,,,,,,,,,,,,,,,,
CA,LOS ANGELES TIMES,103000,1978,H,29,29,CA,"HAWKINS, AUGUSTUS F.",Democrat,1,1,,,,,Los Angeles Times,1419,10595,,,-0.517,-0.369,,,,"HAWKINS, Augustus Freeman (Gus)",74,0.7,,,,,,,,
CA,LOS ANGELES TIMES,103000,1978,H,22,22,CA,"HENRY, ROBERT S.",Democrat,1,,1,,,,Los Angeles Times,1419,,,,,,,,,,,,,,,,,,,
CA,LOS ANGELES TIMES,103000,1978,H,19,19,CA,"LAGOMARSINO, ROBERT J.",Republican,1,,1,,,,Los Angeles Times,1419,14071,,,0.378,-0.267,,,,"LAGOMARSINO, Robert John",91,1,,,,,,,,
CA,LOS ANGELES TIMES,103000,1978,H,35,35,CA,"LLOYD, JAMES FREDRICK (JIM)",Democrat,1,1,,,,,Los Angeles Times,1419,14250,,,-0.218,-0.032,,,,"LLOYD, James Fredrick",87,1,,,,,,,,
CA,LOS ANGELES TIMES,103000,1978,H,38,38,CA,"PATTERSON, JERRY M.",Democrat,1,1,,,,,Los Angeles Times,1419,14266,,,-0.367,0.007,,,,"PATTERSON, Jerry Mumford",83,0.7,,,,,,,,
CA,LOS ANGELES TIMES,103000,1978,H,27,27,CA,"PECK, CAREY",Democrat,1,,1,,,,Los Angeles Times,1419,,,,,,,,,,,,,,,,,,,
CA,LOS ANGELES TIMES,103000,1978,H,18,18,CA,"THOMAS, WILLIAM MARSHALL (BILL)",Republican,1,,,,,,Los Angeles Times,1419,14669,,,0.371,-0.277,,,,"THOMAS, William Marshall",87,1,,,,,,,,
CA,LOS ANGELES TIMES,103000,1978,H,42,42,CA,"VAN DEERLIN, LIONEL",Democrat,1,1,,,,,Los Angeles Times,1419,10633,,,-0.401,-0.005,,,,"VAN DEERLIN, Lionel",100,1,,,,,,,,
CA,LOS ANGELES TIMES,103000,1978,H,24,24,CA,"WAXMAN, HENRY A.",Democrat,1,1,,,,,Los Angeles Times,1419,14280,,,-0.473,-0.343,,,,"WAXMAN, Henry Arnold",83,0.7,,,,,,,,
CA,LOS ANGELES TIMES,103000,1978,H,41,41,CA,"WILSON, ROBERT CARLETON (BOB)",Republican,1,,1,,,,Los Angeles Times,1419,10249,,,0.264,-0.265,,,,"WILSON, Robert Carlton (Bob)",98,1,,,,,,,,
CA,LOS ANGELES TIMES,103000,1978,SEC OF STATE,,,CA,"FONG EU, MARCH K.",Democrat,1,1,,,,,Los Angeles Times,1419,,,,,,,,,,,,,,,,,,,
CA,LOS ANGELES TIMES,103000,1978,TREASURER,,,CA,"UNRUH, JESSE M.",Democrat,1,1,,,,,Los Angeles Times,1419,,,,,,,,,,,,,,,,,,,
CA,LOS ANGELES TIMES,103000,1980,H,32,32,CA,"ANDERSON, GLENN M.",Democrat,1,1,,,,,Los Angeles Times,1419,12001,cand110,-0.118,-0.269,-0.052,100,97,1,,,,,,,,,,,
CA,LOS ANGELES TIMES,103000,1980,H,23,23,CA,"BEILENSON, ANTHONY C.",Democrat,1,1,,,,,Los Angeles Times,1419,14405,cand318,-1.023,-0.44,-0.605,100,97,1,,,,,,,,,,,
CA,LOS ANGELES TIMES,103000,1980,H,36,36,CA,"BROWN, GEORGE EDWARD, JR.",Democrat,1,1,,,,,Los Angeles Times,1419,10573,cand23,-0.746,-0.506,-0.028,100,95,1,,,,,,,,,,,
CA,LOS ANGELES TIMES,103000,1980,H,43,43,CA,"BURGENER, CLAIR W.",Republican,1,,1,,,,Los Angeles Times,1419,14007,cand176,0.687,0.281,0.019,200,97,1,,,,,,,,,,,
CA,LOS ANGELES TIMES,103000,1980,H,21,21,CA,"CORMAN, JAMES C.",Democrat,1,1,,,,,Los Angeles Times,1419,10511,cand9,-0.718,-0.53,0.098,100,96,1,,,,,,,,,,,
CA,LOS ANGELES TIMES,103000,1980,H,30,30,CA,"DANIELSON, GEORGE E.",Democrat,1,1,,,,,Los Angeles Times,1419,13010,cand143,-0.438,-0.477,0.256,100,97,1,,,,,,,,,,,
CA,LOS ANGELES TIMES,103000,1980,H,28,28,CA,"DIXON, JULIAN CAREY",Democrat,1,1,,,,,Los Angeles Times,1419,14620,cand411,-0.671,-0.458,-0.076,100,92,1,,,,,,,,,,,
CA,LOS ANGELES TIMES,103000,1980,H,20,20,CA,"GOLDWATER, BARRY M., JR.",Republican,1,,1,,,,Los Angeles Times,1419,12037,cand128,1.033,0.355,-0.025,200,93,1,,,,,,,,,,,
CA,LOS ANGELES TIMES,103000,1980,H,29,29,CA,"HAWKINS, AUGUSTUS F.",Democrat,1,1,,,,,Los Angeles Times,1419,10595,cand31,-0.714,-0.517,-0.369,100,100,1,,,,,,,,,,,
CA,LOS ANGELES TIMES,103000,1980,H,19,19,CA,"LAGOMARSINO, ROBERT J.",Republican,1,,1,,,,Los Angeles Times,1419,14071,cand215,1.064,0.378,-0.267,200,97,1,,,,,,,,,,,
CA,LOS ANGELES TIMES,103000,1980,H,37,37,CA,"LEWIS, JERRY",Republican,1,,1,,,,Los Angeles Times,1419,14644,cand434,0.43,0.348,-0.101,200,100,1,,,,,,,,,,,
CA,LOS ANGELES TIMES,103000,1980,H,35,35,CA,"LLOYD, JAMES FREDRICK (JIM)",Democrat,1,1,,,,,Los Angeles Times,1419,14250,cand269,-0.241,-0.218,-0.032,100,100,1,,,,,,,,,,,
CA,LOS ANGELES TIMES,103000,1980,H,34,34,CA,"LUNGREN, DANIEL EDWARD (DAN)",Republican,1,,1,,,,Los Angeles Times,1419,14647,cand437,0.996,0.497,-0.054,200,93,1,,,,,,,,,,,
CA,LOS ANGELES TIMES,103000,1980,H,22,22,CA,"O'DONNELL, PIERCE HENRY",Democrat,1,,1,,,,Los Angeles Times,1419,H0CA22011,cand35284,-0.996,,,100,75,0.7,,,,,,,,,,,
CA,LOS ANGELES TIMES,103000,1980,H,38,38,CA,"PATTERSON, JERRY M.",Democrat,1,1,,,,,Los Angeles Times,1419,14266,cand283,-0.47,-0.367,0.007,100,97,1,,,,,,,,,,,
CA,LOS ANGELES TIMES,103000,1980,H,27,27,CA,"PECK, CAREY",Democrat,1,,1,,,,Los Angeles Times,1419,H8CA27021,cand53644,-0.747,,,100,100,1,,,,,,,,,,,
CA,LOS ANGELES TIMES,103000,1980,H,25,25,CA,"ROYBAL, EDWARD R.",Democrat,1,1,,,,,Los Angeles Times,1419,10621,cand43,-0.591,-0.61,-0.141,100,96,1,,,,,,,,,,,
CA,LOS ANGELES TIMES,103000,1980,H,18,18,CA,"THOMAS, WILLIAM MARSHALL (BILL)",Republican,1,,1,,,,Los Angeles Times,1419,14669,cand459,0.745,0.371,-0.277,200,93,1,,,,,,,,,,,
CA,LOS ANGELES TIMES,103000,1980,H,42,42,CA,"VAN DEERLIN, LIONEL",Democrat,1,1,,,,,Los Angeles Times,1419,10633,cand45,-0.419,-0.401,-0.005,100,92,1,,,,,,,,,,,
CA,LOS ANGELES TIMES,103000,1980,H,24,24,CA,"WAXMAN, HENRY A.",Democrat,1,1,,,,,Los Angeles Times,1419,14280,cand295,-0.649,-0.473,-0.343,100,96,1,,,,,,,,,,,
CA,LOS ANGELES TIMES,103000,1982,H,32,32,CA,"ANDERSON, GLENN M.",Democrat,1,1,,,,,Los Angeles Times,1419,12001,cand110,-0.118,-0.269,-0.052,100,97,1,,,,,,,,,,,
CA,LOS ANGELES TIMES,103000,1982,H,23,23,CA,"BEILENSON, ANTHONY C.",Democrat,1,1,,,,,Los Angeles Times,1419,14405,cand318,-1.023,-0.44,-0.605,100,97,1,,,,,,,,,,,
CA,LOS ANGELES TIMES,103000,1982,H,26,26,CA,"BERMAN, HOWARD L.",Democrat,1,,,,,,Los Angeles Times,1419,15005,cand591,-0.746,-0.404,-0.286,100,96,1,,,,,,,,,,,
CA,LOS ANGELES TIMES,103000,1982,H,36,36,CA,"BROWN, GEORGE EDWARD, JR.",Democrat,1,1,,,,,Los Angeles Times,1419,10573,cand23,-0.746,-0.506,-0.028,100,95,1,,,,,,,,,,,
CA,LOS ANGELES TIMES,103000,1982,H,28,28,CA,"DIXON, JULIAN CAREY",Democrat,1,1,,,,,Los Angeles Times,1419,14620,cand411,-0.671,-0.458,-0.076,100,92,1,,,,,,,,,,,
CA,LOS ANGELES TIMES,103000,1982,H,33,33,CA,"DREIER, DAVID T.",Republican,1,,1,,,,Los Angeles Times,1419,14813,cand499,0.975,0.478,-0.084,200,96,1,,,,,,,,,,,
CA,LOS ANGELES TIMES,103000,1982,H,29,29,CA,"HAWKINS, AUGUSTUS F.",Democrat,1,1,,,,,Los Angeles Times,1419,10595,cand31,-0.714,-0.517,-0.369,100,100,1,,,,,,,,,,,
CA,LOS ANGELES TIMES,103000,1982,H,19,19,CA,"LAGOMARSINO, ROBERT J.",Republican,1,,1,,,,Los Angeles Times,1419,14071,cand215,1.064,0.378,-0.267,200,97,1,,,,,,,,,,,
CA,LOS ANGELES TIMES,103000,1982,H,27,27,CA,"LEVINE, MELDON E. (MEL)",Democrat,1,,,,,,Los Angeles Times,1419,15034,cand620,-0.63,-0.436,-0.24,100,100,1,,,,,,,,,,,
CA,LOS ANGELES TIMES,103000,1982,H,35,35,CA,"LEWIS, JERRY",Republican,1,,1,,,,Los Angeles Times,1419,14644,cand434,0.43,0.348,-0.101,200,100,1,,,,,,,,,,,
CA,LOS ANGELES TIMES,103000,1982,H,42,42,CA,"LUNGREN, DANIEL EDWARD (DAN)",Republican,1,,1,,,,Los Angeles Times,1419,14647,cand437,0.996,0.497,-0.054,200,93,1,,,,,,,,,,,
CA,LOS ANGELES TIMES,103000,1982,H,30,30,CA,"MARTINEZ, MATTHEW GILBERT (MARTY)",Democrat,1,,1,,,,Los Angeles Times,1419,14879,cand565,-0.546,-0.341,0.106,100,94,1,,,,,,,,,,,
CA,LOS ANGELES TIMES,103000,1982,H,25,25,CA,"ROYBAL, EDWARD R.",Democrat,1,1,,,,,Los Angeles Times,1419,10621,cand43,-0.591,-0.61,-0.141,100,96,1,,,,,,,,,,,
CA,LOS ANGELES TIMES,103000,1982,H,34,34,CA,"TORRES, ESTEBAN EDWARD",Democrat,1,,,,,,Los Angeles Times,1419,15070,cand655,-0.457,-0.487,0.012,100,90,1,,,,,,,,,,,
CA,LOS ANGELES TIMES,103000,1982,H,24,24,CA,"WAXMAN, HENRY A.",Democrat,1,1,,,,,Los Angeles Times,1419,14280,cand295,-0.649,-0.473,-0.343,100,96,1,,,,,,,,,,,
CA,LOS ANGELES TIMES,103000,1984,H,32,32,CA,"ANDERSON, GLENN M.",Democrat,1,1,,,,,Los Angeles Times,1419,12001,cand110,-0.118,-0.269,-0.052,100,97,1,,,,,,,,,,,
CA,LOS ANGELES TIMES,103000,1984,H,23,23,CA,"BEILENSON, ANTHONY C.",Democrat,1,1,,,,,Los Angeles Times,1419,14405,cand318,-1.023,-0.44,-0.605,100,97,1,,,,,,,,,,,
CA,LOS ANGELES TIMES,103000,1984,H,26,26,CA,"BERMAN, HOWARD L.",Democrat,1,1,,,,,Los Angeles Times,1419,15005,cand591,-0.746,-0.404,-0.286,100,96,1,,,,,,,,,,,
CA,LOS ANGELES TIMES,103000,1984,H,40,40,CA,"BRADFORD, CAROL ANN",Democrat,1,,1,,,,Los Angeles Times,1419,H4CA40015,cand46118,-0.77,,,100,100,1,,,,,,,,,,,
CA,LOS ANGELES TIMES,103000,1984,H,36,36,CA,"BROWN, GEORGE EDWARD, JR.",Democrat,1,1,,,,,Los Angeles Times,1419,10573,cand23,-0.746,-0.506,-0.028,100,95,1,,,,,,,,,,,
CA,LOS ANGELES TIMES,103000,1984,H,28,28,CA,"DIXON, JULIAN CAREY",Democrat,1,1,,,,,Los Angeles Times,1419,14620,cand411,-0.671,-0.458,-0.076,100,92,1,,,,,,,,,,,
CA,LOS ANGELES TIMES,103000,1984,H,33,33,CA,"DREIER, DAVID T.",Republican,1,,1,,,,Los Angeles Times,1419,14813,cand499,0.975,0.478,-0.084,200,96,1,,,,,,,,,,,
CA,LOS ANGELES TIMES,103000,1984,H,29,29,CA,"HAWKINS, AUGUSTUS F.",Democrat,1,1,,,,,Los Angeles Times,1419,10595,cand31,-0.714,-0.517,-0.369,100,100,1,,,,,,,,,,,
CA,LOS ANGELES TIMES,103000,1984,H,19,19,CA,"LAGOMARSINO, ROBERT J.",Republican,1,,1,,,,Los Angeles Times,1419,14071,cand215,1.064,0.378,-0.267,200,97,1,,,,,,,,,,,
CA,LOS ANGELES TIMES,103000,1984,H,27,27,CA,"LEVINE, MELDON E. (MEL)",Democrat,1,1,,,,,Los Angeles Times,1419,15034,cand620,-0.63,-0.436,-0.24,100,100,1,,,,,,,,,,,
CA,LOS ANGELES TIMES,103000,1984,H,35,35,CA,"LEWIS, JERRY",Republican,1,,1,,,,Los Angeles Times,1419,14644,cand434,0.43,0.348,-0.101,200,100,1,,,,,,,,,,,
CA,LOS ANGELES TIMES,103000,1984,H,42,42,CA,"LUNGREN, DANIEL EDWARD (DAN)",Republican,1,,1,,,,Los Angeles Times,1419,14647,cand437,0.996,0.497,-0.054,200,93,1,,,,,,,,,,,
CA,LOS ANGELES TIMES,103000,1984,H,30,30,CA,"MARTINEZ, MATTHEW GILBERT (MARTY)",Democrat,1,1,,,,,Los Angeles Times,1419,14879,cand565,-0.546,-0.341,0.106,100,94,1,,,,,,,,,,,
CA,LOS ANGELES TIMES,103000,1984,H,38,38,CA,"PATTERSON, JERRY M.",Democrat,1,1,,,,,Los Angeles Times,1419,14266,cand283,-0.47,-0.367,0.007,100,97,1,,,,,,,,,,,
CA,LOS ANGELES TIMES,103000,1984,H,25,25,CA,"ROYBAL, EDWARD R.",Democrat,1,1,,,,,Los Angeles Times,1419,10621,cand43,-0.591,-0.61,-0.141,100,96,1,,,,,,,,,,,
CA,LOS ANGELES TIMES,103000,1984,H,20,20,CA,"THOMAS, WILLIAM MARSHALL (BILL)",Republican,1,,1,,,,Los Angeles Times,1419,14669,cand459,0.745,0.371,-0.277,200,93,1,,,,,,,,,,,
CA,LOS ANGELES TIMES,103000,1984,H,34,34,CA,"TORRES, ESTEBAN EDWARD",Democrat,1,1,,,,,Los Angeles Times,1419,15070,cand655,-0.457,-0.487,0.012,100,90,1,,,,,,,,,,,
CA,LOS ANGELES TIMES,103000,1984,H,24,24,CA,"WAXMAN, HENRY A.",Democrat,1,1,,,,,Los Angeles Times,1419,14280,cand295,-0.649,-0.473,-0.343,100,96,1,,,,,,,,,,,
CA,LOS ANGELES TIMES,103000,1986,ATTORNEY GENERAL,,,CA,"VAN DE KAMP, JOHN K.",Democrat,1,1,,,,,Los Angeles Times,1419,,,,,,,,,,,,,,,,,,,
CA,LOS ANGELES TIMES,103000,1986,COMPTROLLER,,,CA,"DAVIS, JOSEPH G. (GRAY)",Democrat,1,,,,,,Los Angeles Times,1419,,,,,,,,,,,,,,,,,,,
CA,LOS ANGELES TIMES,103000,1986,H,21,21,CA,"GALLEGLY, ELTON WILLIAM",Republican,1,,,,,,Los Angeles Times,1419,15413,cand726,0.94,0.402,-0.1,200,100,1,,,,,,,,,,,
CA,LOS ANGELES TIMES,103000,1986,H,40,40,CA,"SUMNER, BRUCE W.",Democrat,1,,1,,,,Los Angeles Times,1419,H6CA40218,cand49715,-0.604,,,100,100,1,,,,,,,,,,,
CA,LOS ANGELES TIMES,103000,1986,LT GOVERNOR,,,CA,"MCCARTHY, LEO TARCISIUS",Democrat,1,1,,,,,Los Angeles Times,1419,,,,,,,,,,,,,,,,,,,
CA,LOS ANGELES TIMES,103000,1986,SEC OF STATE,,,CA,"FONG EU, MARCH K.",Democrat,1,1,,,,,Los Angeles Times,1419,,,,,,,,,,,,,,,,,,,
CA,LOS ANGELES TIMES,103000,1986,TREASURER,,,CA,"UNRUH, JESSE M.",Democrat,1,1,,,,,Los Angeles Times,1419,,,,,,,,,,,,,,,,,,,
CA,LOS ANGELES TIMES,103000,1988,H,32,32,CA,"ANDERSON, GLENN M.",Democrat,1,1,,,,,Los Angeles Times,1419,12001,cand110,-0.118,-0.269,-0.052,100,97,1,,,,,,,,,,,
CA,LOS ANGELES TIMES,103000,1988,H,23,23,CA,"BEILENSON, ANTHONY C.",Democrat,1,1,,,,,Los Angeles Times,1419,14405,cand318,-1.023,-0.44,-0.605,100,97,1,,,,,,,,,,,
CA,LOS ANGELES TIMES,103000,1988,H,36,36,CA,"BROWN, GEORGE EDWARD, JR.",Democrat,1,1,,,,,Los Angeles Times,1419,10573,cand23,-0.746,-0.506,-0.028,100,95,1,,,,,,,,,,,
CA,LOS ANGELES TIMES,103000,1988,H,28,28,CA,"DIXON, JULIAN CAREY",Democrat,1,1,,,,,Los Angeles Times,1419,14620,cand411,-0.671,-0.458,-0.076,100,92,1,,,,,,,,,,,
CA,LOS ANGELES TIMES,103000,1988,H,19,19,CA,"HART, GARY K.",Democrat,1,,1,,,,Los Angeles Times,1419,H8CA19036,cand53585,-0.829,,,100,96,1,,,,,,,,,,,
CA,LOS ANGELES TIMES,103000,1988,H,29,29,CA,"HAWKINS, AUGUSTUS F.",Democrat,1,1,,,,,Los Angeles Times,1419,10595,cand31,-0.714,-0.517,-0.369,100,100,1,,,,,,,,,,,
CA,LOS ANGELES TIMES,103000,1988,H,35,35,CA,"LEWIS, JERRY",Republican,1,,1,,,,Los Angeles Times,1419,14644,cand434,0.43,0.348,-0.101,200,100,1,,,,,,,,,,,
CA,LOS ANGELES TIMES,103000,1988,H,25,25,CA,"ROYBAL, EDWARD R.",Democrat,1,1,,,,,Los Angeles Times,1419,10621,cand43,-0.591,-0.61,-0.141,100,96,1,,,,,,,,,,,
CA,LOS ANGELES TIMES,103000,1988,H,20,20,CA,"THOMAS, WILLIAM MARSHALL (BILL)",Republican,1,,1,,,,Los Angeles Times,1419,14669,cand459,0.745,0.371,-0.277,200,93,1,,,,,,,,,,,
CA,LOS ANGELES TIMES,103000,1988,H,24,24,CA,"WAXMAN, HENRY A.",Democrat,1,1,,,,,Los Angeles Times,1419,14280,cand295,-0.649,-0.473,-0.343,100,96,1,,,,,,,,,,,
CA,LOS ANGELES TIMES,103000,1988,H,38,38,CA,"YUDELSON, JERRY M.",Democrat,1,,1,,,,Los Angeles Times,1419,H8CA38051,cand53755,-0.79,,,100,97,1,,,,,,,,,,,
CA,LOS ANGELES TIMES,103000,1990,ATTORNEY GENERAL,,,CA,"SMITH, ARLO",Democrat,1,,,,,,Los Angeles Times,1419,,,,,,,,,,,,,,,,,,,
CA,LOS ANGELES TIMES,103000,1990,COMPTROLLER,,,CA,"DAVIS, JOSEPH G. (GRAY)",Democrat,1,1,,,,,Los Angeles Times,1419,,,,,,,,,,,,,,,,,,,
CA,LOS ANGELES TIMES,103000,1990,H,36,36,CA,"BROWN, GEORGE EDWARD, JR.",Democrat,1,1,,,,,Los Angeles Times,1419,10573,cand23,-0.746,-0.506,-0.028,100,95,1,,,,,,,,,,,
CA,LOS ANGELES TIMES,103000,1990,H,30,30,CA,"FRANCO, REUBEN DANIEL",Republican,1,1,,,,,Los Angeles Times,1419,H8CA29027,cand53664,0.896,,,200,100,1,,,,,,,,,,,
CA,LOS ANGELES TIMES,103000,1990,INSURANCE COMMISSIONER,,,CA,"BANNISTER, WES",Republican,1,,,,,,Los Angeles Times,1419,,,,,,,,,,,,,,,,,,,
CA,LOS ANGELES TIMES,103000,1990,LT GOVERNOR,,,CA,"MCCARTHY, LEO TARCISIUS",Democrat,1,1,,,,,Los Angeles Times,1419,,,,,,,,,,,,,,,,,,,
CA,LOS ANGELES TIMES,103000,1990,SEC OF STATE,,,CA,"FONG EU, MARCH K.",Democrat,1,1,,,,,Los Angeles Times,1419,,,,,,,,,,,,,,,,,,,
CA,LOS ANGELES TIMES,103000,1990,TREASURER,,,CA,"BROWN, KATHLEEN",Democrat,1,,,,,,Los Angeles Times,1419,,,,,,,,,,,,,,,,,,,
CA,LOS ANGELES TIMES,103000,1992,H,24,24,CA,"BEILENSON, ANTHONY C.",Democrat,1,1,,,,,Los Angeles Times,1419,14405,cand318,-1.023,-0.44,-0.605,100,97,1,,,,,,,,,,,
CA,LOS ANGELES TIMES,103000,1992,H,32,32,CA,"DIXON, JULIAN CAREY",Democrat,1,1,,,,,Los Angeles Times,1419,14620,cand411,-0.671,-0.458,-0.076,100,92,1,,,,,,,,,,,
CA,LOS ANGELES TIMES,103000,1992,H,31,31,CA,"FRANCO, REUBEN DANIEL",Republican,1,1,,,,,Los Angeles Times,1419,H8CA29027,cand53664,0.896,,,200,93,1,,,,,,,,,,,
CA,LOS ANGELES TIMES,103000,1992,H,36,36,CA,"HARMAN, JANE",Democrat,1,,,,,,Los Angeles Times,1419,29318,cand1257,-0.683,-0.262,-0.12,100,100,1,,,,,,,,,,,
CA,LOS ANGELES TIMES,103000,1992,H,38,38,CA,"HORN, JOHN STEPHEN (STEVE)",Republican,1,,,,,,Los Angeles Times,1419,29320,cand1259,0.801,0.167,-0.651,200,81,0.7,,,,,,,,,,,
CA,LOS ANGELES TIMES,103000,1992,H,41,41,CA,"KIM, JAY C.",Republican,1,,,,,,Los Angeles Times,1419,29322,cand1261,0.471,0.39,-0.084,200,95,1,,,,,,,,,,,
CA,LOS ANGELES TIMES,103000,1992,H,34,34,CA,"TORRES, ESTEBAN EDWARD",Democrat,1,1,,,,,Los Angeles Times,1419,15070,cand655,-0.457,-0.487,0.012,100,90,1,,,,,,,,,,,
CA,LOS ANGELES TIMES,103000,1992,H,28,28,CA,"WACHTEL, AL",Democrat,1,,1,,,,Los Angeles Times,1419,H2CA28089,cand40731,-0.877,,,100,100,1,,,,,,,,,,,
CA,LOS ANGELES TIMES,103000,1994,ATTORNEY GENERAL,,,CA,"UMBERG, TOM",Democrat,1,,1,,,,Los Angeles Times,1419,,,,,,,,,,,,,,,,,,,
CA,LOS ANGELES TIMES,103000,1994,COMPTROLLER,,,CA,"CONNELL, KATHLEEN",Democrat,1,,,,,,Los Angeles Times,1419,,,,,,,,,,,,,,,,,,,
CA,LOS ANGELES TIMES,103000,1994,GOVERNOR,,,CA,"WILSON, PETER B. (PETE)",Republican,1,,1,,,,Los Angeles Times,1419,,,,,,,,,,,,,,,,,,,
CA,LOS ANGELES TIMES,103000,1994,H,30,30,CA,"BECERRA, XAVIER",Democrat,1,1,,,,,Los Angeles Times,1419,29316,cand1255,-0.589,-0.512,-0.283,100,100,1,,,,,,,,,,,
CA,LOS ANGELES TIMES,103000,1994,H,24,24,CA,"BEILENSON, ANTHONY C.",Democrat,1,1,,,,,Los Angeles Times,1419,14405,cand318,-1.023,-0.44,-0.605,100,97,1,,,,,,,,,,,
CA,LOS ANGELES TIMES,103000,1994,H,26,26,CA,"BERMAN, HOWARD L.",Democrat,1,1,,,,,Los Angeles Times,1419,15005,cand591,-0.746,-0.404,-0.286,100,96,1,,,,,,,,,,,
CA,LOS ANGELES TIMES,103000,1994,H,42,42,CA,"BROWN, GEORGE EDWARD, JR.",Democrat,1,1,,,,,Los Angeles Times,1419,10573,cand23,-0.746,-0.506,-0.028,100,95,1,,,,,,,,,,,
CA,LOS ANGELES TIMES,103000,1994,H,47,47,CA,"COX, C. CHRISTOPHER",Republican,1,,1,,,,Los Angeles Times,1419,15601,cand774,1.042,0.54,-0.236,200,91,1,,,,,,,,,,,
CA,LOS ANGELES TIMES,103000,1994,H,32,32,CA,"DIXON, JULIAN CAREY",Democrat,1,1,,,,,Los Angeles Times,1419,14620,cand411,-0.671,-0.458,-0.076,100,92,1,,,,,,,,,,,
CA,LOS ANGELES TIMES,103000,1994,H,28,28,CA,"DREIER, DAVID T.",Republican,1,,1,,,,Los Angeles Times,1419,14813,cand499,0.975,0.478,-0.084,200,96,1,,,,,,,,,,,
CA,LOS ANGELES TIMES,103000,1994,H,36,36,CA,"HARMAN, JANE",Democrat,1,1,,,,,Los Angeles Times,1419,29318,cand1257,-0.683,-0.262,-0.12,100,100,1,,,,,,,,,,,
CA,LOS ANGELES TIMES,103000,1994,H,38,38,CA,"HORN, JOHN STEPHEN (STEVE)",Republican,1,,1,,,,Los Angeles Times,1419,29320,cand1259,0.801,0.167,-0.651,200,81,0.7,,,,,,,,,,,
CA,LOS ANGELES TIMES,103000,1994,H,33,33,CA,"ROYBAL-ALLARD, LUCILLE",Democrat,1,1,,,,,Los Angeles Times,1419,,,,,,,,,,,,,,,,,,,
CA,LOS ANGELES TIMES,103000,1994,H,43,43,CA,"TAKANO, MARK ALLAN",Democrat,1,,1,,,,Los Angeles Times,1419,21312,cand145453,-0.922,-0.46,-0.327,100,100,1,,,,,,,,,,,
CA,LOS ANGELES TIMES,103000,1994,H,34,34,CA,"TORRES, ESTEBAN EDWARD",Democrat,1,1,,,,,Los Angeles Times,1419,15070,cand655,-0.457,-0.487,0.012,100,90,1,,,,,,,,,,,
CA,LOS ANGELES TIMES,103000,1994,H,35,35,CA,"WATERS, MAXINE",Democrat,1,1,,,,,Los Angeles Times,1419,29106,cand1195,-0.775,-0.656,-0.095,100,100,1,,,,,,,,,,,
CA,LOS ANGELES TIMES,103000,1994,H,29,29,CA,"WAXMAN, HENRY A.",Democrat,1,1,,,,,Los Angeles Times,1419,14280,cand295,-0.649,-0.473,-0.343,100,96,1,,,,,,,,,,,
CA,LOS ANGELES TIMES,103000,1994,INSURANCE COMMISSIONER,,,CA,"TORRES, ART",Democrat,1,,,,,,Los Angeles Times,1419,,,,,,,,,,,,,,,,,,,
CA,LOS ANGELES TIMES,103000,1994,LT GOVERNOR,,,CA,"DAVIS, JOSEPH G. (GRAY)",Democrat,1,,,,,,Los Angeles Times,1419,,,,,,,,,,,,,,,,,,,
CA,LOS ANGELES TIMES,103000,1994,SEC OF STATE,,,CA,"MILLER, TONY",Democrat,1,,,,,,Los Angeles Times,1419,,,,,,,,,,,,,,,,,,,
CA,LOS ANGELES TIMES,103000,1994,SENATOR,,,CA,"FEINSTEIN, DIANNE",Democrat,1,1,,,,,Los Angeles Times,1419,49300,cand1616,-0.763,-0.268,-0.184,100,100,1,,,,,,,,,,,
CA,LOS ANGELES TIMES,103000,1994,STATE BOARD OF ED,,,CA,"EASTIN, DELAINE",Nonpartisan,1,,,,,,Los Angeles Times,1419,,,,,,,,,,,,,,,,,,,
CA,LOS ANGELES TIMES,103000,1994,TREASURER,,,CA,"FONG, MATTHEW K. (MATT)",Republican,1,,,,,,Los Angeles Times,1419,,,,,,,,,,,,,,,,,,,
CA,LOS ANGELES TIMES,103000,1996,H,36,36,CA,"HARMAN, JANE",Democrat,1,1,,,,,Los Angeles Times,1419,29318,cand1257,-0.683,-0.262,-0.12,100,100,1,,,,,,,,,,,
CA,LOS ANGELES TIMES,103000,1996,H,38,38,CA,"HORN, JOHN STEPHEN (STEVE)",Republican,1,,1,,,,Los Angeles Times,1419,29320,cand1259,0.801,0.167,-0.651,200,81,0.7,,,,,,,,,,,
CA,LOS ANGELES TIMES,103000,1996,H,24,24,CA,"SHERMAN, BRAD",Democrat,1,,,,,,Los Angeles Times,1419,29707,cand1433,-0.511,-0.343,-0.136,100,100,1,,,,,,,,,,,
CA,LOS ANGELES TIMES,103000,1998,ATTORNEY GENERAL,,,CA,"LOCKYER, BILL",Democrat,1,,,,,,Los Angeles Times,1419,,,,,,,,,,,,,,,,,,,
CA,LOS ANGELES TIMES,103000,1998,COMPTROLLER,,,CA,"CONNELL, KATHLEEN",Democrat,1,1,,,,,Los Angeles Times,1419,,,,,,,,,,,,,,,,,,,
CA,LOS ANGELES TIMES,103000,1998,GOVERNOR,,,CA,"DAVIS, JOSEPH G. (GRAY)",Democrat,1,,,,,,Los Angeles Times,1419,S2CA00344,cand104419,-0.493,,,100,100,1,,,,,,,,,,,
CA,LOS ANGELES TIMES,103000,1998,INSURANCE COMMISSIONER,,,CA,"MARTINEZ, DIANE",Democrat,0,,1,,NO ENDORSEMENT,,Los Angeles Times,1419,,,,,,,,,,,,,,,,,,,
CA,LOS ANGELES TIMES,103000,1998,INSURANCE COMMISSIONER,,,CA,"QUACKENBUSH, CHARLES W.",Republican,0,,1,,NO ENDORSEMENT,,Los Angeles Times,1419,,,,,,,,,,,,,,,,,,,
CA,LOS ANGELES TIMES,103000,1998,LT GOVERNOR,,,CA,"BUSTAMANTE, CRUZ M.",Democrat,1,,,,,,Los Angeles Times,1419,CA12261,cand27205,-0.623,,,100,97,1,,,,,,,,,,,
CA,LOS ANGELES TIMES,103000,1998,SEC OF STATE,,,CA,"JONES, WILLIAM LEON (BILL)",Republican,1,,1,,,,Los Angeles Times,1419,,,,,,,,,,,,,,,,,,,
CA,LOS ANGELES TIMES,103000,1998,SENATOR,,,CA,"FONG, MATTHEW K. (MATT)",Republican,1,1,,,,,Los Angeles Times,1419,S8CA00127,cand106783,0.71,,,200,92,1,,,,,,,,,,,
CA,LOS ANGELES TIMES,103000,1998,STATE BOARD OF ED,,,CA,"EASTIN, DELAINE",Nonpartisan,1,,,1,,,Los Angeles Times,1419,,,,,,,,,,,,,,,,,,,
CA,LOS ANGELES TIMES,103000,1998,TREASURER,,,CA,"ANGELIDES, PHIL",Democrat,1,,,,,,Los Angeles Times,1419,CA11221,cand27150,-0.711,,,100,100,1,,,,,,,,,,,
CA,LOS ANGELES TIMES,103000,2000,H,36,36,CA,"KUYKENDALL, STEVEN T.",Republican,1,,1,,,,Los Angeles Times,1419,29904,cand1508,0.939,0.219,-0.462,200,97,1,,,,,,,,,,,
CA,LOS ANGELES TIMES,103000,2000,H,46,46,CA,"SANCHEZ, LORETTA L.",Democrat,1,1,,,,,Los Angeles Times,1419,29709,cand1435,-0.656,-0.367,0.025,100,100,1,,,,,,,,,,,
CA,LOS ANGELES TIMES,103000,2000,H,27,27,CA,"SCHIFF, ADAM B.",Democrat,1,,1,,,,Los Angeles Times,1419,20104,cand223228,-0.972,-0.352,-0.12,100,100,1,,,,,,,,,,,
CA,LOS ANGELES TIMES,103000,2000,SENATOR,,,CA,"FEINSTEIN, DIANNE",Democrat,1,1,,,,,Los Angeles Times,1419,49300,cand1616,-0.763,-0.268,-0.184,100,100,1,,,,,,,,,,,
CA,LOS ANGELES TIMES,103000,2002,ATTORNEY GENERAL,,,CA,"LOCKYER, BILL",Democrat,1,1,,,,,Los Angeles Times,1419,,,,,,,,,,,,,,,,,,,
CA,LOS ANGELES TIMES,103000,2002,COMPTROLLER,,,CA,"WESTLY, STEVE",Democrat,1,,,,,,Los Angeles Times,1419,,,,,,,,,,,,,,,,,,,
CA,LOS ANGELES TIMES,103000,2002,GOVERNOR,,,CA,"DAVIS, JOSEPH G. (GRAY)",Democrat,1,1,,,,,Los Angeles Times,1419,S2CA00344,cand104419,-0.493,,,100,100,1,,,,,,,,,,,
CA,LOS ANGELES TIMES,103000,2002,INSURANCE COMMISSIONER,,,CA,"GARAMENDI, JOHN R.",Democrat,1,,,,,,Los Angeles Times,1419,,,,,,,,,,,,,,,,,,,
CA,LOS ANGELES TIMES,103000,2002,LT GOVERNOR,,,CA,"BUSTAMANTE, CRUZ M.",Democrat,1,1,,,,,Los Angeles Times,1419,,,,,,,,,,,,,,,,,,,
CA,LOS ANGELES TIMES,103000,2002,SEC OF STATE,,,CA,"SHELLEY, KEVIN",Democrat,1,,,,,,Los Angeles Times,1419,,,,,,,,,,,,,,,,,,,
CA,LOS ANGELES TIMES,103000,2002,STATE BOARD OF ED,,,CA,"O'CONNELL, JACK T.",Nonpartisan,1,,,,,,Los Angeles Times,1419,,,,,,,,,,,,,,,,,,,
CA,LOS ANGELES TIMES,103000,2002,TREASURER,,,CA,"ANGELIDES, PHIL",Democrat,1,1,,,,,Los Angeles Times,1419,CA11221,cand27150,-0.711,,,100,100,1,,,,,,,,,,,
CA,LOS ANGELES TIMES,103000,2004,PRESIDENT,,,CA,"BUSH, GEORGE P.",Republican,0,,1,,ENDORSED NEITHER,,Los Angeles Times,1419,99908,cand3332nominee,0.98,0.557,-0.547,200,100,1,,,,,,,,,,,
CA,LOS ANGELES TIMES,103000,2004,PRESIDENT,,,CA,"KERRY, JOHN",Democrat,0,,1,,ENDORSED NEITHER,,Los Angeles Times,1419,14920,cand583,-0.759,-0.352,-0.382,100,91,1,,,,,,,,,,,
CA,LOS ANGELES TIMES,103000,2006,ATTORNEY GENERAL,,,CA,"BROWN, EDMUND G. (JERRY), JR.",Democrat,1,,,,,,Los Angeles Times,1419,CA70023,cand162602,-0.654,,,100,100,1,,,,,,,,,,,
CA,LOS ANGELES TIMES,103000,2006,COMPTROLLER,,,CA,"CHIANG, JOHN",Democrat,1,,,,,,Los Angeles Times,1419,,,,,,,,,,,,,,,,,,,
CA,LOS ANGELES TIMES,103000,2006,GOVERNOR,,,CA,"SCHWARZENEGGER, ARNOLD",Republican,1,,,,,,Los Angeles Times,1419,CA4450,cand28657,0.888,,,200,100,1,,,,,,,,,,,
CA,LOS ANGELES TIMES,103000,2006,INSURANCE COMMISSIONER,,,CA,"POIZNER, STEVE",Republican,1,,,,,,Los Angeles Times,1419,,,,,,,,,,,,,,,,,,,
CA,LOS ANGELES TIMES,103000,2006,LT GOVERNOR,,,CA,"GARAMENDI, JOHN R.",Democrat,1,,,,,,Los Angeles Times,1419,20958,cand1085,-0.604,-0.313,-0.095,100,100,1,,,,,,,,,,,
CA,LOS ANGELES TIMES,103000,2006,SEC OF STATE,,,CA,"MCPHERSON, BRUCE",Republican,1,,,,,,Los Angeles Times,1419,,,,,,,,,,,,,,,,,,,
CA,LOS ANGELES TIMES,103000,2006,SENATOR,,,CA,"FEINSTEIN, DIANNE",Democrat,1,1,,,,,Los Angeles Times,1419,49300,cand1616,-0.763,-0.268,-0.184,100,100,1,,,,,,,,,,,
CA,LOS ANGELES TIMES,103000,2006,TREASURER,,,CA,"LOCKYER, BILL",Democrat,1,,,,,,Los Angeles Times,1419,,,,,,,,,,,,,,,,,,,
CA,LOS ANGELES TIMES,103000,2008,PRESIDENT,,,CA,"OBAMA, BARACK",Democrat,1,,,,,,Los Angeles Times,1419,99911,cand169967,-1.095,-0.358,-0.197,100,100,1,,,,,,,,,,,
CA,LOS ANGELES TIMES,103000,2012,PRESIDENT,,,CA,"OBAMA, BARACK",Democrat,1,1,,,,,Los Angeles Times,1419,99911,cand169967,-1.095,-0.358,-0.197,100,100,1,,,,,,,,,,,
CA,LOS ANGELES TIMES,103000,2016,PRESIDENT,,,CA,"CLINTON, HILLARY RODHAM",Democrat,1,,,,HTTP://WWW.LATIMES.COM/OPINION/EDITORIALS/LA-ED-HILLARY-ENDORSEMENT-20160923-SP-STORY.HTML,,Los Angeles Times,1419,40105nominee,cand1572nominee,-1.058,-0.367,-0.243,100,100,1,,,,,,,,,,,
CA,LOS ANGELES TIMES,103000,2020,PRESIDENT,,,CA,"BIDEN, JOSEPH R., JR.",Democrat,1,,1,,HTTPS://WWW.LATIMES.COM/OPINION/STORY/2020-09-10/BIDEN-PRESIDENT-ELECTION-2020-LOS-ANGELES-TIMES-ENDORSEMENT,,Los Angeles Times,1419,14101nominee,cand221nominee,-1.006,-0.314,-0.042,100,92,1,,,,,,,,,,,
CA,OAKLAND TRIBUNE,103350,1940,H,6,6,CA,"CARTER, ALBERT EDWARD","R,D,S,PG,TN",1,1,1,1,,,Oakland Tribune,760,1545,,,0.163,-0.423,,,,"CARTER, Albert Edward",100,1,,,,,,,,
CA,OAKLAND TRIBUNE,103350,1940,H,7,7,CA,"ELTSE, RALPH R.",Republican,1,1,,,,,Oakland Tribune,760,,,,,,,,,,,,,,,,,,,
CA,OAKLAND TRIBUNE,103350,1940,SENATOR,,0,CA,"JOHNSON, HIRAM WARREN",Republican,1,,1,,,,Oakland Tribune,760,4962,,,0.294,0.714,,,,"JOHNSON, Hiram Warren",100,1,,,,,,,,
CA,OAKLAND TRIBUNE,103350,1942,ATTORNEY GENERAL,,0,CA,"WARE, WALLACE L.",Republican,1,,,,,,Oakland Tribune,760,,,,,,,,,,,,,,,,,,,
CA,OAKLAND TRIBUNE,103350,1942,GOVERNOR,,0,CA,"WARREN, EARL",Republican,1,1,,,,,Oakland Tribune,760,,,,,,,,,,,,,,,,,,,
CA,OAKLAND TRIBUNE,103350,1942,LT GOVERNOR,,0,CA,"HOUSER, FREDERICK F.",Republican,1,1,,,,,Oakland Tribune,760,,,,,,,,,,,,,,,,,,,
CA,OAKLAND TRIBUNE,103350,1942,SEC OF STATE,,0,CA,"JORDAN, FRANK M.",Republican,1,,,,,,Oakland Tribune,760,,,,,,,,,,,,,,,,,,,
CA,OAKLAND TRIBUNE,103350,1942,TREASURER,,0,CA,"JOHNSON, CHARLES G.","R,D",1,1,1,,,,Oakland Tribune,760,,,,,,,,,,,,,,,,,,,
CA,OAKLAND TRIBUNE,103350,1944,H,6,6,CA,"CARTER, ALBERT EDWARD",Republican,1,,1,,,,Oakland Tribune,760,,,,,,,,,,,,,,,,,,,
CA,OAKLAND TRIBUNE,103350,1944,H,7,7,CA,"WALTER, CHESLEY M.",Republican,1,1,,,,,Oakland Tribune,760,,,,,,,,,,,,,,,,,,,
CA,OAKLAND TRIBUNE,103350,1944,SENATOR,,,CA,"HOUSER, FREDERICK F.",Republican,1,1,,,,,Oakland Tribune,760,,,,,,,,,,,,,,,,,,,
CA,OAKLAND TRIBUNE,103350,1946,ATTORNEY GENERAL,,,CA,"HOWSER, FRED N.",Republican,1,,,,,,Oakland Tribune,760,,,,,,,,,,,,,,,,,,,
CA,OAKLAND TRIBUNE,103350,1946,COMPTROLLER,,,CA,"KUCHEL, THOMAS HENRY","R,D",1,,,,,,Oakland Tribune,760,,,,,,,,,,,,,,,,,,,
CA,OAKLAND TRIBUNE,103350,1946,GOVERNOR,,,CA,"WARREN, EARL","R,D",1,1,1,,,,Oakland Tribune,760,,,,,,,,,,,,,,,,,,,
CA,OAKLAND TRIBUNE,103350,1946,H,7,7,CA,"ALLEN, JOHN JOSEPH, JR.",Republican,1,,,,,,Oakland Tribune,760,116,,,0.2,-0.39,,,,"ALLEN, John Joseph, Jr.",100,1,,,,,,,,
CA,OAKLAND TRIBUNE,103350,1946,LT GOVERNOR,,,CA,"KNIGHT, GOODWIN J.",Republican,1,,,,,,Oakland Tribune,760,,,,,,,,,,,,,,,,,,,
CA,OAKLAND TRIBUNE,103350,1946,SEC OF STATE,,,CA,"JORDAN, FRANK M.","R,D",1,1,1,,,,Oakland Tribune,760,,,,,,,,,,,,,,,,,,,
CA,OAKLAND TRIBUNE,103350,1946,SENATOR,,,CA,"KNOWLAND, WILLIAM FIFE",Republican,1,,,,,,Oakland Tribune,760,5343,,,0.227,-0.453,,,,"KNOWLAND, William Fife",100,1,,,,,,,,
CA,OAKLAND TRIBUNE,103350,1946,TREASURER,,,CA,"JOHNSON, CHARLES G.","R,D",1,1,1,,,,Oakland Tribune,760,,,,,,,,,,,,,,,,,,,
CA,OAKLAND TRIBUNE,103350,1948,H,7,7,CA,"ALLEN, JOHN JOSEPH, JR.",Republican,1,,1,,,,Oakland Tribune,760,116,,,0.2,-0.39,,,,"ALLEN, John Joseph, Jr.",100,1,,,,,,,,
CA,OAKLAND TRIBUNE,103350,1950,ATTORNEY GENERAL,,,CA,"SHATTUCK, EDWARD S.",Republican,1,,,,,,Oakland Tribune,760,,,,,,,,,,,,,,,,,,,
CA,OAKLAND TRIBUNE,103350,1950,COMPTROLLER,,,CA,"KUCHEL, THOMAS HENRY","R,D",1,1,1,,,,Oakland Tribune,760,,,,,,,,,,,,,,,,,,,
CA,OAKLAND TRIBUNE,103350,1950,GOVERNOR,,,CA,"WARREN, EARL",Republican,1,,1,,,,Oakland Tribune,760,,,,,,,,,,,,,,,,,,,
CA,OAKLAND TRIBUNE,103350,1950,H,7,7,CA,"ALLEN, JOHN JOSEPH, JR.",Republican,1,,1,,,,Oakland Tribune,760,116,,,0.2,-0.39,,,,"ALLEN, John Joseph, Jr.",100,1,,,,,,,,
CA,OAKLAND TRIBUNE,103350,1950,SENATOR,,,CA,"NIXON, RICHARD M.",Republican,1,,,,,,Oakland Tribune,760,6939,,,0.162,-0.388,,,,"NIXON, Richard Milhous",82,0.7,,,,,,,,
CA,OAKLAND TRIBUNE,103350,1952,H,7,7,CA,"ALLEN, JOHN JOSEPH, JR.","R,D",1,1,1,,,,Oakland Tribune,760,116,,,0.2,-0.39,,,,"ALLEN, John Joseph, Jr.",100,1,,,,,,,,
CA,OAKLAND TRIBUNE,103350,1952,H,6,6,CA,"BALDWIN, JOHN FINLEY, JR.",Republican,1,,,,,,Oakland Tribune,760,,,,,,,,,,,,,,,,,,,
CA,OAKLAND TRIBUNE,103350,1952,PRESIDENT,,,CA,"EISENHOWER, DWIGHT D.",Republican,1,,,,,,Oakland Tribune,760,,,,,,,,,,,,,,,,,,,
CA,OAKLAND TRIBUNE,103350,1954,ATTORNEY GENERAL,,,CA,"BROWN, EDMUND G. (PAT)","D,R",1,1,1,,,,Oakland Tribune,760,,,,,,,,,,,,,,,,,,,
CA,OAKLAND TRIBUNE,103350,1954,COMPTROLLER,,,CA,"KIRKWOOD, ROBERT C.",Republican,1,,,,,,Oakland Tribune,760,,,,,,,,,,,,,,,,,,,
CA,OAKLAND TRIBUNE,103350,1954,GOVERNOR,,,CA,"KNIGHT, GOODWIN J.",Republican,1,,,,,,Oakland Tribune,760,,,,,,,,,,,,,,,,,,,
CA,OAKLAND TRIBUNE,103350,1954,H,7,7,CA,"ALLEN, JOHN JOSEPH, JR.",Republican,1,,1,,,,Oakland Tribune,760,116,,,0.2,-0.39,,,,"ALLEN, John Joseph, Jr.",100,1,,,,,,,,
CA,OAKLAND TRIBUNE,103350,1954,H,6,6,CA,"BALDWIN, JOHN FINLEY, JR.",Republican,1,1,,,,,Oakland Tribune,760,387,,,0.055,-0.315,,,,"BALDWIN, John Finley, Jr.",100,1,,,,,,,,
CA,OAKLAND TRIBUNE,103350,1954,H,8,8,CA,"RITCHIE, JESS M.",Republican,1,1,,,,,Oakland Tribune,760,,,,,,,,,,,,,,,,,,,
CA,OAKLAND TRIBUNE,103350,1954,LT GOVERNOR,0,0,CA,"POWERS, HAROLD J.",Republican,1,,,,,,Oakland Tribune,760,,,,,,,,,,,,,,,,,,,
CA,OAKLAND TRIBUNE,103350,1954,SEC OF STATE,0,0,CA,"JORDAN, FRANK M.",Republican,1,,1,,,,Oakland Tribune,760,,,,,,,,,,,,,,,,,,,
CA,OAKLAND TRIBUNE,103350,1954,SENATOR,0,0,CA,"KUCHEL, THOMAS HENRY",Republican,1,,,,,,Oakland Tribune,760,5372,,,0.098,-0.61,,,,"KUCHEL, Thomas Henry",100,1,,,,,,,,
CA,OAKLAND TRIBUNE,103350,1954,TREASURER,,,CA,"JOHNSON, CHARLES G.",Republican,1,,1,,,,Oakland Tribune,760,,,,,,,,,,,,,,,,,,,
CA,OAKLAND TRIBUNE,103350,1956,H,7,7,CA,"ALLEN, JOHN JOSEPH, JR.",Republican,1,,1,,,,Oakland Tribune,760,116,,,0.2,-0.39,,,,"ALLEN, John Joseph, Jr.",100,1,,,,,,,,
CA,OAKLAND TRIBUNE,103350,1956,H,6,6,CA,"BALDWIN, JOHN FINLEY, JR.",Republican,1,,1,,,,Oakland Tribune,760,387,,,0.055,-0.315,,,,"BALDWIN, John Finley, Jr.",100,1,,,,,,,,
CA,OAKLAND TRIBUNE,103350,1956,H,8,8,CA,"WATKINS, ROBERT LEE",Republican,1,1,,,,,Oakland Tribune,760,,,,,,,,,,,,,,,,,,,
CA,OAKLAND TRIBUNE,103350,1956,PRESIDENT,,,CA,"EISENHOWER, DWIGHT D.",Republican,1,,1,,,,Oakland Tribune,760,,,,,,,,,,,,,,,,,,,
CA,OAKLAND TRIBUNE,103350,1956,SENATOR,,,CA,"KUCHEL, THOMAS HENRY",Republican,1,,1,,,,Oakland Tribune,760,5372,,,0.098,-0.61,,,,"KUCHEL, Thomas Henry",100,1,,,,,,,,
CA,OAKLAND TRIBUNE,103350,1958,ATTORNEY GENERAL,,,CA,"HILLINGS, PATRICK JEROME",Republican,1,,,,,,Oakland Tribune,760,,,,,,,,,,,,,,,,,,,
CA,OAKLAND TRIBUNE,103350,1958,COMPTROLLER,,,CA,"KIRKWOOD, ROBERT C.",Republican,1,,1,,,,Oakland Tribune,760,,,,,,,,,,,,,,,,,,,
CA,OAKLAND TRIBUNE,103350,1958,GOVERNOR,,,CA,"KNOWLAND, WILLIAM FIFE",Republican,1,,,,,,Oakland Tribune,760,,,,,,,,,,,,,,,,,,,
CA,OAKLAND TRIBUNE,103350,1958,H,7,7,CA,"ALLEN, JOHN JOSEPH, JR.",Republican,1,,1,,,,Oakland Tribune,760,,,,,,,,,,,,,,,,,,,
CA,OAKLAND TRIBUNE,103350,1958,H,6,6,CA,"BALDWIN, JOHN FINLEY, JR.",Republican,1,,1,,,,Oakland Tribune,760,387,,,0.055,-0.315,,,,"BALDWIN, John Finley, Jr.",100,1,,,,,,,,
CA,OAKLAND TRIBUNE,103350,1958,H,8,8,CA,"MILLER, GEORGE PAUL",Democrat,1,1,1,,,,Oakland Tribune,760,6483,,,-0.426,0.204,,,,"MILLER, George Paul",100,1,,,,,,,,
CA,OAKLAND TRIBUNE,103350,1958,LT GOVERNOR,,,CA,"POWERS, HAROLD J.",Republican,1,,1,,,,Oakland Tribune,760,,,,,,,,,,,,,,,,,,,
CA,OAKLAND TRIBUNE,103350,1958,SEC OF STATE,,,CA,"JORDAN, FRANK M.",Republican,1,,1,,,,Oakland Tribune,760,,,,,,,,,,,,,,,,,,,
CA,OAKLAND TRIBUNE,103350,1958,SENATOR,,,CA,"KNIGHT, GOODWIN J.",Republican,1,,,,,,Oakland Tribune,760,,,,,,,,,,,,,,,,,,,
CA,OAKLAND TRIBUNE,103350,1958,TREASURER,,,CA,"BUTTON, A. RONALD",Republican,1,,,,,,Oakland Tribune,760,,,,,,,,,,,,,,,,,,,
CA,OAKLAND TRIBUNE,103350,1960,H,6,6,CA,"BALDWIN, JOHN FINLEY, JR.",Republican,1,,1,,,,Oakland Tribune,760,387,,,0.055,-0.315,,,,"BALDWIN, John Finley, Jr.",100,1,,,,,,,,
CA,OAKLAND TRIBUNE,103350,1960,H,8,8,CA,"HANNON, ROBERT E.",Republican,1,1,,,,,Oakland Tribune,760,,,,,,,,,,,,,,,,,,,
CA,OAKLAND TRIBUNE,103350,1960,H,7,7,CA,"SHERMAN, LEWIS F.",Republican,1,1,,,,,Oakland Tribune,760,,,,,,,,,,,,,,,,,,,
CA,OAKLAND TRIBUNE,103350,1960,PRESIDENT,,,CA,"NIXON, RICHARD M.",Republican,1,,,,,,Oakland Tribune,760,,,,,,,,,,,,,,,,,,,
CA,OAKLAND TRIBUNE,103350,1962,ATTORNEY GENERAL,,,CA,"COAKLEY, TOM",Republican,1,1,,,,,Oakland Tribune,760,,,,,,,,,,,,,,,,,,,
CA,OAKLAND TRIBUNE,103350,1962,COMPTROLLER,,,CA,"REAGAN, BRUCE V.",Republican,1,1,,,,,Oakland Tribune,760,,,,,,,,,,,,,,,,,,,
CA,OAKLAND TRIBUNE,103350,1962,GOVERNOR,,,CA,"NIXON, RICHARD M.",Republican,1,1,,,,,Oakland Tribune,760,,,,,,,,,,,,,,,,,,,
CA,OAKLAND TRIBUNE,103350,1962,H,14,14,CA,"BALDWIN, JOHN FINLEY, JR.",Republican,1,,1,,,,Oakland Tribune,760,387,,,0.055,-0.315,,,,"BALDWIN, John Finley, Jr.",100,1,,,,,,,,
CA,OAKLAND TRIBUNE,103350,1962,H,7,7,CA,"CANTANDO, LEONARD L.",Republican,1,1,,,,,Oakland Tribune,760,,,,,,,,,,,,,,,,,,,
CA,OAKLAND TRIBUNE,103350,1962,H,9,9,CA,"DONOVAN, JOSEPH FRANCIS",Republican,1,,,,,,Oakland Tribune,760,,,,,,,,,,,,,,,,,,,
CA,OAKLAND TRIBUNE,103350,1962,H,8,8,CA,"MILLER, GEORGE PAUL",Democrat,1,1,,,,,Oakland Tribune,760,6483,,,-0.426,0.204,,,,"MILLER, George Paul",100,1,,,,,,,,
CA,OAKLAND TRIBUNE,103350,1962,LT GOVERNOR,,,CA,"CHRISTOPHER, GEORGE",Republican,1,1,,,,,Oakland Tribune,760,,,,,,,,,,,,,,,,,,,
CA,OAKLAND TRIBUNE,103350,1962,SEC OF STATE,,,CA,"JORDAN, FRANK M.",Republican,1,,1,,,,Oakland Tribune,760,,,,,,,,,,,,,,,,,,,
CA,OAKLAND TRIBUNE,103350,1962,SENATOR,,,CA,"KUCHEL, THOMAS HENRY",Republican,1,,1,,,,Oakland Tribune,760,5372,,,0.098,-0.61,,,,"KUCHEL, Thomas Henry",100,1,,,,,,,,
CA,OAKLAND TRIBUNE,103350,1962,SUPERINTENDENT,,,CA,"RAFFERTY, MAX",Republican,1,,,,,,Oakland Tribune,760,,,,,,,,,,,,,,,,,,,
CA,OAKLAND TRIBUNE,103350,1962,TREASURER,,,CA,"BUSTERUD, JOHN A.",Republican,1,1,,,,,Oakland Tribune,760,,,,,,,,,,,,,,,,,,,
CA,OAKLAND TRIBUNE,103350,1964,H,14,14,CA,"BALDWIN, JOHN FINLEY, JR.",Republican,1,,1,,,,Oakland Tribune,760,387,,,0.055,-0.315,,,,"BALDWIN, John Finley, Jr.",100,1,,,,,,,,
CA,OAKLAND TRIBUNE,103350,1964,H,9,9,CA,"HYDE, WILLIAM P.",Republican,1,1,,,,,Oakland Tribune,760,,,,,,,,,,,,,,,,,,,
CA,OAKLAND TRIBUNE,103350,1964,H,8,8,CA,"MCKAY, DONALD E.",Republican,1,1,,,,,Oakland Tribune,760,,,,,,,,,,,,,,,,,,,
CA,OAKLAND TRIBUNE,103350,1964,H,7,7,CA,"MCNUTT, LAWRENCE E.",Republican,1,1,,,,,Oakland Tribune,760,,,,,,,,,,,,,,,,,,,
CA,OAKLAND TRIBUNE,103350,1964,PRESIDENT,,,CA,"GOLDWATER, BARRY M.",Republican,1,1,,,,,Oakland Tribune,760,,,,,,,,,,,,,,,,,,,
CA,OAKLAND TRIBUNE,103350,1964,SENATOR,,,CA,"MURPHY, GEORGE",Republican,1,,,,,,Oakland Tribune,760,10814,,,0.341,-0.251,,,,"MURPHY, George Lloyd",82,0.7,,,,,,,,
CA,OAKLAND TRIBUNE,103350,1966,ATTORNEY GENERAL,,,CA,"WILLIAMS, SPENCER",Republican,1,,,,,,Oakland Tribune,760,,,,,,,,,,,,,,,,,,,
CA,OAKLAND TRIBUNE,103350,1966,COMPTROLLER,,,CA,"FLOURNOY, HOUSTON I.",Republican,1,1,,,,,Oakland Tribune,760,,,,,,,,,,,,,,,,,,,
CA,OAKLAND TRIBUNE,103350,1966,GOVERNOR,,,CA,"REAGAN, RONALD",Republican,1,1,,,,,Oakland Tribune,760,,,,,,,,,,,,,,,,,,,
CA,OAKLAND TRIBUNE,103350,1966,H,7,7,CA,"CHAMPLIN, MALCOLM M.",Republican,1,1,,,,,Oakland Tribune,760,,,,,,,,,,,,,,,,,,,
CA,OAKLAND TRIBUNE,103350,1966,H,9,9,CA,"DURKEE, WILBUR G.",Republican,1,1,,,,,Oakland Tribune,760,,,,,,,,,,,,,,,,,,,
CA,OAKLAND TRIBUNE,103350,1966,H,8,8,CA,"MILLER, GEORGE PAUL",Democrat,1,1,,,,,Oakland Tribune,760,6483,,,-0.426,0.204,,,,"MILLER, George Paul",100,1,,,,,,,,
CA,OAKLAND TRIBUNE,103350,1966,H,14,14,CA,"NEWMAN, FRANK J.",Republican,1,,,,,,Oakland Tribune,760,,,,,,,,,,,,,,,,,,,
CA,OAKLAND TRIBUNE,103350,1966,LT GOVERNOR,,,CA,"FINCH, ROBERT H.",Republican,1,1,,,,,Oakland Tribune,760,,,,,,,,,,,,,,,,,,,
CA,OAKLAND TRIBUNE,103350,1966,SEC OF STATE,,,CA,"JORDAN, FRANK M.",Republican,1,,1,,,,Oakland Tribune,760,,,,,,,,,,,,,,,,,,,
CA,OAKLAND TRIBUNE,103350,1966,TREASURER,,,CA,"PRIEST, IVY BAKER",Republican,1,1,,,,,Oakland Tribune,760,,,,,,,,,,,,,,,,,,,
CA,OAKLAND TRIBUNE,103350,1974,ATTORNEY GENERAL,,,CA,"YOUNGER, EVELLE J.",Republican,1,,1,,,,Oakland Tribune,760,,,,,,,,,,,,,,,,,,,
CA,OAKLAND TRIBUNE,103350,1974,COMPTROLLER,,,CA,"BAGLEY, WILLIAM T.",Republican,1,,,,,,Oakland Tribune,760,,,,,,,,,,,,,,,,,,,
CA,OAKLAND TRIBUNE,103350,1974,GOVERNOR,,,CA,"FLOURNOY, HOUSTON I.",Republican,1,,,,,,Oakland Tribune,760,,,,,,,,,,,,,,,,,,,
CA,OAKLAND TRIBUNE,103350,1974,H,8,8,CA,"DELLUMS, RONALD V.",Democrat,1,1,,,,,Oakland Tribune,760,13011,,,-0.644,-0.646,,,,"DELLUMS, Ronald V.",100,1,,,,,,,,
CA,OAKLAND TRIBUNE,103350,1974,H,7,7,CA,"FERNANDEZ, GARY",Republican,1,,,,,,Oakland Tribune,760,,,,,,,,,,,,,,,,,,,
CA,OAKLAND TRIBUNE,103350,1974,H,9,9,CA,"STARK, FORTNEY HILLMAN (PETE), JR.",Democrat,1,1,,,,,Oakland Tribune,760,14053,,,-0.631,-0.605,,,,"STARK, Fortney Hillman (Pete), Jr.",100,1,,,,,,,,
CA,OAKLAND TRIBUNE,103350,1974,LT GOVERNOR,,,CA,"HARMER, JOHN L.",Republican,1,,,,,,Oakland Tribune,760,,,,,,,,,,,,,,,,,,,
CA,OAKLAND TRIBUNE,103350,1974,SEC OF STATE,,,CA,"FONG EU, MARCH K.",Democrat,1,,,,,,Oakland Tribune,760,,,,,,,,,,,,,,,,,,,
CA,OAKLAND TRIBUNE,103350,1974,SENATOR,,,CA,"CRANSTON, ALAN",Democrat,1,1,,,,,Oakland Tribune,760,12103,,,-0.387,-0.207,,,,"CRANSTON, Alan",100,1,,,,,,,,
CA,OAKLAND TRIBUNE,103350,1974,TREASURER,,,CA,"KEHOE, JOHN T.",Republican,1,,,,,,Oakland Tribune,760,,,,,,,,,,,,,,,,,,,
CA,OAKLAND TRIBUNE,103350,1976,PRESIDENT,,,CA,"FORD, GERALD R.",Republican,1,,1,,,,Oakland Tribune,760,,,,,,,,,,,,,,,,,,,
CA,OAKLAND TRIBUNE,103350,1984,PRESIDENT,,,CA,"MONDALE, WALTER F.",Democrat,1,,1,,,,Oakland Tribune,760,P40000267,cand99575,-0.607,,,100,97,1,,,,,,,,,,,
CA,OAKLAND TRIBUNE,103350,1992,PRESIDENT,,,CA,"CLINTON, WILLIAM J.",Democrat,1,,1,,,,Oakland Tribune,760,99909,cand3333,-0.558,-0.438,0.033,100,80,0.7,,,,,,,,,,,
CA,OAKLAND TRIBUNE,103350,1994,ATTORNEY GENERAL,,,CA,"UMBERG, TOM",Democrat,1,,1,,,,Oakland Tribune,760,,,,,,,,,,,,,,,,,,,
CA,OAKLAND TRIBUNE,103350,1994,COMPTROLLER,,,CA,"MCCLINTOCK, THOMAS MILLER (TOM), II",Republican,1,,,,,,Oakland Tribune,760,,,,,,,,,,,,,,,,,,,
CA,OAKLAND TRIBUNE,103350,1994,GOVERNOR,,,CA,"WILSON, PETER B. (PETE)",Republican,1,,1,,,,Oakland Tribune,760,,,,,,,,,,,,,,,,,,,
CA,OAKLAND TRIBUNE,103350,1994,INSURANCE COMMISSIONER,,,CA,"TORRES, ART",Democrat,1,,,,,,Oakland Tribune,760,,,,,,,,,,,,,,,,,,,
CA,OAKLAND TRIBUNE,103350,1994,LT GOVERNOR,,,CA,"DAVIS, JOSEPH G. (GRAY)",Democrat,1,,,,,,Oakland Tribune,760,,,,,,,,,,,,,,,,,,,
CA,OAKLAND TRIBUNE,103350,1994,SEC OF STATE,,,CA,"MILLER, TONY",Democrat,1,,,,,,Oakland Tribune,760,,,,,,,,,,,,,,,,,,,
CA,OAKLAND TRIBUNE,103350,1994,SENATOR,,,CA,"FEINSTEIN, DIANNE",Democrat,1,1,,,,,Oakland Tribune,760,49300,cand1616,-0.763,-0.268,-0.184,100,100,1,,,,,,,,,,,
CA,OAKLAND TRIBUNE,103350,1994,SUPERINTENDENT,,,CA,"EASTIN, DELAINE",Nonpartisan,1,,,,,,Oakland Tribune,760,,,,,,,,,,,,,,,,,,,
CA,OAKLAND TRIBUNE,103350,1994,TREASURER,,,CA,"FONG, MATTHEW K. (MATT)",Republican,1,,,,,,Oakland Tribune,760,,,,,,,,,,,,,,,,,,,
CA,OAKLAND TRIBUNE,103350,1996,PRESIDENT,,,CA,"CLINTON, WILLIAM J.",Democrat,1,1,,,,,Oakland Tribune,760,99909,cand3333nominee,-0.854,-0.438,0.033,100,80,0.7,,,,,,,,,,,
CA,OAKLAND TRIBUNE,103350,1998,ATTORNEY GENERAL,,,CA,"LOCKYER, BILL",Democrat,1,,,,,,Oakland Tribune,760,,,,,,,,,,,,,,,,,,,
CA,OAKLAND TRIBUNE,103350,1998,COMPTROLLER,,,CA,"CONNELL, KATHLEEN",Democrat,1,1,,,,,Oakland Tribune,760,,,,,,,,,,,,,,,,,,,
CA,OAKLAND TRIBUNE,103350,1998,GOVERNOR,,,CA,"DAVIS, JOSEPH G. (GRAY)",Democrat,1,,,,,,Oakland Tribune,760,S2CA00344,cand104419,-0.493,,,100,100,1,,,,,,,,,,,
CA,OAKLAND TRIBUNE,103350,1998,H,14,14,CA,"ESHOO, ANNA G.",Democrat,1,1,,,,,Oakland Tribune,760,29312,cand1251,-0.809,-0.379,-0.372,100,100,1,,,,,,,,,,,
CA,OAKLAND TRIBUNE,103350,1998,H,12,12,CA,"LANTOS, THOMAS P. (TOM)",Democrat,1,1,,,,,Oakland Tribune,760,14837,cand524,-0.429,-0.376,-0.033,100,93,1,,,,,,,,,,,
CA,OAKLAND TRIBUNE,103350,1998,H,9,9,CA,"LEE, BARBARA J.",Democrat,1,,,,,,Oakland Tribune,760,29778,cand1503,-1.065,-0.676,-0.582,100,100,1,,,,,,,,,,,
CA,OAKLAND TRIBUNE,103350,1998,H,7,7,CA,"MILLER, GEORGE, III",Democrat,1,1,,,,,Oakland Tribune,760,14256,cand274,-0.72,-0.552,-0.398,100,97,1,,,,,,,,,,,
CA,OAKLAND TRIBUNE,103350,1998,H,11,11,CA,"POMBO, RICHARD W.",Republican,1,,1,,,,Oakland Tribune,760,29311,cand1250,1.004,0.461,0.469,200,96,1,,,,,,,,,,,
CA,OAKLAND TRIBUNE,103350,1998,H,13,13,CA,"STARK, FORTNEY HILLMAN (PETE), JR.",Democrat,1,1,,,,,Oakland Tribune,760,14053,cand203,-0.503,-0.631,-0.605,100,93,1,,,,,,,,,,,
CA,OAKLAND TRIBUNE,103350,1998,H,10,10,CA,"TAUSCHER, ELLEN O.",Democrat,1,1,,,,,Oakland Tribune,760,29705,cand1431,-0.758,-0.308,-0.169,100,97,1,,,,,,,,,,,
CA,OAKLAND TRIBUNE,103350,1998,INSURANCE COMMISSIONER,,,CA,"QUACKENBUSH, CHARLES W.",Republican,1,,1,,,,Oakland Tribune,760,,,,,,,,,,,,,,,,,,,
CA,OAKLAND TRIBUNE,103350,1998,LT GOVERNOR,,,CA,"BUSTAMANTE, CRUZ M.",Democrat,1,,,,,,Oakland Tribune,760,CA12261,cand27205,-0.623,,,100,97,1,,,,,,,,,,,
CA,OAKLAND TRIBUNE,103350,1998,SEC OF STATE,,,CA,"JONES, WILLIAM LEON (BILL)",Republican,1,,1,,,,Oakland Tribune,760,,,,,,,,,,,,,,,,,,,
CA,OAKLAND TRIBUNE,103350,1998,SENATOR,,,CA,"BOXER, BARBARA",Democrat,1,1,,,,,Oakland Tribune,760,15011,cand597,-1.037,-0.45,-0.423,100,100,1,,,,,,,,,,,
CA,OAKLAND TRIBUNE,103350,1998,SUPERINTENDENT,,,CA,"EASTIN, DELAINE",Nonpartisan,1,,,1,,,Oakland Tribune,760,,,,,,,,,,,,,,,,,,,
CA,OAKLAND TRIBUNE,103350,1998,TREASURER,,,CA,"ANGELIDES, PHIL",Democrat,1,,,,,,Oakland Tribune,760,CA11221,cand27150,-0.711,,,100,100,1,,,,,,,,,,,
CA,OAKLAND TRIBUNE,103350,2000,PRESIDENT,,,CA,"GORE, ALBERT A., JR.",Democrat,1,,,,,,Oakland Tribune,760,14423,cand335,-0.558,-0.316,0.155,100,88,1,,,,,,,,,,,
CA,OAKLAND TRIBUNE,103350,2002,ATTORNEY GENERAL,,,CA,"LOCKYER, BILL",Democrat,1,1,,,,,Oakland Tribune,760,,,,,,,,,,,,,,,,,,,
CA,OAKLAND TRIBUNE,103350,2002,COMPTROLLER,,,CA,"MCCLINTOCK, THOMAS MILLER (TOM), II",Republican,1,,,,,,Oakland Tribune,760,,,,,,,,,,,,,,,,,,,
CA,OAKLAND TRIBUNE,103350,2002,GOVERNOR,,,CA,"DAVIS, JOSEPH G. (GRAY)",Democrat,1,1,,,,,Oakland Tribune,760,S2CA00344,cand104419,-0.493,,,100,100,1,,,,,,,,,,,
CA,OAKLAND TRIBUNE,103350,2002,H,9,9,CA,"LEE, BARBARA J.",Democrat,1,1,,,,,Oakland Tribune,760,29778,cand1503,-1.065,-0.676,-0.582,100,100,1,,,,,,,,,,,
CA,OAKLAND TRIBUNE,103350,2002,INSURANCE COMMISSIONER,,,CA,"GARAMENDI, JOHN R.",Democrat,1,,,,,,Oakland Tribune,760,,,,,,,,,,,,,,,,,,,
CA,OAKLAND TRIBUNE,103350,2002,LT GOVERNOR,,,CA,"BUSTAMANTE, CRUZ M.",Democrat,1,1,,,,,Oakland Tribune,760,,,,,,,,,,,,,,,,,,,
CA,OAKLAND TRIBUNE,103350,2002,SEC OF STATE,,,CA,"SHELLEY, KEVIN",Democrat,1,,,,,,Oakland Tribune,760,,,,,,,,,,,,,,,,,,,
CA,OAKLAND TRIBUNE,103350,2002,TREASURER,,,CA,"ANGELIDES, PHIL",Democrat,1,1,,,,,Oakland Tribune,760,CA11221,cand27150,-0.711,,,100,100,1,,,,,,,,,,,
CA,OAKLAND TRIBUNE,103350,2004,PRESIDENT,,,CA,"KERRY, JOHN F.",Democrat,1,,1,,,,Oakland Tribune,760,14920,cand583,-0.759,-0.352,-0.382,100,96,1,,,,,,,,,,,
CA,OAKLAND TRIBUNE,103350,2006,ATTORNEY GENERAL,,,CA,"BROWN, EDMUND G. (JERRY), JR.",Democrat,1,,,,,,Oakland Tribune,760,CA70023,cand162602,-0.654,,,100,100,1,,,,,,,,,,,
CA,OAKLAND TRIBUNE,103350,2006,INSURANCE COMMISSIONER,,,CA,"POIZNER, STEVE",Republican,1,,,,,,Oakland Tribune,760,,,,,,,,,,,,,,,,,,,
CA,OAKLAND TRIBUNE,103350,2006,LT GOVERNOR,,,CA,"GARAMENDI, JOHN R.",Democrat,1,,,,,,Oakland Tribune,760,20958,cand1085,-0.604,-0.313,-0.095,100,100,1,,,,,,,,,,,
CA,OAKLAND TRIBUNE,103350,2006,SEC OF STATE,,,CA,"MCPHERSON, BRUCE",Republican,1,,,,,,Oakland Tribune,760,,,,,,,,,,,,,,,,,,,
CA,OAKLAND TRIBUNE,103350,2008,PRESIDENT,,,CA,"OBAMA, BARACK",Democrat,1,,,,,,Oakland Tribune,760,99911,cand169967,-1.095,-0.358,-0.197,100,100,1,,,,,,,,,,,
CA,OAKLAND TRIBUNE,103350,2012,PRESIDENT,,,CA,"OBAMA, BARACK",Democrat,1,1,,,,,Oakland Tribune,760,99911,cand169967,-1.095,-0.358,-0.197,100,100,1,,,,,,,,,,,
CA,OAKLAND TRIBUNE/EAST BAY TIMES,102250,2016,H,17,17,CA,"KHANNA, RO",Democrat,1,,,1,DEMOCRATIC INCUMBENT MIKE HONDA DEFEATED IN GENERAL ELECTION (TOP-TWO PRIMARY SYSTEM),,Oakland Tribune,5850,21728,cand45892,-0.842,-0.464,-0.304,100,86,1,,,,,,,,,,,
CA,OAKLAND TRIBUNE/EAST BAY TIMES,102250,2016,PRESIDENT,,,CA,"CLINTON, HILLARY",Democrat,1,,,,,,Oakland Tribune,5850,40105nominee,cand1572nominee,-1.058,-0.367,-0.243,100,82,0.7,,,,,,,,,,,
CA,OAKLAND TRIBUNE/EAST BAY TIMES,102250,2016,SENATOR,,,CA,"HARRIS, KAMALA",Democrat,1,,,,,,Oakland Tribune,5850,,,,,,,,,,,,,,,,,,,
CA,OAKLAND TRIBUNE/EAST BAY TIMES,102250,2016,STATE SENATOR,3,3,CA,"DODD, BILL",Democrat,1,,,,,,Oakland Tribune,5850,CA_CP1076218,cand9996554,-0.56,,,100,100,1,,,,322281,"dodd, bill",1195.0,w,democratic,100,1,
CA,OAKLAND TRIBUNE/EAST BAY TIMES,102250,2016,STATE SENATOR,7,7,CA,"GLAZER, STEVE",Democrat,1,1,,,,,Oakland Tribune,5850,CA1348234,cand160646,-0.569,,,100,100,1,,,,322327,"glazer, steve",58806.0,w,democratic,100,1,
CA,OAKLAND TRIBUNE/EAST BAY TIMES,102250,2016,STATE SENATOR,9,9,CA,"SKINNER, NANCY",Democrat,1,,,,,,Oakland Tribune,5850,CA81851,cand162622,-0.791,,,100,100,1,,,,283368,"skinner, nancy",58146.0,w,democratic,100,1,
CA,OAKLAND TRIBUNE/EAST BAY TIMES,102250,2024,H,16,16,CA,"LICCARDO, SAM",Democrat,1,,,,,,Oakland Tribune,5850,22532,cand218322,-0.641,-0.39,0.066,100,92,1,,,,,,,,,,,
CA,OAKLAND TRIBUNE/EAST BAY TIMES,102250,2024,H,12,12,CA,"SIMON, LATEEFAH",Democrat,1,,,,,,Oakland Tribune,5850,22553,cand218305,-0.93,-0.608,0.252,100,100,1,,,,,,,,,,,
CA,OAKLAND TRIBUNE/EAST BAY TIMES,102250,2024,STATE SENATOR,7,7,CA,"ARREGUÍN, JESSE",Democrat,1,,,,,,Oakland Tribune,5850,CA_CP1458187,cand166572,-0.889,,,328,93,1,,,,,,,,,,,
CA,OAKLAND TRIBUNE/EAST BAY TIMES,102250,2024,STATE SENATOR,3,3,CA,"CABALDON, CHRISTOPHER",Democrat,1,,,,,,Oakland Tribune,5850,CA12292,cand27206,-0.68,,,328,100,1,,,,,,,,,,,
CA,OAKLAND TRIBUNE/EAST BAY TIMES,102250,2024,STATE SENATOR,9,9,CA,"GRAYSON, TIM",Democrat,1,,,,,,Oakland Tribune,5850,,,,,,,,,,,,,,,,,,,
CA,OAKLAND TRIBUNE/EAST BAY TIMES,102250,2024,STATE SENATOR,5,5,CA,"MCNERNEY, JERRY",Democrat,1,,,,,,Oakland Tribune,5850,20702,cand967,-1.093,-0.263,-0.159,100,100,1,,,,,,,,,,,
CA,Santa Maria Times,104700,1958,STATE REP,36,36,CA,"HOLMES, JAMES",Republican,1,,1,,INCUMBENT,0.85,Santa Maria Times,5532,,,,,,,,,,,,,,,,,,,
CA,Santa Maria Times,104700,1958,STATE SENATOR,13,13,CA,"TEAGUE, CHARLES MCKEVETT",Republican,1,,1,,INCUMBENT,0.85,Santa Maria Times,5532,,,,,,,,,,,,,,,,,,,
CA,Santa Maria Times,104700,1960,PRESIDENT,,,CA,"NIXON, RICHARD",Republican,1,,1,,INCUMBENT,0.85,Santa Maria Times,5532,,,,,,,,,,,,,,,,,,,
CA,Santa Maria Times,104700,1960,STATE SENATOR,31,31,CA,"HOLLISTER, JOHN",Democrat,1,1,,,INCUMBENT,0.85,Santa Maria Times,5532,,,,,,,,,,,,,,,,,,,
CA,Santa Maria Times,104700,1960,STATE SENATOR,13,13,CA,"TEAGUE, CHARLES MCKEVETT",Republican,1,,1,,INCUMBENT,0.85,Santa Maria Times,5532,,,,,,,,,,,,,,,,,,,
CA,Santa Maria Times,104700,1960,VICE PRESIDENT,,,CA,"LODGE, HENRY CABOT",Republican,1,,1,,INCUMBENT,0.85,Santa Maria Times,5532,,,,,,,,,,,,,,,,,,,
CA,Santa Maria Times,104700,1964,H,13,13,CA,"TEAGUE, CHARLES MCKEVETT",Republican,1,,1,,INCUMBENT,0.85,Santa Maria Times,5532,9240,,,0.243,-0.227,,,,"TEAGUE, Charles McKevett",100,1,,,,,,,,
CA,Santa Maria Times,104700,1964,PRESIDENT,,,CA,"GOLDWATER, BARRY",Republican,1,1,,,,0.85,Santa Maria Times,5532,,,,,,,,,,,,,,,,,,,
CA,Santa Maria Times,104700,1964,SENATOR,,,CA,"MURPHY, GEORGE",Republican,1,1,,,,0.85,Santa Maria Times,5532,10814,,,0.341,-0.251,,,,"MURPHY, George Lloyd",82,0.7,,,,,,,,
CA,Santa Maria Times,104700,1966,ATTORNEY GENERAL,,,CA,"WILLIAMS, SPENCER",Republican,1,1,,,,0.85,Santa Maria Times,5532,,,,,,,,,,,,,,,,,,,
CA,Santa Maria Times,104700,1966,COMPTROLLER,,,CA,"FLOURNOY, HOUSTON I.",Republican,1,1,,,,0.85,Santa Maria Times,5532,,,,,,,,,,,,,,,,,,,
CA,Santa Maria Times,104700,1966,GOVERNOR,,,CA,"REAGAN, RONALD",Republican,1,1,,,,0.85,Santa Maria Times,5532,,,,,,,,,,,,,,,,,,,
CA,Santa Maria Times,104700,1966,H,13,13,CA,"TEAGUE, CHARLES MCKEVETT",Republican,1,,1,,INCUMBENT,0.85,Santa Maria Times,5532,9240,,,0.243,-0.227,,,,"TEAGUE, Charles McKevett",100,1,,,,,,,,
CA,Santa Maria Times,104700,1966,LT GOVERNOR,,,CA,"FINCH, ROBERT H.",Republican,1,1,,,,0.85,Santa Maria Times,5532,,,,,,,,,,,,,,,,,,,
CA,Santa Maria Times,104700,1966,SEC OF STATE,,,CA,"JORDAN, FRANK M.",Republican,1,,1,,INCUMBENT,0.85,Santa Maria Times,5532,,,,,,,,,,,,,,,,,,,
CA,Santa Maria Times,104700,1966,STATE REP,36,36,CA,"HALDE, TOM",Republican,1,,,,,0.85,Santa Maria Times,5532,,,,,,,,,,,,,,,,,,,
CA,Santa Maria Times,104700,1966,STATE SENATOR,24,24,CA,"LAGOMARSINO, ROBERT",Republican,1,,1,,INCUMBENT,0.85,Santa Maria Times,5532,,,,,,,,,,,,,,,,,,,
CA,Santa Maria Times,104700,1966,TREASURER,,,CA,"BETTS, BERT A.",Democrat,1,1,,,INCUMBENT,0.85,Santa Maria Times,5532,,,,,,,,,,,,,,,,,,,
CA,Santa Maria Times,104700,1968,PRESIDENT,,,CA,"NIXON, RICHARD",Republican,1,1,,,,0.85,Santa Maria Times,5532,,,,,,,,,,,,,,,,,,,
CA,Santa Maria Times,104700,1968,SENATOR,,,CA,"RAFFERTY, MAX",Republican,1,,1,,,0.85,Santa Maria Times,5532,,,,,,,,,,,,,,,,,,,
CA,Santa Maria Times,104700,1968,STATE REP,36,36,CA,"MACGILLIVRAY, DON",Republican,1,,,,,0.85,Santa Maria Times,5532,,,,,,,,,,,,13004,"macgillivray, w. don",56357.0,w,modernrepublican,91,1,
CA,Santa Maria Times,104700,1970,GOVERNOR,,,CA,"REAGAN, RONALD",Republican,1,,1,,,0.85,Santa Maria Times,5532,,,,,,,,,,,,,,,,,,,
CA,Santa Maria Times,104700,1970,H,13,13,CA,"TEAGUE, CHARLES MCKEVETT",Republican,1,,1,,INCUMBENT,0.85,Santa Maria Times,5532,9240,,,0.243,-0.227,,,,"TEAGUE, Charles McKevett",100,1,,,,,,,,
CA,Santa Maria Times,104700,1970,SENATOR,,,CA,"MURPHY, GEORGE",Republican,1,,1,,INCUMBENT,0.85,Santa Maria Times,5532,,,,,,,,,,,,,,,,,,,
CA,Santa Maria Times,104700,1970,STATE REP,36,36,CA,"MACGILLIVRAY, DON",Republican,1,,1,,INCUMBENT,0.85,Santa Maria Times,5532,,,,,,,,,,,,13004,"macgillivray, w. don",46423.0,w,modernrepublican,91,1,
CA,Santa Maria Times,104700,1970,STATE SENATOR,24,24,CA,"LAGOMARSINO, ROBERT",Republican,1,,1,,INCUMBENT,0.85,Santa Maria Times,5532,,,,,,,,,,,,13178,"lagomarsino, robert j.",126924.0,w,modernrepublican,92,1,
CA,Santa Maria Times,104700,1971,H,12,12,CA,"TALCOTT, BURT",Republican,1,,1,,INCUMBENT,0.85,Santa Maria Times,5532,10631,,,0.25,-0.115,,,,"TALCOTT, Burt Lacklen",76,0.7,,,,,,,,
CA,Santa Maria Times,104700,1971,H,13,13,CA,"TEAGUE, CHARLES MCKEVETT",Republican,1,,1,,,0.85,Santa Maria Times,5532,9240,,,0.243,-0.227,,,,"TEAGUE, Charles McKevett",100,1,,,,,,,,
CA,Santa Maria Times,104700,1971,SENATOR,,,CA,"CRANSTON, ALAN",Democrat,1,,1,,,0.85,Santa Maria Times,5532,12103,,,-0.387,-0.207,,,,"CRANSTON, Alan",100,1,,,,,,,,
CA,Santa Maria Times,104700,1971,SENATOR,,,CA,"TUNNEY, JOHN V.",Democrat,1,,1,,,0.85,Santa Maria Times,5532,10777,,,-0.311,-0.212,,,,"TUNNEY, John Varick",82,0.7,,,,,,,,
CA,Santa Maria Times,104700,1971,STATE REP,29,29,CA,"KETCHUM, WILLIAM",Republican,1,1,,,,0.85,Santa Maria Times,5532,,,,,,,,,,,,,,,,,,,
CA,Santa Maria Times,104700,1971,STATE REP,36,36,CA,"MACGILLIVRAY, DON",Republican,1,,1,,INCUMBENT,0.85,Santa Maria Times,5532,,,,,,,,,,,,,,,,,,,
CA,Santa Maria Times,104700,1971,STATE SENATOR,17,17,CA,"GRUNSKY, DONALD",Republican,1,,1,,INCUMBENT,0.85,Santa Maria Times,5532,,,,,,,,,,,,,,,,,,,
CA,Santa Maria Times,104700,1971,STATE SENATOR,24,24,CA,"LAGOMARSINO, ROBERT",Republican,1,,1,,INCUMBENT,0.85,Santa Maria Times,5532,,,,,,,,,,,,,,,,,,,
CA,Santa Maria Times,104700,1972,STATE REP,36,36,CA,"HART, GARY",Democrat,0,,1,,,0.85,Santa Maria Times,5532,,,,,,,,,,,,13010,"hart, gary k.",66055.0,l,democrat,86,1,
CA,Santa Maria Times,104700,1972,STATE REP,36,36,CA,"MACGILLIVRAY, DON",Republican,1,,1,,INCUMBENT,0.85,Santa Maria Times,5532,,,,,,,,,,,,13004,"macgillivray, w. don",66671.0,w,modernrepublican,91,1,
CA,Santa Maria Times,104700,1980,H,19,19,CA,"LAGOMARSINO, ROBERT",Republican,1,,1,,INCUMBENT,0.85,Santa Maria Times,5532,14071,cand215,1.064,0.378,-0.267,200,95,1,,,,,,,,,,,
CA,Santa Maria Times,104700,1980,H,19,19,CA,"LODISE, CARMEN",Democrat,0,,1,,,0.85,Santa Maria Times,5532,,,,,,,,,,,,,,,,,,,
CA,Santa Maria Times,104700,1980,H,19,19,CA,"TROTTER, JIM",Libertarian,0,,1,,,0.85,Santa Maria Times,5532,,,,,,,,,,,,,,,,,,,
CA,Santa Maria Times,104700,1980,PRESIDENT,,,CA,"ANDERSON, JOHN",Independent,0,1,,,,0.85,Santa Maria Times,5532,P00000786,cand98685,-0.59,,,328,93,1,,,,,,,,,,,
CA,Santa Maria Times,104700,1980,PRESIDENT,,,CA,"CARTER, JIMMY",Democrat,0,1,,,INCUMBENT,0.85,Santa Maria Times,5532,99906,cand3330,-0.517,-0.504,0.119,100,100,1,,,,,,,,,,,
CA,Santa Maria Times,104700,1980,PRESIDENT,,,CA,"CLARK, ED",Libertarian,0,1,,,,0.85,Santa Maria Times,5532,P00000562,cand98663,1.113,,,328,75,0.7,,,,,,,,,,,
CA,Santa Maria Times,104700,1980,PRESIDENT,,,CA,"COMMONER, BARRY",Independent,0,1,,,,0.85,Santa Maria Times,5532,P00002659,cand98869,-1.015,,,328,100,1,,,,,,,,,,,
CA,Santa Maria Times,104700,1980,PRESIDENT,,,CA,"RARICK, JOHN",Independent,0,1,,,,0.85,Santa Maria Times,5532,,,,,,,,,,,,,,,,,,,
CA,Santa Maria Times,104700,1980,PRESIDENT,,,CA,"REAGAN, RONALD",Republican,1,1,,,,0.85,Santa Maria Times,5532,99907,cand3331,1.044,0.692,-0.713,200,100,1,,,,,,,,,,,
CA,Santa Maria Times,104700,1980,PRESIDENT,,,CA,"SMITH, MAUREEN",Progressive,0,1,,,,0.85,Santa Maria Times,5532,,,,,,,,,,,,,,,,,,,
CA,Santa Maria Times,104700,1980,SENATOR,,,CA,"BERGLAND, DAVID",Libertarian,0,1,,,,0.85,Santa Maria Times,5532,S0CA00173,cand103394,1.202,,,328,100,1,,,,,,,,,,,
CA,Santa Maria Times,104700,1980,SENATOR,,,CA,"CRANSTON, ALAN",Democrat,0,1,,,,0.85,Santa Maria Times,5532,12103,cand134,-0.64,-0.387,-0.207,100,100,1,,,,,,,,,,,
CA,Santa Maria Times,104700,1980,SENATOR,,,CA,"GANN, PAUL",Republican,1,1,,,,0.85,Santa Maria Times,5532,S0CA00058,cand103382,0.937,,,200,100,1,,,,,,,,,,,
CA,Santa Maria Times,104700,1980,SENATOR,,,CA,"GRIFFIN, JAMES",Independent,0,1,,,,0.85,Santa Maria Times,5532,,,,,,,,,,,,,,,,,,,
CA,Santa Maria Times,104700,1980,SENATOR,,,CA,"WALD, DAVID",Progressive,0,1,,,,0.85,Santa Maria Times,5532,,,,,,,,,,,,,,,,,,,
CA,Santa Maria Times,104700,1980,STATE REP,35,35,CA,"AQUINO, DAVID",Republican,1,,,,,0.85,Santa Maria Times,5532,,,,,,,,,,,,15025,"aquino, david j.",44014.0,l,modernrepublican,89,1,
CA,Santa Maria Times,104700,1980,STATE REP,29,29,CA,"HALLETT, CAROL",Republican,1,,1,,INCUMBENT,0.85,Santa Maria Times,5532,,,,,,,,,,,,14729,"hallett, carol",93061.0,w,republicananddemocrat,100,1,
CA,Santa Maria Times,104700,1980,STATE REP,35,35,CA,"HART, GARY",Democrat,0,,,,,0.85,Santa Maria Times,5532,,,,,,,,,,,,13010,"hart, gary k.",71856.0,w,democrat,86,1,
CA,Santa Maria Times,104700,1980,STATE REP,35,35,CA,"SUTTON, DAVID",Libertarian,0,,,,,0.85,Santa Maria Times,5532,,,,,,,,,,,,15027,"sutton, david lloyd",3320.0,l,libertarian,81,0.7,
CA,Santa Maria Times,104700,1980,STATE SENATOR,17,17,CA,"KILBURN, TIM",Libertarian,0,,1,,,0.85,Santa Maria Times,5532,,,,,,,,,,,,12984,"kilburn, tim",8347.0,l,libertarian,100,1,
CA,Santa Maria Times,104700,1980,STATE SENATOR,17,17,CA,"MELLO, HENRY",Democrat,0,,1,,,0.85,Santa Maria Times,5532,,,,,,,,,,,,12951,"mello, henry j.",117769.0,w,democrat,88,1,
CA,Santa Maria Times,104700,1980,STATE SENATOR,17,17,CA,"SEASTRAND, ERIC",Republican,1,,1,,INCUMBENT,0.85,Santa Maria Times,5532,,,,,,,,,,,,12986,"seastrand, eric",116931.0,l,modernrepublican,100,1,
CA,Santa Maria Times,104700,1980,VICE PRESIDENT,,,CA,"BARRON, ELIZABETH",Progressive,0,1,,,,0.85,Santa Maria Times,5532,,,,,,,,,,,,,,,,,,,
CA,Santa Maria Times,104700,1980,VICE PRESIDENT,,,CA,"BUSH, GEORGE",Republican,1,1,,,,0.85,Santa Maria Times,5532,,,,,,,,,,,,,,,,,,,
CA,Santa Maria Times,104700,1980,VICE PRESIDENT,,,CA,"HARRIS, LADONNA",Independent,0,1,,,,0.85,Santa Maria Times,5532,,,,,,,,,,,,,,,,,,,
CA,Santa Maria Times,104700,1980,VICE PRESIDENT,,,CA,"KOCH, DAVID",Libertarian,0,1,,,,0.85,Santa Maria Times,5532,,,,,,,,,,,,,,,,,,,
CA,Santa Maria Times,104700,1980,VICE PRESIDENT,,,CA,"LUCEY, PATRICK",Independent,0,1,,,,0.85,Santa Maria Times,5532,,,,,,,,,,,,,,,,,,,
CA,Santa Maria Times,104700,1980,VICE PRESIDENT,,,CA,"MONDALE, WALTER",Democrat,0,1,,,INCUMBENT,0.85,Santa Maria Times,5532,,,,,,,,,,,,,,,,,,,
CA,Santa Maria Times,104700,1980,VICE PRESIDENT,,,CA,"SHEARER, EILEEN",Independent,0,1,,,,0.85,Santa Maria Times,5532,,,,,,,,,,,,,,,,,,,
CA,Santa Maria Times,104700,1984,H,19,19,CA,"LAGOMARSINO, ROBERT",Republican,1,,1,,INCUMBENT,0.85,Santa Maria Times,5532,14071,cand215,1.064,0.378,-0.267,200,95,1,,,,,,,,,,,
CA,Santa Maria Times,104700,1984,PRESIDENT,,,CA,"REAGAN, RONALD",Republican,1,,1,,INCUMBENT,0.85,Santa Maria Times,5532,99907,cand3331,1.044,0.692,-0.713,200,100,1,,,,,,,,,,,
CA,Santa Maria Times,104700,1984,STATE REP,29,29,CA,"SEASTRAND, ERIC",Republican,1,,1,,INCUMBENT,0.85,Santa Maria Times,5532,,,,,,,,,,,,12986,"seastrand, eric",89881.0,w,modernrepublican,100,1,
CA,Santa Maria Times,104700,1984,VICE PRESIDENT,,,CA,"BUSH, GEORGE",Republican,1,,1,,INCUMBENT,0.85,Santa Maria Times,5532,,,,,,,,,,,,,,,,,,,
CA,Santa Maria Times,104700,1986,ATTORNEY GENERAL,,,CA,"VAN DE KAMP, JOHN",Democrat,1,1,,,INCUMBENT,0.85,Santa Maria Times,5532,,,,,,,,,,,,,,,,,,,
CA,Santa Maria Times,104700,1986,COMPTROLLER,,,CA,"CAMPBELL, BILL",Republican,1,,,,,0.85,Santa Maria Times,5532,,,,,,,,,,,,,,,,,,,
CA,Santa Maria Times,104700,1986,GOVERNOR,,,CA,"DEUKMEJIAN, GEORGE",Republican,1,,1,,INCUMBENT,0.85,Santa Maria Times,5532,,,,,,,,,,,,,,,,,,,
CA,Santa Maria Times,104700,1986,H,19,19,CA,"LAGOMARSINO, ROBERT",Republican,1,,1,,INCUMBENT,0.85,Santa Maria Times,5532,14071,cand215,1.064,0.378,-0.267,200,95,1,,,,,,,,,,,
CA,Santa Maria Times,104700,1986,LT GOVERNOR,,,CA,"CURB, MIKE",Republican,1,,1,,INCUMBENT,0.85,Santa Maria Times,5532,,,,,,,,,,,,,,,,,,,
CA,Santa Maria Times,104700,1986,SEC OF STATE,,,CA,"FONG, MARCH EU",Democrat,1,1,,,INCUMBENT,0.85,Santa Maria Times,5532,,,,,,,,,,,,,,,,,,,
CA,Santa Maria Times,104700,1986,SENATOR,,,CA,"ZSCHAU, ED",Republican,1,,1,,INCUMBENT,0.85,Santa Maria Times,5532,,,,,,,,,,,,,,,,,,,
CA,Santa Maria Times,104700,1986,STATE BOARD OF EQ,2,2,CA,"COLLIS, CONWAY H.",Democrat,1,,,,,0.85,Santa Maria Times,5532,,,,,,,,,,,,,,,,,,,
CA,Santa Maria Times,104700,1986,STATE REP,29,29,CA,"SEASTRAND, ERIC",Republican,1,,1,,INCUMBENT,0.85,Santa Maria Times,5532,,,,,,,,,,,,12986,"seastrand, eric",71790.0,w,modernrepublican,100,1,
CA,Santa Maria Times,104700,1986,STATE SENATOR,14,14,CA,"MADDY, KENNETH",Republican,1,,1,,INCUMBENT,0.85,Santa Maria Times,5532,,,,,,,,,,,,12930,"maddy, kenneth (ken)",112270.0,w,modernrepublican,82,0.7,
CA,Santa Maria Times,104700,1986,SUPREME COURT,,,CA,"BIRD, ROSE ELIZABETH",,0,,,,,0.85,Santa Maria Times,5532,,,,,,,,,,,,,,,,,,,
CA,Santa Maria Times,104700,1986,SUPREME COURT,,,CA,"GRODIN, JOSEPH",,0,,,,,0.85,Santa Maria Times,5532,,,,,,,,,,,,,,,,,,,
CA,Santa Maria Times,104700,1986,SUPREME COURT,,,CA,"REYNOSO, CRUZ",,0,,,,,0.85,Santa Maria Times,5532,,,,,,,,,,,,,,,,,,,
CA,Santa Maria Times,104700,1986,TREASURER,,,CA,"UNRUH, JESSE",Democrat,1,1,,,INCUMBENT,0.85,Santa Maria Times,5532,,,,,,,,,,,,,,,,,,,
CA,Santa Maria Times,104700,1988,H,,,CA,"LAGOMARSINO, ROBERT",Republican,1,,1,,INCUMBENT,0.85,Santa Maria Times,5532,14071,cand215,1.064,0.378,-0.267,200,95,1,,,,,,,,,,,
CA,Santa Maria Times,104700,1988,PRESIDENT,,,CA,"BUSH, GEORGE",Republican,1,,1,,INCUMBENT,0.85,Santa Maria Times,5532,99908,cand3332,0.842,0.557,-0.547,200,100,1,,,,,,,,,,,
CA,Santa Maria Times,104700,1988,SENATOR,,,CA,"WILSON, PETE",Republican,1,,1,,INCUMBENT,0.85,Santa Maria Times,5532,14915,cand581,0.857,0.352,-0.428,200,100,1,,,,,,,,,,,
CA,Santa Maria Times,104700,1988,STATE REP,29,29,CA,"SEASTRAND, ERIC",Republican,1,,1,,INCUMBENT,0.85,Santa Maria Times,5532,,,,,,,,,,,,12986,"seastrand, eric",89935.0,w,modernrepublican,100,1,
CA,Santa Maria Times,104700,1988,VICE PRESIDENT,,,CA,"QUAYLE, DAN",Republican,1,,1,,,0.85,Santa Maria Times,5532,,,,,,,,,,,,,,,,,,,
CA,Santa Maria Times,104700,1990,ATTORNEY GENERAL,,,CA,"EVANS, ROBERT J.",Progressive,0,,1,,,0.85,Santa Maria Times,5532,,,,,,,,,,,,,,,,,,,
CA,Santa Maria Times,104700,1990,ATTORNEY GENERAL,,,CA,"GAUTREAU, PAUL",Libertarian,0,,1,,,0.85,Santa Maria Times,5532,,,,,,,,,,,,,,,,,,,
CA,Santa Maria Times,104700,1990,ATTORNEY GENERAL,,,CA,"LUNGREN, DAN",Republican,0,,1,,INCUMBENT,0.85,Santa Maria Times,5532,,,,,,,,,,,,,,,,,,,
CA,Santa Maria Times,104700,1990,ATTORNEY GENERAL,,,CA,"SMITH, ARLO",Democrat,1,,1,,,0.85,Santa Maria Times,5532,,,,,,,,,,,,,,,,,,,
CA,Santa Maria Times,104700,1990,GOVERNOR,,,CA,"FEINSTEIN, DIANNE",Democrat,0,,1,,,0.85,Santa Maria Times,5532,,,,,,,,,,,,,,,,,,,
CA,Santa Maria Times,104700,1990,GOVERNOR,,,CA,"MCCREADY, JEROME",Independent,0,,1,,,0.85,Santa Maria Times,5532,,,,,,,,,,,,,,,,,,,
CA,Santa Maria Times,104700,1990,GOVERNOR,,,CA,"MUNOZ, MARIA ELIZABTH",Progressive,0,,1,,,0.85,Santa Maria Times,5532,,,,,,,,,,,,,,,,,,,
CA,Santa Maria Times,104700,1990,GOVERNOR,,,CA,"THOMPSON, DENNIS",Libertarian,0,,1,,,0.85,Santa Maria Times,5532,,,,,,,,,,,,,,,,,,,
CA,Santa Maria Times,104700,1990,GOVERNOR,,,CA,"WILSON, PETE",Republican,1,,1,,INCUMBENT,0.85,Santa Maria Times,5532,,,,,,,,,,,,,,,,,,,
CA,Santa Maria Times,104700,1990,H,19,19,CA,"FERGUSON, ANITA PEREZ",Democrat,0,,1,,,0.85,Santa Maria Times,5532,H0CA19033,cand35252,-0.874,,,100,100,1,,,,,,,,,,,
CA,Santa Maria Times,104700,1990,H,19,19,CA,"LAGOMARSINO, ROBERT",Republican,1,,1,,INCUMBENT,0.85,Santa Maria Times,5532,14071,cand215,1.064,0.378,-0.267,200,95,1,,,,,,,,,,,
CA,Santa Maria Times,104700,1990,INSURANCE COMMISSIONER,,,CA,"BANNISTER, WES",Republican,0,1,,,,0.85,Santa Maria Times,5532,,,,,,,,,,,,,,,,,,,
CA,Santa Maria Times,104700,1990,INSURANCE COMMISSIONER,,,CA,"BROWN, TED",Libertarian,0,1,,,,0.85,Santa Maria Times,5532,,,,,,,,,,,,,,,,,,,
CA,Santa Maria Times,104700,1990,INSURANCE COMMISSIONER,,,CA,"CONDIT, TOM",Progressive,0,1,,,,0.85,Santa Maria Times,5532,,,,,,,,,,,,,,,,,,,
CA,Santa Maria Times,104700,1990,INSURANCE COMMISSIONER,,,CA,"GARAMENDI, JOHN",Democrat,1,1,,,INCUMBENT,0.85,Santa Maria Times,5532,,,,,,,,,,,,,,,,,,,
CA,Santa Maria Times,104700,1990,LT GOVERNOR,,,CA,"BAJADA, ANTHONY",Libertarian,0,1,,,,0.85,Santa Maria Times,5532,,,,,,,,,,,,,,,,,,,
CA,Santa Maria Times,104700,1990,LT GOVERNOR,,,CA,"BERGESON, MARIAN",Republican,0,1,,,,0.85,Santa Maria Times,5532,,,,,,,,,,,,,,,,,,,
CA,Santa Maria Times,104700,1990,LT GOVERNOR,,,CA,"KUHN, CLYDE",Progressive,0,1,,,,0.85,Santa Maria Times,5532,,,,,,,,,,,,,,,,,,,
CA,Santa Maria Times,104700,1990,LT GOVERNOR,,,CA,"MCCARTHY, LEO",Democrat,1,1,,,INCUMBENT,0.85,Santa Maria Times,5532,,,,,,,,,,,,,,,,,,,
CA,Santa Maria Times,104700,1990,LT GOVERNOR,,,CA,"SHORT, MERTON",Independent,0,1,,,,0.85,Santa Maria Times,5532,,,,,,,,,,,,,,,,,,,
CA,Santa Maria Times,104700,1990,SEC OF STATE,,,CA,"ALARCON, EVELINA",Progressive,0,1,,,,0.85,Santa Maria Times,5532,,,,,,,,,,,,,,,,,,,
CA,Santa Maria Times,104700,1990,SEC OF STATE,,,CA,"EU, MARCH FONG",Democrat,1,1,,,INCUMBENT,0.85,Santa Maria Times,5532,,,,,,,,,,,,,,,,,,,
CA,Santa Maria Times,104700,1990,SEC OF STATE,,,CA,"FLORES, JOAN MILKE",Republican,0,1,,,,0.85,Santa Maria Times,5532,,,,,,,,,,,,,,,,,,,
CA,Santa Maria Times,104700,1990,SEC OF STATE,,,CA,"NICHOLOFF, THEODORE",Independent,0,1,,,,0.85,Santa Maria Times,5532,,,,,,,,,,,,,,,,,,,
CA,Santa Maria Times,104700,1990,SEC OF STATE,,,CA,"WATSON, KENNITA",Libertarian,0,1,,,,0.85,Santa Maria Times,5532,,,,,,,,,,,,,,,,,,,
CA,Santa Maria Times,104700,1990,STATE REP,29,29,CA,"LYBERGER, JOHN JAY",Democrat,0,,1,,,0.85,Santa Maria Times,5532,,,,,,,,,,,,14743,"lybarger, john jay",39905.0,l,democrat,94,1,
CA,Santa Maria Times,104700,1990,STATE REP,29,29,CA,"SEASTRAND, ANDREA",Republican,1,,1,,INCUMBENT,0.85,Santa Maria Times,5532,,,,,,,,,,,,12986,"seastrand, eric",74769.0,w,modernrepublican,75,0.7,
CA,Santa Maria Times,104700,1990,STATE SENATOR,14,14,CA,"MADDY, KENNETH",Republican,1,,1,,INCUMBENT,0.85,Santa Maria Times,5532,,,,,,,,,,,,12930,"maddy, kenneth (ken)",135369.0,w,modernrepublican,82,0.7,
CA,Santa Maria Times,104700,1990,TAX ASSESSOR,2,2,CA,"KUDROVZEFF, NICHOLAS",Independent,0,1,,,,0.85,Santa Maria Times,5532,,,,,,,,,,,,,,,,,,,
CA,Santa Maria Times,104700,1990,TAX ASSESSOR,2,2,CA,"LAWRANCE, NANCY",Progressive,0,1,,,,0.85,Santa Maria Times,5532,,,,,,,,,,,,,,,,,,,
CA,Santa Maria Times,104700,1990,TAX ASSESSOR,2,2,CA,"PARRISH, CLAUDE",Republican,0,1,,,,0.85,Santa Maria Times,5532,,,,,,,,,,,,,,,,,,,
CA,Santa Maria Times,104700,1990,TAX ASSESSOR,2,2,CA,"SAPOWSKY-SMITH, LYN",Libertarian,0,1,,,,0.85,Santa Maria Times,5532,,,,,,,,,,,,,,,,,,,
CA,Santa Maria Times,104700,1990,TAX ASSESSOR,2,2,CA,"SHERMAN, BRAD",Democrat,1,1,,,INCUMBENT,0.85,Santa Maria Times,5532,,,,,,,,,,,,,,,,,,,
CA,Santa Maria Times,104700,1990,TREASURER,,,CA,"BROWN, KATHLEEN",Democrat,1,1,,,INCUMBENT,0.85,Santa Maria Times,5532,,,,,,,,,,,,,,,,,,,
CA,Santa Maria Times,104700,1990,TREASURER,,,CA,"HAYES, THOMAS",Republican,0,1,,,,0.85,Santa Maria Times,5532,,,,,,,,,,,,,,,,,,,
CA,Santa Maria Times,104700,1990,TREASURER,,,CA,"MEEUWENBERG, PAUL",Independent,0,1,,,,0.85,Santa Maria Times,5532,,,,,,,,,,,,,,,,,,,
CA,Santa Maria Times,104700,1990,TREASURER,,,CA,"NAKANO, ELIZABETH",Progressive,0,1,,,,0.85,Santa Maria Times,5532,,,,,,,,,,,,,,,,,,,
CA,Santa Maria Times,104700,1992,H,22,22,CA,"HUFFINGTON, MICHAEL",Republican,1,,,,,0.85,Santa Maria Times,5532,29314,cand1253,0.866,0.332,-0.541,200,100,1,,,,,,,,,,,
CA,Santa Maria Times,104700,1992,PRESIDENT,,,CA,"BUSH, GEORGE",Republican,1,,1,,INCUMBENT,0.85,Santa Maria Times,5532,99908,cand3332nominee,0.98,0.557,-0.547,200,100,1,,,,,,,,,,,
CA,Santa Maria Times,104700,1992,SENATOR,,,CA,"HERSCHENSOHN, BRUCE",Republican,1,,1,,,0.85,Santa Maria Times,5532,S6CA00469,cand106065,1.166,,,200,100,1,,,,,,,,,,,
CA,Santa Maria Times,104700,1992,SENATOR,,,CA,"SEYMOUR, JOHN",Republican,1,,1,,INCUMBENT,0.85,Santa Maria Times,5532,49100,cand1612,0.901,0.299,-0.282,200,92,1,,,,,,,,,,,
CA,Santa Maria Times,104700,1992,STATE REP,33,33,CA,"SEASTRAND, ANDREA",Republican,1,,1,,INCUMBENT,0.85,Santa Maria Times,5532,,,,,,,,,,,,14951,"seastrand, andrea",86090.0,w,modernrepublican,100,1,
CA,Santa Maria Times,104700,1994,ATTORNEY GENERAL,,,CA,"LUNGREN, DAN",Republican,1,,1,,INCUMBENT,0.85,Santa Maria Times,5532,,,,,,,,,,,,,,,,,,,
CA,Santa Maria Times,104700,1994,GOVERNOR,,,CA,"WILSON, PETE",Republican,1,,1,,INCUMBENT,0.85,Santa Maria Times,5532,,,,,,,,,,,,,,,,,,,
CA,Santa Maria Times,104700,1994,SEC OF STATE,,,CA,"JONES, BILL",Republican,1,,1,,,0.85,Santa Maria Times,5532,,,,,,,,,,,,,,,,,,,
CA,Santa Maria Times,104700,1994,SENATOR,,,CA,"HUFFINGTON, MICHAEL",Republican,1,,1,,,0.85,Santa Maria Times,5532,29314,cand1253,0.866,0.332,-0.541,200,100,1,,,,,,,,,,,
CA,Santa Maria Times,104700,1994,STATE REP,33,33,CA,"BORDONARO, TOM",Republican,1,,1,,,0.85,Santa Maria Times,5532,,,,,,,,,,,,14953,"bordonaro, tom j. jr.",73767.0,w,modernrepublican,80,0.7,
CA,Santa Maria Times,104700,1994,STATE REP,35,35,CA,"FIRESTONE, BROOKS",Republican,1,,1,,,0.85,Santa Maria Times,5532,,,,,,,,,,,,15028,"firestone, brooks",72899.0,w,modernrepublican,100,1,
CA,Santa Maria Times,104700,1994,STATE REP,22,22,CA,"SEASTRAND, ANDREA",Republican,1,,1,,,0.85,Santa Maria Times,5532,,,,,,,,,,,,,,,,,,,
CA,Santa Maria Times,104700,1994,STATE SENATOR,18,18,CA,"O'CONNELL, JACK",Democrat,1,,,,,0.85,Santa Maria Times,5532,,,,,,,,,,,,13019,"oconnell, jack",158161.0,w,democrat,96,1,
CA,Santa Maria Times,104700,1994,TREASURER,,,CA,"FONG, MATT",Republican,1,,1,,,0.85,Santa Maria Times,5532,,,,,,,,,,,,,,,,,,,
CA,Santa Maria Times,104700,1996,STATE REP,33,33,CA,"BORDONARO, TOM",Republican,1,,1,,,0.85,Santa Maria Times,5532,,,,,,,,,,,,14953,"bordonaro, tom j. jr.",84568.0,w,modernrepublican,80,0.7,
CA,Santa Maria Times,104700,1996,STATE REP,35,35,CA,"FIRESTONE, BROOKS",Republican,1,,1,,,0.85,Santa Maria Times,5532,,,,,,,,,,,,15028,"firestone, brooks",101014.0,w,modernrepublican,100,1,
CA,Santa Maria Times,104700,2000,H,23,23,CA,"STOKER, MIKE",Republican,1,,,,,0.85,Santa Maria Times,5532,,,,,,,,,,,,,,,,,,,
CA,Santa Maria Times,104700,2000,STATE REP,33,33,CA,"MALDONADO, ABEL",Republican,1,,,,,0.85,Santa Maria Times,5532,H2CA23106,cand40663,0.861,,,200,100,1,,,,14920,"maldonado, abel",101200.0,w,modernrepublican,100,1,
CA,Santa Maria Times,104700,2004,JUDGE,,,CA,"BULLARD, ED",Democrat,1,1,,,,0.85,Santa Maria Times,5532,,,,,,,,,,,,,,,,,,,
CA,Santa Maria Times,104700,2004,STATE SENATOR,15,15,CA,"MALDONADO, ABEL",Republican,1,,1,,,0.85,Santa Maria Times,5532,H2CA23106,cand40663,0.861,,,200,100,1,,,,14920,"maldonado, abel",194674.0,w,modernrepublican,100,1,
IN,Evansville Courier,113151,1918,AUDITOR,,,IN,"SPIEGEL, LEO",,1,,,,DEPUTY AUDITOR - REGARDED AS BEST COUNTY AUDITOR IN STATE,0.9,Evansville Courier,118,,,,,,,,,,,,,,,,,,,
IN,Evansville Courier,113151,1918,DA/PROSECUTOR,,,IN,"NOLAN, VAL F.",,1,,,,SINGLE OUT FOR MERIT - CLEAN ENERGETIC PATRIOTIC YOUNG MAN,0.85,Evansville Courier,118,,,,,,,,,,,,,,,,,,,
IN,Evansville Courier,113151,1918,H,1,,IN,"DENTON, GEORGE K.",Democrat,1,1,,,STOOD BY PRESIDENT ON EVERY ISSUE; EDITORIAL ARGUES AGAINST CHANGING CONGRESS DURING WARTIME,0.88,Evansville Courier,118,,,,,,,,,,,,,,,,,,,
IN,Evansville Courier,113151,1918,TOWNSHIP TRUSTEE,,,IN,"WURM, SAMUEL A.",,1,,,,HONEST ECONOMICAL CONSCIENTIOUS - EARNESTLY TRIED TO RELIEVE POVERTY,0.95,Evansville Courier,118,,,,,,,,,,,,,,,,,,,
IN,Evansville Courier,113151,1920,LT GOVERNOR,,,IN,"ROOSEVELT, FRANKLIN D.",Democrat,1,,,,ENDORSED FOR VICE PRESIDENT,0.95,Evansville Courier,118,,,,,,,,,,,,,,,,,,,
IN,Evansville Courier,113151,1920,PRESIDENT,,,IN,"COX, JAMES M.",Democrat,1,,,,ENDORSED FOR PRESIDENT,0.95,Evansville Courier,118,,,,,,,,,,,,,,,,,,,
IN,Evansville Courier,113151,1922,AUDITOR,,,IN,"SPIEGEL, LEO",,1,,,1,COUNTY AUDITOR - DEMOCRAT QUALIFIED FOR OFFICE,0.8,Evansville Courier,118,,,,,,,,,,,,,,,,,,,
IN,Evansville Courier,113151,1922,H,1,,IN,"LUHRING, OSCAR",Republican,0,,1,,OPPOSED; CRITICIZED FOR DOUBLE-CROSSING ON VOLSTEAD ACT VOTE; ANTI-SALOON LEAGUE CAMPAIGN FOR HIM DISMISSED,0.88,Evansville Courier,118,,,,,,,,,,,,,,,,,,,
IN,Evansville Courier,113151,1922,H,1,,IN,"WILSON, WILLIAM E.",Democrat,1,,,,WILL MAKE ONE OF THE FINEST HARDEST WORKING MOST CONSCIENTIOUS CONGRESSMEN; PILLAR IN CHURCH FOR QUARTER CENTURY,0.9,Evansville Courier,118,10260,,,-0.048,0.657,,,,"WILSON, William Edward",85,1,,,,,,,,
IN,Evansville Courier,113151,1922,SENATOR,,,IN,"BEVERIDGE, ALBERT J.",Republican,0,,,,OPPOSED - REFUSES TO SUPPORT HARDING ADMINISTRATION; ANTAGONISTIC TO PARTY,0.75,Evansville Courier,118,,,,,,,,,,,,,,,,,,,
IN,Evansville Courier,113151,1924,JUDGE,,,IN,"DENTON, GEORGE K.",Democrat,1,,,,STATE SUPREME COURT - EMINENTLY QUALIFIED - LONG HONORABLE RECORD AS ATTORNEY - SERVED IN CONGRESS - HOME MAN,0.95,Evansville Courier,118,,,,,,,,,,,,,,,,,,,
IN,Evansville Courier,113151,1924,JUDGE,,,IN,"SPENCER, JOHN W. SR.",Democrat,1,,,,CIRCUIT JUDGE - OVERSHADOWS IN EXPERIENCE AND ABILITY - WELL KNOWN ATTORNEY - SERVED STATE SUPREME COURT,0.9,Evansville Courier,118,,,,,,,,,,,,,,,,,,,
IN,Evansville Courier,113151,1924,TREASURER,,,IN,"DRESS, WILLIAM H.",Democrat,1,,,,COUNTY TREASURER - WILL LEAD DEMOCRATIC COUNTY TICKET - POPULAR YOUNGER BUSINESSMAN - BANKING EXPERIENCE,0.92,Evansville Courier,118,,,,,,,,,,,,,,,,,,,
IN,Evansville Courier,113151,1926,H,1,,IN,"WILSON, WILLIAM E.",Democrat,1,,,,ELECT WILSON; SERVED ONE TERM WITH CREDIT; ABLE CONSCIENTIOUS REPRESENTATIVE; MAN OF HIGH PRINCIPLES CAPABLE AND EFFICIENT; REPUBLICAN INCUMBENT ROWBOTTOM HANDICAPPED BY FACTIONAL STRIFE,0.95,Evansville Courier,118,,,,,,,,,,,,,,,,,,,
IN,Evansville Courier,113151,1928,GOVERNOR,,,IN,"DAILEY, FRANK",Democrat,1,,,,VOTE FOR DECENCY IN GOVERNMENT - DEFEAT LESLIE - REPUDIATE STEPHENSON COFFINISM - HONEST AND DECENT POLITICS,0.93,Evansville Courier,118,,,,,,,,,,,,,,,,,,,
IN,Evansville Courier,113151,1928,GOVERNOR,,,IN,"LESLIE, HARRY",Republican,0,,,,OPPOSED - REPUBLICAN CANDIDATE - ASSOCIATED WITH STEPHENSON GANG AND SHAME TO STATE,0.92,Evansville Courier,118,,,,,,,,,,,,,,,,,,,
IN,Evansville Courier,113151,1928,H,1,,IN,"BOEHNE, JOHN W. JR.",Democrat,1,,,,WE NEED A GOOD MAN AT WASHINGTON; JOHN W BOEHNE JR IS THE KIND OF MAN CITY NEEDS; BUSINESS TRAINING; THINKS CONSTRUCTIVELY; ANXIOUS TO SERVE AND MAKE HONORABLE RECORD,0.93,Evansville Courier,118,,,,,,,,,,,,,,,,,,,
IN,Evansville Courier,113151,1928,PRESIDENT,,,IN,"SMITH, ALFRED E.",Democrat,1,,,,BIG ISSUE IS FARM PROBLEM - SMITH AND DEMOCRATIC PARTY ONLY STAND FOR AGRICULTURE - APPROVED BY AGRICULTURAL LEADERS,0.85,Evansville Courier,118,,,,,,,,,,,,,,,,,,,
IN,Evansville Courier,113151,1928,STATE REP,,,IN,"KNECHT, KARL",,1,,,,STATE REPRESENTATIVE FROM VANDERBURGH - WOULD MAKE GREAT LEGISLATOR - CARTOONIST - KNOWN FOR 22 YEARS,0.75,Evansville Courier,118,,,,,,,,,,,,,,,,,,,
IN,Evansville Courier,113151,1930,JUDGE,,VANDERBURGH COUNTY,IN,"BOCK, CHARLES P.",Republican,0,,1,,"ANTI-ENDORSEMENT; CIRCUIT JUDGE ELECTED 1924; CRITICIZED FOR POLITICAL MACHINE METHODS, ABSENTEE VOTER SCANDAL, SPEECHES FROM BENCH, FAILED PROBES",0.9,Evansville Courier,118,,,,,,,,,,,,,,,,,,,
IN,Evansville Courier,113151,1930,JUDGE,,,IN,"KIME, POSEY",Democrat,1,,,,APPELLATE JUDGE - ONLY LOCAL MAN ON STATE TICKET - CLEAN HARD WORKING YOUNG ATTORNEY - DESERVES SPLENDID VOTE,0.93,Evansville Courier,118,,,,,,,,,,,,,,,,,,,
IN,Evansville Courier,113151,1934,MAYOR,,,IN,"DREW, WILLIAM H.",Democrat,1,,,,DEMOCRATIC NOMINEE - KNOWS CITY PROBLEMS - PLAIN MAN WITHOUT PRETENSE - COMMON SENSE APPROACH,0.8,Evansville Courier,118,,,,,,,,,,,,,,,,,,,
IN,Evansville Courier,113151,1934,SENATOR,,,IN,"ROBINSON, FREDERICK",Republican,0,,1,,OPPOSED - INCUMBENT - DEMAGOGUE WITH SHALLOW RECORD - PETTINESS AND INSUBSTANCE,0.78,Evansville Courier,118,,,,,,,,,,,,,,,,,,,
IN,Evansville Courier,113151,1936,JUDGE,,,IN,"SPENCER, JOHN W. JR.",Democrat,1,,1,,DISTRICT JUDGE - EFFICIENT IMPARTIAL CAPABLE JURIST - RECORD AS JUDGE UNASSAILABLE - GOOD JUDGE,0.92,Evansville Courier,118,,,,,,,,,,,,,,,,,,,
IN,Evansville Courier,113151,1938,H,1,,IN,"BOEHNE, JOHN W. JR.",Democrat,1,1,,,NO HESITANCY IN ENDORSING; DISTRICT FORTUNATE TO HAVE HIM; HAS FEET ON GROUND; NO RUBBER STAMP; FAR BETTER EQUIPPED THAN RIVAL WERNER,0.92,Evansville Courier,118,820,,,-0.106,0.218,,,,"BOEHNE, John William, Jr.",81,0.7,,,,,,,,
IN,Evansville Courier,113151,1938,MAYOR,,EVANSVILLE,IN,DRESS,,1,1,,,DONE BETTER THAN AVERAGE JOB; RECORD IS FAIR; WILL BE REELECTED BY COMFORTABLE MARGIN; OPPONENT BURCH DISMISSED,0.78,Evansville Courier,118,,,,,,,,,,,,,,,,,,,
IN,Evansville Courier,113151,1938,SENATOR,,,IN,"VAN NUYS, FREDERICK",Democrat,1,1,,,NO HESITANCY IN ENDORSING; STOOD FIRM FOR CONSTITUTIONAL RULE; INDEPENDENT-MINDED; STEEPED IN FUNDAMENTAL AMERICANISM,0.92,Evansville Courier,118,9626,,,-0.115,0.192,,,,"VAN NUYS, Frederick",100,1,,,,,,,,
IN,Evansville Courier,113151,1940,GOVERNOR,,,IN,"HILLIE, GLEN",Republican,1,,,,REPUBLICAN GOVERNOR CANDIDATE - MAN FOR BIG JOB - MAN OF INDEPENDENT MIND AND COURAGE,0.82,Evansville Courier,118,,,,,,,,,,,,,,,,,,,
IN,Evansville Courier,113151,1940,PRESIDENT,,,IN,"WILLKIE, WENDELL L.",Republican,1,,,,PRINCIPLES VS FLEETING POPULARITY - PRESERVE REPUBLIC OF BALANCED SEPARATE POWERS - OPPOSITION TO NEW DEAL,0.8,Evansville Courier,118,,,,,,,,,,,,,,,,,,,
IN,Evansville Courier,113151,1942,H,11,,IN,LARRABEE,,1,,,,CONGRESSMAN - ONLY INDIANA CONGRESSMAN WHO WILL SURVIVE - TRUSTWORTHY TO PROTECT AMERICA,0.85,Evansville Courier,118,,,,,,,,,,,,,,,,,,,
IN,Evansville Courier,113151,1944,GOVERNOR,,,IN,GATES,Republican,0,,,,OPPOSED; REPRESENTS RUTHLESS STATE ORGANIZATION OF REPUBLICAN PARTY; WOULD MAKE SHARP POLICIES,0.78,Evansville Courier,118,,,,,,,,,,,,,,,,,,,
IN,Evansville Courier,113151,1944,GOVERNOR,,,IN,"JACKSON, SAMUEL M.",Democrat,1,,,,CLEAN ABLE DECENT CITIZEN - HIGH ORDER ADMINISTRATION - OPPOSED TO SPOILS POLITICIANS - BALLOT B4,0.92,Evansville Courier,118,,,,,,,,,,,,,,,,,,,
IN,Evansville Courier,113151,1944,GOVERNOR,,,IN,STRICKLER,Democrat,1,,,,URGES ALL CITIZENS TO VOTE FOR STRICKLER; STRICKLERS NUMBER IS 82,0.8,Evansville Courier,118,,,,,,,,,,,,,,,,,,,
IN,Evansville Courier,113151,1944,LT GOVERNOR,,,IN,"JACKSON, SAMUEL",Democrat,1,,,,CLEAN ABLE AND DESERVING CITIZEN; WOULD GIVE STATE ADMINISTRATION OF HIGH ORDER; JACKSONS NUMBER IS 84,0.88,Evansville Courier,118,,,,,,,,,,,,,,,,,,,
IN,Evansville Courier,113151,1944,PRESIDENT,,,IN,"DEWEY, THOMAS E.",Republican,1,,,,THIS NEWSPAPER HAS URGED THE ELECTION OF MR DEWEY; FRESH LEADERSHIP WOULD PULL COUNTRY TOGETHER; BETTER CHANCE THAN ROOSEVELT TO AVOID LONG PERIOD OF STRIFE,0.9,Evansville Courier,118,,,,,,,,,,,,,,,,,,,
IN,Evansville Courier,113151,1944,SENATOR,,,IN,"SHRICKER, HENRY F.",Democrat,1,,,,ONE OF INDIANA'S GREATEST GOVERNORS - CLEAN EFFICIENT CONSTRUCTIVE - PATRIOTIC AMERICAN - BALLOT B2,0.92,Evansville Courier,118,,,,,,,,,,,,,,,,,,,
IN,Evansville Courier,113151,1948,CNTY CLERK,,,IN,"SAUER, DELBERT",Democrat,1,,,,COUNTY CLERK - BEST QUALIFIED - SERVED LONG FAITHFULLY AND EFFICIENTLY,0.82,Evansville Courier,118,,,,,,,,,,,,,,,,,,,
IN,Evansville Courier,113151,1948,DA/PROSECUTOR,,,IN,"MCDONALD, FRANK",Democrat,1,,,,SHERIFF CANDIDATE - ABILITY TRAINING WELL QUALIFIED - INTELLIGENT PLATFORM,0.75,Evansville Courier,118,,,,,,,,,,,,,,,,,,,
IN,Evansville Courier,113151,1948,GOVERNOR,,,IL,"GREEN, DWIGHT H.",Republican,0,1,,,OPPOSED - ILLINOIS GOVERNOR - GAMBLING RACKETEERS SUPPORT - ACQUIESCENCES IN CORRUPTION,0.88,Evansville Courier,118,,,,,,,,,,,,,,,,,,,
IN,Evansville Courier,113151,1948,GOVERNOR,,,IL,"STEVENSON, ADLAI E.",Democrat,1,,,,ILLINOIS GOVERNOR - MAN OF DISTINCTION AND ABILITY - BEST GOVERNOR FOR STATE - REPUBLICAN NEWSPAPERS SUPPORTING,0.88,Evansville Courier,118,,,,,,,,,,,,,,,,,,,
IN,Evansville Courier,113151,1948,H,8,,IN,"MITCHELL, ED",Republican,1,1,,,CONGRESSMAN SHOULD GO BACK - FOUGHT DISCRIMINATORY TAX - PHYSICAL COURAGE - RIGHT ON VITAL THINGS,0.88,Evansville Courier,118,,,,,,,,,,,,,,,,,,,
IN,Evansville Courier,113151,1948,PRESIDENT,,,IN,"DEWEY, THOMAS E.",Republican,1,,,,ONLY HOPE OF ACCOMPLISHING OBJECTIVE LIES IN MR DEWEY AND A NEW ADMINISTRATION; FRESH LEADERSHIP NEEDED; ECCLES AND LIPPMANN QUOTED IN SUPPORT,0.88,Evansville Courier,118,,,,,,,,,,,,,,,,,,,
IN,Evansville Courier,113151,1948,PRESIDENT,,,IN,"TRUMAN, HARRY S.",Democrat,0,1,,,OPPOSED; SLUSHING CAMPAIGN STRESSING DIVISION; APPEALING TO CLASS AND GROUP PREJUDICES; DIPLOMATIC RESOURCES EXHAUSTED,0.88,Evansville Courier,118,,,,,,,,,,,,,,,,,,,
IN,Evansville Press,113152,1918,H,,,IN,"DENTON, GEORGE K.",Republican,1,,,,"SOLDIER ADVOCATE, VOTED FOR SOLDIER BENEFITS",0.95,Evansville Press,4549,,,,,,,,,,,,,,,,,,,
IN,Evansville Press,113152,1920,PRESIDENT,,,IN,"COX, JAMES M.",Democrat,1,,,,"LEAGUE OF NATIONS SUPPORTER, EXECUTIVE ABILITY",0.95,Evansville Press,4549,,,,,,,,,,,,,,,,,,,
IN,Evansville Press,113152,1924,GOVERNOR,,,IN,"MCCULLOCH, CARLETON B.",Democrat,1,,,,ANTI-KKL POSITION,0.85,Evansville Press,4549,,,,,,,,,,,,,,,,,,,
IN,Evansville Press,113152,1928,DA/PROSECUTOR,,Vanderburgh,IN,LINDSEY,,1,,,,COUNTY PROSECUTOR ENDORSEMENT,0.75,Evansville Press,4549,,,,,,,,,,,,,,,,,,,
IN,Evansville Press,113152,1928,GOVERNOR,,,IN,"DAILEY, FRANK C.",Democrat,1,,,,"GOOD GOVERNMENT, OPPOSES LESLIE",0.85,Evansville Press,4549,,,,,,,,,,,,,,,,,,,
IN,Evansville Press,113152,1928,H,,,IN,"ROWBOTTOM, HARRY",Republican,0,,1,,BAD CONGRESSIONAL RECORD,0.85,Evansville Press,4549,8090,,,0.352,0.295,,,,"ROWBOTTOM, Harry Emerson",80,0.7,,,,,,,,
IN,Evansville Press,113152,1928,PRESIDENT,,,IN,"HOOVER, HERBERT",Republican,1,,,,REPUBLICAN SUPPORT,0.75,Evansville Press,4549,,,,,,,,,,,,,,,,,,,
IN,Evansville Press,113152,1930,H,1,,IN,"ROWBOTTOM, HARRY G.",Republican,0,1,,,POOR CONGRESSIONAL RECORD,0.85,Evansville Press,4549,,,,,,,,,,,,,,,,,,,
IN,Evansville Press,113152,1932,H,8,,IN,"BOEHNE, JOHN W. JR.",Democrat,1,,,,"INDEPENDENT VOTING, LEGISLATIVE ABILITY",0.9,Evansville Press,4549,820,,,-0.106,0.218,,,,"BOEHNE, John William, Jr.",81,0.7,,,,,,,,
IN,Evansville Press,113152,1932,PRESIDENT,,,IN,"ROOSEVELT, FRANKLIN D.",Democrat,1,,,,"DEPRESSION REMEDY, CHANCE FOR BETTER GOVERNMENT",0.95,Evansville Press,4549,,,,,,,,,,,,,,,,,,,
IN,Evansville Press,113152,1932,SENATOR,,,IN,"WAGNER, ROBERT F.",Democrat,1,,,,UNEMPLOYMENT RELIEF ADVOCATE,0.9,Evansville Press,4549,,,,,,,,,,,,,,,,,,,
IN,Evansville Press,113152,1934,SENATOR,,,IN,"MINTON, SHERMAN",Democrat,1,,,,"FRANKNESS AND COURAGE, NEW DEAL SUPPORT",0.9,Evansville Press,4549,6549,,,-0.504,-0.037,,,,"MINTON, Sherman",100,1,,,,,,,,
IN,Evansville Press,113152,1936,H,8,,IN,"BOEHNE, JOHN W. JR.",Democrat,1,,,,"LEGISLATIVE ABILITY, NEW DEAL SUPPORT",0.9,Evansville Press,4549,820,,,-0.106,0.218,,,,"BOEHNE, John William, Jr.",81,0.7,,,,,,,,
IN,Evansville Press,113152,1936,PRESIDENT,,,IN,"ROOSEVELT, FRANKLIN D.",Democrat,1,,,,"FAIR ANSWER, RECOVERY AND LEADERSHIP",0.95,Evansville Press,4549,,,,,,,,,,,,,,,,,,,
IN,Evansville Press,113152,1938,H,8,,IN,"BOEHNE, JOHN W. JR.",Democrat,1,1,,,"INDEPENDENT THINKING, GOOD RECORD",0.9,Evansville Press,4549,820,,,-0.106,0.218,,,,"BOEHNE, John William, Jr.",81,0.7,,,,,,,,
IN,Evansville Press,113152,1940,JUDGE,,Vanderburgh,IN,"VENEMAN, ALBERT J.",Democrat,1,1,,,"MATURE EXPERIENCE, SYMPATHY, COMMUNITY RESPECT",0.9,Evansville Press,4549,,,,,,,,,,,,,,,,,,,
IN,Evansville Press,113152,1940,SENATOR,,,IN,"LA FOLLETTE JR., ROBERT M.",Republican,1,,,,"NEW DEAL SUPPORT, PROGRESSIVE RECORD",0.85,Evansville Press,4549,,,,,,,,,,,,,,,,,,,
IN,Evansville Press,113152,1942,MAYOR,,Evansville,IN,"DRUSE, WILLIAM B.",Democrat,1,1,,,"ABLE, CONSCIENTIOUS, EXCELLENT RECORD",0.85,Evansville Press,4549,,,,,,,,,,,,,,,,,,,
IN,Evansville Press,113152,1942,SEC OF STATE,,,IN,"DENTON, WINFIELD K.",Democrat,1,,,,"ABLE, CONSCIENTIOUS PUBLIC OFFICIAL",0.9,Evansville Press,4549,,,,,,,,,,,,,,,,,,,
IN,Evansville Press,113152,1944,GOVERNOR,,,IN,"JACKSON, SAMUEL D.",Democrat,1,,,,"JUSTICE AND COMMON SENSE, GOOD GOVERNMENT",0.9,Evansville Press,4549,,,,,,,,,,,,,,,,,,,
IN,Evansville Press,113152,1948,CNTY CLERK,,Vanderburgh,IN,"SAUER, ED J.",Democrat,1,,,,"FAITHFUL SERVICE, EXPERIENCE, ABILITY",0.9,Evansville Press,4549,,,,,,,,,,,,,,,,,,,
IN,Evansville Press,113152,1948,H,8,,IN,"MITCHELL, ED",Republican,1,,,,"ANTI-COMMUNIST STANCE, STRONG MEASURES",0.85,Evansville Press,4549,,,,,,,,,,,,,,,,,,,
IN,Evansville Press,113152,1952,CNTY CLERK,,Vanderburgh,IN,"SAUER, ED J.",Democrat,1,,,,RE-ENDORSEMENT,0.95,Evansville Press,4549,,,,,,,,,,,,,,,,,,,
IN,Evansville Press,113152,1952,DA/PROSECUTOR,,Vanderburgh,IN,"WEVER, PAUL",Republican,1,,,,RE-ENDORSEMENT,0.95,Evansville Press,4549,,,,,,,,,,,,,,,,,,,
IN,Evansville Press,113152,1952,GOVERNOR,,,IN,"WATKINS, JOHN A.",Democrat,1,,,,RE-ENDORSEMENT,0.95,Evansville Press,4549,,,,,,,,,,,,,,,,,,,
IN,Evansville Press,113152,1952,H,8,,IN,"MERRILL, D. BAILEY",Republican,1,,,,RE-ENDORSEMENT,0.95,Evansville Press,4549,6429,,,0.274,-0.45,,,,"MERRILL, D. Bailey",100,1,,,,,,,,
IN,Evansville Press,113152,1952,PRESIDENT,,,IN,"EISENHOWER, DWIGHT D.",Republican,1,,,,RE-ENDORSEMENT,0.95,Evansville Press,4549,,,,,,,,,,,,,,,,,,,
IN,Evansville Press,113152,1952,SENATOR,,,IN,"SCHRICKER, HENRY F.",Democrat,1,,,,RE-ENDORSEMENT,0.95,Evansville Press,4549,,,,,,,,,,,,,,,,,,,
IN,Evansville Press,113152,1952,TREASURER,,Vanderburgh,IN,"OVIATT, CLYDE",Republican,1,,,,RE-ENDORSEMENT,0.95,Evansville Press,4549,,,,,,,,,,,,,,,,,,,
IN,Evansville Press,113152,1954,AUDITOR,,Vanderburgh,IN,"SAUER, ED",Democrat,1,,,,RE-ENDORSEMENT,0.95,Evansville Press,4549,,,,,,,,,,,,,,,,,,,
IN,Evansville Press,113152,1954,CNTY COMM,3,,IN,"ELLSPERMANN, CHARLES J.",Democrat,1,,,,RE-ENDORSEMENT,0.95,Evansville Press,4549,,,,,,,,,,,,,,,,,,,
IN,Evansville Press,113152,1954,CNTY COMM,1,,IN,"FERGUSON, ROY E.",Republican,1,,,,RE-ENDORSEMENT,0.95,Evansville Press,4549,,,,,,,,,,,,,,,,,,,
IN,Evansville Press,113152,1954,H,8,,IN,"MERRILL, D. BAILEY",Republican,1,,,,RE-ENDORSEMENT,0.95,Evansville Press,4549,,,,,,,,,,,,,,,,,,,
IN,Evansville Press,113152,1954,JUDGE,,Vanderburgh,IN,"RAWLINGS, JOHN D.",Republican,1,,,,RE-ENDORSEMENT,0.95,Evansville Press,4549,,,,,,,,,,,,,,,,,,,
IN,Evansville Press,113152,1954,RECORDER,,Vanderburgh,IN,"PADGETT, PAUL",Democrat,1,,,,RE-ENDORSEMENT,0.95,Evansville Press,4549,,,,,,,,,,,,,,,,,,,
IN,Evansville Press,113152,1954,SHERIFF,,Vanderburgh,IN,"MCDONALD, FRANK F.",Democrat,1,,,,RE-ENDORSEMENT,0.95,Evansville Press,4549,,,,,,,,,,,,,,,,,,,
IN,Evansville Press,113152,1954,STATE REP,,,IN,"ACKER, W. J.",Republican,1,,,,RE-ENDORSEMENT,0.95,Evansville Press,4549,,,,,,,,,,,,,,,,,,,
IN,Evansville Press,113152,1954,STATE REP,,,IN,"AMOS, RUSSELL",Republican,1,,,,RE-ENDORSEMENT,0.95,Evansville Press,4549,,,,,,,,,,,,,,,,,,,
IN,Evansville Press,113152,1954,STATE REP,,,IN,"MEHRLE JR., ARTHUR J.",Republican,1,,,,RE-ENDORSEMENT,0.95,Evansville Press,4549,,,,,,,,,,,,,,,,,,,
IN,Evansville Press,113152,1954,STATE REP,,,IN,"OURSLER, FLOYD F.",Republican,1,,,,RE-ENDORSEMENT,0.95,Evansville Press,4549,,,,,,,,,,,,,,,,,,,
IN,Evansville Press,113152,1954,STATE SENATOR,,,IN,"INGLE, DONALD B.",Republican,1,,,,RE-ENDORSEMENT,0.95,Evansville Press,4549,,,,,,,,,,,,,,,,,,,
IN,Evansville Press,113152,1956,AUDITOR,,,IN,"CAPLIN, ROY T.",Republican,1,,,,RE-ENDORSEMENT,0.95,Evansville Press,4549,,,,,,,,,,,,,,,,,,,
IN,Evansville Press,113152,1956,GOVERNOR,,,IN,"HANDLEY, HAROLD W.",Republican,1,,,,RE-ENDORSEMENT,0.95,Evansville Press,4549,,,,,,,,,,,,,,,,,,,
IN,Evansville Press,113152,1956,LT GOVERNOR,,,IN,"PARKER, CRAWFORD F.",Republican,1,,,,RE-ENDORSEMENT,0.95,Evansville Press,4549,,,,,,,,,,,,,,,,,,,
IN,Evansville Press,113152,1956,PRESIDENT,,,IN,"EISENHOWER, DWIGHT D.",Republican,1,,,,RE-ENDORSEMENT,0.95,Evansville Press,4549,,,,,,,,,,,,,,,,,,,
IN,Evansville Press,113152,1956,SEC OF STATE,,,IN,"LEMON, URSCHLA L.",Republican,1,,,,RE-ENDORSEMENT,0.95,Evansville Press,4549,,,,,,,,,,,,,,,,,,,
IN,Evansville Press,113152,1956,SENATOR,,,IN,"CAPEHART, HOMER E.",Republican,1,,,,RE-ENDORSEMENT,0.95,Evansville Press,4549,1489,,,0.37,-0.222,,,,"CAPEHART, Homer Earl",89,1,,,,,,,,
IN,Evansville Press,113152,1958,STATE SENATOR,,,IN,"ROBERTS, KENNETH JR.",Democrat,1,,,,BETTER JOB,0.85,Evansville Press,4549,,,,,,,,,,,,,,,,,,,
OH,Akron Beacon Journal,134150,2008,AUDITOR,,,OH,"SAUDARGAS, DAVID",Democrat,1,,,,STATE AUDITOR ENDORSEMENT,0.85,Akron Beacon Journal,673,,,,,,,,,,,,,,,,,,,
OH,Akron Beacon Journal,134150,2008,GOVERNOR,,,OH,"STRICKLAND, TED",Democrat,1,,,,GUBERNATORIAL ENDORSEMENT,0.88,Akron Beacon Journal,673,,,,,,,,,,,,,,,,,,,
OH,Akron Beacon Journal,134150,2008,PRESIDENT,,,OH,"OBAMA, BARACK",Democrat,1,,,,PRESIDENTIAL ENDORSEMENT,0.9,Akron Beacon Journal,673,99911,cand169967,-1.095,-0.358,-0.197,100,100,1,,,,,,,,,,,
OH,Akron Beacon Journal,134150,2008,SENATOR,,,OH,"BROWN, SHERROD",Democrat,1,,,,U.S. SENATE ENDORSEMENT,0.9,Akron Beacon Journal,673,29389,cand1327,-0.767,-0.425,-0.097,100,100,1,,,,,,,,,,,
OH,Akron Beacon Journal,134150,2008,STATE REP,34,,OH,"ANTONIDES, VERNON",Republican,1,,,,STATE REPRESENTATIVE DISTRICT 34 ENDORSEMENT,0.85,Akron Beacon Journal,673,,,,,,,,,,,,,,,,,,,
OH,Akron Beacon Journal,134150,2008,STATE REP,35,,OH,"BOYER, JOHN",Democrat,1,,,,STATE REPRESENTATIVE DISTRICT 35 ENDORSEMENT,0.85,Akron Beacon Journal,673,,,,,,,,,,,,,,,,,,,
OH,Akron Beacon Journal,134150,2008,STATE REP,44,,OH,"DORING, MARK",Democrat,1,,,,STATE REPRESENTATIVE DISTRICT 44 ENDORSEMENT,0.85,Akron Beacon Journal,673,,,,,,,,,,,,,,,,,,,
OH,Akron Beacon Journal,134150,2008,STATE REP,36,,OH,"MCGINTY, PAUL",Democrat,1,,,,STATE REPRESENTATIVE DISTRICT 36 ENDORSEMENT,0.85,Akron Beacon Journal,673,,,,,,,,,,,,,,,,,,,
OH,Akron Beacon Journal,134150,2008,STATE REP,43,,OH,"WILLIAMS, BETTY",Democrat,1,,,,STATE REPRESENTATIVE DISTRICT 43 ENDORSEMENT,0.85,Akron Beacon Journal,673,OH13431634,cand194014,0.675,,,100,73,0.7,,,,,,,,,,,
OH,Akron Beacon Journal,134150,2010,ATTORNEY GENERAL,,,OH,"CORDRAY, RICHARD",Democrat,1,,,,OHIO ATTORNEY GENERAL ENDORSEMENT,0.92,Akron Beacon Journal,673,S8OH00052,cand107234,-0.643,,,100,100,1,,,,,,,,,,,
OH,Akron Beacon Journal,134150,2010,AUDITOR,,,OH,"PEPPER, DAVID",Democrat,1,,,,OHIO AUDITOR ENDORSEMENT,0.92,Akron Beacon Journal,673,,,,,,,,,,,,,,,,,,,
OH,Akron Beacon Journal,134150,2010,GOVERNOR,,,OH,"STRICKLAND, TED",Democrat,1,,,,GUBERNATORIAL ENDORSEMENT,0.92,Akron Beacon Journal,673,,,,,,,,,,,,,,,,,,,
OH,Akron Beacon Journal,134150,2010,H,16,,OH,"BOCCIERI, JOHN",Democrat,1,,,,U.S. HOUSE DISTRICT 16 ENDORSEMENT,0.92,Akron Beacon Journal,673,20943,cand1070,-0.601,-0.185,0.384,100,93,1,,,,,,,,,,,
OH,Akron Beacon Journal,134150,2010,H,15,,OH,"KILROY, MARY JO",Democrat,1,,,,U.S. HOUSE DISTRICT 15 ENDORSEMENT,0.92,Akron Beacon Journal,673,20942,cand1069,-0.956,-0.318,-0.115,100,100,1,,,,,,,,,,,
OH,Akron Beacon Journal,134150,2010,H,17,,OH,"RYAN, TIM",Democrat,1,,,,U.S. HOUSE DISTRICT 17 ENDORSEMENT,0.92,Akron Beacon Journal,673,20343,cand909,-0.744,-0.402,0.208,100,75,0.7,,,,,,,,,,,
OH,Akron Beacon Journal,134150,2010,H,13,,OH,"SUTTON, BETTY",Democrat,1,,,,U.S. HOUSE DISTRICT 13 ENDORSEMENT,0.92,Akron Beacon Journal,673,20740,cand1004,-0.758,-0.44,0.165,100,92,1,,,,,,,,,,,
OH,Akron Beacon Journal,134150,2010,SENATOR,,,OH,"FISHER, LEE",Democrat,1,,,,U.S. SENATE ENDORSEMENT,0.92,Akron Beacon Journal,673,S0OH00158,cand104048,-0.496,,,100,78,0.7,,,,,,,,,,,
OH,Akron Beacon Journal,134150,2010,STATE REP,69,,OH,"BUTSCHECIDER, WILLIAM G.",Democrat,1,,,,STATE REPRESENTATIVE DISTRICT 69 ENDORSEMENT,0.85,Akron Beacon Journal,673,OH2908453,cand194291,0.772,,,200,84,0.7,,,,180551,"batchelder, william",32406.0,w,modernrepublican,85,1,
OH,Akron Beacon Journal,134150,2010,STATE REP,68,,OH,"CLYDE, KATHLEEN",Democrat,1,,,,STATE REPRESENTATIVE DISTRICT 68 ENDORSEMENT,0.9,Akron Beacon Journal,673,OH142725,cand94829,-0.854,,,100,100,1,,,,303827,"clyde, kathleen",17309.0,w,democrat,100,1,
OH,Akron Beacon Journal,134150,2010,STATE REP,43,,OH,"DYER, STEPHEN",Democrat,1,,,,STATE REPRESENTATIVE DISTRICT 43 ENDORSEMENT,0.9,Akron Beacon Journal,673,OH8230,cand95425,-0.533,,,100,100,1,,,,278506,"dyer, stephen",20051.0,l,democrat,100,1,
OH,Akron Beacon Journal,134150,2010,STATE REP,45,,OH,"FISHER, CHARLES",Democrat,1,,,,STATE REPRESENTATIVE DISTRICT 45 ENDORSEMENT,0.9,Akron Beacon Journal,673,OH413921,cand126816,-0.857,,,100,88,1,,,,303772,"lasher, charles",9532.0,l,modernrepublican,86,1,DIME/SLER party mismatch
OH,Akron Beacon Journal,134150,2010,STATE REP,27,,OH,"LAROSE, FRANK",Republican,1,,,,STATE REPRESENTATIVE DISTRICT 27 ENDORSEMENT,0.9,Akron Beacon Journal,673,,,,,,,,,,,,,,,,,,,
OH,Akron Beacon Journal,134150,2010,STATE REP,42,,OH,"MOAN, MIKE",Democrat,1,,,,STATE REPRESENTATIVE DISTRICT 42 ENDORSEMENT,0.9,Akron Beacon Journal,673,OH9347,cand95448,-0.575,,,100,95,1,,,,290312,"moran, mike",20166.0,l,democrat,95,1,
OH,Akron Beacon Journal,134150,2010,STATE REP,34,,OH,"MOORE, CARL",Democrat,1,,,,STATE REPRESENTATIVE DISTRICT 34 ENDORSEMENT,0.9,Akron Beacon Journal,673,,,,,,,,,,,,,,,,,,,
OH,Akron Beacon Journal,134150,2010,STATE REP,29,,OH,"OELSLAGER, SCOTT",Republican,1,,,,STATE REPRESENTATIVE DISTRICT 29 ENDORSEMENT,0.9,Akron Beacon Journal,673,,,,,,,,,,,,,,,,,,,
OH,Akron Beacon Journal,134150,2010,STATE REP,51,,OH,"SCHURING, KIRK",Republican,1,,,,STATE REPRESENTATIVE DISTRICT 51 ENDORSEMENT,0.9,Akron Beacon Journal,673,,,,,,,,,,,,179784,"schuring, kirk",32259.0,w,modernrepublican,100,1,
OH,Akron Beacon Journal,134150,2010,STATE REP,28,,OH,"SMITH, ROBERT",Democrat,1,,,,STATE REPRESENTATIVE DISTRICT 28 ENDORSEMENT,0.9,Akron Beacon Journal,673,,,,,,,,,,,,,,,,,,,
OH,Akron Beacon Journal,134150,2010,STATE REP,52,,OH,"STIZNICK, STEPHEN D.",Democrat,1,,,,STATE REPRESENTATIVE DISTRICT 52 ENDORSEMENT,0.9,Akron Beacon Journal,673,,,,,,,,,,,,,,,,,,,
OH,Akron Beacon Journal,134150,2010,STATE REP,44,,OH,"SYKES, VERNON",Democrat,1,,,,STATE REPRESENTATIVE DISTRICT 44 ENDORSEMENT,0.9,Akron Beacon Journal,673,OH2153,cand95164,-0.387,,,100,100,1,,,,181369,"sykes, vernon",20107.0,w,democrat,100,1,
OH,Akron Beacon Journal,134150,2010,STATE REP,34,,OH,"WHITMORE, BETH",Democrat,1,,,,STATE REPRESENTATIVE DISTRICT 34 ENDORSEMENT,0.9,Akron Beacon Journal,673,,,,,,,,,,,,,,,,,,,
OH,Akron Beacon Journal,134150,2010,STATE REP,30,,OH,"WILLIAMS, BRIAN G.",Democrat,1,,,,STATE REPRESENTATIVE DISTRICT 30 ENDORSEMENT,0.9,Akron Beacon Journal,673,OH13431634,cand194014,0.675,,,100,97,1,,,,,,,,,,,
OH,Akron Beacon Journal,134150,2010,SUPREME COURT,,,OH,"BROWN, ERIC",Democrat,1,,,,OHIO SUPREME COURT CHIEF JUSTICE ENDORSEMENT,0.9,Akron Beacon Journal,673,OH_c_13172,cand68980621,-0.648,,,328,100,1,,,,,,,,,,,
OH,Akron Beacon Journal,134150,2010,SUPREME COURT,,,OH,"LANZINGER, JUDITH ANN",Democrat,1,,,,OHIO SUPREME COURT JUSTICE ENDORSEMENT,0.9,Akron Beacon Journal,673,OH16119,cand95019,0.907,,,328,100,1,,,,,,,,,,,
OH,Akron Beacon Journal,134150,2010,TREASURER,,,OH,"BOYCE, KEVIN L.",Democrat,1,,,,OHIO TREASURER ENDORSEMENT,0.92,Akron Beacon Journal,673,OH142775,cand94867,-0.545,,,100,96,1,,,,,,,,,,,
OH,Akron Beacon Journal,134150,2012,COURT OF APPEALS,9,,OH,"DICKINSON, CLAIR E.",Democrat,1,,,,OHIO 9TH DISTRICT COURT OF APPEALS JUDGE ENDORSEMENT,0.9,Akron Beacon Journal,673,OH134833,cand94705,-0.412,,,328,97,1,,,,,,,,,,,
OH,Akron Beacon Journal,134150,2012,COURT OF APPEALS,9,,OH,"SAWYER, THOMAS C.",Democrat,1,,,,OHIO 9TH DISTRICT COURT OF APPEALS JUDGE ENDORSEMENT,0.9,Akron Beacon Journal,673,,,,,,,,,,,,,,,,,,,
OH,Akron Beacon Journal,134150,2012,H,11,,OH,"FUDGE, MARCIA L.",Democrat,1,,,,U.S. HOUSE DISTRICT 11 ENDORSEMENT,0.92,Akron Beacon Journal,673,20941,cand1068,-0.517,-0.581,0.14,100,96,1,,,,,,,,,,,
OH,Akron Beacon Journal,134150,2012,H,14,,OH,"JOYCE, DAVID P.",Republican,1,,,,U.S. HOUSE DISTRICT 14 ENDORSEMENT,0.92,Akron Beacon Journal,673,21353,cand121656,0.732,0.251,0.316,200,96,1,,,,,,,,,,,
OH,Akron Beacon Journal,134150,2012,H,13,,OH,"RYAN, TIM",Democrat,1,,,,U.S. HOUSE DISTRICT 13 ENDORSEMENT,0.92,Akron Beacon Journal,673,20343,cand909,-0.744,-0.402,0.208,100,75,0.7,,,,,,,,,,,
OH,Akron Beacon Journal,134150,2012,H,16,,OH,"SUTTON, BETTY",Democrat,1,,,,U.S. HOUSE DISTRICT 16 ENDORSEMENT,0.92,Akron Beacon Journal,673,20740,cand1004,-0.758,-0.44,0.165,100,92,1,,,,,,,,,,,
OH,Akron Beacon Journal,134150,2012,PRESIDENT,,,OH,"OBAMA, BARACK",Democrat,1,,,,PRESIDENTIAL ENDORSEMENT,0.92,Akron Beacon Journal,673,99911,cand169967,-1.095,-0.358,-0.197,100,100,1,,,,,,,,,,,
OH,Akron Beacon Journal,134150,2012,SENATOR,,,OH,"BROWN, SHERROD",Democrat,1,,,,U.S. SENATE ENDORSEMENT,0.92,Akron Beacon Journal,673,29389,cand1327,-0.767,-0.425,-0.097,100,100,1,,,,,,,,,,,
OH,Akron Beacon Journal,134150,2012,STATE REP,59,,OH,"BATCHELDER, WILLIAM",Republican,1,,,,STATE REPRESENTATIVE DISTRICT 59 ENDORSEMENT,0.9,Akron Beacon Journal,673,OH2908453,cand194291,0.772,,,200,95,1,,,,,,,,,,,
OH,Akron Beacon Journal,134150,2012,STATE REP,75,,OH,"CLYDE, KATHLEEN",Democrat,1,,,,STATE REPRESENTATIVE DISTRICT 75 ENDORSEMENT,0.9,Akron Beacon Journal,673,OH142725,cand94829,-0.854,,,100,100,1,,,,303827,"clyde, kathleen",30637.0,w,democrat,100,1,
OH,Akron Beacon Journal,134150,2012,STATE REP,34,,OH,"DEVITIS, ANTHONY",Democrat,1,,,,STATE REPRESENTATIVE DISTRICT 34 ENDORSEMENT,0.9,Akron Beacon Journal,673,OH413917,cand95248,0.777,,,200,100,1,,,,,,,,,,,
OH,Akron Beacon Journal,134150,2012,STATE REP,38,,OH,"KAPLAN, MICHAEL J.",Democrat,1,,,,STATE REPRESENTATIVE DISTRICT 38 ENDORSEMENT,0.9,Akron Beacon Journal,673,OH413919,cand126806,-0.792,,,100,97,1,,,,317672,"kaplan, michael",25266.0,l,democrat,100,1,
OH,Akron Beacon Journal,134150,2012,STATE REP,36,,OH,"SCHMELZ, TOM",Democrat,1,,,,STATE REPRESENTATIVE DISTRICT 36 ENDORSEMENT,0.9,Akron Beacon Journal,673,,,,,,,,,,,,,,,,,,,
OH,Akron Beacon Journal,134150,2012,STATE REP,48,,OH,"SCHURING, KIRK",Republican,1,,,,STATE REPRESENTATIVE DISTRICT 48 ENDORSEMENT,0.9,Akron Beacon Journal,673,H8OH16066,cand56096,1.075,,,200,93,1,,,,179784,"schuring, kirk",33387.0,w,modernrepublican,100,1,
OH,Akron Beacon Journal,134150,2012,STATE REP,28,,OH,"SYKES, VERNON",Democrat,1,,,,STATE REPRESENTATIVE DISTRICT 28 ENDORSEMENT,0.9,Akron Beacon Journal,673,OH2153,cand95164,-0.387,,,100,100,1,,,,,,,,,,,
OH,Akron Beacon Journal,134150,2012,SUMMIT CLERK OF COURTS,,,OH,"HORRIGAN, DANIEL H.",,1,,,,SUMMIT CLERK OF COURTS ENDORSEMENT,0.85,Akron Beacon Journal,673,,,,,,,,,,,,,,,,,,,
OH,Akron Beacon Journal,134150,2012,SUMMIT ENGINEER,,,OH,"ROBINSON, BRUCE L.",,1,,,,SUMMIT ENGINEER ENDORSEMENT,0.85,Akron Beacon Journal,673,,,,,,,,,,,,,,,,,,,
OH,Akron Beacon Journal,134150,2012,SUMMIT EXECUTIVE,,,OH,"PRY, RUSS",Republican,1,,,,SUMMIT COUNTY EXECUTIVE ENDORSEMENT,0.85,Akron Beacon Journal,673,,,,,,,,,,,,,,,,,,,
OH,Akron Beacon Journal,134150,2012,SUMMIT FISCAL OFFICER,,,OH,"SCALISE, KRISTEN M.",Democrat,1,,,,SUMMIT FISCAL OFFICER ENDORSEMENT,0.85,Akron Beacon Journal,673,,,,,,,,,,,,,,,,,,,
OH,Akron Beacon Journal,134150,2012,SUMMIT PROSECUTOR,,,OH,"WALSH, BEVAN",Democrat,1,,,,SUMMIT PROSECUTOR ENDORSEMENT,0.85,Akron Beacon Journal,673,,,,,,,,,,,,,,,,,,,
OH,Akron Beacon Journal,134150,2012,SUMMIT SHERIFF,,,OH,"BARRY, STEVE",Democrat,1,,,,SUMMIT SHERIFF ENDORSEMENT,0.85,Akron Beacon Journal,673,,,,,,,,,,,,,,,,,,,
OH,Akron Beacon Journal,134150,2012,SUPREME COURT,,,OH,"MCGEE BROWN, YVETTE",Democrat,1,,,,OHIO SUPREME COURT JUSTICE ENDORSEMENT,0.9,Akron Beacon Journal,673,OH412770,cand95210,-0.538,,,328,100,1,,,,,,,,,,,
OH,Akron Beacon Journal,134150,2012,SUPREME COURT,,,OH,"O'DONNELL, TERRENCE",Democrat,1,,,,OHIO SUPREME COURT JUSTICE ENDORSEMENT,0.9,Akron Beacon Journal,673,OH137504,cand94735,0.875,,,328,97,1,,,,,,,,,,,
OH,Akron Beacon Journal,134150,2012,SUPREME COURT,,,OH,"O'NEILL, WILLIAM M.",Democrat,1,,,,OHIO SUPREME COURT JUSTICE ENDORSEMENT,0.9,Akron Beacon Journal,673,OH19894980,cand194131,-0.829,,,328,80,0.7,,,,,,,,,,,
OH,Akron Beacon Journal,134150,2014,ATTORNEY GENERAL,,,OH,"DEWINE, MIKE",Republican,1,,,,OHIO ATTORNEY GENERAL ENDORSEMENT,0.92,Akron Beacon Journal,673,15020,cand606,0.93,0.289,-0.418,200,100,1,,,,,,,,,,,
OH,Akron Beacon Journal,134150,2014,AUDITOR,,,OH,"YOST, DAVE",Republican,1,,,,OHIO AUDITOR ENDORSEMENT,0.92,Akron Beacon Journal,673,,,,,,,,,,,,,,,,,,,
OH,Akron Beacon Journal,134150,2014,COURT OF APPEALS,9,,OH,"BELFOURE, EVE",Democrat,1,,,,OHIO 9TH DISTRICT COURT OF APPEALS JUDGE ENDORSEMENT,0.88,Akron Beacon Journal,673,OH133415,cand94660,-0.74,,,825,76,0.7,,,,,,,,,,,
OH,Akron Beacon Journal,134150,2014,GOVERNOR,,,OH,"KASICH, JOHN",Republican,1,,,,GUBERNATORIAL ENDORSEMENT,0.92,Akron Beacon Journal,673,15030,cand616,0.853,0.314,0.013,200,100,1,,,,,,,,,,,
OH,Akron Beacon Journal,134150,2014,H,16,,OH,"CROSSLAND, PETE",Democrat,1,,,,U.S. HOUSE DISTRICT 16 ENDORSEMENT,0.9,Akron Beacon Journal,673,H4OH16115,cand186769,-1.045,,,100,100,1,,,,,,,,,,,
OH,Akron Beacon Journal,134150,2014,H,14,,OH,"WAGER, MICHAEL",Democrat,1,,,,U.S. HOUSE DISTRICT 14 ENDORSEMENT,0.9,Akron Beacon Journal,673,H4OH14102,cand131179,-0.741,,,100,100,1,,,,,,,,,,,
OH,Akron Beacon Journal,134150,2014,SEC OF STATE,,,OH,"HUSTED, JON",Republican,1,,,,OHIO SECRETARY OF STATE ENDORSEMENT,0.92,Akron Beacon Journal,673,OH6605,cand95396,0.928,,,200,100,1,,,,,,,,,,,
OH,Akron Beacon Journal,134150,2014,STATE BOARD OF ED,7,,OH,"SPENCER, DAVID A.",,1,,,,OHIO BOARD OF EDUCATION DISTRICT 7 ENDORSEMENT,0.88,Akron Beacon Journal,673,OH_c_14153,cand68981206,0.114,,,328,100,1,,,,,,,,,,,
OH,Akron Beacon Journal,134150,2014,STATE REP,75,,OH,"CLYDE, KATHLEEN",Democrat,1,,,,STATE REPRESENTATIVE DISTRICT 75 ENDORSEMENT,0.9,Akron Beacon Journal,673,OH142725,cand94829,-0.854,,,100,100,1,,,,303827,"clyde, kathleen",16053.0,w,democrat,100,1,
OH,Akron Beacon Journal,134150,2014,STATE REP,36,,OH,"DEVITIS, ANTHONY",Democrat,1,,,,STATE REPRESENTATIVE DISTRICT 36 ENDORSEMENT,0.9,Akron Beacon Journal,673,OH413917,cand95248,0.777,,,200,100,1,,,,317669,"devitis, anthony",18822.0,w,modernrepublican,100,1,
OH,Akron Beacon Journal,134150,2014,STATE REP,35,,OH,"JOHNSON, GRETA",Democrat,1,,,,STATE REPRESENTATIVE DISTRICT 35 ENDORSEMENT,0.9,Akron Beacon Journal,673,OH_c_14014,cand68977340,-0.741,,,100,100,1,,,,331664,"johnson, greta",11010.0,w,democrat,100,1,
OH,Akron Beacon Journal,134150,2014,STATE REP,38,,OH,"SLABY, MARILYN",Democrat,1,,,,STATE REPRESENTATIVE DISTRICT 38 ENDORSEMENT,0.9,Akron Beacon Journal,673,OH2850981,cand194274,1.027,,,200,100,1,,,,266889,"slaby, marilyn",5743.0,w,modernrepublican,100,1,
OH,Akron Beacon Journal,134150,2014,STATE REP,34,,OH,"SYKES, EMILIA",Democrat,1,,,,STATE REPRESENTATIVE DISTRICT 34 ENDORSEMENT,0.9,Akron Beacon Journal,673,22367,cand157321,-0.883,-0.315,0.14,100,100,1,,,,331662,"sykes, emilia",17299.0,w,democrat,100,1,
OH,Akron Beacon Journal,134150,2014,STATE REP,37,,OH,"WORTACH, DAVID",Democrat,1,,,,STATE REPRESENTATIVE DISTRICT 37 ENDORSEMENT,0.9,Akron Beacon Journal,673,,,,,,,,,,,,181525,"worhatch, s. david",14234.0,l,democrat,81,0.7,
OH,Akron Beacon Journal,134150,2014,STATE SENATOR,27,,OH,"LAROSE, FRANK",Republican,1,,,,OHIO STATE SENATE DISTRICT 27 ENDORSEMENT,0.88,Akron Beacon Journal,673,OH3024523,cand194614,1.241,,,200,100,1,,,,303669,"larose, frank",6212.0,w,modernrepublican,100,1,
OH,Akron Beacon Journal,134150,2014,SUPREME COURT,,,OH,"KENNEDY, SHARON",Republican,1,,,,OHIO SUPREME COURT JUSTICE ENDORSEMENT,0.9,Akron Beacon Journal,673,OH1416519,cand126775,1.115,,,200,100,1,,,,,,,,,,,
OH,Akron Beacon Journal,134150,2014,SUPREME COURT,,,OH,"O'DONNELL, JOHN P.",Democrat,1,,,,OHIO SUPREME COURT JUSTICE ENDORSEMENT,0.9,Akron Beacon Journal,673,,,,,,,,,,,,,,,,,,,
OH,Akron Beacon Journal,134150,2014,TREASURER,,,OH,"PILLICH, CONNIE",Democrat,1,,,,OHIO TREASURER ENDORSEMENT,0.92,Akron Beacon Journal,673,H2OH01145,cand44035,-0.895,,,100,100,1,,,,,,,,,,,
OH,Akron Beacon Journal,134150,2016,COURT OF APPEALS,9,,OH,"THEODOSIO, THOMAS A.",Democrat,1,,,,OHIO 9TH DISTRICT COURT OF APPEALS JUDGE ENDORSEMENT,0.88,Akron Beacon Journal,673,OH_c_14437,cand68977431,-0.728,,,100,96,1,,,,,,,,,,,
OH,Akron Beacon Journal,134150,2016,PRESIDENT,,,OH,"CLINTON, HILLARY",Democrat,1,,,,PRESIDENTIAL ENDORSEMENT,0.92,Akron Beacon Journal,673,40105nominee,cand1572nominee,-1.058,-0.367,-0.243,100,82,0.7,,,,,,,,,,,
OH,Akron Beacon Journal,134150,2016,SENATOR,,,OH,"PORTMAN, ROB",Republican,1,,,,U.S. SENATE ENDORSEMENT,0.92,Akron Beacon Journal,673,29386,cand1325,0.974,0.371,-0.208,200,72,0.7,,,,,,,,,,,
OH,Akron Beacon Journal,134150,2016,STATE REP,36,,OH,"DEVITIS, ANTHONY",Democrat,1,,,,STATE REPRESENTATIVE DISTRICT 36 ENDORSEMENT,0.9,Akron Beacon Journal,673,OH413917,cand95248,0.777,,,200,100,1,,,,317669,"devitis, anthony",34718.0,w,republican,100,1,
OH,Akron Beacon Journal,134150,2016,STATE REP,35,,OH,"JOHNSON, GRETA",Democrat,1,,,,STATE REPRESENTATIVE DISTRICT 35 ENDORSEMENT,0.9,Akron Beacon Journal,673,OH_c_14014,cand68977340,-0.741,,,100,100,1,,,,331664,"johnson, greta",22997.0,w,democrat,100,1,
OH,Akron Beacon Journal,134150,2016,STATE REP,38,,OH,"LEE, JUDITH LYNN",Democrat,1,,,,STATE REPRESENTATIVE DISTRICT 38 ENDORSEMENT,0.9,Akron Beacon Journal,673,OH37970379,cand194799,-0.892,,,100,100,1,,,,373095,"lee, judith lynn",20622.0,l,democrat,100,1,
OH,Akron Beacon Journal,134150,2016,STATE REP,37,,OH,"ROEMNER, KRISTINA DALEY",Democrat,1,,,,STATE REPRESENTATIVE DISTRICT 37 ENDORSEMENT,0.85,Akron Beacon Journal,673,OH3007100,cand194593,1.034,,,200,94,1,,,,303766,"roegner, kristina",35503.0,w,republican,94,1,
OH,Akron Beacon Journal,134150,2016,STATE REP,34,,OH,"SYKES, EMILIA",Democrat,1,,,,STATE REPRESENTATIVE DISTRICT 34 ENDORSEMENT,0.9,Akron Beacon Journal,673,22367,cand157321,-0.883,-0.315,0.14,100,100,1,,,,331662,"sykes, emilia",35154.0,w,democrat,100,1,
OH,Akron Beacon Journal,134150,2016,STATE SENATOR,28,,OH,"SYKES, VERNON",Democrat,1,,,,OHIO STATE SENATE DISTRICT 28 ENDORSEMENT,0.88,Akron Beacon Journal,673,OH2153,cand95164,-0.387,,,100,100,1,,,,181369,"sykes, vernon",83805.0,w,democrat,100,1,
OH,Akron Beacon Journal,134150,2016,SUMMIT CLERK OF COURTS,,,OH,"KURT, SANDRA",Democrat,1,,,,SUMMIT CLERK OF COURTS ENDORSEMENT,0.85,Akron Beacon Journal,673,,,,,,,,,,,,,,,,,,,
OH,Akron Beacon Journal,134150,2016,SUMMIT COMMON PLEAS JUDGE,,,OH,"MCKENNEY, TODD",Democrat,1,,,,SUMMIT COUNTY COMMON PLEAS JUDGE ENDORSEMENT,0.85,Akron Beacon Journal,673,,,,,,,,,,,,,,,,,,,
OH,Akron Beacon Journal,134150,2016,SUMMIT COMMON PLEAS JUDGE,,,OH,"STEVENSON, SCOT A.",Democrat,1,,,,SUMMIT COUNTY COMMON PLEAS JUDGE ENDORSEMENT,0.85,Akron Beacon Journal,673,,,,,,,,,,,,,,,,,,,
OH,Akron Beacon Journal,134150,2016,SUMMIT COUNTY COUNCIL,At-large,,OH,"DICKINSON, CLAIR E.",Democrat,1,,,,SUMMIT COUNTY COUNCIL AT-LARGE ENDORSEMENT,0.85,Akron Beacon Journal,673,,,,,,,,,,,,,,,,,,,
OH,Akron Beacon Journal,134150,2016,SUMMIT COUNTY COUNCIL,6,,OH,"FEEMAN, JERRY E.",Democrat,1,,,,SUMMIT COUNTY COUNCIL DISTRICT 6 ENDORSEMENT,0.85,Akron Beacon Journal,673,,,,,,,,,,,,,,,,,,,
OH,Akron Beacon Journal,134150,2016,SUMMIT COUNTY COUNCIL,5,,OH,"HAMILTON, DAVID",Democrat,1,,,,SUMMIT COUNTY COUNCIL DISTRICT 5 ENDORSEMENT,0.85,Akron Beacon Journal,673,,,,,,,,,,,,,,,,,,,
OH,Akron Beacon Journal,134150,2016,SUMMIT COUNTY COUNCIL,1,,OH,"KOEHLER, RON",Democrat,1,,,,SUMMIT COUNTY COUNCIL DISTRICT 1 ENDORSEMENT,0.85,Akron Beacon Journal,673,,,,,,,,,,,,,,,,,,,
OH,Akron Beacon Journal,134150,2016,SUMMIT COUNTY COUNCIL,8,,OH,"PRENTICE, PAULA S.",Democrat,1,,,,SUMMIT COUNTY COUNCIL DISTRICT 8 ENDORSEMENT,0.85,Akron Beacon Journal,673,,,,,,,,,,,,,,,,,,,
OH,Akron Beacon Journal,134150,2016,SUMMIT COUNTY COUNCIL,3,,OH,"RODGERS, GLORIA J.",Democrat,1,,,,SUMMIT COUNTY COUNCIL DISTRICT 3 ENDORSEMENT,0.85,Akron Beacon Journal,673,,,,,,,,,,,,,,,,,,,
OH,Akron Beacon Journal,134150,2016,SUMMIT COUNTY COUNCIL,2,,OH,"SCHMIDT, JOHN",Democrat,1,,,,SUMMIT COUNTY COUNCIL DISTRICT 2 ENDORSEMENT,0.85,Akron Beacon Journal,673,,,,,,,,,,,,,,,,,,,
OH,Akron Beacon Journal,134150,2016,SUMMIT COUNTY COUNCIL,At-large,,OH,"WALTERS, ELIZABETH M.",Democrat,1,,,,SUMMIT COUNTY COUNCIL AT-LARGE ENDORSEMENT,0.85,Akron Beacon Journal,673,,,,,,,,,,,,,,,,,,,
OH,Akron Beacon Journal,134150,2016,SUMMIT COUNTY COUNCIL,4,,OH,"WILHITE, JEFF",Democrat,1,,,,SUMMIT COUNTY COUNCIL DISTRICT 4 ENDORSEMENT,0.85,Akron Beacon Journal,673,,,,,,,,,,,,,,,,,,,
OH,Akron Beacon Journal,134150,2016,SUMMIT DOMESTIC RELATIONS JUDGE,,,OH,"CABLE, RON",Democrat,1,,,,SUMMIT DOMESTIC RELATIONS JUDGE ENDORSEMENT,0.85,Akron Beacon Journal,673,,,,,,,,,,,,,,,,,,,
OH,Akron Beacon Journal,134150,2016,SUMMIT EXECUTIVE,,,OH,"SHAPIRO, ILENE L.",Democrat,1,,,,SUMMIT COUNTY EXECUTIVE ENDORSEMENT,0.85,Akron Beacon Journal,673,,,,,,,,,,,,,,,,,,,
OH,Akron Beacon Journal,134150,2016,SUMMIT FISCAL OFFICER,,,OH,"SCALISE, KRISTEN M.",Democrat,1,,,,SUMMIT FISCAL OFFICER ENDORSEMENT,0.85,Akron Beacon Journal,673,,,,,,,,,,,,,,,,,,,
OH,Akron Beacon Journal,134150,2016,SUMMIT PROSECUTOR,,,OH,"WALSH, BEVAN",Democrat,1,,,,SUMMIT PROSECUTOR ENDORSEMENT,0.85,Akron Beacon Journal,673,,,,,,,,,,,,,,,,,,,
OH,Akron Beacon Journal,134150,2016,SUPREME COURT,,,OH,"FISCHER, PAT",Democrat,1,,,,OHIO SUPREME COURT JUSTICE ENDORSEMENT,0.9,Akron Beacon Journal,673,OH13010096,cand194005,0.972,,,200,85,1,,,,,,,,,,,
OH,Akron Beacon Journal,134150,2016,SUPREME COURT,,,OH,"RICE, CYNTHIA",Democrat,1,,,,OHIO SUPREME COURT JUSTICE ENDORSEMENT,0.9,Akron Beacon Journal,673,OH2901871,cand194288,-0.529,,,100,100,1,,,,,,,,,,,
OH,Akron Beacon Journal,134150,2018,ATTORNEY GENERAL,,,OH,"DETTELBACH, STEVE",Democrat,1,,,,OHIO ATTORNEY GENERAL ENDORSEMENT,0.92,Akron Beacon Journal,673,OH44001030,cand194881,-0.811,,,100,96,1,,,,,,,,,,,
OH,Akron Beacon Journal,134150,2018,AUDITOR,,,OH,"SPACE, ZACK",Democrat,1,,,,OHIO AUDITOR ENDORSEMENT,0.92,Akron Beacon Journal,673,,,,,,,,,,,,,,,,,,,
OH,Akron Beacon Journal,134150,2018,COURT OF APPEALS,9,,OH,"HENSAL, JENNIFER",Democrat,1,,,,OHIO COURT OF APPEALS 9TH DISTRICT JUDGE ENDORSEMENT,0.88,Akron Beacon Journal,673,OH1416518,cand126774,0.899,,,328,100,1,,,,,,,,,,,
OH,Akron Beacon Journal,134150,2018,GOVERNOR,,,OH,"CORDRAY, RICHARD",Democrat,1,,,,GUBERNATORIAL ENDORSEMENT,0.92,Akron Beacon Journal,673,,,,,,,,,,,,,,,,,,,
OH,Akron Beacon Journal,134150,2018,H,14,,OH,"RADER, BETSY",Democrat,1,,,,U.S. HOUSE DISTRICT 14 ENDORSEMENT,0.9,Akron Beacon Journal,673,,,,,,,,,,,,,,,,,,,
OH,Akron Beacon Journal,134150,2018,SEC OF STATE,,,OH,"CLYDE, KATHLEEN",Democrat,1,,,,OHIO SECRETARY OF STATE ENDORSEMENT,0.92,Akron Beacon Journal,673,,,,,,,,,,,,,,,,,,,
OH,Akron Beacon Journal,134150,2018,SENATOR,,,OH,"BROWN, SHERROD",Democrat,1,,,,U.S. SENATE ENDORSEMENT,0.92,Akron Beacon Journal,673,29389,cand1327,-0.767,-0.425,-0.097,100,100,1,,,,,,,,,,,
OH,Akron Beacon Journal,134150,2018,STATE REP,37,,OH,"WEINSTEIN, CASEY",Democrat,1,,,,STATE REPRESENTATIVE DISTRICT 37 ENDORSEMENT,0.9,Akron Beacon Journal,673,OH_c_14549,cand68977505,-0.904,,,100,100,1,,,,,,,,,,,
OH,Akron Beacon Journal,134150,2018,SUMMIT COMMON PLEAS JUDGE,,,OH,"FLAGG, JILL",Democrat,1,,,,SUMMIT COUNTY COMMON PLEAS JUDGE ENDORSEMENT,0.85,Akron Beacon Journal,673,,,,,,,,,,,,,,,,,,,
OH,Akron Beacon Journal,134150,2018,SUMMIT COMMON PLEAS JUDGE,,,OH,"LANZINGER, KELLY L. MCLAUGHLIN",Democrat,1,,,,SUMMIT COUNTY COMMON PLEAS JUDGE ENDORSEMENT,0.8,Akron Beacon Journal,673,,,,,,,,,,,,,,,,,,,
OH,Akron Beacon Journal,134150,2018,SUMMIT COMMON PLEAS JUDGE,,,OH,"MICHAEL, KATHRYN",Democrat,1,,,,SUMMIT COUNTY COMMON PLEAS JUDGE ENDORSEMENT,0.85,Akron Beacon Journal,673,,,,,,,,,,,,,,,,,,,
OH,Akron Beacon Journal,134150,2018,SUPREME COURT,,,OH,"DONNELLY, MICHAEL P.",Democrat,1,,,,OHIO SUPREME COURT JUSTICE ENDORSEMENT,0.9,Akron Beacon Journal,673,OH44365350,cand194891,-0.495,,,328,97,1,,,,,,,,,,,
OH,Akron Beacon Journal,134150,2018,SUPREME COURT,,,OH,"STEWART, MELODY J.",Democrat,1,,,,OHIO SUPREME COURT JUSTICE ENDORSEMENT,0.9,Akron Beacon Journal,673,OH138482,cand94750,-0.772,,,328,97,1,,,,,,,,,,,
OH,Akron Beacon Journal,134150,2018,TREASURER,,,OH,"SPRAGUE, ROBERT",Democrat,1,,,,OHIO TREASURER ENDORSEMENT,0.92,Akron Beacon Journal,673,OH3419082,cand95303,1.002,,,200,93,1,,,,,,,,,,,
SC,Aiken Standard,143060,1952,PRESIDENT,,,SC,"EISENHOWER, DWIGHT",Republican,1,,,,"EDITORIAL ENDORSES EISENHOWER FOR CLEAN, HONEST LEADERSHIP. NOTES PAPER IS NOT JOINING REPUBLICAN RANKS BUT VOTING AS 'SOUTH CAROLINIANS FOR EISENHOWER' - INDEPENDENT POSITION",0.9,Aiken Standard,7132,,,,,,,,,,,,,,,,,,,
SC,Aiken Standard,143060,1974,H,64,,SC,BRANDY,,1,,,,"RECOMMENDED FOR STATE HOUSE DISTRICT 64. DESCRIBED AS PERSONABLE, ALERT, WITH AMBITIOUS RECORD. SHOULD BRING A PLUS FOR THIS AREA.",0.72,Aiken Standard,7132,,,,,,,,,,,,,,,,,,,
SC,Aiken Standard,143060,1974,H,65,,SC,"CAIN, MARSHALL",,1,,,,RECOMMENDED FOR STATE HOUSE DISTRICT 65. DESCRIBED AS HAVING 'FINE CAREER AHEAD IN PUBLIC LIFE' AND GOOD PROFESSIONAL BACKGROUND,0.75,Aiken Standard,7132,,,,,,,,,,,,,,,,,,,
SC,Aiken Standard,143060,1974,H,83,,SC,"COLLINS, CECIL",,1,,,,RECOMMENDED FOR STATE HOUSE DISTRICT 83. DESCRIBED AS WELL QUALIFIED WITH SERVICE IN STATE HOUSE OF REPRESENTATIVES WITH DISTINCTION. MERITS RETURN TO OFFICE.,0.75,Aiken Standard,7132,,,,,,,,,,,,,,,,,,,
SC,Aiken Standard,143060,1976,COUNTY COUNCIL,7,,SC,"CULLINS, RALPH",,1,1,,,"INCUMBENT IN DISTRICT 7. RECOMMENDED FOR RETURN TO COUNCIL. DESCRIBED AS HAVING BEEN 'VOICE OF REASON IN STORM-TOSSED COUNCIL'. CONSCIENTIOUS, KNOWLEDGEABLE, FAITHFUL RESPONSES EXPECTED.",0.8,Aiken Standard,7132,,,,,,,,,,,,,,,,,,,
SC,Aiken Standard,143060,1976,COUNTY COUNCIL,3,,SC,"DUNBAR, MELVIN",,1,,,,RECOMMENDED FOR COUNTY COUNCIL DISTRICT 3. DESCRIBED AS ONE OF BRIGHT HOPES FOR NEW AND EFFECTIVE COUNTY. ELECTION LIKELY WITH NO TROUBLE.,0.85,Aiken Standard,7132,,,,,,,,,,,,,,,,,,,
SC,Aiken Standard,143060,1976,COUNTY COUNCIL,8,,SC,"GUY, WALTER",,1,,,,RECOMMENDED FOR COUNTY COUNCIL DISTRICT 8. SCHOOL TEACHER. RESERVED BUT CONSCIENTIOUS. SAYS WHAT HE MEANS AND MEANS WHAT HE SAYS. ELECTION SEEN AS ASSET TO AIKEN COUNTY.,0.75,Aiken Standard,7132,,,,,,,,,,,,,,,,,,,
SC,Aiken Standard,143060,1976,COUNTY COUNCIL,6,,SC,"MCGEE, HOMER",,1,,,,RECOMMENDED FOR COUNTY COUNCIL DISTRICT 6. DESCRIBED AS HAVING WIDE EXPERIENCE WHICH MAY SERVE DISTRICT AND COUNTY WELL. KNOWN ALL OVER AIKEN COUNTY. NOTED POTENTIAL DRAWBACK IS EMPLOYMENT BY COUNTY AT COURTHOUSE.,0.8,Aiken Standard,7132,,,,,,,,,,,,,,,,,,,
SC,Aiken Standard,143060,1976,COUNTY COUNCIL,2,,SC,"PETTIGREW, JAMES",,1,,,,RECOMMENDED FOR COUNTY COUNCIL DISTRICT 2. DESCRIBED AS HAVING IMPRESSIVE ACCOMPLISHMENTS IN HIS FIELD. BELIEVED TO BE BEST AMONG TWO RELATIVELY NEW CANDIDATES.,0.74,Aiken Standard,7132,,,,,,,,,,,,,,,,,,,
SC,Aiken Standard,143060,1976,COUNTY COUNCIL,5,,SC,POUND,,1,,,,RECOMMENDED FOR COUNTY COUNCIL DISTRICT 5. DESCRIBED AS HAVING LONGER EXPOSURE TO DISTRICT PROBLEMS THAN OPPONENT LAURIE LIVINGSTON.,0.76,Aiken Standard,7132,,,,,,,,,,,,,,,,,,,
SC,Aiken Standard,143060,1976,COUNTY COUNCIL,1,,SC,"RAY, LUCAS",,1,1,,,INCUMBENT BELIEVED TO RETURN TO OFFICE IN DISTRICT 1. HAS LARGELY DEMONSTRATED HIS FITNESS FOR RE-ELECTION.,0.75,Aiken Standard,7132,,,,,,,,,,,,,,,,,,,
SC,Aiken Standard,143060,1976,COUNTY COUNCIL,4,,SC,WOODRING,,1,,,,RECOMMENDED FOR COUNTY COUNCIL DISTRICT 4. DESCRIBED AS HAVING MUCH TO COMMEND HER ELECTION. INTEGRITY EMPHASIZED. GUIDED BY BEST INTERESTS OF CONSTITUENCY YIELDING REASON AND NOT PARTISAN PERSUASIONS.,0.72,Aiken Standard,7132,,,,,,,,,,,,,,,,,,,
SC,Aiken Standard,143060,1976,COUNTY COUNCIL CHAIR,,,SC,"WARNER, CARROLL",,1,,,,RECOMMENDED FOR COUNTY COUNCIL CHAIRMAN. DESCRIBED AS CLEARLY THE BEST CHOICE OVER INCUMBENT VICE CHAIRMAN CHARLES W. PROSSER.,0.85,Aiken Standard,7132,,,,,,,,,,,,,,,,,,,
SC,Aiken Standard,143060,1976,H,,,SC,DOLL,,1,,,,RECOMMENDED FOR STATE HOUSE. DESCRIBED AS ACCOUNTANT OPPOSING INCUMBENT IRENE HADNICK. BELIEVED AIKEN COUNTY'S BEST INTERESTS SERVED BY THIS CANDIDATE.,0.72,Aiken Standard,7132,,,,,,,,,,,,,,,,,,,
SC,Aiken Standard,143060,1976,REGISTER OF MESNE CONVEYANCES,,,SC,"BRENNAN, VIRGINIA",,1,,,,RECOMMENDED FOR REGISTER OF MESNE CONVEYANCES. WHOLEHEARTED RECOMMENDATION. NAME APPEARS AS 'VIRGINIA BRE' IN OCR - LIKELY VIRGINIA BRENNAN.,0.74,Aiken Standard,7132,,,,,,,,,,,,,,,,,,,
SC,Aiken Standard,143060,1976,SHERIFF,,,SC,"GRANT, PARK",,1,1,,,INCUMBENT SHERIFF RECOMMENDED FOR RE-ELECTION. NAME APPEARS AS 'SHEET PAN D. GRANT' IN OCR - LIKELY ERROR FOR PARK D. GRANT.,0.72,Aiken Standard,7132,,,,,,,,,,,,,,,,,,,
SC,Aiken Standard,143060,1976,SOLICITOR,,,SC,"LANGSTON, SHIRLEY",,1,,,,"RECOMMENDED FOR SOLICITOR. DESCRIBED AS RELIABLE, FAITHFUL, HONEST AND PATRIOTIC. CAN BE RELIED UPON TO SERVE FAITHFULLY.",0.8,Aiken Standard,7132,,,,,,,,,,,,,,,,,,,
SC,Aiken Standard,143060,1976,STATE SENATOR,,,SC,"DOOLEY, A.J.",,1,1,,,INCUMBENT STATE SENATOR RECOMMENDED FOR RETURN WITH EMPHASIS. DEMONSTRATED EFFECTIVENESS. HAS ESTABLISHED SENIORITY. NO REASON NOT TO RETURN THEM WITH EMPHASIS.,0.85,Aiken Standard,7132,,,,,,,,,,,,,,,,,,,
SC,Aiken Standard,143060,1976,STATE SENATOR,,,SC,"LAXGO, MICHAEL",,1,1,,,INCUMBENT STATE SENATOR RECOMMENDED FOR RETURN WITH EMPHASIS. DEMONSTRATED EFFECTIVENESS. HAS ESTABLISHED SENIORITY. OCR NAME APPEARS AS 'LASGO' - LIKELY LAXGO OR SIMILAR.,0.75,Aiken Standard,7132,,,,,,,,,,,,,,,,,,,
SC,Aiken Standard,143060,1976,STATE SENATOR,,,SC,"MCMILLAN, GILBERT",,1,1,,,INCUMBENT STATE SENATOR RECOMMENDED FOR RETURN WITH EMPHASIS. DEMONSTRATED EFFECTIVENESS IN GENERAL ASSEMBLY. HAS ESTABLISHED SENIORITY. EXPECTED MEMBER OF STATE SENATE.,0.85,Aiken Standard,7132,,,,,,,,,,,,205559,"mcmillan, gilbert e.",45275.0,w,modernrepublican,91,1,
SC,Aiken Standard,143060,1976,STATE SENATOR,,,SC,"SETZIER, NICK",,1,,,,NEWCOMER FOR STATE SENATE. LISTED AS 'NICK G. SETZIER' IN ENDORSEMENT. BELIEVED TO BE QUALIFIED NEWCOMER CANDIDATE.,0.75,Aiken Standard,7132,,,,,,,,,,,,205260,"setzler, nikki",41396.0,w,democrat,81,0.7,
SC,Aiken Standard,143060,1976,STATE SENATOR,,,SC,"WILSON, ADDISON",,1,,,,"NEWCOMER FOR STATE SENATE. DESCRIBED AS ONE OF 'BRIGHTEST AND MOST DEDICATED YOUNG MINDS TO COME UPON THE SCENE IN MANY YEARS'. ACCOMPLISHMENTS IMPRESSIVE. PERSONABLE, HONEST, INDUSTRIOUS. HAS GREAT FUTURE.",0.8,Aiken Standard,7132,,,,,,,,,,,,205212,"wilson, addison g.",40545.0,l,modernrepublican,90,1,
SC,Aiken Standard,143060,1976,TREASURER,,,SC,"BENNETT, MURIEL",,1,,,,RECOMMENDED FOR TREASURER. NAME APPEARS AS 'MURPLE BPHNIIET' IN OCR - LIKELY ERROR FOR MURIEL BENNETT.,0.68,Aiken Standard,7132,,,,,,,,,,,,,,,,,,,
TN,Chattanooga Times,143902,1922,GOVERNOR,,,TN,"PEAY, AUSTIN",Democrat,1,,,,"STRONG ENDORSEMENT ACROSS MULTIPLE EDITORIALS. PRAISED AS COURAGEOUS, FEARLESS, SELF-RELIANT DEMOCRAT WHO REFUSED TO DEAL WITH CRUMP MACHINE.",1.0,Chattanooga_Times,718,,,,,,,,,,,,,,,,,,,
TN,Chattanooga Times,143902,1922,GOVERNOR,,,TN,"TAYLOR, ALF",Republican,0,,1,,INCUMBENT REPUBLICAN GOVERNOR OPPOSED. CRITICIZED AS UNABLE TO ACCOMPLISH ANYTHING WITH DEMOCRATIC LEGISLATURE.,0.9,Chattanooga_Times,718,,,,,,,,,,,,,,,,,,,
TN,Chattanooga Times,143902,1922,H,3,,TN,"MCREYNOLDS, SAM D.",Democrat,1,,,,ENDORSED FOR CONGRESS IN THIRD DISTRICT. EDITORIAL SAYS IT IS A MORAL AND PATRIOTIC OBLIGATION TO SUPPORT HIM.,1.0,Chattanooga_Times,718,6380,,,-0.243,0.599,,,,"McREYNOLDS, Samuel Davis",80,0.7,,,,,,,,
TN,Chattanooga Times,143902,1922,SENATOR,,,TN,"MCKELLAR, KENNETH D.",Democrat,1,1,,,INCUMBENT DEMOCRATIC SENATOR ENDORSED. EDITORIAL SAYS DEMOCRATS EXPECT TENNESSEANS WILL REDEEM STATE FROM ODIUM OF 1920.,0.9,Chattanooga_Times,718,6293,,,-0.209,0.312,,,,"McKELLAR, Kenneth Douglas",84,0.7,,,,,,,,
TN,Chattanooga Times,143902,1922,SENATOR,,,TN,"SANDERS, NEWELL",Republican,0,,,,OPPOSED. CALLED ENDOWED CANDIDATE OF THE STANDPAT OLD GUARD AND BITTERLY HOSTILE FACTION OF THE REPUBLICAN PARTY.,1.0,Chattanooga_Times,718,,,,,,,,,,,,,,,,,,,
TN,Chattanooga Times,143902,1922,STATE REP,,,TN,"BASS, MAJ.",Democrat,1,,,,"ENDORSED AS PART OF DEMOCRATIC LEGISLATIVE TICKET FOR HAMILTON COUNTY. MAJ. APPEARS TO BE A TITLE (MAJOR), NOT FIRST NAME.",0.75,Chattanooga_Times,718,,,,,,,,,,,,,,,,,,,
TN,Chattanooga Times,143902,1922,STATE REP,,,TN,"COLEMAN, D. M.",Democrat,1,,,,ENDORSED AS PART OF DEMOCRATIC LEGISLATIVE TICKET FOR HAMILTON COUNTY. DESCRIBED AS A COLORED GENTLEMAN AND EXPERIENCED SCHOOL MAN.,1.0,Chattanooga_Times,718,,,,,,,,,,,,,,,,,,,
TN,Chattanooga Times,143902,1922,STATE REP,,,TN,"GRUBB, FRENCH",Democrat,1,,,,ENDORSED AS PART OF DEMOCRATIC LEGISLATIVE TICKET FOR HAMILTON COUNTY. COMMENDS ITSELF WELL-NIGH WITHOUT FAULT TO THE PUBLIC.,1.0,Chattanooga_Times,718,,,,,,,,,,,,,,,,,,,
TN,Chattanooga Times,143902,1922,STATE SENATOR,,,TN,"BRYAN, EUGENE",Democrat,1,,,,ENDORSED AS PART OF DEMOCRATIC LEGISLATIVE TICKET FOR HAMILTON COUNTY. NAMED FOR STATE SENATE.,1.0,Chattanooga_Times,718,,,,,,,,,,,,,,,,,,,
TN,Chattanooga Times,143902,1924,H,3,,TN,"MCREYNOLDS, SAM D.",Democrat,1,1,,,INCUMBENT CONGRESSMAN ENDORSED FOR RE-ELECTION. EDITORIAL SAYS HE SHOULD BE RETURNED BY AN EXEMPLARY MAJORITY.,1.0,Chattanooga_Times,718,6380,,,-0.243,0.599,,,,"McREYNOLDS, Samuel Davis",80,0.7,,,,,,,,
TN,Chattanooga Times,143902,1924,PRESIDENT,,,TN,"COOLIDGE, CALVIN",Republican,0,,1,,OPPOSED. EDITORIAL SAYS COOLIDGE MEN ARE IN PANIC AND REPUBLICAN MANAGERS ARE TRYING TO FRIGHTEN VOTERS.,1.0,Chattanooga_Times,718,,,,,,,,,,,,,,,,,,,
TN,Chattanooga Times,143902,1924,PRESIDENT,,,TN,"DAVIS, JOHN W.",Democrat,1,,,,ENDORSED ACROSS MULTIPLE EDITORIALS. PAPER ARGUES LABOR TREND IS TOWARD DAVIS AND THAT LA FOLLETTE CANNOT WIN.,1.0,Chattanooga_Times,718,,,,,,,,,,,,,,,,,,,
TN,Chattanooga Times,143902,1924,STATE REP,,,TN,"CHAMLEE, GEORGE W., JR.",Democrat,1,,,,ENDORSED AS PART OF DEMOCRATIC LEGISLATIVE TICKET FOR HAMILTON COUNTY.,1.0,Chattanooga_Times,718,,,,,,,,,,,,,,,,,,,
TN,Chattanooga Times,143902,1924,STATE REP,,,TN,"COLEMAN, D. M.",Democrat,1,,,,ENDORSED AS PART OF DEMOCRATIC LEGISLATIVE TICKET FOR HAMILTON COUNTY. ALSO ENDORSED IN 1922.,1.0,Chattanooga_Times,718,,,,,,,,,,,,,,,,,,,
TN,Chattanooga Times,143902,1924,STATE REP,,,TN,"HOLLINGS, JOHN",Democrat,1,,,,ENDORSED AS PART OF DEMOCRATIC LEGISLATIVE TICKET FOR HAMILTON COUNTY.,1.0,Chattanooga_Times,718,,,,,,,,,,,,,,,,,,,
TN,Chattanooga Times,143902,1924,STATE SENATOR,,,TN,"HILL, L. D.",Democrat,1,1,,,"INCUMBENT STATE SENATOR FROM SPARTA ENDORSED. DISTRICT COVERS RHEA, MEIGS, SEQUATCHIE AND BLEDSOE COUNTIES. PRAISED FOR SQUARE-DEALING AND HONESTY.",1.0,Chattanooga_Times,718,,,,,,,,,,,,,,,,,,,
TN,Chattanooga Times,143902,1928,GOVERNOR,,,TN,"HORTON, HENRY H.",Democrat,1,,,,ENDORSED AS PART OF DEMOCRATIC STATE TICKET.,1.0,Chattanooga_Times,718,,,,,,,,,,,,,,,,,,,
TN,Chattanooga Times,143902,1928,H,3,,TN,"MCREYNOLDS, SAM D.",Democrat,1,1,,,"INCUMBENT CONGRESSMAN ENDORSED AS PART OF DEMOCRATIC TICKET. THIRD CONSECUTIVE ENDORSEMENT (1922, 1924, 1928).",1.0,Chattanooga_Times,718,6380,,,-0.243,0.599,,,,"McREYNOLDS, Samuel Davis",80,0.7,,,,,,,,
TN,Chattanooga Times,143902,1928,PRESIDENT,,,TN,"HOOVER, HERBERT",Republican,0,,,,OPPOSED. MULTIPLE EDITORIALS CRITICIZE HOOVER AND REPUBLICAN CAMPAIGN TACTICS.,0.9,Chattanooga_Times,718,,,,,,,,,,,,,,,,,,,
TN,Chattanooga Times,143902,1928,PRESIDENT,,,TN,"SMITH, ALFRED E.",Democrat,1,,,,ENDORSED AS HEAD OF DEMOCRATIC TICKET. EDITORIAL SAYS TICKET DESERVES SUPPORT OF ALL VOTERS.,1.0,Chattanooga_Times,718,,,,,,,,,,,,,,,,,,,
TN,Chattanooga Times,143902,1928,RAILROAD COMMISSION,,,TN,"BERRY, HARRY S.",Democrat,1,,,,ENDORSED AS PART OF DEMOCRATIC STATE TICKET. REFERRED TO AS GEN. BERRY.,0.85,Chattanooga_Times,718,,,,,,,,,,,,,,,,,,,
TN,Chattanooga Times,143902,1928,SENATOR,,,TN,"MCKELLAR, KENNETH D.",Democrat,1,1,,,INCUMBENT SENATOR ENDORSED AS PART OF DEMOCRATIC TICKET.,1.0,Chattanooga_Times,718,6293,,,-0.209,0.312,,,,"McKELLAR, Kenneth Douglas",84,0.7,,,,,,,,
TN,Chattanooga Times,143902,1928,STATE REP,,,TN,"CHAMLEE, GEORGE W., JR.",Democrat,1,,,,ENDORSED AS PART OF DEMOCRATIC LEGISLATIVE TICKET. ALSO ENDORSED IN 1924.,1.0,Chattanooga_Times,718,,,,,,,,,,,,,,,,,,,
TN,Chattanooga Times,143902,1928,STATE REP,,,TN,"COLEMAN, D. M.",Democrat,1,,,,ENDORSED AS PART OF DEMOCRATIC LEGISLATIVE TICKET. ALSO ENDORSED IN 1922 AND 1924.,1.0,Chattanooga_Times,718,,,,,,,,,,,,,,,,,,,
TN,Chattanooga Times,143902,1928,STATE REP,,,TN,"LEVINE, J. L.",Democrat,1,,,,ENDORSED AS PART OF DEMOCRATIC LEGISLATIVE TICKET FOR HAMILTON COUNTY.,1.0,Chattanooga_Times,718,,,,,,,,,,,,,,,,,,,
TN,Chattanooga Times,143902,1928,STATE SENATOR,,,TN,"GRASHOF, W. C.",Democrat,1,,,,ENDORSED AS PART OF DEMOCRATIC COUNTY/LEGISLATIVE TICKET FOR HAMILTON COUNTY.,1.0,Chattanooga_Times,718,,,,,,,,,,,,,,,,,,,
TN,Chattanooga Times,143902,1928,VICE PRESIDENT,,,TN,"ROBINSON, JOSEPH T.",Democrat,1,,,,ENDORSED AS PART OF DEMOCRATIC TICKET. SENATOR FROM ARKANSAS.,1.0,Chattanooga_Times,718,,,,,,,,,,,,,,,,,,,
TN,Chattanooga Times,143902,1930,GOVERNOR,,,TN,"HORTON, HENRY H.",Democrat,0,1,,,ENDORSEMENT EXPLICITLY WITHHELD. PAPER SAYS HE IS NOT A PROPER MAN FOR THE OFFICE AND CANNOT GIVE HIM ITS SUPPORT. TELLS VOTERS TO LET CONSCIENCE BE GUIDE.,1.0,Chattanooga_Times,718,,,,,,,,,,,,,,,,,,,
TN,Chattanooga Times,143902,1930,H,3,,TN,"MCREYNOLDS, SAM D.",Democrat,1,1,,,ENDORSED. RUNNING WITHOUT OPPOSITION. SHOULD RECEIVE FULL DEMOCRATIC COMPLIMENTARY VOTE.,1.0,Chattanooga_Times,718,6380,,,-0.243,0.599,,,,"McREYNOLDS, Samuel Davis",80,0.7,,,,,,,,
TN,Chattanooga Times,143902,1930,RAILROAD COMMISSION,,,TN,"HANNAH, HARVEY",Democrat,1,,,,ENDORSED FOR STATE RAILROAD AND PUBLIC UTILITIES COMMISSION.,1.0,Chattanooga_Times,718,,,,,,,,,,,,,,,,,,,
TN,Chattanooga Times,143902,1930,SENATOR,,,TN,"BROCK, W. E.",Democrat,1,,,,ENDORSED FOR US SENATE SHORT TERM. ENTITLED TO WHOLE-HEARTED SUPPORT.,1.0,Chattanooga_Times,718,,,,,,,,,,,,,,,,,,,
TN,Chattanooga Times,143902,1930,SENATOR,,,TN,"HULL, CORDELL",Democrat,1,,,,ENDORSED FOR US SENATE LONG TERM. ENTITLED TO WHOLE-HEARTED SUPPORT OF DEMOCRATIC PARTY MEMBERS.,1.0,Chattanooga_Times,718,4717,,,-0.435,0.139,,,,"HULL, Cordell",100,1,,,,,,,,
TN,Chattanooga Times,143902,1930,STATE REP,,,TN,"CHAMLEE, GEORGE W., JR.",Democrat,,,,,ENDORSEMENT DELIBERATELY WITHHELD. PAPER SAYS VOTER SHOULD LET HIS CONSCIENCE BE HIS GUIDE REGARDING CHAMLEE.,1.0,Chattanooga_Times,718,,,,,,,,,,,,,,,,,,,
TN,Chattanooga Times,143902,1930,STATE REP,,,TN,"COLEMAN, D. M.",Democrat,,,,,ENDORSEMENT DELIBERATELY WITHHELD. PAPER SAYS VOTER SHOULD LET HIS CONSCIENCE BE HIS GUIDE REGARDING COLEMAN.,1.0,Chattanooga_Times,718,,,,,,,,,,,,,,,,,,,
TN,Chattanooga Times,143902,1930,STATE REP,,,TN,"PAYNE, J. MILT",Democrat,1,,,,ENDORSED FOR LOWER HOUSE OF STATE LEGISLATURE. ENTITLED TO WHOLE-HEARTED SUPPORT.,1.0,Chattanooga_Times,718,,,,,,,,,,,,,,,,,,,
TN,Chattanooga Times,143902,1930,STATE SENATOR,,,TN,"CHAMBLISS, JOHN",Democrat,1,,,,ENDORSED. RUNNING WITHOUT OPPOSITION. SHOULD RECEIVE FULL DEMOCRATIC COMPLIMENTARY VOTE.,1.0,Chattanooga_Times,718,,,,,,,,,,,,,,,,,,,
TN,Chattanooga Times,143902,1932,GOVERNOR,,,TN,"MCALISTER, HILL",Democrat,1,,,,STRONGLY ENDORSED ACROSS MULTIPLE EDITORIALS. SEEN AS WAY TO STOP BOTH REPUBLICANS AND LEA-HORTON MACHINE.,1.0,Chattanooga_Times,718,,,,,,,,,,,,,,,,,,,
TN,Chattanooga Times,143902,1932,GOVERNOR,,,TN,"MCCALL, JOHN E.",Republican,0,,,,OPPOSED. REPUBLICAN NOMINEE FOR GOVERNOR.,1.0,Chattanooga_Times,718,,,,,,,,,,,,,,,,,,,
TN,Chattanooga Times,143902,1932,GOVERNOR,,,TN,"POPE, LEWIS",Independent,0,,,,OPPOSED. BOLTED DEMOCRATIC PARTY AND RUNS WITH LEA-HORTON ADMINISTRATION MACHINE SUPPORT.,1.0,Chattanooga_Times,718,,,,,,,,,,,,,,,,,,,
TN,Chattanooga Times,143902,1932,H,3,,TN,"MCREYNOLDS, SAM D.",Democrat,1,1,,,INCUMBENT CONGRESSMAN ENDORSED. WITHOUT OPPOSITION. FIFTH CONSECUTIVE ENDORSEMENT.,1.0,Chattanooga_Times,718,6380,,,-0.243,0.599,,,,"McREYNOLDS, Samuel Davis",80,0.7,,,,,,,,
TN,Chattanooga Times,143902,1932,PRESIDENT,,,TN,"HOOVER, HERBERT",Republican,0,,1,,OPPOSED. MULTIPLE EDITORIALS CRITICIZE HOOVER ADMINISTRATION FOR ECONOMIC COLLAPSE AND SCARE TACTICS.,1.0,Chattanooga_Times,718,,,,,,,,,,,,,,,,,,,
TN,Chattanooga Times,143902,1932,PRESIDENT,,,TN,"ROOSEVELT, FRANKLIN D.",Democrat,1,,,,ENDORSED. EDITORIAL SAYS INTERESTS OF COUNTRY BEST SERVED BY DEMOCRATIC VICTORY AND GIVING GOVERNOR ROOSEVELT A MAJORITY.,1.0,Chattanooga_Times,718,,,,,,,,,,,,,,,,,,,
TN,Chattanooga Times,143902,1932,RAILROAD COMMISSION,,,TN,"HILL, L. D.",Democrat,1,1,,,INCUMBENT ENDORSED. EXPERIENCED COMMISSIONER WHO HAS GIVEN REASONABLY SATISFACTORY SERVICE. ALSO ENDORSED FOR STATE SENATE IN 1924.,1.0,Chattanooga_Times,718,,,,,,,,,,,,,,,,,,,
TN,Chattanooga Times,143902,1932,STATE REP,,,TN,"MOORE, FRANK W.",Democrat,1,,,,ENDORSED. YOUNG ATTORNEY ASSOCIATED WITH HIS FATHER CHARLES C. MOORE. ADVISABLE HE BE CHOSEN OVER REPUBLICAN OPPONENTS.,1.0,Chattanooga_Times,718,,,,,,,,,,,,,,,,,,,
TN,Chattanooga Times,143902,1932,STATE REP,,,TN,"ROBINSON, ED",Democrat,1,,,,"ENDORSED. SUBSTANTIAL FARMER, FORMER COUNTY JUDGE OF OLD JAMES COUNTY, PRESENT MEMBER OF HAMILTON COUNTY COURT. HAMILTON COUNTY SHOULD BY ALL MEANS SEND HIM TO LEGISLATURE.",1.0,Chattanooga_Times,718,,,,,,,,,,,,,,,,,,,
TN,Chattanooga Times,143902,1932,STATE REP,,,TN,"SMITH, W. CORRY",Democrat,1,,,,ENDORSED. YOUNG ATTORNEY WITH FIRM OF WHITAKER AND WHITAKER. ADVISABLE HE BE CHOSEN OVER REPUBLICAN OPPONENTS.,1.0,Chattanooga_Times,718,,,,,,,,,,,,,,,,,,,
TN,Chattanooga Times,143902,1932,STATE SENATOR,,,TN,"PAYNE, J. MILT",Democrat,1,,,,ENDORSED FOR STATE SENATE. SERVED FAITHFULLY IN HOUSE OF REPRESENTATIVES IN 1930. ONLY CANDIDATE FOR HAMILTON COUNTY STATE SENATE.,1.0,Chattanooga_Times,718,,,,,,,,,,,,,,,,,,,
TN,Chattanooga Times,143902,1932,VICE PRESIDENT,,,TN,"GARNER, JOHN NANCE",Democrat,1,,,,ENDORSED AS PART OF DEMOCRATIC PRESIDENTIAL TICKET.,1.0,Chattanooga_Times,718,,,,,,,,,,,,,,,,,,,
TN,Chattanooga Times,143902,1934,GOVERNOR,,,TN,"MCALISTER, HILL",Democrat,1,1,,,"STRONGLY ENDORSED FOR RE-ELECTION ACROSS TWO EDITORIALS. PRAISED FOR REHABILITATING STATE FINANCES, ECONOMY, EFFICIENCY AND HONESTY IN GOVERNMENT. PAPER URGES OVERWHELMING MAJORITY TO CONDEMN BOLTING AND FUSION.",1.0,Chattanooga_Times,718,,,,,,,,,,,,,,,,,,,
TN,Chattanooga Times,143902,1934,H,3,,TN,"MCREYNOLDS, SAM D.",Democrat,1,1,,,ENDORSED AS PART OF DEMOCRATIC TICKET. INCUMBENT CONGRESSMAN. SIXTH CONSECUTIVE ENDORSEMENT.,1.0,Chattanooga_Times,718,6380,,,-0.243,0.599,,,,"McREYNOLDS, Samuel Davis",80,0.7,,,,,,,,
TN,Chattanooga Times,143902,1934,SENATOR,,,TN,"BACHMAN, NATHAN L.",Democrat,1,,,,ENDORSED AS PART OF DEMOCRATIC TICKET. DESCRIBED AS SUPPORTER OF ROOSEVELT ADMINISTRATION.,1.0,Chattanooga_Times,718,319,,,-0.312,0.108,,,,"BACHMAN, Nathan Lynn",89,1,,,,,,,,
TN,Chattanooga Times,143902,1934,SENATOR,,,TN,"MCKELLAR, KENNETH D.",Democrat,1,1,,,ENDORSED AS PART OF DEMOCRATIC TICKET. DESCRIBED AS SUPPORTER OF ROOSEVELT ADMINISTRATION WHO HAS FOUGHT WITH SKILL FOR TENNESSEE.,1.0,Chattanooga_Times,718,6293,,,-0.209,0.312,,,,"McKELLAR, Kenneth Douglas",84,0.7,,,,,,,,
TN,Chattanooga Times,143902,1936,H,2,,TN,"O'CONNOR, JOHN T.",Democrat,1,,,,ENDORSED. FORMER MAYOR OF KNOXVILLE AND ARDENT SUPPORTER OF TVA. PAPER PREDICTS HE WILL DEFEAT INCUMBENT TAYLOR. SECRETARY HULL SENT LETTER ENDORSING HIM.,0.85,Chattanooga_Times,718,,,,,,,,,,,,,,,,,,,
TN,Chattanooga Times,143902,1936,H,1,,TN,"REECE, B. CARROLL",Republican,,,1,,MENTIONED BUT NO POSITION TAKEN. PAPER SAYS HE WILL LIKELY BE RE-ELECTED IN FIRST CONGRESSIONAL DISTRICT.,0.9,Chattanooga_Times,718,7777,,,0.252,0.067,,,,"REECE, Brazilla Carroll",80,0.7,,,,,,,,
TN,Chattanooga Times,143902,1936,H,2,,TN,"TAYLOR, J. WILL",Republican,0,,1,,OPPOSED. INCUMBENT REPUBLICAN CRITICIZED FOR ATTACKING ROOSEVELT ADMINISTRATION AND FOR RELIGIOUS PREJUDICE IN CAMPAIGN TACTICS.,0.85,Chattanooga_Times,718,9214,,,0.259,0.321,,,,"TAYLOR, James Willis",80,0.7,,,,,,,,
TN,Chattanooga Times,143902,1936,PRESIDENT,,,TN,"LANDON, ALF M.",Republican,0,,,,OPPOSED. EDITORIAL CRITICIZES LANDON FOR ASKING QUESTIONS INSTEAD OF STATING HIS OWN PROGRAM AND FOR CAMPAIGN OF FEAR AND SPORTSMANSHIP.,1.0,Chattanooga_Times,718,,,,,,,,,,,,,,,,,,,
TN,Chattanooga Times,143902,1936,PRESIDENT,,,TN,"ROOSEVELT, FRANKLIN D.",Democrat,1,1,,,"STRONGLY ENDORSED FOR RE-ELECTION. LONG EDITORIAL DEFENDS RECORD ON AAA, NRA, UNEMPLOYMENT, RELIEF, AND BUDGET. SAYS HE HAS ONLY JUST BEGUN TO FIGHT.",1.0,Chattanooga_Times,718,,,,,,,,,,,,,,,,,,,
TN,Chattanooga Times,143902,1940,GOVERNOR,,,TN,"COOPER, PRENTICE",Democrat,1,1,,,ENDORSED FOR RE-ELECTION. MENTIONED AS SEEKING RE-ELECTION AND SUPPORTING BOTH PROPOSED AMENDMENTS.,0.75,Chattanooga_Times,718,,,,,,,,,,,,,,,,,,,
TN,Chattanooga Times,143902,1940,PRESIDENT,,,TN,"ROOSEVELT, FRANKLIN D.",Democrat,1,1,,,STRONGLY ENDORSED FOR THIRD TERM. EDITORIAL 'A VOTE OF CONFIDENCE' ARGUES GREAT STORM IN EUROPE JUSTIFIES CONTINUITY. INVOKES JEFFERSON AND OTHER PRESIDENTS WHO SERVED MULTIPLE TERMS.,1.0,Chattanooga_Times,718,,,,,,,,,,,,,,,,,,,
TN,Chattanooga Times,143902,1940,PRESIDENT,,,TN,"WILLKIE, WENDELL",Republican,0,,,,OPPOSED. EDITORIAL ARGUES WILLKIE AS THIRD-TERM CANDIDATE WOULD NOT PROVIDE CONTINUITY NEEDED DURING WAR CRISIS.,0.85,Chattanooga_Times,718,,,,,,,,,,,,,,,,,,,
TN,Chattanooga Times,143902,1942,GOVERNOR,,,TN,"COOPER, PRENTICE",Democrat,1,1,,,ENDORSED. PAPER SAYS GOVERNOR COOPER DESERVES A LARGE VOTE OF CONFIDENCE.,1.0,Chattanooga_Times,718,,,,,,,,,,,,,,,,,,,
TN,Chattanooga Times,143902,1942,H,3,,TN,"KEFAUVER, ESTES",Democrat,1,1,,,ENDORSED. PAPER SAYS IT WOULD BE WELL FOR THE ELECTORATE TO EXPRESS ITS APPRECIATION OF THE STATESMANSHIP OF CONGRESSMAN ESTES KEFAUVER.,1.0,Chattanooga_Times,718,5122,,,-0.429,0.372,,,,"KEFAUVER, Carey Estes",83,0.7,,,,,,,,
TN,Chattanooga Times,143902,1944,GOVERNOR,,,TN,"MCCORD, JIM NANCE",Democrat,1,,,,ENDORSED AS PART OF STRAIGHT DEMOCRATIC TICKET IN 'IN CITY AND COUNTY' EDITORIAL.,1.0,Chattanooga_Times,718,,,,,,,,,,,,,,,,,,,
TN,Chattanooga Times,143902,1944,H,3,,TN,"KEFAUVER, ESTES",Democrat,1,1,,,"STRONGLY ENDORSED FOR RE-ELECTION. DEDICATED EDITORIAL 'MR. KEFAUVER' PRAISES HIS STATESMANSHIP, SUPPORT FOR WAR MEASURES, ADVOCACY FOR WORLD PEACE, AND LEGISLATION FOR WORKING MAN. PAPER SAYS VOTERS SHOULD WEIGH HIS ABILITY AND EXPERIENCE AGAINST CAMPAIGN MUD.",1.0,Chattanooga_Times,718,5122,,,-0.429,0.372,,,,"KEFAUVER, Carey Estes",83,0.7,,,,,,,,
TN,Chattanooga Times,143902,1944,PRESIDENT,,,TN,"DEWEY, THOMAS E.",Republican,0,,,,"OPPOSED. EDITORIAL CRITICIZES DEWEY FOR VOTE-GETTING TRICKS, BEING SCARCELY DIPLOMATIC, AND REMARKS ABOUT RUSSIA AND POLAND. PAPER FEARS HE WOULD NOT MAINTAIN BIPARTISAN APPROACH TO WAR.",1.0,Chattanooga_Times,718,,,,,,,,,,,,,,,,,,,
TN,Chattanooga Times,143902,1944,PRESIDENT,,,TN,"ROOSEVELT, FRANKLIN D.",Democrat,1,1,,,ENDORSED FOR FOURTH TERM. EDITORIAL 'THE FATEFUL DECISION' SAYS PAPER URGED ROOSEVELT'S RE-ELECTION SOME WEEKS AGO AND NOTHING HAS CHANGED. BELIEVES CONTINUITY NEEDED TO WIN WAR AND MAKE PEACE.,1.0,Chattanooga_Times,718,,,,,,,,,,,,,,,,,,,
TN,Chattanooga Times,143902,1944,STATE SENATOR,,,TN,"CURRY, J. CLIFFORD",Democrat,1,,,,ENDORSED AS PART OF DEMOCRATIC LEGISLATIVE TICKET. PAPER SAYS THERE IS NO QUESTION OF HIS ELECTION DESPITE INDEPENDENT CHALLENGER CRAWFORD BEAN.,0.9,Chattanooga_Times,718,,,,,,,,,,,,,,,,,,,
TN,Chattanooga Times,143902,1946,GOVERNOR,,,TN,"MCCORD, JIM NANCE",Democrat,1,1,,,ENDORSED FOR RE-ELECTION. MENTIONED IN 'THE PEOPLE'S CHOICE' EDITORIAL AS PART OF DEMOCRATIC TICKET.,0.85,Chattanooga_Times,718,,,,,,,,,,,,,,,,,,,
TN,Chattanooga Times,143902,1946,H,3,,TN,"KEFAUVER, ESTES",Democrat,1,1,,,ENDORSED ACROSS MULTIPLE EDITORIALS. PAPER SAYS HE DESERVES FULL ENDORSEMENT OF THE PEOPLE AND WILL BE RETURNED TO A POST HE HAS FILLED WITH DISTINCTION.,1.0,Chattanooga_Times,718,5122,,,-0.429,0.372,,,,"KEFAUVER, Carey Estes",83,0.7,,,,,,,,
TN,Chattanooga Times,143902,1946,SENATOR,,,TN,"MCKELLAR, KENNETH D.",Democrat,1,1,,,ENDORSED. MENTIONED AS PART OF DEMOCRATIC TICKET IN 'THE PEOPLE'S CHOICE' EDITORIAL.,0.85,Chattanooga_Times,718,6293,,,-0.209,0.312,,,,"McKELLAR, Kenneth Douglas",84,0.7,,,,,,,,
TN,Chattanooga Times,143902,1948,GOVERNOR,,,TN,"BROWNING, GORDON",Democrat,1,,,,ENDORSED. PAPER SAYS BROWNING WAS ALREADY KNOWN IN THE STATE FROM HIS TERM AS GOVERNOR. PREDICTS VICTORY.,1.0,Chattanooga_Times,718,,,,,,,,,,,,,,,,,,,
TN,Chattanooga Times,143902,1948,H,3,,TN,"FRAZIER, JAMES B., JR.",Democrat,1,,,,ENDORSED. PAPER SAYS THE KEFAUVER-BROWNING-FRAZIER COMBINATION MAY BE HARD TO WIN BUT IT TAKES VOTES TO WIN AN ELECTION. ENDORSED IN RALLY TONIGHT EDITORIAL AS WELL.,1.0,Chattanooga_Times,718,3346,,,-0.268,0.897,,,,"FRAZIER, James Beriah, Jr.",87,1,,,,,,,,
TN,Chattanooga Times,143902,1948,PRESIDENT,,,TN,"DEWEY, THOMAS E.",Republican,1,,,,ENDORSED. PAPER SAYS IT HAS ADVOCATED THE ELECTION OF GOV. DEWEY. PRAISES HIS PROGRESSIVE DECLARATIONS ON SOCIAL SECURITY AND FORTHRIGHT POSITION ON NATIONAL DEFENSE. NOTABLE BREAK FROM PAPER'S USUAL DEMOCRATIC ENDORSEMENT PATTERN.,1.0,Chattanooga_Times,718,,,,,,,,,,,,,,,,,,,
TN,Chattanooga Times,143902,1948,PRESIDENT,,,TN,"TRUMAN, HARRY S.",Democrat,0,1,,,OPPOSED. PAPER SAYS TRUMAN'S DEFEAT COULD BE BROUGHT ABOUT BY THE STATES' RIGHTS PARTY AND PROGRESSIVE PARTY SPLITTING THE DEMOCRATIC VOTE.,0.9,Chattanooga_Times,718,,,,,,,,,,,,,,,,,,,
TN,Chattanooga Times,143902,1948,SENATOR,,,TN,"KEFAUVER, ESTES",Democrat,1,,,,STRONGLY ENDORSED FOR US SENATE. PAPER SAYS TENNESSEANS HAVE LEARNED TO KNOW HIM AND RESPECT HIM IN WASHINGTON. PREDICTS VICTORY.,1.0,Chattanooga_Times,718,5122,,,-0.429,0.372,,,,"KEFAUVER, Carey Estes",83,0.7,,,,,,,,
TN,Chattanooga Times,143902,1948,STATE REP,,,TN,"AYMON, LEONARD C.",Democrat,1,,,,ENDORSED AS PART OF DEMOCRATIC LEGISLATIVE TICKET FOR HAMILTON COUNTY HOUSE OF REPRESENTATIVES.,1.0,Chattanooga_Times,718,,,,,,,,,,,,,,,,,,,
TN,Chattanooga Times,143902,1948,STATE REP,,,TN,"CHAMBLISS, JOHN A.",Democrat,1,,,,ENDORSED AS PART OF DEMOCRATIC LEGISLATIVE TICKET FOR HAMILTON COUNTY HOUSE OF REPRESENTATIVES.,1.0,Chattanooga_Times,718,,,,,,,,,,,,,,,,,,,
TN,Chattanooga Times,143902,1948,STATE REP,,,TN,"LOCKE, AMBROSE",Democrat,1,,,,ENDORSED AS PART OF DEMOCRATIC LEGISLATIVE TICKET FOR HAMILTON COUNTY HOUSE OF REPRESENTATIVES.,1.0,Chattanooga_Times,718,,,,,,,,,,,,,,,,,,,
TN,Chattanooga Times,143902,1948,STATE SENATOR,,,TN,"RAGON, J. B., JR.",Democrat,1,,,,ENDORSED AS PART OF DEMOCRATIC LEGISLATIVE TICKET FOR HAMILTON COUNTY. ENDORSED IN BOTH 'FOR THE LEGISLATIVE TICKET' AND 'RALLY TONIGHT' EDITORIALS.,1.0,Chattanooga_Times,718,,,,,,,,,,,,,,,,,,,
TN,Chattanooga Times,143902,1950,GOVERNOR,,,TN,"BROWNING, GORDON",Democrat,1,1,,,ENDORSED FOR RE-ELECTION. PAPER NOTES BROWNING WILL HAVE A LIGHT VOTE BUT MENTIONS HIM FAVORABLY AND NOTES HE HAS ENTERED THE FIRST DISTRICT CAMPAIGN.,0.75,Chattanooga_Times,718,,,,,,,,,,,,,,,,,,,
TN,Chattanooga Times,143902,1952,GOVERNOR,,,TN,"CLEMENT, FRANK",Democrat,1,,,,ENDORSED IN 'THE STATE ELECTION' EDITORIAL.,1.0,Chattanooga_Times,718,,,,,,,,,,,,,,,,,,,
TN,Chattanooga Times,143902,1952,H,3,,TN,"FRAZIER, JAMES B., JR.",Democrat,1,,,,ENDORSED IN 'THE STATE ELECTION' EDITORIAL FOR CONGRESS FROM THIRD DISTRICT.,1.0,Chattanooga_Times,718,3346,,,-0.268,0.897,,,,"FRAZIER, James Beriah, Jr.",87,1,,,,,,,,
TN,Chattanooga Times,143902,1952,PRESIDENT,,,TN,"EISENHOWER, DWIGHT D.",Republican,1,,,,ENDORSED. EDITORIAL 'EISENHOWER FOR PRESIDENT' SAYS PAPER ENDORSED HIM AFTER BOTH NATIONAL CONVENTIONS. PRAISES HIS INTERNATIONAL PRESTIGE AND LEADERSHIP QUALITIES. SECOND CONSECUTIVE REPUBLICAN PRESIDENTIAL ENDORSEMENT.,1.0,Chattanooga_Times,718,,,,,,,,,,,,,,,,,,,
TN,Chattanooga Times,143902,1952,PRESIDENT,,,TN,"STEVENSON, ADLAI E.",Democrat,0,,,,OPPOSED DESPITE PERSONAL PRAISE. PAPER ADMITS STEVENSON HAS RISEN ABOVE A POOR RECORD AS ILLINOIS EXECUTIVE WITH BRILLIANT SPEECHES BUT SAYS CAMPAIGN HAS NOT CHANGED ITS OPINION THAT A CHANGE IN NATIONAL LEADERSHIP IS NEEDED.,1.0,Chattanooga_Times,718,,,,,,,,,,,,,,,,,,,
TN,Chattanooga Times,143902,1952,RAILROAD COMMISSION,,,TN,"AVERY, J. B., SR.",Democrat,1,,,,ENDORSED IN 'THE STATE ELECTION' EDITORIAL FOR STATE UTILITIES COMMISSIONER.,1.0,Chattanooga_Times,718,,,,,,,,,,,,,,,,,,,
TN,Chattanooga Times,143902,1952,SENATOR,,,TN,"GORE, ALBERT",Democrat,1,,,,ENDORSED IN 'THE STATE ELECTION' EDITORIAL. LISTED FIRST AMONG DEMOCRATIC CANDIDATES FOR STATE OFFICES.,1.0,Chattanooga_Times,718,3704,,,-0.328,0.551,,,,"GORE, Albert Arnold",77,0.7,,,,,,,,
TN,Chattanooga Times,143902,1952,STATE REP,,,TN,"AYMON, LEONARD C.",Democrat,1,,,,ENDORSED IN 'THE STATE ELECTION' EDITORIAL FOR HAMILTON COUNTY HOUSE OF REPRESENTATIVES.,1.0,Chattanooga_Times,718,,,,,,,,,,,,,,,,,,,
TN,Chattanooga Times,143902,1952,STATE REP,,,TN,"COLLINS, EUGENE",Democrat,1,,,,ENDORSED IN 'THE STATE ELECTION' EDITORIAL FOR HAMILTON COUNTY HOUSE OF REPRESENTATIVES.,1.0,Chattanooga_Times,718,,,,,,,,,,,,,,,,,,,
TN,Chattanooga Times,143902,1952,STATE REP,,,TN,"MANSFIELD, HARRY",Democrat,1,,,,ENDORSED IN 'THE STATE ELECTION' EDITORIAL FOR HAMILTON COUNTY HOUSE OF REPRESENTATIVES.,1.0,Chattanooga_Times,718,,,,,,,,,,,,,,,,,,,
TN,Chattanooga Times,143902,1952,STATE SENATOR,,,TN,"CASH, BEN",Democrat,1,,,,ENDORSED IN 'THE STATE ELECTION' EDITORIAL. UNOPPOSED.,1.0,Chattanooga_Times,718,,,,,,,,,,,,,,,,,,,
TN,Chattanooga Times,143902,1954,GOVERNOR,,,TN,"CLEMENT, FRANK",Democrat,1,1,,,ENDORSED IN 'OUR CHOICES' EDITORIAL FOR GOVERNOR.,1.0,Chattanooga_Times,718,,,,,,,,,,,,,,,,,,,
TN,Chattanooga Times,143902,1954,H,3,,TN,"FRAZIER, JAMES B., JR.",Democrat,1,1,,,ENDORSED IN 'OUR CHOICES' EDITORIAL FOR CONGRESS FROM THIRD DISTRICT.,1.0,Chattanooga_Times,718,3346,,,-0.268,0.897,,,,"FRAZIER, James Beriah, Jr.",87,1,,,,,,,,
TN,Chattanooga Times,143902,1954,SENATOR,,,TN,"KEFAUVER, ESTES",Democrat,1,1,,,ENDORSED IN 'OUR CHOICES' EDITORIAL. LISTED FIRST AMONG PAPER'S ENDORSED CANDIDATES.,1.0,Chattanooga_Times,718,5122,,,-0.429,0.372,,,,"KEFAUVER, Carey Estes",83,0.7,,,,,,,,
TN,Chattanooga Times,143902,1954,STATE REP,,,TN,"JOHNSON, I. FRED, JR.",Democrat,1,,,,ENDORSED AS LOCAL DEMOCRATIC NOMINEE FOR GENERAL ASSEMBLY. UNOPPOSED.,1.0,Chattanooga_Times,718,,,,,,,,,,,,,,,,,,,
TN,Chattanooga Times,143902,1954,STATE SENATOR,,,TN,"CASH, BEN",Democrat,1,1,,,ENDORSED AS LOCAL DEMOCRATIC NOMINEE FOR GENERAL ASSEMBLY. UNOPPOSED.,1.0,Chattanooga_Times,718,,,,,,,,,,,,,,,,,,,
TN,Chattanooga Times,143902,1956,H,3,,TN,"FRAZIER, JAMES B., JR.",Democrat,1,1,,,ENDORSED FOR RE-ELECTION. PAPER SAYS HIS EXPERIENCE IN WASHINGTON IS MORE IMPORTANT THAN EVER AT THIS CRUCIAL TIME. OPPOSES REPUBLICAN CHALLENGER P.L. WOOD.,1.0,Chattanooga_Times,718,3346,,,-0.268,0.897,,,,"FRAZIER, James Beriah, Jr.",87,1,,,,,,,,
TN,Chattanooga Times,143902,1956,H,3,,TN,"WOOD, P. L.",Republican,0,,,,OPPOSED. PAPER CRITICIZES HIS CLAIM THAT EISENHOWER'S PROPOSAL ON HYDROGEN BOMB TESTS WOULD CAUSE 50% OF TVA EMPLOYEES TO LOSE THEIR JOBS. SAYS HIS CAPACITY IS NOT EQUAL TO FRAZIER'S.,1.0,Chattanooga_Times,718,,,,,,,,,,,,,,,,,,,
TN,Chattanooga Times,143902,1956,PRESIDENT,,,TN,"EISENHOWER, DWIGHT D.",Republican,1,,1,,"ENDORSED FOR RE-ELECTION. EDITORIAL 'SUPPORT THE PRESIDENT' SAYS PAPER HAS ALREADY ANNOUNCED SUPPORT. PRAISES HIS HANDLING OF SUEZ CRISIS AND ROLE AS FREE WORLD'S SPOKESMAN FOR PEACE. THIRD CONSECUTIVE REPUBLICAN PRESIDENTIAL ENDORSEMENT (1948, 1952, 1956).",1.0,Chattanooga_Times,718,,,,,,,,,,,,,,,,,,,
TN,Chattanooga Times,143902,1956,SERVICE COMMISSION,,,TN,"HANNER, JOHN C.",Democrat,,,,,MENTIONED AS CANDIDATE FOR RE-ELECTION AS SERVICE COMMISSIONER FROM MIDDLE TENNESSEE. HAS NO OPPOSITION. NO EXPLICIT ENDORSEMENT OR OPPOSITION.,0.75,Chattanooga_Times,718,,,,,,,,,,,,,,,,,,,
TN,Chattanooga Times,143902,1956,STATE REP,,,TN,"AYMON, LEONARD C.",Democrat,1,1,,,ENDORSED AS ONLY INCUMBENT AMONG THREE DEMOCRATIC LEGISLATIVE CANDIDATES. PAPER URGES VOTERS OF HAMILTON COUNTY TO BACK HIM AGAIN.,1.0,Chattanooga_Times,718,,,,,,,,,,,,,,,,,,,
TN,Chattanooga Times,143902,1956,STATE SENATOR,,,TN,"CASH, BEN",Democrat,,1,,,"MENTIONED BUT NO CLEAR ENDORSEMENT. PAPER SAYS IT DID NOT SUPPORT CASH IN THE PRIMARY AND NOTES INDEPENDENT OPPONENT JOHN WYNN, BUT SAYS THE RACE DOES NOT SEEM CLOSE. APPEARS TO BE IN A STRONG POSITION AGAINST WYNN.",0.8,Chattanooga_Times,718,,,,,,,,,,,,,,,,,,,
TN,Chattanooga Times,143902,1958,GOVERNOR,,,TN,"ELLINGTON, BUFORD",Democrat,1,,,,ENDORSED IN 'IN TODAY'S ELECTION' ENDORSEMENT LIST.,1.0,Chattanooga_Times,718,,,,,,,,,,,,,,,,,,,
TN,Chattanooga Times,143902,1958,H,3,,TN,"FRAZIER, JAMES B., JR.",Democrat,1,1,,,NOTED AS UNOPPOSED DEMOCRATIC INCUMBENT FOR THIRD DISTRICT. ENDORSED BY INCLUSION IN ENDORSEMENT EDITORIAL.,1.0,Chattanooga_Times,718,3346,,,-0.268,0.897,,,,"FRAZIER, James Beriah, Jr.",87,1,,,,,,,,
TN,Chattanooga Times,143902,1958,RAILROAD COMMISSION,,,TN,"PENTECOST, CAYCE",Democrat,1,1,,,NOTED AS UNOPPOSED DEMOCRATIC INCUMBENT FOR STATE RAILROAD AND PUBLIC UTILITIES COMMISSION.,0.9,Chattanooga_Times,718,,,,,,,,,,,,,,,,,,,
TN,Chattanooga Times,143902,1958,SENATOR,,,TN,"GORE, ALBERT",Democrat,1,1,,,ENDORSED IN 'IN TODAY'S ELECTION' ENDORSEMENT LIST.,1.0,Chattanooga_Times,718,3704,,,-0.328,0.551,,,,"GORE, Albert Arnold",77,0.7,,,,,,,,
TN,Chattanooga Times,143902,1958,STATE REP,,,TN,"CALDWELL, JAMES C., JR.",Democrat,1,,,,NOTED AS UNOPPOSED DEMOCRATIC NOMINEE FOR TENNESSEE HOUSE.,0.9,Chattanooga_Times,718,,,,,,,,,,,,,,,,,,,
TN,Chattanooga Times,143902,1958,STATE REP,,,TN,"KELLEY, RALPH",Democrat,1,,,,NOTED AS UNOPPOSED DEMOCRATIC NOMINEE FOR TENNESSEE HOUSE.,0.9,Chattanooga_Times,718,,,,,,,,,,,,,,,,,,,
TN,Chattanooga Times,143902,1958,STATE REP,,,TN,"PATTEN, CARTER",Democrat,1,,,,NOTED AS UNOPPOSED DEMOCRATIC NOMINEE FOR TENNESSEE HOUSE.,0.9,Chattanooga_Times,718,,,,,,,,,,,,,,,,,,,
TN,Chattanooga Times,143902,1958,STATE SENATOR,,,TN,"CASH, BEN",Democrat,1,1,,,NOTED AS UNOPPOSED DEMOCRATIC NOMINEE FOR TENNESSEE SENATE.,0.9,Chattanooga_Times,718,,,,,,,,,,,,,,,,,,,
TN,Chattanooga Times,143902,1960,PRESIDENT,,,TN,"KENNEDY, JOHN F.",Democrat,1,,,,"ENDORSED IN 'IN TODAY'S ELECTION' ENDORSEMENT LIST. PAPER RETURNS TO DEMOCRATIC PRESIDENTIAL ENDORSEMENT AFTER THREE CONSECUTIVE REPUBLICAN ENDORSEMENTS (1948, 1952, 1956).",1.0,Chattanooga_Times,718,,,,,,,,,,,,,,,,,,,
TN,Chattanooga Times,143902,1960,SENATOR,,,TN,"KEFAUVER, ESTES",Democrat,1,1,,,ENDORSED IN 'IN TODAY'S ELECTION' ENDORSEMENT LIST FOR US SENATE.,1.0,Chattanooga_Times,718,5122,,,-0.429,0.372,,,,"KEFAUVER, Carey Estes",83,0.7,,,,,,,,
TN,Chattanooga Times,143902,1960,STATE REP,,,TN,"CALDWELL, JAMES C., JR.",Democrat,1,1,,,ENDORSED IN 'IN TODAY'S ELECTION' ENDORSEMENT LIST FOR REPRESENTATIVE IN TENNESSEE GENERAL ASSEMBLY.,1.0,Chattanooga_Times,718,,,,,,,,,,,,,,,,,,,
TN,Chattanooga Times,143902,1960,STATE REP,,,TN,"LEADER, WILLIAM D.",Democrat,1,,,,ENDORSED IN 'IN TODAY'S ELECTION' ENDORSEMENT LIST FOR REPRESENTATIVE IN TENNESSEE GENERAL ASSEMBLY. THREE TO BE ELECTED BUT ONLY TWO NAMES LISTED.,1.0,Chattanooga_Times,718,,,,,,,,,,,,,,,,,,,
TN,Chattanooga Times,143902,1960,VICE PRESIDENT,,,TN,"JOHNSON, LYNDON B.",Democrat,1,,,,ENDORSED AS PART OF DEMOCRATIC PRESIDENTIAL TICKET.,1.0,Chattanooga_Times,718,,,,,,,,,,,,,,,,,,,
TN,Chattanooga Times,143902,1962,GOVERNOR,,,TN,"CLEMENT, FRANK",Democrat,1,,,,ENDORSED IN 'IN TODAY'S ELECTION' ENDORSEMENT LIST.,1.0,Chattanooga_Times,718,,,,,,,,,,,,,,,,,,,
TN,Chattanooga Times,143902,1962,H,3,,TN,"THRASHER, WILKES T., JR.",Democrat,1,,,,ENDORSED IN 'IN TODAY'S ELECTION' ENDORSEMENT LIST FOR REPRESENTATIVE IN US CONGRESS.,1.0,Chattanooga_Times,718,,,,,,,,,,,,,,,,,,,
TN,Chattanooga Times,143902,1962,STATE REP,,,TN,"CALDWELL, JAMES C., JR.",Democrat,1,1,,,ENDORSED IN 'IN TODAY'S ELECTION' ENDORSEMENT LIST FOR REPRESENTATIVE IN GENERAL ASSEMBLY.,1.0,Chattanooga_Times,718,,,,,,,,,,,,,,,,,,,
TN,Chattanooga Times,143902,1962,STATE REP,,,TN,"LEADER, WILLIAM D.",Democrat,1,1,,,ENDORSED IN 'IN TODAY'S ELECTION' ENDORSEMENT LIST FOR REPRESENTATIVE IN GENERAL ASSEMBLY.,1.0,Chattanooga_Times,718,,,,,,,,,,,,,,,,,,,
TN,Chattanooga Times,143902,1962,STATE REP,,,TN,"REINGOLD, ARVIN",Democrat,1,,,,ENDORSED IN 'IN TODAY'S ELECTION' ENDORSEMENT LIST FOR REPRESENTATIVE IN GENERAL ASSEMBLY.,1.0,Chattanooga_Times,718,,,,,,,,,,,,,,,,,,,
TN,Chattanooga Times,143902,1962,STATE REP,,,TN,"TUCKER, JOHN H.",Democrat,1,,,,ENDORSED IN 'IN TODAY'S ELECTION' ENDORSEMENT LIST FOR REPRESENTATIVE IN GENERAL ASSEMBLY.,1.0,Chattanooga_Times,718,,,,,,,,,,,,,,,,,,,
TN,Chattanooga Times,143902,1962,STATE REP,,,TN,"VAN CLEAVE, JAMES W.",Democrat,1,,,,ENDORSED IN 'IN TODAY'S ELECTION' ENDORSEMENT LIST FOR REPRESENTATIVE IN GENERAL ASSEMBLY.,1.0,Chattanooga_Times,718,,,,,,,,,,,,,,,,,,,
TX,Austin American,144701,1960,PRESIDENT,,,TX,"KENNEDY, JOHN F.",Democrat,1,,,,ENDORSED KENNEDY-JOHNSON TICKET. EDITORIAL SAYS THESE PAPERS HAVE SUPPORTED THE KENNEDY-JOHNSON TICKET. QA CORRECTION: WAS INCORRECTLY CODED AS NIXON.,0.95,Austin American,5469,,,,,,,,,,,,,,,,,,,
TX,Austin American,144701,1962,GOVERNOR,,,TX,"CONNALLY, JOHN",Democrat,1,,,,ENDORSED FOR GOVERNOR. EFFECTIVE LEADERSHIP GOAL IN TEXAS VOTERS REACH.,0.9,Austin American,5469,,,,,,,,,,,,,,,,,,,
TX,Austin American,144701,1962,H,10,,TX,"THORNBERRY, HOMER",Democrat,1,1,,,ENDORSED FOR RE-ELECTION TO US HOUSE. INCUMBENT 14 YEARS. QA: ADDED FROM 19621101 AND 19621104 EDITORIALS.,0.9,Austin American,5469,9356,,,-0.305,0.769,,,,"THORNBERRY, William Homer",80,0.7,,,,,,,,
TX,Austin American,144701,1968,H,10,,TX,"PICKLE, J. J. JAKE",Democrat,1,1,,,ENDORSED FOR RE-ELECTION TO US HOUSE DISTRICT 10.,0.9,Austin American,5469,,,,,,,,,,,,,,,,,,,
TX,Austin American,144701,1968,STATE REP,,,TX,"ANGLY, MAURICE",Republican,1,,1,,ENDORSED FOR STATE LEGISLATURE.,0.9,Austin American,5469,,,,,,,,,,,,224206,"angly, maurice jr.",43958.0,w,modernrepublican,87,1,
TX,Austin American,144701,1970,ATTORNEY GENERAL,,,TX,"MARTIN, CRAWFORD",Democrat,1,1,,,FOR MARTINS RE-ELECTION. INCUMBENT ATTORNEY GENERAL.,0.9,Austin American,5469,,,,,,,,,,,,,,,,,,,
TX,Austin American,144701,1970,CNTY CLERK,,Travis,TX,"SMITH, DAWN",Republican,1,,,,FOR CLERK. REPUBLICAN NOMINEE FOR TRAVIS COUNTY CLERK.,0.9,Austin American,5469,,,,,,,,,,,,,,,,,,,
TX,Austin American,144701,1970,GOVERNOR,,,TX,"SMITH, PRESTON",Democrat,1,1,,,SMITH-BARNES TEAM RECOMMENDED. INCUMBENT GOVERNOR.,0.9,Austin American,5469,,,,,,,,,,,,,,,,,,,
TX,Austin American,144701,1970,LT GOVERNOR,,,TX,"BARNES, BEN",Democrat,1,1,,,SMITH-BARNES TEAM RECOMMENDED. INCUMBENT LT GOVERNOR.,0.9,Austin American,5469,,,,,,,,,,,,,,,,,,,
TX,Austin American,144701,1970,SENATOR,,,TX,"BENTSEN, LLOYD",Democrat,1,,,,BENTSEN BEST CHOICE FOR SENATE. RECOMMENDED FOR US SENATE.,0.9,Austin American,5469,,,,,,,,,,,,,,,,,,,
TX,Austin American,144701,1970,STATE REP,2,,TX,"ANGLY, MAURICE",Republican,1,,1,,PLACE TWO. EFFECTIVE CONSERVATIVE VOICE. REPUBLICAN INCUMBENT. QA CORRECTION: WAS CODED AS H DIST 22.,0.9,Austin American,5469,,,,,,,,,,,,,,,,,,,
TX,Austin American,144701,1970,STATE REP,3,,TX,"CAVNESS, DON",,1,,,,PLACE THREE. SENIOR MEMBER OF TRAVIS COUNTY DELEGATION. QA CORRECTION: WAS CODED AS H DIST 10.,0.9,Austin American,5469,,,,,,,,,,,,,,,,,,,
TX,Austin American,144701,1970,STATE REP,4,,TX,"FOREMAN, WILSON",,1,,,,PLACE FOUR. MODERATE TO CONSERVATIVE VOTING RECORD. QA CORRECTION: WAS CODED AS H DIST 22.,0.9,Austin American,5469,,,,,,,,,,,,,,,,,,,
TX,Austin American-Statesman,144700,2008,COURT OF CRIMINAL APPEALS,,,TX,"STRAWN, SUSAN",Democrat,1,,,,,1.0,Austin American-Statesman,5469,,,,,,,,,,,,,,,,,,,
TX,Austin American-Statesman,144700,2008,H,25,,TX,"DOGGETT, LLOYD",Democrat,1,1,,,,0.85,Austin American-Statesman,5469,29571,cand1408,-0.794,-0.402,-0.33,100,100,1,,,,,,,,,,,
TX,Austin American-Statesman,144700,2008,H,10,,TX,"DOHERTY, LARRY JOE",Democrat,1,,,,,0.65,Austin American-Statesman,5469,H8TX10052,cand56622,-0.529,,,100,100,1,,,,,,,,,,,
TX,Austin American-Statesman,144700,2008,H,21,,TX,"SMITH, LAMAR",Republican,1,,1,,,0.8,Austin American-Statesman,5469,15445,cand757,1.222,0.425,0.061,200,92,1,,,,,,,,,,,
TX,Austin American-Statesman,144700,2008,PRESIDENT,,,TX,"OBAMA, BARACK",Democrat,1,,,,PROMINENTLY ENDORSED IN EDITORIAL,0.95,Austin American-Statesman,5469,99911,cand169967,-1.095,-0.358,-0.197,100,100,1,,,,,,,,,,,
TX,Austin American-Statesman,144700,2008,RAILROAD COMMISSION,,,TX,"WILLIAMS, MICHAEL",Republican,1,,1,,,1.0,Austin American-Statesman,5469,,,,,,,,,,,,,,,,,,,
TX,Austin American-Statesman,144700,2008,SENATOR,,,TX,"NORIEGA, RICK",Democrat,1,,,,ENDORSED OVER INCUMBENT CORNYN,0.8,Austin American-Statesman,5469,S8TX00202,cand107352,-0.892,,,100,70,0.7,,,,,,,,,,,
TX,Austin American-Statesman,144700,2008,STATE BOARD OF ED,5,,TX,"BELL-METEREAU, REBECCA",Democrat,1,,,,,0.75,Austin American-Statesman,5469,,,,,,,,,,,,,,,,,,,
TX,Austin American-Statesman,144700,2008,STATE REP,47,,TX,"BOLTON, VALINDA",Democrat,1,,,,,0.7,Austin American-Statesman,5469,TX8076,cand111771,-0.571,,,100,100,1,,,,280227,"bolton, valinda",45314.0,w,democrat,100,1,
TX,Austin American-Statesman,144700,2008,STATE REP,48,,TX,"HOWARD, DONNA",Democrat,1,1,,,,0.8,Austin American-Statesman,5469,TX116049,cand111773,-0.529,,,100,100,1,,,,280231,"howard, donna",39748.0,w,democrat,100,1,
TX,Austin American-Statesman,144700,2008,STATE REP,52,,TX,"MALDONADO, DIANA",Democrat,1,,,,,0.7,Austin American-Statesman,5469,TX9291,cand111792,-0.689,,,100,84,0.7,,,,292051,"maldonado, diana",34898.0,w,democrat,100,1,
TX,Austin American-Statesman,144700,2008,STATE REP,51,,TX,"RODRIGUEZ, EDDIE",Democrat,1,1,,,,0.8,Austin American-Statesman,5469,TX7045,cand111724,-0.501,,,100,100,1,,,,224958,"rodriguez, eddie",29384.0,w,democrat,100,1,
TX,Austin American-Statesman,144700,2008,STATE REP,50,,TX,"STRAMA, MARK",Democrat,1,,,,,0.8,Austin American-Statesman,5469,TX7051,cand111728,-0.352,,,100,100,1,,,,268665,"strama, mark",45456.0,w,democrat,100,1,
TX,Austin American-Statesman,144700,2008,STATE SENATOR,14,,TX,"WATSON, KIRK",Democrat,1,1,,,,0.85,Austin American-Statesman,5469,TX116674,cand111763,-0.056,,,100,92,1,,,,,,,,,,,
TX,Austin American-Statesman,144700,2010,AGRICULTURE COMMISSIONER,,,TX,"STAPLES, TODD",Republican,1,,1,,,1.0,Austin American-Statesman,5469,,,,,,,,,,,,,,,,,,,
TX,Austin American-Statesman,144700,2010,ATTORNEY GENERAL,,,TX,"ABBOTT, GREG",Republican,1,,1,,,1.0,Austin American-Statesman,5469,TX11001,cand110286,1.301,,,200,100,1,,,,,,,,,,,
TX,Austin American-Statesman,144700,2010,CNTY COMM,Hays Pct 2,,TX,"BRYANT, RAY",Democrat,1,,,,,1.0,Austin American-Statesman,5469,,,,,,,,,,,,,,,,,,,
TX,Austin American-Statesman,144700,2010,CNTY COMM,Travis Pct 2,,TX,"ECKHARDT, SARAH",Democrat,1,,,,,1.0,Austin American-Statesman,5469,,,,,,,,,,,,,,,,,,,
TX,Austin American-Statesman,144700,2010,CNTY COMM,Williamson Pct 2,,TX,"LONG, CYNTHIA",Republican,1,,,,,1.0,Austin American-Statesman,5469,,,,,,,,,,,,,,,,,,,
TX,Austin American-Statesman,144700,2010,CNTY COMM,Williamson Pct 4,,TX,"MAURICE, JEFF",Democrat,1,,,,,1.0,Austin American-Statesman,5469,,,,,,,,,,,,,,,,,,,
TX,Austin American-Statesman,144700,2010,CNTY COMM,Hays Pct 4,,TX,"WHISENANT, RAY",Republican,1,,,,,1.0,Austin American-Statesman,5469,,,,,,,,,,,,,,,,,,,
TX,Austin American-Statesman,144700,2010,CNTY JUDGE,Hays,,TX,"BARTON, JEFF",Democrat,1,,,,,1.0,Austin American-Statesman,5469,,,,,,,,,,,,,,,,,,,
TX,Austin American-Statesman,144700,2010,CNTY JUDGE,Travis,,TX,"BISCOE, SAM",Democrat,1,,,,,1.0,Austin American-Statesman,5469,,,,,,,,,,,,,,,,,,,
TX,Austin American-Statesman,144700,2010,COURT OF APPEALS,3rd,,TX,"KUHN, KURT",Democrat,1,,,,,1.0,Austin American-Statesman,5469,TX147968,cand111393,-0.745,,,100,100,1,,,,,,,,,,,
TX,Austin American-Statesman,144700,2010,COURT OF CRIMINAL APPEALS,,,TX,"HAMPTON, KEITH",Democrat,1,,,,,1.0,Austin American-Statesman,5469,,,,,,,,,,,,,,,,,,,
TX,Austin American-Statesman,144700,2010,DISTRICT COURT JUDGE,428th,,TX,"HENRY, BILL",Republican,1,,,,,1.0,Austin American-Statesman,5469,TX_CP57976,cand178884,0.071,,,328,100,1,,,,,,,,,,,
TX,Austin American-Statesman,144700,2010,DISTRICT COURT JUDGE,353rd,,TX,"SULAK, TIM",Democrat,1,,,,,1.0,Austin American-Statesman,5469,TX1418691,cand148976,-0.677,,,100,83,0.7,,,,,,,,,,,
TX,Austin American-Statesman,144700,2010,GOVERNOR,,,TX,"WHITE, BILL",Democrat,1,,,,,1.0,Austin American-Statesman,5469,S2TX00288,cand105107,-0.301,,,100,100,1,,,,,,,,,,,
TX,Austin American-Statesman,144700,2010,H,25,,TX,"DOGGETT, LLOYD",Democrat,1,,,,,1.0,Austin American-Statesman,5469,29571,cand1408,-0.794,-0.402,-0.33,100,100,1,,,,,,,,,,,
TX,Austin American-Statesman,144700,2010,H,10,,TX,"MCCAUL, MICHAEL",Republican,1,,1,,,1.0,Austin American-Statesman,5469,20530,cand953,1.102,0.411,0.172,200,100,1,,,,,,,,,,,
TX,Austin American-Statesman,144700,2010,H,21,,TX,"SMITH, LAMAR",Republican,1,,1,,,1.0,Austin American-Statesman,5469,15445,cand757,1.222,0.425,0.061,200,92,1,,,,,,,,,,,
TX,Austin American-Statesman,144700,2010,LAND COMMISSIONER,,,TX,"PATTERSON, JERRY",Republican,1,,1,,,1.0,Austin American-Statesman,5469,,,,,,,,,,,,,,,,,,,
TX,Austin American-Statesman,144700,2010,LT GOVERNOR,,,TX,"DEWHURST, DAVID",Republican,1,,1,,,1.0,Austin American-Statesman,5469,S2TX00361,cand177687,1.028,,,200,100,1,,,,,,,,,,,
TX,Austin American-Statesman,144700,2010,RAILROAD COMMISSION,,,TX,"WEEMS, JEFF",Democrat,1,,,,,1.0,Austin American-Statesman,5469,,,,,,,,,,,,,,,,,,,
TX,Austin American-Statesman,144700,2010,SHERIFF,Hays,,TX,"CUTLER, GARY",Republican,1,,,,,1.0,Austin American-Statesman,5469,,,,,,,,,,,,,,,,,,,
TX,Austin American-Statesman,144700,2010,STATE BOARD OF ED,5,,TX,"BELL-METEREAU, REBECCA",Democrat,1,,,,,1.0,Austin American-Statesman,5469,TX139838,cand111258,-0.846,,,100,95,1,,,,,,,,,,,
TX,Austin American-Statesman,144700,2010,STATE BOARD OF ED,10,,TX,"FARNEY, MARSHA",Republican,1,,,,,1.0,Austin American-Statesman,5469,TX139956,cand111346,1.127,,,200,100,1,,,,,,,,,,,
TX,Austin American-Statesman,144700,2010,STATE REP,47,,TX,"BOLTON, VALINDA",Democrat,1,,,,,1.0,Austin American-Statesman,5469,TX8076,cand111771,-0.571,,,100,100,1,,,,280227,"bolton, valinda",27773.0,l,democrat,100,1,
TX,Austin American-Statesman,144700,2010,STATE REP,48,,TX,"HOWARD, DONNA",Democrat,1,1,,,,1.0,Austin American-Statesman,5469,TX116049,cand111773,-0.529,,,100,100,1,,,,280231,"howard, donna",25026.0,w,democrat,100,1,
TX,Austin American-Statesman,144700,2010,STATE REP,52,,TX,"MALDONADO, DIANA",Democrat,1,,,,,1.0,Austin American-Statesman,5469,TX9291,cand111792,-0.689,,,100,84,0.7,,,,292051,"maldonado, diana",16823.0,l,democrat,100,1,
TX,Austin American-Statesman,144700,2010,STATE REP,51,,TX,"RODRIGUEZ, EDDIE",Democrat,1,,,,,1.0,Austin American-Statesman,5469,TX7045,cand111724,-0.501,,,100,100,1,,,,224958,"rodriguez, eddie",12981.0,w,democrat,100,1,
TX,Austin American-Statesman,144700,2010,STATE REP,45,,TX,"ROSE, PATRICK",Democrat,1,,,,,1.0,Austin American-Statesman,5469,TX7052,cand111729,0.112,,,100,92,1,,,,224504,"rose, patrick m.",23691.0,l,democrat,89,1,
TX,Austin American-Statesman,144700,2010,STATE REP,50,,TX,"STRAMA, MARK",Democrat,1,,,,,1.0,Austin American-Statesman,5469,TX7051,cand111728,-0.352,,,100,100,1,,,,268665,"strama, mark",23720.0,w,democrat,100,1,
TX,Austin American-Statesman,144700,2010,STATE SENATOR,18,,TX,"HEGAR, GLENN",Republican,1,,,,,1.0,Austin American-Statesman,5469,TX7025,cand111705,1.108,,,200,100,1,,,,223353,"hegar, glenn",146087.0,w,modernrepublican,100,1,
TX,Austin American-Statesman,144700,2010,STATE SENATOR,5,,TX,"OGDEN, STEVE",Republican,1,,1,,,1.0,Austin American-Statesman,5469,TX1196,cand111053,1.098,,,200,100,1,,,,220740,"ogden, steve",145170.0,w,modernrepublican,100,1,
TX,Austin American-Statesman,144700,2010,STATE SENATOR,14,,TX,"WATSON, KIRK",Democrat,1,,,,,1.0,Austin American-Statesman,5469,TX116674,cand111763,-0.056,,,100,92,1,,,,280124,"watson, kirk",115949.0,w,democrat,100,1,
TX,Austin American-Statesman,144700,2010,TX SUPREME COURT,Place 5,,TX,"GREEN, PAUL",Republican,1,,,,,1.0,Austin American-Statesman,5469,,,,,,,,,,,,,,,,,,,
TX,Austin American-Statesman,144700,2010,TX SUPREME COURT,Place 9,,TX,"GUZMAN, EVA",Republican,1,,,,,1.0,Austin American-Statesman,5469,,,,,,,,,,,,,,,,,,,
TX,Austin American-Statesman,144700,2010,TX SUPREME COURT,Place 3,,TX,"LEHRMANN, DEBRA",Republican,1,,,,,1.0,Austin American-Statesman,5469,,,,,,,,,,,,,,,,,,,
TX,Austin American-Statesman,144700,2012,CNTY COMM,Travis Pct 3,,TX,"DAUGHERTY, GERALD",Republican,1,,,,,0.95,Austin American-Statesman,5469,,,,,,,,,,,,,,,,,,,
TX,Austin American-Statesman,144700,2012,COURT OF APPEALS,3rd,,TX,"HENSON, DIANE",Democrat,1,1,,,LISTED AS INCUMBENT,1.0,Austin American-Statesman,5469,TX135850,cand111169,-0.663,,,100,100,1,,,,,,,,,,,
TX,Austin American-Statesman,144700,2012,COURT OF APPEALS,3rd,,TX,"PEMBERTON, BOB",,1,,,,LISTED AS INCUMBENT,1.0,Austin American-Statesman,5469,TX137721,cand111194,1.106,,,200,100,1,,,,,,,,,,,
TX,Austin American-Statesman,144700,2012,COURT OF APPEALS,3rd,,TX,"ROSE, JEFF",Republican,1,,1,,LISTED AS INCUMBENT,1.0,Austin American-Statesman,5469,TX352672,cand111582,1.192,,,200,100,1,,,,,,,,,,,
TX,Austin American-Statesman,144700,2012,COURT OF APPEALS,3rd,,TX,"WATKINS, KAREN",,1,,,,,0.9,Austin American-Statesman,5469,TX1418005,cand148656,-0.743,,,100,93,1,,,,,,,,,,,
TX,Austin American-Statesman,144700,2012,COURT OF CRIMINAL APPEALS,,,TX,"HAMPTON, KEITH",Democrat,1,,,,,1.0,Austin American-Statesman,5469,,,,,,,,,,,,,,,,,,,
TX,Austin American-Statesman,144700,2012,DA/PROSECUTOR,Williamson,,TX,"DUTY, JANA",,1,,,,,0.9,Austin American-Statesman,5469,,,,,,,,,,,,,,,,,,,
TX,Austin American-Statesman,144700,2012,H,25,,TX,"DOGGETT, LLOYD",Democrat,1,1,,,MENTIONED IN EDITORIAL AS HAVING EARNED RE-ELECTION,0.9,Austin American-Statesman,5469,29571,cand1408,-0.794,-0.402,-0.33,100,100,1,,,,,,,,,,,
TX,Austin American-Statesman,144700,2012,H,10,,TX,"MCCAUL, MICHAEL",Republican,1,,1,,MENTIONED IN EDITORIAL AS HAVING EARNED RE-ELECTION,0.9,Austin American-Statesman,5469,20530,cand953,1.102,0.411,0.172,200,100,1,,,,,,,,,,,
TX,Austin American-Statesman,144700,2012,H,21,,TX,"SMITH, LAMAR",Republican,1,,1,,MENTIONED IN EDITORIAL AS HAVING EARNED RE-ELECTION,0.9,Austin American-Statesman,5469,15445,cand757,1.222,0.425,0.061,200,92,1,,,,,,,,,,,
TX,Austin American-Statesman,144700,2012,SCHOOL BOARD,Austin At-Large Pos 8,,TX,"HINOJOSA, GINA",,1,,,,NONPARTISAN RACE,1.0,Austin American-Statesman,5469,,,,,,,,,,,,,,,,,,,
TX,Austin American-Statesman,144700,2012,SCHOOL BOARD,Austin 5,,TX,"JACKSON, CHARLIE",,1,,,,NONPARTISAN RACE,1.0,Austin American-Statesman,5469,,,,,,,,,,,,,,,,,,,
TX,Austin American-Statesman,144700,2012,SCHOOL BOARD,Austin 2,,TX,"MATHIAS, JAYME",,1,,,,NONPARTISAN RACE,1.0,Austin American-Statesman,5469,,,,,,,,,,,,,,,,,,,
TX,Austin American-Statesman,144700,2012,SCHOOL BOARD,Austin 3,,TX,"TEICH, ANN",,1,,,,NONPARTISAN RACE,1.0,Austin American-Statesman,5469,,,,,,,,,,,,,,,,,,,
TX,Austin American-Statesman,144700,2012,SENATOR,,,TX,"SADLER, PAUL",Democrat,1,,,,,1.0,Austin American-Statesman,5469,S2TX00429,cand105121,-0.812,,,100,75,0.7,,,,,,,,,,,
TX,Austin American-Statesman,144700,2012,STATE BOARD OF ED,5,,TX,"BELL-METEREAU, REBECCA",Democrat,1,,,,,1.0,Austin American-Statesman,5469,TX139838,cand111258,-0.846,,,100,95,1,,,,,,,,,,,
TX,Austin American-Statesman,144700,2012,STATE BOARD OF ED,10,,TX,"MAYNARD, TOM",Republican,1,,,,,0.95,Austin American-Statesman,5469,TX413647,cand111649,1.118,,,200,100,1,,,,,,,,,,,
TX,Austin American-Statesman,144700,2012,STATE REP,48,,TX,"HOWARD, DONNA",Democrat,1,1,,,LISTED AS INCUMBENT,1.0,Austin American-Statesman,5469,TX116049,cand111773,-0.529,,,100,100,1,,,,280231,"howard, donna",46512.0,w,democrat,100,1,
TX,Austin American-Statesman,144700,2012,STATE REP,136,,TX,"STILLWELL, MATT",,1,,,,,0.9,Austin American-Statesman,5469,TX1411753,cand127609,-0.705,,,100,100,1,,,,319845,"stillwell, matt",24851.0,l,democrat,100,1,
TX,Austin American-Statesman,144700,2012,STATE REP,47,,TX,"WORKMAN, PAUL",Republican,1,,1,,LISTED AS INCUMBENT,1.0,Austin American-Statesman,5469,TX139889,cand111289,1.193,,,200,78,0.7,,,,305734,"workman, paul d.",49220.0,w,modernrepublican,89,1,
TX,Austin American-Statesman,144700,2012,STATE SENATOR,25,,TX,"COURAGE, JOHN",Democrat,1,,,,,0.95,Austin American-Statesman,5469,H2TX21052,cand45034,-1.012,,,100,100,1,,,,319604,"courage, john",121906.0,l,democrat,100,1,
TX,Austin American-Statesman,144700,2012,TX SUPREME COURT,,,TX,"PETTY, MICHELE",Democrat,1,,,,,0.95,Austin American-Statesman,5469,,,,,,,,,,,,,,,,,,,
TX,Austin American-Statesman,144700,2014,AGRICULTURE COMMISSIONER,,,TX,,,,,,,NO ENDORSEMENT,1.0,Austin American-Statesman,5469,,,,,,,,,,,,,,,,,,,
TX,Austin American-Statesman,144700,2014,ATTORNEY GENERAL,,,TX,"HOUSTON, SAM",Democrat,1,,,,,1.0,Austin American-Statesman,5469,TX116047,cand110575,-0.699,,,100,100,1,,,,,,,,,,,
TX,Austin American-Statesman,144700,2014,CITY COUNCIL,Austin 7,,TX,"BOYT, JEB",,1,,,,NONPARTISAN RACE,1.0,Austin American-Statesman,5469,,,,,,,,,,,,,,,,,,,
TX,Austin American-Statesman,144700,2014,CITY COUNCIL,Austin 10,,TX,"DEALEY, MANDY",,1,,,,NONPARTISAN RACE,1.0,Austin American-Statesman,5469,,,,,,,,,,,,,,,,,,,
TX,Austin American-Statesman,144700,2014,CITY COUNCIL,Austin 6,,TX,"FLANNIGAN, JIMMY",,1,,,,NONPARTISAN RACE,1.0,Austin American-Statesman,5469,,,,,,,,,,,,,,,,,,,
TX,Austin American-Statesman,144700,2014,CITY COUNCIL,Austin 2,,TX,"GARZA, DELIA",,1,,,,NONPARTISAN RACE,1.0,Austin American-Statesman,5469,,,,,,,,,,,,,,,,,,,
TX,Austin American-Statesman,144700,2014,CITY COUNCIL,Austin 1,,TX,"HOUSTON, ORA",,1,,,,NONPARTISAN RACE,1.0,Austin American-Statesman,5469,,,,,,,,,,,,,,,,,,,
TX,Austin American-Statesman,144700,2014,CITY COUNCIL,Austin 5,,TX,"KITCHEN, ANN",,1,,,,NONPARTISAN RACE,1.0,Austin American-Statesman,5469,,,,,,,,,,,,,,,,,,,
TX,Austin American-Statesman,144700,2014,CITY COUNCIL,Austin 8,,TX,"PIERCE, DARRELL",,1,,,,NONPARTISAN RACE,1.0,Austin American-Statesman,5469,,,,,,,,,,,,,,,,,,,
TX,Austin American-Statesman,144700,2014,CITY COUNCIL,Austin 3,,TX,"RANGEL, ERIC",,1,,,,NONPARTISAN RACE,1.0,Austin American-Statesman,5469,,,,,,,,,,,,,,,,,,,
TX,Austin American-Statesman,144700,2014,CITY COUNCIL,Austin 9,,TX,"TOVO, KATHIE",,1,,,,NONPARTISAN RACE,1.0,Austin American-Statesman,5469,,,,,,,,,,,,,,,,,,,
TX,Austin American-Statesman,144700,2014,CITY COUNCIL,Austin 4,,TX,,,,,,,NO ENDORSEMENT - VIEWPOINTS EDITOR TARA DOOLITTLE EXPLAINS,1.0,Austin American-Statesman,5469,,,,,,,,,,,,,,,,,,,
TX,Austin American-Statesman,144700,2014,CNTY COMM,Travis Pct 4,,TX,"GOMEZ, MARGARET",Democrat,1,,,,,1.0,Austin American-Statesman,5469,,,,,,,,,,,,,,,,,,,
TX,Austin American-Statesman,144700,2014,CNTY COMM,Williamson Pct 2,,TX,"LONG, CYNTHIA",Republican,1,,1,,,1.0,Austin American-Statesman,5469,,,,,,,,,,,,,,,,,,,
TX,Austin American-Statesman,144700,2014,CNTY COMM,Williamson Pct 4,,TX,"MORRISON, RON",Republican,1,,,,,1.0,Austin American-Statesman,5469,,,,,,,,,,,,,,,,,,,
TX,Austin American-Statesman,144700,2014,CNTY COMM,Travis Pct 2,,TX,"SHEA, BRIGID",Democrat,1,,,,,1.0,Austin American-Statesman,5469,,,,,,,,,,,,,,,,,,,
TX,Austin American-Statesman,144700,2014,CNTY JUDGE,Travis,,TX,"ECKHARDT, SARAH",Democrat,1,,,,,1.0,Austin American-Statesman,5469,,,,,,,,,,,,,,,,,,,
TX,Austin American-Statesman,144700,2014,CNTY JUDGE,Williamson,,TX,"GATTIS, DAN",Republican,1,,1,,,1.0,Austin American-Statesman,5469,,,,,,,,,,,,,,,,,,,
TX,Austin American-Statesman,144700,2014,COMMUNITY COLLEGE BOARD,ACC Place 3,,TX,"MCRAVEN, NAN",,1,,,,NONPARTISAN RACE,1.0,Austin American-Statesman,5469,,,,,,,,,,,,,,,,,,,
TX,Austin American-Statesman,144700,2014,COMMUNITY COLLEGE BOARD,ACC Place 2,,TX,"SHEPPARD, JADE CHANG",,1,,,,NONPARTISAN RACE,1.0,Austin American-Statesman,5469,,,,,,,,,,,,,,,,,,,
TX,Austin American-Statesman,144700,2014,COMMUNITY COLLEGE BOARD,ACC Place 1,,TX,"WILLIAMS, MARK",,1,,,,NONPARTISAN RACE,1.0,Austin American-Statesman,5469,,,,,,,,,,,,,,,,,,,
TX,Austin American-Statesman,144700,2014,COMPTROLLER,,,TX,"COLLIER, MIKE",Democrat,1,,,,,1.0,Austin American-Statesman,5469,,,,,,,,,,,,,,,,,,,
TX,Austin American-Statesman,144700,2014,COURT OF APPEALS,3rd Chief Justice,,TX,"ROSE, JEFF",Republican,1,,1,,,1.0,Austin American-Statesman,5469,TX352672,cand111582,1.192,,,200,100,1,,,,,,,,,,,
TX,Austin American-Statesman,144700,2014,COURT OF CRIMINAL APPEALS,Place 3,,TX,"RICHARDSON, BERT",Republican,1,,,,,1.0,Austin American-Statesman,5469,,,,,,,,,,,,,,,,,,,
TX,Austin American-Statesman,144700,2014,GOVERNOR,,,TX,"DAVIS, WENDY",Democrat,1,,,,,1.0,Austin American-Statesman,5469,TX9885,cand111802,-0.978,,,100,92,1,,,,,,,,,,,
TX,Austin American-Statesman,144700,2014,H,31,,TX,"CARTER, JOHN",Republican,1,,1,,,1.0,Austin American-Statesman,5469,20356,cand922,1.165,0.486,0.553,200,82,0.7,,,,,,,,,,,
TX,Austin American-Statesman,144700,2014,H,35,,TX,"DOGGETT, LLOYD",Democrat,1,1,,,,1.0,Austin American-Statesman,5469,29571,cand1408,-0.794,-0.402,-0.33,100,100,1,,,,,,,,,,,
TX,Austin American-Statesman,144700,2014,H,17,,TX,"FLORES, BILL",Republican,1,,1,,,1.0,Austin American-Statesman,5469,21182,cand1170,1.216,0.572,0.293,200,100,1,,,,,,,,,,,
TX,Austin American-Statesman,144700,2014,H,10,,TX,"MCCAUL, MICHAEL",Republican,1,,1,,,1.0,Austin American-Statesman,5469,20530,cand953,1.102,0.411,0.172,200,100,1,,,,,,,,,,,
TX,Austin American-Statesman,144700,2014,H,21,,TX,"SMITH, LAMAR",Republican,1,,1,,,1.0,Austin American-Statesman,5469,15445,cand757,1.222,0.425,0.061,200,92,1,,,,,,,,,,,
TX,Austin American-Statesman,144700,2014,H,25,,TX,"WILLIAMS, ROGER",Republican,1,,1,,,1.0,Austin American-Statesman,5469,21364,cand45174,1.214,0.595,0.054,200,100,1,,,,,,,,,,,
TX,Austin American-Statesman,144700,2014,LAND COMMISSIONER,,,TX,"BUSH, GEORGE P.",Republican,1,,,,,1.0,Austin American-Statesman,5469,,,,,,,,,,,,,,,,,,,
TX,Austin American-Statesman,144700,2014,LT GOVERNOR,,,TX,"VAN DE PUTTE, LETICIA",Democrat,1,,,,,1.0,Austin American-Statesman,5469,,,,,,,,,,,,,,,,,,,
TX,Austin American-Statesman,144700,2014,MAYOR,Austin,,TX,"ADLER, STEVE",,1,,,,NONPARTISAN RACE,1.0,Austin American-Statesman,5469,,,,,,,,,,,,,,,,,,,
TX,Austin American-Statesman,144700,2014,RAILROAD COMMISSION,,,TX,"SITTON, RYAN",Republican,1,,,,,1.0,Austin American-Statesman,5469,,,,,,,,,,,,,,,,,,,
TX,Austin American-Statesman,144700,2014,SCHOOL BOARD,AISD 4,,TX,"COWAN, JULIE",,1,,,,NONPARTISAN RACE,1.0,Austin American-Statesman,5469,,,,,,,,,,,,,,,,,,,
TX,Austin American-Statesman,144700,2014,SCHOOL BOARD,AISD 1,,TX,"GORDON, EDMUND",,1,,,,NONPARTISAN RACE,1.0,Austin American-Statesman,5469,,,,,,,,,,,,,,,,,,,
TX,Austin American-Statesman,144700,2014,SCHOOL BOARD,AISD 9,,TX,"PACE, KENDALL",,1,,,,NONPARTISAN RACE,1.0,Austin American-Statesman,5469,,,,,,,,,,,,,,,,,,,
TX,Austin American-Statesman,144700,2014,SCHOOL BOARD,AISD 6,,TX,"SALDANA, PAUL",,1,,,,NONPARTISAN RACE,1.0,Austin American-Statesman,5469,,,,,,,,,,,,,,,,,,,
TX,Austin American-Statesman,144700,2014,SCHOOL BOARD,AISD 7,,TX,"SCHNEIDER, ROBERT",,1,,,,NONPARTISAN RACE,1.0,Austin American-Statesman,5469,,,,,,,,,,,,,,,,,,,
TX,Austin American-Statesman,144700,2014,SENATOR,,,TX,"CORNYN, JOHN",Republican,1,,1,,,1.0,Austin American-Statesman,5469,40305,cand1578,1.264,0.47,-0.065,200,100,1,,,,,,,,,,,
TX,Austin American-Statesman,144700,2014,STATE REP,136,,TX,"BUCY, JOHN",Democrat,1,,,,,1.0,Austin American-Statesman,5469,TX_CP69589,cand180806,-1.031,,,328,100,1,,,,333811,"bucy, john h. iii.",15821.0,l,democrat,71,0.7,
TX,Austin American-Statesman,144700,2014,STATE REP,46,,TX,"DUKES, DAWNNA",Democrat,1,1,,,,1.0,Austin American-Statesman,5469,TX1142,cand110302,-0.129,,,100,100,1,,,,224595,"dukes, dawnna m.",23959.0,w,democrat,89,1,
TX,Austin American-Statesman,144700,2014,STATE REP,20,,TX,"FARNEY, MARSHA",Republican,1,,1,,,1.0,Austin American-Statesman,5469,TX139956,cand111346,1.127,,,200,100,1,,,,319646,"farney, marsha",3480.0,w,modernrepublican,100,1,
TX,Austin American-Statesman,144700,2014,STATE REP,48,,TX,"HOWARD, DONNA",Democrat,1,1,,,,1.0,Austin American-Statesman,5469,TX116049,cand111773,-0.529,,,100,100,1,,,,280231,"howard, donna",39668.0,w,democrat,100,1,
TX,Austin American-Statesman,144700,2014,STATE REP,50,,TX,"ISRAEL, CELIA",Democrat,1,,,,,1.0,Austin American-Statesman,5469,TX_CP50675,cand178020,-0.653,,,100,92,1,,,,333628,"israel, celia",22690.0,w,democrat,100,1,
TX,Austin American-Statesman,144700,2014,STATE REP,49,,TX,"NAISHTAT, ELLIOTT",Democrat,1,1,,,,1.0,Austin American-Statesman,5469,TX1194,cand111051,-0.466,,,100,100,1,,,,224776,"naishtat, elliott",38548.0,w,democrat,100,1,
TX,Austin American-Statesman,144700,2014,STATE REP,52,,TX,"OSBORN, CHRIS",Democrat,1,,,,,1.0,Austin American-Statesman,5469,TX_CP69753,cand180915,-1.25,,,100,100,1,,,,333631,"osborn, chris",12452.0,l,democrat,100,1,
TX,Austin American-Statesman,144700,2014,STATE REP,51,,TX,"RODRIGUEZ, EDDIE",Democrat,1,1,,,,1.0,Austin American-Statesman,5469,TX7045,cand111724,-0.501,,,100,82,0.7,,,,224958,"rodriguez, eddie",21467.0,w,democrat,100,1,
TX,Austin American-Statesman,144700,2014,STATE REP,47,,TX,"WORKMAN, PAUL",Republican,1,,1,,,1.0,Austin American-Statesman,5469,TX139889,cand111289,1.193,,,200,78,0.7,,,,305734,"workman, paul d.",37455.0,w,modernrepublican,89,1,
TX,Austin American-Statesman,144700,2014,STATE SENATOR,25,,TX,"CAMPBELL, DONNA",Republican,1,,1,,,1.0,Austin American-Statesman,5469,TX413722,cand111695,1.399,,,200,100,1,,,,319605,"campbell, donna",9614.0,w,modernrepublican,100,1,
TX,Austin American-Statesman,144700,2014,STATE SENATOR,5,,TX,"SCHWERTNER, CHARLES",Republican,1,,,,,1.0,Austin American-Statesman,5469,TX139878,cand111280,1.093,,,200,100,1,,,,305694,"schwertner, charles",1928.0,w,modernrepublican,100,1,
TX,Austin American-Statesman,144700,2014,STATE SENATOR,14,,TX,"WATSON, KIRK",Democrat,1,1,,,,1.0,Austin American-Statesman,5469,TX116674,cand111763,-0.056,,,100,92,1,,,,280124,"watson, kirk",9078.0,w,democrat,100,1,
TX,Austin American-Statesman,144700,2014,TX SUPREME COURT,Place 7,,TX,"BENAVIDES, GINA",Democrat,1,,,,,1.0,Austin American-Statesman,5469,,,,,,,,,,,,,,,,,,,
TX,Austin American-Statesman,144700,2014,TX SUPREME COURT,Place 6,,TX,"BROWN, JEFF",Republican,1,,,,,1.0,Austin American-Statesman,5469,,,,,,,,,,,,,,,,,,,
TX,Austin American-Statesman,144700,2014,TX SUPREME COURT,Chief Justice,,TX,"HECHT, NATHAN",Republican,1,,1,,,1.0,Austin American-Statesman,5469,,,,,,,,,,,,,,,,,,,
TX,Austin Chronicle,,2012,CNTY COMM,3,Travis County,TX,"HUBER, KAREN",Democrat,1,,,,COUNTY COMMISSIONER PRECINCT 3,1.0,Austin Chronicle,4384,,,,,,,,,,,,,,,,,,,
TX,Austin Chronicle,,2012,COURT OF CRIMINAL APPEALS,,,TX,"HAMPTON, KEITH",Democrat,1,,,,STRAIGHT TICKET ENDORSEMENT,1.0,Austin Chronicle,4384,,,,,,,,,,,,,,,,,,,
TX,Austin Chronicle,,2012,DIRECTOR,4,Barton Springs Edwards Aquifer Conservation District,TX,"GOODMAN, JACK",,1,,,,BARTON SPRINGS AQUIFER CONSERVATION BOARD VETERAN; NEWLY DRAWN BOUNDARIES FORCE TWO INCUMBENT DIRECTORS TO VIE FOR SAME SEAT,1.0,Austin Chronicle,4384,,,,,,,,,,,,,,,,,,,
TX,Austin Chronicle,,2012,H,10,,TX,"CADIEN, TAWANA",Democrat,1,,,,U.S. REPRESENTATIVE DISTRICT 10,1.0,Austin Chronicle,4384,H2TX10113,cand44932,-0.9,,,100,93,1,,,,,,,,,,,
TX,Austin Chronicle,,2012,H,35,,TX,"DOGGETT, LLOYD",Democrat,1,1,,,U.S. REPRESENTATIVE DISTRICT 35,1.0,Austin Chronicle,4384,29571,cand1408,-0.794,-0.402,-0.33,100,100,1,,,,,,,,,,,
TX,Austin Chronicle,,2012,H,21,,TX,"DUVAL, CANDACE",Democrat,1,,,,U.S. REPRESENTATIVE DISTRICT 21,1.0,Austin Chronicle,4384,H2TX21086,cand45037,-0.614,,,100,100,1,,,,,,,,,,,
TX,Austin Chronicle,,2012,H,17,,TX,"EASTON, BEN",Democrat,1,,,,ALTERNATIVE TO HARD-RIGHT INCUMBENT BEN FLORES,1.0,Austin Chronicle,4384,,,,,,,,,,,,,,,,,,,
TX,Austin Chronicle,,2012,H,25,,TX,"HENDERSON, ELAINE",Democrat,1,,,,U.S. REPRESENTATIVE DISTRICT 25,1.0,Austin Chronicle,4384,H2TX25269999,cand291610,-0.978,,,100,94,1,,,,,,,,,,,
TX,Austin Chronicle,,2012,PRESIDENT,,,TX,"OBAMA, BARACK",Democrat,1,1,,,ENDORSED FOR RE-ELECTION,1.0,Austin Chronicle,4384,99911,cand169967,-1.095,-0.358,-0.197,100,100,1,,,,,,,,,,,
TX,Austin Chronicle,,2012,RAILROAD COMMISSIONER,,,TX,"HENRY, DALE",Democrat,1,,,,STRAIGHT TICKET ENDORSEMENT,1.0,Austin Chronicle,4384,,,,,,,,,,,,,,,,,,,
TX,Austin Chronicle,,2012,RAILROAD COMMISSIONER,,,TX,"WENDEL, JOSH",Green,1,,,,NO DEMOCRAT FILED TO OPPOSE APPOINTED INCUMBENT BARRY SMITHERMAN,1.0,Austin Chronicle,4384,,,,,,,,,,,,,,,,,,,
TX,Austin Chronicle,,2012,SENATOR,,,TX,"SADLER, PAUL",Democrat,1,,,,U.S. SENATE CANDIDATE,1.0,Austin Chronicle,4384,S2TX00429,cand105121,-0.812,,,100,75,0.7,,,,,,,,,,,
TX,Austin Chronicle,,2012,SHERIFF,,Travis County,TX,"HAMILTON, GREG",Democrat,1,,,,TRAVIS COUNTY SHERIFF,1.0,Austin Chronicle,4384,,,,,,,,,,,,,,,,,,,
TX,Austin Chronicle,,2012,STATE BOARD OF EDUCATION,5,,TX,"BELL-METEREAU, REBECCA",Democrat,1,,,,STRAIGHT TICKET ENDORSEMENT,1.0,Austin Chronicle,4384,,,,,,,,,,,,,,,,,,,
TX,Austin Chronicle,,2012,STATE BOARD OF EDUCATION,10,,TX,"JENNINGS, JUDY",Democrat,1,,,,STRAIGHT TICKET ENDORSEMENT,1.0,Austin Chronicle,4384,,,,,,,,,,,,,,,,,,,
TX,Austin Chronicle,,2012,STATE REP,47,,TX,"FRANDSEN, CHRIS",Democrat,1,,,,STRAIGHT TICKET ENDORSEMENT,1.0,Austin Chronicle,4384,TX413618,cand111630,-0.708,,,100,100,1,,,,319692,"frandsen, chris",31294.0,l,democrat,100,1,
TX,Austin Chronicle,,2012,STATE REP,48,,TX,"HOWARD, DONNA",Democrat,1,1,,,STRAIGHT TICKET ENDORSEMENT,1.0,Austin Chronicle,4384,TX116049,cand111773,-0.529,,,100,100,1,,,,280231,"howard, donna",46512.0,w,democrat,100,1,
TX,Austin Chronicle,,2012,STATE REP,49,,TX,"NAISHTAT, ELLIOTT",Democrat,1,1,,,STRAIGHT TICKET ENDORSEMENT,1.0,Austin Chronicle,4384,TX1194,cand111051,-0.466,,,100,100,1,,,,224776,"naishtat, elliott",50973.0,w,democrat,100,1,
TX,Austin Chronicle,,2012,STATE REP,51,,TX,"RODRIGUEZ, EDDIE",Democrat,1,1,,,STRAIGHT TICKET ENDORSEMENT,1.0,Austin Chronicle,4384,TX7045,cand111724,-0.501,,,100,100,1,,,,224958,"rodriguez, eddie",32878.0,w,democrat,100,1,
TX,Austin Chronicle,,2012,STATE SENATOR,25,,TX,"COURAGE, JOHN",Democrat,1,,,,STRAIGHT TICKET ENDORSEMENT,1.0,Austin Chronicle,4384,H2TX21052,cand45034,-1.012,,,100,100,1,,,,319604,"courage, john",121906.0,l,democrat,100,1,
TX,Austin Chronicle,,2012,STATE SENATOR,14,,TX,"WATSON, KIRK",Democrat,1,1,,,STRAIGHT TICKET ENDORSEMENT,1.0,Austin Chronicle,4384,TX116674,cand111763,-0.056,,,100,92,1,,,,280124,"watson, kirk",212527.0,w,democrat,100,1,
TX,Austin Chronicle,,2012,STATE SENATOR,21,,TX,"ZAFFIRINI, JUDITH",Democrat,1,1,,,STRAIGHT TICKET ENDORSEMENT,1.0,Austin Chronicle,4384,TX1148,cand110307,0.297,,,100,100,1,,,,220307,"zaffirini, judith",129894.0,w,democrat,100,1,
TX,Austin Chronicle,,2012,TAX ASSESSOR,,Travis County,TX,"ELFANT, BRUCE",Democrat,1,,,,TRAVIS COUNTY TAX ASSESSOR,1.0,Austin Chronicle,4384,,,,,,,,,,,,,,,,,,,
TX,Austin Chronicle,,2012,TEXAS SUPREME COURT,2,,TX,"KOELSCH, ROBERTO",Democrat,1,,,,HONEST ALTERNATIVE TO HARD-RIGHT FAVORITE DON WILLET,1.0,Austin Chronicle,4384,,,,,,,,,,,,,,,,,,,
TX,Austin Chronicle,,2012,TEXAS SUPREME COURT,6,,TX,"PETTY, MICHELE",Democrat,1,,,,TEXAS SUPREME COURT PLACE 6,1.0,Austin Chronicle,4384,,,,,,,,,,,,,,,,,,,
TX,Austin Chronicle,,2012,TEXAS SUPREME COURT,4,,TX,"WATERBURY, CHARLES",Democrat,1,,,,POINTS TO STEPHEN BREYER AS JUDICIAL MODEL OVER GOP NOMINEE JOHN DEVINE,1.0,Austin Chronicle,4384,,,,,,,,,,,,,,,,,,,
TX,Austin Chronicle,,2012,THIRD COURT OF APPEALS,6,,TX,"CASE, BRYAN",Democrat,1,,,,THIRD COURT OF APPEALS PLACE 6,1.0,Austin Chronicle,4384,,,,,,,,,,,,,,,,,,,
TX,Austin Chronicle,,2012,THIRD COURT OF APPEALS,2,,TX,"HATHCOCK, J. ANDREW",Democrat,1,,,,THIRD COURT OF APPEALS PLACE 2,1.0,Austin Chronicle,4384,,,,,,,,,,,,,,,,,,,
TX,Austin Chronicle,,2012,THIRD COURT OF APPEALS,3,,TX,"HENSON, DIANE",Democrat,1,,,,THIRD COURT OF APPEALS PLACE 3,1.0,Austin Chronicle,4384,,,,,,,,,,,,,,,,,,,
TX,Austin Chronicle,,2012,THIRD COURT OF APPEALS,5,,TX,"WATKINS, KAREN",Democrat,1,,,,THIRD COURT OF APPEALS PLACE 5,1.0,Austin Chronicle,4384,,,,,,,,,,,,,,,,,,,
TX,Austin Chronicle,,2012,TRUSTEE,8,Austin Independent School District,TX,"HINOJOSA, GINA",,1,,,,FAR BETTER CANDIDATE TO REPLACE ANNETTE LOVOI; BOTTOM-UP APPROACH PRESENTS BETTER OPTIONS FOR DISTRICT'S FUTURE,1.0,Austin Chronicle,4384,,,,,,,,,,,,,,,,,,,
TX,Austin Chronicle,,2012,TRUSTEE,5,Austin Independent School District,TX,"JACKSON, CHARLIE",,1,,,,COMBINATION OF BUSINESS COMMUNITY EXPERIENCE AND PROGRESSIVE SOCIAL ACTIVISM; OPPORTUNITY FOR INCREASED ACCOUNTABILITY,1.0,Austin Chronicle,4384,,,,,,,,,,,,,,,,,,,
TX,Austin Chronicle,,2012,TRUSTEE,9,Austin Community College,TX,"KAPLAN, ALLEN",,1,1,,,THREE-TERM INCUMBENT WITH SUBSTANTIAL COLLEGE EXPERIENCE,1.0,Austin Chronicle,4384,,,,,,,,,,,,,,,,,,,
TX,Austin Chronicle,,2012,TRUSTEE,2,Austin Independent School District,TX,"MATHIAS, JAYME",,1,,,,POLITICALLY GREEN WITH ENERGY AND WILLINGNESS TO LISTEN; MAJOR BOARD ASSET FOR SOUTHEAST AUSTIN DISTRICT,1.0,Austin Chronicle,4384,,,,,,,,,,,,,,,,,,,
TX,Austin Chronicle,,2012,TRUSTEE,7,Austin Community College,TX,"MINK, BARBARA",,1,1,,,INCUMBENT AND CURRENT BOARD CHAIR; FULLY ENGAGED WITH ACC; PROFESSIONALLY AND ACADEMICALLY COMMITTED,1.0,Austin Chronicle,4384,,,,,,,,,,,,,,,,,,,
TX,Austin Chronicle,,2012,TRUSTEE,3,Austin Independent School District,TX,"TEICH, ANN",,1,,,,RETIRED AISD TEACHER; DEEP UNDERSTANDING OF COMPLEX ISSUES IN DIVERSE NORTH-CENTRAL DISTRICT,1.0,Austin Chronicle,4384,,,,,,,,,,,,,,,,,,,
TX,Austin Statesman,144702,1970,ATTORNEY GENERAL,,,TX,"MARTIN, CRAWFORD",Democrat,1,1,,,EDITORIAL TITLED 'FOR MARTIN'S RE-ELECTION'; SUPPORTS REELECTION FOR ATTORNEY GENERAL,0.9,Austin Statesman,5151,,,,,,,,,,,,,,,,,,,
TX,Austin Statesman,144702,1970,CNTY CLERK,,,TX,"SMITH, DAWN",Republican,1,,,,EDITORIAL TITLED 'FOR CLERK'; RECOMMENDS ELECTION AS TRAVIS COUNTY CLERK; REPUBLICAN NOMINEE,0.9,Austin Statesman,5151,,,,,,,,,,,,,,,,,,,
TX,Austin Statesman,144702,1970,GOVERNOR,,,TX,"BARNES, BEN",Democrat,1,1,,,EDITORIAL RECOMMENDS 'SMITH-BARNES TEAM'; BARNES FOR LIEUTENANT GOVERNOR,0.9,Austin Statesman,5151,,,,,,,,,,,,,,,,,,,
TX,Austin Statesman,144702,1970,GOVERNOR,,,TX,"SMITH, PRESTON",Democrat,1,1,,,EDITORIAL RECOMMENDS 'SMITH-BARNES TEAM'; SMITH FOR GOVERNOR,0.9,Austin Statesman,5151,,,,,,,,,,,,,,,,,,,
TX,Austin Statesman,144702,1970,SENATOR,,,TX,"BENTSEN, LLOYD",Democrat,1,,,,EDITORIAL TITLED 'BENTSEN BEST FOR SENATE'; DETAILED ENDORSEMENT FOR U.S. SENATE SEAT,0.9,Austin Statesman,5151,,,,,,,,,,,,,,,,,,,
TX,Austin Statesman,144702,1970,SPEAKER OF HOUSE,,,TX,"MUTSCHER, GUS",Democrat,1,1,,,EDITORIAL INCLUDES IN 'SMITH-BARNES TEAM' ENDORSEMENT; MUTSCHER FOR SPEAKER,0.85,Austin Statesman,5151,,,,,,,,,,,,,,,,,,,
TX,Austin Statesman,144702,1970,STATE REP,,,TX,"ANGRLY, MAURICE",Republican,1,,1,,EDITORIAL RECOMMENDS RE-ELECTION; INCUMBENT REPUBLICAN REPRESENTATIVE; CONSERVATIVE VOICE IN HOUSE,0.85,Austin Statesman,5151,,,,,,,,,,,,224206,"angly, maurice jr.",38128.0,w,modernrepublican,84,0.7,
TX,Austin Statesman,144702,1970,STATE REP,,,TX,"DAVIS, HAROLD",Democrat,1,1,,,,0.88,Austin Statesman,5151,,,,,,,,,,,,224056,"davis, harold",51722.0,w,democrat,100,1,
TX,Austin Statesman,144702,1970,STATE REP,,,TX,"FOREMAN, WILSON",Republican,1,,,,EDITORIAL SUPPORTS; FORMER BUSINESSMAN RUNNING FOR FIRST TIME IN PLACE FOUR; STRONG RECORD,0.8,Austin Statesman,5151,,,,,,,,,,,,219999,"foreman, wilson",44540.0,w,democrat,100,1,
TX,El Paso Herald Post,145301,1936,H,1,1,NM,"DEMPSEY, JOHN J.",Democrat,1,1,,,,0.85,El Paso Herald Post,6295,2490,,,-0.134,0.372,,,,"DEMPSEY, John Joseph",78,0.7,,,,,,,,
TX,El Paso Herald Post,145301,1936,PRESIDENT,,,TX,"LANDON, ALF M.",Republican,1,,,,PICTURE OF A PRESIDENT - SCRIPPS-HOWARD EDITORIAL ENDORSEMENT,0.75,El Paso Herald Post,6295,,,,,,,,,,,,,,,,,,,
TX,El Paso Herald Post,145301,1936,SENATOR,,,NM,"CHAVEZ, DENNIS",Democrat,1,1,,,,0.85,El Paso Herald Post,6295,1678,,,-0.206,0.391,,,,"CHAVEZ, Dennis",100,1,,,,,,,,
TX,El Paso Herald Post,145301,1936,SENATOR,,,NM,"HATCH, CARL",Democrat,1,1,,,,0.85,El Paso Herald Post,6295,4184,,,-0.241,0.285,,,,"HATCH, Carl Atwood",75,0.7,,,,,,,,
TX,El Paso Herald Post,145301,1952,PRESIDENT,,,TX,"EISENHOWER, DWIGHT D.",Republican,1,,,,,0.85,El Paso Herald Post,6295,,,,,,,,,,,,,,,,,,,
TX,El Paso Herald Post,145301,1952,STRAIGHT TICKET,,,TX,STRAIGHT TICKET,Democrat,1,,,,,0.85,El Paso Herald Post,6295,,,,,,,,,,,,,,,,,,,
TX,El Paso Herald Post,145301,1954,CNTY COMM,,,TX,"HEFFENGER, CHARLES P.",Republican,1,,,,,0.85,El Paso Herald Post,6295,,,,,,,,,,,,,,,,,,,
TX,El Paso Herald Post,145301,1954,CNTY COMM,,,TX,"MCCUNE, H.D.",Republican,1,,,,,0.85,El Paso Herald Post,6295,,,,,,,,,,,,,,,,,,,
TX,El Paso Herald Post,145301,1954,SENATOR,,,NM,"MECHEM, EDWIN L.",Republican,1,,,,,0.85,El Paso Herald Post,6295,,,,,,,,,,,,,,,,,,,
TX,El Paso Herald Post,145301,1954,STATE SENATOR,,,TX,"WEMPLE, FRED A.",,1,,,,CAN'T FIND PARTY ID,0.85,El Paso Herald Post,6295,,,,,,,,,,,,,,,,,,,
TX,El Paso Herald Post,145301,1956,PRESIDENT,,,TX,"EISENHOWER, DWIGHT D.",Republican,1,,1,,,0.85,El Paso Herald Post,6295,,,,,,,,,,,,,,,,,,,
TX,El Paso Herald Post,145301,1958,GOVERNOR,,,NM,"MECHEM, EDWIN L.",Republican,1,,1,,,0.85,El Paso Herald Post,6295,,,,,,,,,,,,,,,,,,,
TX,El Paso Herald Post,145301,1960,CNTY COMM,,,TX,"COFFIN, BILL",Republican,1,,,,,0.85,El Paso Herald Post,6295,,,,,,,,,,,,,,,,,,,
TX,El Paso Herald Post,145301,1960,DA/PROSECUTOR,,,TX,"HAMMOND, JAMES E.",Republican,1,,,,,0.85,El Paso Herald Post,6295,,,,,,,,,,,,,,,,,,,
TX,El Paso Herald Post,145301,1960,H,16,16,TX,"RUTHERFORD, J.T.",Democrat,1,1,,,,0.85,El Paso Herald Post,6295,8147,,,-0.152,0.932,,,,"RUTHERFORD, J. T.",84,0.7,,,,,,,,
TX,El Paso Herald Post,145301,1960,JUDGE,,,TX,"GARBERN, DAN",Republican,1,,,,,0.85,El Paso Herald Post,6295,,,,,,,,,,,,,,,,,,,
TX,El Paso Herald Post,145301,1960,LT GOVERNOR,,,TX,"HARRISON, GILBERT N.",Republican,1,,,,,0.85,El Paso Herald Post,6295,,,,,,,,,,,,,,,,,,,
TX,El Paso Herald Post,145301,1960,PRESIDENT,,,TX,"NIXON, RICHARD M.",Republican,1,,,,,0.85,El Paso Herald Post,6295,,,,,,,,,,,,,,,,,,,
TX,El Paso Herald Post,145301,1960,SENATOR,,,TX,"JOHNSON, LYNDON B.",Democrat,1,1,,,,0.85,El Paso Herald Post,6295,,,,,,,,,,,,,,,,,,,
TX,El Paso Herald Post,145301,1960,SENATOR,,,TX,"TOWER, JOHN G.",Republican,1,,,,,0.85,El Paso Herald Post,6295,10823,,,0.444,-0.07,,,,"TOWER, John Goodwin",78,0.7,,,,,,,,
TX,El Paso Herald Post,145301,1960,STATE REP,,,TX,"ISAACKS, MAUD",Democrat,1,1,,,,0.85,El Paso Herald Post,6295,,,,,,,,,,,,,,,,,,,
TX,El Paso Herald Post,145301,1960,STATE REP,,,TX,"MCGREGOR, MALCOLM",Democrat,1,1,,,,0.85,El Paso Herald Post,6295,,,,,,,,,,,,,,,,,,,
TX,El Paso Herald Post,145301,1960,STATE REP,105,105,TX,"ROSAS, MAURO",Democrat,1,1,,,,0.85,El Paso Herald Post,6295,,,,,,,,,,,,,,,,,,,
TX,El Paso Herald Post,145301,1960,STATE REP,,,TX,"SMITH, JUAN",,1,,,,,0.85,El Paso Herald Post,6295,,,,,,,,,,,,,,,,,,,
TX,El Paso Herald Post,145301,1960,STATE SENATOR,29,29,TX,"LEONARD, JAMES A. (JIM)",Republican,1,,,,,0.85,El Paso Herald Post,6295,,,,,,,,,,,,,,,,,,,
TX,El Paso Herald Post,145301,1960,TREASURER,,,TX,"ATWATER, PIERCE",Democrat,1,1,,,,0.85,El Paso Herald Post,6295,,,,,,,,,,,,,,,,,,,
TX,El Paso Herald Post,145301,1962,CNTY COMM,,,TX,"LOWENFIELD, WALLACE",Republican,1,,,,,0.85,El Paso Herald Post,6295,,,,,,,,,,,,,,,,,,,
TX,El Paso Herald Post,145301,1962,CNTY JUDGE,,,TX,"WOODARD, GLENN",Democrat,1,,,,WOODARD FOR COUNTY JUDGE - WILL MAKE EXCELLENT COUNTY JUDGE,0.80,El Paso Herald Post,6295,,,,,,,,,,,,,,,,,,,
TX,El Paso Herald Post,145301,1962,GOVERNOR,,,TX,"COX, JACK",Republican,1,,,,,0.85,El Paso Herald Post,6295,,,,,,,,,,,,,,,,,,,
TX,El Paso Herald Post,145301,1962,H,98,98,TX,"BARRY, DES",Republican,1,,,,,0.85,El Paso Herald Post,6295,,,,,,,,,,,,,,,,,,,
TX,El Paso Herald Post,145301,1962,H,16,16,TX,"RUTHERFORD, J.T.",Republican,1,,1,,INCUMBENT,0.85,El Paso Herald Post,6295,,,,,,,,,,,,,,,,,,,
TX,El Paso Herald Post,145301,1962,LT GOVERNOR,,,TX,"SMITH, PRESTON",Democrat,1,,,,,0.85,El Paso Herald Post,6295,,,,,,,,,,,,,,,,,,,
TX,El Paso Herald Post,145301,1962,RAILROAD COMMISSION,3,3,TX,"HANSON, BERNOLD M.",Republican,1,,,,,0.85,El Paso Herald Post,6295,,,,,,,,,,,,,,,,,,,
TX,El Paso Herald Post,145301,1962,STATE REP,,,TX,"MCGREGOR, MALCOLM",Democrat,1,1,,,,0.85,El Paso Herald Post,6295,,,,,,,,,,,,,,,,,,,
TX,El Paso Herald Post,145301,1962,STATE SENATOR,,,TX,"ABBOTT, S.L",Republican,1,,,,CHALLENGER,0.85,El Paso Herald Post,6295,,,,,,,,,,,,,,,,,,,
TX,El Paso Herald Post,145301,1964,AGRICULTURE COMMISSIONER,,,TX,"WHITE, JOHN C.",Democrat,1,1,,,,0.85,El Paso Herald Post,6295,,,,,,,,,,,,,,,,,,,
TX,El Paso Herald Post,145301,1964,ATTORNEY GENERAL,,,TX,"CARR, WAGGONER",Democrat,1,1,,,,0.85,El Paso Herald Post,6295,,,,,,,,,,,,,,,,,,,
TX,El Paso Herald Post,145301,1964,GOVERNOR,,,TX,"CONNALLY, JOHN B.",Democrat,1,1,,,,0.85,El Paso Herald Post,6295,,,,,,,,,,,,,,,,,,,
TX,El Paso Herald Post,145301,1964,H,98,98,TX,"HAYES, BILL",Republican,1,1,,,,0.85,El Paso Herald Post,6295,,,,,,,,,,,,,,,,,,,
TX,El Paso Herald Post,145301,1964,H,16,16,TX,"WHITE, RICHARD C.",Democrat,1,,1,,,0.85,El Paso Herald Post,6295,10783,,,-0.137,0.601,,,,"WHITE, Richard Crawford",80,0.7,,,,,,,,
TX,El Paso Herald Post,145301,1964,LAND COMMISSIONER,,,TX,"SADLER, G.A. (JERRY)",Democrat,1,1,,,,0.85,El Paso Herald Post,6295,,,,,,,,,,,,,,,,,,,
TX,El Paso Herald Post,145301,1964,LT GOVERNOR,,,TX,"SMITH, PRESTON",Democrat,1,1,,,,0.85,El Paso Herald Post,6295,,,,,,,,,,,,,,,,,,,
TX,El Paso Herald Post,145301,1964,PRESIDENT,,,TX,"JOHNSON, LYNDON B.",Democrat,1,1,,,,0.85,El Paso Herald Post,6295,,,,,,,,,,,,,,,,,,,
TX,El Paso Herald Post,145301,1964,RAILROAD COMMISSION,2,2,TX,"LANGDON, JIM C.",Democrat,1,,,,,0.85,El Paso Herald Post,6295,,,,,,,,,,,,,,,,,,,
TX,El Paso Herald Post,145301,1964,SENATOR,,,TX,"YARBOROUGH, RALPH",Democrat,1,1,,,,0.85,El Paso Herald Post,6295,10414,,,-0.416,0.51,,,,"YARBOROUGH, Ralph Webster",80,0.7,,,,,,,,
TX,El Paso Herald Post,145301,1964,STATE REP,74,74,TX,"MUNIZ, RAUL",Democrat,1,,,,,0.85,El Paso Herald Post,6295,,,,,,,,,,,,,,,,,,,
TX,El Paso Herald Post,145301,1964,STATE SENATOR,29,29,TX,"SNELSON, W.E. (PETE)",Democrat,1,,,,,0.85,El Paso Herald Post,6295,,,,,,,,,,,,,,,,,,,
TX,El Paso Herald Post,145301,1964,TX SUPREME COURT,1,1,TX,"POPE, JACK",Democrat,1,,,,,0.85,El Paso Herald Post,6295,,,,,,,,,,,,,,,,,,,
TX,El Paso Herald Post,145301,1966,ATTORNEY GENERAL,,,TX,"MARTIN, CRAWFORD",Democrat,1,,,,INCUMBENT,0.85,El Paso Herald Post,6295,,,,,,,,,,,,,,,,,,,
TX,El Paso Herald Post,145301,1966,GOVERNOR,,,TX,"CONNALLY, JOHN B.",Democrat,1,1,,,INCUMBENT,0.85,El Paso Herald Post,6295,,,,,,,,,,,,,,,,,,,
TX,El Paso Herald Post,145301,1966,LT GOVERNOR,,,TX,"SMITH, PRESTON",Democrat,1,1,,,INCUMBENT,0.85,El Paso Herald Post,6295,,,,,,,,,,,,,,,,,,,
TX,El Paso Herald Post,145301,1966,SENATOR,,,TX,"CARR, WAGGONER",Democrat,1,,1,,,0.85,El Paso Herald Post,6295,,,,,,,,,,,,,,,,,,,
TX,El Paso Herald Post,145301,1966,STATE SENATOR,29,29,TX,"CHRISTIE, JOE",Democrat,1,,,,,0.85,El Paso Herald Post,6295,,,,,,,,,,,,,,,,,,,
TX,El Paso Herald Post,145301,1968,ATTORNEY GENERAL,,,TX,"MARTIN, CRAWFORD",,1,1,,,INCUMBENT,0.85,El Paso Herald Post,6295,,,,,,,,,,,,,,,,,,,
TX,El Paso Herald Post,145301,1968,GOVERNOR,,,TX,"SMITH, PRESTON",Democrat,1,,,,INCUMBENT,0.85,El Paso Herald Post,6295,,,,,,,,,,,,,,,,,,,
TX,El Paso Herald Post,145301,1968,LT GOVERNOR,,,TX,"BARNES, BEN",Democrat,1,,,,,0.85,El Paso Herald Post,6295,,,,,,,,,,,,,,,,,,,
TX,El Paso Herald Post,145301,1968,PRESIDENT,,,TX,"NIXON, RICHARD M.",Republican,1,,,,SCRIPPS HOWARD NEWSPAPERS ENDORSED NIXON,0.90,El Paso Herald Post,6295,,,,,,,,,,,,,,,,,,,
TX,El Paso Herald Post,145301,1968,STATE REP,2,2,TX,"BLAINE, JOHN E. (NED)",Democrat,1,1,,,,0.85,El Paso Herald Post,6295,,,,,,,,,,,,,,,,,,,
TX,El Paso Herald Post,145301,1968,STATE REP,4,4,TX,"MUNIZ, RAUL",,1,1,,,,0.85,El Paso Herald Post,6295,,,,,,,,,,,,,,,,,,,
TX,El Paso Herald Post,145301,1968,STATE REP,5,5,TX,"NILAND, TOM",,1,1,,,,0.85,El Paso Herald Post,6295,,,,,,,,,,,,,,,,,,,
TX,El Paso Herald Post,145301,1970,AGRICULTURE COMMISSIONER,,,TX,"WHITE, JOHN C.",Democrat,1,1,,,,0.85,El Paso Herald Post,6295,,,,,,,,,,,,,,,,,,,
TX,El Paso Herald Post,145301,1970,ATTORNEY GENERAL,,,TX,"MARTIN, CRAWFORD C.",Democrat,1,1,,,,0.85,El Paso Herald Post,6295,,,,,,,,,,,,,,,,,,,
TX,El Paso Herald Post,145301,1970,CNTY COMM,4,4,TX,"KEMENDO, VINCENT",,1,,,,,0.85,El Paso Herald Post,6295,,,,,,,,,,,,,,,,,,,
TX,El Paso Herald Post,145301,1970,CNTY COMM,2,2,TX,"TELLES, RICHARD",Democrat,1,,,,,0.85,El Paso Herald Post,6295,,,,,,,,,,,,,,,,,,,
TX,El Paso Herald Post,145301,1970,CNTY JUDGE,,,TX,"MOORE, T. UDELL",,1,,,,,0.85,El Paso Herald Post,6295,,,,,,,,,,,,,,,,,,,
TX,El Paso Herald Post,145301,1970,COMPTROLLER,,,TX,"ABBOTT, SHIRLEY L.",,1,1,,,,0.85,El Paso Herald Post,6295,,,,,,,,,,,,,,,,,,,
TX,El Paso Herald Post,145301,1970,GOVERNOR,,,TX,"SMITH, PRESTON",Democrat,1,1,,,INCUMBENT,0.85,El Paso Herald Post,6295,,,,,,,,,,,,,,,,,,,
TX,El Paso Herald Post,145301,1970,LAND COMMISSIONER,,,TX,"ARMSTRONG, BOB",Democrat,1,,,,,0.85,El Paso Herald Post,6295,,,,,,,,,,,,,,,,,,,
TX,El Paso Herald Post,145301,1970,LT GOVERNOR,,,TX,"BARNES, BEN",Democrat,1,1,,,,0.85,El Paso Herald Post,6295,,,,,,,,,,,,,,,,,,,
TX,El Paso Herald Post,145301,1970,SENATOR,,,TX,"BENTSEN, LLOYD MILLARD, JR.",Democrat,1,,,,,0.85,El Paso Herald Post,6295,660,,,-0.163,0.458,,,,"BENTSEN, Lloyd Millard, Jr.",100,1,,,,,,,,
TX,El Paso Herald Post,145301,1970,STATE REP,4,4,TX,"KASTER, JIM, JR.",,1,1,,,,0.85,El Paso Herald Post,6295,,,,,,,,,,,,,,,,,,,
TX,El Paso Herald Post,145301,1970,TREASURER,,,TX,"JAMES, JESSE",Democrat,1,1,,,,0.85,El Paso Herald Post,6295,,,,,,,,,,,,,,,,,,,
TX,El Paso Herald Post,145301,1972,ATTORNEY GENERAL,,,TX,"HILL, JOHN",Democrat,1,,,,,0.85,El Paso Herald Post,6295,,,,,,,,,,,,,,,,,,,
TX,El Paso Herald Post,145301,1972,CNTY COMM,3,3,TX,"MOTTET, JOHN O.",Republican,1,,,,,0.85,El Paso Herald Post,6295,,,,,,,,,,,,,,,,,,,
TX,El Paso Herald Post,145301,1972,GOVERNOR,,,TX,"BRISCOE, DOLPH",Democrat,1,,,,,0.85,El Paso Herald Post,6295,,,,,,,,,,,,,,,,,,,
TX,El Paso Herald Post,145301,1972,LAND COMMISSIONER,,,TX,"ARMSTRONG, BOB",Democrat,1,1,,,,0.85,El Paso Herald Post,6295,,,,,,,,,,,,,,,,,,,
TX,El Paso Herald Post,145301,1972,LT GOVERNOR,,,TX,"HOBBY, WILLIAM P. (BILL)",Democrat,1,,,,,0.85,El Paso Herald Post,6295,,,,,,,,,,,,,,,,,,,
TX,El Paso Herald Post,145301,1972,PRESIDENT,,,TX,"NIXON, RICHARD M.",Republican,1,,1,,,0.85,El Paso Herald Post,6295,,,,,,,,,,,,,,,,,,,
TX,El Paso Herald Post,145301,1972,RAILROAD COMMISSION,1,1,TX,"TUNNELL, BYRON",Democrat,1,1,,,,0.85,El Paso Herald Post,6295,,,,,,,,,,,,,,,,,,,
TX,El Paso Herald Post,145301,1972,SENATOR,,,TX,"TOWER, JOHN G.",Republican,1,,1,,,0.85,El Paso Herald Post,6295,10823,,,0.444,-0.07,,,,"TOWER, John Goodwin",78,0.7,,,,,,,,
TX,El Paso Herald Post,145301,1972,SHERIFF,,,TX,"SULLIVAN, MIKE, JR.",Democrat,1,,,,,0.85,El Paso Herald Post,6295,,,,,,,,,,,,,,,,,,,
TX,El Paso Herald Post,145301,1972,STATE BOARD OF ED,,,TX,"HOWELL, BEN",Democrat,1,,,,,0.85,El Paso Herald Post,6295,,,,,,,,,,,,,,,,,,,
TX,El Paso Herald Post,145301,1972,STATE REP,3,3,TX,"COLEMAN, RONALD",Democrat,1,1,,,,0.85,El Paso Herald Post,6295,,,,,,,,,,,,,,,,,,,
TX,El Paso Herald Post,145301,1972,STATE REP,71,71,TX,"KASTER, JAMES J., JR.",Democrat,1,1,,,,0.85,El Paso Herald Post,6295,,,,,,,,,,,,226019,"kaster, james (jim)",13947.0,w,democrat,81,0.7,
TX,El Paso Herald Post,145301,1972,STATE SENATOR,29,29,TX,"SANTIESTABAN, TATI",Democrat,1,,,,,0.85,El Paso Herald Post,6295,,,,,,,,,,,,220591,"santiesteban, tati",53984.0,w,democrat,94,1,
TX,El Paso Herald Post,145301,1972,TREASURER,,,TX,"ANGLY, MAURICE, JR.",Republican,1,1,,,,0.85,El Paso Herald Post,6295,,,,,,,,,,,,,,,,,,,
TX,El Paso Herald Post,145301,1974,AGRICULTURE COMMISSIONER,,,TX,"WHITE, JOHN C.",Democrat,1,1,,,INCUMBENT,0.85,El Paso Herald Post,6295,,,,,,,,,,,,,,,,,,,
TX,El Paso Herald Post,145301,1974,ATTORNEY GENERAL,,,TX,"HILL, JOHN",Democrat,1,1,,,INCUMBENT,0.85,El Paso Herald Post,6295,,,,,,,,,,,,,,,,,,,
TX,El Paso Herald Post,145301,1974,CNTY COMM,2,2,TX,"TELLES, RICHARD",Democrat,1,1,,,INCUMBENT,0.85,El Paso Herald Post,6295,,,,,,,,,,,,,,,,,,,
TX,El Paso Herald Post,145301,1974,COMPTROLLER,,,TX,"BULLOCK, ROBERT DOUGLAS (BOB)",Democrat,1,,,,,0.85,El Paso Herald Post,6295,,,,,,,,,,,,,,,,,,,
TX,El Paso Herald Post,145301,1974,GOVERNOR,,,TX,"BRISCOE, DOLPH",Democrat,1,1,,,INCUMBENT,0.85,El Paso Herald Post,6295,,,,,,,,,,,,,,,,,,,
TX,El Paso Herald Post,145301,1974,JUDGE,,,TX,"PENA, HENRY",Democrat,1,1,,,INCUMBENT,0.85,El Paso Herald Post,6295,,,,,,,,,,,,,,,,,,,
TX,El Paso Herald Post,145301,1974,LAND COMMISSIONER,,,TX,"ARMSTRONG, BOB",Democrat,1,1,,,INCUMBENT,0.85,El Paso Herald Post,6295,,,,,,,,,,,,,,,,,,,
TX,El Paso Herald Post,145301,1974,LT GOVERNOR,,,TX,"HOBBY, WILLIAM P. (BILL)",Democrat,1,1,,,INCUMBENT,0.85,El Paso Herald Post,6295,,,,,,,,,,,,,,,,,,,
TX,El Paso Herald Post,145301,1974,RAILROAD COMMISSION,2,2,TX,"LANGDON, JIM C.",Democrat,1,1,,,INCUMBENT,0.85,El Paso Herald Post,6295,,,,,,,,,,,,,,,,,,,
TX,El Paso Herald Post,145301,1974,RAILROAD COMMISSION,1,1,TX,"WALLACE, MACK",Democrat,1,,,,INCUMBENT,0.85,El Paso Herald Post,6295,,,,,,,,,,,,,,,,,,,
TX,El Paso Herald Post,145301,1974,STATE BOARD OF ED,16,16,TX,"VOWELL, JACK C.",Republican,1,,,,,0.85,El Paso Herald Post,6295,,,,,,,,,,,,,,,,,,,
TX,El Paso Herald Post,145301,1974,STATE REP,71,71,TX,"KASTER, JAMES J., JR.",Democrat,1,1,,,INCUMBENT,0.85,El Paso Herald Post,6295,,,,,,,,,,,,226019,"kaster, james (jim)",9292.0,w,democrat,81,0.7,
TX,El Paso Herald Post,145301,1974,STATE REP,,,TX,"SCOGGINS, RALPH (SKIP)",Republican,1,,1,,INCUMBENT,0.85,El Paso Herald Post,6295,,,,,,,,,,,,,,,,,,,
TX,El Paso Herald Post,145301,1974,TREASURER,,,TX,"HOLT, ROBERT G.",Republican,1,1,,,,0.85,El Paso Herald Post,6295,,,,,,,,,,,,,,,,,,,
TX,El Paso Herald Post,145301,1976,H,16,16,TX,"WHITE, RICHARD C.",Democrat,1,1,,,INCUMBENT,0.85,El Paso Herald Post,6295,10783,,,-0.137,0.601,,,,"WHITE, Richard Crawford",80,0.7,,,,,,,,
TX,El Paso Herald Post,145301,1976,PRESIDENT,,,TX,"FORD, GERALD R.",Republican,1,,1,,,0.85,El Paso Herald Post,6295,,,,,,,,,,,,,,,,,,,
TX,El Paso Herald Post,145301,1976,RAILROAD COMMISSION,3,3,TX,"NEWTON, JON",Democrat,1,,,,,0.85,El Paso Herald Post,6295,,,,,,,,,,,,,,,,,,,
TX,El Paso Herald Post,145301,1976,SENATOR,,,TX,"BENTSEN, LLOYD MILLARD, JR.",Democrat,1,1,,,INCUMBENT,0.85,El Paso Herald Post,6295,660,,,-0.163,0.458,,,,"BENTSEN, Lloyd Millard, Jr.",100,1,,,,,,,,
TX,El Paso Herald Post,145301,1976,SHERIFF,,,TX,"SULLIVAN, MIKE, JR.",Democrat,1,1,,,INCUMBENT,0.85,El Paso Herald Post,6295,,,,,,,,,,,,,,,,,,,
TX,El Paso Herald Post,145301,1976,STATE REP,,,TX,"JONES, LUTHER",Democrat,1,1,,,INCUMBENT,0.85,El Paso Herald Post,6295,,,,,,,,,,,,,,,,,,,
TX,El Paso Herald Post,145301,1976,STATE REP,,,TX,"VALLES, ROBERT",Democrat,1,,,,,0.85,El Paso Herald Post,6295,,,,,,,,,,,,,,,,,,,
TX,El Paso Herald Post,145301,1976,TX SUPREME COURT,1,1,TX,"HOUSTON, SAM",Democrat,1,1,,,,0.85,El Paso Herald Post,6295,,,,,,,,,,,,,,,,,,,
TX,El Paso Herald Post,145301,1980,PRESIDENT,,,TX,"REAGAN, RONALD",Republican,1,1,,,,0.85,El Paso Herald Post,6295,99907,cand3331,1.044,0.692,-0.713,200,100,1,,,,,,,,,,,
TX,El Paso Herald Post,145301,1990,AGRICULTURE COMMISSIONER,,,TX,"PERRY, RICK",Republican,1,,,,,0.85,El Paso Herald Post,6295,,,,,,,,,,,,,,,,,,,
TX,El Paso Herald Post,145301,1990,ATTORNEY GENERAL,,,TX,"MORALES, DANIEL C.",Democrat,1,,,,,0.85,El Paso Herald Post,6295,,,,,,,,,,,,,,,,,,,
TX,El Paso Herald Post,145301,1990,CNTY COMM,,,TX,"GOLDMAN, JIM",,1,,,,CAN'T FIND PARTY ID,0.85,El Paso Herald Post,6295,,,,,,,,,,,,,,,,,,,
TX,El Paso Herald Post,145301,1990,COMPTROLLER,,,TX,"SHARP, JOHN",Democrat,1,,,,,0.85,El Paso Herald Post,6295,,,,,,,,,,,,,,,,,,,
TX,El Paso Herald Post,145301,1990,GOVERNOR,,,TX,"RICHARDS, DOROTHY ANN",Democrat,1,,,,,0.85,El Paso Herald Post,6295,,,,,,,,,,,,,,,,,,,
TX,El Paso Herald Post,145301,1990,JUDGE,,,TX,"CHACON, ALICIA R.",Democrat,1,,,,,0.85,El Paso Herald Post,6295,,,,,,,,,,,,,,,,,,,
TX,El Paso Herald Post,145301,1990,JUDGE,,,TX,"SCHILD, KITTY",,1,,,,CAN'T FIND PARTY ID,0.85,El Paso Herald Post,6295,,,,,,,,,,,,,,,,,,,
TX,El Paso Herald Post,145301,1990,JUDGE,,,TX,"TROCHE, JOSE",,1,,,1,"INCUMENT, BUT I CAN'T FIND PARTY ID",0.85,El Paso Herald Post,6295,,,,,,,,,,,,,,,,,,,
TX,El Paso Herald Post,145301,1990,LAND COMMISSIONER,,,TX,"MAURO, GARRY",Democrat,1,1,,,,0.85,El Paso Herald Post,6295,,,,,,,,,,,,,,,,,,,
TX,El Paso Herald Post,145301,1990,LT GOVERNOR,,,TX,"BULLOCK, ROBERT D., SR.",Democrat,1,,,,,0.85,El Paso Herald Post,6295,,,,,,,,,,,,,,,,,,,
TX,El Paso Herald Post,145301,1990,RAILROAD COMMISSION,,,TX,"KRUEGER, ROBERT C.",Democrat,1,,,,,0.85,El Paso Herald Post,6295,,,,,,,,,,,,,,,,,,,
TX,El Paso Herald Post,145301,1990,SENATOR,,,TX,"GRAMM, PHIL",Republican,1,,1,,,0.85,El Paso Herald Post,6295,,,,,,,,,,,,,,,,,,,
TX,El Paso Herald Post,145301,1990,STATE REP,71,71,TX,"HAGGERTY, PAT",Republican,1,,1,,,0.85,El Paso Herald Post,6295,,,,,,,,,,,,226227,"haggerty, pat",12585.0,w,modernrepublican,100,1,
TX,El Paso Herald Post,145301,1990,STATE REP,70,70,TX,"VOWELL, JACK",Republican,1,,1,,,0.85,El Paso Herald Post,6295,,,,,,,,,,,,226156,"vowell, jack",15086.0,w,modernrepublican,100,1,
TX,El Paso Herald Post,145301,1990,STATE SENATOR,29,29,TX,"ROSSON, PEGGY",Democrat,1,,,,,0.85,El Paso Herald Post,6295,,,,,,,,,,,,220581,"rosson, peggy",51487.0,w,democrat,100,1,
TX,El Paso Herald Post,145301,1990,TREASURER,,,TX,"HUTCHISON, KAY BAILEY",Republican,1,,,,,0.85,El Paso Herald Post,6295,,,,,,,,,,,,,,,,,,,
TX,El Paso Herald Post,145301,1990,TX SUPREME COURT,,,TX,"PHILLIPS, THOMAS R.",Republican,1,,1,,,0.85,El Paso Herald Post,6295,,,,,,,,,,,,,,,,,,,
TX,El Paso Herald Post,145301,1992,PRESIDENT,,,TX,"BUSH, GEORGE H. W.",Republican,1,,1,,,0.85,El Paso Herald Post,6295,99908,cand3332nominee,0.98,0.557,-0.547,200,100,1,,,,,,,,,,,
TX,El Paso Herald Post,145301,1994,AGRICULTURE COMMISSIONER,,,TX,"PERRY, RICK",Republican,1,,1,,,0.85,El Paso Herald Post,6295,,,,,,,,,,,,,,,,,,,
TX,El Paso Herald Post,145301,1994,ATTORNEY GENERAL,,,TX,"MORALES, DANIEL C.",Democrat,1,1,,,,0.85,El Paso Herald Post,6295,,,,,,,,,,,,,,,,,,,
TX,El Paso Herald Post,145301,1994,CNTY COMM,,,TX,"AGUILAR, CARLOS",Democrat,1,,,,,0.85,El Paso Herald Post,6295,,,,,,,,,,,,,,,,,,,
TX,El Paso Herald Post,145301,1994,CNTY COMM,,,TX,"HAGGERTY, DANIEL R.",Republican,1,,,,,0.85,El Paso Herald Post,6295,,,,,,,,,,,,,,,,,,,
TX,El Paso Herald Post,145301,1994,COMPTROLLER,,,TX,"SHARP, JOHN",Democrat,1,1,,,,0.85,El Paso Herald Post,6295,,,,,,,,,,,,,,,,,,,
TX,El Paso Herald Post,145301,1994,COURT OF APPEALS,8,,TX,"CHEW, DAVID WELLINGTON",Democrat,1,,,,,0.85,El Paso Herald Post,6295,,,,,,,,,,,,,,,,,,,
TX,El Paso Herald Post,145301,1994,DISTRICT COURT JUDGE,243,,TX,"GUADERRAMA, DAVID C.",Democrat,1,,,,,0.85,El Paso Herald Post,6295,,,,,,,,,,,,,,,,,,,
TX,El Paso Herald Post,145301,1994,GOVERNOR,,,TX,"RICHARDS, DOROTHY ANN",Democrat,1,1,,,,0.85,El Paso Herald Post,6295,,,,,,,,,,,,,,,,,,,
TX,El Paso Herald Post,145301,1994,H,16,16,TX,"COLEMAN, RONALD D.",Democrat,1,1,,,,0.85,El Paso Herald Post,6295,15018,cand604,-0.308,-0.402,0.548,100,100,1,,,,,,,,,,,
TX,El Paso Herald Post,145301,1994,H,23,23,TX,"RIOS, ROLANDO L.",Democrat,1,,,,,0.85,El Paso Herald Post,6295,H4TX23054,cand48802,-0.652,,,100,90,1,,,,,,,,,,,
TX,El Paso Herald Post,145301,1994,JUDGE,,,TX,"BRIONES, DAVID",Democrat,1,1,,,,0.85,El Paso Herald Post,6295,,,,,,,,,,,,,,,,,,,
TX,El Paso Herald Post,145301,1994,JUDGE,,,TX,"MATTOX, CHARLES W.",Democrat,1,,,,,0.85,El Paso Herald Post,6295,,,,,,,,,,,,,,,,,,,
TX,El Paso Herald Post,145301,1994,LAND COMMISSIONER,,,TX,"MAURO, GARRY",Democrat,1,1,,,,0.85,El Paso Herald Post,6295,,,,,,,,,,,,,,,,,,,
TX,El Paso Herald Post,145301,1994,LT GOVERNOR,,,TX,"BULLOCK, ROBERT D., SR.",Democrat,1,1,,,,0.85,El Paso Herald Post,6295,,,,,,,,,,,,,,,,,,,
TX,El Paso Herald Post,145301,1994,RAILROAD COMMISSION,,,TX,"MATTHEWS, CHARLES R.",Republican,1,,,,,0.85,El Paso Herald Post,6295,,,,,,,,,,,,,,,,,,,
TX,El Paso Herald Post,145301,1994,RAILROAD COMMISSION,,,TX,"NABERS, MARY SCOTT",Democrat,1,1,,,,0.85,El Paso Herald Post,6295,,,,,,,,,,,,,,,,,,,
TX,El Paso Herald Post,145301,1994,SENATOR,,,TX,"HUTCHISON, KAY BAILEY",Republican,1,,1,,,0.85,El Paso Herald Post,6295,49306,cand1622,1.079,0.356,0.012,200,100,1,,,,,,,,,,,
TX,El Paso Herald Post,145301,1994,STATE BOARD OF ED,,,TX,"NUNEZ, RENE",Democrat,1,1,,,,0.85,El Paso Herald Post,6295,,,,,,,,,,,,,,,,,,,
TX,El Paso Herald Post,145301,1994,STATE REP,78,78,TX,"HAGGERTY, PAT",Republican,1,,1,,,0.85,El Paso Herald Post,6295,,,,,,,,,,,,226227,"haggerty, pat",18110.0,w,modernrepublican,100,1,
TX,El Paso Herald Post,145301,1994,STATE SENATOR,28,28,TX,"MONTFORD, JOHN T.",Democrat,1,1,,,,0.85,El Paso Herald Post,6295,,,,,,,,,,,,220561,"montford, john",78676.0,w,democrat,100,1,
TX,El Paso Herald Post,145301,1994,TREASURER,,,TX,"WHITEHEAD, MARTHA",Democrat,1,1,,,,0.85,El Paso Herald Post,6295,,,,,,,,,,,,,,,,,,,
TX,El Paso Herald Post,145301,1994,TX SUPREME COURT,,,TX,"GONZALEZ, RAUL A.",Democrat,1,1,,,,0.85,El Paso Herald Post,6295,,,,,,,,,,,,,,,,,,,
TX,El Paso Herald Post,145301,1994,TX SUPREME COURT,,,TX,"HECHT, NATHAN L.",Republican,1,,1,,,0.85,El Paso Herald Post,6295,,,,,,,,,,,,,,,,,,,
TX,El Paso Herald Post,145301,1996,CNTY COMM,,,TX,"SPARKS, H. WILLIAM",Democrat,1,,,,,0.85,El Paso Herald Post,6295,,,,,,,,,,,,,,,,,,,
TX,El Paso Herald Post,145301,1996,CONSTABLE,,,TX,"SOLIS, JOSEPH",,1,,,,CAN'T FIND PARTY ID,0.85,El Paso Herald Post,6295,,,,,,,,,,,,,,,,,,,
TX,El Paso Herald Post,145301,1996,COURT OF CRIMINAL APPEALS,,,TX,"MALONEY, FRANK",Democrat,1,1,,,,0.85,El Paso Herald Post,6295,,,,,,,,,,,,,,,,,,,
TX,El Paso Herald Post,145301,1996,COURT OF CRIMINAL APPEALS,,,TX,"PERKINS, BOB",Democrat,1,,,,,0.85,El Paso Herald Post,6295,,,,,,,,,,,,,,,,,,,
TX,El Paso Herald Post,145301,1996,DISTRICT COURT JUDGE,383,,TX,"CARDONE, KATHLEEN",Republican,1,,1,,,0.85,El Paso Herald Post,6295,,,,,,,,,,,,,,,,,,,
TX,El Paso Herald Post,145301,1996,DISTRICT COURT JUDGE,384,,TX,"DAROSS, JAMES",Republican,1,,1,,,0.85,El Paso Herald Post,6295,,,,,,,,,,,,,,,,,,,
TX,El Paso Herald Post,145301,1996,H,23,23,TX,"JONES, CHARLES P.",Democrat,1,,,,,0.85,El Paso Herald Post,6295,H6TX23083,cand52896,-0.74,,,100,96,1,,,,,,,,,,,
TX,El Paso Herald Post,145301,1996,H,16,16,TX,"REYES, SILVESTRE",Democrat,1,,,,,0.85,El Paso Herald Post,6295,29764,cand1489,0.047,-0.321,0.304,100,100,1,,,,,,,,,,,
TX,El Paso Herald Post,145301,1996,PRESIDENT,,,TX,"DOLE, BOB",Republican,1,,,,,0.85,El Paso Herald Post,6295,,,,,,,,,,,,,,,,,,,
TX,El Paso Herald Post,145301,1996,RAILROAD COMMISSION,,,TX,"RYLANDER, CAROLE KEETON",Republican,1,,1,,,0.85,El Paso Herald Post,6295,,,,,,,,,,,,,,,,,,,
TX,El Paso Herald Post,145301,1996,SENATOR,,,TX,"MORALES, VICTOR M.",Democrat,1,,,,,0.85,El Paso Herald Post,6295,S6TX00149,cand106628,-0.563,,,100,85,1,,,,,,,,,,,
TX,El Paso Herald Post,145301,1996,STATE REP,75,75,TX,"BARNETT, JAMES",Republican,1,,,,,0.85,El Paso Herald Post,6295,,,,,,,,,,,,226515,"barnett, james",7409.0,l,modernrepublican,100,1,
TX,El Paso Herald Post,145301,1996,STATE SENATOR,28,28,TX,"LANGSTON, DAVID",Democrat,1,,,,,0.85,El Paso Herald Post,6295,,,,,,,,,,,,,,,,,,,
TX,El Paso Herald Post,145301,1996,STATE SENATOR,29,29,TX,"SHAPLEIGH, ELIOT",Democrat,1,,,,,0.85,El Paso Herald Post,6295,,,,,,,,,,,,220582,"shapleigh, eliot",89868.0,w,democrat,100,1,
TX,El Paso Herald Post,145301,1996,TAX ASSESSOR,,,TX,"O'ROURKE, PAT",Republican,1,,,,,0.85,El Paso Herald Post,6295,,,,,,,,,,,,,,,,,,,
TX,El Paso Herald Post,145301,1996,TX SUPREME COURT,,,TX,"BAKER, JAMES A.",Republican,1,,1,,,0.85,El Paso Herald Post,6295,,,,,,,,,,,,,,,,,,,
TX,El Paso Herald Post,145301,1996,TX SUPREME COURT,,,TX,"BARRON, PATRICE",Democrat,1,,,,,0.85,El Paso Herald Post,6295,,,,,,,,,,,,,,,,,,,
TX,El Paso Herald Post,145301,1996,TX SUPREME COURT,,,TX,"PHILLIPS, THOMAS R.",Republican,1,,1,,,0.85,El Paso Herald Post,6295,,,,,,,,,,,,,,,,,,,
TX,El Paso Times,145300,1920,PRESIDENT,,,TX,"COX, JAMES M.",Democrat,1,,,,,0.85,El Paso Times,1808,,,,,,,,,,,,,,,,,,,
TX,El Paso Times,145300,1922,SENATOR,,,NM,"JONES, ANDREUS A.",Democrat,1,1,,,,0.80,El Paso Times,1808,5023,,,-0.222,-0.092,,,,"JONES, Andrieus Aristieus",71,0.7,,,,,,,,
TX,El Paso Times,145300,1924,PRESIDENT,,,TX,"DAVIS, JOHN W.",Democrat,1,,,,,0.85,El Paso Times,1808,,,,,,,,,,,,,,,,,,,
TX,El Paso Times,145300,1928,PRESIDENT,,,TX,"SMITH, ALFRED E.",Democrat,1,,,,,0.85,El Paso Times,1808,,,,,,,,,,,,,,,,,,,
TX,El Paso Times,145300,1930,STATE REP,,,TX,"MCGILL, JOSEPH",Democrat,1,,,,,0.80,El Paso Times,1808,,,,,,,,,,,,,,,,,,,
TX,El Paso Times,145300,1932,H,16,,TX,"THOMASON, R. E.",Democrat,1,,,,INCUMBENT CONGRESSMAN,0.75,El Paso Times,1808,9312,,,-0.212,0.498,,,,"THOMASON, Robert Ewing",70,0.7,,,,,,,,
TX,El Paso Times,145300,1932,PRESIDENT,,,TX,"ROOSEVELT, FRANKLIN D.",Democrat,1,,,,,0.85,El Paso Times,1808,,,,,,,,,,,,,,,,,,,
TX,El Paso Times,145300,1936,GOVERNOR,,,NM,"TINGLEY, CLYDE",Democrat,1,,1,,,0.85,El Paso Times,1808,,,,,,,,,,,,,,,,,,,
TX,El Paso Times,145300,1936,PRESIDENT,,,TX,"ROOSEVELT, FRANKLIN D.",Democrat,1,,1,,,0.90,El Paso Times,1808,,,,,,,,,,,,,,,,,,,
TX,El Paso Times,145300,1938,GOVERNOR,,,NM,"MILES, JOHN E.",Democrat,1,,,,,0.90,El Paso Times,1808,,,,,,,,,,,,,,,,,,,
TX,El Paso Times,145300,1938,H,1,1,NM,"DEMPSEY, JOHN J.",Democrat,1,1,,,,0.90,El Paso Times,1808,2490,,,-0.134,0.372,,,,"DEMPSEY, John Joseph",78,0.7,,,,,,,,
TX,El Paso Times,145300,1940,GOVERNOR,,,NM,"MILES, JOHN E.",Democrat,1,,1,,,0.85,El Paso Times,1808,,,,,,,,,,,,,,,,,,,
TX,El Paso Times,145300,1940,H,1,1,NM,"ANDERSON, CLINTON P.",Democrat,1,,,,,0.85,El Paso Times,1808,165,,,-0.201,0.213,,,,"ANDERSON, Clinton Presba",86,1,,,,,,,,
TX,El Paso Times,145300,1940,PRESIDENT,,,TX,"ROOSEVELT, FRANKLIN D.",Democrat,1,,1,,,0.90,El Paso Times,1808,,,,,,,,,,,,,,,,,,,
TX,El Paso Times,145300,1940,SENATOR,,,NM,"CHAVEZ, DENNIS",Democrat,1,1,,,,0.85,El Paso Times,1808,1678,,,-0.206,0.391,,,,"CHAVEZ, Dennis",100,1,,,,,,,,
TX,El Paso Times,145300,1950,JUDGE,,,TX,"LANIER, C. M.",,1,,,,POLICE JUDGE RE-ELECTION,0.85,El Paso Times,1808,,,,,,,,,,,,,,,,,,,
TX,El Paso Times,145300,1952,PRESIDENT,,,TX,"EISENHOWER, DWIGHT D.",Republican,1,,,,,0.85,El Paso Times,1808,,,,,,,,,,,,,,,,,,,
TX,El Paso Times,145300,1952,PRESIDENT,,,TX,"STEVENSON, ADLAI",Democrat,0,,,,OPPOSED,0.85,El Paso Times,1808,,,,,,,,,,,,,,,,,,,
TX,El Paso Times,145300,1954,CNTY COMM,1,,TX,"CARPENTER, GEORGE",Democrat,1,1,,,,0.90,El Paso Times,1808,,,,,,,,,,,,,,,,,,,
TX,El Paso Times,145300,1954,CNTY COMM,4,,TX,"SMITH, WESLEY",Democrat,1,1,,,,0.90,El Paso Times,1808,,,,,,,,,,,,,,,,,,,
TX,El Paso Times,145300,1954,STATE SENATOR,29,,TX,"BEAN, WOODROW",Democrat,1,,,,,0.85,El Paso Times,1808,,,,,,,,,,,,,,,,,,,
TX,El Paso Times,145300,1956,PRESIDENT,,,TX,"EISENHOWER, DWIGHT D.",Republican,1,,1,,,0.85,El Paso Times,1808,,,,,,,,,,,,,,,,,,,
TX,El Paso Times,145300,1958,GOVERNOR,,,TX,"DANIEL, PRICE",Democrat,1,,1,,,0.85,El Paso Times,1808,,,,,,,,,,,,,,,,,,,
TX,El Paso Times,145300,1960,PRESIDENT,,,TX,"NIXON, RICHARD M.",Republican,1,,,,,0.85,El Paso Times,1808,,,,,,,,,,,,,,,,,,,
TX,El Paso Times,145300,1962,CNTY COMM,4,4,TX,"MAYS, TOM",Democrat,1,,,,,0.85,El Paso Times,1808,,,,,,,,,,,,,,,,,,,
TX,El Paso Times,145300,1962,GOVERNOR,,,TX,"CONNALLY, JOHN B.",Democrat,1,,,,,0.85,El Paso Times,1808,,,,,,,,,,,,,,,,,,,
TX,El Paso Times,145300,1962,H,98,98,TX,"BARRY, DES",Republican,1,,,,,0.85,El Paso Times,1808,,,,,,,,,,,,,,,,,,,
TX,El Paso Times,145300,1962,H,16,16,TX,"FOREMAN, ED",Republican,1,1,,,,0.85,El Paso Times,1808,,,,,,,,,,,,,,,,,,,
TX,El Paso Times,145300,1962,STATE SENATOR,29,29,TX,"OWEN, FRANK, III",Democrat,1,1,,,,0.85,El Paso Times,1808,,,,,,,,,,,,,,,,,,,
TX,El Paso Times,145300,1964,AGRICULTURE COMMISSIONER,,,TX,"WHITE, JOHN C.",Democrat,1,1,,,INCUMBENT,0.85,El Paso Times,1808,,,,,,,,,,,,,,,,,,,
TX,El Paso Times,145300,1964,ATTORNEY GENERAL,,,TX,"CARR, WAGGONER",Democrat,1,1,,,INCUMBENT,0.85,El Paso Times,1808,,,,,,,,,,,,,,,,,,,
TX,El Paso Times,145300,1964,CNTY COMM,1,1,TX,"ANDERSON, CLYDE C.",Democrat,1,,,,,0.85,El Paso Times,1808,,,,,,,,,,,,,,,,,,,
TX,El Paso Times,145300,1964,COMPTROLLER,,,TX,"CALVERT, ROBERT S.",Democrat,1,1,,,,0.85,El Paso Times,1808,,,,,,,,,,,,,,,,,,,
TX,El Paso Times,145300,1964,GOVERNOR,,,TX,"CONNALLY, JOHN B.",Democrat,1,1,,,INCUMBENT,0.85,El Paso Times,1808,,,,,,,,,,,,,,,,,,,
TX,El Paso Times,145300,1964,H,98,98,TX,"POOL, JOE",Democrat,1,1,,,,0.85,El Paso Times,1808,,,,,,,,,,,,,,,,,,,
TX,El Paso Times,145300,1964,LAND COMMISSIONER,,,TX,"SADLER, G.A. (JERRY)",Democrat,1,1,,,INCUMBENT,0.85,El Paso Times,1808,,,,,,,,,,,,,,,,,,,
TX,El Paso Times,145300,1964,LT GOVERNOR,,,TX,"SMITH, PRESTON",Democrat,1,1,,,INCUMBENT,0.85,El Paso Times,1808,,,,,,,,,,,,,,,,,,,
TX,El Paso Times,145300,1964,PRESIDENT,,,TX,"JOHNSON, LYNDON B.",Democrat,1,1,,,,0.85,El Paso Times,1808,,,,,,,,,,,,,,,,,,,
TX,El Paso Times,145300,1964,RAILROAD COMMISSION,2,2,TX,"LANGDON, JIM C.",Democrat,1,,,,,0.85,El Paso Times,1808,,,,,,,,,,,,,,,,,,,
TX,El Paso Times,145300,1964,SENATOR,,,TX,"BUSH, GEORGE H. W.",Republican,1,1,,,,0.85,El Paso Times,1808,,,,,,,,,,,,,,,,,,,
TX,El Paso Times,145300,1964,STATE REP,74,74,TX,"MUNIZ, RAUL",Democrat,1,,,,,0.85,El Paso Times,1808,,,,,,,,,,,,,,,,,,,
TX,El Paso Times,145300,1964,STATE SENATOR,29,29,TX,"SNELSON, W.E. (PETE)",Democrat,1,,,,,0.85,El Paso Times,1808,,,,,,,,,,,,,,,,,,,
TX,El Paso Times,145300,1964,TREASURER,,,TX,"JAMES, JESSE",Democrat,1,1,,,,0.85,El Paso Times,1808,,,,,,,,,,,,,,,,,,,
TX,El Paso Times,145300,1964,TX SUPREME COURT,1,1,TX,"POPE, JACK",Democrat,1,,,,,0.85,El Paso Times,1808,,,,,,,,,,,,,,,,,,,
TX,El Paso Times,145300,1966,SENATOR,,,TX,"CARR, WAGGONER",Democrat,1,,1,,,0.85,El Paso Times,1808,,,,,,,,,,,,,,,,,,,
TX,El Paso Times,145300,1966,STATE SENATOR,29,29,TX,"CHRISTIE, JOE",Democrat,1,,,,,0.85,El Paso Times,1808,,,,,,,,,,,,,,,,,,,
TX,El Paso Times,145300,1968,AGRICULTURE COMMISSIONER,,,TX,"WHITE, JOHN C.",,1,1,,,,0.85,El Paso Times,1808,,,,,,,,,,,,,,,,,,,
TX,El Paso Times,145300,1968,ATTORNEY GENERAL,,,TX,"MARTIN, CRAWFORD",,1,1,,,,0.85,El Paso Times,1808,,,,,,,,,,,,,,,,,,,
TX,El Paso Times,145300,1968,COMPTROLLER,,,TX,"CALVERT, ROBERT S.",Democrat,1,1,,,,0.85,El Paso Times,1808,,,,,,,,,,,,,,,,,,,
TX,El Paso Times,145300,1968,GOVERNOR,,,TX,"SMITH, PRESTON",Democrat,1,,,,,0.85,El Paso Times,1808,,,,,,,,,,,,,,,,,,,
TX,El Paso Times,145300,1968,H,16,16,TX,"WHITE, RICHARD T.",Democrat,1,1,,,,0.85,El Paso Times,1808,10783,,,-0.137,0.601,,,,"WHITE, Richard Crawford",75,0.7,,,,,,,,
TX,El Paso Times,145300,1968,LAND COMMISSIONER,,,TX,"SADLER, G.A. (JERRY)",Democrat,1,1,,,,0.85,El Paso Times,1808,,,,,,,,,,,,,,,,,,,
TX,El Paso Times,145300,1968,LT GOVERNOR,,,TX,"BARNES, BEN",Democrat,1,,,,,0.85,El Paso Times,1808,,,,,,,,,,,,,,,,,,,
TX,El Paso Times,145300,1968,PRESIDENT,,,TX,"NIXON, RICHARD M.",Republican,1,,,,,0.85,El Paso Times,1808,,,,,,,,,,,,,,,,,,,
TX,El Paso Times,145300,1968,RAILROAD COMMISSION,2,2,TX,"LANGDON, JIM C.",Democrat,1,1,,,,0.85,El Paso Times,1808,,,,,,,,,,,,,,,,,,,
TX,El Paso Times,145300,1968,STATE REP,2,2,TX,"BLAINE, JOHN E. (NED)",Democrat,1,1,,,,0.85,El Paso Times,1808,,,,,,,,,,,,,,,,,,,
TX,El Paso Times,145300,1968,STATE REP,4,4,TX,"MUNIZ, RAUL",,1,1,,,,0.85,El Paso Times,1808,,,,,,,,,,,,,,,,,,,
TX,El Paso Times,145300,1968,STATE REP,5,5,TX,"NILAND, TOM",,1,1,,,,0.85,El Paso Times,1808,,,,,,,,,,,,,,,,,,,
TX,El Paso Times,145300,1968,TREASURER,,,TX,"JAMES, JESSIE",Democrat,1,1,,,,0.85,El Paso Times,1808,,,,,,,,,,,,,,,,,,,
TX,El Paso Times,145300,1970,AGRICULTURE COMMISSIONER,,,TX,"WHITE, JOHN C.",Democrat,1,1,,,,0.85,El Paso Times,1808,,,,,,,,,,,,,,,,,,,
TX,El Paso Times,145300,1970,ATTORNEY GENERAL,,,TX,"MARTIN, CRAWFORD C.",Democrat,1,1,,,,0.85,El Paso Times,1808,,,,,,,,,,,,,,,,,,,
TX,El Paso Times,145300,1970,CNTY CLERK,,,TX,"BOLES, J. WAYLON",,1,,,,,0.85,El Paso Times,1808,,,,,,,,,,,,,,,,,,,
TX,El Paso Times,145300,1970,CNTY COMM,4,4,TX,"BLACKHAM, SAM",,1,,,,,0.85,El Paso Times,1808,,,,,,,,,,,,,,,,,,,
TX,El Paso Times,145300,1970,CNTY JUDGE,,,TX,"MOORE, T. UDELL",,1,,,,,0.85,El Paso Times,1808,,,,,,,,,,,,,,,,,,,
TX,El Paso Times,145300,1970,COMPTROLLER,,,TX,"ABBOTT, SHIRLEY L.",,1,1,,,,0.85,El Paso Times,1808,,,,,,,,,,,,,,,,,,,
TX,El Paso Times,145300,1970,GOVERNOR,,,TX,"SMITH, PRESTON",Democrat,1,1,,,,0.85,El Paso Times,1808,,,,,,,,,,,,,,,,,,,
TX,El Paso Times,145300,1970,H,16,16,TX,"WHITE, RICHARD C.",Democrat,1,1,,,,0.85,El Paso Times,1808,10783,,,-0.137,0.601,,,,"WHITE, Richard Crawford",80,0.7,,,,,,,,
TX,El Paso Times,145300,1970,LAND COMMISSIONER,,,TX,"ARMSTRONG, BOB",Democrat,1,,,,,0.85,El Paso Times,1808,,,,,,,,,,,,,,,,,,,
TX,El Paso Times,145300,1970,LT GOVERNOR,,,TX,"BARNES, BEN",Democrat,1,1,,,,0.85,El Paso Times,1808,,,,,,,,,,,,,,,,,,,
TX,El Paso Times,145300,1970,SENATOR,,,TX,"BENTSEN, LLOYD MILLARD, JR.",Democrat,1,,,,,0.85,El Paso Times,1808,660,,,-0.163,0.458,,,,"BENTSEN, Lloyd Millard, Jr.",100,1,,,,,,,,
TX,El Paso Times,145300,1970,STATE REP,4,4,TX,"KASTER, JIM, JR.",,1,1,,,,0.85,El Paso Times,1808,,,,,,,,,,,,,,,,,,,
TX,El Paso Times,145300,1970,TREASURER,,,TX,"JAMES, JESSE",Democrat,1,1,,,,0.85,El Paso Times,1808,,,,,,,,,,,,,,,,,,,
TX,El Paso Times,145300,1972,ATTORNEY GENERAL,,,TX,"HILL, JOHN",Democrat,1,,,,,0.85,El Paso Times,1808,,,,,,,,,,,,,,,,,,,
TX,El Paso Times,145300,1972,CNTY COMM,3,3,TX,"SANCHEZ, ROGELIO",,1,,,,,0.85,El Paso Times,1808,,,,,,,,,,,,,,,,,,,
TX,El Paso Times,145300,1972,COMPTROLLER,,,TX,"CALVERT, ROBERT S.",Democrat,1,1,,,,0.85,El Paso Times,1808,,,,,,,,,,,,,,,,,,,
TX,El Paso Times,145300,1972,COURT OF CRIMINAL APPEALS,1,1,TX,"ODOM, WENDELL A.",,1,,,,,0.85,El Paso Times,1808,,,,,,,,,,,,,,,,,,,
TX,El Paso Times,145300,1972,DA/PROSECUTOR,,,TX,"SIMMONS, STEVE W.",,1,,,,,0.85,El Paso Times,1808,,,,,,,,,,,,,,,,,,,
TX,El Paso Times,145300,1972,GOVERNOR,,,TX,"BRISCOE, DOLPH",Democrat,1,,,,,0.85,El Paso Times,1808,,,,,,,,,,,,,,,,,,,
TX,El Paso Times,145300,1972,H,16,16,TX,"WHITE, RICHARD C.",Democrat,1,1,,,,0.85,El Paso Times,1808,10783,,,-0.137,0.601,,,,"WHITE, Richard Crawford",80,0.7,,,,,,,,
TX,El Paso Times,145300,1972,LAND COMMISSIONER,,,TX,"ARMSTRONG, BOB",Democrat,1,1,,,,0.85,El Paso Times,1808,,,,,,,,,,,,,,,,,,,
TX,El Paso Times,145300,1972,LT GOVERNOR,,,TX,"HOBBY, WILLIAM P. (BILL)",Democrat,1,,,,,0.85,El Paso Times,1808,,,,,,,,,,,,,,,,,,,
TX,El Paso Times,145300,1972,PRESIDENT,,,TX,"NIXON, RICHARD M.",Republican,1,,1,,,0.85,El Paso Times,1808,,,,,,,,,,,,,,,,,,,
TX,El Paso Times,145300,1972,RAILROAD COMMISSION,1,1,TX,"TUNNELL, BYRON",Democrat,1,1,,,,0.85,El Paso Times,1808,,,,,,,,,,,,,,,,,,,
TX,El Paso Times,145300,1972,SENATOR,,,TX,"TOWER, JOHN G.",Republican,1,,1,,,0.85,El Paso Times,1808,10823,,,0.444,-0.07,,,,"TOWER, John Goodwin",78,0.7,,,,,,,,
TX,El Paso Times,145300,1972,SHERIFF,,,TX,"SULLIVAN, MIKE, JR.",Democrat,1,,,,,0.85,El Paso Times,1808,,,,,,,,,,,,,,,,,,,
TX,El Paso Times,145300,1972,STATE BOARD OF ED,,,TX,"HOWELL, BEN",Democrat,1,,,,,0.85,El Paso Times,1808,,,,,,,,,,,,,,,,,,,
TX,El Paso Times,145300,1972,STATE REP,3,3,TX,"COLEMAN, RONALD",Democrat,1,1,,,,0.85,El Paso Times,1808,,,,,,,,,,,,,,,,,,,
TX,El Paso Times,145300,1972,STATE REP,71,71,TX,"KASTER, JAMES J., JR.",Democrat,1,1,,,,0.85,El Paso Times,1808,,,,,,,,,,,,226019,"kaster, james (jim)",13947.0,w,democrat,81,0.7,
TX,El Paso Times,145300,1972,STATE SENATOR,29,29,TX,"SANTIESTEBAN, TATI",Democrat,1,,,,,0.85,El Paso Times,1808,,,,,,,,,,,,220591,"santiesteban, tati",53984.0,w,democrat,100,1,
TX,El Paso Times,145300,1972,TREASURER,,,TX,"JAMES, JESSE",Democrat,1,1,,,,0.85,El Paso Times,1808,,,,,,,,,,,,,,,,,,,
TX,El Paso Times,145300,1972,TX SUPREME COURT,2,2,TX,"DANIEL, PRICE",,1,,,,,0.85,El Paso Times,1808,,,,,,,,,,,,,,,,,,,
TX,El Paso Times,145300,1972,TX SUPREME COURT,,,TX,"GREENHILL, JOE",,1,1,,,,0.85,El Paso Times,1808,,,,,,,,,,,,,,,,,,,
TX,El Paso Times,145300,1972,TX SUPREME COURT,1,1,TX,"JAY, SAM",,1,,,,,0.85,El Paso Times,1808,,,,,,,,,,,,,,,,,,,
TX,El Paso Times,145300,1974,AGRICULTURE COMMISSIONER,,,TX,"WHITE, JOHN C.",Democrat,1,1,,,,0.85,El Paso Times,1808,,,,,,,,,,,,,,,,,,,
TX,El Paso Times,145300,1974,ATTORNEY GENERAL,,,TX,"HILL, JOHN",Democrat,1,1,,,,0.85,El Paso Times,1808,,,,,,,,,,,,,,,,,,,
TX,El Paso Times,145300,1974,CNTY CLERK,,,TX,"CHACON, ALICIA",Democrat,1,,,,,0.85,El Paso Times,1808,,,,,,,,,,,,,,,,,,,
TX,El Paso Times,145300,1974,CNTY COMM,2,2,TX,"TELLES, RICHARD",Democrat,1,1,,,,0.85,El Paso Times,1808,,,,,,,,,,,,,,,,,,,
TX,El Paso Times,145300,1974,COMPTROLLER,,,TX,"BULLOCK, ROBERT DOUGLAS (BOB)",Democrat,1,,,,,0.85,El Paso Times,1808,,,,,,,,,,,,,,,,,,,
TX,El Paso Times,145300,1974,GOVERNOR,,,TX,"BRISCOE, DOLPH",Democrat,1,1,,,,0.85,El Paso Times,1808,,,,,,,,,,,,,,,,,,,
TX,El Paso Times,145300,1974,JUDGE,,,TX,"PENA, HENRY",Democrat,1,1,,,INCUMBENT,0.85,El Paso Times,1808,,,,,,,,,,,,,,,,,,,
TX,El Paso Times,145300,1974,LAND COMMISSIONER,,,TX,"ARMSTRONG, BOB",Democrat,1,1,,,,0.85,El Paso Times,1808,,,,,,,,,,,,,,,,,,,
TX,El Paso Times,145300,1974,LT GOVERNOR,,,TX,"HOBBY, WILLIAM P. (BILL)",Democrat,1,1,,,,0.85,El Paso Times,1808,,,,,,,,,,,,,,,,,,,
TX,El Paso Times,145300,1974,RAILROAD COMMISSION,,,TX,"LANGDON, JIM",Democrat,1,,,,,0.85,El Paso Times,1808,,,,,,,,,,,,,,,,,,,
TX,El Paso Times,145300,1974,STATE BOARD OF ED,,,TX,"WALLACE, MACK",Democrat,1,,,,,0.85,El Paso Times,1808,,,,,,,,,,,,,,,,,,,
TX,El Paso Times,145300,1974,STATE REP,,,TX,"COLEMAN, RONALD",Democrat,1,1,,,,0.85,El Paso Times,1808,,,,,,,,,,,,,,,,,,,
TX,El Paso Times,145300,1974,STATE REP,71,71,TX,"KASTER, JAMES J., JR.",Democrat,1,1,,,,0.85,El Paso Times,1808,,,,,,,,,,,,226019,"kaster, james (jim)",9292.0,w,democrat,81,0.7,
TX,El Paso Times,145300,1974,STATE REP,,,TX,"SCOGGINS, RALPH (SKIP)",Republican,1,,1,,,0.85,El Paso Times,1808,,,,,,,,,,,,,,,,,,,
TX,El Paso Times,145300,1974,TREASURER,,,TX,"HOLT, ROBERT G.",Republican,1,1,,,,0.85,El Paso Times,1808,,,,,,,,,,,,,,,,,,,
TX,El Paso Times,145300,1976,H,2,2,NM,"RUNNELS, HAROLD",Democrat,1,1,,,NEW MEXICO US HOUSE RACE,0.85,El Paso Times,1808,13038,,,0.091,0.665,,,,"RUNNELS, Harold Lowell",81,0.7,,,,,,,,
TX,El Paso Times,145300,1976,H,16,16,TX,"WHITE, RICHARD C.",Democrat,1,1,,,INCUMBENT,0.85,El Paso Times,1808,10783,,,-0.137,0.601,,,,"WHITE, Richard Crawford",80,0.7,,,,,,,,
TX,El Paso Times,145300,1976,PRESIDENT,,,TX,"FORD, GERALD R.",Republican,1,,1,,,0.85,El Paso Times,1808,,,,,,,,,,,,,,,,,,,
TX,El Paso Times,145300,1976,RAILROAD COMMISSION,3,3,TX,"NEWTON, JON",Democrat,1,,,,,0.85,El Paso Times,1808,,,,,,,,,,,,,,,,,,,
TX,El Paso Times,145300,1976,SENATOR,,,TX,"BENTSEN, LLOYD MILLARD, JR.",Democrat,1,1,,,INCUMBENT,0.85,El Paso Times,1808,660,,,-0.163,0.458,,,,"BENTSEN, Lloyd Millard, Jr.",100,1,,,,,,,,
TX,El Paso Times,145300,1976,SENATOR,,,NM,"SCHMITT, HARRISON",Republican,1,1,,,,0.85,El Paso Times,1808,14510,,,0.377,-0.455,,,,"SCHMITT, Harrison Hagan",85,1,,,,,,,,
TX,El Paso Times,145300,1976,SHERIFF,,,TX,"SULLIVAN, MIKE, JR.",Democrat,1,1,,,INCUMBENT,0.85,El Paso Times,1808,,,,,,,,,,,,,,,,,,,
TX,El Paso Times,145300,1976,STATE REP,,,TX,"JONES, LUTHER",Democrat,1,1,,,INCUMBENT,0.85,El Paso Times,1808,,,,,,,,,,,,,,,,,,,
TX,El Paso Times,145300,1976,STATE REP,,,TX,"VALLES, ROBERT",Democrat,1,,,,,0.85,El Paso Times,1808,,,,,,,,,,,,,,,,,,,
TX,El Paso Times,145300,1976,TX SUPREME COURT,1,1,TX,"HOUSTON, SAM",Democrat,1,1,,,,0.85,El Paso Times,1808,,,,,,,,,,,,,,,,,,,
TX,El Paso Times,145300,1978,ATTORNEY GENERAL,,,TX,"BAKER, JIM",Republican,1,,,,,0.85,El Paso Times,1808,,,,,,,,,,,,,,,,,,,
TX,El Paso Times,145300,1978,CNTY CLERK,,,TX,"HUFF, ANNETTE",Republican,1,,,,,0.85,El Paso Times,1808,,,,,,,,,,,,,,,,,,,
TX,El Paso Times,145300,1978,CNTY COMM,4,4,TX,"O'ROURKE, PAT",Democrat,1,,,,BETO'S DAD I THINK,0.85,El Paso Times,1808,,,,,,,,,,,,,,,,,,,
TX,El Paso Times,145300,1978,GOVERNOR,,,TX,"HILL, JOHN",Democrat,1,,,,,0.85,El Paso Times,1808,,,,,,,,,,,,,,,,,,,
TX,El Paso Times,145300,1978,GOVERNOR,,,NM,"SKEEN, JOSEPH R. (JOE)",Republican,1,,,,NEW MEXICO GOV,0.85,El Paso Times,1808,,,,,,,,,,,,,,,,,,,
TX,El Paso Times,145300,1978,H,16,16,TX,"WHITE, RICHARD C.",Democrat,1,1,,,,0.85,El Paso Times,1808,10783,,,-0.137,0.601,,,,"WHITE, Richard Crawford",80,0.7,,,,,,,,
TX,El Paso Times,145300,1978,JUDGE,4,4,TX,"KESSEL, ROBERT E.",,1,,,,,0.85,El Paso Times,1808,,,,,,,,,,,,,,,,,,,
TX,El Paso Times,145300,1978,RAILROAD COMMISSION,,,TX,"LACY, JAMES",Republican,1,,,,,0.85,El Paso Times,1808,,,,,,,,,,,,,,,,,,,
TX,El Paso Times,145300,1978,SENATOR,,,NM,"DOMENICI, PETE V.",Republican,1,,1,,NEW MEXICO US SENATE RACE,0.85,El Paso Times,1808,14103,,,0.257,-0.247,,,,"DOMENICI, Pete Vichi",86,1,,,,,,,,
TX,El Paso Times,145300,1978,SENATOR,,,TX,"TOWER, JOHN G.",Republican,1,,1,,,0.85,El Paso Times,1808,10823,,,0.444,-0.07,,,,"TOWER, John Goodwin",78,0.7,,,,,,,,
TX,El Paso Times,145300,1978,SHERIFF,,,TX,"TELLEZ, DOMINGO",Independent,1,,,,,0.85,El Paso Times,1808,,,,,,,,,,,,,,,,,,,
TX,El Paso Times,145300,1978,STATE BOARD OF ED,,,TX,"WINDLE, WAYNE",Democrat,1,,,,,0.85,El Paso Times,1808,,,,,,,,,,,,,,,,,,,
TX,El Paso Times,145300,1978,STATE REP,71,71,TX,"ABBOTT, S.L",Republican,1,,,,,0.85,El Paso Times,1808,,,,,,,,,,,,226249,"abbott, s. l.",7782.0,l,modernrepublican,83,0.7,
TX,El Paso Times,145300,1978,STATE REP,,,TX,"JONES, LUTHER",Democrat,1,1,,,,0.85,El Paso Times,1808,,,,,,,,,,,,226360,"jones, luther",11491.0,w,democrat,100,1,
TX,El Paso Times,145300,1980,CNTY COMM,,,TX,"HOOTEN, CHARLES",,1,,,,,0.85,El Paso Times,1808,,,,,,,,,,,,,,,,,,,
TX,El Paso Times,145300,1980,H,2,2,NM,"SKEEN, JOSEPH R. (JOE)",Republican,1,,,,"NEW MEXICO US HOUSE RACE, WRITE IN",0.85,El Paso Times,1808,14861,cand548,0.936,0.301,0.034,200,92,1,,,,,,,,,,,
TX,El Paso Times,145300,1980,H,16,16,TX,"WHITE, RICHARD C.",Democrat,1,1,,,,0.85,El Paso Times,1808,10783,cand181207,-0.042,-0.137,0.601,100,96,1,,,,,,,,,,,
TX,El Paso Times,145300,1980,PRESIDENT,,,TX,"REAGAN, RONALD",Republican,1,1,,,,0.85,El Paso Times,1808,99907,cand3331,1.044,0.692,-0.713,200,100,1,,,,,,,,,,,
TX,El Paso Times,145300,1980,RAILROAD COMMISSION,3,3,TX,"NUGENT, JIM",Democrat,1,,,,,0.85,El Paso Times,1808,,,,,,,,,,,,,,,,,,,
TX,El Paso Times,145300,1980,RAILROAD COMMISSION,2,2,TX,"TEMPLE, ARTHUR (BUDDY)",Democrat,1,,,,,0.85,El Paso Times,1808,,,,,,,,,,,,,,,,,,,
TX,El Paso Times,145300,1980,SHERIFF,,,TX,"MONTES, RAY",,1,,,,,0.85,El Paso Times,1808,,,,,,,,,,,,,,,,,,,
TX,El Paso Times,145300,1980,STATE REP,71,71,TX,"ABBOTT, S.L",Republican,1,1,,,,0.85,El Paso Times,1808,,,,,,,,,,,,226249,"abbott, s. l.",14563.0,l,modernrepublican,83,0.7,
TX,El Paso Times,145300,1980,STATE REP,,,TX,"VOWELL, JACK",Republican,1,,,,,0.85,El Paso Times,1808,,,,,,,,,,,,226156,"vowell, jack",15417.0,w,modernrepublican,100,1,
TX,El Paso Times,145300,1980,TX SUPREME COURT,1,1,TX,"GARWOOD, WILL",Republican,1,,,,,0.85,El Paso Times,1808,,,,,,,,,,,,,,,,,,,
TX,El Paso Times,145300,1980,TX SUPREME COURT,2,2,TX,"WALLACE, JAMES P.",Democrat,1,,,,,0.85,El Paso Times,1808,,,,,,,,,,,,,,,,,,,
TX,El Paso Times,145300,1982,AGRICULTURE COMMISSIONER,,,TX,"THORNBERRY, FRED",Republican,1,,,,,0.85,El Paso Times,1808,,,,,,,,,,,,,,,,,,,
TX,El Paso Times,145300,1982,ATTORNEY GENERAL,,,TX,"MEIER, BILL",Republican,1,,,,,0.85,El Paso Times,1808,,,,,,,,,,,,,,,,,,,
TX,El Paso Times,145300,1982,CNTY CLERK,,,TX,"RUBALCABA, EDIE",Democrat,1,,,,,0.85,El Paso Times,1808,,,,,,,,,,,,,,,,,,,
TX,El Paso Times,145300,1982,CNTY COMM,4,4,TX,"HAYNES, MARY",Democrat,1,,,,,0.85,El Paso Times,1808,,,,,,,,,,,,,,,,,,,
TX,El Paso Times,145300,1982,CNTY COMM,2,2,TX,"TELLES, RICHARD",Republican,1,,,,,0.85,El Paso Times,1808,,,,,,,,,,,,,,,,,,,
TX,El Paso Times,145300,1982,CNTY JUDGE,,,TX,"O'ROURKE, PAT",Democrat,1,,,,,0.85,El Paso Times,1808,,,,,,,,,,,,,,,,,,,
TX,El Paso Times,145300,1982,COMPTROLLER,,,TX,"RICHARDS, MIKE",Republican,1,1,,,,0.85,El Paso Times,1808,,,,,,,,,,,,,,,,,,,
TX,El Paso Times,145300,1982,COURT OF APPEALS,2,2,TX,"MILLER, CHUCK",Democrat,1,,,,,0.85,El Paso Times,1808,,,,,,,,,,,,,,,,,,,
TX,El Paso Times,145300,1982,DISTRICT COURT JUDGE,168,168,TX,"KOEHLER, WARD",Republican,1,,,,,0.85,El Paso Times,1808,,,,,,,,,,,,,,,,,,,
TX,El Paso Times,145300,1982,DISTRICT COURT JUDGE,243,243,TX,"MARSH, HERB",Democrat,1,,,,,0.85,El Paso Times,1808,,,,,,,,,,,,,,,,,,,
TX,El Paso Times,145300,1982,DISTRICT COURT JUDGE,41,41,TX,"SCOGGINS, RALPH",Republican,1,,,,,0.85,El Paso Times,1808,,,,,,,,,,,,,,,,,,,
TX,El Paso Times,145300,1982,GOVERNOR,,,TX,"CLEMENTS, WILLIAM P., JR.",Republican,1,,1,,,0.85,El Paso Times,1808,,,,,,,,,,,,,,,,,,,
TX,El Paso Times,145300,1982,GOVERNOR,,,NM,"IRICK, JOHN",Republican,1,,,,NEW MEXICO,0.85,El Paso Times,1808,,,,,,,,,,,,,,,,,,,
TX,El Paso Times,145300,1982,H,16,16,TX,"HAGGERTY, PAT",Republican,1,,,,,0.85,El Paso Times,1808,H2TX16078,cand44985,1.058,,,200,72,0.7,,,,,,,,,,,
TX,El Paso Times,145300,1982,H,2,2,NM,"SKEEN, JOSEPH R. (JOE)",Republican,1,,1,,NEW MEXICO,0.85,El Paso Times,1808,14861,cand548,0.936,0.301,0.034,200,92,1,,,,,,,,,,,
TX,El Paso Times,145300,1982,LAND COMMISSIONER,,,TX,"GLASSCOCK, WOODY",Republican,1,,,,,0.85,El Paso Times,1808,,,,,,,,,,,,,,,,,,,
TX,El Paso Times,145300,1982,LT GOVERNOR,,,TX,"HOBBY, WILLIAM P. (BILL)",Democrat,1,1,,,,0.85,El Paso Times,1808,,,,,,,,,,,,,,,,,,,
TX,El Paso Times,145300,1982,RAILROAD COMMISSION,3,3,TX,"NUGENT, JIM",Democrat,1,1,,,,0.85,El Paso Times,1808,,,,,,,,,,,,,,,,,,,
TX,El Paso Times,145300,1982,SENATOR,,,TX,"BENTSEN, LLOYD MILLARD, JR.",Democrat,1,1,,,,0.85,El Paso Times,1808,,,,,,,,,,,,,,,,,,,
TX,El Paso Times,145300,1982,SENATOR,,,NM,"SCHMITT, HARRISON",Republican,1,,1,,NEW MEXICO,0.85,El Paso Times,1808,14510,cand387,1.05,0.377,-0.455,200,85,1,,,,,,,,,,,
TX,El Paso Times,145300,1982,STATE BOARD OF ED,16,16,TX,"WINDLE, WAYNE",Democrat,1,,,,,0.85,El Paso Times,1808,,,,,,,,,,,,,,,,,,,
TX,El Paso Times,145300,1982,STATE REP,71,71,TX,"JONES, ARVES",Republican,1,,,,,0.85,El Paso Times,1808,,,,,,,,,,,,226259,"jones, arves e. sr.",9921.0,w,modernrepublican,77,0.7,
TX,El Paso Times,145300,1982,STATE REP,73,73,TX,"POLK, MARY",Democrat,1,1,,,,0.85,El Paso Times,1808,,,,,,,,,,,,226251,"polk, mary",11449.0,w,democrat,100,1,
TX,El Paso Times,145300,1982,STATE REP,70,70,TX,"VOWELL, JACK",Republican,1,,1,,,0.85,El Paso Times,1808,,,,,,,,,,,,226156,"vowell, jack",12029.0,w,modernrepublican,100,1,
TX,El Paso Times,145300,1982,STATE REP,72,72,TX,"WOELPER, WALT",Republican,1,1,,,,0.85,El Paso Times,1808,,,,,,,,,,,,226312,"woelper, walt",2482.0,l,modernrepublican,100,1,
TX,El Paso Times,145300,1982,STATE SENATOR,25,25,TX,"ANGELO, ERNEST",Republican,1,,,,,0.85,El Paso Times,1808,,,,,,,,,,,,220451,"angelo, ernest",52868.0,l,modernrepublican,100,1,
TX,El Paso Times,145300,1982,STATE SENATOR,29,29,TX,"SANTIESTEBAN, TATI",Democrat,1,1,,,,0.85,El Paso Times,1808,,,,,,,,,,,,220591,"santiesteban, tati",49937.0,w,democrat,100,1,
TX,El Paso Times,145300,1982,TREASURER,,,TX,"FINLEY, MARSHALL",Democrat,1,,,,,0.85,El Paso Times,1808,,,,,,,,,,,,,,,,,,,
TX,El Paso Times,145300,1982,TREASURER,,,TX,"RICHARDS, ANN",Democrat,1,,,,,0.85,El Paso Times,1808,,,,,,,,,,,,,,,,,,,
TX,El Paso Times,145300,1982,TX SUPREME COURT,2,2,TX,"ROBERTSON, TED Z.",Democrat,1,,,,,0.85,El Paso Times,1808,,,,,,,,,,,,,,,,,,,
TX,El Paso Times,145300,1984,CNTY COMM,,,TX,"HOOTEN, CHARLES",,1,,,,,0.85,El Paso Times,1808,,,,,,,,,,,,,,,,,,,
TX,El Paso Times,145300,1984,COURT OF APPEALS,1,1,TX,"CLINTON, SAM HOUSTON",,1,,,,,0.85,El Paso Times,1808,,,,,,,,,,,,,,,,,,,
TX,El Paso Times,145300,1984,DA/PROSECUTOR,34,34,TX,"SIMMONS, STEVE",,1,,,,,0.85,El Paso Times,1808,,,,,,,,,,,,,,,,,,,
TX,El Paso Times,145300,1984,H,16,16,TX,"COLEMAN, RONALD",Democrat,1,1,,,,0.85,El Paso Times,1808,15018,cand604,-0.308,-0.402,0.548,100,100,1,,,,,,,,,,,
TX,El Paso Times,145300,1984,PRESIDENT,,,TX,"REAGAN, RONALD",Republican,1,,1,,,0.85,El Paso Times,1808,99907,cand3331,1.044,0.692,-0.713,200,100,1,,,,,,,,,,,
TX,El Paso Times,145300,1984,RAILROAD COMMISSION,1,1,TX,"WALLACE, MACK",Democrat,1,1,,,,0.85,El Paso Times,1808,,,,,,,,,,,,,,,,,,,
TX,El Paso Times,145300,1984,SENATOR,,,TX,"GRAMM, WILLIAM PHILIP (PHIL)",Republican,1,,,,,0.85,El Paso Times,1808,14628,cand419,1.134,0.551,-0.108,200,85,1,,,,,,,,,,,
TX,El Paso Times,145300,1984,SHERIFF,,,TX,"SAMANIEGO, LEO",,1,,,,,0.85,El Paso Times,1808,,,,,,,,,,,,,,,,,,,
TX,El Paso Times,145300,1984,STATE REP,71,71,TX,"JONES, ARVES",Republican,1,,1,,,0.85,El Paso Times,1808,,,,,,,,,,,,226259,"jones, arves e. sr.",19848.0,w,modernrepublican,77,0.7,
TX,El Paso Times,145300,1984,STATE REP,73,73,TX,"MCDONALD, NANCY",Democrat,1,,,,,0.85,El Paso Times,1808,,,,,,,,,,,,226374,"mcdonald, nancy",14549.0,w,democrat,100,1,
TX,El Paso Times,145300,1984,STATE REP,70,70,TX,"VOWELL, JACK",Republican,1,,1,,,0.85,El Paso Times,1808,,,,,,,,,,,,226156,"vowell, jack",19965.0,w,modernrepublican,100,1,
TX,El Paso Times,145300,1984,TAX ASSESSOR,,,TX,"HICKS, JIMMY",,1,,,,COUNTY,0.85,El Paso Times,1808,,,,,,,,,,,,,,,,,,,
TX,El Paso Times,145300,1984,TX SUPREME COURT,,,TX,"HILL, JOHN",Democrat,1,,,,,0.85,El Paso Times,1808,,,,,,,,,,,,,,,,,,,
TX,El Paso Times,145300,1986,AGRICULTURE COMMISSIONER,,,TX,"HIGHTOWER, JIM",Democrat,1,1,,,,0.85,El Paso Times,1808,,,,,,,,,,,,,,,,,,,
TX,El Paso Times,145300,1986,ATTORNEY GENERAL,,,TX,"BARRERA, ROY R., JR.",Republican,1,1,,,,0.85,El Paso Times,1808,,,,,,,,,,,,,,,,,,,
TX,El Paso Times,145300,1986,CNTY JUDGE,,,TX,"JONES, LUTHER",,1,,,,,0.85,El Paso Times,1808,,,,,,,,,,,,,,,,,,,
TX,El Paso Times,145300,1986,DA/PROSECUTOR,,,TX,"LUCAS, JOE",,1,,,,,0.85,El Paso Times,1808,,,,,,,,,,,,,,,,,,,
TX,El Paso Times,145300,1986,GOVERNOR,,,TX,"CLEMENTS, WILLIAM P., JR.",Republican,1,1,,,,0.85,El Paso Times,1808,,,,,,,,,,,,,,,,,,,
TX,El Paso Times,145300,1986,H,16,16,TX,"COLEMAN, RONALD",Democrat,1,1,,,,0.85,El Paso Times,1808,15018,cand604,-0.308,-0.402,0.548,100,100,1,,,,,,,,,,,
TX,El Paso Times,145300,1986,LAND COMMISSIONER,,,TX,"MAURO, GARRY",Democrat,1,1,,,,0.85,El Paso Times,1808,,,,,,,,,,,,,,,,,,,
TX,El Paso Times,145300,1986,LT GOVERNOR,,,TX,"HOBBY, WILLIAM P. (BILL)",Democrat,1,1,,,,0.85,El Paso Times,1808,,,,,,,,,,,,,,,,,,,
TX,El Paso Times,145300,1986,RAILROAD COMMISSION,2,2,TX,"FOX, MILTON E.",Republican,1,,,,,0.85,El Paso Times,1808,,,,,,,,,,,,,,,,,,,
TX,El Paso Times,145300,1986,STATE REP,71,71,TX,"JONES, ARVES",Republican,1,,1,,,0.85,El Paso Times,1808,,,,,,,,,,,,226259,"jones, arves e. sr.",11774.0,w,modernrepublican,77,0.7,
TX,El Paso Times,145300,1986,TX SUPREME COURT,2,2,TX,"CAMPBELL, ROBERT M.",Democrat,1,1,,,,0.85,El Paso Times,1808,,,,,,,,,,,,,,,,,,,
TX,El Paso Times,145300,1986,TX SUPREME COURT,4,4,TX,"GONZALEZ, RAUL A.",Democrat,1,,,,,0.85,El Paso Times,1808,,,,,,,,,,,,,,,,,,,
TX,El Paso Times,145300,1986,TX SUPREME COURT,1,1,TX,"MAUZY, OSCAR H.",Democrat,1,,,,,0.85,El Paso Times,1808,,,,,,,,,,,,,,,,,,,
TX,El Paso Times,145300,1988,CNTY COMM,,,TX,"RITTGERS, MATEELE",,1,,,,,0.85,El Paso Times,1808,,,,,,,,,,,,,,,,,,,
TX,El Paso Times,145300,1988,COURT OF APPEALS,8,8,TX,"KOEHLER, WARD",Republican,1,,,,,0.85,El Paso Times,1808,,,,,,,,,,,,,,,,,,,
TX,El Paso Times,145300,1988,COURT OF CRIMINAL APPEALS,,,TX,"MCCORMICK, MIKE",Democrat,1,1,,,,0.85,El Paso Times,1808,,,,,,,,,,,,,,,,,,,
TX,El Paso Times,145300,1988,COURT OF CRIMINAL APPEALS,1,1,TX,"MILLER, CHUCK",Democrat,1,1,,,,0.85,El Paso Times,1808,,,,,,,,,,,,,,,,,,,
TX,El Paso Times,145300,1988,PRESIDENT,,,TX,"BUSH, GEORGE H. W.",Republican,1,,,,,0.85,El Paso Times,1808,99908,cand3332,0.842,0.557,-0.547,200,100,1,,,,,,,,,,,
TX,El Paso Times,145300,1988,RAILROAD COMMISSION,,,TX,"EMMETT, ED",Republican,1,,,,,0.85,El Paso Times,1808,,,,,,,,,,,,,,,,,,,
TX,El Paso Times,145300,1988,RAILROAD COMMISSION,1,1,TX,"HANCE, KENT RONALD",Republican,1,,,,,0.85,El Paso Times,1808,,,,,,,,,,,,,,,,,,,
TX,El Paso Times,145300,1988,SENATOR,,,TX,"BENTSEN, LLOYD MILLARD, JR.",Democrat,1,1,,,,0.85,El Paso Times,1808,,,,,,,,,,,,,,,,,,,
TX,El Paso Times,145300,1988,STATE REP,71,71,TX,"HAGGERTY, PAT",Republican,1,,,,,0.85,El Paso Times,1808,,,,,,,,,,,,226227,"haggerty, pat",19082.0,w,modernrepublican,100,1,
TX,El Paso Times,145300,1988,STATE REP,74,74,TX,"PEREZ, NICK",,1,1,,,,0.85,El Paso Times,1808,,,,,,,,,,,,226433,"perez, nick",14848.0,w,democrat,100,1,
TX,El Paso Times,145300,1988,STATE REP,72,72,TX,"WOELPER, WALT",Republican,1,1,,,,0.85,El Paso Times,1808,,,,,,,,,,,,226312,"woelper, walt",3880.0,l,modernrepublican,100,1,
TX,El Paso Times,145300,1988,TX SUPREME COURT,5,5,TX,"COOK, EUGENE",Democrat,1,,,,,0.85,El Paso Times,1808,,,,,,,,,,,,,,,,,,,
TX,El Paso Times,145300,1988,TX SUPREME COURT,4,4,TX,"CULVER, BARBARA G.",Republican,1,,,,,0.85,El Paso Times,1808,,,,,,,,,,,,,,,,,,,
TX,El Paso Times,145300,1988,TX SUPREME COURT,1,1,TX,"DOGGETT, LLOYD",Democrat,1,,,,,0.85,El Paso Times,1808,,,,,,,,,,,,,,,,,,,
TX,El Paso Times,145300,1988,TX SUPREME COURT,3,3,TX,"GONZALEZ, RAUL A.",Democrat,1,,,,,0.85,El Paso Times,1808,,,,,,,,,,,,,,,,,,,
TX,El Paso Times,145300,1988,TX SUPREME COURT,2,2,TX,"HECHT, NATHAN",Republican,1,,,,,0.85,El Paso Times,1808,,,,,,,,,,,,,,,,,,,
TX,El Paso Times,145300,1988,TX SUPREME COURT,,,TX,"PHILLIPS, THOMAS R.",Republican,1,,,,,0.85,El Paso Times,1808,,,,,,,,,,,,,,,,,,,
TX,El Paso Times,145300,1990,AGRICULTURE COMMISSIONER,,,TX,"HIGHTOWER, JIM",Democrat,1,1,,,,0.85,El Paso Times,1808,,,,,,,,,,,,,,,,,,,
TX,El Paso Times,145300,1990,ATTORNEY GENERAL,,,TX,"MORALES, DAN",Democrat,1,,,,,0.85,El Paso Times,1808,,,,,,,,,,,,,,,,,,,
TX,El Paso Times,145300,1990,ATTORNEY GENERAL,,,NM,"UDALL, TOM",,1,,,,NEW MEXICO,0.85,El Paso Times,1808,,,,,,,,,,,,,,,,,,,
TX,El Paso Times,145300,1990,CNTY COMM,2,2,TX,"DOBBS, LINA FRESCAS",,1,,,,,0.85,El Paso Times,1808,,,,,,,,,,,,,,,,,,,
TX,El Paso Times,145300,1990,CNTY JUDGE,,,TX,"CHACON, ALICIA",,1,,,,,0.85,El Paso Times,1808,,,,,,,,,,,,,,,,,,,
TX,El Paso Times,145300,1990,COMPTROLLER,,,TX,"SHARP, JOHN",Democrat,1,,,,,0.85,El Paso Times,1808,,,,,,,,,,,,,,,,,,,
TX,El Paso Times,145300,1990,COURT OF CRIMINAL APPEALS,2,2,TX,"BERCHELMANN, DAVID A., JR.",Republican,1,,,,,0.85,El Paso Times,1808,,,,,,,,,,,,,,,,,,,
TX,El Paso Times,145300,1990,COURT OF CRIMINAL APPEALS,4,4,TX,"KITZMAN, OLIVER",Republican,1,,,,,0.85,El Paso Times,1808,,,,,,,,,,,,,,,,,,,
TX,El Paso Times,145300,1990,COURT OF CRIMINAL APPEALS,3,3,TX,"MALONEY, FRANK",Democrat,1,,,,,0.85,El Paso Times,1808,,,,,,,,,,,,,,,,,,,
TX,El Paso Times,145300,1990,COURT OF CRIMINAL APPEALS,1,1,TX,"STURNS, LOUIS",Republican,1,,,,,0.85,El Paso Times,1808,,,,,,,,,,,,,,,,,,,
TX,El Paso Times,145300,1990,COURT OF CRIMINAL APPEALS,5,5,TX,"WHITE, BILL",Democrat,1,1,,,,0.85,El Paso Times,1808,,,,,,,,,,,,,,,,,,,
TX,El Paso Times,145300,1990,DISTRICT COURT JUDGE,3,3,NM,"CORNISH, THOMAS",,1,,,,NEW MEXICO,0.85,El Paso Times,1808,,,,,,,,,,,,,,,,,,,
TX,El Paso Times,145300,1990,DISTRICT COURT JUDGE,168,168,TX,"RIVERA-EGGEMEYER, LUPE",,1,,,,,0.85,El Paso Times,1808,,,,,,,,,,,,,,,,,,,
TX,El Paso Times,145300,1990,GOVERNOR,,,NM,"BOND, FRANK",Republican,1,,,,NEW MEXICO,0.85,El Paso Times,1808,,,,,,,,,,,,,,,,,,,
TX,El Paso Times,145300,1990,GOVERNOR,,,TX,"RICHARDS, ANN W.",Democrat,1,,,,,0.85,El Paso Times,1808,,,,,,,,,,,,,,,,,,,
TX,El Paso Times,145300,1990,JUDGE,4,4,TX,"SALDIVAR, FELIX",,1,,,,,0.85,El Paso Times,1808,,,,,,,,,,,,,,,,,,,
TX,El Paso Times,145300,1990,JUDGE,4,4,TX,"SCHILD, KITTY",,1,,,,,0.85,El Paso Times,1808,,,,,,,,,,,,,,,,,,,
TX,El Paso Times,145300,1990,JUDGE,1,1,TX,"SEVERSON, JERRY",,1,,,,,0.85,El Paso Times,1808,,,,,,,,,,,,,,,,,,,
TX,El Paso Times,145300,1990,LAND COMMISSIONER,,,NM,"BIGBEE, JOHN",Republican,1,,,,NEW MEXICO,0.85,El Paso Times,1808,,,,,,,,,,,,,,,,,,,
TX,El Paso Times,145300,1990,LAND COMMISSIONER,,,TX,"MAURO, GARRY",Democrat,1,1,,,,0.85,El Paso Times,1808,,,,,,,,,,,,,,,,,,,
TX,El Paso Times,145300,1990,LT GOVERNOR,,,TX,"BULLOCK, ROBERT DOUGLAS (BOB)",Democrat,1,,,,,0.85,El Paso Times,1808,,,,,,,,,,,,,,,,,,,
TX,El Paso Times,145300,1990,LT GOVERNOR,,,NM,"THOMPSON, MARY",,1,,,,NEW MEXICO,0.85,El Paso Times,1808,,,,,,,,,,,,,,,,,,,
TX,El Paso Times,145300,1990,RAILROAD COMMISSION,,,TX,"KRUEGER, ROBERT (BOB)",Democrat,1,,,,,0.85,El Paso Times,1808,,,,,,,,,,,,,,,,,,,
TX,El Paso Times,145300,1990,RAILROAD COMMISSION,,,NM,"SERNA, ERIC",,1,,,,NEW MEXICO,0.85,El Paso Times,1808,,,,,,,,,,,,,,,,,,,
TX,El Paso Times,145300,1990,SEC OF STATE,,,NM,"GONZALES, STEPHANIE",Democrat,1,,,,NEW MEXICO,0.85,El Paso Times,1808,,,,,,,,,,,,,,,,,,,
TX,El Paso Times,145300,1990,SENATOR,,,NM,"DOMENICI, PETE V.",Republican,1,,1,,NEW MEXICO,0.85,El Paso Times,1808,14103,cand191768,0.801,0.257,-0.247,200,96,1,,,,,,,,,,,
TX,El Paso Times,145300,1990,SENATOR,,,TX,"GRAMM, WILLIAM PHILIP (PHIL)",Republican,1,,1,,,0.85,El Paso Times,1808,14628,cand419,1.134,0.551,-0.108,200,85,1,,,,,,,,,,,
TX,El Paso Times,145300,1990,STATE BOARD OF ED,,,NM,"MAYFIELD, L. GRADY",,1,,,,NEW MEXICO,0.85,El Paso Times,1808,,,,,,,,,,,,,,,,,,,
TX,El Paso Times,145300,1990,STATE REP,71,71,TX,"ALLEN, JIM",,1,,1,,,0.85,El Paso Times,1808,,,,,,,,,,,,226226,"allen, jim",10219.0,l,democrat,100,1,
TX,El Paso Times,145300,1990,STATE REP,70,70,TX,"VOWELL, JACK",Republican,1,,1,,,0.85,El Paso Times,1808,,,,,,,,,,,,226156,"vowell, jack",15086.0,w,modernrepublican,100,1,
TX,El Paso Times,145300,1990,STATE SENATOR,29,29,TX,"ROSSON, PEGGY",Democrat,1,,,,,0.85,El Paso Times,1808,,,,,,,,,,,,220581,"rosson, peggy",51487.0,w,democrat,100,1,
TX,El Paso Times,145300,1990,SUPREME COURT,,,NM,"WILSON, KEN",,1,,,,NEW MEXICO,0.85,El Paso Times,1808,,,,,,,,,,,,,,,,,,,
TX,El Paso Times,145300,1990,TREASURER,,,NM,"KING, DAVID",,1,,,,NEW MEXICO,0.85,El Paso Times,1808,,,,,,,,,,,,,,,,,,,
TX,El Paso Times,145300,1990,TX SUPREME COURT,1,1,TX,"CORNYN, JOHN",Republican,1,,,,,0.85,El Paso Times,1808,,,,,,,,,,,,,,,,,,,
TX,El Paso Times,145300,1990,TX SUPREME COURT,2,2,TX,"GAMMAGE, BOB",,1,,,,,0.85,El Paso Times,1808,,,,,,,,,,,,,,,,,,,
TX,El Paso Times,145300,1990,TX SUPREME COURT,,,TX,"PHILLIPS, TOM",Republican,1,,,,,0.85,El Paso Times,1808,,,,,,,,,,,,,,,,,,,
TX,El Paso Times,145300,1992,PRESIDENT,,,TX,"CLINTON, WILLIAM J.",Democrat,1,,1,,,0.85,El Paso Times,1808,99909,cand3333,-0.558,-0.438,0.033,100,80,0.7,,,,,,,,,,,
TX,El Paso Times,145300,1994,AGRICULTURE COMMISSIONER,,,TX,"PERRY, RICK",Republican,1,,,,,0.90,El Paso Times,1808,,,,,,,,,,,,,,,,,,,
TX,El Paso Times,145300,1994,ATTORNEY GENERAL,,,TX,"MORALES, DAN",Democrat,1,1,,,,0.90,El Paso Times,1808,,,,,,,,,,,,,,,,,,,
TX,El Paso Times,145300,1994,CNTY COMM,2,,TX,"AGUILAR, CARLOS II",,1,,,,,0.85,El Paso Times,1808,,,,,,,,,,,,,,,,,,,
TX,El Paso Times,145300,1994,CNTY COMM,4,,TX,"HOOD, JAMES KELLY",,1,,,,,0.85,El Paso Times,1808,,,,,,,,,,,,,,,,,,,
TX,El Paso Times,145300,1994,CNTY JUDGE,,,TX,"RUSS, GARY",,1,,,,,0.85,El Paso Times,1808,,,,,,,,,,,,,,,,,,,
TX,El Paso Times,145300,1994,COMPTROLLER,,,TX,"SHARP, JOHN",Democrat,1,1,,,,0.90,El Paso Times,1808,,,,,,,,,,,,,,,,,,,
TX,El Paso Times,145300,1994,COURT OF CRIMINAL APPEALS,1,,TX,"CAMPBELL, CLINTON F.",,1,,,,,0.80,El Paso Times,1808,,,,,,,,,,,,,,,,,,,
TX,El Paso Times,145300,1994,COURT OF CRIMINAL APPEALS,2,,TX,"MARSHALL, BETTY",,1,,,,,0.80,El Paso Times,1808,,,,,,,,,,,,,,,,,,,
TX,El Paso Times,145300,1994,DISTRICT COURT JUDGE,243,,TX,"GUADERRAMA, DAVID",,1,,,,,0.85,El Paso Times,1808,,,,,,,,,,,,,,,,,,,
TX,El Paso Times,145300,1994,GOVERNOR,,,TX,"RICHARDS, ANN",Democrat,1,1,,,,0.90,El Paso Times,1808,,,,,,,,,,,,,,,,,,,
TX,El Paso Times,145300,1994,H,16,,TX,"COLEMAN, RON",Democrat,1,1,,,,0.90,El Paso Times,1808,15018,cand604,-0.308,-0.402,0.548,100,88,1,,,,,,,,,,,
TX,El Paso Times,145300,1994,LAND COMMISSIONER,,,TX,"MAURO, GARRY",Democrat,1,1,,,,0.90,El Paso Times,1808,,,,,,,,,,,,,,,,,,,
TX,El Paso Times,145300,1994,LT GOVERNOR,,,TX,"BULLOCK, BOB",Democrat,1,1,,,,0.90,El Paso Times,1808,,,,,,,,,,,,,,,,,,,
TX,El Paso Times,145300,1994,RAILROAD COMMISSION,,,TX,"MATTHEWS, CHARLES S.",Republican,1,,,,,0.90,El Paso Times,1808,,,,,,,,,,,,,,,,,,,
TX,El Paso Times,145300,1994,RAILROAD COMMISSION,,,TX,"NABERS, MARY SCOTT",Democrat,1,,,,,0.90,El Paso Times,1808,,,,,,,,,,,,,,,,,,,
TX,El Paso Times,145300,1994,SENATOR,,,TX,"HUTCHISON, KAY BAILEY",Republican,1,,1,,,0.90,El Paso Times,1808,49306,cand1622,1.079,0.356,0.012,200,100,1,,,,,,,,,,,
TX,El Paso Times,145300,1994,STATE BOARD OF ED,1,,TX,"NUNEZ, IRENE",,1,,,,,0.85,El Paso Times,1808,,,,,,,,,,,,,,,,,,,
TX,El Paso Times,145300,1994,STATE REP,78,,TX,"CORBIN, ROBERT",,1,,,,,0.80,El Paso Times,1808,,,,,,,,,,,,,,,,,,,
TX,El Paso Times,145300,1994,TREASURER,,,TX,"WHITEHEAD, MARTHA",Democrat,1,,,,,0.90,El Paso Times,1808,,,,,,,,,,,,,,,,,,,
TX,El Paso Times,145300,1994,TX SUPREME COURT,1,,TX,"GONZALEZ, RAUL",Democrat,1,1,,,,0.90,El Paso Times,1808,,,,,,,,,,,,,,,,,,,
TX,El Paso Times,145300,1994,TX SUPREME COURT,2,,TX,"PARROTT, ALICE OLIVER",Democrat,1,,,,,0.90,El Paso Times,1808,,,,,,,,,,,,,,,,,,,
TX,El Paso Times,145300,1996,CNTY COMM,1,,TX,"HOOTEN, CHARLES",Republican,1,,,,,0.95,El Paso Times,1808,,,,,,,,,,,,,,,,,,,
TX,El Paso Times,145300,1996,COURT OF CRIMINAL APPEALS,1,,TX,"HOLLAND, SUE",Republican,1,,,,,0.95,El Paso Times,1808,,,,,,,,,,,,,,,,,,,
TX,El Paso Times,145300,1996,COURT OF CRIMINAL APPEALS,3,,TX,"MALONEY, FRANK",Democrat,1,,,,,0.95,El Paso Times,1808,,,,,,,,,,,,,,,,,,,
TX,El Paso Times,145300,1996,COURT OF CRIMINAL APPEALS,2,,TX,"WOMACK, PAUL",Republican,1,,,,,0.95,El Paso Times,1808,,,,,,,,,,,,,,,,,,,
TX,El Paso Times,145300,1996,DISTRICT COURT JUDGE,383,,TX,"CARDONE, KATHLEEN",Republican,1,,,,,0.95,El Paso Times,1808,,,,,,,,,,,,,,,,,,,
TX,El Paso Times,145300,1996,DISTRICT COURT JUDGE,384,,TX,"DUROSS, JAMES",Republican,1,,,,,0.95,El Paso Times,1808,,,,,,,,,,,,,,,,,,,
TX,El Paso Times,145300,1996,H,23,,TX,"BONILLA, HENRY",Republican,1,,1,,,0.95,El Paso Times,1808,39302,cand1553,1.102,0.4,0.136,200,100,1,,,,,,,,,,,
TX,El Paso Times,145300,1996,H,16,,TX,"REYES, SILVESTRE",Democrat,1,,,,,0.95,El Paso Times,1808,29764,cand1489,0.047,-0.321,0.304,100,100,1,,,,,,,,,,,
TX,El Paso Times,145300,1996,PRESIDENT,,,TX,"CLINTON, BILL",Democrat,1,,1,,,0.95,El Paso Times,1808,,,,,,,,,,,,,,,,,,,
TX,El Paso Times,145300,1996,RAILROAD COMMISSION,,,TX,"RYLANDER, CAROLE KEETON",Republican,1,,,,,0.95,El Paso Times,1808,,,,,,,,,,,,,,,,,,,
TX,El Paso Times,145300,1996,SENATOR,,,TX,"GRAMM, PHIL",Republican,1,,1,,,0.95,El Paso Times,1808,,,,,,,,,,,,,,,,,,,
TX,El Paso Times,145300,1996,STATE REP,75,,TX,"BARNETT, JIM",Republican,1,,,,,0.95,El Paso Times,1808,,,,,,,,,,,,226515,"barnett, james",7409.0,l,modernrepublican,84,0.7,
TX,El Paso Times,145300,1996,STATE SENATOR,28,,TX,"LANGSTON, DAVID",Democrat,1,,,,,0.95,El Paso Times,1808,,,,,,,,,,,,,,,,,,,
TX,El Paso Times,145300,1996,STATE SENATOR,29,,TX,"SHAPLEIGH, ELIOT",Democrat,1,,,,,0.95,El Paso Times,1808,,,,,,,,,,,,220582,"shapleigh, eliot",89868.0,w,democrat,100,1,
TX,El Paso Times,145300,1996,TAX ASSESSOR,,,TX,"O'ROURKE, PAT",Republican,1,,,,,0.95,El Paso Times,1808,,,,,,,,,,,,,,,,,,,
TX,El Paso Times,145300,1996,TX SUPREME COURT,2,,TX,"BAKER, JAMES",Republican,1,,,,,0.95,El Paso Times,1808,,,,,,,,,,,,,,,,,,,
TX,El Paso Times,145300,1996,TX SUPREME COURT,1,,TX,"BARRON, PATRICE",Democrat,1,,,,,0.95,El Paso Times,1808,,,,,,,,,,,,,,,,,,,
TX,El Paso Times,145300,1996,TX SUPREME COURT,,,TX,"PHILLIPS, TOM",Republican,1,,1,,CHIEF JUSTICE,0.95,El Paso Times,1808,,,,,,,,,,,,,,,,,,,
TX,El Paso Times,145300,1998,AGRICULTURE COMMISSIONER,,,TX,"COMBS, SUSAN",Republican,1,,,,,0.95,El Paso Times,1808,,,,,,,,,,,,,,,,,,,
TX,El Paso Times,145300,1998,ATTORNEY GENERAL,,,TX,"CORNYN, JOHN",Republican,1,,,,,0.95,El Paso Times,1808,40305,cand1578,1.264,0.47,-0.065,200,100,1,,,,,,,,,,,
TX,El Paso Times,145300,1998,CNTY COMM,4,,TX,"HAGGERTY, DAN",,1,,,,,0.90,El Paso Times,1808,,,,,,,,,,,,,,,,,,,
TX,El Paso Times,145300,1998,CNTY JUDGE,,,TX,"BRIONES, DOLORES",,1,,,,,0.90,El Paso Times,1808,,,,,,,,,,,,,,,,,,,
TX,El Paso Times,145300,1998,COMPTROLLER,,,TX,"HOBBY, PAUL",,1,,,,,0.85,El Paso Times,1808,,,,,,,,,,,,,,,,,,,
TX,El Paso Times,145300,1998,COURT OF APPEALS,8,,TX,"LARSEN, SUSAN",,1,,,,,0.90,El Paso Times,1808,,,,,,,,,,,,,,,,,,,
TX,El Paso Times,145300,1998,COURT OF CRIMINAL APPEALS,1,,TX,"BAIRD, CHARLIE",Democrat,1,,,,,0.95,El Paso Times,1808,,,,,,,,,,,,,,,,,,,
TX,El Paso Times,145300,1998,COURT OF CRIMINAL APPEALS,2,,TX,"COCHRAN, WINSTON",Republican,1,,,,,0.95,El Paso Times,1808,,,,,,,,,,,,,,,,,,,
TX,El Paso Times,145300,1998,DISTRICT COURT JUDGE,171,,TX,"RANGEL, BONNIE",,1,,,,,0.90,El Paso Times,1808,,,,,,,,,,,,,,,,,,,
TX,El Paso Times,145300,1998,GOVERNOR,,,TX,"BUSH, GEORGE W.",Republican,1,,,,,0.95,El Paso Times,1808,99910,cand3334,0.938,0.693,-0.539,200,96,1,,,,,,,,,,,
TX,El Paso Times,145300,1998,H,23,,TX,"BONILLA, HENRY",Republican,1,,1,,,0.95,El Paso Times,1808,39302,cand1553,1.102,0.4,0.136,200,100,1,,,,,,,,,,,
TX,El Paso Times,145300,1998,H,16,,TX,"REYES, SILVESTRE",Democrat,1,1,,,,0.95,El Paso Times,1808,29764,cand1489,0.047,-0.321,0.304,100,100,1,,,,,,,,,,,
TX,El Paso Times,145300,1998,LAND COMMISSIONER,,,TX,"RAYMOND, RICHARD",,1,,,,,0.85,El Paso Times,1808,,,,,,,,,,,,,,,,,,,
TX,El Paso Times,145300,1998,LT GOVERNOR,,,TX,"PERRY, RICK",Republican,1,,,,,0.95,El Paso Times,1808,TX11291411,cand201371,1.176,,,200,100,1,,,,,,,,,,,
TX,El Paso Times,145300,1998,RAILROAD COMMISSION,,,TX,"GARZA, TONY",Republican,1,,,,,0.95,El Paso Times,1808,,,,,,,,,,,,,,,,,,,
TX,El Paso Times,145300,1998,STATE BOARD OF ED,,,TX,"NUNEZ, RENE",,1,,,,,0.90,El Paso Times,1808,,,,,,,,,,,,,,,,,,,
TX,El Paso Times,145300,1998,STATE REP,78,,TX,"HAGGERTY, PAT",Republican,1,,1,,,0.90,El Paso Times,1808,H2TX16078,cand44985,1.058,,,200,100,1,,,,226227,"haggerty, pat",17436.0,w,modernrepublican,100,1,
TX,El Paso Times,145300,1998,STATE REP,75,,TX,"NAJERA, MANNY",,1,,,,,0.90,El Paso Times,1808,TX17522,cand111482,-0.48,,,100,100,1,,,,226517,"najera, manny",11822.0,w,democrat,100,1,
TX,El Paso Times,145300,1998,TX SUPREME COURT,3,,TX,"ABBOTT, GREG",Republican,1,,,,,0.95,El Paso Times,1808,,,,,,,,,,,,,,,,,,,
TX,El Paso Times,145300,1998,TX SUPREME COURT,1,,TX,"ENOCH, CRAIG",Republican,1,,,,,0.95,El Paso Times,1808,,,,,,,,,,,,,,,,,,,
TX,El Paso Times,145300,1998,TX SUPREME COURT,4,,TX,"HANKINSON, DEBORAH",Republican,1,,,,,0.95,El Paso Times,1808,,,,,,,,,,,,,,,,,,,
TX,El Paso Times,145300,1998,TX SUPREME COURT,2,,TX,"SPECTOR, ROSE",Democrat,1,,,,,0.95,El Paso Times,1808,,,,,,,,,,,,,,,,,,,
TX,El Paso Times,145300,2000,PRESIDENT,,,TX,"BUSH, GEORGE W.",Republican,1,,,,,0.85,El Paso Times,1808,99908,cand3332nominee,0.98,0.557,-0.547,200,100,1,,,,,,,,,,,
TX,El Paso Times,145300,2002,ATTORNEY GENERAL,,,TX,"WATSON, KIRK",Democrat,1,,,,,0.85,El Paso Times,1808,TX116674,cand111763,-0.056,,,100,92,1,,,,,,,,,,,
TX,El Paso Times,145300,2002,SENATOR,,,TX,"CORNYN, JOHN, III",Republican,1,,,,,0.85,El Paso Times,1808,40305,cand1578,1.264,0.47,-0.065,200,100,1,,,,,,,,,,,
TX,El Paso Times,145300,2004,PRESIDENT,,,TX,"BUSH, GEORGE W.",Republican,1,,1,,,0.85,El Paso Times,1808,99908,cand3332nominee,0.98,0.557,-0.547,200,100,1,,,,,,,,,,,
TX,El Paso Times,145300,2006,AGRICULTURE COMMISSIONER,,,TX,"STAPLES, TODD",Republican,1,,,,,0.85,El Paso Times,1808,,,,,,,,,,,,,,,,,,,
TX,El Paso Times,145300,2006,ATTORNEY GENERAL,,,TX,"ABBOTT, GREG",Republican,1,,1,,,0.85,El Paso Times,1808,TX11001,cand110286,1.301,,,200,100,1,,,,,,,,,,,
TX,El Paso Times,145300,2006,COMPTROLLER,,,TX,"COMBS, SUSAN",Republican,1,,,,,0.85,El Paso Times,1808,,,,,,,,,,,,,,,,,,,
TX,El Paso Times,145300,2006,COURT OF CRIMINAL APPEALS,7,7,TX,"HERVEY, BARBARA PARKER",Republican,1,,1,,,0.85,El Paso Times,1808,,,,,,,,,,,,,,,,,,,
TX,El Paso Times,145300,2006,COURT OF CRIMINAL APPEALS,8,8,TX,"HOLCOMB, CHARLES",Republican,1,,1,,,0.85,El Paso Times,1808,,,,,,,,,,,,,,,,,,,
TX,El Paso Times,145300,2006,COURT OF CRIMINAL APPEALS,,,TX,"KELLER, SHARON",Republican,1,,1,,,0.85,El Paso Times,1808,,,,,,,,,,,,,,,,,,,
TX,El Paso Times,145300,2006,GOVERNOR,,,TX,"PERRY, RICK",Republican,1,,1,,,0.85,El Paso Times,1808,TX11291411,cand201371,1.176,,,200,100,1,,,,,,,,,,,
TX,El Paso Times,145300,2006,LAND COMMISSIONER,,,TX,"PATTERSON, JERRY",Republican,1,,1,,,0.85,El Paso Times,1808,,,,,,,,,,,,,,,,,,,
TX,El Paso Times,145300,2006,LT GOVERNOR,,,TX,"DEWHURST, DAVID H.",Republican,1,,1,,,0.85,El Paso Times,1808,S2TX00361,cand177687,1.028,,,200,100,1,,,,,,,,,,,
TX,El Paso Times,145300,2006,RAILROAD COMMISSION,,,TX,"JONES, ELIZABETH AMES",Republican,1,,,,,0.85,El Paso Times,1808,,,,,,,,,,,,,,,,,,,
TX,El Paso Times,145300,2006,SENATOR,,,TX,"HUTCHISON, KAY BAILEY",Republican,1,,1,,,0.85,El Paso Times,1808,49306,cand1622,1.079,0.356,0.012,200,100,1,,,,,,,,,,,
TX,El Paso Times,145300,2006,TX SUPREME COURT,6,6,TX,"HECHT, NATHAN L.",Republican,1,,1,,,0.85,El Paso Times,1808,,,,,,,,,,,,,,,,,,,
TX,El Paso Times,145300,2006,TX SUPREME COURT,,,TX,"JEFFERSON, WALLACE B.",Republican,1,,1,,,0.85,El Paso Times,1808,,,,,,,,,,,,,,,,,,,
TX,El Paso Times,145300,2006,TX SUPREME COURT,8,8,TX,"JOHNSON, PHIL",Republican,1,,,,,0.85,El Paso Times,1808,,,,,,,,,,,,,,,,,,,
TX,El Paso Times,145300,2006,TX SUPREME COURT,4,4,TX,"MEDINA, DAVID M.",Republican,1,,,,,0.85,El Paso Times,1808,,,,,,,,,,,,,,,,,,,
TX,El Paso Times,145300,2006,TX SUPREME COURT,2,2,TX,"MOODY, WILLIAM E. (BILL)",Democrat,1,,,,,0.85,El Paso Times,1808,,,,,,,,,,,,,,,,,,,
TX,El Paso Times,145300,2008,COURT OF APPEALS,8,8,TX,"CARR, KENNETH R. (KENN)",,1,,,,,0.85,El Paso Times,1808,TX_CP20120,cand177192,0.259,,,328,88,1,,,,,,,,,,,
TX,El Paso Times,145300,2008,DISTRICT COURT JUDGE,448,448,TX,"ANTCLIFF, CHRIS",,1,,,,,0.85,El Paso Times,1808,TX1416398,cand127103,1.069,,,200,78,0.7,,,,,,,,,,,
TX,El Paso Times,145300,2008,DISTRICT COURT JUDGE,1,1,TX,"MINTON, DON W.",,1,,,,,0.85,El Paso Times,1808,TX1418154,cand148659,0.745,,,328,100,1,,,,,,,,,,,
TX,El Paso Times,145300,2008,H,16,16,TX,"REYES, SILVESTRE",Democrat,1,1,,,,0.85,El Paso Times,1808,29764,cand1489,0.047,-0.321,0.304,100,100,1,,,,,,,,,,,
TX,El Paso Times,145300,2008,H,23,23,TX,"RODRIGUEZ, CIRO",Democrat,1,1,,,,0.85,El Paso Times,1808,29771,cand1496,-0.357,-0.349,0.238,100,93,1,,,,,,,,,,,
TX,El Paso Times,145300,2008,PRESIDENT,,,TX,"MCCAIN, JOHN",Republican,1,,,,,0.85,El Paso Times,1808,15039,cand625,0.843,0.381,-0.626,200,92,1,,,,,,,,,,,
TX,El Paso Times,145300,2008,SENATOR,,,TX,"CORNYN, JOHN",Republican,1,,1,,,0.85,El Paso Times,1808,40305,cand1578,1.264,0.47,-0.065,200,100,1,,,,,,,,,,,
TX,El Paso Times,145300,2008,SHERIFF,,EL PASO COUNTY,TX,"WILES, RICHARD",,1,,,,,0.85,El Paso Times,1808,,,,,,,,,,,,,,,,,,,
TX,El Paso Times,145300,2008,STATE REP,75,75,TX,"GARZA, CHARLIE",Republican,1,1,,,,0.85,El Paso Times,1808,TX115918,cand110491,1.193,,,200,80,0.7,,,,292103,"garza, carlos (charlie)",10758.0,l,modernrepublican,75,0.7,
TX,El Paso Times,145300,2008,STATE REP,78,78,TX,"MARGO, DEE",Republican,1,,,,,0.85,El Paso Times,1808,,,,,,,,,,,,,,,,,,,
TX,El Paso Times,145300,2012,PRESIDENT,,,TX,"OBAMA, BARACK",Democrat,1,1,,,,0.85,El Paso Times,1808,99911,cand169967,-1.095,-0.358,-0.197,100,100,1,,,,,,,,,,,
TX,El Paso Times,145300,2018,CNTY COMM,2,,TX,"STOUT, DAVID",Democrat,1,,,,,0.95,El Paso Times,1808,,,,,,,,,,,,,,,,,,,
TX,El Paso Times,145300,2018,CNTY JUDGE,,,TX,"COOK, JOHN",Democrat,1,,,,DUAL ENDORSEMENT WITH SAMANIEGO,0.95,El Paso Times,1808,,,,,,,,,,,,,,,,,,,
TX,El Paso Times,145300,2018,CNTY JUDGE,,,TX,"SAMANIEGO, RICARDO",Democrat,1,,,,DUAL ENDORSEMENT WITH COOK,0.95,El Paso Times,1808,,,,,,,,,,,,,,,,,,,
TX,El Paso Times,145300,2018,DISTRICT COURT JUDGE,210,,TX,"PEREZ, ALYSSA G.",Democrat,1,,,,,0.95,El Paso Times,1808,TX_CP69497,cand172274,-0.691,,,328,96,1,,,,,,,,,,,
TX,El Paso Times,145300,2018,DISTRICT COURT JUDGE,243,,TX,"SOLIS, SELENA",Democrat,1,,,,,0.95,El Paso Times,1808,TX_CP82443,cand69040156,-0.46,,,328,92,1,,,,,,,,,,,
TX,El Paso Times,145300,2018,H,16,16,TX,"ESCOBAR, VERONICA",Democrat,1,1,,,,0.85,El Paso Times,1808,21917,cand141955,-0.491,-0.47,-0.276,100,100,1,,,,,,,,,,,
TX,El Paso Times,145300,2018,JUDGE,1,,TX,"CHEW, PATRICIA",Democrat,1,,,,PROBATE COURT 1,0.95,El Paso Times,1808,,,,,,,,,,,,,,,,,,,
TX,El Paso Times,145300,2018,JUDGE,7,,TX,"MORALES, RUBEN",Democrat,1,,,,COUNTY COURT-AT-LAW 7,0.95,El Paso Times,1808,,,,,,,,,,,,,,,,,,,
TX,El Paso Times,145300,2018,JUDGE,1,,TX,"NUNEZ, RUBEN",Democrat,1,,,,COUNTY COURT-AT-LAW 1,0.95,El Paso Times,1808,,,,,,,,,,,,,,,,,,,
TX,El Paso Times,145300,2018,JUDGE,5,,TX,"RODRIGUEZ, JESUS",Democrat,1,,,,COUNTY COURT-AT-LAW 5,0.95,El Paso Times,1808,,,,,,,,,,,,,,,,,,,
TX,El Paso Times,145300,2018,STATE REP,75,75,TX,"GONZALEZ, MARY E.",Democrat,1,1,,,,0.85,El Paso Times,1808,TX1411744,cand127602,-0.659,,,328,100,1,,,,,,,,,,,
