state_newspaper,newspaper,newspaper_id,year,state_election,prop_type,prop_num,prop_desc,endorsed,notes_endorse,extraction_confidence
CA,LOS ANGELES TIMES,103000,1884,CA,BOND,,COURT HOUSE BOND,YES,,
CA,LOS ANGELES TIMES,103000,1892,CA,BOND,,WATER BONDS,YES,,
CA,LOS ANGELES TIMES,103000,1902,CA,AMENDMENT,18,FISH AND GAME DISTRICTS,YES,,
CA,LOS ANGELES TIMES,103000,1902,CA,AMENDMENT,20,STATE HIGHQWAYS,YES,,
CA,LOS ANGELES TIMES,103000,1902,CA,AMENDMENT,28,,NO,,
CA,LOS ANGELES TIMES,103000,1908,CA,BALLOT MEASURE,,MOVE CAPITOL FROM SACRAMENTO TO BERKELEY,NO,,
CA,LOS ANGELES TIMES,103000,1908,CA,BALLOT MEASURE,,SEAWALL ACT,NO,,
CA,LOS ANGELES TIMES,103000,1908,CA,BALLOT MEASURE,,INDIAN BASIN ACT,NO,,
CA,LOS ANGELES TIMES,103000,1908,CA,AMENDMENT,3,DIRECT PRIMARIES,NO,,
CA,LOS ANGELES TIMES,103000,1908,CA,AMENDMENT,7,TECHNICAL CHANGE: APPOINTING TOWNSHIP OFFICERS,YES,,
CA,LOS ANGELES TIMES,103000,1908,CA,AMENDMENT,8,CUTTING NON-ELEMENTARY SCHOOLS OUT OF TAX BENEFIT,NO,,
CA,LOS ANGELES TIMES,103000,1908,CA,AMENDMENT,24,CHANGING STATE BOARD OF EDUC ORGANIZATION,NO,,
CA,LOS ANGELES TIMES,103000,1908,CA,AMENDMENT,28,EXTEND TIME GOV CAN VETO OR SIGN BILLS,YES,,
CA,LOS ANGELES TIMES,103000,1908,CA,AMENDMENT,1,TAX: SEPARATION OF STATE & LOCAL,NO,,
CA,LOS ANGELES TIMES,103000,1908,CA,AMENDMENT,14,INCREASE SALARIES OF STATE OFFICERS,NO,,
CA,LOS ANGELES TIMES,103000,1908,CA,AMENDMENT,16,"LEG: SESSION LENGTH, COMPENS",YES,,
CA,LOS ANGELES TIMES,103000,1908,CA,AMENDMENT,24,LOTTERIES AND BUCKET SHOPS,NO,,
CA,LOS ANGELES TIMES,103000,1908,CA,AMENDMENT,26,TAX ON MORTGAGES,NO,,
CA,LOS ANGELES TIMES,103000,1908,CA,AMENDMENT,29,CREDIT FOR PUBLIC IMPROVEMENTS,YES,,
CA,LOS ANGELES TIMES,103000,1908,CA,AMENDMENT,31,EXTEND TERMS OF EXISTENCE OF CORPS,YES,,
CA,LOS ANGELES TIMES,103000,1908,CA,AMENDMENT,32,LIMITING EXPENSE ACCOUNT OF LEG,YES,,
CA,LOS ANGELES TIMES,103000,1908,CA,AMENDMENT,33,FIX CREDIT OF EXPOSITION COMPANIES,YES,,
CA,LOS ANGELES TIMES,103000,1908,CA,AMENDMENT,34,LOTTERIES AND FICTITIOUS STOCKS,NO,,
CA,LOS ANGELES TIMES,103000,1914,CA,Proposition,3,PROHIBITION OF ALCOHOL,NO,,
CA,LOS ANGELES TIMES,103000,1914,CA,Proposition,4,"EIGHT-HOUR LAW, 48-HOUR WORK WEEK",NO,,
CA,LOS ANGELES TIMES,103000,1914,CA,Proposition,7,LOCAL TAXATION EXEMPTION,NO,,
CA,LOS ANGELES TIMES,103000,1914,CA,Proposition,45,ONE DAY OF REST IN SEVEN,NO,,
CA,LOS ANGELES TIMES,103000,1914,CA,Proposition,,HURTFUL PROPOSITIONS,NO,"Says to vote against ""all hurtful propositions"", and if you don't know what the proposition is, to vote against it",
CA,LOS ANGELES TIMES,103000,1916,CA,Proposition,3,STATE HIGHWAY BOND $15M,YES,,
CA,LOS ANGELES TIMES,103000,1916,CA,Proposition,5,TAX: LAND VALUES (SINGLE-TAX),NO,,
CA,LOS ANGELES TIMES,103000,1918,CA,Proposition,1,ALCOHOL: REGULATION,YES,,
CA,LOS ANGELES TIMES,103000,1918,CA,Proposition,2,DEPOSIT OF PUBLIC MONEYS,YES,,
CA,LOS ANGELES TIMES,103000,1918,CA,Proposition,3,USURY LAW,YES,,
CA,LOS ANGELES TIMES,103000,1918,CA,Proposition,4,ABSENT VOTERS,NO,,
CA,LOS ANGELES TIMES,103000,1918,CA,Proposition,5,ORGANIZATION OF COUNTY WITHIN CONSOLIDATED CITY AND COUNTY GOVT,YES,,
CA,LOS ANGELES TIMES,103000,1918,CA,Proposition,6,LEG POWER OVER COURTS,NO,,
CA,LOS ANGELES TIMES,103000,1918,CA,Proposition,7,LOS ANGELES COUNTY FUNDS,YES,,
CA,LOS ANGELES TIMES,103000,1918,CA,Proposition,8,"UNIVERSITY OF CALIFORNIA, ESTABLISH REGENTS, COMPETITIVE BIDDING, GROUNDS FOR DENIAL OF ADMISSION",YES,,
CA,LOS ANGELES TIMES,103000,1918,CA,Proposition,9,ADD NEW APPELLATE COURT DIVISIONS,YES,,
CA,LOS ANGELES TIMES,103000,1918,CA,Proposition,10,BOROUGH GOVT PERMANENCY,YES,,
CA,LOS ANGELES TIMES,103000,1918,CA,Proposition,11,EXEMPTING CEMETERIES FROM TAXATION,NO,,
CA,LOS ANGELES TIMES,103000,1918,CA,Proposition,12,REIMBURSING CITIES FOR REVENUE LOSSES FROM TAXATION EXEMPTIONS FOR MILITARY SERVICE,NO,,
CA,LOS ANGELES TIMES,103000,1918,CA,Proposition,13,CONDEMNATION OF RIGHT OF WAY FOR PUBLIC USE,YES,,
CA,LOS ANGELES TIMES,103000,1918,CA,Proposition,14,TAX EXEMPT: YMCA & YWCA,YES,,
CA,LOS ANGELES TIMES,103000,1918,CA,Proposition,15,"CREATE BUDGET BOARD, OMINBUS BILLS",NO,,
CA,LOS ANGELES TIMES,103000,1918,CA,Proposition,16,CITY OF VENICE INDEBTEDNESS,YES,,
CA,LOS ANGELES TIMES,103000,1918,CA,Proposition,17,TAX: COUNTY & SCHOOL LIMITS,YES,,
CA,LOS ANGELES TIMES,103000,1918,CA,Proposition,18,TAX: COUNTY & SCHOOL LIMITS,YES,,
CA,LOS ANGELES TIMES,103000,1918,CA,Proposition,19,TAX: LAND VALUES (SINGLE-TAX),NO,,
CA,LOS ANGELES TIMES,103000,1918,CA,Proposition,20,"HEALTH INSURANCE, LOWER-INCOME WORKERS",NO,,
CA,LOS ANGELES TIMES,103000,1918,CA,Proposition,21,REGUL: DENTISTRY (RELAX),YES,,
CA,LOS ANGELES TIMES,103000,1918,CA,Proposition,22,ALCOHOL: PROHIBITION,NO,,
CA,LOS ANGELES TIMES,103000,1918,CA,Proposition,23,ESTABLISH WORKMEN'S COMPENSATION,NO,,
CA,LOS ANGELES TIMES,103000,1918,CA,Proposition,24,STOCKHOLDER'S LIMITED LIABILITY,YES,,
CA,LOS ANGELES TIMES,103000,1918,CA,Proposition,25,EMINENT DOMAIN,YES,,
CA,LOS ANGELES TIMES,103000,1920,CA,Proposition,12,TAX: STATE UNIVERSITY TAX,NO,,
CA,LOS ANGELES TIMES,103000,1922,CA,Proposition,1,VETS HOME LOANS VALIDATING ACT,YES,,
CA,LOS ANGELES TIMES,103000,1922,CA,Proposition,2,ALCOHOL: PROHIBIT ENFORCEMENT ACT,YES,,
CA,LOS ANGELES TIMES,103000,1922,CA,Proposition,3,VETS BOND $10M,YES,,
CA,LOS ANGELES TIMES,103000,1922,CA,Proposition,4,LAND SETTLEMENT BOND $3M,NO,,
CA,LOS ANGELES TIMES,103000,1922,CA,Proposition,5,REGUL: TENEMENT HOUSES & HOTELS,NO,,
CA,LOS ANGELES TIMES,103000,1922,CA,Proposition,6,REGUL: TITLE INSURANCE (CLASS BY POP),YES,,
CA,LOS ANGELES TIMES,103000,1922,CA,Proposition,7,TAX EXEMPT: VETS,YES,,
CA,LOS ANGELES TIMES,103000,1922,CA,Proposition,8,"MUNICIPALITIES, ANNEXATION",YES,,
CA,LOS ANGELES TIMES,103000,1922,CA,Proposition,9,"MUNICIPAL CHARTERS, CREATING BOROUGHS",YES,,
CA,LOS ANGELES TIMES,103000,1922,CA,Proposition,10,TAX: PUBLY OWNED UTILITIES,YES,,
CA,LOS ANGELES TIMES,103000,1922,CA,Proposition,11,REGUL: PUBLY OWNED UTILITIES,YES,,
CA,LOS ANGELES TIMES,103000,1922,CA,Proposition,12,STATE BUDGET PROCESS,YES,,
CA,LOS ANGELES TIMES,103000,1922,CA,Proposition,13,JUDGES SALARIES,NO,,
CA,LOS ANGELES TIMES,103000,1922,CA,Proposition,14,TAX: LOCAL TAXES ON NON-CA SECURITIES,YES,,
CA,LOS ANGELES TIMES,103000,1922,CA,Proposition,15,TAX: STATE TAXES ON PUB UTILITIES,NO,,
CA,LOS ANGELES TIMES,103000,1922,CA,Proposition,16,CHIROPRACTORS,YES,,
CA,LOS ANGELES TIMES,103000,1922,CA,Proposition,17,USE OF STREAMS,NO,,
CA,LOS ANGELES TIMES,103000,1922,CA,Proposition,18,"MUNICIPAL PUB WORKS, JOINT PROJECTS",NO,,
CA,LOS ANGELES TIMES,103000,1922,CA,Proposition,19,"WATER & POWER BOARD, AUTH BOND $500M",NO,,
CA,LOS ANGELES TIMES,103000,1922,CA,Proposition,20,REGUL: OSTEOPATHS,YES,,
CA,LOS ANGELES TIMES,103000,1922,CA,Proposition,21,PROHIBIT SPECIAL LAWS FOR WATER DISTR,NO,,
CA,LOS ANGELES TIMES,103000,1922,CA,Proposition,22,ABSENT VOTERS,NO,,
CA,LOS ANGELES TIMES,103000,1922,CA,Proposition,23,DEPOSIT OF PUB MONEYS,YES,,
CA,LOS ANGELES TIMES,103000,1922,CA,Proposition,24,REGUL: LAW PRACTICE,YES,,
CA,LOS ANGELES TIMES,103000,1922,CA,Proposition,25,JUDGES PRO TEMPORE,YES,,
CA,LOS ANGELES TIMES,103000,1922,CA,Proposition,26,PERMIT MULTI-COUNTY SCHOOL DISTRICTS,YES,,
CA,LOS ANGELES TIMES,103000,1922,CA,Proposition,27,INIT: 15% (NOT 8%) SIGNATURES ON TAXES,YES,,
CA,LOS ANGELES TIMES,103000,1922,CA,Proposition,28,PROHIBIT VIVISECTION,,no recommendation,
CA,LOS ANGELES TIMES,103000,1922,CA,Proposition,29,TAX: LAND FRANCHISES (SINGLE-TAX),NO,,
CA,LOS ANGELES TIMES,103000,1922,CA,Proposition,30,RAIL & ROAD FRANCHISES,NO,,
CA,LOS ANGELES TIMES,103000,1924,CA,Proposition,1,TAX: HIGHWAY TRANSPORTATION CO'S,NO,,
CA,LOS ANGELES TIMES,103000,1924,CA,Proposition,2,LEG SALARIES & EXPENSES,YES,,
CA,LOS ANGELES TIMES,103000,1924,CA,Proposition,3,DEPOSIT OF PUB FUNDS,YES,,
CA,LOS ANGELES TIMES,103000,1924,CA,Proposition,4,INFERIOR COURTS,YES,,
CA,LOS ANGELES TIMES,103000,1924,CA,Proposition,5,TRANSFER OF FUNDS ACROSS FISCAL YEARS,NO,,
CA,LOS ANGELES TIMES,103000,1924,CA,Proposition,6,TAX: PERSONAL PROPERTY,NO,,
CA,LOS ANGELES TIMES,103000,1924,CA,Proposition,7,ALLOW PROF. BOXING & WRESTLING,YES,,
CA,LOS ANGELES TIMES,103000,1924,CA,Proposition,8,COMPENS OF COUNTY OFFICERS,NO,,
CA,LOS ANGELES TIMES,103000,1924,CA,Proposition,9,TAX: NON-CA SECURITIES,YES,,
CA,LOS ANGELES TIMES,103000,1924,CA,Proposition,10,TAX EXEMPT: COUNTY FIRE INSURANCE CO'S,NO,,
CA,LOS ANGELES TIMES,103000,1924,CA,Proposition,11,KLAMATH RIVER FISH & GAME DISTRICT,YES,,
CA,LOS ANGELES TIMES,103000,1924,CA,Proposition,12,MUNICIPAL COURTS,YES,,
CA,LOS ANGELES TIMES,103000,1924,CA,Proposition,13,TAX: REESTAB POLL TAX,NO,,
CA,LOS ANGELES TIMES,103000,1924,CA,Proposition,14,TAX EXEMPT: BONDS,NO,,
CA,LOS ANGELES TIMES,103000,1924,CA,Proposition,15,TAX EXEMPT: AIRPORT AUTHORITY,YES,,
CA,LOS ANGELES TIMES,103000,1924,CA,Proposition,16,"WATER & POWER BOARD, AUTH BOND $500M",NO,,
CA,LOS ANGELES TIMES,103000,1924,CA,Proposition,17,EMINENT DOMAIN,YES,,
CA,LOS ANGELES TIMES,103000,1924,CA,Proposition,18,SUFFRAGE: MOVING 30 DAYS BEFORE ELEC,NO,,
CA,LOS ANGELES TIMES,103000,1926,CA,Proposition,1,VETS BOND $20M,YES,,
CA,LOS ANGELES TIMES,103000,1926,CA,Proposition,2,TAX: HIGHWAY TRASPORTATION CO'S,YES,,
CA,LOS ANGELES TIMES,103000,1926,CA,Proposition,3,"REGUL, TAX: OLEOMARGARINE",NO,,
CA,LOS ANGELES TIMES,103000,1926,CA,Proposition,4,TAX: INCREASE GASOLINE TAX (33%),NO,,
CA,LOS ANGELES TIMES,103000,1926,CA,Proposition,5,SALARIES OF STATE OFFICERS,YES,,
CA,LOS ANGELES TIMES,103000,1926,CA,Proposition,6,ALLOW BETTING ON HORSE RACING,NO,,
CA,LOS ANGELES TIMES,103000,1926,CA,Proposition,7,TAX: SHORT LINE STEAM RAILROADS,YES,,
CA,LOS ANGELES TIMES,103000,1926,CA,Proposition,8,STATE HIGHWAYS,YES,,
CA,LOS ANGELES TIMES,103000,1926,CA,Proposition,9,ALCOHOL: REPEAL PROHIBITION,NO,,
CA,LOS ANGELES TIMES,103000,1926,CA,Proposition,10,STATE BUILDING & UNIVERSITY BOND $8.5M,YES,,
CA,LOS ANGELES TIMES,103000,1926,CA,Proposition,11,TAX EXEMPT: SECONDARY SCHOOLS,NO,,
CA,LOS ANGELES TIMES,103000,1926,CA,Proposition,12,TAX EXEMPT: VETS & WIDOWS,NO,,
CA,LOS ANGELES TIMES,103000,1926,CA,Proposition,13,SUFFRAGE: ABSENT VOTERS,NO,,
CA,LOS ANGELES TIMES,103000,1926,CA,Proposition,14,"CORPS, 2/3 VOTE TO ISSUE STOCK OR BONDS",YES,,
CA,LOS ANGELES TIMES,103000,1926,CA,Proposition,15,LEG POWERS OVER SCHOOL DISTRICTS,YES,,
CA,LOS ANGELES TIMES,103000,1926,CA,Proposition,16,SALARIES OF JUDGES,YES,,
CA,LOS ANGELES TIMES,103000,1926,CA,Proposition,17,REQUIRING BIBLE IN SCHOOLS,YES,,
CA,LOS ANGELES TIMES,103000,1926,CA,Proposition,18,"WATER & POWER BOARD, AUTH BOND $500M",NO,,
CA,LOS ANGELES TIMES,103000,1926,CA,Proposition,19,PENSIONING JUDGES,YES,,
CA,LOS ANGELES TIMES,103000,1926,CA,Proposition,20,REAPPORTIONMENT COMMISSION,YES,,
CA,LOS ANGELES TIMES,103000,1926,CA,Proposition,21,DEBTS BY POLITICAL SUBDIVISIONS,YES,,
CA,LOS ANGELES TIMES,103000,1926,CA,Proposition,22,TAX EXEMPT: FOREST TREES,YES,,
CA,LOS ANGELES TIMES,103000,1926,CA,Proposition,23,NONPARTISAN PRIMARY ELECTIONS,YES,,
CA,LOS ANGELES TIMES,103000,1926,CA,Proposition,24,"IRRIGATION DISTRICTS, TRANSFER OF FUNDS",YES,,
CA,LOS ANGELES TIMES,103000,1926,CA,Proposition,25,TAX EXEMPT: NONPROFIT CEMETERIES,YES,,
CA,LOS ANGELES TIMES,103000,1926,CA,Proposition,26,GIVE APPELLATE COURTS TRIAL COURT POWER,YES,,
CA,LOS ANGELES TIMES,103000,1926,CA,Proposition,27,ESTAB JUDICIAL COUNCIL,YES,,
CA,LOS ANGELES TIMES,103000,1926,CA,Proposition,28,LEG REAPPORTIONMENT,,no recommendation,
CA,LOS ANGELES TIMES,103000,1928,CA,Proposition,1,LEG REAPPORTIONMENT,YES,,
CA,LOS ANGELES TIMES,103000,1928,CA,Proposition,2,OLYMPIAD BOND $1M,YES,,
CA,LOS ANGELES TIMES,103000,1928,CA,Proposition,3,TAX: BANKS,YES,,
CA,LOS ANGELES TIMES,103000,1928,CA,Proposition,4,PARK & BEACH BOND $6M,YES,,
CA,LOS ANGELES TIMES,103000,1928,CA,Proposition,5,BAN PROF. BOXING & WRESTLING,NO,,
CA,LOS ANGELES TIMES,103000,1928,CA,Proposition,6,ESTAB BOARD OF EDUCATION,YES,,
CA,LOS ANGELES TIMES,103000,1928,CA,Proposition,7,WATER RIGHTS,YES,,
CA,LOS ANGELES TIMES,103000,1928,CA,Proposition,8,MOTOR VEHICLE REG FEES (ESP. TRUCKS),YES,,
CA,LOS ANGELES TIMES,103000,1928,CA,Proposition,9,STATE AQUIS. OF RIGHTS OF WAY,YES,,
CA,LOS ANGELES TIMES,103000,1928,CA,Proposition,10,STATE AQUIS. OF LAND FOR PUB IMPROV,YES,,
CA,LOS ANGELES TIMES,103000,1928,CA,Proposition,11,LEG'S POWERS OVER COURTS,YES,,
CA,LOS ANGELES TIMES,103000,1928,CA,Proposition,12,"AUTH. STATE AID TO NEEDY, HANDICAPPED",YES,,
CA,LOS ANGELES TIMES,103000,1928,CA,Proposition,13,ALLOW GOVTS TO HOLD STOCK IN WATER CO'S,YES,,
CA,LOS ANGELES TIMES,103000,1928,CA,Proposition,14,AUTH. QUASI-PUB CORPS TO EXTEND TERM,YES,,
CA,LOS ANGELES TIMES,103000,1928,CA,Proposition,15,JUROR'S FEES,NO,,
CA,LOS ANGELES TIMES,103000,1928,CA,Proposition,16,STOCKHOLDER LIABILITY,YES,,
CA,LOS ANGELES TIMES,103000,1928,CA,Proposition,17,AUTH. RAIL GRADE SEPARATION BONDS $10M,NO,,
CA,LOS ANGELES TIMES,103000,1928,CA,Proposition,18,ABSENT VOTERS,YES,,
CA,LOS ANGELES TIMES,103000,1928,CA,Proposition,19,AUTH. STATE AID TO NEEDY BLIND,YES,,
CA,LOS ANGELES TIMES,103000,1928,CA,Proposition,20,WAIVING JURY TIRAL IN CRIMINAL CASES,YES,,
CA,LOS ANGELES TIMES,103000,1928,CA,Proposition,21,BAN CERTAIN ANIMAL ABUSE (ANTI-RODEO),NO,,
CA,LOS ANGELES TIMES,103000,1930,CA,Proposition,1,VETS BOND $20M,YES,,
CA,LOS ANGELES TIMES,103000,1930,CA,Proposition,2,APPORTION TAXES TO FIREMEN'S FUNDS,NO,,
CA,LOS ANGELES TIMES,103000,1930,CA,Proposition,3,LEG MAY FIX COMP. OF STATE EXEC OFFIC.,NO,,
CA,LOS ANGELES TIMES,103000,1930,CA,Proposition,4,TAX: STREET RAILWAYS,YES,,
CA,LOS ANGELES TIMES,103000,1930,CA,Proposition,5,STATE EMPLOYEES RETIRMENT SALARIES,NO,,
CA,LOS ANGELES TIMES,103000,1930,CA,Proposition,6,TAX: STATE TOLL BRIDGES,,,
CA,LOS ANGELES TIMES,103000,1930,CA,Proposition,7,DAYLIGHT SAVING ACT,NO,,
CA,LOS ANGELES TIMES,103000,1930,CA,Proposition,8,TAX EXEMPT: HOSPITALS & SANITORIUMS,NO,,
CA,LOS ANGELES TIMES,103000,1930,CA,Proposition,9,S.F. HARBOR BOND $10M,YES,,
CA,LOS ANGELES TIMES,103000,1930,CA,Proposition,10,USURY LAW,NO,,
CA,LOS ANGELES TIMES,103000,1930,CA,Proposition,11,REGUL: FISH & GAME,YES,,
CA,LOS ANGELES TIMES,103000,1930,CA,Proposition,12,EXPENSES FOR LEG HELP,YES,,
CA,LOS ANGELES TIMES,103000,1930,CA,Proposition,13,AUTH. PAYMENTS FOR DESTROYED LIVESTOCK,YES,,
CA,LOS ANGELES TIMES,103000,1930,CA,Proposition,14,PERMANENT VOTER REGISTRATION,YES,,
CA,LOS ANGELES TIMES,103000,1930,CA,Proposition,15,"TAX EXEMPT: HUNTINGTON LIBRARY, GALLERY",YES,,
CA,LOS ANGELES TIMES,103000,1930,CA,Proposition,16,LEG POWER TO SET RULES FOR CORPS,YES,,
CA,LOS ANGELES TIMES,103000,1930,CA,Proposition,17,TAX: OCEAN MARINE INSURERS,YES,,
CA,LOS ANGELES TIMES,103000,1930,CA,Proposition,18,TAX: MOTOR VEHICLES,NO,,
CA,LOS ANGELES TIMES,103000,1930,CA,Proposition,19,JUDICIARY DISQUALIFICATIONS,YES,,
CA,LOS ANGELES TIMES,103000,1930,CA,Proposition,20,GOVERNOR'S COUNCIL,YES,,
CA,LOS ANGELES TIMES,103000,1930,CA,Proposition,21,TAX: REIMBURSING COUNTIES,NO,,
CA,LOS ANGELES TIMES,103000,1930,CA,Proposition,22,MUNICIPAL CHARTER AMENDS,YES,,
CA,LOS ANGELES TIMES,103000,1930,CA,Proposition,23,CONST CONVENTION,NO,,
CA,LOS ANGELES TIMES,103000,1930,CA,Proposition,24,LEG MAY CHANGE NO. OF SUPERIOR JUDGES,YES,,
CA,LOS ANGELES TIMES,103000,1930,CA,Proposition,25,SUFFRAGE: 40 DAY RESIDENCY,YES,,
CA,LOS ANGELES TIMES,103000,1930,CA,Proposition,26,SUNDAY CLOSING LAW,NO,,
CA,LOS ANGELES TIMES,103000,1932,CA,Proposition,1,"REGUL: OIL PRODUCTION, CONSERVATION",,,
CA,LOS ANGELES TIMES,103000,1932,CA,Proposition,1,ALCOHOL: REPEAL PROHIBITION,NO,,
CA,LOS ANGELES TIMES,103000,1932,CA,Proposition,2,PROHIB LEASE OF STATE TIDELANDS FOR OIL,,,
CA,LOS ANGELES TIMES,103000,1932,CA,Proposition,2,ALCOHOL: STATE REGUL (NO LOCAL OPTION),NO,,
CA,LOS ANGELES TIMES,103000,1932,CA,Proposition,3,FORECLOSURE OF MORTGAGES & TRUST DEEDS,NO,,
CA,LOS ANGELES TIMES,103000,1932,CA,Proposition,4,USE OF HIGHWAY TRANSPORTATION TAXES,NO,,
CA,LOS ANGELES TIMES,103000,1932,CA,Proposition,5,"RACING, ALLOW BETTING, SET LICENCE FEES",NO,,
CA,LOS ANGELES TIMES,103000,1932,CA,Proposition,6,TAX: VETS REDEMPTION,YES,,
CA,LOS ANGELES TIMES,103000,1932,CA,Proposition,7,LEG EXPENSES,NO,,
CA,LOS ANGELES TIMES,103000,1932,CA,Proposition,8,INIT & REF,YES,,
CA,LOS ANGELES TIMES,103000,1932,CA,Proposition,9,"TAX: INCOME, SALES, SCHOOL FUNDS",NO,,
CA,LOS ANGELES TIMES,103000,1932,CA,Proposition,10,ALLOW ESCONDIDO TO HOLD WATER CO STOCK,YES,,
CA,LOS ANGELES TIMES,103000,1932,CA,Proposition,11,TIDELAND GRANT TO HUNTINGTON BEACH,NO,,
CA,LOS ANGELES TIMES,103000,1932,CA,Proposition,12,ALLOW GLENDALE TO PAY IMPROVEMENT ASSES,YES,,
CA,LOS ANGELES TIMES,103000,1932,CA,Proposition,13,"BOXING & WRESTLING, LEG POWER OVER LAW",NO,,
CA,LOS ANGELES TIMES,103000,1932,CA,Proposition,14,TAX EXEMPT: VESSELS,YES,,
CA,LOS ANGELES TIMES,103000,1932,CA,Proposition,15,DEPOSIT OF PUB FUNDS,YES,,
CA,LOS ANGELES TIMES,103000,1932,CA,Proposition,16,"TAX LIENS, 30 YEAR LIMITATION",YES,,
CA,LOS ANGELES TIMES,103000,1932,CA,Proposition,17,CITY CHARTERS,YES,,
CA,LOS ANGELES TIMES,103000,1932,CA,Proposition,18,BOARDS OF SUP TO DRAFT COUNTY CHARTERS,YES,,
CA,LOS ANGELES TIMES,103000,1932,CA,Proposition,19,CITY CHARTER PROVISIONS FOR ELECTIONS,NO,,
CA,LOS ANGELES TIMES,103000,1932,CA,Proposition,20,COUNTY CHARTER PROVISIONS FOR ELECTIONS,NO,,
CA,LOS ANGELES TIMES,103000,1933,CA,Proposition,1,TAX: PUB UTILITIES,NO,,
CA,LOS ANGELES TIMES,103000,1933,CA,Proposition,1,WATER & POWER (CENTRAL VALLEY PROJECT),,,
CA,LOS ANGELES TIMES,103000,1933,CA,Proposition,2,UNEMPLOYMENT RELIEF BOND $20M,YES,,
CA,LOS ANGELES TIMES,103000,1933,CA,Proposition,3,"HORSE RACING, ALLOW BETTING",NO,,
CA,LOS ANGELES TIMES,103000,1933,CA,Proposition,4,TAX EXEMPT: NONPROFIT EDUC INSTITUTIONS,YES,,
CA,LOS ANGELES TIMES,103000,1933,CA,Proposition,5,ASSESS PROPERTY DAMAGE OF SC EARHQUAKE,YES,,
CA,LOS ANGELES TIMES,103000,1933,CA,Proposition,6,IRRIG & RECLAMATION REFINANCE BOND $55M,NO,,
CA,LOS ANGELES TIMES,103000,1933,CA,Proposition,7,EFFECTIVE DATES OF LEG ACTS,YES,,
CA,LOS ANGELES TIMES,103000,1933,CA,Proposition,8,COMPENS OF COUNTY GOVT OFFICIALS,YES,,
CA,LOS ANGELES TIMES,103000,1933,CA,Proposition,9,DIVERT GASOLINE TAX FUNDS,YES,,
CA,LOS ANGELES TIMES,103000,1933,CA,Proposition,10,DIVERT GASOLINE TAX FUNDS,YES,,
CA,LOS ANGELES TIMES,103000,1934,CA,Proposition,1,VETS BOND $30M,YES,,
CA,LOS ANGELES TIMES,103000,1934,CA,Proposition,2,ALCOHOL REGUL,YES,,
CA,LOS ANGELES TIMES,103000,1934,CA,Proposition,3,SELECTION OF JUDGES,YES,,
CA,LOS ANGELES TIMES,103000,1934,CA,Proposition,4,"ATTORNEY GENERAL, INCREASE POWER",YES,,
CA,LOS ANGELES TIMES,103000,1934,CA,Proposition,5,"PERMIT COMMENT ON ""TAKING 5TH""",YES,,
CA,LOS ANGELES TIMES,103000,1934,CA,Proposition,6,PLEADING GUILTY BEFORE MAGISTRATE,YES,,
CA,LOS ANGELES TIMES,103000,1934,CA,Proposition,7,"STATE CIVIL SERVICE, MERIT SYSTEM",YES,,
CA,LOS ANGELES TIMES,103000,1934,CA,Proposition,8,CONST CONVENTION,YES,,
CA,LOS ANGELES TIMES,103000,1934,CA,Proposition,9,CHIROPRACTIC,YES,,
CA,LOS ANGELES TIMES,103000,1934,CA,Proposition,10,CLAIMS & BUDGETS,YES,,
CA,LOS ANGELES TIMES,103000,1934,CA,Proposition,11,MAKE STATE BOARD OF EDUCATION ELECTIVE,NO,,
CA,LOS ANGELES TIMES,103000,1934,CA,Proposition,12,INTEREST RATES,YES,,
CA,LOS ANGELES TIMES,103000,1934,CA,Proposition,13,ALCOHOL: LOCAL OPTION,YES,,
CA,LOS ANGELES TIMES,103000,1934,CA,Proposition,14,SUPERIOR COURT JUDGES,YES,,
CA,LOS ANGELES TIMES,103000,1934,CA,Proposition,15,SUPERIOR COURT - JUDICIAL ELECT. DISTR.,NO,,
CA,LOS ANGELES TIMES,103000,1934,CA,Proposition,16,MUNICIPAL COURTS,NO,,
CA,LOS ANGELES TIMES,103000,1934,CA,Proposition,17,REGUL: NATUROPATHS,,,
CA,LOS ANGELES TIMES,103000,1934,CA,Proposition,18,"WATER RESOURCES, REGUL, BOND AUTH",NO,,
CA,LOS ANGELES TIMES,103000,1934,CA,Proposition,19,RULES REGARDING STATE BONDS,NO,,
CA,LOS ANGELES TIMES,103000,1934,CA,Proposition,20,CITY STOCK OWNERSHIP IN MUTUAL WATER CO,YES,,
CA,LOS ANGELES TIMES,103000,1934,CA,Proposition,21,EMINENT DOMAIN,YES,,
CA,LOS ANGELES TIMES,103000,1934,CA,Proposition,22,AUTHORIZE JOINT ACTIONS OF LOCAL GOVTS,NO,,
CA,LOS ANGELES TIMES,103000,1934,CA,Proposition,23,UNEMPLOYMENT RELIEF BOND $24M,YES,,
CA,LOS ANGELES TIMES,103000,1935,CA,Proposition,1,STATE BUILDING BOND $13.95M,,,
CA,LOS ANGELES TIMES,103000,1935,CA,Proposition,2,AUTH STATE TO BORROW,,,
CA,LOS ANGELES TIMES,103000,1935,CA,Proposition,3,RECTOR DAM PROJECT,,,
CA,LOS ANGELES TIMES,103000,1936,CA,Proposition,2,TAX: REPEAL PERSONAL INCOME TAX,YES,,
CA,LOS ANGELES TIMES,103000,1936,CA,Proposition,3,ALCOHOL: CREATE BEVERAGE COMMISSION,NO,,
CA,LOS ANGELES TIMES,103000,1936,CA,Proposition,4,PROHIBIT TIDELANDS SURFACE OIL DRILLING,YES,,
CA,LOS ANGELES TIMES,103000,1936,CA,Proposition,5,L.A. COUNTY EXPO BOND $5M,YES,,
CA,LOS ANGELES TIMES,103000,1936,CA,Proposition,6,AMENDING L.A. CITY CHARTER,YES,,
CA,LOS ANGELES TIMES,103000,1936,CA,Proposition,7,"COUNTY & MUNI CIVIL SERV, MERIT SYSTEM",NO,,
CA,LOS ANGELES TIMES,103000,1936,CA,Proposition,8,VOTER REGISTRATION,YES,,
CA,LOS ANGELES TIMES,103000,1936,CA,Proposition,9,ALCOHOL: LOCAL OPTION,YES,,
CA,LOS ANGELES TIMES,103000,1936,CA,Proposition,10,TAX: MOTOR VEHICLE FUEL & LICENSE FEES,YES,,
CA,LOS ANGELES TIMES,103000,1936,CA,Proposition,11,"TEACHERS' TENURE, CREATE TENURE BOARD",NO,,
CA,LOS ANGELES TIMES,103000,1936,CA,Proposition,12,ESTAB COURT OF CRIMINAL APPEALS,NO,,
CA,LOS ANGELES TIMES,103000,1936,CA,Proposition,13,EMINENT DOMAIN,NO,,
CA,LOS ANGELES TIMES,103000,1936,CA,Proposition,14,CONSOLIDATED CITY & COUNTY GOVT,NO,,
CA,LOS ANGELES TIMES,103000,1936,CA,Proposition,15,RELIEF TO ASSESSMENT DISTRICTS,NO,,
CA,LOS ANGELES TIMES,103000,1936,CA,Proposition,16,"WATER DISTRICTS, TRANSFERS TO PAY BONDS",NO,,
CA,LOS ANGELES TIMES,103000,1936,CA,Proposition,17,TAX: COMPUTING ON UNSECURED PROPERTY,YES,,
CA,LOS ANGELES TIMES,103000,1936,CA,Proposition,18,TAX: OLEOMARGARINE,NO,,
CA,LOS ANGELES TIMES,103000,1936,CA,Proposition,19,LEG PRINTING EXPENSES,NO,,
CA,LOS ANGELES TIMES,103000,1936,CA,Proposition,20,PUB-OWNED MUSEUMS OR ART GALLERIES,YES,,
CA,LOS ANGELES TIMES,103000,1936,CA,Proposition,21,PRISONS FOR & PUNISH OF FEMALE FELONS,NO,,
CA,LOS ANGELES TIMES,103000,1936,CA,Proposition,22,REGUL: REQUIRE RETAIL STORE LICENSE,NO,,
CA,LOS ANGELES TIMES,103000,1936,CA,Proposition,23,PUB SERVICE COMMISSION,NO,,
CA,LOS ANGELES TIMES,103000,1936,CA,Proposition,24,CITY & COUNTY CHARTERS,YES,,
CA,LOS ANGELES TIMES,103000,1938,CA,Proposition,1,"RESTRICT RIGHT TO STRIKE, BOYCOTT",YES,,
CA,LOS ANGELES TIMES,103000,1938,CA,Proposition,2,REGUL: POUNDS (ANTIVIVISECTION),NO,,
CA,LOS ANGELES TIMES,103000,1938,CA,Proposition,3,TAX & REV: USE OF MOTOR VEHICLE REV,YES,,
CA,LOS ANGELES TIMES,103000,1938,CA,Proposition,4,CREATE HIGHWAY & TRAFFIC SAFETY COMM,YES,,
CA,LOS ANGELES TIMES,103000,1938,CA,Proposition,5,"REGUL: FISHING CONTROL, CONSERVATION",YES,,
CA,LOS ANGELES TIMES,103000,1938,CA,Proposition,6,TAX: INSURANCE COMPANIES,YES,,
CA,LOS ANGELES TIMES,103000,1938,CA,Proposition,7,RELIEF ADMINISTRATION,YES,,
CA,LOS ANGELES TIMES,103000,1938,CA,Proposition,8,APPORTIONMENT OF FUNDS TO LOCAL GOVTS,YES,,
CA,LOS ANGELES TIMES,103000,1938,CA,Proposition,9,TAX EXEMPT: VETS,NO,,
CA,LOS ANGELES TIMES,103000,1938,CA,Proposition,10,OIL LEASES ON STATE TIDELANDS,NO,,
CA,LOS ANGELES TIMES,103000,1938,CA,Proposition,11,BOARDS OF EQUALIZATION,NO,,
CA,LOS ANGELES TIMES,103000,1938,CA,Proposition,12,TAX EXEMPT: S.F. BAY EXPO,YES,,
CA,LOS ANGELES TIMES,103000,1938,CA,Proposition,13,VOTE ON PUB UTILITY BONDS,NO,,
CA,LOS ANGELES TIMES,103000,1938,CA,Proposition,14,REMOVAL OF JUDGES IF CONVICTED OF CRIME,YES,,
CA,LOS ANGELES TIMES,103000,1938,CA,Proposition,15,SIZE & COMPOSITION OF JUDICIAL COUNCIL,NO,,
CA,LOS ANGELES TIMES,103000,1938,CA,Proposition,16,RETIREMENT OF JUDGES,YES,,
CA,LOS ANGELES TIMES,103000,1938,CA,Proposition,17,INIT: INCREASE WAITING PERIOD,YES,,
CA,LOS ANGELES TIMES,103000,1938,CA,Proposition,18,DEPOSIT OF STATE FUNDS,YES,,
CA,LOS ANGELES TIMES,103000,1938,CA,Proposition,19,DISBURSE SURPLUS IN VETS HOME LOAN FUND,NO,,
CA,LOS ANGELES TIMES,103000,1938,CA,Proposition,20,LAND VALUES TAX (SINGLE-TAX),NO,,
CA,LOS ANGELES TIMES,103000,1938,CA,Proposition,21,"TAX EXEMPT: CHURCH, ORPHANAGE, COLLEGE",NO,,
CA,LOS ANGELES TIMES,103000,1938,CA,Proposition,22,CITY CHARTERS,YES,,
CA,LOS ANGELES TIMES,103000,1938,CA,Proposition,23,INCREASE SPENDING ON LEG HELP,NO,,
CA,LOS ANGELES TIMES,103000,1938,CA,Proposition,24,LEASING STATE-OWNED TIDELANDS FOR OIL,NO,,
CA,LOS ANGELES TIMES,103000,1938,CA,Proposition,25,RETIREMENT PAYMENTS,NO,,
CA,LOS ANGELES TIMES,103000,1939,CA,Proposition,1,RETIREMENT WARRANTS,NO,,
CA,LOS ANGELES TIMES,103000,1939,CA,Proposition,2,CHIROPRACTORS,NO,,
CA,LOS ANGELES TIMES,103000,1939,CA,Proposition,3,REGUL: PERSONAL PROPERTY BROKERS,YES,,
CA,LOS ANGELES TIMES,103000,1939,CA,Proposition,4,REGUL: PERSONAL PROPERTY BROKERS,YES,,
CA,LOS ANGELES TIMES,103000,1939,CA,Proposition,5,"REGUL: OIL & GAS PRODUCTION, CONSERV",NO,,
CA,LOS ANGELES TIMES,103000,1940,CA,Proposition,1,OBLIGATIONS AS SECURITY FOR AGED AID,NO,,
CA,LOS ANGELES TIMES,103000,1940,CA,Proposition,2,ENCUMBERANCES AS SECURITY FOR AGED AID,NO,,
CA,LOS ANGELES TIMES,103000,1940,CA,Proposition,3,LEG POWER OVER PRISONS,YES,,
CA,LOS ANGELES TIMES,103000,1940,CA,Proposition,4,ELECTION RETURNS FOR GOV & LT. GOV,YES,,
CA,LOS ANGELES TIMES,103000,1940,CA,Proposition,5,DAYLIGHT SAVING TIME,NO,,
CA,LOS ANGELES TIMES,103000,1940,CA,Proposition,6,COURT REVIEW OF ADMIN BOARDS & COMMISS.,YES,,
CA,LOS ANGELES TIMES,103000,1940,CA,Proposition,7,INCREASE POWERS OF APPELLATE COURTS,NO,,
CA,LOS ANGELES TIMES,103000,1940,CA,Proposition,8,CREATE FISH & GAME COMMISSION,YES,,
CA,LOS ANGELES TIMES,103000,1940,CA,Proposition,9,TAX EXEMPT: VESSELS,NO,,
CA,LOS ANGELES TIMES,103000,1940,CA,Proposition,10,PROCEDURES FOR PUB IMPROVEMENTS,YES,,
CA,LOS ANGELES TIMES,103000,1940,CA,Proposition,11,STATE MAY OWN SHARES OF MUTUAL WATER CO,YES,,
CA,LOS ANGELES TIMES,103000,1940,CA,Proposition,12,LEG COMMITTEES BETWEEN SESSIONS,NO,,
CA,LOS ANGELES TIMES,103000,1940,CA,Proposition,13,SALE/LEASE OF STATE LANDS WITH OIL/GAS,NO,,
CA,LOS ANGELES TIMES,103000,1940,CA,Proposition,14,APPORTIONMENT OF FUNDS TO LOCAL GOVTS,YES,,
CA,LOS ANGELES TIMES,103000,1940,CA,Proposition,15,TRANSFER OF FUNDS BY CITY TREASURER,NO,,
CA,LOS ANGELES TIMES,103000,1940,CA,Proposition,16,"LEG SESSIONS, BUDGETS",NO,,
CA,LOS ANGELES TIMES,103000,1940,CA,Proposition,17,PERSONAL LIAB. INS. FOR PUB OFFICIALS,NO,,
CA,LOS ANGELES TIMES,103000,1942,CA,Proposition,1,"PROHIBIT ""HOT CARGO"", SECOND. BOYCOTT",YES,,
CA,LOS ANGELES TIMES,103000,1942,CA,Proposition,2,ANNUAL LEG SESSIONS & BUDGETS,YES,,
CA,LOS ANGELES TIMES,103000,1942,CA,Proposition,3,CREATE BOARD OF BASIC SCIENCE,NO,,
CA,LOS ANGELES TIMES,103000,1942,CA,Proposition,4,TAX: REPEAL PERSONAL INCOME TAX,NO,,
CA,LOS ANGELES TIMES,103000,1942,CA,Proposition,5,INCREASE COMPENS OF LEGS,NO,,
CA,LOS ANGELES TIMES,103000,1942,CA,Proposition,6,ESTAB BOARD OF FORESTRY,YES,,
CA,LOS ANGELES TIMES,103000,1942,CA,Proposition,7,TAX: INSURANCE COMPANIES,YES,,
CA,LOS ANGELES TIMES,103000,1942,CA,Proposition,8,RESTRICT USE OF FISH & GAME FUNDS,YES,,
CA,LOS ANGELES TIMES,103000,1942,CA,Proposition,9,COMPENS OF CERTAIN STATE OFFICERS,YES,,
CA,LOS ANGELES TIMES,103000,1942,CA,Proposition,10,REGUL: BUILDING & LOAN ASSOCIATIONS,NO,,
CA,LOS ANGELES TIMES,103000,1942,CA,Proposition,11,REGUL: BOXING & WRESTLING,YES,,
CA,LOS ANGELES TIMES,103000,1942,CA,Proposition,12,"SCHOOL DISTRICTS, 5TH- 6TH-CLASS CITIES",NO,,
CA,LOS ANGELES TIMES,103000,1942,CA,Proposition,13,BOARDS OF EQUALIZATION,NO,,
CA,LOS ANGELES TIMES,103000,1942,CA,Proposition,14,INTEREST RATES ON LOANS & ADJUSTMENTS,NO,,
CA,LOS ANGELES TIMES,103000,1942,CA,Proposition,15,SUPREME & APPELLATE COURT PROCEDURE,NO,,
CA,LOS ANGELES TIMES,103000,1942,CA,Proposition,16,LEG POWER OVER ADMINISTRATIVE OFFICERS,NO,,
CA,LOS ANGELES TIMES,103000,1942,CA,Proposition,17,TREASURER TRUSTEE OF CERTAIN FUNDS,YES,,
CA,LOS ANGELES TIMES,103000,1942,CA,Proposition,18,REAPPORTIONMENT COMMISSION,YES,,
CA,LOS ANGELES TIMES,103000,1944,CA,Proposition,1,VETS BOND $30M,YES,,
CA,LOS ANGELES TIMES,103000,1944,CA,Proposition,1,TAX: STATE MAY TAX FEDERAL PROPERTY,YES,,
CA,LOS ANGELES TIMES,103000,1944,CA,Proposition,2,TAX EXEMPT: VETS (OF WWII),YES,,
CA,LOS ANGELES TIMES,103000,1944,CA,Proposition,3,LEG POWER TO FIX COMP OF CONST OFFICERS,YES,,
CA,LOS ANGELES TIMES,103000,1944,CA,Proposition,4,"TAX EXEMPT: RELIGIOUS, CHARITABLE ORGS",NO,,
CA,LOS ANGELES TIMES,103000,1944,CA,Proposition,5,"PUB EMPLOYEES, REINSTATE AFTER MILITARY",YES,,
CA,LOS ANGELES TIMES,103000,1944,CA,Proposition,6,ANNUAL LEG SESSIONS & BUDGETS,YES,,
CA,LOS ANGELES TIMES,103000,1944,CA,Proposition,7,EXPENSES OF LEGS,YES,,
CA,LOS ANGELES TIMES,103000,1944,CA,Proposition,8,VALIDATING TAX DEEDS,NO,,
CA,LOS ANGELES TIMES,103000,1944,CA,Proposition,9,PUB SCHOOL FUNDING,NO,,
CA,LOS ANGELES TIMES,103000,1944,CA,Proposition,10,COMPENS OF LOCAL OFFICIALS,YES,,
CA,LOS ANGELES TIMES,103000,1944,CA,Proposition,11,"RETIREMENT PAYMENTS, GROSS INCOME TAX",NO,,
CA,LOS ANGELES TIMES,103000,1944,CA,Proposition,12,RIGHT-TO-WORK (ANTI UNION),YES,,
CA,LOS ANGELES TIMES,103000,1946,CA,Proposition,1,VETS BOND $100M,YES,,
CA,LOS ANGELES TIMES,103000,1946,CA,Proposition,2,"GREYHOUND RACING, ALLOW BETTING",NO,,
CA,LOS ANGELES TIMES,103000,1946,CA,Proposition,3,"PUB SCHOOL FUNDS, TEACHERS' SALARIES",YES,,
CA,LOS ANGELES TIMES,103000,1946,CA,Proposition,4,ALLOW BUSINESS LOANS FOR VETS,NO,,
CA,LOS ANGELES TIMES,103000,1946,CA,Proposition,5,CREATE COURT OF TAX APPEALS,NO,,
CA,LOS ANGELES TIMES,103000,1946,CA,Proposition,6,ANNUAL LEG SESSIONS,YES,,
CA,LOS ANGELES TIMES,103000,1946,CA,Proposition,7,COUNTY BOARDS OF EDUCATION,NO,,
CA,LOS ANGELES TIMES,103000,1946,CA,Proposition,8,COUNTY SUPERINTENDENTS OF SCHOOLS,YES,,
CA,LOS ANGELES TIMES,103000,1946,CA,Proposition,9,STATE SUPERINTENDENTS OF PUB EDUC,YES,,
CA,LOS ANGELES TIMES,103000,1946,CA,Proposition,10,LEG POWER TO FIX SALARY OF GOVERNOR,NO,,
CA,LOS ANGELES TIMES,103000,1946,CA,Proposition,11,CREATE FAIR EMPLOYMENT PRACTICES COMM,NO,,
CA,LOS ANGELES TIMES,103000,1946,CA,Proposition,12,AMEND OF LAWS ADOPTED BY INIT,YES,,
CA,LOS ANGELES TIMES,103000,1946,CA,Proposition,13,ALLOCATION OF PUB SCHOOL FUNDS,YES,,
CA,LOS ANGELES TIMES,103000,1946,CA,Proposition,14,DISABILITY OF GOVERNOR,YES,,
CA,LOS ANGELES TIMES,103000,1946,CA,Proposition,15,VALIDATE LEG AMENDS TO ALIEN LAND LAW,NO,,
CA,LOS ANGELES TIMES,103000,1946,CA,Proposition,16,TAX: REPEAL EDUCATIONAL POLL TAX,YES,,
CA,LOS ANGELES TIMES,103000,1946,CA,Proposition,17,PUB UTILITIES COMMISSION,NO,,
CA,LOS ANGELES TIMES,103000,1948,CA,Proposition,1,TAX EXEMPT: VETS,NO,,
CA,LOS ANGELES TIMES,103000,1948,CA,Proposition,2,ALCOHOL: LOCAL CONTROL & ENFORCEMENT,NO,,
CA,LOS ANGELES TIMES,103000,1948,CA,Proposition,3,RAILROAD BRAKEMEN,YES,,
CA,LOS ANGELES TIMES,103000,1948,CA,Proposition,4,AGED & BLIND AID,NO,,
CA,LOS ANGELES TIMES,103000,1948,CA,Proposition,5,LEG POWER TO FIX COMP OF LEGS,NO,,
CA,LOS ANGELES TIMES,103000,1948,CA,Proposition,6,REGUL: COMMERCIAL FISHING,NO,,
CA,LOS ANGELES TIMES,103000,1948,CA,Proposition,7,RESIDENCE OF VOTERS,YES,,
CA,LOS ANGELES TIMES,103000,1948,CA,Proposition,8,"SUPERIOR JUDGES, VACANCIES",YES,,
CA,LOS ANGELES TIMES,103000,1948,CA,Proposition,9,SUCCESSION TO GOVERNORSHIP,NO,,
CA,LOS ANGELES TIMES,103000,1948,CA,Proposition,10,INIT & CONST AMEND: SINGLE-SUBJECT RULE,YES,,
CA,LOS ANGELES TIMES,103000,1948,CA,Proposition,11,MUNICIPAL CHARTERS,NO,,
CA,LOS ANGELES TIMES,103000,1948,CA,Proposition,12,ALCOHOL: LOCAL CONTROL,NO,,
CA,LOS ANGELES TIMES,103000,1948,CA,Proposition,13,SENATE REAPPORTIONMENT,NO,,
CA,LOS ANGELES TIMES,103000,1948,CA,Proposition,14,"PUB HOUSING, AUTH SPENDING & BONDS",NO,,
CA,LOS ANGELES TIMES,103000,1948,CA,Proposition,15,PROHIBIT CERTAIN FISH NETS,NO,,
CA,LOS ANGELES TIMES,103000,1948,CA,Proposition,16,CHIROPRACTORS,YES,,
CA,LOS ANGELES TIMES,103000,1948,CA,Proposition,17,STATE CIVIL SERVICE EXEMPTIONS,NO,,
CA,LOS ANGELES TIMES,103000,1948,CA,Proposition,18,STATE PAYMENT OF LOCAL TAX EXEMPT LOSS,NO,,
CA,LOS ANGELES TIMES,103000,1948,CA,Proposition,19,FISH & GAME COMMISSION,YES,,
CA,LOS ANGELES TIMES,103000,1949,CA,Proposition,1,SCHOOL BOND $250M,YES,,
CA,LOS ANGELES TIMES,103000,1949,CA,Proposition,2,REPEAL AGED & BLIND AID ACT,YES,,
CA,LOS ANGELES TIMES,103000,1949,CA,Proposition,3,LEG SESSIONS & SALARIES,YES,,
CA,LOS ANGELES TIMES,103000,1949,CA,Proposition,4,CONST PROV RELATING TO LOCAL GOVT,YES,,
CA,LOS ANGELES TIMES,103000,1949,CA,Proposition,5,CONST CONVENTION OF 1878-9,YES,,
CA,LOS ANGELES TIMES,103000,1949,CA,Proposition,6,EFECTIVE DATE OF 1933 STATUTES,YES,,
CA,LOS ANGELES TIMES,103000,1949,CA,Proposition,7,TAX: REVISION OF PROVISIONS,YES,,
CA,LOS ANGELES TIMES,103000,1949,CA,Proposition,8,CONST PROV RE STATE FISCAL AFFAIRS,YES,,
CA,LOS ANGELES TIMES,103000,1949,CA,Proposition,9,CONST PROV FOR ADOPTING 1879 CONST,YES,,
CA,LOS ANGELES TIMES,103000,1949,CA,Proposition,10,REPEAL OF SUSPENSION PROVISION,YES,,
CA,LOS ANGELES TIMES,103000,1949,CA,Proposition,11,"STATE OFFICERS, LEGS, JUDGES",NO,,
CA,LOS ANGELES TIMES,103000,1949,CA,Proposition,12,DAYLIGHT SAVING TIME,YES,,
CA,LOS ANGELES TIMES,103000,1950,CA,Proposition,1,VETS BOND $100M,YES,,
CA,LOS ANGELES TIMES,103000,1950,CA,Proposition,1,TAX: ELIMINATE PERSONAL PROPERTY TAX,NO,,
CA,LOS ANGELES TIMES,103000,1950,CA,Proposition,2,TAX EXEMPT: VETS POSSESSORY INTERESTS,NO,,
CA,LOS ANGELES TIMES,103000,1950,CA,Proposition,2,PROHIBIT LAWS NAMING PERSONS TO OFFICE,YES,,
CA,LOS ANGELES TIMES,103000,1950,CA,Proposition,3,INFERIOR COURT REORG,YES,,
CA,LOS ANGELES TIMES,103000,1950,CA,Proposition,3,FINANCING OFF-STREET PARKING,YES,,
CA,LOS ANGELES TIMES,103000,1950,CA,Proposition,4,ELIGIBILITY TO VOTE,YES,,
CA,LOS ANGELES TIMES,103000,1950,CA,Proposition,5,ALLOW LEGS TO SERVE ON STATE BOARDS,NO,,
CA,LOS ANGELES TIMES,103000,1950,CA,Proposition,6,LEGALIZE & LICENCE GAMBLING,NO,,
CA,LOS ANGELES TIMES,103000,1950,CA,Proposition,7,CHIROPRACTORS,YES,,
CA,LOS ANGELES TIMES,103000,1950,CA,Proposition,8,COMPENS OF LOCAL OFFICERS,NO,,
CA,LOS ANGELES TIMES,103000,1950,CA,Proposition,9,STATE CIVIL SERVICE,YES,,
CA,LOS ANGELES TIMES,103000,1950,CA,Proposition,10,VOTE ON PUB HOUSING PROJECTS,YES,,
CA,LOS ANGELES TIMES,103000,1950,CA,Proposition,11,"LAND TITLES, TORRENS ACT",YES,,
CA,LOS ANGELES TIMES,103000,1952,CA,Proposition,1,VETS BOND $150M,YES,,
CA,LOS ANGELES TIMES,103000,1952,CA,Proposition,2,PUB SCHOOL FUNDING,NO,,
CA,LOS ANGELES TIMES,103000,1952,CA,Proposition,3,TAX EXEMPT: NONPROFIT SCHOOLS,YES,,
CA,LOS ANGELES TIMES,103000,1952,CA,Proposition,4,PAYMENTS TO NEEDY BLIND,NO,,
CA,LOS ANGELES TIMES,103000,1952,CA,Proposition,5,SUBVERSIVE PERSONS & GROUPS,YES,,
CA,LOS ANGELES TIMES,103000,1952,CA,Proposition,6,OATHS OF OFFICE (SUBVERSIVE GROUPS),YES,,
CA,LOS ANGELES TIMES,103000,1952,CA,Proposition,7,ELECTIONS: BALLOT DESIG OF PARTY AFFIL,YES,,
CA,LOS ANGELES TIMES,103000,1952,CA,Proposition,8,TAX: CHURCH BUILDS UNDER CONSTRUCTION,YES,,
CA,LOS ANGELES TIMES,103000,1952,CA,Proposition,9,TAX: COLLEGE BUILDS UNDER CONSTRUCTION,YES,,
CA,LOS ANGELES TIMES,103000,1952,CA,Proposition,10,PUB FUNDS: PROHIBIT CERTAIN EXPEND,NO,,
CA,LOS ANGELES TIMES,103000,1952,CA,Proposition,11,PAYMENTS TO AGED ($103M ?),NO,,
CA,LOS ANGELES TIMES,103000,1952,CA,Proposition,12,MILITARY SERVICE BY PUB OFFICIALS,YES,,
CA,LOS ANGELES TIMES,103000,1952,CA,Proposition,13,ELECTIONS: PROHIBIT CROSSFILING,NO,,
CA,LOS ANGELES TIMES,103000,1952,CA,Proposition,14,REPEAL CONST RESTRICTIONS ON CHINESE,YES,,
CA,LOS ANGELES TIMES,103000,1952,CA,Proposition,15,TAX: INSURANCE COMPANIES & BANKS,YES,,
CA,LOS ANGELES TIMES,103000,1952,CA,Proposition,16,BOROUGH FORM OF CITY GOVT,YES,,
CA,LOS ANGELES TIMES,103000,1952,CA,Proposition,17,CHIROPRACTORS,NO,,
CA,LOS ANGELES TIMES,103000,1952,CA,Proposition,18,FINANCING COMMUNITY REDEVELOP PROJECTS,YES,,
CA,LOS ANGELES TIMES,103000,1952,CA,Proposition,19,GRAND JURIES,NO,,
CA,LOS ANGELES TIMES,103000,1952,CA,Proposition,20,STATE FUNDS: HOSPITAL CONSTRUCTION,NO,,
CA,LOS ANGELES TIMES,103000,1952,CA,Proposition,21,"SUPERIOR JUDGES, VACANCIES",NO,,
CA,LOS ANGELES TIMES,103000,1952,CA,Proposition,22,PROPERTY TAX STATEMENTS,NO,,
CA,LOS ANGELES TIMES,103000,1952,CA,Proposition,23,DESCRIPTION OF PROPERTY FOR ASSESSMENT,NO,,
CA,LOS ANGELES TIMES,103000,1952,CA,Proposition,24,SCHOOL BOND $185M,YES,,
CA,LOS ANGELES TIMES,103000,1954,CA,Proposition,1,VETS BOND $175M,YES,,
CA,LOS ANGELES TIMES,103000,1954,CA,Proposition,2,SCHOOL BOND $100M,YES,,
CA,LOS ANGELES TIMES,103000,1954,CA,Proposition,3,ALCOHOL: ESTAB ALCOHOL BEVERAGE CONTROL,YES,,
CA,LOS ANGELES TIMES,103000,1954,CA,Proposition,4,INCREASE AID TO NEEDY AGED,NO,,
CA,LOS ANGELES TIMES,103000,1954,CA,Proposition,5,TAX EXEMPT: VESSELS,YES,,
CA,LOS ANGELES TIMES,103000,1954,CA,Proposition,6,LEGS COMPENS,YES,,
CA,LOS ANGELES TIMES,103000,1954,CA,Proposition,7,LEG POWER TO AMEND TORRENS ACT,YES,,
CA,LOS ANGELES TIMES,103000,1954,CA,Proposition,8,TAX EXEMPT: COMMERC & FISHING VESSELS,NO,,
CA,LOS ANGELES TIMES,103000,1954,CA,Proposition,9,TAX EXEMPT: CHURCH PROP UNDER CONSTRUCT,YES,,
CA,LOS ANGELES TIMES,103000,1954,CA,Proposition,10,TERMS OF STATE OFFICERS,NO,,
CA,LOS ANGELES TIMES,103000,1954,CA,Proposition,11,TAX EXEMPT: DISABLED VETS,YES,,
CA,LOS ANGELES TIMES,103000,1954,CA,Proposition,12,VOTING ELIGIBILITY OF EX-CONVICTS,NO,,
CA,LOS ANGELES TIMES,103000,1954,CA,Proposition,13,VERNON CITY CHARTER,YES,,
CA,LOS ANGELES TIMES,103000,1954,CA,Proposition,14,TAX EXEMPT: COLLEGE BUILDS UNDER CONSTR,YES,,
CA,LOS ANGELES TIMES,103000,1954,CA,Proposition,15,TAX EXEMPT: NONPROFIT ORG BUILDINGS,YES,,
CA,LOS ANGELES TIMES,103000,1954,CA,Proposition,16,WATER RIGHTS OF GOVT AGENCIES,YES,,
CA,LOS ANGELES TIMES,103000,1954,CA,Proposition,17,STREET & HIGHWAY FUNDS FOR PARKING LOTS,NO,,
CA,LOS ANGELES TIMES,103000,1954,CA,Proposition,18,RESIDENT NONCITIZENS PROPERTY OWNERSHIP,YES,,
CA,LOS ANGELES TIMES,103000,1954,CA,Proposition,19,INFERIOR COURT JUDGES,YES,,
CA,LOS ANGELES TIMES,103000,1954,CA,Proposition,20,FRAMING COUNTY CHARTERS,YES,,
CA,LOS ANGELES TIMES,103000,1956,CA,Proposition,1,VETS BOND $500M,YES,,
CA,LOS ANGELES TIMES,103000,1956,CA,Proposition,2,SCHOOL BOND $100M,YES,,
CA,LOS ANGELES TIMES,103000,1956,CA,Proposition,3,STATE CONSTRUCTION PROGRAM BOND $200M,YES,,
CA,LOS ANGELES TIMES,103000,1956,CA,Proposition,4,REGUL: OIL & GAS CONSERVATION,YES,,
CA,LOS ANGELES TIMES,103000,1956,CA,Proposition,5,ALCOHOL: BEVERAGE ESTABLISHMENTS,NO,,
CA,LOS ANGELES TIMES,103000,1956,CA,Proposition,6,TAX EXEMPT: CHURCH PARKING LOTS,NO,,
CA,LOS ANGELES TIMES,103000,1956,CA,Proposition,7,CHANGE NAME OF STATE ASSEMBLY,NO,,
CA,LOS ANGELES TIMES,103000,1956,CA,Proposition,8,LEG BUDGET SESSIONS,NO,,
CA,LOS ANGELES TIMES,103000,1956,CA,Proposition,9,ALLOW BOROUGH FORM OF COUNTY GOVT,NO,,
CA,LOS ANGELES TIMES,103000,1956,CA,Proposition,10,CIVIL SERVICE: ARCHITECTS & ENGINEERS,YES,,
CA,LOS ANGELES TIMES,103000,1956,CA,Proposition,11,FRAMING COUNTY CHARTERS,YES,,
CA,LOS ANGELES TIMES,103000,1956,CA,Proposition,12,RULES ON BOND MEASURES,NO,,
CA,LOS ANGELES TIMES,103000,1956,CA,Proposition,13,REPEAL (INOPERATIVE) ALIEN LAND LAW,YES,,
CA,LOS ANGELES TIMES,103000,1956,CA,Proposition,14,LEG EMPLOYEES,YES,,
CA,LOS ANGELES TIMES,103000,1956,CA,Proposition,15,PUB WATER SUPPLIES: MUTUAL WATER CO'S,YES,,
CA,LOS ANGELES TIMES,103000,1956,CA,Proposition,16,CIVIL & CRIMINAL APPEALS,YES,,
CA,LOS ANGELES TIMES,103000,1956,CA,Proposition,17,CONST PROVISIONS ON JUDICIARY,YES,,
CA,LOS ANGELES TIMES,103000,1956,CA,Proposition,18,INFERIOR COURT JUDGES,NO,,
CA,LOS ANGELES TIMES,103000,1956,CA,Proposition,19,LEG POWER TO ALTER STATE BOUNDARIES,YES,,
CA,LOS ANGELES TIMES,103000,1958,CA,Proposition,1,VETS BOND $300M,YES,,
CA,LOS ANGELES TIMES,103000,1958,CA,Proposition,2,SCHOOL BOND $220M,YES,,
CA,LOS ANGELES TIMES,103000,1958,CA,Proposition,3,STATE CONSTRUCTION PROGRAM BOND $200M,YES,,
CA,LOS ANGELES TIMES,103000,1958,CA,Proposition,4,S.F. HARBOR BOND $60M,YES,,
CA,LOS ANGELES TIMES,103000,1958,CA,Proposition,5,LEG POWER TO FIX LEGS COMPENS,NO,,
CA,LOS ANGELES TIMES,103000,1958,CA,Proposition,6,PUB INFO ON BOND MEASURES,NO,,
CA,LOS ANGELES TIMES,103000,1958,CA,Proposition,7,GOVT FUNCTIONS: WARTIME DISASTERS,YES,,
CA,LOS ANGELES TIMES,103000,1958,CA,Proposition,8,VOTER ELIGIBILITY IN PRES ELECTIONS,YES,,
CA,LOS ANGELES TIMES,103000,1958,CA,Proposition,9,GENERAL LEG SESSIONS,NO,,
CA,LOS ANGELES TIMES,103000,1958,CA,Proposition,10,EMINENT DOMAIN: AIRPORTS & SCHOOLS,NO,,
CA,LOS ANGELES TIMES,103000,1958,CA,Proposition,11,ALLOW LOCAL STREET & ROAD BONDS,NO,,
CA,LOS ANGELES TIMES,103000,1958,CA,Proposition,12,ALLOW LEGS TO BE NOTARY PUBLICS,NO,,
CA,LOS ANGELES TIMES,103000,1958,CA,Proposition,13,MAKE SUPER OF PUB INSTRUCTION APPOINTED,YES,,
CA,LOS ANGELES TIMES,103000,1958,CA,Proposition,14,COMPENS OF LOCAL OFFICIALS,NO,,
CA,LOS ANGELES TIMES,103000,1958,CA,Proposition,15,ALLOW BOXING MATCHES ON SUNDAYS,YES,,
CA,LOS ANGELES TIMES,103000,1958,CA,Proposition,16,TAX: PROPERTY OF RELIG & OTHER SCHOOLS,NO,,
CA,LOS ANGELES TIMES,103000,1958,CA,Proposition,17,TAX: CHANGE SALES & INCOME TAX RATES,NO,,
CA,LOS ANGELES TIMES,103000,1958,CA,Proposition,18,RIGHT-TO-WORK (ANTI UNION),YES,,
CA,LOS ANGELES TIMES,103000,1960,CA,Proposition,1,VETS BOND $400M,YES,,
CA,LOS ANGELES TIMES,103000,1960,CA,Proposition,1,WATER RESOURCES BOND $1.75B,YES,,
CA,LOS ANGELES TIMES,103000,1960,CA,Proposition,2,MAKE TERMS OF ASSEMBLYMEN 4 YEARS,NO,,
CA,LOS ANGELES TIMES,103000,1960,CA,Proposition,2,SCHOOL BOND $300M,YES,,
CA,LOS ANGELES TIMES,103000,1960,CA,Proposition,3,DISABLED VETERANS' TAX EXEMPTION,YES,,
CA,LOS ANGELES TIMES,103000,1960,CA,Proposition,3,ALLOW VOTE ON BONDS AT PRIMARY ELECTION,NO,,
CA,LOS ANGELES TIMES,103000,1960,CA,Proposition,4,"TERMS OF OFFICE, STATE COLLEGE AGENCIES",YES,,
CA,LOS ANGELES TIMES,103000,1960,CA,Proposition,5,COMPENSATION OF LEGISLATORS,NO,,
CA,LOS ANGELES TIMES,103000,1960,CA,Proposition,6,ASSESSMENT OF NON-PROFIT GOLF COURSES,YES,,
CA,LOS ANGELES TIMES,103000,1960,CA,Proposition,7,CHIROPRACTORS,YES,,
CA,LOS ANGELES TIMES,103000,1960,CA,Proposition,8,VOTING ELIGIBILITY OF EX-CONVICTS,YES,,
CA,LOS ANGELES TIMES,103000,1960,CA,Proposition,9,CLAIMS AGAINST CHARTERED CITIES AND COUNTIES,YES,,
CA,LOS ANGELES TIMES,103000,1960,CA,Proposition,10,ADMINISTRATION OF JUSTICE,YES,,
CA,LOS ANGELES TIMES,103000,1960,CA,Proposition,11,VETERANS' TAX EXEMPTION,NO,,
CA,LOS ANGELES TIMES,103000,1960,CA,Proposition,12,CONSTITUTION: ELIMINATES OBSOLETE AND SUPERSEDED PROVISIONS,YES,,
CA,LOS ANGELES TIMES,103000,1960,CA,Proposition,13,DISTRICT COURTS OF APPEAL: APPELLATE JURISDICTION,NO,,
CA,LOS ANGELES TIMES,103000,1960,CA,Proposition,14,STREET AND HIGHWAY FUNDS: USE FOR LOCAL GRADE CROSSING BONDS,NO,,
CA,LOS ANGELES TIMES,103000,1960,CA,Proposition,15,SENATE REAPPORTIONMENT,NO,,
CA,LOS ANGELES TIMES,103000,1962,CA,Proposition,1,COMPENSATION OF LEGISLATORS,NO,,
CA,LOS ANGELES TIMES,103000,1962,CA,Proposition,1,SCHOOL BONDS $200M,YES,,
CA,LOS ANGELES TIMES,103000,1962,CA,Proposition,2,TAX EXEMPT: VETS IN HOUSING PROJECTS,NO,,
CA,LOS ANGELES TIMES,103000,1962,CA,Proposition,2,VETS BOND $250M,NO,,
CA,LOS ANGELES TIMES,103000,1962,CA,Proposition,3,CONSTRUCTION BOND $270M,YES,,
CA,LOS ANGELES TIMES,103000,1962,CA,Proposition,3,VETERANS' TAX EXEMPTION,NO,,
CA,LOS ANGELES TIMES,103000,1962,CA,Proposition,4,AGED & HANDICAPPED HOUSING BOND $100M,NO,,
CA,LOS ANGELES TIMES,103000,1962,CA,Proposition,4,TAX: ASSESSMENT OF AGRIC LAND,YES,,
CA,LOS ANGELES TIMES,103000,1962,CA,Proposition,5,WORKMEN'S COMPENSATION,YES,,
CA,LOS ANGELES TIMES,103000,1962,CA,Proposition,5,PARK & RECREATION BOND $150M,YES,,
CA,LOS ANGELES TIMES,103000,1962,CA,Proposition,6,"MAKE STATE BONDS STATUTES, NOT CONST AMENDS",YES,,
CA,LOS ANGELES TIMES,103000,1962,CA,Proposition,6,DAYLIGHT SAVING TIME,YES,,
CA,LOS ANGELES TIMES,103000,1962,CA,Proposition,7,CONSTITUTION REVISION,YES,,
CA,LOS ANGELES TIMES,103000,1962,CA,Proposition,8,GENERAL LEG SESSIONS,YES,,
CA,LOS ANGELES TIMES,103000,1962,CA,Proposition,9,ALLOW GENL OBLIGATION BONDS,YES,,
CA,LOS ANGELES TIMES,103000,1962,CA,Proposition,10,WELFARE EXEMPTION: LEASED PROPERTY,NO,,
CA,LOS ANGELES TIMES,103000,1962,CA,Proposition,11,ASSESSMENTS: HISTORICAL LANDMARK AREA,NO,,
CA,LOS ANGELES TIMES,103000,1962,CA,Proposition,12,AID TO WIDOWS OF VETERANS,NO,,
CA,LOS ANGELES TIMES,103000,1962,CA,Proposition,13,EXTENSION OF COLLEGE EXEMPTION - COLLEGE LANDS,YES,,
CA,LOS ANGELES TIMES,103000,1962,CA,Proposition,14,SALE OF TIDELANDS,YES,,
CA,LOS ANGELES TIMES,103000,1962,CA,Proposition,15,COUNTY TAX APPEALS BOARDS,NO,,
CA,LOS ANGELES TIMES,103000,1962,CA,Proposition,16,CONSTITUTION: ELIMINATES OBSOLETE AND SUPERSEDED PROVISIONS,YES,,
CA,LOS ANGELES TIMES,103000,1962,CA,Proposition,17,PAY OF LEGISLATORS,NO,,
CA,LOS ANGELES TIMES,103000,1962,CA,Proposition,18,ALCOHOLIC BEVERAGE CONTROL APPEALS BOARD,NO,,
CA,LOS ANGELES TIMES,103000,1962,CA,Proposition,19,COMPENSATION OF LOCAL OFFICERS,YES,,
CA,LOS ANGELES TIMES,103000,1962,CA,Proposition,20,BOXING AND WRESTLING CONTESTS,YES,,
CA,LOS ANGELES TIMES,103000,1962,CA,Proposition,21,SUPERIOR COURT JUDGES: ELECTION IN COUNTIES OVER 5 MILLION POPULATION,YES,,
CA,LOS ANGELES TIMES,103000,1962,CA,Proposition,22,OSTEOPATHS. AMENDMENT OF OSTEOPATHIC INITIATIVE ACT,YES,,
CA,LOS ANGELES TIMES,103000,1962,CA,Proposition,23,SENATE REAPPORTIONMENT,YES,,
CA,LOS ANGELES TIMES,103000,1962,CA,Proposition,24,SUBVERSIVE ACTIVITIES,NO,,
CA,LOS ANGELES TIMES,103000,1962,CA,Proposition,1A,UNIVERSITY BONDS $270M,YES,,
CA,LOS ANGELES TIMES,103000,1964,CA,Proposition,1,"BEACH, PARK, RECREATION BOND $150M",YES,,
CA,LOS ANGELES TIMES,103000,1964,CA,Proposition,2,"HIGHER EDUC, ETC. BOND $380M",YES,,
CA,LOS ANGELES TIMES,103000,1964,CA,Proposition,3,SCHOOL BOND $260M,YES,,
CA,LOS ANGELES TIMES,103000,1964,CA,Proposition,4,VETERANS' TAX EXEMPTION: RESIDENCY REQUIREMENT,YES,,
CA,LOS ANGELES TIMES,103000,1964,CA,Proposition,5,VETERANS' TAX EXEMPTION FOR WIDOWS,NO,,
CA,LOS ANGELES TIMES,103000,1964,CA,Proposition,6,TAXATION: RETALIATORY TAX ON OUT OF STATE INSURERS,YES,,
CA,LOS ANGELES TIMES,103000,1964,CA,Proposition,7,DEPOSIT OF PUB RETIREMENT FUNDS,NO,,
CA,LOS ANGELES TIMES,103000,1964,CA,Proposition,8,"SUPERIOR COURT JUDGES: ELECTION IN COUNTIES OVER 700,000 POPULATION",YES,,
CA,LOS ANGELES TIMES,103000,1964,CA,Proposition,9,COUNTY SUPERVISORIAL DISTRICT BOUNDARIES,YES,,
CA,LOS ANGELES TIMES,103000,1964,CA,Proposition,10,STATE SCHOOL FUND,YES,,
CA,LOS ANGELES TIMES,103000,1964,CA,Proposition,11,PERMANENCE OF MUNICIP FUNCTIONS BY COUNTY OFFICERS,YES,,
CA,LOS ANGELES TIMES,103000,1964,CA,Proposition,12,PROPERTY TAXATION: RELIEF IN EVENT OF DISASTER,YES,,
CA,LOS ANGELES TIMES,103000,1964,CA,Proposition,13,CONSTITUTIONAL AMENDMENTS. NAMING CORPORATIONS,YES,,
CA,LOS ANGELES TIMES,103000,1964,CA,Proposition,14,SALES AND RENTALS OF RESIDENTIAL REAL PROPERTY,YES,,
CA,LOS ANGELES TIMES,103000,1964,CA,Proposition,15,TELEVISION PROGRAMS - BAN PAY-TELEVISION,NO,,
CA,LOS ANGELES TIMES,103000,1964,CA,Proposition,16,STATE LOTTERY,NO,,
CA,LOS ANGELES TIMES,103000,1964,CA,Proposition,17,RAILROAD TRAIN CREWS,YES,,
CA,LOS ANGELES TIMES,103000,1966,CA,Proposition,1,SCHOOL BOND $275M,,,
CA,LOS ANGELES TIMES,103000,1966,CA,Proposition,1,DEPOSIT OF PUB RETIREMENT FUNDS,YES,,
CA,LOS ANGELES TIMES,103000,1966,CA,Proposition,2,HIGHER EDUCATION BOND $230M,YES,,
CA,LOS ANGELES TIMES,103000,1966,CA,Proposition,3,OPEN SPACE CONSERVATION,NO,,
CA,LOS ANGELES TIMES,103000,1966,CA,Proposition,4,"LOCAL BONDS; 60% TO PASS, NOT 66.7%",YES,,
CA,LOS ANGELES TIMES,103000,1966,CA,Proposition,5,PROPERTY TAXATION: RELIEF IN EVENT OF DISASTER,NO,,
CA,LOS ANGELES TIMES,103000,1966,CA,Proposition,6,LEG PROCED (EXPAND LEG POWER VS. EXEC),NO,,
CA,LOS ANGELES TIMES,103000,1966,CA,Proposition,7,LEG POWER OVER COMP OF COUNTY OFFICERS,YES,,
CA,LOS ANGELES TIMES,103000,1966,CA,Proposition,8,TAXATION: INSURANCE COMPANIES; HOME OR PRINCIPAL OFFICE DEDUCTION,YES,,
CA,LOS ANGELES TIMES,103000,1966,CA,Proposition,9,VETERANS' TAX EXEMPTION FOR BLIND VETERANS,YES,,
CA,LOS ANGELES TIMES,103000,1966,CA,Proposition,10,LOAN OF PUBLIC FUNDS,NO,,
CA,LOS ANGELES TIMES,103000,1966,CA,Proposition,11,BOXING AND WRESTLING CONTESTS,YES,,
CA,LOS ANGELES TIMES,103000,1966,CA,Proposition,12,COUNTY ASSESSMENT APPEALS BOARDS,YES,,
CA,LOS ANGELES TIMES,103000,1966,CA,Proposition,13,PROPERTY TAX STATEMENT,YES,,
CA,LOS ANGELES TIMES,103000,1966,CA,Proposition,14,PERSONAL INCOME TAXES,YES,,
CA,LOS ANGELES TIMES,103000,1966,CA,Proposition,15,ELIGIBILITY TO VOTE: EDUC REQUIREMENT,YES,,
CA,LOS ANGELES TIMES,103000,1966,CA,Proposition,16,OBSCENITY,NO,,
CA,LOS ANGELES TIMES,103000,1966,CA,Proposition,1A,CONST REVISION,YES,,
CA,LOS ANGELES TIMES,103000,1968,CA,Proposition,1,VETS BOND $200M,,,
CA,LOS ANGELES TIMES,103000,1968,CA,Proposition,1,CONSTITUTIONAL REVISION,NO,,
CA,LOS ANGELES TIMES,103000,1968,CA,Proposition,2,JUNIOR COLLEGE BOND $65M,,,
CA,LOS ANGELES TIMES,103000,1968,CA,Proposition,2,TAXATION OF PUBLICLY OWNED PROPERTY,YES,,
CA,LOS ANGELES TIMES,103000,1968,CA,Proposition,3,HIGHER EDUCATION FACILITIES BOND $250M,YES,,
CA,LOS ANGELES TIMES,103000,1968,CA,Proposition,4,PERSONAL INCOME TAXES,YES,,
CA,LOS ANGELES TIMES,103000,1968,CA,Proposition,5,INSURED LOANS OF SPECIFIED HOSPITALS,YES,,
CA,LOS ANGELES TIMES,103000,1968,CA,Proposition,6,INSURANCE COMPANIES: GROSS PREMIUM TAX,YES,,
CA,LOS ANGELES TIMES,103000,1968,CA,Proposition,7,STATE FUNDS,YES,,
CA,LOS ANGELES TIMES,103000,1968,CA,Proposition,8,APPORTIONMENT OF LOCAL SALES AND USE TAX,YES,,
CA,LOS ANGELES TIMES,103000,1968,CA,Proposition,9,TAXATION: LIMITATION ON PROPERTY TAX RATE,NO,,
CA,LOS ANGELES TIMES,103000,1968,CA,Proposition,1A,TAX EXEMPT: HOMEOWNERS' PROPERTY,YES,,
CA,LOS ANGELES TIMES,103000,1970,CA,Proposition,1,CLEAN WATER BOND $250M,YES,,
CA,LOS ANGELES TIMES,103000,1970,CA,Proposition,1,U OF CAL HEALTH SCIENCE BOND $246M,YES,,
CA,LOS ANGELES TIMES,103000,1970,CA,Proposition,2,VACANCIES IN SPECIFIED CONSTITUTIONAL OFFICES,YES,,
CA,LOS ANGELES TIMES,103000,1970,CA,Proposition,2,PARTIAL CONSTITUTIONAL REVISION: LOCAL GOVT,YES,,
CA,LOS ANGELES TIMES,103000,1970,CA,Proposition,3,"STATE BUDGET, SUBMISSION BY GOVERNOR",NO,,
CA,LOS ANGELES TIMES,103000,1970,CA,Proposition,3,"PARTIAL CONSTITUTIONAL REVISION: PUBLIC UTILITIES, CORPORATIONS AND WATER USE",NO,,
CA,LOS ANGELES TIMES,103000,1970,CA,Proposition,4,APPROPRIATION FOR PUBLIC SCHOOLS,NO,,
CA,LOS ANGELES TIMES,103000,1970,CA,Proposition,4,PARTIAL CONSTITUTIONAL REVISION: VARIOUS,YES,,
CA,LOS ANGELES TIMES,103000,1970,CA,Proposition,5,"REGENTS, UNIVERSITY OF CALIFORNIA: PUBLIC MEETINGS",YES,,
CA,LOS ANGELES TIMES,103000,1970,CA,Proposition,5,"PARTIAL CONSTITUTIONAL REVISION: FUTURE CONSTITUTIONAL AMENDMENTS, STATE CIVIL SERVICE",YES,,
CA,LOS ANGELES TIMES,103000,1970,CA,Proposition,6,STATE AND COUNTY BOARDS OF EDUC: TEXTBOOKS,YES,,
CA,LOS ANGELES TIMES,103000,1970,CA,Proposition,6,TEACHERS' RETIREMENT FUND: INVESTMENTS,YES,,
CA,LOS ANGELES TIMES,103000,1970,CA,Proposition,7,STATE COLLEGES: SPEAKER MEMBER OF GOVERNING BODY,NO,,
CA,LOS ANGELES TIMES,103000,1970,CA,Proposition,7,INTEREST RATE ON STATE BONDS,YES,,
CA,LOS ANGELES TIMES,103000,1970,CA,Proposition,8,TAXATION FOR SCHOOLS AND SOCIAL WELFARE,NO,,
CA,LOS ANGELES TIMES,103000,1970,CA,Proposition,8,SUPERINTENDENT OF PUBLIC INSTRUCTION,YES,,
CA,LOS ANGELES TIMES,103000,1970,CA,Proposition,9,COUNTY SUPERINTENDENTS OF SCHOOLS,YES,,
CA,LOS ANGELES TIMES,103000,1970,CA,Proposition,10,INTEREST RATE LIMITATION,YES,,
CA,LOS ANGELES TIMES,103000,1970,CA,Proposition,11,CHIROPRACTORS - RULES,YES,,
CA,LOS ANGELES TIMES,103000,1970,CA,Proposition,12,COMPENSATION OF COUNTY SUPERVISORS,YES,,
CA,LOS ANGELES TIMES,103000,1970,CA,Proposition,13,TAX EXEMPTION FOR DISABLED AND BLIND VETERANS,YES,,
CA,LOS ANGELES TIMES,103000,1970,CA,Proposition,14,STATE CIVIL SERVICE,YES,,
CA,LOS ANGELES TIMES,103000,1970,CA,Proposition,15,PARTIAL CONSTITUTIONAL REVISION,YES,,
CA,LOS ANGELES TIMES,103000,1970,CA,Proposition,16,CONSTITUTIONAL AMENDMENTS,YES,,
CA,LOS ANGELES TIMES,103000,1970,CA,Proposition,17,PARTIAL CONSTITUTIONAL REVISION: SOCIAL WELFARE,YES,,
CA,LOS ANGELES TIMES,103000,1970,CA,Proposition,18,MOTOR VEHICLE TAXATION REVENUES,YES,,
CA,LOS ANGELES TIMES,103000,1970,CA,Proposition,19,USURY,YES,,
CA,LOS ANGELES TIMES,103000,1970,CA,Proposition,20,"RECREATION, FISH & WILDLIFE BOND $60M",YES,,
CA,LOS ANGELES TIMES,103000,1972,CA,Proposition,1,COMMUNITY COLLEGE BOND $160M,YES,,
CA,LOS ANGELES TIMES,103000,1972,CA,Proposition,1,VETS BOND $250M,YES,,
CA,LOS ANGELES TIMES,103000,1972,CA,Proposition,2,HEALTH FACILITIES BOND $155.9M,YES,,
CA,LOS ANGELES TIMES,103000,1972,CA,Proposition,2,STATE SCHOOL BOND $350M,YES,,
CA,LOS ANGELES TIMES,103000,1972,CA,Proposition,3,ENVIRONMENTAL POLLUTION BOND AUTHORIZATION,YES,,
CA,LOS ANGELES TIMES,103000,1972,CA,Proposition,3,RIGHT TO ASSISTANCE OF COUNSEL,YES,,
CA,LOS ANGELES TIMES,103000,1972,CA,Proposition,4,OPEN PRESIDENTIAL PRIMARY,NO,,
CA,LOS ANGELES TIMES,103000,1972,CA,Proposition,4,LEG REORGANIZATION,YES,,
CA,LOS ANGELES TIMES,103000,1972,CA,Proposition,5,SCHOOL DISTRICTS,YES,,
CA,LOS ANGELES TIMES,103000,1972,CA,Proposition,5,"APPOINTMENT OF REGENTS, UNIVERSITY OF CALIFORNIA",YES,,
CA,LOS ANGELES TIMES,103000,1972,CA,Proposition,6,MISC CONSTITUTIONAL REVISIONS,YES,,
CA,LOS ANGELES TIMES,103000,1972,CA,Proposition,6,NATURALIZED CITIZEN VOTING ELIGIBILITY,YES,,
CA,LOS ANGELES TIMES,103000,1972,CA,Proposition,7,VALUATION OF SINGLE-FAMILY DWELLINGS FOR TAX PURPOSES,YES,,
CA,LOS ANGELES TIMES,103000,1972,CA,Proposition,7,ELECTIONS AND PRESIDENTIAL PRIMARY,YES,,
CA,LOS ANGELES TIMES,103000,1972,CA,Proposition,8,TAX EXEMPTION FOR ANTI-POLLUTION FACILITIES,NO,,
CA,LOS ANGELES TIMES,103000,1972,CA,Proposition,8,CHIROPRACTORS,YES,,
CA,LOS ANGELES TIMES,103000,1972,CA,Proposition,9,CLEAN ENVIRONMENT ACT,NO,,
CA,LOS ANGELES TIMES,103000,1972,CA,Proposition,9,BOND VOTE FOR STRUCTURALLY UNSAFE SCHOOL BUILDINGS,YES,,
CA,LOS ANGELES TIMES,103000,1972,CA,Proposition,10,PARTIAL CONSTITUTIONAL REVISION,YES,,
CA,LOS ANGELES TIMES,103000,1972,CA,Proposition,10,BLIND VETERANS TAX EXEMPTION,YES,,
CA,LOS ANGELES TIMES,103000,1972,CA,Proposition,11,RIGHT OF PRIVACY,NO,,
CA,LOS ANGELES TIMES,103000,1972,CA,Proposition,12,DISABLED VETERANS TAX EXEMPTION,YES,,
CA,LOS ANGELES TIMES,103000,1972,CA,Proposition,13,WORKMEN'S COMPENSATION,YES,,
CA,LOS ANGELES TIMES,103000,1972,CA,Proposition,14,PROPERTY TAX LIMITATIONS,NO,,
CA,LOS ANGELES TIMES,103000,1972,CA,Proposition,15,STATE EMPLOYEE SALARIES,NO,,
CA,LOS ANGELES TIMES,103000,1972,CA,Proposition,16,"SALARIES, CALIFORNIA HIGHWAY PATROL",NO,,
CA,LOS ANGELES TIMES,103000,1972,CA,Proposition,17,DEATH PENALTY,NO,,
CA,LOS ANGELES TIMES,103000,1972,CA,Proposition,18,OBSCENITY LEGISLATION,NO,,
CA,LOS ANGELES TIMES,103000,1972,CA,Proposition,19,MARIJUANA - REMOVAL OF PENALTY FOR PERSONAL USE,NO,,
CA,LOS ANGELES TIMES,103000,1972,CA,Proposition,20,COASTAL ZONE CONSERVATION ACT,YES,,
CA,LOS ANGELES TIMES,103000,1972,CA,Proposition,21,ASSIGNMENT OF STUDENTS TO SCHOOLS (ANTI-BUSING),NO,,
CA,LOS ANGELES TIMES,103000,1972,CA,Proposition,22,AGRICULTURAL LABOR RELATIONS,NO,,
CA,LOS ANGELES TIMES,103000,1973,CA,Proposition,1,TAX AND EXPENDITURE LIMITATIONS,,,
CA,LOS ANGELES TIMES,103000,1974,CA,Proposition,1,"BEACH, PARK, RECREATION BOND $250M",YES,,
CA,LOS ANGELES TIMES,103000,1974,CA,Proposition,1,SCHOOL BOND $150M,YES,,
CA,LOS ANGELES TIMES,103000,1974,CA,Proposition,2,CLEAN WATER BOND $250M,YES,,
CA,LOS ANGELES TIMES,103000,1974,CA,Proposition,2,CHARTERS FOR COUNTIES AND CITIES,YES,,
CA,LOS ANGELES TIMES,103000,1974,CA,Proposition,3,VETS BOND $350M,YES,,
CA,LOS ANGELES TIMES,103000,1974,CA,Proposition,3,POSTSECONDARY EDUC COMMISS PERSONNEL - EXEMPTION FROM CIVIL SERVICE,YES,,
CA,LOS ANGELES TIMES,103000,1974,CA,Proposition,4,"REGENTS, UNIVERSITY OF CALIFORNIA",YES,,
CA,LOS ANGELES TIMES,103000,1974,CA,Proposition,4,REASSESSMENT OF PROPERTY IN EVENT OF DAMAGE OR DESTRUCTION,YES,,
CA,LOS ANGELES TIMES,103000,1974,CA,Proposition,5,HIGHWAYS AND MASS TRANSIT GUIDEWAYS,YES,,
CA,LOS ANGELES TIMES,103000,1974,CA,Proposition,5,RESIDENCE OF LOCAL GOVT EMPLOYEE,NO,,
CA,LOS ANGELES TIMES,103000,1974,CA,Proposition,6,PUBLIC LEG PROCEEDINGS,YES,,
CA,LOS ANGELES TIMES,103000,1974,CA,Proposition,6,PROPERTY TAX EXEMPTIONS,YES,,
CA,LOS ANGELES TIMES,103000,1974,CA,Proposition,7,STATE BILL OF RIGHTS,YES,,
CA,LOS ANGELES TIMES,103000,1974,CA,Proposition,7,STATE CIVIL SERVICE EXEMPTIONS,YES,,
CA,LOS ANGELES TIMES,103000,1974,CA,Proposition,8,SACRAMENTO COUNTY-CITIES CONSOLIDATION,YES,,
CA,LOS ANGELES TIMES,103000,1974,CA,Proposition,8,TAXATION AND STATE FUNDS,YES,,
CA,LOS ANGELES TIMES,103000,1974,CA,Proposition,9,RECALL OF PUBLIC OFFICERS,YES,,
CA,LOS ANGELES TIMES,103000,1974,CA,Proposition,9,CAMPAIGN FINANCE & LOBBYING REFORM,YES,,
CA,LOS ANGELES TIMES,103000,1974,CA,Proposition,10,EX-FELONS RIGHT TO VOTE,YES,,
CA,LOS ANGELES TIMES,103000,1974,CA,Proposition,11,CONSTITUTION - LANGUAGE CHANGES REGARDING GENDER,YES,,
CA,LOS ANGELES TIMES,103000,1974,CA,Proposition,12,REGULATION OF PUBLIC UTILITIES,YES,,
CA,LOS ANGELES TIMES,103000,1974,CA,Proposition,13,SAN DIEGO COUNTY JUDICIAL DISTRICTS,YES,,
CA,LOS ANGELES TIMES,103000,1974,CA,Proposition,14,STATE COLLEGE SYSTEM,YES,,
CA,LOS ANGELES TIMES,103000,1974,CA,Proposition,15,LOW RENT PUBLIC HOUSING,YES,,
CA,LOS ANGELES TIMES,103000,1974,CA,Proposition,16,"STUDENT TUITION, UNIVERSITY OF CALIFORNIA",YES,,
CA,LOS ANGELES TIMES,103000,1974,CA,Proposition,17,WILD AND SCENIC RIVERS (NEW MELONES DAM),NO,,
CA,LOS ANGELES TIMES,103000,1976,CA,Proposition,1,HOUSING BOND $500M,YES,,
CA,LOS ANGELES TIMES,103000,1976,CA,Proposition,1,SCHOOL BOND $200M,YES,,
CA,LOS ANGELES TIMES,103000,1976,CA,Proposition,2,VETS BOND $500M,YES,,
CA,LOS ANGELES TIMES,103000,1976,CA,Proposition,2,PARK & RECREATION BOND $280M,YES,,
CA,LOS ANGELES TIMES,103000,1976,CA,Proposition,3,SOLAR ENERGY BOND $25M,YES,,
CA,LOS ANGELES TIMES,103000,1976,CA,Proposition,3,DRINKING WATER BOND $175M,YES,,
CA,LOS ANGELES TIMES,103000,1976,CA,Proposition,4,UNIVERSITY OF CALIFORNIA. COMPETITIVE BIDDING. GROUNDS FOR DENIAL OF ADMISSION,NO,,
CA,LOS ANGELES TIMES,103000,1976,CA,Proposition,4,COMMUNITY COLLEGE BOND $200M,YES,,
CA,LOS ANGELES TIMES,103000,1976,CA,Proposition,5,INTEREST RATE LIMIT,YES,,
CA,LOS ANGELES TIMES,103000,1976,CA,Proposition,5,"BANKS, FRANCISERS, CORPORATIONS AND INSURERS - TAXATION",YES,,
CA,LOS ANGELES TIMES,103000,1976,CA,Proposition,6,BILLS AND STATUTES-EFFECTIVE DATE. GOVERNOR'S CONSIDERATION. REFERENDUM.,YES,,
CA,LOS ANGELES TIMES,103000,1976,CA,Proposition,6,INSURANCE COMPANY HOME OFFICE TAX DEDUCTION,YES,,
CA,LOS ANGELES TIMES,103000,1976,CA,Proposition,7,TAXATION OF RESTRICTED HISTORIC PROPERTY,YES,,
CA,LOS ANGELES TIMES,103000,1976,CA,Proposition,7,"JUDGES. CENSURE, REMOVAL, JUDICIAL PERFORMANCE COMMISSION",YES,,
CA,LOS ANGELES TIMES,103000,1976,CA,Proposition,8,DEPOSIT OF PUBLIC MONEYS IN SAVINGS AND LOAN ASSOCIATIONS,YES,,
CA,LOS ANGELES TIMES,103000,1976,CA,Proposition,8,COUNTY SUPERINTENDENTS OF SCHOOLS AND BOARDS OF EDUC,YES,,
CA,LOS ANGELES TIMES,103000,1976,CA,Proposition,9,ALLOW BINGO,YES,,
CA,LOS ANGELES TIMES,103000,1976,CA,Proposition,9,STATE CONSTITUTIONAL OFFICES. FILLING VACANCIES IN. CONFIRMATION.,YES,,
CA,LOS ANGELES TIMES,103000,1976,CA,Proposition,10,PROPERTY TAXATION BY LOCAL GOVTS WHOSE BOUNDARIES INCLUDE AREA IN TWO OR MORE COUNTIES,YES,,
CA,LOS ANGELES TIMES,103000,1976,CA,Proposition,10,BONDS TO REFUND STATE INDEBTEDNESS,YES,,
CA,LOS ANGELES TIMES,103000,1976,CA,Proposition,11,TAX RATES ON UNSECURED (PORTABLE) PROPERTY,YES,,
CA,LOS ANGELES TIMES,103000,1976,CA,Proposition,11,MOTOR VEHICLE TAXES - LOCAL SURPLUS PROPERTY,YES,,
CA,LOS ANGELES TIMES,103000,1976,CA,Proposition,12,LOANS BY STATE FOR ENERGY CONSERVATION IMPROVEMENTS IN RESIDENTIAL STRUCTURES - SOLAR ENERGY,YES,,
CA,LOS ANGELES TIMES,103000,1976,CA,Proposition,12,INTEREST RATE LIMIT,YES,,
CA,LOS ANGELES TIMES,103000,1976,CA,Proposition,13,PROPERTY TAX POSTPONEMENT,YES,,
CA,LOS ANGELES TIMES,103000,1976,CA,Proposition,13,ALLOW BETTING ON GREYHOUND RACING,NO,,
CA,LOS ANGELES TIMES,103000,1976,CA,Proposition,14,MISC CONSTITUTIONAL REVISIONS,YES,,
CA,LOS ANGELES TIMES,103000,1976,CA,Proposition,14,AGRICULTURAL LABOR RELATIONS,NO,,
CA,LOS ANGELES TIMES,103000,1976,CA,Proposition,15,LIMITATIONS ON NUCLEAR POWER PLANTS,NO,,
CA,LOS ANGELES TIMES,103000,1976,CA,Proposition,15,"CHIROPRACTORS, BOARD OF EXAMINERS, LICENSING REQUIREMENTS",YES,,
CA,LOS ANGELES TIMES,103000,1978,CA,Proposition,1,VETS BOND $500M,YES,,
CA,LOS ANGELES TIMES,103000,1978,CA,Proposition,1,SCHOOL BOND $500M,YES,,
CA,LOS ANGELES TIMES,103000,1978,CA,Proposition,2,WATER BOND $375M,YES,,
CA,LOS ANGELES TIMES,103000,1978,CA,Proposition,2,PUBLIC UTILITIES COMMISSION,NO,,
CA,LOS ANGELES TIMES,103000,1978,CA,Proposition,3,TAXATION EXEMPTION - ALTERNATIVE ENERGY SYSTEMS,YES,,
CA,LOS ANGELES TIMES,103000,1978,CA,Proposition,3,STATE SURPLUS COASTAL PROPERTY,YES,,
CA,LOS ANGELES TIMES,103000,1978,CA,Proposition,4,CHIROPRACTORS. SCHOOL ACCREDITATION AND LICENSE REVOCATION.,YES,,
CA,LOS ANGELES TIMES,103000,1978,CA,Proposition,4,VOTING ON CITY CHARTER AMENDS,YES,,
CA,LOS ANGELES TIMES,103000,1978,CA,Proposition,5,REGULATION OF SMOKING,NO,,
CA,LOS ANGELES TIMES,103000,1978,CA,Proposition,5,POWERS OF ADMINISTRATIVE AGENCIES,YES,,
CA,LOS ANGELES TIMES,103000,1978,CA,Proposition,6,SCHOOL EMPLOYEES - HOMOSEXUALITY - FIRE HOMOSEXUAL TEACHERS,NO,,
CA,LOS ANGELES TIMES,103000,1978,CA,Proposition,6,BAN APPOINTMENT OF SHERIFFS,NO,,
CA,LOS ANGELES TIMES,103000,1978,CA,Proposition,7,MURDER - DEATH PENALTY,NO,,
CA,LOS ANGELES TIMES,103000,1978,CA,Proposition,7,LOCAL AGENCIES - INSURANCE POOLING ARRANGEMENTS,YES,,
CA,LOS ANGELES TIMES,103000,1978,CA,Proposition,8,POST-DISASTER TAXATION,YES,,
CA,LOS ANGELES TIMES,103000,1978,CA,Proposition,8,OWNER OCCUPIED DWELLINGS - TAX RATE - DUAL RATE SYSTEM,YES,,
CA,LOS ANGELES TIMES,103000,1978,CA,Proposition,9,INTEREST RATES ON COURT JUDGEMENTS,YES,,
CA,LOS ANGELES TIMES,103000,1978,CA,Proposition,10,TAXATION - REHABILITATED PROPERTY,YES,,
CA,LOS ANGELES TIMES,103000,1978,CA,Proposition,11,TAXATION - COUNTY OWNED REAL PROPERTY,YES,,
CA,LOS ANGELES TIMES,103000,1978,CA,Proposition,12,"CONSTITUTIONAL OFFICERS, LEGS AND JUDGES COMPENSATION",YES,,
CA,LOS ANGELES TIMES,103000,1978,CA,Proposition,13,PROPERTY TAX LIMITATION (JARVIS-GANN),NO,,
CA,LOS ANGELES TIMES,103000,1979,CA,Proposition,1,SCHOOL ASSIGNMENT AND TRANSPORTATION OF PUPILS,NO,,
CA,LOS ANGELES TIMES,103000,1979,CA,Proposition,2,LOAN INTEREST RATES,YES,,
CA,LOS ANGELES TIMES,103000,1979,CA,Proposition,3,VETERAN'S PROPERTY TAX EXEMPTION,YES,,
CA,LOS ANGELES TIMES,103000,1979,CA,Proposition,4,LIMITATION OF GOVT APPROPRIATIONS,NO,,
CA,LOS ANGELES TIMES,103000,1980,CA,Proposition,1,PARKS ACQUIS. & DEVEL. BOND $285,YES,,
CA,LOS ANGELES TIMES,103000,1980,CA,Proposition,1,"PARK, WILDLIFE & WATER BOND $495M",YES,,
CA,LOS ANGELES TIMES,103000,1980,CA,Proposition,2,LAKE TAHOE BOND $85M,YES,,
CA,LOS ANGELES TIMES,103000,1980,CA,Proposition,2,VETS BOND $750M,YES,,
CA,LOS ANGELES TIMES,103000,1980,CA,Proposition,3,INSURANCE GUARANTEE FUNDS. TAX OFFSET,NO,,
CA,LOS ANGELES TIMES,103000,1980,CA,Proposition,3,STATE CAPITOL ALTERATIONS,NO,,
CA,LOS ANGELES TIMES,103000,1980,CA,Proposition,4,LOW-RENT HOUSING,YES,,
CA,LOS ANGELES TIMES,103000,1980,CA,Proposition,4,WAIVER OF PROPERTY TAX LIMITS,YES,,
CA,LOS ANGELES TIMES,103000,1980,CA,Proposition,5,FREEDOM OF PRESS - CONFIDENTIALITY OF NEWS SOURCES,YES,,
CA,LOS ANGELES TIMES,103000,1980,CA,Proposition,5,"TAXATION. REAL PROPERTY VALUATION. DISASTERS, SEISMIC SAFETY, CHANGE IN OWNERSHIP",NO,,
CA,LOS ANGELES TIMES,103000,1980,CA,Proposition,6,REAPPORTIONMENT GUIDELINES,YES,,
CA,LOS ANGELES TIMES,103000,1980,CA,Proposition,6,NUMBER OF JURORS IN CIVIL CASES,YES,,
CA,LOS ANGELES TIMES,103000,1980,CA,Proposition,7,DISASTER ASSISTANCE,YES,,
CA,LOS ANGELES TIMES,103000,1980,CA,Proposition,7,TAXATION. REAL PROPERTY VALUATION. SOLAR ENERGY SYSTEMS,YES,,
CA,LOS ANGELES TIMES,103000,1980,CA,Proposition,8,WATER DEVELOPMENT & ENVIR. PROTECTION,YES,,
CA,LOS ANGELES TIMES,103000,1980,CA,Proposition,8,ALTERNATIVE ENERGY SOURCES FACILITY FINANCING,NO,,
CA,LOS ANGELES TIMES,103000,1980,CA,Proposition,9,"TAX: INCOME, REDUCE BY OVER 50%",NO,,
CA,LOS ANGELES TIMES,103000,1980,CA,Proposition,9,SAFE DRINKING WATER BOND $175M,YES,,
CA,LOS ANGELES TIMES,103000,1980,CA,Proposition,10,SMOKING AND NO-SMOKING SECTIONS,NO,,
CA,LOS ANGELES TIMES,103000,1980,CA,Proposition,10,RENT-CONTROL THROUGH LOCAL ORDINANCE - RESTRICT RENT CONTROL,NO,,
CA,LOS ANGELES TIMES,103000,1980,CA,Proposition,11,JUDGES' SALARIES,YES,,
CA,LOS ANGELES TIMES,103000,1980,CA,Proposition,11,TAX: 10% OIL PROFITS SURTAX,NO,,
CA,LOS ANGELES TIMES,103000,1982,CA,Proposition,1,SCHOOL BOND $500M,YES,,
CA,LOS ANGELES TIMES,103000,1982,CA,Proposition,1,STATE PRISON BOND $495M,YES,,
CA,LOS ANGELES TIMES,103000,1982,CA,Proposition,2,COUNTY JAIL BOND $280M,YES,,
CA,LOS ANGELES TIMES,103000,1982,CA,Proposition,2,PRESIDENT OF STATE SENATE,NO,,
CA,LOS ANGELES TIMES,103000,1982,CA,Proposition,3,"TAXATION - REAL PROPERTY VALUATION, CHANGE IN OWNERSHIP",YES,,
CA,LOS ANGELES TIMES,103000,1982,CA,Proposition,3,VETS BOND $450M,YES,,
CA,LOS ANGELES TIMES,103000,1982,CA,Proposition,4,DENIAL OF BAIL,YES,,
CA,LOS ANGELES TIMES,103000,1982,CA,Proposition,4,LAKE TAHOE BOND $85M,YES,,
CA,LOS ANGELES TIMES,103000,1982,CA,Proposition,5,1ST-TIME HOME BUYERS BOND $200M,YES,,
CA,LOS ANGELES TIMES,103000,1982,CA,Proposition,5,ELIMINATE INHERITANCE TAXATION,NO,,
CA,LOS ANGELES TIMES,103000,1982,CA,Proposition,6,ELIMINATE INHERITANCE TAXATION,NO,,
CA,LOS ANGELES TIMES,103000,1982,CA,Proposition,6,PUBLIC PENSION FUND INVESTMENT,YES,,
CA,LOS ANGELES TIMES,103000,1982,CA,Proposition,7,INCOME TAX INDEXING,NO,,
CA,LOS ANGELES TIMES,103000,1982,CA,Proposition,7,"TAX: PROPERTY, FIRE-SAFETY SYSTEMS",NO,,
CA,LOS ANGELES TIMES,103000,1982,CA,Proposition,8,CRIMINAL JUSTICE,NO,,
CA,LOS ANGELES TIMES,103000,1982,CA,Proposition,8,TRANSFER OF FUNDS BY LOCAL GOVTS,YES,,
CA,LOS ANGELES TIMES,103000,1982,CA,Proposition,9,PRIVATE SCHOOL TEXTBOOKS,NO,,
CA,LOS ANGELES TIMES,103000,1982,CA,Proposition,9,WATER FACILITIES INCLUDING A PERIPHERAL CANAL,YES,,
CA,LOS ANGELES TIMES,103000,1982,CA,Proposition,10,"UNIFYING SUPERIOR, MUNICIP, AND JUSTICE COURTS",NO,,
CA,LOS ANGELES TIMES,103000,1982,CA,Proposition,10,REAPPORTIONMENT (CONGRESS),NO,,
CA,LOS ANGELES TIMES,103000,1982,CA,Proposition,11,REAPPORTIONMENT (STATE SENATE),YES,,
CA,LOS ANGELES TIMES,103000,1982,CA,Proposition,11,RETURNABLE BEVERAGE CONTAINERS,YES,,
CA,LOS ANGELES TIMES,103000,1982,CA,Proposition,12,NUCLEAR WEAPONS FREEZE,YES,,
CA,LOS ANGELES TIMES,103000,1982,CA,Proposition,12,REAPPORTIONMENT (STATE ASSEMBLY),YES,,
CA,LOS ANGELES TIMES,103000,1982,CA,Proposition,13,WATER CONSERVATION,YES,,
CA,LOS ANGELES TIMES,103000,1982,CA,Proposition,14,REAPPORTIONMENT BY DISTRICTING COMMISS OR SUPREME COURT,NO,,
CA,LOS ANGELES TIMES,103000,1982,CA,Proposition,15,HANDGUN REGISTRATION & CONTROL,YES,,
CA,LOS ANGELES TIMES,103000,1984,CA,Proposition,16,COUNTY JAIL BOND $250M,YES,,
CA,LOS ANGELES TIMES,103000,1984,CA,Proposition,17,NEW STATE PRISON BOND $300M,YES,,
CA,LOS ANGELES TIMES,103000,1984,CA,Proposition,18,"PARK, COASTAL, WILDLIFE BOND $370M",YES,,
CA,LOS ANGELES TIMES,103000,1984,CA,Proposition,19,FISH & WILDLIFE BOND $485M,YES,,
CA,LOS ANGELES TIMES,103000,1984,CA,Proposition,20,CAMPAIGN LIBEL LAW,NO,,
CA,LOS ANGELES TIMES,103000,1984,CA,Proposition,21,PUBLIC PENSION FUND INVESTMENTS,YES,,
CA,LOS ANGELES TIMES,103000,1984,CA,Proposition,22,EXEMPT STATE CIVIL SERVICE POSITION,YES,,
CA,LOS ANGELES TIMES,103000,1984,CA,Proposition,23,PROPERTY TAXATION. SEISMIC SAFETY CONSTRUCTION EXCLUSION.,YES,,
CA,LOS ANGELES TIMES,103000,1984,CA,Proposition,24,"LEGISLATURE: RULES, PROCEDURES, POWERS, FUNDING (GANN)",NO,,
CA,LOS ANGELES TIMES,103000,1984,CA,Proposition,25,CLEAN WATER BOND $325M,YES,,
CA,LOS ANGELES TIMES,103000,1984,CA,Proposition,26,SCHOOL BUILDING BOND $500M,YES,,
CA,LOS ANGELES TIMES,103000,1984,CA,Proposition,27,HAZARDOUS WASTE CLEANUP BOND $100M,YES,,
CA,LOS ANGELES TIMES,103000,1984,CA,Proposition,28,SAFE WATER BOND $75M,YES,,
CA,LOS ANGELES TIMES,103000,1984,CA,Proposition,29,VETS BOND $650M,YES,,
CA,LOS ANGELES TIMES,103000,1984,CA,Proposition,30,SENIOR CITIZEN CENTER BOND $50M,YES,,
CA,LOS ANGELES TIMES,103000,1984,CA,Proposition,31,PROPERTY TAXATION. FIRE PROTECTION SYSTEM EXCLUSION OF 1984,YES,,
CA,LOS ANGELES TIMES,103000,1984,CA,Proposition,32,SUPREME COURT - TRANSFER OF CAUSES AND REVIEW OF DECISIONS OF 1984,YES,,
CA,LOS ANGELES TIMES,103000,1984,CA,Proposition,33,PROPERTY TAX POSTPONEMENT - DISABLED PERSON,YES,,
CA,LOS ANGELES TIMES,103000,1984,CA,Proposition,34,PROPERTY TAXATION - HISTORIC STRUCTURE EXEMPTION,YES,,
CA,LOS ANGELES TIMES,103000,1984,CA,Proposition,36,TAXATION - JARVIS 'SAVE 13',NO,,
CA,LOS ANGELES TIMES,103000,1984,CA,Proposition,37,STATE LOTTERY,NO,,
CA,LOS ANGELES TIMES,103000,1984,CA,Proposition,38,VOTING MATERIALS IN ENGLISH ONLY,NO,,
CA,LOS ANGELES TIMES,103000,1984,CA,Proposition,39,REAPPORTIONMENT.,NO,,
CA,LOS ANGELES TIMES,103000,1984,CA,Proposition,40,CAMPAIGN FINANCE REFORM,NO,,
CA,LOS ANGELES TIMES,103000,1984,CA,Proposition,41,WELFARE & MEDI-CAL REDUCTIONS,NO,,
CA,LOS ANGELES TIMES,103000,1986,CA,Proposition,42,VETS BOND $850M,YES,,
CA,LOS ANGELES TIMES,103000,1986,CA,Proposition,43,COMMUNITY PARKLANDS BOND $100M,YES,,
CA,LOS ANGELES TIMES,103000,1986,CA,Proposition,44,WATER CONSERVATION BOND $150M,YES,,
CA,LOS ANGELES TIMES,103000,1986,CA,Proposition,45,DEPOSIT OF PUBLIC MONEYS IN CREDIT UNION,YES,,
CA,LOS ANGELES TIMES,103000,1986,CA,Proposition,46,PROPERTY TAXATION,YES,,
CA,LOS ANGELES TIMES,103000,1986,CA,Proposition,47,ALLOCATION OF VEHICLE LICENSE FEE TAXES TO COUNTIES AND CITIES,NO,,
CA,LOS ANGELES TIMES,103000,1986,CA,Proposition,48,LEGISLATORS' AND JUDGES' RETIREMENT SYSTEMS,YES,,
CA,LOS ANGELES TIMES,103000,1986,CA,Proposition,49,NONPARTISAN OFFICE,NO,,
CA,LOS ANGELES TIMES,103000,1986,CA,Proposition,50,PROPERTY TAXATION - DISASTERS,YES,,
CA,LOS ANGELES TIMES,103000,1986,CA,Proposition,51,MULTIPLE DEFENDANTS TORT DAMAGE LIABILITY,YES,,
CA,LOS ANGELES TIMES,103000,1986,CA,Proposition,52,COUNTY JAIL BOND $450M,YES,,
CA,LOS ANGELES TIMES,103000,1986,CA,Proposition,53,K-12 SCHOOL BOND $800M,YES,,
CA,LOS ANGELES TIMES,103000,1986,CA,Proposition,54,NEW STATE PRISON BOND $500M,YES,,
CA,LOS ANGELES TIMES,103000,1986,CA,Proposition,55,SAFE DRINKING WATER BOND $100M,YES,,
CA,LOS ANGELES TIMES,103000,1986,CA,Proposition,56,HIGHER EDUCATION BOND $400M,YES,,
CA,LOS ANGELES TIMES,103000,1986,CA,Proposition,57,RETIREMENT BENEFITS (AFFECTS 20 PEOPLE),YES,,
CA,LOS ANGELES TIMES,103000,1986,CA,Proposition,58,"TAX: PROPERTY, FAMILY TRANSFERS",NO,,
CA,LOS ANGELES TIMES,103000,1986,CA,Proposition,59,ELECTED DISTRICT ATTORNEY,YES,,
CA,LOS ANGELES TIMES,103000,1986,CA,Proposition,60,TAXATION. REPLACEMENT RESIDENCES,YES,,
CA,LOS ANGELES TIMES,103000,1986,CA,Proposition,61,"COMPENSATION OF PUBLIC OFFICIALS, EMPLOYEES, INDIVIDUAL PUBLIC CONTRACTORS",NO,,
CA,LOS ANGELES TIMES,103000,1986,CA,Proposition,62,TAXATION. LOCAL GOVTS AND DISTRICTS,NO,,
CA,LOS ANGELES TIMES,103000,1986,CA,Proposition,63,OFFICIAL STATE LANGUAGE,NO,,
CA,LOS ANGELES TIMES,103000,1986,CA,Proposition,64,ACQUIRED IMMUNE DEFICIENCY SYNDROME (AIDS),NO,,
CA,LOS ANGELES TIMES,103000,1986,CA,Proposition,65,RESTRICTIONS ON TOXIC DISCHARGES INTO DRINKING WATER; REQUIREMENT OF NOTICE OF PERSONS' EXPOSURE TO TOXICS,NO,,
CA,LOS ANGELES TIMES,103000,1988,CA,Proposition,66,ELECTED COUNTY ASSESSOR,NO,,
CA,LOS ANGELES TIMES,103000,1988,CA,Proposition,67,SECOND DEGREE MURDER OF PEACE OFFICER - MINIMUM TERM,NO,,
CA,LOS ANGELES TIMES,103000,1988,CA,Proposition,68,"LEG CAMPAIGNS, SPENDING AND CONTRIBUTION LIMITS, PARTIAL PUBLIC FUNDING",YES,,
CA,LOS ANGELES TIMES,103000,1988,CA,Proposition,69,ACQUIRED IMMUNE DEFICIENCY SYNDROME (SEE PROPOSITION 64),NO,,
CA,LOS ANGELES TIMES,103000,1988,CA,Proposition,70,"PARKS, WILDLIFE CONSERV BOND $776M",YES,,
CA,LOS ANGELES TIMES,103000,1988,CA,Proposition,71,APPROPRIATIONS LIMIT ADJUSTMENT,YES,,
CA,LOS ANGELES TIMES,103000,1988,CA,Proposition,72,EMERGENCY RESERVE. DEDICATION OF CERTAIN TAXES TO TRANSPORTATION. APPROPRIATION LIMIT CHANGE.,NO,,
CA,LOS ANGELES TIMES,103000,1988,CA,Proposition,73,CAMPAIGN FUNDING. CONTRIBUTION LIMITS. PROHIBITION OF PUBLIC FUNDING.,NO,,
CA,LOS ANGELES TIMES,103000,1988,CA,Proposition,74,"TRANSPORTATION BOND $1,000M",NO,,
CA,LOS ANGELES TIMES,103000,1988,CA,Proposition,75,K-12 SCHOOL BOND $800M,YES,,
CA,LOS ANGELES TIMES,103000,1988,CA,Proposition,76,VETS BOND $510M,YES,,
CA,LOS ANGELES TIMES,103000,1988,CA,Proposition,77,"EARTHQUAKE SAFETY, HOUSING BOND $150M",YES,,
CA,LOS ANGELES TIMES,103000,1988,CA,Proposition,78,HIGHER EDUCATION BOND $500M,YES,,
CA,LOS ANGELES TIMES,103000,1988,CA,Proposition,79,K-12 SCHOOL BOND $800M,YES,,
CA,LOS ANGELES TIMES,103000,1988,CA,Proposition,80,STATE PRISON BOND $817M,YES,,
CA,LOS ANGELES TIMES,103000,1988,CA,Proposition,81,SAFE DRINKING WATER BOND $75M,YES,,
CA,LOS ANGELES TIMES,103000,1988,CA,Proposition,82,WATER CONSERVATION BOND $60M,YES,,
CA,LOS ANGELES TIMES,103000,1988,CA,Proposition,83,CLEAN WATER & WATER RECLAM. BOND $65M,YES,,
CA,LOS ANGELES TIMES,103000,1988,CA,Proposition,84,HOUSING & HOMELESS BOND $300M,YES,,
CA,LOS ANGELES TIMES,103000,1988,CA,Proposition,85,LIBRARY CONSTRUCTION BOND $75M,YES,,
CA,LOS ANGELES TIMES,103000,1988,CA,Proposition,86,COUNTY JAIL BOND $500M,YES,,
CA,LOS ANGELES TIMES,103000,1988,CA,Proposition,87,PROPERTY TAX REVENUES. REDEVELOPMENT AGENCIES,YES,,
CA,LOS ANGELES TIMES,103000,1988,CA,Proposition,88,DEPOSIT OF PUBLIC MONEYS,YES,,
CA,LOS ANGELES TIMES,103000,1988,CA,Proposition,89,GOVERNOR'S PAROLE REVIEW,NO,,
CA,LOS ANGELES TIMES,103000,1988,CA,Proposition,90,ASSESSED VALUATION - REPLACEMENT DWELLINGS,YES,,
CA,LOS ANGELES TIMES,103000,1988,CA,Proposition,91,MAKE JUSTICE COURTS 'COURTS OF RECORD',YES,,
CA,LOS ANGELES TIMES,103000,1988,CA,Proposition,92,COMMISS ON JUDICIAL PERFORMANCE,YES,,
CA,LOS ANGELES TIMES,103000,1988,CA,Proposition,93,VETERAN'S PROPERTY TAX EXEMPTION,YES,,
CA,LOS ANGELES TIMES,103000,1988,CA,Proposition,94,ALLOW JUDGES TO TEACH AT PRIVATE,YES,,
CA,LOS ANGELES TIMES,103000,1988,CA,Proposition,95,HUNGER AND HOMELESSNESS FUNDING,NO,,
CA,LOS ANGELES TIMES,103000,1988,CA,Proposition,96,DISEASE (AIDS) TESTS FOR SEX OFFENDERS,NO,,
CA,LOS ANGELES TIMES,103000,1988,CA,Proposition,97,STATE OCCUPATIONAL SAFETY AND HEALTH PLAN,YES,,
CA,LOS ANGELES TIMES,103000,1988,CA,Proposition,98,SCHOOL FUNDING,NO,,
CA,LOS ANGELES TIMES,103000,1988,CA,Proposition,99,CIGARETTE AND TOBACCO TAX; BENEFIT FUND,YES,,
CA,LOS ANGELES TIMES,103000,1988,CA,Proposition,100,"INSURANCE RATES, REGULATION",YES,,
CA,LOS ANGELES TIMES,103000,1988,CA,Proposition,101,AUTOMOBILE ACCIDENT CLAIMS AND INSURANCE RATES,NO,,
CA,LOS ANGELES TIMES,103000,1988,CA,Proposition,102,REPORTING EXPOSURE TO AIDS VIRUS,NO,,
CA,LOS ANGELES TIMES,103000,1988,CA,Proposition,103,"INSURANCE RATES, REGULATION, COMMISSIONER",NO,,
CA,LOS ANGELES TIMES,103000,1988,CA,Proposition,104,AUTOMOBILE AND OTHER INSURANCE,NO,,
CA,LOS ANGELES TIMES,103000,1988,CA,Proposition,105,"DISCLOSURES TO CONSUMERS, VOTER, INVESTORS",NO,,
CA,LOS ANGELES TIMES,103000,1988,CA,Proposition,106,ATTORNEY FEES LIMIT FOR TORT CLAIMS,NO,,
CA,LOS ANGELES TIMES,103000,1990,CA,Proposition,107,$??? BONDS FOR HOUSING AND HOMELESS,YES,,
CA,LOS ANGELES TIMES,103000,1990,CA,Proposition,108,PASSENGER RAIL AND CLEAN AIR BOND ACT OF 1990,YES,,
CA,LOS ANGELES TIMES,103000,1990,CA,Proposition,109,GOVERNOR'S REVIEW OF LEGISLATION; LEG DEADLINES,YES,,
CA,LOS ANGELES TIMES,103000,1990,CA,Proposition,110,PROPERTY TAX EXEMPTION FOR SEVERELY DISABLED PERSONS,YES,,
CA,LOS ANGELES TIMES,103000,1990,CA,Proposition,111,THE TRAFFIC CONGESTION RELIEF AND SPENDING LIMITATION ACT OF 1990,YES,,
CA,LOS ANGELES TIMES,103000,1990,CA,Proposition,112,"STATE OFFICIALS, ETHICS, SALARIES; OPEN MEETINGS",YES,,
CA,LOS ANGELES TIMES,103000,1990,CA,Proposition,113,PRACTICE OF CHIROPRACTIC; LEG INITIATIVE AMENDMENT,YES,,
CA,LOS ANGELES TIMES,103000,1990,CA,Proposition,114,MURDER OF A PEACE OFFICER; CRIMINAL PENALTIES; SPECIAL CIRCUMSTANCE; PEACE OFFICER DEFINITION; LEG INITIATIVE AMENDMENT,NO,,
CA,LOS ANGELES TIMES,103000,1990,CA,Proposition,115,CRIMINAL LAW,NO,,
CA,LOS ANGELES TIMES,103000,1990,CA,Proposition,116,$??? BONDS FOR RAIL TRANSPORTATION,YES,,
CA,LOS ANGELES TIMES,103000,1990,CA,Proposition,117,WILDLIFE PROTECTION,YES,,
CA,LOS ANGELES TIMES,103000,1990,CA,Proposition,118,LEGISLATURE; REAPPORTIONMENT; ETHICS,NO,,
CA,LOS ANGELES TIMES,103000,1990,CA,Proposition,119,REAPPORTIONMENT BY COMMISSION,NO,,
CA,LOS ANGELES TIMES,103000,1990,CA,Proposition,120,$??? BONDS FOR NEW PRISON CONSTRUCTION,YES,,
CA,LOS ANGELES TIMES,103000,1990,CA,Proposition,121,$??? BONDS FOR HIGHER EDUC FACILITIES,YES,,
CA,LOS ANGELES TIMES,103000,1990,CA,Proposition,122,$??? BONDS FOR EARTHQUAKE SAFETY AND PUBLIC BUILDINGS REHABILITATION,YES,,
CA,LOS ANGELES TIMES,103000,1990,CA,Proposition,123,$??? BONDS FOR SCHOOL FACILITIES,YES,,
CA,LOS ANGELES TIMES,103000,1990,CA,Proposition,124,LOCAL HOSPITAL DISTRICTS,YES,,
CA,LOS ANGELES TIMES,103000,1990,CA,Proposition,125,MOTOR VEHICLE TAX; RAIL TRANSIT FUNDING,YES,,
CA,LOS ANGELES TIMES,103000,1990,CA,Proposition,126,ALCOHOLIC BEVERAGES; TAXES,NO,,
CA,LOS ANGELES TIMES,103000,1990,CA,Proposition,127,EARTHQUAKE SAFETY; PROPERTY TAX EXCLUSION,YES,,
CA,LOS ANGELES TIMES,103000,1990,CA,Proposition,128,$??? BONDS FOR ENVIRONMENT AND PUBLIC HEALTH,NO,,
CA,LOS ANGELES TIMES,103000,1990,CA,Proposition,129,"$??? BONDS FOR DRUG ENFORCEMENT, PREVENTION, TREATMENT, PRISONS",NO,,
CA,LOS ANGELES TIMES,103000,1990,CA,Proposition,130,$??? BONDS FOR FOREST ACQUISITION; TIMBER HARVESTING PRACTICES,YES,,
CA,LOS ANGELES TIMES,103000,1990,CA,Proposition,131,LIMITS ON TERMS OF OFFICE; ETHICS; CAMPAIGN FINANCING,YES,,
CA,LOS ANGELES TIMES,103000,1990,CA,Proposition,132,MARINE RESOURCES,NO,,
CA,LOS ANGELES TIMES,103000,1990,CA,Proposition,133,DRUG ENFORCEMENT AND PREVENTION; TAXES; PRISON TERMS,YES,,
CA,LOS ANGELES TIMES,103000,1990,CA,Proposition,134,ALCOHOL SURTAX,NO,,
CA,LOS ANGELES TIMES,103000,1990,CA,Proposition,135,PESTICIDE REGULATION,NO,,
CA,LOS ANGELES TIMES,103000,1990,CA,Proposition,136,"STATE, LOCAL TAXATION",NO,,
CA,LOS ANGELES TIMES,103000,1990,CA,Proposition,137,INITIATIVE AND REFERENDUM PROCESS,NO,,
CA,LOS ANGELES TIMES,103000,1990,CA,Proposition,138,FORESTRY PROGRAMS; TIMBER HARVESTING PRACTICES,NO,,
CA,LOS ANGELES TIMES,103000,1990,CA,Proposition,139,PRISON INMATE LABOR; TAX CREDIT,NO,,
CA,LOS ANGELES TIMES,103000,1990,CA,Proposition,140,LIMITS ON TERMS OF OFFICE; LEGISLATORS' RETIREMENT; LEG OPERATING COSTS,NO,,
CA,LOS ANGELES TIMES,103000,1990,CA,Proposition,141,TOXIC CHEMICAL DISCHARGE; PUBLIC AGENCIES; LEG STATUTE,YES,,
CA,LOS ANGELES TIMES,103000,1990,CA,Proposition,142,$??? BONDS FOR VETERANS,YES,,
CA,LOS ANGELES TIMES,103000,1990,CA,Proposition,143,$??? BONDS FOR HIGHER EDUC FACILITIES,YES,,
CA,LOS ANGELES TIMES,103000,1990,CA,Proposition,144,$??? BONDS FOR NEW PRISON CONSTRUCTION,NO,,
CA,LOS ANGELES TIMES,103000,1990,CA,Proposition,145,$??? BONDS FOR HOUSING,YES,,
CA,LOS ANGELES TIMES,103000,1990,CA,Proposition,146,$??? BONDS FOR SCHOOL FACILITIES,YES,,
CA,LOS ANGELES TIMES,103000,1990,CA,Proposition,147,$??? BONDS FOR COUNTY CORRECTIONAL FACILITIES AND JUVENILE FACILITIES,YES,,
CA,LOS ANGELES TIMES,103000,1990,CA,Proposition,148,$??? BONDS FOR WATER RESOURCES,YES,,
CA,LOS ANGELES TIMES,103000,1990,CA,Proposition,149,"$??? BONDS FOR PARK, RECREATION, AND WILDLIFE ENHANCEMENT",YES,,
CA,LOS ANGELES TIMES,103000,1990,CA,Proposition,150,$??? BONDS FOR COUNTY COURTHOUSE FACILITIES,YES,,
CA,LOS ANGELES TIMES,103000,1990,CA,Proposition,151,$??? BONDS FOR CHILD CARE FACILITIES,YES,,
CA,LOS ANGELES TIMES,103000,1992,CA,Proposition,152,$??? BONDS FOR SCHOOL FACILITIES,YES,,
CA,LOS ANGELES TIMES,103000,1992,CA,Proposition,153,$??? BONDS FOR HIGHER EDUC FACILITIES,YES,,
CA,LOS ANGELES TIMES,103000,1992,CA,Proposition,154,PROPERTY TAX POSTPONEMENT,YES,,
CA,LOS ANGELES TIMES,103000,1992,CA,Proposition,155,$??? BONDS FOR SCHOOL FACILITIES,YES,,
CA,LOS ANGELES TIMES,103000,1992,CA,Proposition,156,$??? BONDS FOR PASSENGER RAIL AND CLEAN AIR,YES,,
CA,LOS ANGELES TIMES,103000,1992,CA,Proposition,157,TOLL ROADS AND HIGHWAYS,NO,,
CA,LOS ANGELES TIMES,103000,1992,CA,Proposition,158,OFFICE OF CALIFORNIA ANALYST,YES,,
CA,LOS ANGELES TIMES,103000,1992,CA,Proposition,159,OFFICE OF AUDITOR GENERAL,YES,,
CA,LOS ANGELES TIMES,103000,1992,CA,Proposition,160,PROPERTY TAX EXEMPTION,NO,,
CA,LOS ANGELES TIMES,103000,1992,CA,Proposition,161,PHYSICIAN-ASSISTED DEATH; TERMINAL CONDITION,NO,,
CA,LOS ANGELES TIMES,103000,1992,CA,Proposition,162,PUBLIC EMPLOYEES' RETIREMENT SYSTEMS,NO,,
CA,LOS ANGELES TIMES,103000,1992,CA,Proposition,163,ENDS TAXATION OF CERTAIN FOOD PRODUCTS,NO,,
CA,LOS ANGELES TIMES,103000,1992,CA,Proposition,164,CONG TERM LIMITS,NO,,
CA,LOS ANGELES TIMES,103000,1992,CA,Proposition,165,BUDGET PROCESS; WELFARE; PROCEDURAL AND SUBSTANTIVE CHANGES,NO,,
CA,LOS ANGELES TIMES,103000,1992,CA,Proposition,166,BASIC HEALTH CARE COVERAGE,NO,,
CA,LOS ANGELES TIMES,103000,1992,CA,Proposition,167,STATE TAXES,NO,,
CA,LOS ANGELES TIMES,103000,1993,CA,Proposition,168,LOW RENT HOUSING PROJECTS,YES,,
CA,LOS ANGELES TIMES,103000,1993,CA,Proposition,169,BUDGET IMPLEMENTATION,YES,,
CA,LOS ANGELES TIMES,103000,1993,CA,Proposition,170,PROPERTY TAXES; SCHOOLS; DEVELOPMENT-FEE LIMITS,YES,,
CA,LOS ANGELES TIMES,103000,1993,CA,Proposition,171,PROPERTY TAXATION; TRANSFER OF BASE YEAR VALUE,YES,,
CA,LOS ANGELES TIMES,103000,1993,CA,Proposition,172,LOCAL PUBLIC SAFETY PROTECTION AND IMPROVEMENT ACT OF 1993,YES,,
CA,LOS ANGELES TIMES,103000,1993,CA,Proposition,173,"$185,000,000 BONDS FOR HOUSING AND JOBS INVESTMENT",YES,,
CA,LOS ANGELES TIMES,103000,1993,CA,Proposition,174,EDUC VOUCHERS,NO,,
CA,LOS ANGELES TIMES,103000,1994,CA,Proposition,175,RENTERS' INCOME TAX CREDIT,NO,,
CA,LOS ANGELES TIMES,103000,1994,CA,Proposition,176,TAXATION OF NONPROFIT ORGANIZATIONS,NO,,
CA,LOS ANGELES TIMES,103000,1994,CA,Proposition,177,PROPERTY TAX EXEMPTION FOR DISABLED PERSONS' ACCESS,YES,,
CA,LOS ANGELES TIMES,103000,1994,CA,Proposition,178,PROPERTY TAX EXCLUSION FOR WATER CONSERVATION EQUIPMENT,YES,,
CA,LOS ANGELES TIMES,103000,1994,CA,Proposition,179,MURDER; PUNISHMENT; LEG INITIATIVE AMENDMENT,YES,,
CA,LOS ANGELES TIMES,103000,1994,CA,Proposition,180,"$??? BONDS FOR PARK LANDS, HISTORIC SITES, WILDLIFE AND FOREST CONSERVATION",YES,,
CA,LOS ANGELES TIMES,103000,1994,CA,Proposition,181,$??? BONDS FOR PASSENGER RAIL AND CLEAN AIR,NO,,
CA,LOS ANGELES TIMES,103000,1994,CA,Proposition,183,RECALL ELECTIONS; STATE OFFICERS,YES,,
CA,LOS ANGELES TIMES,103000,1994,CA,Proposition,184,INCREASED SENTENCES; REPEAT OFFENDERS,NO,,
CA,LOS ANGELES TIMES,103000,1994,CA,Proposition,185,PUBLIC TRANSPORTATION TRUST FUNDS; GASOLINE SALES TAX,NO,,
CA,LOS ANGELES TIMES,103000,1994,CA,Proposition,186,HEALTH SERVICES TAX,NO,,
CA,LOS ANGELES TIMES,103000,1994,CA,Proposition,187,ILLEGAL ALIENS; INELIGIBILITY FOR PUBLIC SERVICES; VERIFICATION AND REPORTING,NO,,
CA,LOS ANGELES TIMES,103000,1994,CA,Proposition,188,SMOKING AND TOBACCO PRODUCTS; LOCAL PREEMPTION; STATEWIDE REGULATION,NO,,
CA,LOS ANGELES TIMES,103000,1994,CA,Proposition,189,BAIL EXCEPTION - FELONY SEXUAL ASSAULT,YES,,
CA,LOS ANGELES TIMES,103000,1994,CA,Proposition,190,COMMISS ON JUDICIAL PERFORMANCE,YES,,
CA,LOS ANGELES TIMES,103000,1994,CA,Proposition,191,JUSTICE COURTS,YES,,
CA,LOS ANGELES TIMES,103000,1994,CA,Proposition,1A,$??? BONDS FOR EARTHQUAKE RELIEF AND SEISMIC RETROFIT,YES,,
CA,LOS ANGELES TIMES,103000,1994,CA,Proposition,1B,SAFE SCHOOLS ACT OF 1994,YES,,
CA,LOS ANGELES TIMES,103000,1994,CA,Proposition,1C,$??? BONDS FOR HIGHER EDUC FACILITIES,YES,,
CA,LOS ANGELES TIMES,103000,1996,CA,Proposition,192,$??? BONDS FOR SEISMIC RETROFIT,YES,,
CA,LOS ANGELES TIMES,103000,1996,CA,Proposition,193,PROPERTY TAX; PURCHASE OR CHANGE IN OWNERSHIP; PARENT CHILD TRANSFER,YES,,
CA,LOS ANGELES TIMES,103000,1996,CA,Proposition,194,PRISONERS; JOINT VENTURE PROGRAM; UNEMPLOYMENT BENEFITS; PAROLE,YES,,
CA,LOS ANGELES TIMES,103000,1996,CA,Proposition,195,MURDER; SPECIAL CIRCUMSTANCES,NO,,
CA,LOS ANGELES TIMES,103000,1996,CA,Proposition,196,MURDER; PUNISHMENT,NO,,
CA,LOS ANGELES TIMES,103000,1996,CA,Proposition,197,ALLOW TROPHY HUNTING OF MOUNTAIN LIONS,NO,,
CA,LOS ANGELES TIMES,103000,1996,CA,Proposition,198,OPEN PRIMARY,YES,,
CA,LOS ANGELES TIMES,103000,1996,CA,Proposition,199,"MOBILE HOME RENT ASSISTANCE, RENT-CONTROL RESTRICTIONS",NO,,
CA,LOS ANGELES TIMES,103000,1996,CA,Proposition,200,NO FAULT MOTOR VEHICLE INSURANCE; TORT LIABILITY,NO,,
CA,LOS ANGELES TIMES,103000,1996,CA,Proposition,201,"ATTORNEY FEES, SHAREHOLDER ACTIONS, CLASS ACTIONS",NO,,
CA,LOS ANGELES TIMES,103000,1996,CA,Proposition,202,"ATTORNEY'S CONTINGENCY FEES, LIMITS",NO,,
CA,LOS ANGELES TIMES,103000,1996,CA,Proposition,203,$??? BONDS FOR PUBLIC EDUC FACILITIES,YES,,
CA,LOS ANGELES TIMES,103000,1996,CA,Proposition,204,"SAFE, CLEAN, RELIABLE WATER SUPPLY ACT",YES,,
CA,LOS ANGELES TIMES,103000,1996,CA,Proposition,205,$??? BONDS FOR YOUTHFUL AND ADULT OFFENDER LOCAL FACILITIES,YES,,
CA,LOS ANGELES TIMES,103000,1996,CA,Proposition,206,$??? BONDS FOR VETERANS,YES,,
CA,LOS ANGELES TIMES,103000,1996,CA,Proposition,207,ATTORNEYS; FEES; RIGHT TO NEGOTIATE; FRIVOLOUS LAWSUITS,NO,,
CA,LOS ANGELES TIMES,103000,1996,CA,Proposition,208,CAMPAIGN CONTRIBUTIONS AND SPENDING LIMITS; RESTRICTS LOBBYISTS,YES,,
CA,LOS ANGELES TIMES,103000,1996,CA,Proposition,209,PROHIBITION AGAINST DISCRIMINATION OR PREFERENTIAL TREATMENT BY STATE AND OTHER PUBLIC ENTITIES,NO,,
CA,LOS ANGELES TIMES,103000,1996,CA,Proposition,210,MINIMUM WAGE INCREASE,NO,,
CA,LOS ANGELES TIMES,103000,1996,CA,Proposition,211,ATTORNEY-CLIENT FEE ARRANGEMENTS; SECURITIES FRAUD; LAWSUITS,NO,,
CA,LOS ANGELES TIMES,103000,1996,CA,Proposition,212,SPENDING LIMITS AND CAMPAIGN CONTRIBUTIONS; REPEALS GIFT AND HONORARIA LIMITS; RESTRICTS LOBBYISTS,NO,,
CA,LOS ANGELES TIMES,103000,1996,CA,Proposition,213,LIMITATIONS ON RECOVERY TO FELONS; UNINSURED MOTORISTS; DRUNK DRIVERS,NO,,
CA,LOS ANGELES TIMES,103000,1996,CA,Proposition,214,HEALTH CARE; CONSUMER PROTECTION,NO,,
CA,LOS ANGELES TIMES,103000,1996,CA,Proposition,215,USE OF MARIJUANA FOR MEDICAL PURPOSES,NO,,
CA,LOS ANGELES TIMES,103000,1996,CA,Proposition,216,HEALTH CARE; CONSUMER PROTECTION; TAXES ON CORPORATE RESTRUCTURING,NO,,
CA,LOS ANGELES TIMES,103000,1996,CA,Proposition,217,TOP INCOME TAX BRACKETS; REINSTATEMENT; REVENUES TO LOCAL AGENCIES,NO,,
CA,LOS ANGELES TIMES,103000,1996,CA,Proposition,218,"VOTER APPROVAL FOR LOCAL GOVT TAXES; LIMITATIONS ON FEES, ASSESSMENTS AND CHARGES",NO,,
CA,LOS ANGELES TIMES,103000,1998,CA,Proposition,1,PROPERTY TAXES; CONTAMINATED PROPERTY,YES,,
CA,LOS ANGELES TIMES,103000,1998,CA,Proposition,2,TRANSPORTATION FUNDING,YES,,
CA,LOS ANGELES TIMES,103000,1998,CA,Proposition,3,PARTISAN PRESIDENTIAL PRIMARY ELECTIONS,YES,,
CA,LOS ANGELES TIMES,103000,1998,CA,Proposition,4,TRAPPING PRACTICES; BANS USE OF SPECIFIED TRAPS AND ANIMAL POISONS,NO,,
CA,LOS ANGELES TIMES,103000,1998,CA,Proposition,5,TRIBAL-STATE GAMING COMPACTS; TRIBAL CASINOS,YES,,
CA,LOS ANGELES TIMES,103000,1998,CA,Proposition,6,PROHIBITION ON SLAUGHTER OF HORSES AND SALE OF HORSEMEAT FOR HUMAN CONSUMPTION,NO,,
CA,LOS ANGELES TIMES,103000,1998,CA,Proposition,7,TAX CREDITS FOR AIR QUALITY IMPROVEMENT,NO,,
CA,LOS ANGELES TIMES,103000,1998,CA,Proposition,8,PERMANENT CLASS SIZE REDUCTION IN SCHOOLS; PARENT-TEACHER COUNCIL; TEACHER CREDENTIALING; PUPIL SUSPENSION FOR DRUG POSSESSION,NO,,
CA,LOS ANGELES TIMES,103000,1998,CA,Proposition,9,ELECTRIC UTILITIES; ASSESSMENTS; BONDS,NO,,
CA,LOS ANGELES TIMES,103000,1998,CA,Proposition,10,STATE AND COUNTY EARLY CHILDHOOD DEVELOPMENT PROGRAMS; ADDITIONAL TOBACCO SURTAX,YES,,
CA,LOS ANGELES TIMES,103000,1998,CA,Proposition,11,LOCAL SALES AND USE TAXES-REVENUE SHARING,YES,,
CA,LOS ANGELES TIMES,103000,1998,CA,Proposition,219,BALLOT MEASURES; APPLICATION,NO,,
CA,LOS ANGELES TIMES,103000,1998,CA,Proposition,220,SUPERIOR AND MUNICIP COURT CONSOLIDATION,YES,,
CA,LOS ANGELES TIMES,103000,1998,CA,Proposition,221,DISCIPLINE OF SUBORDINATE JUDICIAL OFFICERS,YES,,
CA,LOS ANGELES TIMES,103000,1998,CA,Proposition,222,MURDER; PEACE OFFICER VICTIM; SENTENCE; CREDITS,NO,,
CA,LOS ANGELES TIMES,103000,1998,CA,Proposition,223,SPENDING LIMITS ON ADMINISTRATION IN SCHOOLS,NO,,
CA,LOS ANGELES TIMES,103000,1998,CA,Proposition,224,STATE-FUNDED DESIGN AND ENGINEERING SERVICES,NO,,
CA,LOS ANGELES TIMES,103000,1998,CA,Proposition,225,PROPOSED U.S. CONSTITUTIONAL AMENDMENT LIMITING CONG TERMS,NO,,
CA,LOS ANGELES TIMES,103000,1998,CA,Proposition,226,"POLITICAL CONTRIBUTIONS BY EMPLOYEES, UNION MEMBERS, FOREIGN ENTITIES",NO,,
CA,LOS ANGELES TIMES,103000,1998,CA,Proposition,227,ENGLISH LANGUAGE IN PUBLIC SCHOOLS,NO,,
CA,LOS ANGELES TIMES,103000,1998,CA,Proposition,1A,CLASS SIZE REDUCTION; KINDERGARTEN-UNIVERSITY; PUBLIC EDUC BOND ACT,YES,,
CA,LOS ANGELES TIMES,103000,2000,CA,Proposition,12,"$??? BONDS FOR SAFE NEIGHBORHOOD PARKS, CLEAN WATER, CLEAN AIR, AND COASTAL PROTECTION (VILLARAIGOSA-KEELEY ACT)",YES,,
CA,LOS ANGELES TIMES,103000,2000,CA,Proposition,13,"$??? BONDS FOR SAFE DRINKING WATER, CLEAN WATER, WATERSHED PROTECTION, AND FLOOD PROTECTION",YES,,
CA,LOS ANGELES TIMES,103000,2000,CA,Proposition,14,$??? BONDS FOR READING AND LITERACY IMPROVEMENT AND PUBLIC LIBRARY CONSTRUCTION AND RENOVATION,YES,,
CA,LOS ANGELES TIMES,103000,2000,CA,Proposition,15,$??? BONDS FOR CRIME LABORATORIES CONSTRUCTION (HERTZBERG-POLANCO ACT),YES,,
CA,LOS ANGELES TIMES,103000,2000,CA,Proposition,16,$??? BONDS FOR VETERANS HOMES,YES,,
CA,LOS ANGELES TIMES,103000,2000,CA,Proposition,17,"LOTTERIES, CHARITABLE RAFFLES",YES,,
CA,LOS ANGELES TIMES,103000,2000,CA,Proposition,18,MURDER; SPECIAL CIRCUMSTANCES; LEG INITIATIVE AMENDMENT,NO,,
CA,LOS ANGELES TIMES,103000,2000,CA,Proposition,19,MURDER; BART AND CSU PEACE OFFICERS; LEG INITIATIVE AMENDMENT,NO,,
CA,LOS ANGELES TIMES,103000,2000,CA,Proposition,20,CALIFORNIA STATE LOTTERY; ALLOCATION FOR INSTRUCTIONAL MATERIALS; LEG INITIATIVE AMENDMENT,NO,,
CA,LOS ANGELES TIMES,103000,2000,CA,Proposition,21,JUVENILE CRIME,NO,,
CA,LOS ANGELES TIMES,103000,2000,CA,Proposition,22,LIMIT ON MARRIAGES,NO,,
CA,LOS ANGELES TIMES,103000,2000,CA,Proposition,23,NONE OF ABOVE BALLOT OPTION,NO,,
CA,LOS ANGELES TIMES,103000,2000,CA,Proposition,25,ELECTION CAMPAIGNS; CONTRIBUTIONS AND SPENDING LIMITS; PUBLIC FINANCING; DISCLOSURES,NO,,
CA,LOS ANGELES TIMES,103000,2000,CA,Proposition,26,"SCHOOL FACILITIES; LOCAL MAJORITY VOTE; BONDS, TAXES",YES,,
CA,LOS ANGELES TIMES,103000,2000,CA,Proposition,27,TERM LIMIT DECLARATIONS FOR CONG CANDS,NO,,
CA,LOS ANGELES TIMES,103000,2000,CA,Proposition,28,REPEAL OF PROPOSITION 10 TOBACCO SURTAX,NO,,
CA,LOS ANGELES TIMES,103000,2000,CA,Proposition,29,1998 INDIAN GAMING COMPACTS; REFERENDUM STATUTE,NO,,
CA,LOS ANGELES TIMES,103000,2000,CA,Proposition,30,INSURANCE CLAIMS PRACTICES; CIVIL REMEDIES; REFERENDUM STATUTE,YES,,
CA,LOS ANGELES TIMES,103000,2000,CA,Proposition,31,INSURANCE CLAIMS PRACTICES; CIVIL REMEDY AMENDMENTS; REFERENDUM STATUTE,YES,,
CA,LOS ANGELES TIMES,103000,2000,CA,Proposition,32,$??? BONDS FOR VETERANS,YES,,
CA,LOS ANGELES TIMES,103000,2000,CA,Proposition,33,LEGISLATURE; PARTICIPATION IN PUBLIC EMPLOYEES' RETIREMENT SYSTEM,YES,,
CA,LOS ANGELES TIMES,103000,2000,CA,Proposition,34,CAMPAIGN CONTRIBUTIONS AND SPENDING; LIMITS; DISCLOSURE,NO,,
CA,LOS ANGELES TIMES,103000,2000,CA,Proposition,35,PUBLIC WORKS PROJECTS; USE OF PRIVATE CONTRACTORS FOR ENGINEERING AND ARCHITECTURAL SERVICES,YES,,
CA,LOS ANGELES TIMES,103000,2000,CA,Proposition,36,DRUGS; PROBATION AND TREATMENT PROGRAM,NO,,
CA,LOS ANGELES TIMES,103000,2000,CA,Proposition,37,VOTE REQUIREMENTS ON FEES AND TAXES,NO,,
CA,LOS ANGELES TIMES,103000,2000,CA,Proposition,38,SCHOOL VOUCHERS; STATE-FUNDED PRIVATE AND RELIGIOUS EDUC; PUBLIC SCHOOL FUNDING,NO,,
CA,LOS ANGELES TIMES,103000,2000,CA,Proposition,39,"SCHOOL FACILITIES; 55% LOCAL VOTE; BONDS, TAXES; ACCOUNTABILITY REQUIREMENTS",YES,,
CA,LOS ANGELES TIMES,103000,2000,CA,Proposition,1A,GAMBLING ON TRIBAL LANDS,NO,,
CA,LOS ANGELES TIMES,103000,2002,CA,Proposition,40,"$??? BONDS FOR CLEAN WATER, CLEAN AIR, SAFE NEIGHBORHOOD PARKS, AND COASTAL PROTECTION",YES,,
CA,LOS ANGELES TIMES,103000,2002,CA,Proposition,41,$??? BONDS FOR VOTING MODERNIZATION (SHELLEY-HERTZBERG ACT),YES,,
CA,LOS ANGELES TIMES,103000,2002,CA,Proposition,42,ALLOCATION OF EXISTING MOTOR VEHICLE FUEL SALES AND USE TAX REVENUES FOR TRANSPORTATION PURPOSES ONLY,NO,,
CA,LOS ANGELES TIMES,103000,2002,CA,Proposition,43,RIGHT TO HAVE VOTE COUNTED,YES,,
CA,LOS ANGELES TIMES,103000,2002,CA,Proposition,44,CHIROPRACTORS; UNPROFESSIONAL CONDUCT; LEG INITIATIVE AMENDMENT,NO,,
CA,LOS ANGELES TIMES,103000,2002,CA,Proposition,45,LEG TERM LIMITS; LOCAL VOTER PETITIONS,YES,,
CA,LOS ANGELES TIMES,103000,2002,CA,Proposition,46,HOUSING AND EMERGENCY SHELTER TRUST FUND ACT OF 2002,YES,,
CA,LOS ANGELES TIMES,103000,2002,CA,Proposition,47,$??? BONDS FOR KINDERGARTEN-UNIVERSITY PUBLIC EDUC FACILITIES,YES,,
CA,LOS ANGELES TIMES,103000,2002,CA,Proposition,48,COURT CONSOLIDATION,YES,,
CA,LOS ANGELES TIMES,103000,2002,CA,Proposition,49,AFTER SCHOOL PROGRAMS; STATE GRANTS,NO,,
CA,LOS ANGELES TIMES,103000,2002,CA,Proposition,50,"$??? BONDS FOR WATER QUALITY, SUPPLY AND SAFE DRINKING WATER PROJECTS; COASTAL WETLANDS PURCHASE AND PROTECTION",YES,,
CA,LOS ANGELES TIMES,103000,2002,CA,Proposition,51,TRANSPORTATION; ALLOCATION OF SALES AND USE TAXES RAISED FROM SALE OR LEASE OF MOTOR VEHICLES,NO,,
CA,LOS ANGELES TIMES,103000,2002,CA,Proposition,52,ELECTION DAY VOTER REGISTRATION,NO,,
CA,LOS ANGELES TIMES,103000,2003,CA,Proposition,53,INFRASTRUCTURE; FINANCE,NO,,
CA,LOS ANGELES TIMES,103000,2003,CA,Proposition,54,"CLASSIFICATION BY RACE, ETHNICITY, COLOR OR NATIONAL ORIGIN",NO,,
CA,LOS ANGELES TIMES,103000,2004,CA,Proposition,55,$??? BONDS FOR KINDERGARTEN-UNIVERSITY PUBLIC EDUC FACILITIES,NO,,
CA,LOS ANGELES TIMES,103000,2004,CA,Proposition,56,STATE BUDGET; RELATED TAXES AND RESERVE; VOTING REQUIREMENTS; PENALTIES,NO,,
CA,LOS ANGELES TIMES,103000,2004,CA,Proposition,57,THE ECONOMIC RECOVERY BOND ACT,YES,,
CA,LOS ANGELES TIMES,103000,2004,CA,Proposition,58,THE CALIFORNIA BALANCED BUDGET ACT,YES,,
CA,LOS ANGELES TIMES,103000,2004,CA,Proposition,59,"PUBLIC RECORDS, OPEN MEETINGS",YES,,
CA,LOS ANGELES TIMES,103000,2004,CA,Proposition,60,ELECTION RIGHTS OF POLITICAL PARTIES,NO,,
CA,LOS ANGELES TIMES,103000,2004,CA,Proposition,61,$??? BONDS FOR CHILDRENS HOSPITAL PROJECTS,NO,,
CA,LOS ANGELES TIMES,103000,2004,CA,Proposition,62,ELECTIONS; PRIMARIES,YES,,
CA,LOS ANGELES TIMES,103000,2004,CA,Proposition,63,MENTAL HEALTH SERVICES EXPANSION AND FUNDING; TAX ON INCOMES OVER $1 MILLION,NO,,
CA,LOS ANGELES TIMES,103000,2004,CA,Proposition,64,LIMITATIONS ON ENFORCEMENT OF UNFAIR BUSINESS COMPETITION LAWS,YES,,
CA,LOS ANGELES TIMES,103000,2004,CA,Proposition,65,LOCAL GOVT FUNDS AND REVENUES; STATE MANDATES,NO,,
CA,LOS ANGELES TIMES,103000,2004,CA,Proposition,66,LIMITATIONS ON THREE STRIKES LAW; SEX CRIMES; PUNISHMENT,YES,,
CA,LOS ANGELES TIMES,103000,2004,CA,Proposition,67,EMERGENCY AND MEDICAL SERVICES; FUNDING; TELEPHONE SURCHARGE,NO,,
CA,LOS ANGELES TIMES,103000,2004,CA,Proposition,68,"TRIBAL GAMING COMPACT RENEGOTIATION; NON-TRIBAL COMMERCIAL GAMBLING EXPANSION; REVENUES, TAX EXEMPTIONS",NO,,
CA,LOS ANGELES TIMES,103000,2004,CA,Proposition,69,DNA SAMPLES; COLLECTION; DATABASE; FUNDING,NO,,
CA,LOS ANGELES TIMES,103000,2004,CA,Proposition,70,TRIBAL GAMING COMPACTS; EXCLUSIVE GAMING RIGHTS; CONTRIBUTIONS TO STATE,NO,,
CA,LOS ANGELES TIMES,103000,2004,CA,Proposition,71,$??? BONDS FOR STEM CELL RESEARCH,YES,,
CA,LOS ANGELES TIMES,103000,2004,CA,Proposition,72,REFERENDUM PETITION TO OVERTURN AMENDMENTS TO HEALTH CARE COVERAGE REQUIREMENTS,NO,,
CA,LOS ANGELES TIMES,103000,2004,CA,Proposition,1A,PROTECTION OF LOCAL GOVT REVENUES,YES,,
CA,LOS ANGELES TIMES,103000,2004,CA,Proposition,60A,SURPLUS PROPERTY,NO,,
CA,LOS ANGELES TIMES,103000,2005,CA,Proposition,73,WAITING PERIOD AND PARENTAL NOTIFICATION BEFORE TERMINATION OF MINOR'S PREGNANCY,NO,,
CA,LOS ANGELES TIMES,103000,2005,CA,Proposition,74,PUBLIC SCHOOL TEACHERS; WAITING PERIOD FOR PERMANENT STATUS; DISMISSAL,YES,,
CA,LOS ANGELES TIMES,103000,2005,CA,Proposition,75,"PUBLIC EMPLOYEE UNION DUES - RESTRICTIONS ON POLITICAL CONTRIBUTIONS, EMPLOYEE CONSENT REQUIREMENT",YES,,
CA,LOS ANGELES TIMES,103000,2005,CA,Proposition,76,STATE SPENDING AND SCHOOL FUNDING LIMITS,NO,,
CA,LOS ANGELES TIMES,103000,2005,CA,Proposition,77,REDISTRICTING,YES,,
CA,LOS ANGELES TIMES,103000,2005,CA,Proposition,78,DISCOUNTS ON PRESCRIPTION DRUGS,NO,,
CA,LOS ANGELES TIMES,103000,2005,CA,Proposition,79,PRESCRIPTION DRUG DISCOUNTS; STATE-NEGOTIATED REBATES,NO,,
CA,LOS ANGELES TIMES,103000,2005,CA,Proposition,80,ELECTRIC SERVICE PROVIDERS; REGULATION,NO,,
CA,LOS ANGELES TIMES,103000,2006,CA,Proposition,81,$??? BONDS FOR READING AND LITERACY IMPROVEMENT AND PUBLIC LIBRARY CONSTRUCTION AND RENOVATION,YES,,
CA,LOS ANGELES TIMES,103000,2006,CA,Proposition,82,"PRESCHOOL EDUC TAX ON INCOMES OVER $400,000 FOR INDIVIDUALS; $800,000 FOR COUPLES",,,
CA,LOS ANGELES TIMES,103000,2006,CA,Proposition,83,"SEX OFFENDERS; SEXUALLY VIOLENT PREDATORS; PUNISHMENT, RESIDENCE RESTRICTIONS AND MONITORING",NO,,
CA,LOS ANGELES TIMES,103000,2006,CA,Proposition,84,"$??? BONDS FOR WATER QUALITY, SAFETY AND SUPPLY, FLOOD CONTROL, NATURAL RESOURCE PROTECTION, PARK IMPROVEMENTS",YES,,
CA,LOS ANGELES TIMES,103000,2006,CA,Proposition,85,WAITING PERIOD AND PARENTAL NOTIFICATION BEFORE TERMINATION OF MINOR'S PREGNANCY,NO,,
CA,LOS ANGELES TIMES,103000,2006,CA,Proposition,86,INCREASE CIGARETTE TAX,YES,,
CA,LOS ANGELES TIMES,103000,2006,CA,Proposition,87,"ALTERNATIVE ENERGY; RESEARCH, PRODUCTION, INCENTIVES; TAX ON CALIFORNIA OIL",NO,,
CA,LOS ANGELES TIMES,103000,2006,CA,Proposition,88,EDUC FUNDING; REAL PROPERTY PARCEL TAX,NO,,
CA,LOS ANGELES TIMES,103000,2006,CA,Proposition,89,POLITICAL CAMPAIGNS; PUBLIC FINANCING; CORPORATE TAX INCREASE; CONTRIBUTION AND EXPENDITURE LIMITS,NO,,
CA,LOS ANGELES TIMES,103000,2006,CA,Proposition,90,"GOVT ACQUISITION, REGULATION OF PRIVATE PROPERTY",NO,,
CA,LOS ANGELES TIMES,103000,2006,CA,Proposition,1A,TRANSPORTATION INVESTMENT FUND,NO,,
CA,LOS ANGELES TIMES,103000,2006,CA,Proposition,1B,"$??? BONDS FOR HIGHWAY SAFETY, TRAFFIC REDUCTION, AIR QUALITY, PORT SECURITY",YES,,
CA,LOS ANGELES TIMES,103000,2006,CA,Proposition,1C,HOUSING AND EMERGENCY SHELTER TRUST FUND ACT OF 2006,NO,,
CA,LOS ANGELES TIMES,103000,2006,CA,Proposition,1D,$??? BONDS KINDERGARTEN-UNIVERSITY PUBLIC EDUC FACILITIES,YES,,
CA,LOS ANGELES TIMES,103000,2006,CA,Proposition,1E,$??? BONDS FOR DISASTER PREPAREDNESS AND FLOOD PREVENTION,YES,,
CA,LOS ANGELES TIMES,103000,2008,CA,Proposition,2,STANDARDS FOR CONFINING FARM ANIMALS,NO,,
CA,LOS ANGELES TIMES,103000,2008,CA,Proposition,3,$??? BONDS FOR CHILDRENS HOSPITAL PROJECTS,YES,,
CA,LOS ANGELES TIMES,103000,2008,CA,Proposition,4,WAITING PERIOD AND PARENTAL NOTIFICATION BEFORE TERMINATION OF MINOR'S PREGNANCY,NO,,
CA,LOS ANGELES TIMES,103000,2008,CA,Proposition,5,"NONVIOLENT DRUG OFFENSES; SENTENCING, PAROLE AND REHABILITATION",NO,,
CA,LOS ANGELES TIMES,103000,2008,CA,Proposition,6,POLICE AND LAW ENFORCEMENT FUNDING; CRIMINAL PENALTIES AND LAWS,NO,,
CA,LOS ANGELES TIMES,103000,2008,CA,Proposition,7,RENEWABLE ENERGY GENERATION,NO,,
CA,LOS ANGELES TIMES,103000,2008,CA,Proposition,8,BAN SAME SEX MARRIAGE,NO,,
CA,LOS ANGELES TIMES,103000,2008,CA,Proposition,9,CRIMINAL JUSTICE SYSTEM; VICTIMS RIGHTS; PAROLE,NO,,
CA,LOS ANGELES TIMES,103000,2008,CA,Proposition,10,$??? BONDS FOR ALTERNATIVE FUEL VEHICLES AND RENEWABLE ENERGY,NO,,
CA,LOS ANGELES TIMES,103000,2008,CA,Proposition,11,REDISTRICTING,YES,,
CA,LOS ANGELES TIMES,103000,2008,CA,Proposition,12,$??? BONDS FOR VETERANS,YES,,
CA,LOS ANGELES TIMES,103000,2008,CA,Proposition,91,TRANSPORTATION FUNDING,NO,,
CA,LOS ANGELES TIMES,103000,2008,CA,Proposition,92,COMMUNITY COLLEGES; FUNDING; GOVERNANCE; FEES,NO,ENDORSED NEITHER,
CA,LOS ANGELES TIMES,103000,2008,CA,Proposition,93,LIMITS ON LEGISLATORS TERMS IN OFFICE,YES,,
CA,LOS ANGELES TIMES,103000,2008,CA,Proposition,94,REFERENDUM PETITION TO OVERTURN AMENDMENT TO INDIAN GAMING COMPACT,YES,,
CA,LOS ANGELES TIMES,103000,2008,CA,Proposition,95,REFERENDUM PETITION TO OVERTURN AMENDMENT TO INDIAN GAMING COMPACT,YES,,
CA,LOS ANGELES TIMES,103000,2008,CA,Proposition,96,REFERENDUM PETITION TO OVERTURN AMENDMENT TO INDIAN GAMING COMPACT,YES,,
CA,LOS ANGELES TIMES,103000,2008,CA,Proposition,97,REFERENDUM PETITION TO OVERTURN AMENDMENT TO INDIAN GAMING COMPACT,YES,,
CA,LOS ANGELES TIMES,103000,2008,CA,Proposition,98,"GOVT ACQUISITION, REGULATION OF PRIVATE PROPERTY",NO,,
CA,LOS ANGELES TIMES,103000,2008,CA,Proposition,99,EMINENT DOMAIN; ACQUISITION OF OWNER-OCCUPIED RESIDENCE,YES,,
CA,LOS ANGELES TIMES,103000,2008,CA,Proposition,1A,"$??? BONDS FOR SAFE, RELIABLE HIGH-SPEED PASSENGER TRAIN",YES,,
CA,LOS ANGELES TIMES,103000,2009,CA,Proposition,1A,"EXTEND TEMPORARY SALES, USE, INCOME AND VEHICLE TAXES - SPEND FUNDS ON EDUCATION, INFRASTRUCTURE AND DEBT PAYMENTS",YES,,
CA,LOS ANGELES TIMES,103000,2009,CA,Proposition,1B,MANDATE SUPPLEMENTAL SPENDING ON SCHOOLS AND COLLEGES,NO,,
CA,LOS ANGELES TIMES,103000,2009,CA,Proposition,1C,AUTH BORROWING AGAINST FUTURE LOTTERY PROCEEDS,YES,,
CA,LOS ANGELES TIMES,103000,2009,CA,Proposition,1D,AUTH SHIFT OF FUNDS CURRENTLY EARMARKED FOR EARLY CHILDHOOD DEVELOPMENT PROGRAMS,YES,,
CA,LOS ANGELES TIMES,103000,2009,CA,Proposition,1E,AUTH SHIFT OF FUNDS CURRENTLY EARMARKED FOR SPECIFIED MENTAL HEALTH PROGRAMS,YES,,
CA,LOS ANGELES TIMES,103000,2009,CA,Proposition,1F,NO PAY RAISES FOR STATE LEGISLATORS IN YEARS WHEN THERE IS A STATE BUDGET DEFICIT,YES,,
CA,LOS ANGELES TIMES,103000,2010,CA,Proposition,13,SEISMIC RETROFITTING SHOULD NOT ADD TO PROPERTY'S TAX ASSESSED VALUE,YES,,
CA,LOS ANGELES TIMES,103000,2010,CA,Proposition,14,TOP TWO PRIMARY VOTE GETTERS MOVE TO GENERAL REGARDLESS OF PARTY AFFILIATION,YES,,
CA,LOS ANGELES TIMES,103000,2010,CA,Proposition,15,PUBLIC FUNDING OF POLITICIAN'S CAMPAIGNS,YES,,
CA,LOS ANGELES TIMES,103000,2010,CA,Proposition,16,NEW TWO-THIRDS VOTE REQUIREMENT FOR LOCAL PUBLIC ELECTRICITY PROVIDERS,NO,,
CA,LOS ANGELES TIMES,103000,2010,CA,Proposition,17,DISCOUNT FOR THOSE WHO HAVE HAD CONTINUOUS AUTO INSURANCE COVERAGE,NO,,
CA,LOS ANGELES TIMES,103000,2010,CA,Proposition,19,LEGALIZE AND TAX MARIJUANA,NO,,
CA,LOS ANGELES TIMES,103000,2010,CA,Proposition,20,CONGRESSIONAL DISTRICT LINES TO BE RE-DRAWN BY A COMMITTEE,YES,,
CA,LOS ANGELES TIMES,103000,2010,CA,Proposition,21,INCREASE VEHICLE LICENSE FEES BY $18 A YEAR TO FUND STATE PARKS,NO,,
CA,LOS ANGELES TIMES,103000,2010,CA,Proposition,22,STATE GOVT PROHIBITED FROM TAKING DESIGNATED TYPES OF LOCAL FUNDS,NO,,
CA,LOS ANGELES TIMES,103000,2010,CA,Proposition,23,"SUSPEND AB 32, 'GLOBAL WARMING SOLUTIONS ACT' UNTIL UNEMPLOYMENT FALLS BELOW 5.5% FOR A YEAR",NO,,
CA,LOS ANGELES TIMES,103000,2010,CA,Proposition,24,ELIMINATES THREE BUSINESS TAX BREAKS,NO,,
CA,LOS ANGELES TIMES,103000,2010,CA,Proposition,25,"BUDGET AND RELATED LEGISLATION CAN BE PASSED WITH SIMPLE MAJORITY, RATHER THAN CURRENT 2/3RDS REQUIREMENT",YES,,
CA,LOS ANGELES TIMES,103000,2010,CA,Proposition,26,REQUIRES A 2/3 SUPERMAJORITY VOTE IN LEGISLATURE TO PASS CERTAIN STATE AND LOCAL FEES,NO,,
CA,LOS ANGELES TIMES,103000,2010,CA,Proposition,27,RETURN TASK OF REDISTRICTING TO CALIFORNIA STATE LEGISLATURE (REPEALING PROP 11),NO,,
CA,LOS ANGELES TIMES,103000,2012,CA,Proposition,28,LIMITS ON LEGISLATORS' TERMS IN OFFICE,YES,,
CA,LOS ANGELES TIMES,103000,2012,CA,Proposition,29,IMPOSES ADDITIONAL TAX ON CIGARETTES FOR CANCER RESEARCH,NO,,
CA,LOS ANGELES TIMES,103000,2012,CA,Proposition,30,TEMPORARY TAXES TO FUND EDUCATION. GUARANTEED LOCAL PUBLIC SAFETY FUNDING,YES,,
CA,LOS ANGELES TIMES,103000,2012,CA,Proposition,31,STATE BUDGET. STATE AND LOCAL GOVT,NO,,
CA,LOS ANGELES TIMES,103000,2012,CA,Proposition,32,PROHIBITS POLITICAL CONTRIBUTIONS BY PAYROLL DEDUCTION. PROHIBITIONS ON CONTRIBUTIONS TO CANDIDATES,NO,,
CA,LOS ANGELES TIMES,103000,2012,CA,Proposition,33,CHANGES LAW TO ALLOW AUTO INSURANCE COMPANIES TO SET PRICES BASED ON A DRIVER'S HISTORY OF INSURANCE COVERAGE,NO,,
CA,LOS ANGELES TIMES,103000,2012,CA,Proposition,34,DEATH PENALTY REPEAL,YES,,
CA,LOS ANGELES TIMES,103000,2012,CA,Proposition,35,HUMAN TRAFFICKING. PENALTIES. SEX OFFENDER REGISTRATION,NO,,
CA,LOS ANGELES TIMES,103000,2012,CA,Proposition,36,THREE STRIKES LAW. SENTENCING FOR REPEAT FELONY OFFENDERS,YES,,
CA,LOS ANGELES TIMES,103000,2012,CA,Proposition,37,GENETICALLY ENGINEERED FOODS. MANDATORY LABELING. INITITATIVE STATUTE,NO,,
CA,LOS ANGELES TIMES,103000,2012,CA,Proposition,38,TAX FOR EDUCATION AND EARLY CHILDHOOD PROGRAMS,NO,,
CA,LOS ANGELES TIMES,103000,2012,CA,Proposition,39,TAX TREATMENT FOR MULTISTATE BUSINESSES. CLEAN ENERGY AND ENERGY EFFICIENCY FUNDING,YES,,
CA,LOS ANGELES TIMES,103000,2012,CA,Proposition,40,REDISTRICTING. STATE SENATE DISTRICTS. REFERENDUM,YES,,
CA,LOS ANGELES TIMES,103000,2014,CA,Proposition,1,WATER BOND,YES,,
CA,LOS ANGELES TIMES,103000,2014,CA,Proposition,2,BUDGET STABILIZAION,YES,,
CA,LOS ANGELES TIMES,103000,2014,CA,Proposition,41,VETERANS HOUSING AND HOMELESS PREVENTION BOND ACT,YES,,
CA,LOS ANGELES TIMES,103000,2014,CA,Proposition,42,PUBLIC INFORMATION,YES,,
CA,LOS ANGELES TIMES,103000,2014,CA,Proposition,45,HEALTH INSURANCE RATES,NO,,
CA,LOS ANGELES TIMES,103000,2014,CA,Proposition,46,DOCTOR DRUG TESTING,NO,,
CA,LOS ANGELES TIMES,103000,2014,CA,Proposition,47,CRIMINAL SENTENCES,YES,,
CA,LOS ANGELES TIMES,103000,2014,CA,Proposition,48,INDIAN GAMING,YES,,
CA,LOS ANGELES TIMES,103000,2016,CA,Proposition,50,MEMBERS OF LEGISLATURE: SUSPENSION,NO,,
CA,LOS ANGELES TIMES,103000,2016,CA,Proposition,51,PUBLIC SCHOOL FACILITIES IMPROVEMENT,NO,,
CA,LOS ANGELES TIMES,103000,2016,CA,Proposition,52,VOTER APPROVAL TO DIVERT HOSPITAL FEES TO MEDI-CAL,YES,,
CA,LOS ANGELES TIMES,103000,2016,CA,Proposition,53,VOTER APPROVAL REQUIREMENT FOR REVENUE BONDS OVER $2 BILLION,NO,,
CA,LOS ANGELES TIMES,103000,2016,CA,Proposition,54,PUBLICATION OF LEGISLATIVE BILLS PRIOR TO VOTE,YES,,
CA,LOS ANGELES TIMES,103000,2016,CA,Proposition,55,EXTENSION OF PERSONAL INCOME TAX INCREASES,NO,,
CA,LOS ANGELES TIMES,103000,2016,CA,Proposition,56,TOBACCO TAX INCREASE,YES,,
CA,LOS ANGELES TIMES,103000,2016,CA,Proposition,57,PAROLE FOR NON-VIOLENT CRIMINALS; JUVENILE COURT TRIAL REQUIREMENTS,YES,,
CA,LOS ANGELES TIMES,103000,2016,CA,Proposition,58,ALLOW NON-ENGLISH LANGUAGES IN PUBLIC EDUCATION,YES,,
CA,LOS ANGELES TIMES,103000,2016,CA,Proposition,59,OVERTURN OF CITIZENS UNITED ACT ADVISORY QUESTION,NO,,
CA,LOS ANGELES TIMES,103000,2016,CA,Proposition,60,CONDOM REQUIREMENT IN PORNOGRAPHIC FILMS,NO,,
CA,LOS ANGELES TIMES,103000,2016,CA,Proposition,61,DRUG PRICE STANDARDS,NO,,
CA,LOS ANGELES TIMES,103000,2016,CA,Proposition,62,REPEAL OF DEATH PENALTY,YES,,
CA,LOS ANGELES TIMES,103000,2016,CA,Proposition,63,LARGE CAPACITY AMMUNITION MAGAZINE BAN,YES,,
CA,LOS ANGELES TIMES,103000,2016,CA,Proposition,64,MARIJUANA LEGALIZATION,YES,,
CA,LOS ANGELES TIMES,103000,2016,CA,Proposition,65,REVENUE FROM DISPOSABLE BAG SALES TO SUPPORT ENVIRONMENTAL PROJECTS,NO,,
CA,LOS ANGELES TIMES,103000,2016,CA,Proposition,66,DEATH PENALTY PROCEDURES,NO,,
CA,LOS ANGELES TIMES,103000,2016,CA,Proposition,67,PLASTIC BAG BAN,YES,,
CA,LOS ANGELES TIMES,103000,2018,CA,Proposition,1,$4 BILLION IN BONDS FOR HOUSING PROGRAMS AND VETERANS' HOME LOANS,YES,,
CA,LOS ANGELES TIMES,103000,2018,CA,Proposition,2,AUTHORIZES STATE TO USE REVENUE FROM MILLIONAIRE'S TAX FOR $2 BILLION IN BONDS FOR HOMELESSNESS PREVENTION HOUSING,YES,,
CA,LOS ANGELES TIMES,103000,2018,CA,Proposition,3,$8.877 BILLION IN BONDS FOR WATER-RELATED INFRASTRUCTURE AND ENVIRONMENTAL PROJECTS,NO,,
CA,LOS ANGELES TIMES,103000,2018,CA,Proposition,4,$1.5 BILLION IN BONDS FOR CHILDREN'S HOSPITALS,YES,,
CA,LOS ANGELES TIMES,103000,2018,CA,Proposition,5,REVISES PROCESS FOR HOMEBUYERS WHO ARE AGE 55 OR OLDER OR SEVERELY DISABLED TO TRANSFER THEIR TAX ASSESSMENTS,NO,,
CA,LOS ANGELES TIMES,103000,2018,CA,Proposition,6,REPEALS 2017'S FUEL TAX AND VEHICLE FEE INCREASES AND REQUIRES PUBLIC VOTE ON FUTURE INCREASES,NO,,
CA,LOS ANGELES TIMES,103000,2018,CA,Proposition,7,AUTHORIZES LEGISLATURE TO PROVIDE FOR PERMANENT DAYLIGHT SAVING TIME IF FEDERAL GOVT ALLOWS,YES,,
CA,LOS ANGELES TIMES,103000,2018,CA,Proposition,8,REQUIRES DIALYSIS CLINICS TO ISSUE REFUNDS FOR REVENUE ABOVE A CERTAIN AMOUNT,NO,,
CA,LOS ANGELES TIMES,103000,2018,CA,Proposition,10,ALLOWS LOCAL GOVTS TO REGULATE RENT ON ANY OF HOUSING,YES,,
CA,LOS ANGELES TIMES,103000,2018,CA,Proposition,11,ALLOW AMBULANCE PROVIDERS TO REQUIRE WORKERS TO REMAIN ON CALL DURING BREAKS PAID,YES,,
CA,LOS ANGELES TIMES,103000,2018,CA,Proposition,12,BANS SALE OF MEAT FROM ANIMALS CONFINED IN SPACES BELOW SPECIFIC SIZES,YES,,
CA,LOS ANGELES TIMES,103000,2018,CA,Proposition,68,PARKS AND WATER PROJECTS BOND,YES,,
CA,LOS ANGELES TIMES,103000,2018,CA,Proposition,69,TRANSPORTATION TAXES AND FEES ALLOCATION,YES,,
CA,LOS ANGELES TIMES,103000,2018,CA,Proposition,70,SPENDING RULES FOR CAP AND TRADE REVENUE,NO,,
CA,LOS ANGELES TIMES,103000,2018,CA,Proposition,71,EFFECTIVE DATE OF BALLOT MEASURES,YES,,
CA,LOS ANGELES TIMES,103000,2018,CA,Proposition,72,EXCLUDE RAINWATER CAPTURE SYSTEMS FROM TAX ASSESSMENT,YES,,
CA,LOS ANGELES TIMES,103000,2020,CA,Proposition,13,SCHOOL AND COLLEGE FACILITIES BOND,YES,,
CA,LOS ANGELES TIMES,103000,2020,CA,Proposition,14,ISSUES $5.5 BILLION IN BONDS FOR STATE STEM CELL RESEARCH INSTITUTE,NO,,
CA,LOS ANGELES TIMES,103000,2020,CA,Proposition,15,REQUIRES COMMERCIAL AND INDUSTRIAL PROPERTIES TO BE TAXED BASED ON MARKET VALUE AND DEDICATES REVENUE,YES,,
CA,LOS ANGELES TIMES,103000,2020,CA,Proposition,16,"REPEALS PROP 209 (1996), DISCRIM OR SPECIAL TREATMENT BASED ON RACE, SEX, COLOR, ETHNICITY, OR NATIONAL ORIGIN",YES,,
CA,LOS ANGELES TIMES,103000,2020,CA,Proposition,17,RESTORES RIGHT TO VOTE TO PEOPLE CONVICTED OF FELONIES WHO ARE ON PAROLE,YES,,
CA,LOS ANGELES TIMES,103000,2020,CA,Proposition,18,ALLOWS 17-YEAR-OLDS WHO WILL BE 18 AT TIME OF NEXT GENERAL ELECTION TO VOTE IN PRIMARIES AND SPECIAL ELECTIONS,YES,,
CA,LOS ANGELES TIMES,103000,2020,CA,Proposition,19,CHANGES TAX ASSESSMENT TRANSFERS AND INHERITANCE RULES,NO,,
CA,LOS ANGELES TIMES,103000,2020,CA,Proposition,20,"MAKES CHANGES TO POLICIES RELATED TO CRIMINAL SENTENCING CHARGES, PRISON RELEASE, AND DNA COLLECTION",NO,,
CA,LOS ANGELES TIMES,103000,2020,CA,Proposition,21,EXPANDS LOCAL GOVTS' POWER TO USE RENT CONTROL,YES,,
CA,LOS ANGELES TIMES,103000,2020,CA,Proposition,22,CONSIDERS APP-BASED DRIVERS TO BE INDEPENDENT CONTRACTORS AND ENACTS SEVERAL LABOR POLICIES RELATED TO APP-BASED COMPANIES,NO,,
CA,LOS ANGELES TIMES,103000,2020,CA,Proposition,23,REQUIRES PHYSICIAN ON-SITE AT DIALYSIS CLINICS AND CONSENT FROM STATE FOR A CLINIC TO CLOSE,NO,,
CA,LOS ANGELES TIMES,103000,2020,CA,Proposition,24,EXPANDS PROVISIONS OF CALIF CONSUMER PRIVACY ACT (CCPA) AND CREATES CALIF PRIVACY PROTECTION AGENCY TO IMPLEMENT AND ENFORCE CCPA,YES,,
CA,LOS ANGELES TIMES,103000,2020,CA,Proposition,25,REPLACES CASH BAIL WITH RISK ASSESSMENTS FOR SUSPECTS AWAITING TRIAL,YES,,
CA,LOS ANGELES TIMES,103000,2022,CA,Proposition,1,"PROVIDE A STATE CONSTITUTIONAL RIGHT TO REPRODUCTIVE FREEDOM, DEFINED TO INCLUDE ABORTION AND CONTRACEPTIVES",YES,,
CA,LOS ANGELES TIMES,103000,2022,CA,Proposition,26,LEGALIZE SPORTS BETTING AT AMERICAN INDIAN GAMING CASINOS AND LICENSED RACETRACKS IN CALIF,NO,,
CA,LOS ANGELES TIMES,103000,2022,CA,Proposition,27,LEGALIZE ONLINE AND MOBILE SPORTS BETTING IN CALIF,NO,,
CA,LOS ANGELES TIMES,103000,2022,CA,Proposition,28,REQUIRE FUNDING FOR K-12 ART AND MUSIC EDUCATION,YES,,
CA,LOS ANGELES TIMES,103000,2022,CA,Proposition,29,"ENACT OWNERSHIP DISCLOSURE, AND STAFFING, REPORTING AND CLOSING REQUIREMENTS, FOR CHRONIC DIALYSIS CLINICS",NO,,
CA,LOS ANGELES TIMES,103000,2022,CA,Proposition,30,CREATE A 1.75% TAX ON PERSONAL INCOME ABOVE $2 MILLION AND ALLOCATE REVENUE FOR ZERO-EMISSIONS VEHICLE AND WILDFIRE PROGRAMS,NO,,
CA,LOS ANGELES TIMES,103000,2022,CA,Proposition,31,UPHOLD A BAN ON SALE OF FLAVORED TOBACCO PRODUCTS,YES,,
