state_newspaper,newspaper,newspaper_id,year,office,dist,dname,state_election,cand_name,party,endorsed,d_inc,r_inc,o_inc,notes_endorse,extraction_confidence
OH,Cincinnati Enquirer,134700,1958,SUPREME COURT,,,OH,"CAMPBELL, WILLARD D.",Nonpartisan,1,,,,SAMPLE BALLOT ENDORSEMENT; FULL TERM COMMENCING JANUARY 1 1959; VOTE FOR TWO,0.95
OH,Cincinnati Enquirer,134700,1958,SUPREME COURT,,,OH,"ZIMMERMAN, CHARLES B.",Nonpartisan,1,,,,SAMPLE BALLOT ENDORSEMENT; FULL TERM COMMENCING JANUARY 1 1959; VOTE FOR TWO,0.95
OH,Cincinnati Enquirer,134700,1958,SUPREME COURT,,,OH,"STEWART, JAMES GARFIELD",Nonpartisan,1,,,,SAMPLE BALLOT ENDORSEMENT; FULL TERM COMMENCING FEBRUARY 9 1959; VOTE FOR ONE,0.85
OH,Cincinnati Enquirer,134700,1958,COURT OF APPEALS,1,,OH,"HILDEBRANT, RICHARD H.",Nonpartisan,1,,,,SAMPLE BALLOT ENDORSEMENT; FIRST APPELLATE DISTRICT; FULL TERM COMMENCING FEBRUARY 9 1959,0.95
OH,Cincinnati Enquirer,134700,1958,COURT OF COMMON PLEAS,,,OH,"KOHNEN, RALPH B.",Nonpartisan,1,,,,SAMPLE BALLOT ENDORSEMENT; UNEXPIRED TERM ENDING FEBRUARY 12 1961; VOTE FOR ONE; VS LEONARD C. GARTNER,0.85
OH,Cincinnati Enquirer,134700,1958,COUNTY COURT,,,OH,"CONNERS, THOMAS J.",Nonpartisan,1,,,,SAMPLE BALLOT ENDORSEMENT; FULL TERM COMMENCING JANUARY 1 1959,0.85
OH,Cincinnati Enquirer,134700,1958,COUNTY COURT,,,OH,"COOK, HOWARD T.",Nonpartisan,1,,,,SAMPLE BALLOT ENDORSEMENT; COUNTY COURT,0.85
OH,Cincinnati Enquirer,134700,1958,COUNTY COURT,,,OH,"GATES, ROBERT G.",Nonpartisan,1,,,,SAMPLE BALLOT ENDORSEMENT; COUNTY COURT,0.85
OH,Cincinnati Enquirer,134700,1958,COUNTY COURT,,,OH,"GILDAY, PAUL E.",Nonpartisan,1,,,,SAMPLE BALLOT ENDORSEMENT; COUNTY COURT,0.85
OH,Cincinnati Enquirer,134700,1958,COUNTY COURT,,,OH,"GORMAN, DAVID N.",Nonpartisan,1,,,,SAMPLE BALLOT ENDORSEMENT; COUNTY COURT,0.85
OH,Cincinnati Enquirer,134700,1958,COUNTY COURT,,,OH,"HAEFNER, ANDREW O.",Nonpartisan,1,,,,SAMPLE BALLOT ENDORSEMENT; COUNTY COURT,0.85
OH,Cincinnati Enquirer,134700,1958,COUNTY COURT,,,OH,"HOGE, DONALD L.",Nonpartisan,1,,,,SAMPLE BALLOT ENDORSEMENT; COUNTY COURT,0.85
OH,Cincinnati Enquirer,134700,1958,COUNTY COURT,,,OH,"JACOBS, ROBERT E.",Nonpartisan,1,,,,SAMPLE BALLOT ENDORSEMENT; COUNTY COURT,0.85
OH,Cincinnati Enquirer,134700,1958,COUNTY COURT,,,OH,"LEVIS, DELMAR E.",Nonpartisan,1,,,,SAMPLE BALLOT ENDORSEMENT; COUNTY COURT,0.85
OH,Cincinnati Enquirer,134700,1958,COUNTY COURT,,,OH,"MITTENDORF, RICHARD E.",Nonpartisan,1,,,,SAMPLE BALLOT ENDORSEMENT; COUNTY COURT,0.85
OH,Cincinnati Enquirer,134700,1958,COUNTY COURT,,,OH,"NIEHAUS, MAURICE A.",Nonpartisan,1,,,,SAMPLE BALLOT ENDORSEMENT; COUNTY COURT,0.85
OH,Cincinnati Enquirer,134700,1958,COUNTY COURT,,,OH,"PALMER, GEORGE H.",Nonpartisan,1,,,,SAMPLE BALLOT ENDORSEMENT; COUNTY COURT,0.85
OH,Cincinnati Enquirer,134700,1958,COUNTY COURT,,,OH,"STOCKMEIER, ERNEST W.",Nonpartisan,1,,,,SAMPLE BALLOT ENDORSEMENT; COUNTY COURT,0.85
OH,Cincinnati Enquirer,134700,1958,COUNTY COURT,,,OH,"WOOD, ROBERT A.",Nonpartisan,1,,,,SAMPLE BALLOT ENDORSEMENT; COUNTY COURT,0.85
OH,Cincinnati Enquirer,134700,1958,COUNTY COURT,,,OH,"CHESTER, WILLIAM E.",Nonpartisan,1,,,,SAMPLE BALLOT ENDORSEMENT; COUNTY COURT,0.85
OH,Cincinnati Enquirer,134700,1958,COUNTY COURT,,,OH,"COLE, DOUGLAS G.",Nonpartisan,1,,,,SAMPLE BALLOT ENDORSEMENT; COUNTY COURT,0.85
OH,Cincinnati Enquirer,134700,1958,GOVERNOR,,,OH,"O'NEILL, C. WILLIAM",Republican,1,,1,,SAMPLE BALLOT ENDORSEMENT; INCUMBENT GOVERNOR,0.95
OH,Cincinnati Enquirer,134700,1958,LT GOVERNOR,,,OH,"HERBERT, PAUL M.",Republican,1,,,,SAMPLE BALLOT ENDORSEMENT,0.95
OH,Cincinnati Enquirer,134700,1958,SEC OF STATE,,,OH,"BROWN, TED W.",Republican,1,,1,,SAMPLE BALLOT ENDORSEMENT; INCUMBENT SECRETARY OF STATE,0.95
OH,Cincinnati Enquirer,134700,1958,AUDITOR,,,OH,"RHODES, JAMES A.",Republican,1,,1,,SAMPLE BALLOT ENDORSEMENT; STATE AUDITOR; INCUMBENT; NAME PARTIALLY READABLE ON BALLOT BUT HISTORICALLY VERIFIED AS INCUMBENT R AUDITOR OF STATE,0.8
OH,Cincinnati Enquirer,134700,1958,TREASURER,,,OH,"TRACY, ROGER W.",Republican,1,,,,SAMPLE BALLOT ENDORSEMENT; STATE TREASURER,0.85
OH,Cincinnati Enquirer,134700,1958,SENATOR,,,OH,"BRICKER, JOHN W.",Republican,1,,1,,SAMPLE BALLOT ENDORSEMENT; UNITED STATES SENATOR; INCUMBENT,0.95
OH,Cincinnati Enquirer,134700,1958,H,1,,OH,"SCHERER, GORDON H.",Republican,1,,1,,SAMPLE BALLOT ENDORSEMENT; FIRST DISTRICT; INCUMBENT CONGRESSMAN,0.9
OH,Cincinnati Enquirer,134700,1958,H,2,,OH,"HESS, WILLIAM E.",Republican,1,,1,,SAMPLE BALLOT ENDORSEMENT; SECOND DISTRICT; INCUMBENT CONGRESSMAN,0.8
OH,Cincinnati Enquirer,134700,1958,STATE SENATOR,,,OH,"GOLDMAN, ELMER W.",Republican,1,,,,SAMPLE BALLOT ENDORSEMENT; HAMILTON COUNTY,0.85
OH,Cincinnati Enquirer,134700,1958,STATE SENATOR,,,OH,"HOFFMAN, FRED L.",Republican,1,,,,SAMPLE BALLOT ENDORSEMENT; HAMILTON COUNTY,0.85
OH,Cincinnati Enquirer,134700,1958,STATE SENATOR,,,OH,"NOLAN, MONICA",Republican,1,,,,SAMPLE BALLOT ENDORSEMENT; HAMILTON COUNTY,0.85
OH,Cincinnati Enquirer,134700,1958,STATE SENATOR,,,OH,"SKINNER, GORDON",Republican,1,,,,SAMPLE BALLOT ENDORSEMENT; HAMILTON COUNTY,0.85
OH,Cincinnati Enquirer,134700,1958,STATE REP,,,OH,"BULLOCK, DON",Republican,1,,,,SAMPLE BALLOT ENDORSEMENT; HAMILTON COUNTY MULTI-MEMBER DISTRICT; REPRESENTATIVE TO GENERAL ASSEMBLY,0.9
OH,Cincinnati Enquirer,134700,1958,STATE REP,,,OH,"COLLINS, PHIL C.",Republican,1,,,,SAMPLE BALLOT ENDORSEMENT; HAMILTON COUNTY,0.9
OH,Cincinnati Enquirer,134700,1958,STATE REP,,,OH,"GLASDORF, AL",Republican,1,,,,SAMPLE BALLOT ENDORSEMENT; HAMILTON COUNTY,0.85
OH,Cincinnati Enquirer,134700,1958,STATE REP,,,OH,"GROTHAUS, ROBERT F.",Republican,1,,,,SAMPLE BALLOT ENDORSEMENT; HAMILTON COUNTY,0.65
OH,Cincinnati Enquirer,134700,1958,STATE REP,,,OH,"HOFFMAN, CHARLES E.",Republican,1,,,,SAMPLE BALLOT ENDORSEMENT; HAMILTON COUNTY,0.9
OH,Cincinnati Enquirer,134700,1958,STATE REP,,,OH,"LUTTNER, WILLIAM J.",Republican,1,,,,SAMPLE BALLOT ENDORSEMENT; HAMILTON COUNTY,0.85
OH,Cincinnati Enquirer,134700,1958,STATE REP,,,OH,"MESSER, RAYMOND",Republican,1,,,,SAMPLE BALLOT ENDORSEMENT; HAMILTON COUNTY,0.9
OH,Cincinnati Enquirer,134700,1958,STATE REP,,,OH,"MUELLER, EUGENE C.",Republican,1,,,,SAMPLE BALLOT ENDORSEMENT; HAMILTON COUNTY,0.9
OH,Cincinnati Enquirer,134700,1958,STATE REP,,,OH,"OWINGS, GRANT D.",Republican,1,,,,SAMPLE BALLOT ENDORSEMENT; HAMILTON COUNTY,0.75
OH,Cincinnati Enquirer,134700,1958,STATE REP,,,OH,"BECKMAN, ROBERT F.",Republican,1,,,,SAMPLE BALLOT ENDORSEMENT; HAMILTON COUNTY,0.85
OH,Cincinnati Enquirer,134700,1958,STATE REP,,,OH,"BAILEY, WILLIAM J.",Republican,1,,,,SAMPLE BALLOT ENDORSEMENT; HAMILTON COUNTY,0.75
OH,Cincinnati Enquirer,134700,1958,STATE REP,,,OH,"BOGGESS, ALBERT L.",Republican,1,,,,SAMPLE BALLOT ENDORSEMENT; HAMILTON COUNTY,0.75
OH,Cincinnati Enquirer,134700,1958,STATE REP,,,OH,"SHAPIRO, ABRAHAM",Republican,1,,,,SAMPLE BALLOT ENDORSEMENT; HAMILTON COUNTY,0.85
OH,Cincinnati Enquirer,134700,1958,STATE REP,,,OH,"TAFT, ROBERT JR.",Republican,1,,,,SAMPLE BALLOT ENDORSEMENT; HAMILTON COUNTY; ROBERT TAFT JR. - SON OF SENATOR ROBERT A. TAFT; SERVED IN OHIO HOUSE 1955-1963,0.95
OH,Cincinnati Enquirer,134700,1958,CNTY COMM,,,OH,"ROLF, DONALD H.",Republican,1,,,,SAMPLE BALLOT ENDORSEMENT; HAMILTON COUNTY COMMISSIONER,0.9
OH,Cincinnati Enquirer,134700,1958,CNTY COMM,,,OH,"TUPE, EDWIN J.",Republican,1,,,,SAMPLE BALLOT ENDORSEMENT; HAMILTON COUNTY COMMISSIONER,0.9
OH,Cincinnati Enquirer,134700,1958,CNTY AUDITOR,,,OH,"MORR, FRED J.",Republican,1,,,,SAMPLE BALLOT ENDORSEMENT; HAMILTON COUNTY AUDITOR,0.9
OH,Cincinnati Enquirer,134700,1960,PRESIDENT,,,OH,"NIXON, RICHARD M.",Republican,1,,,,SAMPLE BALLOT ENDORSEMENT; PRESIDENTIAL BALLOT SECTION,0.95
OH,Cincinnati Enquirer,134700,1960,VICE PRESIDENT,,,OH,"LODGE, HENRY CABOT",Republican,1,,,,SAMPLE BALLOT ENDORSEMENT; PRESIDENTIAL BALLOT SECTION,0.95
OH,Cincinnati Enquirer,134700,1960,SUPREME COURT,,,OH,"BELL, JAMES F.",Nonpartisan,1,,,,SAMPLE BALLOT ENDORSEMENT; NON-PARTISAN JUDICIAL BALLOT; FULL TERM COMMENCING JANUARY 1961,0.85
OH,Cincinnati Enquirer,134700,1960,SUPREME COURT,,,OH,"TAFT, KINGSLEY A.",Nonpartisan,1,,,,SAMPLE BALLOT ENDORSEMENT; NON-PARTISAN JUDICIAL BALLOT; MEMBER OF THE TAFT POLITICAL FAMILY,0.85
OH,Cincinnati Enquirer,134700,1960,COURT OF APPEALS,1,,OH,"MCPHETERS, DUNBAR",Nonpartisan,1,,,,SAMPLE BALLOT ENDORSEMENT; FIRST APPELLATE DISTRICT,0.7
OH,Cincinnati Enquirer,134700,1960,COURT OF COMMON PLEAS,,,OH,"LIED, CAROL S.",Nonpartisan,1,,,,SAMPLE BALLOT ENDORSEMENT; HAMILTON COUNTY,0.7
OH,Cincinnati Enquirer,134700,1960,COURT OF COMMON PLEAS,,,OH,"KEEFE, JOHN W.",Nonpartisan,1,,,,SAMPLE BALLOT ENDORSEMENT; HAMILTON COUNTY,0.7
OH,Cincinnati Enquirer,134700,1960,JUDGE,,,OH,"DONNELLON, FRANK M.",Nonpartisan,1,,,,SAMPLE BALLOT ENDORSEMENT; SPECIFIC COURT UNCLEAR FROM SCAN - POSSIBLY MUNICIPAL COURT OR COUNTY COURT,0.65
OH,Cincinnati Enquirer,134700,1960,JUDGE,,,OH,"GUSWEILER, FRANK M.",Nonpartisan,1,,,,SAMPLE BALLOT ENDORSEMENT; SPECIFIC COURT UNCLEAR FROM SCAN,0.65
OH,Cincinnati Enquirer,134700,1960,H,1,,OH,"SCHERER, GORDON H.",Republican,1,,1,,SAMPLE BALLOT ENDORSEMENT; FIRST DISTRICT; INCUMBENT CONGRESSMAN,0.9
OH,Cincinnati Enquirer,134700,1960,H,2,,OH,"CLANCY, DONALD D.",Republican,1,,,,SAMPLE BALLOT ENDORSEMENT; SECOND DISTRICT; WON SEAT IN 1960 REPLACING RETIRING WILLIAM E. HESS,0.85
OH,Cincinnati Enquirer,134700,1960,STATE SENATOR,,,OH,"MULDER, RAYMOND",Republican,1,,,,SAMPLE BALLOT ENDORSEMENT; HAMILTON COUNTY; OFFICE ASSIGNMENT AS STATE SENATOR BASED ON BALLOT POSITION BETWEEN CONGRESSIONAL AND STATE REP SECTIONS,0.7
OH,Cincinnati Enquirer,134700,1960,STATE SENATOR,,,OH,"BIERLEY, ARNOLD",Republican,1,,,,SAMPLE BALLOT ENDORSEMENT; HAMILTON COUNTY; OFFICE ASSIGNMENT AS STATE SENATOR BASED ON BALLOT POSITION,0.7
OH,Cincinnati Enquirer,134700,1960,STATE REP,,,OH,"TAFT, ROBERT JR.",Republican,1,,1,,SAMPLE BALLOT ENDORSEMENT; HAMILTON COUNTY; INCUMBENT STATE REP SINCE 1955; REPRESENTATIVE TO GENERAL ASSEMBLY,0.9
OH,Cincinnati Enquirer,134700,1960,STATE REP,,,OH,"COLLINS, PHIL C.",Republican,1,,1,,SAMPLE BALLOT ENDORSEMENT; HAMILTON COUNTY; ALSO ENDORSED 1958,0.85
OH,Cincinnati Enquirer,134700,1960,STATE REP,,,OH,"HOFFMAN, CHARLES E.",Republican,1,,1,,SAMPLE BALLOT ENDORSEMENT; HAMILTON COUNTY; ALSO ENDORSED 1958,0.85
OH,Cincinnati Enquirer,134700,1960,STATE REP,,,OH,"BULLOCK, DON",Republican,1,,1,,SAMPLE BALLOT ENDORSEMENT; HAMILTON COUNTY; ALSO ENDORSED 1958,0.85
OH,Cincinnati Enquirer,134700,1960,STATE REP,,,OH,"LUTTNER, WILLIAM J.",Republican,1,,1,,SAMPLE BALLOT ENDORSEMENT; HAMILTON COUNTY; ALSO ENDORSED 1958,0.8
OH,Cincinnati Enquirer,134700,1960,STATE REP,,,OH,"GLASDORF, AL",Republican,1,,1,,SAMPLE BALLOT ENDORSEMENT; HAMILTON COUNTY; ALSO ENDORSED 1958,0.8
OH,Cincinnati Enquirer,134700,1960,STATE REP,,,OH,"BECKMAN, ROBERT F.",Republican,1,,1,,SAMPLE BALLOT ENDORSEMENT; HAMILTON COUNTY; ALSO ENDORSED 1958,0.8
OH,Cincinnati Enquirer,134700,1960,STATE REP,,,OH,"MUELLER, EUGENE C.",Republican,1,,1,,SAMPLE BALLOT ENDORSEMENT; HAMILTON COUNTY; ALSO ENDORSED 1958,0.8
OH,Cincinnati Enquirer,134700,1960,STATE REP,,,OH,"MESSER, RAYMOND",Republican,1,,1,,SAMPLE BALLOT ENDORSEMENT; HAMILTON COUNTY; ALSO ENDORSED 1958,0.8
OH,Cincinnati Enquirer,134700,1960,STATE REP,,,OH,"ARONOFF, STANLEY J.",Republican,1,,,,SAMPLE BALLOT ENDORSEMENT; HAMILTON COUNTY; STANLEY ARONOFF LATER BECAME PRESIDENT OF OHIO SENATE,0.8
OH,Cincinnati Enquirer,134700,1960,STATE REP,,,OH,"BLACK, FLOYD",Republican,1,,,,SAMPLE BALLOT ENDORSEMENT; HAMILTON COUNTY,0.75
OH,Cincinnati Enquirer,134700,1960,STATE REP,,,OH,"CARSON, NOLAN W.",Republican,1,,,,SAMPLE BALLOT ENDORSEMENT; HAMILTON COUNTY,0.7
OH,Cincinnati Enquirer,134700,1960,STATE REP,,,OH,"REILLY, WILLIAM J.",Republican,1,,,,SAMPLE BALLOT ENDORSEMENT; HAMILTON COUNTY,0.75
OH,Cincinnati Enquirer,134700,1960,STATE REP,,,OH,"SCHNEIDER, LOUIS J. JR.",Republican,1,,,,SAMPLE BALLOT ENDORSEMENT; HAMILTON COUNTY,0.7
OH,Cincinnati Enquirer,134700,1960,CNTY COMM,,,OH,"BONEY, DONALD F.",Republican,1,,,,SAMPLE BALLOT ENDORSEMENT; HAMILTON COUNTY COMMISSIONER,0.75
OH,Cincinnati Enquirer,134700,1960,RECORDER,,,OH,"DRIVER, EDGAR L.",Republican,1,,,,SAMPLE BALLOT ENDORSEMENT; HAMILTON COUNTY,0.7
OH,Cincinnati Enquirer,134700,1960,COUNTY ENGINEER,,,OH,"SCHNEIDER, TESS",Republican,1,,,,SAMPLE BALLOT ENDORSEMENT; HAMILTON COUNTY,0.7
OH,Cincinnati Enquirer,134700,1960,CNTY AUDITOR,,,OH,"VANCE, PAUL A.",Republican,1,,,,SAMPLE BALLOT ENDORSEMENT; HAMILTON COUNTY,0.65
OH,Cincinnati Enquirer,134700,1960,CORONER,,,OH,"LYLE, HERBERT P.",Republican,1,,,,SAMPLE BALLOT ENDORSEMENT; HAMILTON COUNTY,0.65
OH,Cincinnati Enquirer,134700,1960,JUDGE,,,OH,"GLASER, DELBERT M.",Republican,1,,,,SAMPLE BALLOT ENDORSEMENT; HAMILTON COUNTY; OFFICE COULD BE COUNTY ENGINEER OR ANOTHER COUNTY OFFICE RATHER THAN JUDGE,0.6
OH,Cincinnati Enquirer,134700,1960,JUDGE,,,OH,"CORNELL, GEORGE H.",Republican,1,,,,SAMPLE BALLOT ENDORSEMENT; HAMILTON COUNTY; OFFICE UNCERTAIN - MAY BE COUNTY OFFICE RATHER THAN JUDGE,0.6
OH,Cincinnati Enquirer,134700,1960,JUDGE,,,OH,"GARFIELD, HAROLD B.",Republican,1,,,,SAMPLE BALLOT ENDORSEMENT; HAMILTON COUNTY; OFFICE UNCERTAIN - APPEARS NEAR BOTTOM OF PARTISAN BALLOT,0.6
OH,Cincinnati Enquirer,134700,1962,GOVERNOR,,,OH,"RHODES, JAMES A.",Republican,1,1,,,SAMPLE BALLOT X MARK; DISALLE (D) IS INCUMBENT GOVERNOR,0.95
OH,Cincinnati Enquirer,134700,1962,LT GOVERNOR,,,OH,"BROWN, JOHN W.",Republican,1,,1,,SAMPLE BALLOT X MARK; BROWN IS INCUMBENT LT GOVERNOR; OVER GALLAGHER (D),0.9
OH,Cincinnati Enquirer,134700,1962,ATTORNEY GENERAL,,,OH,"SAXBE, WILLIAM B.",Republican,1,1,,,SAMPLE BALLOT X MARK; D INCUMBENT AG BEING CHALLENGED,0.95
OH,Cincinnati Enquirer,134700,1962,AUDITOR,,,OH,"TRACY, ROGER W.",Republican,1,,,,SAMPLE BALLOT X MARK; OPEN SEAT - RHODES VACATED AUDITOR TO RUN FOR GOVERNOR; TRACY WAS TREASURER 1959-1963; OVER SWEENEY (D),0.75
OH,Cincinnati Enquirer,134700,1962,SEC OF STATE,,,OH,"BROWN, TED W.",Republican,1,,1,,SAMPLE BALLOT X MARK; INCUMBENT SECRETARY OF STATE; OVER BABCOCK (D),0.85
OH,Cincinnati Enquirer,134700,1962,TREASURER,,,OH,"HERBERT, JOHN D.",Republican,1,,,,SAMPLE BALLOT X MARK; OPEN SEAT - TRACY VACATED TREASURER TO RUN FOR AUDITOR; OVER FERGUSON (D),0.8
OH,Cincinnati Enquirer,134700,1962,SENATOR,,,OH,"LAUSCHE, FRANK J.",Democrat,1,1,,,SAMPLE BALLOT X MARK; CROSS-PARTY ENDORSEMENT - LAUSCHE WAS VERY CONSERVATIVE DEMOCRAT WHO REGULARLY RECEIVED REPUBLICAN NEWSPAPER ENDORSEMENTS; INCUMBENT US SENATOR; OVER BRILEY (R),0.75
OH,Cincinnati Enquirer,134700,1962,H,1,,OH,"TAFT, ROBERT JR.",Republican,1,,,,SAMPLE BALLOT X MARK; FIRST DISTRICT; OVER KENNEDY (D); TAFT PREVIOUSLY STATE REP FROM HAMILTON COUNTY,0.95
OH,Cincinnati Enquirer,134700,1962,H,2,,OH,"CLANCY, DONALD D.",Republican,1,,,,SAMPLE BALLOT X MARK; SECOND DISTRICT; OVER SAND (D),0.9
OH,Cincinnati Enquirer,134700,1962,STATE SENATOR,,,OH,"RICH, CARL W.",Republican,1,,,,SAMPLE BALLOT X MARK; FOUR YEAR TERM; OVER NOLAN (D),0.8
OH,Cincinnati Enquirer,134700,1962,STATE SENATOR,,,OH,"WALKER, THOMAS B.",Republican,1,,,,SAMPLE BALLOT X MARK; FOUR YEAR TERM; OVER DEDDENS (D),0.7
OH,Cincinnati Enquirer,134700,1962,STATE REP,,,OH,"ARONOFF, STANLEY J.",Republican,1,,,,SAMPLE BALLOT X MARK; HAMILTON COUNTY MULTI-MEMBER DISTRICT; RETURNING FROM 1960 SLATE,0.85
OH,Cincinnati Enquirer,134700,1962,STATE REP,,,OH,"BECKMAN, ROBERT F.",Republican,1,,,,SAMPLE BALLOT X MARK; HAMILTON COUNTY; RETURNING FROM 1958 AND 1960 SLATES,0.85
OH,Cincinnati Enquirer,134700,1962,STATE REP,,,OH,"GEER, HERBERT J.",Republican,1,,,,SAMPLE BALLOT X MARK; HAMILTON COUNTY,0.75
OH,Cincinnati Enquirer,134700,1962,STATE REP,,,OH,"GLANDORF, AL",Republican,1,,,,SAMPLE BALLOT X MARK; HAMILTON COUNTY; POSSIBLY SAME AS GLASDORF FROM 1958/1960 SLATES WITH DIFFERENT SPELLING,0.75
OH,Cincinnati Enquirer,134700,1962,STATE REP,,,OH,"HOFFMAN, CHARLES E.",Republican,1,,,,SAMPLE BALLOT X MARK; HAMILTON COUNTY; RETURNING FROM 1958 AND 1960 SLATES,0.85
OH,Cincinnati Enquirer,134700,1962,STATE REP,,,OH,"HOY, JUDSON",Republican,1,,,,SAMPLE BALLOT X MARK; HAMILTON COUNTY,0.75
OH,Cincinnati Enquirer,134700,1962,STATE REP,,,OH,"KOHNEN, RALPH B. JR.",Republican,1,,,,SAMPLE BALLOT X MARK; HAMILTON COUNTY; NOTE DIFFERENT FROM 1958 JUDICIAL KOHNEN,0.75
OH,Cincinnati Enquirer,134700,1962,STATE REP,,,OH,"MARTIN, RICHARD L.",Republican,1,,,,SAMPLE BALLOT X MARK; HAMILTON COUNTY,0.75
OH,Cincinnati Enquirer,134700,1962,STATE REP,,,OH,"MCELWAIN, HARRY H.",Republican,1,,,,SAMPLE BALLOT X MARK; HAMILTON COUNTY,0.75
OH,Cincinnati Enquirer,134700,1962,STATE REP,,,OH,"MULDROW, NORRIS",Republican,1,,,,SAMPLE BALLOT X MARK; HAMILTON COUNTY,0.7
OH,Cincinnati Enquirer,134700,1962,STATE REP,,,OH,"POTTENGER, THOMAS A.",Republican,1,,,,SAMPLE BALLOT X MARK; HAMILTON COUNTY,0.75
OH,Cincinnati Enquirer,134700,1962,STATE REP,,,OH,"REILLY, WILLIAM J.",Republican,1,,,,SAMPLE BALLOT X MARK; HAMILTON COUNTY; RETURNING FROM 1960 SLATE,0.85
OH,Cincinnati Enquirer,134700,1962,STATE REP,,,OH,"SCHUMACHER, EDWARD C.",Republican,1,,,,SAMPLE BALLOT X MARK; HAMILTON COUNTY,0.75
OH,Cincinnati Enquirer,134700,1962,STATE REP,,,OH,"SCHUMACHER, WILLIAM R.",Republican,1,,,,SAMPLE BALLOT X MARK; HAMILTON COUNTY,0.75
OH,Cincinnati Enquirer,134700,1962,STATE REP,,,OH,"SMITH, ALVIN D.",Republican,1,,,,SAMPLE BALLOT X MARK; HAMILTON COUNTY,0.75
OH,Cincinnati Enquirer,134700,1962,STATE REP,,,OH,"SPIEVACK, EDWIN B.",Republican,1,,,,SAMPLE BALLOT X MARK; HAMILTON COUNTY,0.7
OH,Cincinnati Enquirer,134700,1962,STATE REP,,,OH,"TAYLOR, EDWARD C.",Republican,1,,,,SAMPLE BALLOT X MARK; HAMILTON COUNTY,0.75
OH,Cincinnati Enquirer,134700,1962,STATE REP,,,OH,"YOUNG, JACK D.",Republican,1,,,,SAMPLE BALLOT X MARK; HAMILTON COUNTY,0.75
OH,Cincinnati Enquirer,134700,1962,CNTY COMM,,,OH,"DECOURCY, JOSEPH L. JR.",Republican,1,,,,SAMPLE BALLOT X MARK; HAMILTON COUNTY COMMISSIONER; OVER TUPE (D),0.85
OH,Cincinnati Enquirer,134700,1962,CNTY AUDITOR,,,OH,"MORR, FRED J.",Republican,1,,1,,SAMPLE BALLOT X MARK; HAMILTON COUNTY AUDITOR; MORR ALSO ENDORSED IN 1960 SUGGESTING INCUMBENCY; OVER BECKER (D),0.85
OH,Cincinnati Enquirer,134700,1962,CLERK OF COURTS,,,OH,"JENNINGS, ROBERT D.",Republican,1,,,,SAMPLE BALLOT X MARK; CLERK OF COURT OF COMMON PLEAS; OVER HAYES (D),0.85
OH,Cincinnati Enquirer,134700,1962,SUPREME COURT,,,OH,"TAFT, KINGSLEY A.",Independent,1,,,,NON-PARTISAN BALLOT X MARK; CHIEF JUSTICE; FULL TERM COMMENCING JANUARY 1963,0.85
OH,Cincinnati Enquirer,134700,1962,SUPREME COURT,,,OH,"MATTHIAS, JOHN M.",Independent,1,,,,NON-PARTISAN BALLOT X MARK; JUDGE OF SUPREME COURT; FULL TERM COMMENCING JANUARY 1963,0.75
OH,Cincinnati Enquirer,134700,1962,SUPREME COURT,,,OH,"HERBERT, PAUL M.",Independent,1,,,,NON-PARTISAN BALLOT X MARK; JUDGE OF SUPREME COURT; FULL TERM COMMENCING JANUARY 1963,0.8
OH,Cincinnati Enquirer,134700,1962,COURT OF APPEALS,1ST APPELLATE,,OH,"LONG, BERT H.",Independent,1,,,,NON-PARTISAN BALLOT X MARK; FIRST APPELLATE DISTRICT; FULL TERM; OVER HOFFHEIMER,0.8
OH,Cincinnati Enquirer,134700,1962,COURT OF APPEALS,1ST APPELLATE,,OH,"KEEFE, JOHN W.",Independent,1,,,,NON-PARTISAN BALLOT X MARK; FIRST APPELLATE DISTRICT; UNEXPIRED TERM ENDING JANUARY 1965; OVER HOVER,0.75
OH,Cincinnati Enquirer,134700,1962,COURT OF COMMON PLEAS,,,OH,"SCHWARTZ, BENJAMIN S.",Independent,1,,,,NON-PARTISAN BALLOT X MARK; FULL TERM COMMENCING JANUARY 1963; OVER CONNERS,0.75
OH,Cincinnati Enquirer,134700,1962,COURT OF COMMON PLEAS,,,OH,"HESS, OTIS B.",Independent,1,,,,NON-PARTISAN BALLOT X MARK; FULL TERM; OVER CAPELLE,0.65
OH,Cincinnati Enquirer,134700,1962,COURT OF COMMON PLEAS,,,OH,"HOY, CARSON",Independent,1,,,,NON-PARTISAN BALLOT X MARK; FULL TERM; OVER BROWN (ALLEN),0.65
OH,Cincinnati Enquirer,134700,1962,COURT OF COMMON PLEAS,,,OH,"GUSWEILER, FRANK M.",Independent,1,,,,NON-PARTISAN BALLOT X MARK; FULL TERM; OVER KOLSTER,0.6
OH,Cincinnati Enquirer,134700,1962,COURT OF COMMON PLEAS,,,OH,"GEORGE, PAUL J.",Independent,1,,,,NON-PARTISAN BALLOT X MARK; FULL TERM; OVER HEITZLER,0.6
OH,Cincinnati Enquirer,134700,1962,COUNTY COURT,,,OH,"HARPER, ANDREW G.",Independent,1,,,,NON-PARTISAN BALLOT X MARK; TWO YEAR TERM COMMENCING JANUARY 1963; BATCH 1 OF 2,0.75
OH,Cincinnati Enquirer,134700,1962,COUNTY COURT,,,OH,"HOCK, DONALD L.",Independent,1,,,,NON-PARTISAN BALLOT X MARK; TWO YEAR TERM; BATCH 1,0.75
OH,Cincinnati Enquirer,134700,1962,COUNTY COURT,,,OH,"WOOD, ROBERT A.",Independent,1,,,,NON-PARTISAN BALLOT X MARK; TWO YEAR TERM; BATCH 1,0.75
OH,Cincinnati Enquirer,134700,1962,COUNTY COURT,,,OH,"GILDAY, PAUL S.",Independent,1,,,,NON-PARTISAN BALLOT X MARK; TWO YEAR TERM; BATCH 1,0.75
OH,Cincinnati Enquirer,134700,1962,COUNTY COURT,,,OH,"CULBERTSON, WILLIAM S.",Independent,1,,,,NON-PARTISAN BALLOT X MARK; TWO YEAR TERM; BATCH 2,0.65
OH,Cincinnati Enquirer,134700,1962,COUNTY COURT,,,OH,"LOTTMAN, ROBERT E.",Independent,1,,,,NON-PARTISAN BALLOT X MARK; TWO YEAR TERM; BATCH 2,0.7
OH,Cincinnati Enquirer,134700,1962,COUNTY COURT,,,OH,"MITTENDORF, RICHARD E.",Independent,1,,,,NON-PARTISAN BALLOT X MARK; TWO YEAR TERM; BATCH 2,0.65
OH,Cincinnati Enquirer,134700,1962,COUNTY COURT,,,OH,"MESAIS, MAURICE A.",Independent,1,,,,NON-PARTISAN BALLOT X MARK; TWO YEAR TERM; BATCH 2,0.55
OH,Cincinnati Enquirer,134700,1964,PRESIDENT,,,OH,"GOLDWATER, BARRY M.",Republican,1,1,,,SAMPLE BALLOT MARK; JOHNSON (D) IS INCUMBENT PRESIDENT,0.95
OH,Cincinnati Enquirer,134700,1964,VICE PRESIDENT,,,OH,"MILLER, WILLIAM E.",Republican,1,,,,SAMPLE BALLOT MARK; HUMPHREY (D) IS INCUMBENT VP,0.95
OH,Cincinnati Enquirer,134700,1964,SENATOR,,,OH,"TAFT, ROBERT JR.",Republican,1,1,,,SAMPLE BALLOT MARK; YOUNG (D) IS INCUMBENT US SENATOR; TAFT PREVIOUSLY SERVED AS H-1 REP 1963-1964,0.95
OH,Cincinnati Enquirer,134700,1964,H,AT-LARGE,,OH,"BOLTON, OLIVER P.",Republican,1,,,,SAMPLE BALLOT MARK; AT-LARGE SEAT; OVER SWEENEY (D),0.8
OH,Cincinnati Enquirer,134700,1964,H,1,,OH,"RICH, CARL W.",Republican,1,,,,SAMPLE BALLOT MARK; FIRST DISTRICT; OVER GILLIGAN (D); RICH PREVIOUSLY STATE SENATOR,0.9
OH,Cincinnati Enquirer,134700,1964,H,2,,OH,"CLANCY, DONALD D.",Republican,1,,1,,SAMPLE BALLOT MARK; SECOND DISTRICT; INCUMBENT; OVER SAND (D),0.9
OH,Cincinnati Enquirer,134700,1964,STATE SENATOR,,,OH,"HOFFMAN, FRED L.",Republican,1,,,,SAMPLE BALLOT MARK; FOUR YEAR TERM; VOTE FOR TWO,0.8
OH,Cincinnati Enquirer,134700,1964,STATE SENATOR,,,OH,"HOGAN, MARTIN J.",Republican,1,,,,SAMPLE BALLOT MARK; FOUR YEAR TERM; VOTE FOR TWO; OVER MALONEY (D) AND OCONNOR (D),0.65
OH,Cincinnati Enquirer,134700,1964,STATE REP,,,OH,"AHLERS, DONALD B.",Republican,1,,,,SAMPLE BALLOT MARK; HAMILTON COUNTY MULTI-MEMBER DISTRICT,0.75
OH,Cincinnati Enquirer,134700,1964,STATE REP,,,OH,"ARONOFF, STANLEY J.",Republican,1,,,,SAMPLE BALLOT MARK; HAMILTON COUNTY; RETURNING FROM 1960 AND 1962 SLATES,0.85
OH,Cincinnati Enquirer,134700,1964,STATE REP,,,OH,"BOWEN, WILLIAM F.",Democrat,1,,,,SAMPLE BALLOT MARK; HAMILTON COUNTY,0.75
OH,Cincinnati Enquirer,134700,1964,STATE REP,,,OH,"CADWALLADER, WILLIAM R.",Republican,1,,,,SAMPLE BALLOT MARK; HAMILTON COUNTY,0.75
OH,Cincinnati Enquirer,134700,1964,STATE REP,,,OH,"GLANDORF, AL",Republican,1,,,,SAMPLE BALLOT MARK; HAMILTON COUNTY; RETURNING FROM 1962 SLATE,0.8
OH,Cincinnati Enquirer,134700,1964,STATE REP,,,OH,"HOFFMAN, CHARLES EDWARD",Republican,1,,,,SAMPLE BALLOT MARK; HAMILTON COUNTY; RETURNING FROM 1958-1962 SLATES; FULL NAME SHOWN HERE VS CHARLES E IN PRIOR YEARS,0.85
OH,Cincinnati Enquirer,134700,1964,STATE REP,,,OH,"KLUG, ROBERT J.",Republican,1,,,,SAMPLE BALLOT MARK; HAMILTON COUNTY,0.75
OH,Cincinnati Enquirer,134700,1964,STATE REP,,,OH,"KOHNEN, RALPH B. JR.",Republican,1,,,,SAMPLE BALLOT MARK; HAMILTON COUNTY; RETURNING FROM 1962 SLATE,0.8
OH,Cincinnati Enquirer,134700,1964,STATE REP,,,OH,"MARTIN, RICHARD L.",Republican,1,,,,SAMPLE BALLOT MARK; HAMILTON COUNTY; RETURNING FROM 1962 SLATE,0.8
OH,Cincinnati Enquirer,134700,1964,STATE REP,,,OH,"MCELWAIN, HARRY H.",Republican,1,,,,SAMPLE BALLOT MARK; HAMILTON COUNTY; RETURNING FROM 1962 SLATE,0.8
OH,Cincinnati Enquirer,134700,1964,STATE REP,,,OH,"POTTENGER, THOMAS A.",Republican,1,,,,SAMPLE BALLOT MARK; HAMILTON COUNTY; RETURNING FROM 1962 SLATE,0.8
OH,Cincinnati Enquirer,134700,1964,STATE REP,,,OH,"BECKMAN, ROBERT F.",Republican,1,,,,SAMPLE BALLOT MARK; HAMILTON COUNTY; RETURNING FROM 1958-1962 SLATES,0.85
OH,Cincinnati Enquirer,134700,1964,STATE REP,,,OH,"SCHERER, GORDON M.",Republican,1,,,,SAMPLE BALLOT MARK; HAMILTON COUNTY; NOTE SIMILAR NAME TO FORMER US REP GORDON H. SCHERER (OH-1 1953-1963),0.75
OH,Cincinnati Enquirer,134700,1964,STATE REP,,,OH,"SCHUMACHER, EDWARD C.",Republican,1,,,,SAMPLE BALLOT MARK; HAMILTON COUNTY; RETURNING FROM 1962 SLATE; NOTE ONLY ONE SCHUMACHER IN 1964 VS TWO IN 1962,0.8
OH,Cincinnati Enquirer,134700,1964,CNTY COMM,,,OH,"BECKMAN, VINCENT H.",Republican,1,,,,SAMPLE BALLOT MARK; HAMILTON COUNTY COMMISSIONER; OVER GLASSMEYER (D),0.8
OH,Cincinnati Enquirer,134700,1964,CNTY COMM,,,OH,"WOOD, ROBERT A.",Republican,1,,,,SAMPLE BALLOT MARK; HAMILTON COUNTY COMMISSIONER; SECOND SEAT; OVER MITTENDORF (D); WOOD PREVIOUSLY COUNTY COURT JUDGE (1962),0.75
OH,Cincinnati Enquirer,134700,1964,DA/PROSECUTOR,,,OH,"SHANNON, RAYMOND E.",Republican,1,,,,SAMPLE BALLOT MARK; PROSECUTING ATTORNEY; OVER LUKEN (D); LUKEN LATER BECAME US CONGRESSMAN,0.85
OH,Cincinnati Enquirer,134700,1964,CLERK OF COURTS,,,OH,"JENNINGS, ROBERT D.",Republican,1,,1,,SAMPLE BALLOT MARK; CLERK OF COURT OF COMMON PLEAS; INCUMBENT FROM 1962; OVER GLASER (D),0.85
OH,Cincinnati Enquirer,134700,1964,SHERIFF,,,OH,"TEHAN, DAN",Republican,1,,,,SAMPLE BALLOT MARK; OVER HEBER (D),0.8
OH,Cincinnati Enquirer,134700,1964,RECORDER,,,OH,"SHAYER, GILBERT J.",Republican,1,,,,SAMPLE BALLOT MARK; COUNTY RECORDER; OVER SULLIVAN (D),0.8
OH,Cincinnati Enquirer,134700,1964,CNTY TREASURER,,,OH,"JACOBS, ROBERT E.",Republican,1,,,,SAMPLE BALLOT MARK; COUNTY TREASURER; OVER COLLINS (D),0.8
OH,Cincinnati Enquirer,134700,1964,COUNTY ENGINEER,,,OH,"ROLLINS, KENT W.",Republican,1,,,,SAMPLE BALLOT MARK; COUNTY ENGINEER,0.8
OH,Cincinnati Enquirer,134700,1964,CORONER,,,OH,"CLEVELAND, FRANK P.",Republican,1,,,,SAMPLE BALLOT MARK; COUNTY CORONER; OVER TEST (D),0.8
OH,Cincinnati Enquirer,134700,1964,SUPREME COURT,,,OH,"ZIMMERMAN, CHARLES S.",Independent,1,,,,NON-PARTISAN BALLOT MARK; FULL TERM COMMENCING JANUARY 1965; OVER DOUGLASS,0.85
OH,Cincinnati Enquirer,134700,1964,SUPREME COURT,,,OH,"O'NEILL, C. WILLIAM",Independent,1,,,,NON-PARTISAN BALLOT MARK; FULL TERM COMMENCING JANUARY 1965; FORMER OHIO GOVERNOR; OVER BRYAN,0.85
OH,Cincinnati Enquirer,134700,1964,SUPREME COURT,,,OH,"SCHNEIDER, LOUIS J. JR.",Independent,1,,,,NON-PARTISAN BALLOT MARK; UNEXPIRED TERM ENDING DECEMBER 1966; OVER GRIFFITH,0.8
OH,Cincinnati Enquirer,134700,1964,SUPREME COURT,,,OH,"BROWN, PAUL W.",Independent,1,,,,NON-PARTISAN BALLOT MARK; UNEXPIRED TERM ENDING JANUARY 1967; OVER GIBSON,0.7
OH,Cincinnati Enquirer,134700,1964,COURT OF APPEALS,1ST APPELLATE,,OH,"HOVER, C. WATSON",Independent,1,,,,NON-PARTISAN BALLOT MARK; OLD TERM FIRST APPELLATE DISTRICT COMMENCING FEBRUARY 1965; OVER RAY; HOVER WAS UNENDORSED CANDIDATE IN 1962 COURT OF APPEALS RACE,0.8
OH,Cincinnati Enquirer,134700,1964,COURT OF COMMON PLEAS,,,OH,"KEATING, WILLIAM J.",Independent,1,,,,NON-PARTISAN BALLOT MARK; OLD TERM COMMENCING JANUARY 1965; OVER BULLOCK,0.75
OH,Cincinnati Enquirer,134700,1964,COUNTY COURT,,,OH,"MATTHEWS, WILLIAM R.",Independent,1,,,,NON-PARTISAN BALLOT MARK; OLD TERM COMMENCING JANUARY 1965; COUNTY COURT BATCH,0.6
OH,Cincinnati Enquirer,134700,1964,COUNTY COURT,,,OH,"MORRISSEY, WILLIAM J.",Independent,1,,,,NON-PARTISAN BALLOT MARK; OLD TERM; COUNTY COURT BATCH,0.6
OH,Cincinnati Enquirer,134700,1964,COUNTY COURT,,,OH,"MICHAIS, MAURICE A.",Independent,1,,,,NON-PARTISAN BALLOT MARK; OLD TERM; COUNTY COURT BATCH; SAME CANDIDATE AS MESAIS FROM 1962 COUNTY COURT SLATE WITH DIFFERENT SPELLING,0.6
OH,Cincinnati Enquirer,134700,1964,COUNTY COURT,,,OH,"VOLKMAN, CARL W.",Independent,1,,,,NON-PARTISAN BALLOT MARK; OLD TERM; COUNTY COURT BATCH,0.55
OH,Cincinnati Enquirer,134700,1964,COUNTY COURT,,,OH,"HOY, JUDSON",Independent,1,,,,NON-PARTISAN BALLOT MARK; UNEXPIRED TERM ENDING DECEMBER 1965; OVER SMITH; HOY WAS STATE REP IN 1962 - NOW RUNNING FOR COUNTY COURT,0.7
OH,Cincinnati Enquirer,134700,1966,GOVERNOR,,,OH,"RHODES, JAMES A.",Republican,1,,1,,SAMPLE BALLOT MARK; INCUMBENT GOVERNOR SEEKING RE-ELECTION; OVER REAMS JR (D),0.95
OH,Cincinnati Enquirer,134700,1966,LT GOVERNOR,,,OH,"BROWN, JOHN W.",Republican,1,,1,,SAMPLE BALLOT MARK; INCUMBENT LT GOVERNOR; OVER COLEMAN (D),0.9
OH,Cincinnati Enquirer,134700,1966,ATTORNEY GENERAL,,,OH,"SAXBE, WILLIAM B.",Republican,1,,1,,SAMPLE BALLOT MARK; INCUMBENT AG; OVER SWEENEY (D),0.95
OH,Cincinnati Enquirer,134700,1966,AUDITOR,,,OH,"CLOUD, ROGER",Republican,1,,1,,SAMPLE BALLOT MARK; INCUMBENT AUDITOR OF STATE; OVER FERGUSON (D); NOTE CLOUD APPEARS AS INCUMBENT WHICH MEANS HE WON IN 1962 - MY 1962 EXTRACTION HAD TRACY FOR AUDITOR WHICH MAY HAVE BEEN A MISREAD OF CLOUD,0.9
OH,Cincinnati Enquirer,134700,1966,AUDITOR,,,OH,"KNISLEY, CLARENCE H.",Republican,1,,,,SAMPLE BALLOT MARK; UNEXPIRED TERM ENDING JANUARY 8 1967; OVER REILLY,0.6
OH,Cincinnati Enquirer,134700,1966,SEC OF STATE,,,OH,"BROWN, TED W.",Republican,1,,1,,SAMPLE BALLOT MARK; INCUMBENT SECRETARY OF STATE; OVER NOLAN (D),0.9
OH,Cincinnati Enquirer,134700,1966,TREASURER,,,OH,"HERBERT, JOHN D.",Republican,1,,1,,SAMPLE BALLOT MARK; INCUMBENT TREASURER; OVER BROWN (ELDON) (D),0.85
OH,Cincinnati Enquirer,134700,1966,H,1,,OH,"TAFT, ROBERT JR.",Republican,1,,1,,SAMPLE BALLOT MARK; FIRST DISTRICT; INCUMBENT; OVER GILLIGAN (D),0.95
OH,Cincinnati Enquirer,134700,1966,H,2,,OH,"CLANCY, DONALD D.",Republican,1,,1,,SAMPLE BALLOT MARK; SECOND DISTRICT; INCUMBENT; OVER ANDERSON (D),0.9
OH,Cincinnati Enquirer,134700,1966,STATE SENATOR,7,,OH,"MALONEY, MICHAEL J.",Republican,1,,,,SAMPLE BALLOT MARK; 7TH SENATORIAL DISTRICT; FOUR YEAR TERM; OVER KELLY (D),0.8
OH,Cincinnati Enquirer,134700,1966,STATE SENATOR,8,,OH,"ARONOFF, STANLEY J.",Republican,1,,,,SAMPLE BALLOT MARK; 8TH SENATORIAL DISTRICT; TWO YEAR TERM; OVER ABERCROMBIE (D); ARONOFF PREVIOUSLY STATE REP 1960-1964,0.9
OH,Cincinnati Enquirer,134700,1966,STATE SENATOR,9,,OH,"FULTON, JOSEPH H.",Republican,1,,,,SAMPLE BALLOT MARK; 9TH SENATORIAL DISTRICT; FOUR YEAR TERM; OVER JOHNSON (D),0.75
OH,Cincinnati Enquirer,134700,1966,STATE REP,65,,OH,"BECHTOLD, JOHN A.",Republican,1,,,,SAMPLE BALLOT MARK; 65TH DISTRICT; NEW SINGLE-MEMBER DISTRICT SYSTEM; OVER DONNELLON (D),0.8
OH,Cincinnati Enquirer,134700,1966,STATE REP,66,,OH,"CADWALLADER, W. RAYBURN",Republican,1,,,,SAMPLE BALLOT MARK; 66TH DISTRICT; RETURNING FROM 1964 STATE REP SLATE; OVER COLLINS (D),0.8
OH,Cincinnati Enquirer,134700,1966,STATE REP,67,,OH,"KOHNEN, RALPH B. JR.",Republican,1,,,,SAMPLE BALLOT MARK; 67TH DISTRICT; RETURNING FROM 1962-1964 SLATES; OVER BERTEN,0.8
OH,Cincinnati Enquirer,134700,1966,STATE REP,68,,OH,"BECKMAN, ROBERT F.",Republican,1,,,,SAMPLE BALLOT MARK; 68TH DISTRICT; RETURNING FROM 1958-1964 SLATES; OVER BURNS (D),0.85
OH,Cincinnati Enquirer,134700,1966,STATE REP,69,,OH,"BOWEN, WILLIAM F.",Democrat,1,,,,SAMPLE BALLOT MARK; 69TH DISTRICT; RETURNING FROM 1964 SLATE; OVER BLACK (D),0.75
OH,Cincinnati Enquirer,134700,1966,STATE REP,70,,OH,"HAUSMAN, JAMES J.",Republican,1,,,,SAMPLE BALLOT MARK; 70TH DISTRICT; OVER MURDOCK (D),0.7
OH,Cincinnati Enquirer,134700,1966,STATE REP,71,,OH,"SCHERER, GORDON M.",Republican,1,,,,SAMPLE BALLOT MARK; 71ST DISTRICT; RETURNING FROM 1964 SLATE; OVER VON HOLLE (D),0.75
OH,Cincinnati Enquirer,134700,1966,STATE REP,72,,OH,"FLEMING, MORRIS R.",Republican,1,,,,SAMPLE BALLOT MARK; 72ND DISTRICT; OVER MALLORY (D); NOTE WILLIAM MALLORY LATER BECAME POWERFUL OHIO HOUSE DEMOCRAT LEADER,0.6
OH,Cincinnati Enquirer,134700,1966,STATE REP,73,,OH,"ANDERSON, WILLIAM H.",Republican,1,,,,SAMPLE BALLOT MARK; 73RD DISTRICT; OVER GORMAN (D),0.75
OH,Cincinnati Enquirer,134700,1966,CNTY COMM,,,OH,"DECOURCY, JOSEPH L. JR.",Republican,1,,1,,SAMPLE BALLOT MARK; HAMILTON COUNTY COMMISSIONER; INCUMBENT FROM 1962; OVER TALLMAN (D),0.85
OH,Cincinnati Enquirer,134700,1966,CNTY AUDITOR,,,OH,"MORR, FRED J.",Republican,1,,1,,SAMPLE BALLOT MARK; HAMILTON COUNTY AUDITOR; INCUMBENT; OVER ELLIOTT (D),0.85
OH,Cincinnati Enquirer,134700,1966,DA/PROSECUTOR,,,OH,"RUEGER, MELVIN G.",Republican,1,,,,SAMPLE BALLOT MARK; PROSECUTING ATTORNEY; UNEXPIRED TERM ENDING DECEMBER 31; OVER BOYD (D); SHANNON (PREVIOUS PROSECUTOR) MOVED TO COMMON PLEAS BENCH,0.8
OH,Cincinnati Enquirer,134700,1966,SUPREME COURT,,,OH,"SCHNEIDER, LOUIS J. JR.",Independent,1,,,,NON-PARTISAN BALLOT MARK; FULL TERM COMMENCING JANUARY 1967; OVER BROWN (CLIFFORD F),0.85
OH,Cincinnati Enquirer,134700,1966,SUPREME COURT,,,OH,"BROWN, PAUL W.",Independent,1,,,,NON-PARTISAN BALLOT MARK; FULL TERM COMMENCING JANUARY 1967; OVER BRYAN,0.8
OH,Cincinnati Enquirer,134700,1966,COURT OF APPEALS,1ST APPELLATE,,OH,"HILDEBRANT, RICHARD H.",Independent,1,,,,NON-PARTISAN BALLOT MARK; FIRST APPELLATE DISTRICT; FULL TERM COMMENCING FEBRUARY 1967; OVER PALMER,0.8
OH,Cincinnati Enquirer,134700,1966,PROBATE COURT,,,OH,"DAVIES, CHASE M.",Independent,1,,,,NON-PARTISAN BALLOT MARK; JUDGE OF THE PROBATE COURT; FULL TERM COMMENCING FEBRUARY 1967,0.75
OH,Cincinnati Enquirer,134700,1966,COURT OF COMMON PLEAS,,,OH,"KOHNEN, RALPH B.",Independent,1,,,,NON-PARTISAN BALLOT MARK; FULL TERM COMMENCING FEBRUARY 14 1967; OVER RUGER; NOTE THIS IS LIKELY FATHER OF STATE REP KOHNEN JR,0.65
OH,Cincinnati Enquirer,134700,1966,COURT OF COMMON PLEAS,,,OH,"MORRISSEY, WILLIAM J.",Independent,1,,,,NON-PARTISAN BALLOT MARK; FULL TERM COMMENCING FEBRUARY 14 1967; OVER GORMAN; MORRISSEY PREVIOUSLY COUNTY COURT JUDGE,0.65
OH,Cincinnati Enquirer,134700,1966,COURT OF COMMON PLEAS,,,OH,"MATTHEWS, WILLIAM R.",Independent,1,,,,NON-PARTISAN BALLOT MARK; FULL TERM; OVER NIEHAUS; MATTHEWS PREVIOUSLY COUNTY COURT JUDGE,0.65
OH,Cincinnati Enquirer,134700,1966,COURT OF COMMON PLEAS,,,OH,"SHANNON, RAYMOND E.",Independent,1,,,,NON-PARTISAN BALLOT MARK; FULL TERM COMMENCING JANUARY 1 1967; SHANNON PREVIOUSLY PROSECUTING ATTORNEY (ENDORSED 1964),0.75
OH,Cincinnati Enquirer,134700,1966,COURT OF COMMON PLEAS,,,OH,"SCHNEIDER, LOUIS J.",Independent,1,,,,NON-PARTISAN BALLOT MARK; FULL TERM COMMENCING JANUARY 2 1967; DIFFERENT FROM SUPREME COURT CANDIDATE SCHNEIDER JR,0.65
OH,Cincinnati Enquirer,134700,1966,COURT OF COMMON PLEAS,,,OH,"BETTMAN, GILBERT",Independent,1,,,,NON-PARTISAN BALLOT MARK; FULL TERM COMMENCING FEBRUARY 19 1967,0.65
OH,Cincinnati Enquirer,134700,1966,COURT OF COMMON PLEAS,,,OH,"WOOD, ROBERT V.",Independent,1,,,,NON-PARTISAN BALLOT MARK; FULL TERM; NOTE ROBERT V WOOD DIFFERENT FROM ROBERT A WOOD WHO WAS COUNTY COMM IN 1964,0.65
OH,Cincinnati Enquirer,134700,1966,COURT OF COMMON PLEAS,,,OH,"HOFFMAN, FRED L.",Independent,1,,,,NON-PARTISAN BALLOT MARK; FULL TERM; HOFFMAN PREVIOUSLY STATE SENATOR (ENDORSED 1964) - MOVED FROM LEGISLATURE TO JUDICIARY,0.65
OH,Cincinnati Enquirer,134700,1966,COURT OF COMMON PLEAS,,,OH,"LEIS, SIMON L.",Independent,1,,,,NON-PARTISAN BALLOT MARK; FULL TERM COMMENCING JANUARY 18 1967,0.65
OH,Cincinnati Enquirer,134700,1966,COURT OF COMMON PLEAS,,,OH,"BROWN, ALLEN",Independent,1,,,,NON-PARTISAN BALLOT MARK; FULL TERM COMMENCING FEBRUARY 15 1967,0.6
OH,Cincinnati Enquirer,134700,1966,COURT OF COMMON PLEAS,,,OH,"RENNER, JOHN M.",Independent,1,,,,NON-PARTISAN BALLOT MARK; FULL TERM; OVER KEEFE (JOHN W - KEEFE WAS COURT OF APPEALS IN 1962),0.6
OH,Cincinnati Enquirer,134700,1966,COUNTY COURT,,,OH,"CONROY, THOMAS A.",Independent,1,,,,NON-PARTISAN BALLOT MARK; COUNTY COURT; MULTI-CANDIDATE RACE (8 CANDIDATES),0.5
OH,Cincinnati Enquirer,134700,1966,COUNTY COURT,,,OH,"POTTENGER, THOMAS A.",Independent,1,,,,NON-PARTISAN BALLOT MARK; COUNTY COURT; UNEXPIRED TERM ENDING DECEMBER 31 1966; POTTENGER PREVIOUSLY STATE REP (1962-1964) - MOVED TO JUDICIARY,0.7
OH,Cincinnati Enquirer,134700,1968,PRESIDENT,,,OH,"NIXON, RICHARD M.",Republican,1,,,,SAMPLE BALLOT MARK; OVER HUMPHREY (D) AND WALLACE (AIP),0.95
OH,Cincinnati Enquirer,134700,1968,VICE PRESIDENT,,,OH,"AGNEW, SPIRO T.",Republican,1,,,,SAMPLE BALLOT MARK; OVER MUSKIE (D) AND GRIFFIN (AIP),0.95
OH,Cincinnati Enquirer,134700,1968,SENATOR,,,OH,"SAXBE, WILLIAM B.",Republican,1,,,,SAMPLE BALLOT MARK; SAXBE MOVES FROM AG TO SENATE; OVER GILLIGAN (D); NO INCUMBENT IN GENERAL ELECTION (LAUSCHE LOST D PRIMARY),0.95
OH,Cincinnati Enquirer,134700,1968,H,1,,OH,"TAFT, ROBERT JR.",Republican,1,,1,,SAMPLE BALLOT MARK; FIRST DISTRICT; INCUMBENT; OVER HEISER (D),0.95
OH,Cincinnati Enquirer,134700,1968,H,2,,OH,"CLANCY, DONALD D.",Republican,1,,1,,SAMPLE BALLOT MARK; SECOND DISTRICT; INCUMBENT; OVER DRIEHAUS (D),0.9
OH,Cincinnati Enquirer,134700,1968,H,24,,OH,"LUKENS, DONALD E.",Republican,1,,,,SAMPLE BALLOT MARK; TWENTY-FOURTH DISTRICT; PARTS OF DISTRICT EXTEND INTO HAMILTON COUNTY; OVER MILLER (D),0.8
OH,Cincinnati Enquirer,134700,1968,STATE SENATOR,8,,OH,"ARONOFF, STANLEY J.",Republican,1,,1,,SAMPLE BALLOT MARK; 8TH SENATORIAL DISTRICT; INCUMBENT; OVER MCDONOUGH (D),0.9
OH,Cincinnati Enquirer,134700,1968,STATE REP,65,,OH,"BECHTOLD, JOHN A.",Republican,1,,1,,SAMPLE BALLOT MARK; 65TH DISTRICT; INCUMBENT FROM 1966; OVER RAY (D),0.8
OH,Cincinnati Enquirer,134700,1968,STATE REP,66,,OH,"MURDOCK, NORMAN A.",Republican,1,,,,SAMPLE BALLOT MARK; 66TH DISTRICT; OVER CLANCY JAMES R (D),0.75
OH,Cincinnati Enquirer,134700,1968,STATE REP,67,,OH,"SCHMIDT, DALE C.",Republican,1,,,,SAMPLE BALLOT MARK; OVER OCONNOR (D),0.75
OH,Cincinnati Enquirer,134700,1968,STATE REP,68,,OH,"MAYFIELD, FRANK H. JR.",Republican,1,,,,SAMPLE BALLOT MARK; OVER LUTTNER (D); NOTE LUTTNER WAS IN 1958-1960 R STATE REP SLATES BUT APPEARS AS D HERE,0.75
OH,Cincinnati Enquirer,134700,1968,STATE REP,69,,OH,"BOWEN, WILLIAM F.",Democrat,1,1,,,SAMPLE BALLOT MARK; 69TH DISTRICT; INCUMBENT FROM 1966; OVER FIELDS (D),0.75
OH,Cincinnati Enquirer,134700,1968,STATE REP,71,,OH,"SCHERER, GORDON M.",Republican,1,,1,,SAMPLE BALLOT MARK; 71ST DISTRICT; INCUMBENT FROM 1966; OVER TALLMAN (D),0.75
OH,Cincinnati Enquirer,134700,1968,STATE REP,73,,OH,"POTTENGER, THOMAS A.",Republican,1,,,,SAMPLE BALLOT MARK; 73RD DISTRICT; POTTENGER PREVIOUSLY STATE REP 1962-1964 AND COUNTY COURT 1966; OVER FATORA (D),0.7
OH,Cincinnati Enquirer,134700,1968,CNTY COMM,,,OH,"WOOD, ROBERT A.",Republican,1,,1,,SAMPLE BALLOT MARK; HAMILTON COUNTY COMMISSIONER; INCUMBENT FROM 1964,0.75
OH,Cincinnati Enquirer,134700,1968,DA/PROSECUTOR,,,OH,"RUEGER, MELVIN G.",Republican,1,,1,,SAMPLE BALLOT MARK; PROSECUTING ATTORNEY; INCUMBENT FROM 1966; OVER DONNELLON (D),0.85
OH,Cincinnati Enquirer,134700,1968,CLERK OF COURTS,,,OH,"JENNINGS, ROBERT D.",Republican,1,,1,,SAMPLE BALLOT MARK; CLERK OF COURT OF COMMON PLEAS; INCUMBENT; OVER BURDEN (D),0.85
OH,Cincinnati Enquirer,134700,1968,SHERIFF,,,OH,"TEHAN, DAN",Republican,1,,1,,SAMPLE BALLOT MARK; SHERIFF; INCUMBENT FROM 1964; OVER TAFT RICHARD J (D),0.8
OH,Cincinnati Enquirer,134700,1968,RECORDER,,,OH,"CARROLL, JOHN D.",Republican,1,,,,SAMPLE BALLOT MARK; COUNTY RECORDER; OVER HOY (D); NOTE JUDSON HOY WAS PREVIOUSLY R CANDIDATE FOR STATE REP AND COUNTY COURT,0.8
OH,Cincinnati Enquirer,134700,1968,CNTY TREASURER,,,OH,"JACOBS, ROBERT E.",Republican,1,,1,,SAMPLE BALLOT MARK; COUNTY TREASURER; INCUMBENT FROM 1964; OVER MUELLER (D),0.8
OH,Cincinnati Enquirer,134700,1968,COUNTY ENGINEER,,,OH,"ROLLINS, KENT W.",Republican,1,,1,,SAMPLE BALLOT MARK; COUNTY ENGINEER; INCUMBENT FROM 1964,0.8
OH,Cincinnati Enquirer,134700,1968,CORONER,,,OH,"CLEVELAND, FRANK P.",Republican,1,,1,,SAMPLE BALLOT MARK; COUNTY CORONER; INCUMBENT FROM 1964,0.8
OH,Cincinnati Enquirer,134700,1968,SUPREME COURT,,,OH,"TAFT, KINGSLEY A.",Independent,1,,,,NON-PARTISAN BALLOT MARK; CHIEF JUSTICE OF SUPREME COURT; OVER DUFFY,0.85
OH,Cincinnati Enquirer,134700,1968,SUPREME COURT,,,OH,"MATTHIAS, JOHN M.",Independent,1,,,,NON-PARTISAN BALLOT MARK; FULL TERM COMMENCING JANUARY 2 1969; RETURNING FROM 1962,0.8
OH,Cincinnati Enquirer,134700,1968,COURT OF APPEALS,1ST APPELLATE,,OH,"HESS, OTIS R.",Independent,1,,,,NON-PARTISAN BALLOT MARK; FIRST APPELLATE DISTRICT; FULL TERM; HESS PREVIOUSLY COMMON PLEAS (1962),0.8
OH,Cincinnati Enquirer,134700,1968,COURT OF COMMON PLEAS,,,OH,"BOEHN, PAUL J.",Independent,1,,,,NON-PARTISAN BALLOT MARK; FULL TERM; OVER HOLMES (OLIVE L),0.7
OH,Cincinnati Enquirer,134700,1968,COURT OF COMMON PLEAS,,,OH,"PERLMAN, BURTON",Independent,1,,,,NON-PARTISAN BALLOT MARK; FULL TERM; PERLMAN PREVIOUSLY COUNTY COURT CANDIDATE,0.7
OH,Cincinnati Enquirer,134700,1968,COURT OF COMMON PLEAS,,,OH,"MATTHEWS, WILLIAM R.",Independent,1,,,,NON-PARTISAN BALLOT MARK; FULL TERM; RETURNING FROM 1966 COMMON PLEAS,0.65
OH,Cincinnati Enquirer,134700,1968,COURT OF COMMON PLEAS,,,OH,"KOLSTER, MARVIN N.",Independent,1,,,,NON-PARTISAN BALLOT MARK; FULL TERM; RETURNING FROM 1962/1964,0.65
OH,Cincinnati Enquirer,134700,1968,COURT OF COMMON PLEAS,,,OH,"GUSWEILER, FRANK M.",Independent,1,,,,NON-PARTISAN BALLOT MARK; FULL TERM; RETURNING FROM 1962,0.65
OH,Cincinnati Enquirer,134700,1968,COURT OF COMMON PLEAS,,,OH,"HEITZLER, GEORGE S.",Independent,1,,,,NON-PARTISAN BALLOT MARK; FULL TERM; OVER GEORGE (PAUL J); RETURNING FROM 1962,0.65
OH,Cincinnati Enquirer,134700,1968,COURT OF COMMON PLEAS,,,OH,"CASTLE, LYLE W.",Independent,1,,,,NON-PARTISAN BALLOT MARK; FULL TERM; OVER CONROY,0.65
OH,Cincinnati Enquirer,134700,1968,COURT OF COMMON PLEAS,,,OH,"MORRISSEY, WILLIAM J.",Independent,1,,,,NON-PARTISAN BALLOT MARK; FULL TERM; RETURNING FROM 1966,0.65
OH,Cincinnati Enquirer,134700,1968,COURT OF COMMON PLEAS,,,OH,"SCHWARTZ, BENJAMIN S.",Independent,1,,,,NON-PARTISAN BALLOT MARK; FULL TERM; OVER CONNERS; RETURNING FROM 1962,0.65
OH,Cincinnati Enquirer,134700,1968,COURT OF COMMON PLEAS,,,OH,"SHANNON, RAYMOND E.",Independent,1,,,,NON-PARTISAN BALLOT MARK; FULL TERM; RETURNING FROM 1966,0.65
OH,Cincinnati Enquirer,134700,1968,COURT OF COMMON PLEAS,,,OH,"BROWN, ALLEN",Independent,1,,,,NON-PARTISAN BALLOT MARK; FULL TERM; RETURNING FROM 1966,0.6
OH,Cincinnati Enquirer,134700,1968,PRESIDENT,,,OH,"HUMPHREY, HUBERT H.",Democrat,0,,,,ON BALLOT BUT NOT MARKED.,0.85
OH,Cincinnati Enquirer,134700,1968,VICE PRESIDENT,,,OH,"MUSKIE, EDMUND S.",Democrat,0,,,,ON HUMPHREY TICKET — NOT MARKED.,0.85
OH,Cincinnati Enquirer,134700,1968,PRESIDENT,,,OH,"WALLACE, GEORGE C.",American Independent,0,,,,ON BALLOT BUT NOT MARKED.,0.85
OH,Cincinnati Enquirer,134700,1968,VICE PRESIDENT,,,OH,"GRIFFIN, MARVIN",American Independent,0,,,,ON WALLACE TICKET — NOT MARKED.,0.85
OH,Cincinnati Enquirer,134700,1968,SENATOR,,,OH,"GILLIGAN, JOHN J.",Democrat,0,,,,OCR SHOWS GILLIGAN ON BALLOT WITHOUT MARK.,0.78
OH,Cincinnati Enquirer,134700,1968,H,1,,OH,"CLANCY, DONALD D.",Republican,1,,,,OCR SHOWS CLANCY MARKED ON SAMPLE BALLOT (1ST DIST).,0.85
OH,Cincinnati Enquirer,134700,1968,H,6,,OH,"HARSHA, WILLIAM H.",Republican,1,,,,OCR SHOWS HARSHA MARKED ON SAMPLE BALLOT.,0.85
OH,Cincinnati Enquirer,134700,1968,STATE SENATOR,,,OH,"ARONOFF, STANLEY J.",Republican,1,,,,MARKED ON SAMPLE BALLOT.,0.85
OH,Cincinnati Enquirer,134700,1968,STATE REP,,,OH,"RAY, DONALD W.",,,,,,OCR SHOWS DONALD W. RAY ON BALLOT; MARK NOT CLEARLY VISIBLE.,0.7
OH,Cincinnati Enquirer,134700,1968,STATE REP,,,OH,"LATTIMER, DEAN",,,,,,OCR SHOWS LATTIMER ON BALLOT.,0.7
OH,Cincinnati Enquirer,134700,1968,STATE REP,,,OH,"SCHERER, GORDON M.",Republican,1,,,,OCR SHOWS SCHERER ON BALLOT (PROBABLY MARKED).,0.78
OH,Cincinnati Enquirer,134700,1968,STATE REP,,,OH,"TALLMAN, WALTER B.",Republican,1,,,,OCR SHOWS TALLMAN ON BALLOT.,0.75
OH,Cincinnati Enquirer,134700,1968,STATE REP,,,OH,"MAYFIELD, FRANK H. JR.",Republican,1,,,,OCR SHOWS MAYFIELD ON BALLOT.,0.75
OH,Cincinnati Enquirer,134700,1968,CNTY COMM,,,OH,"BECKMAN, VINCENT H.",Republican,1,,,,OCR SHOWS BECKMAN ON BALLOT (MARKED).,0.78
OH,Cincinnati Enquirer,134700,1968,CNTY CLERK,,,OH,"JENNINGS, ROBERT D.",Republican,1,,,,OCR SHOWS 'TORENT D. JENNINGS' (CLERK OF COURT OF COMMON PLEAS) — ROBERT D. JENNINGS.,0.78
OH,Cincinnati Enquirer,134700,1968,CNTY CLERK,,,OH,"BURDEN, EDWARD B.",,0,,,,OCR SHOWS BURDEN AS COMPETING CANDIDATE FOR CLERK OF COURT.,0.7
OH,Cincinnati Enquirer,134700,1968,CNTY TREASURER,,,OH,"BOEHM, PAUL J.",Republican,1,,,,OCR SHOWS BOEHM ON BALLOT.,0.75
OH,Cincinnati Enquirer,134700,1968,SUPREME COURT,,,OH,"HERBERT, THOMAS M.",Republican,1,,,,OCR SHOWS HERBERT ON OHIO SUPREME COURT BALLOT.,0.85
OH,Cincinnati Enquirer,134700,1968,COURT OF APPEALS,,,OH,"HESS, OTIS R.",,1,,,,OCR SHOWS HESS ON COURT OF APPEALS BALLOT.,0.78
OH,Cincinnati Enquirer,134700,1968,JUDGE,,,OH,"PERLMAN, BURTON",,1,,,,OCR SHOWS PERLMAN ON COMMON PLEAS BALLOT.,0.78
OH,Cincinnati Enquirer,134700,1968,JUDGE,,,OH,"MATTHEWS, WILLIAM R.",,1,,,,OCR SHOWS 'WILLIAM B. MATTHEWS'/'WILLIAM B. ATTHEWS' (MATTHEWS).,0.75
OH,Cincinnati Enquirer,134700,1968,JUDGE,,,OH,"GUSWEILER, FRANK M.",,1,,,,OCR SHOWS GUSWEILER ON COMMON PLEAS BALLOT.,0.78
OH,Cincinnati Enquirer,134700,1968,JUDGE,,,OH,"MORRISSEY, WILLIAM J.",,1,,,,OCR SHOWS MORRISSEY ON COMMON PLEAS BALLOT.,0.78
OH,Cincinnati Enquirer,134700,1968,JUDGE,,,OH,"CONROY, THOMAS A.",,,,,,OCR SHOWS CONROY ON BALLOT; MARK DIRECTION UNCLEAR.,0.7
OH,Cincinnati Enquirer,134700,1970,GOVERNOR,,,OH,"CLOUD, ROGER",Republican,1,,,,"SAMPLE BALLOT MARK; CLOUD WAS INCUMBENT AUDITOR OF STATE, NOW RUNNING FOR GOVERNOR; OVER GILLIGAN (D), LAWTON, AND PRINCIN; GILLIGAN WON HISTORICALLY",0.92
OH,Cincinnati Enquirer,134700,1970,LT GOVERNOR,,,OH,"BROWN, JOHN W.",Republican,1,,1,,SAMPLE BALLOT MARK; INCUMBENT LT GOVERNOR SINCE 1963; OVER CALABRESE (D),0.9
OH,Cincinnati Enquirer,134700,1970,ATTORNEY GENERAL,,,OH,"HERBERT, JOHN D.",Republican,1,,,,"SAMPLE BALLOT MARK; OVER BROWN, WILLIAM J. (D); BROWN WON HISTORICALLY",0.85
OH,Cincinnati Enquirer,134700,1970,AUDITOR,,,OH,"TRACY, ROGER W. JR.",Republican,1,,,,SAMPLE BALLOT MARK; SEAT VACATED BY CLOUD WHO IS RUNNING FOR GOVERNOR; OVER FERGUSON (D),0.85
OH,Cincinnati Enquirer,134700,1970,SEC OF STATE,,,OH,"BROWN, TED W.",Republican,1,,1,,SAMPLE BALLOT MARK; LONGTIME INCUMBENT SEC OF STATE SINCE 1951; OVER KENNEDY (D),0.9
OH,Cincinnati Enquirer,134700,1970,TREASURER,,,OH,"TURNER, ROBIN T.",Republican,1,,,,SAMPLE BALLOT MARK; OVER DONAHEY (D),0.85
OH,Cincinnati Enquirer,134700,1970,SENATOR,,,OH,"TAFT, ROBERT JR.",Republican,1,,,,"SAMPLE BALLOT MARK; TAFT MOVES FROM H-1 TO US SENATE; OVER METZENBAUM (D), KAY, AND O'NEILL; TAFT WON",0.95
OH,Cincinnati Enquirer,134700,1970,H,1,,OH,"KEATING, WILLIAM J.",Republican,1,,,,SAMPLE BALLOT MARK; FIRST DISTRICT; REPLACING TAFT WHO MOVED TO SENATE; OPPONENT NAME PARTIALLY ILLEGIBLE,0.88
OH,Cincinnati Enquirer,134700,1970,H,2,,OH,"CLANCY, DONALD D.",Republican,1,,1,,"SAMPLE BALLOT MARK; SECOND DISTRICT; INCUMBENT; OVER SPRINGER, GERALD N. (D)",0.9
OH,Cincinnati Enquirer,134700,1970,H,6,,OH,"HARSHA, WILLIAM H.",Republican,1,,1,,SAMPLE BALLOT MARK; SIXTH DISTRICT; INCUMBENT; PARTS OF DISTRICT EXTEND INTO HAMILTON COUNTY; OVER STEVENS (D),0.85
OH,Cincinnati Enquirer,134700,1970,H,24,,OH,"POWELL, WALTER E.",Republican,1,,,,SAMPLE BALLOT MARK; TWENTY-FOURTH DISTRICT; REPLACING LUKENS WHO DID NOT SEEK RE-ELECTION; OPPONENT NAME PARTIALLY ILLEGIBLE,0.78
OH,Cincinnati Enquirer,134700,1970,STATE SENATOR,7,,OH,"MALONEY, MICHAEL J.",Republican,1,,1,,SAMPLE BALLOT MARK; 7TH SENATORIAL DISTRICT; INCUMBENT; OVER CREAHAN (D),0.88
OH,Cincinnati Enquirer,134700,1970,STATE SENATOR,9,,OH,"BOWEN, WILLIAM F.",Democrat,1,,,,SAMPLE BALLOT MARK; 9TH SENATORIAL DISTRICT; BOWEN PREVIOUSLY STATE REP 69TH DISTRICT 1966-1970; MOVING UP TO STATE SENATE; OVER COLLINS (D),0.85
OH,Cincinnati Enquirer,134700,1970,STATE REP,65,,OH,"BECHTOLD, JOHN A.",Republican,1,,1,,SAMPLE BALLOT MARK; 65TH DISTRICT; INCUMBENT FROM 1966; OVER HERD (D),0.82
OH,Cincinnati Enquirer,134700,1970,STATE REP,66,,OH,"CRUZE, CHESTER T.",Republican,1,,,,SAMPLE BALLOT MARK; 66TH DISTRICT; OPEN SEAT AFTER MURDOCK MOVED TO 71ST; OVER KILEY (D),0.6
OH,Cincinnati Enquirer,134700,1970,STATE REP,67,,OH,"SCHMIT, DALE C.",Republican,1,,1,,SAMPLE BALLOT MARK; 67TH DISTRICT; INCUMBENT FROM 1968 (LISTED AS SCHMIDT IN 1968); OVER TRANTER (D),0.72
OH,Cincinnati Enquirer,134700,1970,STATE REP,68,,OH,"MAYFIELD, FRANK H. JR.",Republican,1,,1,,"SAMPLE BALLOT MARK; 68TH DISTRICT; INCUMBENT FROM 1968 (MIDDLE INITIAL WAS H IN 1968, READS AS B IN 1970 - LIKELY SAME PERSON); OVER YOUNG (D)",0.72
OH,Cincinnati Enquirer,134700,1970,STATE REP,69,,OH,"MORGAN, RONALD C.",Republican,1,,,,SAMPLE BALLOT MARK; 69TH DISTRICT; OPEN SEAT AFTER BOWEN MOVED TO STATE SENATE 9TH; OVER RANKIN (D),0.55
OH,Cincinnati Enquirer,134700,1970,STATE REP,70,,OH,"FLEMING, MORRIS W.",Republican,1,,,,"SAMPLE BALLOT MARK; 70TH DISTRICT; OVER MALLORY, WILLIAM L. (D - PARTY LABEL VISIBLE ON BALLOT)",0.82
OH,Cincinnati Enquirer,134700,1970,STATE REP,71,,OH,"MURDOCK, NORMAN A.",Republican,1,,,,"SAMPLE BALLOT MARK; 71ST DISTRICT; PARTY LABEL VISIBLE AS REPUBLICAN ON BALLOT; PREVIOUSLY IN 66TH DISTRICT IN 1968; OVER CLANCY, JAMES H. (D)",0.85
OH,Cincinnati Enquirer,134700,1970,STATE REP,72,,OH,"SCHERER, GORDON M.",Republican,1,,,,SAMPLE BALLOT MARK; 72ND DISTRICT; PARTY LABEL VISIBLE AS REPUBLICAN ON BALLOT; PREVIOUSLY IN 71ST DISTRICT IN 1968 (FORMER US CONGRESSMAN 1953-1963); OPPONENT NAME PARTIALLY ILLEGIBLE - APPEARS TO BE LAST NAME STARTING WITH H,0.68
OH,Cincinnati Enquirer,134700,1970,STATE REP,73,,OH,"POTTENGER, THOMAS A.",Republican,1,,1,,SAMPLE BALLOT MARK; 73RD DISTRICT; INCUMBENT FROM 1968; OVER MULLOY (D),0.62
OH,Cincinnati Enquirer,134700,1970,CNTY COMM,,,OH,"BECKMAN, ROBERT F.",Republican,1,,,,SAMPLE BALLOT MARK; HAMILTON COUNTY COMMISSIONER; DIFFERENT SEAT THAN 1968 COMMISSIONER RACE (DIFFERENT ELECTION CYCLE); NOTE: 1968 BECKMAN WAS VINCENT H. - THIS MAY BE A DIFFERENT BECKMAN OR A MISREAD OF FIRST NAME; OVER LUEBERS (D),0.72
OH,Cincinnati Enquirer,134700,1970,CNTY AUDITOR,,,OH,"DECOURCY, JOSEPH L. JR.",Republican,1,,,,SAMPLE BALLOT MARK; HAMILTON COUNTY AUDITOR; OVER GEIER; NAME CONFIRMED AS DECOURCY FROM 1974 BALLOT WHERE DECOURCY APPEARS CLEARLY,0.72
OH,Cincinnati Enquirer,134700,1970,SUPREME COURT,,,OH,"O'NEILL, C. WILLIAM",,1,,,,"NON-PARTISAN BALLOT; CHIEF JUSTICE SUPREME COURT; UNEXPIRED TERM ENDING DECEMBER 31 1974; APPOINTED REPUBLICAN; OVER BRYANT, WILLIAM C.",0.85
OH,Cincinnati Enquirer,134700,1970,SUPREME COURT,,,OH,"CORRIGAN, A. J. P.",,1,,,,"NON-PARTISAN BALLOT; JUDGE OF SUPREME COURT; FULL TERM COMMENCING JANUARY 1 1971; CONTESTED ELECTION; OVER BROWN, ALLEN",0.65
OH,Cincinnati Enquirer,134700,1970,SUPREME COURT,,,OH,"STERN, LEONARD J.",,1,,,,NON-PARTISAN BALLOT; JUDGE OF SUPREME COURT; RETENTION VOTE; ENDORSED YES,0.82
OH,Cincinnati Enquirer,134700,1970,SUPREME COURT,,,OH,"DUNCAN, ROBERT M.",,1,,,,NON-PARTISAN BALLOT; JUDGE OF SUPREME COURT; RETENTION VOTE; ENDORSED YES; DUNCAN APPOINTED BY GOV RHODES 1969 AS FIRST AFRICAN AMERICAN ON OHIO SUPREME COURT,0.82
OH,Cincinnati Enquirer,134700,1970,COURT OF APPEALS,1,,OH,"SHANNON, RAYMOND E.",,1,,,,NON-PARTISAN BALLOT; FIRST APPELLATE DISTRICT; INCUMBENT REPUBLICAN PER ARTICLE ON PAGE; FULL SIX-YEAR TERM FROM FEB 9 1971; ARTICLE CONFIRMS DEMOCRAT WILLIAM B. PRITCHARD CHALLENGING INCUMBENT SHANNON; OVER PRITCHARD (D); ALSO ENDORSED BY ENQUIRER IN 1968,0.9
OH,Cincinnati Enquirer,134700,1970,COURT OF COMMON PLEAS,,,OH,"GEORGE, PAUL J.",,1,,,,"NON-PARTISAN BALLOT; JUDGE OF COMMON PLEAS; FULL TERM COMMENCING JANUARY 1 1971; OVER CASTLE, LYLE W.",0.6
OH,Cincinnati Enquirer,134700,1972,PRESIDENT,,,OH,"NIXON, RICHARD M.",Republican,1,,1,,"OFFICIAL PRESIDENTIAL BALLOT; SAMPLE BALLOT MARK; INCUMBENT; OVER McGOVERN/SHRIVER (D), SCHMITZ/ANDERSON (AIP), FISHER/GUNDERSON (SOCIALIST LABOR), HALL/TYNER (COMMUNIST)",0.95
OH,Cincinnati Enquirer,134700,1972,VICE PRESIDENT,,,OH,"AGNEW, SPIRO T.",Republican,1,,1,,OFFICIAL PRESIDENTIAL BALLOT; SAMPLE BALLOT MARK; INCUMBENT,0.95
OH,Cincinnati Enquirer,134700,1972,H,1,,OH,"KEATING, WILLIAM J.",Republican,1,,1,,SAMPLE BALLOT MARK; FIRST DISTRICT; INCUMBENT FROM 1970; OVER HEISER (D),0.9
OH,Cincinnati Enquirer,134700,1972,H,2,,OH,"CLANCY, DONALD D.",Republican,1,,1,,SAMPLE BALLOT MARK; SECOND DISTRICT; INCUMBENT; OVER MANES (D),0.9
OH,Cincinnati Enquirer,134700,1972,STATE SENATOR,8,,OH,"ARONOFF, STANLEY J.",Republican,1,,1,,SAMPLE BALLOT MARK; 8TH SENATORIAL DISTRICT; INCUMBENT FROM 1966; OVER CAFFO (D),0.9
OH,Cincinnati Enquirer,134700,1972,STATE REP,19,,OH,"FINAN, RICHARD H.",Republican,1,,,,SAMPLE BALLOT MARK; 19TH LEGISLATIVE DISTRICT; NEW DISTRICT FROM 1972 REDISTRICTING; FINAN LATER BECAME OHIO SENATE PRESIDENT; OVER WOLTERMAN (D),0.78
OH,Cincinnati Enquirer,134700,1972,STATE REP,21,,OH,"MURDOCK, NORMAN A.",Republican,1,,1,,"SAMPLE BALLOT MARK; 21ST LEGISLATIVE DISTRICT; INCUMBENT STATE REP (WAS 66TH IN 1968 AND 71ST IN 1970, NOW REDISTRICTED TO 21ST); OPPONENT FIRST NAME PARTIALLY ILLEGIBLE - READS AS THOMAS G. ME...",0.8
OH,Cincinnati Enquirer,134700,1972,STATE REP,22,,OH,"CRUZE, CHESTER T.",Republican,1,,1,,"SAMPLE BALLOT MARK; 22ND LEGISLATIVE DISTRICT; INCUMBENT STATE REP (WAS 66TH IN 1970, NOW REDISTRICTED TO 22ND); OVER OTTING (D)",0.78
OH,Cincinnati Enquirer,134700,1972,STATE REP,25,,OH,"MORGAN, RONALD C.",Republican,1,,1,,"SAMPLE BALLOT MARK; 25TH LEGISLATIVE DISTRICT; INCUMBENT STATE REP (WAS 69TH IN 1970, NOW REDISTRICTED TO 25TH); OVER RANKIN (D)",0.78
OH,Cincinnati Enquirer,134700,1972,STATE REP,30,,OH,"BRANDENBURG, JOHN F.",Republican,1,,,,SAMPLE BALLOT MARK; 30TH LEGISLATIVE DISTRICT; OVER PANDILIDIS (D),0.7
OH,Cincinnati Enquirer,134700,1972,STATE REP,33,,OH,"PAINTER, MARK P.",Republican,1,,,,"SAMPLE BALLOT MARK; 33RD LEGISLATIVE DISTRICT; OVER MALLORY, WILLIAM L. (D - CONFIRMED DEMOCRAT FROM 1970 DATA IN OLD 70TH DISTRICT)",0.68
OH,Cincinnati Enquirer,134700,1972,STATE REP,34,,OH,"LUKEN, JAMES T.",Democrat,1,,,,SAMPLE BALLOT MARK; 34TH LEGISLATIVE DISTRICT; McGRAW LABELED (REPUBLICAN) ON BALLOT; LUKEN APPEARS ENDORSED DESPITE BEING DEMOCRAT - CROSS-PARTY ENDORSEMENT BY ENQUIRER (CF. LAUSCHE ENDORSED FOR SENATE IN 1962); LUKEN FAMILY PROMINENT IN CINCINNATI DEMOCRATIC POLITICS,0.58
OH,Cincinnati Enquirer,134700,1972,STATE REP,65,,OH,"MAYFIELD, FRANK H. JR.",Republican,1,,1,,"SAMPLE BALLOT MARK; 65TH LEGISLATIVE DISTRICT; INCUMBENT STATE REP (WAS 68TH IN 1970 AND 1968, NOW REDISTRICTED TO 65TH); MIDDLE INITIAL H CONSISTENT WITH 1968 EXTRACTION; OVER HERKING (D)",0.78
OH,Cincinnati Enquirer,134700,1972,STATE REP,,,OH,"BECHTOLD, JOHN A.",Republican,1,,1,,"SAMPLE BALLOT MARK; DISTRICT NUMBER HARD TO READ (POST-REDISTRICTING); INCUMBENT STATE REP FROM OLD 65TH DISTRICT (1966-1970); OVER O'DOWD, JEROME L.",0.65
OH,Cincinnati Enquirer,134700,1972,CNTY COMM,,,OH,"WOOD, ROBERT A.",Republican,1,,1,,SAMPLE BALLOT MARK; HAMILTON COUNTY COMMISSIONER; INCUMBENT FROM 1964/1968; OVER TYRE (D),0.85
OH,Cincinnati Enquirer,134700,1972,CNTY COMM,,,OH,"RHODES, W. EMERSON",Republican,1,,,,SAMPLE BALLOT MARK; HAMILTON COUNTY COMMISSIONER; SECOND COMMISSIONER SEAT; OVER HELD (D),0.78
OH,Cincinnati Enquirer,134700,1972,DA/PROSECUTOR,,,OH,"LEIS, SIMON L. JR.",Republican,1,,,,SAMPLE BALLOT MARK; PROSECUTING ATTORNEY; REPLACES RUEGER FROM 1968; LEIS LATER BECAME HAMILTON COUNTY SHERIFF; OVER DONNELLON (D),0.85
OH,Cincinnati Enquirer,134700,1972,CLERK OF COURTS,,,OH,"JENNINGS, ROBERT D.",Republican,1,,1,,SAMPLE BALLOT MARK; CLERK OF COURT OF COMMON PLEAS; INCUMBENT FROM 1968; OVER MULLER (D),0.85
OH,Cincinnati Enquirer,134700,1972,SHERIFF,,,OH,"FRICKER, PAUL J.",Republican,1,,,,SAMPLE BALLOT MARK; SHERIFF; REPLACES TEHAN FROM 1968; OVER REIS (D),0.75
OH,Cincinnati Enquirer,134700,1972,RECORDER,,,OH,"HOY, JUDSON",Republican,1,,,,SAMPLE BALLOT MARK; COUNTY RECORDER; HOY WAS OPPONENT OF CARROLL (R) IN 1968 RECORDER RACE BUT HAD PRIOR REPUBLICAN CREDENTIALS (R STATE REP CANDIDATE 1958-1960 AND COUNTY COURT 1966); OVER WAGNER (D),0.72
OH,Cincinnati Enquirer,134700,1972,CNTY TREASURER,,,OH,"WILKE, WAYNE F.",Republican,1,,,,SAMPLE BALLOT MARK; COUNTY TREASURER; REPLACES JACOBS FROM 1968; OVER CONROY (D),0.78
OH,Cincinnati Enquirer,134700,1972,COUNTY ENGINEER,,,OH,"NIEMEIER, EDWARD J.",Republican,1,,,,SAMPLE BALLOT MARK; COUNTY ENGINEER; REPLACES ROLLINS FROM 1968; OVER SCHRAMM (D),0.72
OH,Cincinnati Enquirer,134700,1972,CORONER,,,OH,"CLEVELAND, FRANK P.",Republican,1,,1,,SAMPLE BALLOT MARK; COUNTY CORONER; INCUMBENT FROM 1968; OVER HEADLEY (D),0.85
OH,Cincinnati Enquirer,134700,1972,STATE BOARD OF ED,1,,OH,"WILLIAMS, HENRY C. JR.",,1,,,,NON-PARTISAN BALLOT; MEMBER STATE BOARD OF EDUCATION FIRST CONGRESSIONAL DISTRICT; OVER BRITTON AND JUDD,0.72
OH,Cincinnati Enquirer,134700,1972,STATE BOARD OF ED,2,,OH,"OKAWA, GRACE J.",,1,,,,NON-PARTISAN BALLOT; MEMBER STATE BOARD OF EDUCATION SECOND CONGRESSIONAL DISTRICT; OVER MECKSTROTH,0.72
OH,Cincinnati Enquirer,134700,1972,SUPREME COURT,,,OH,"SCHNEIDER, LOUIS J. JR.",,1,,,,"NON-PARTISAN BALLOT; JUSTICE OF SUPREME COURT; OVER BROWN, WILLIAM B.",0.8
OH,Cincinnati Enquirer,134700,1972,SUPREME COURT,,,OH,"BROWN, PAUL W.",,1,,,,"NON-PARTISAN BALLOT; JUSTICE OF SUPREME COURT; REPUBLICAN-APPOINTED JUSTICE; OVER BROWN, LLOYD O.",0.82
OH,Cincinnati Enquirer,134700,1972,SUPREME COURT,,,OH,"CELEBREZZE, FRANK D.",,1,,,,"NON-PARTISAN BALLOT; JUSTICE OF SUPREME COURT; CELEBREZZE FAMILY PROMINENT IN OHIO DEMOCRATIC POLITICS BUT JUDICIAL RACES NONPARTISAN; OVER LEACH, ROBERT E.",0.65
OH,Cincinnati Enquirer,134700,1972,COURT OF APPEALS,1,,OH,"PALMER, GEORGE H.",,1,,,,"NON-PARTISAN BALLOT; FIRST APPELLATE DISTRICT; OVER YOUNG, WARREN C.",0.78
OH,Cincinnati Enquirer,134700,1972,COURT OF COMMON PLEAS,PROBATE,,OH,"BECKMAN, PAUL C.",,1,,,,"NON-PARTISAN BALLOT; JUDGE COURT OF COMMON PLEAS PROBATE DIVISION; OVER BURGER, MELVIN C.",0.75
OH,Cincinnati Enquirer,134700,1972,COURT OF COMMON PLEAS,,,OH,"MORRISSEY, WILLIAM J. JR.",,1,,,,"NON-PARTISAN BALLOT; JUDGE COURT OF COMMON PLEAS; OVER HOEFLE, H. FRED",0.72
OH,Cincinnati Enquirer,134700,1972,COURT OF COMMON PLEAS,,,OH,"BLACK, ROBERT L. JR.",,1,,,,"NON-PARTISAN BALLOT; JUDGE COURT OF COMMON PLEAS; OVER GEORGE, PAUL J. (GEORGE WAS ENDORSED BY ENQUIRER IN 1970 FOR DIFFERENT COMMON PLEAS SEAT)",0.72
OH,Cincinnati Enquirer,134700,1972,COURT OF COMMON PLEAS,,,OH,"BETTMAN, GILBERT",,1,,,,"NON-PARTISAN BALLOT; JUDGE COURT OF COMMON PLEAS; BETTMAN NAME PROMINENT IN CINCINNATI REPUBLICAN CIRCLES; OVER BELENKER, JERRY (OPPONENT NAME PARTIALLY HARD TO READ)",0.58
OH,Cincinnati Enquirer,134700,1972,COURT OF COMMON PLEAS,,,OH,"WOOD, ROBERT V.",,1,,,,"NON-PARTISAN BALLOT; JUDGE COURT OF COMMON PLEAS; OVER CRUSH, THOMAS H.",0.65
OH,Cincinnati Enquirer,134700,1972,COURT OF COMMON PLEAS,,,OH,"FELLERHOFF, WILLIAM",,1,,,,"NON-PARTISAN BALLOT; JUDGE COURT OF COMMON PLEAS; OVER KRAFT, ROBERT S.",0.72
OH,Cincinnati Enquirer,134700,1972,COURT OF COMMON PLEAS,,,OH,"KEEFE, JOHN W.",,1,,,,"NON-PARTISAN BALLOT; JUDGE COURT OF COMMON PLEAS; OVER HESERTH, IRVIN A.",0.72
OH,Cincinnati Enquirer,134700,1972,COURT OF COMMON PLEAS,,,OH,"NURRE, THOMAS C.",,1,,,,"NON-PARTISAN BALLOT; JUDGE COURT OF COMMON PLEAS; OVER KOLSTEIN, MARVIN N.",0.58
OH,Cincinnati Enquirer,134700,1972,COURT OF COMMON PLEAS,,,OH,"HOLMES, OLIVE L.",,1,,,,"NON-PARTISAN BALLOT; JUDGE COURT OF COMMON PLEAS; OVER SULLIVAN, MORRIS G.",0.72
OH,Cincinnati Enquirer,134700,1974,GOVERNOR,,,OH,"RHODES, JAMES A.",Republican,1,,,,"ARROW ENDORSEMENT; OVER GILLIGAN, JOHN J. (D INCUMBENT) AND LAZAR, NANCY BROWN; RHODES PREVIOUSLY SERVED AS GOVERNOR 1963-1971; RHODES WON",0.92
OH,Cincinnati Enquirer,134700,1974,LT GOVERNOR,,,OH,"BROWN, JOHN W.",Republican,1,,1,,"ARROW ENDORSEMENT; INCUMBENT LT GOVERNOR; OVER CELESTE, RICHARD F. (D) AND KIRSCH, HERMAN; CELESTE LATER BECAME GOVERNOR 1983",0.9
OH,Cincinnati Enquirer,134700,1974,ATTORNEY GENERAL,,,OH,"BROWN, WILLIAM J.",Democrat,1,1,,,"ARROW ENDORSEMENT; CROSS-PARTY ENDORSEMENT - DEMOCRAT INCUMBENT AG ENDORSED OVER SMITH, GEORGE C. (R); BROWN SERVED AS AG 1971-1983; POST-WATERGATE ENVIRONMENT",0.88
OH,Cincinnati Enquirer,134700,1974,AUDITOR,,,OH,"FERGUSON, THOMAS E.",Democrat,1,,,,"ARROW ENDORSEMENT; CROSS-PARTY ENDORSEMENT - DEMOCRAT ENDORSED OVER TRACY, ROGER W. JR. (R); TRACY WAS ENQUIRER-ENDORSED R IN 1970; FERGUSON WENT ON TO SERVE AS AUDITOR 1975-1995",0.85
OH,Cincinnati Enquirer,134700,1974,SEC OF STATE,,,OH,"BROWN, TED W.",Republican,1,,1,,ARROW ENDORSEMENT; LONGTIME INCUMBENT SEC OF STATE SINCE 1951; OVER HALL (D),0.9
OH,Cincinnati Enquirer,134700,1974,TREASURER,,,OH,"DONAHEY, GERTRUDE W.",Democrat,1,1,,,"ARROW ENDORSEMENT; CROSS-PARTY ENDORSEMENT - DEMOCRAT INCUMBENT TREASURER ENDORSED OVER HARRIS, RICHARD H. (R); DONAHEY SERVED 1971-1983",0.85
OH,Cincinnati Enquirer,134700,1974,SENATOR,,,OH,"GLENN, JOHN",Democrat,1,,,,"ARROW ENDORSEMENT; CROSS-PARTY ENDORSEMENT - DEMOCRAT ENDORSED OVER PERK, RALPH J. (R MAYOR OF CLEVELAND), HAROFF, KATHLEEN C., AND KAY, RICHARD B.; GLENN THE FORMER ASTRONAUT WON IN LANDSLIDE",0.9
OH,Cincinnati Enquirer,134700,1974,H,1,,OH,"GRADISON, WILLIS D. JR.",Republican,1,,,,"ARROW ENDORSEMENT; FIRST DISTRICT; OVER LUKEN, THOMAS A. (D - INCUMBENT VIA MARCH 1974 SPECIAL ELECTION AFTER KEATING RESIGNED); GRADISON WON AND SERVED UNTIL 1993",0.88
OH,Cincinnati Enquirer,134700,1974,H,2,,OH,"CLANCY, DONALD D.",Republican,1,,1,,"ARROW ENDORSEMENT; SECOND DISTRICT; INCUMBENT; OVER WOLTERMAN, EDWARD W. (D)",0.9
OH,Cincinnati Enquirer,134700,1974,STATE SENATOR,7,,OH,"MALONEY, MICHAEL J.",Republican,1,,1,,"ARROW ENDORSEMENT; INCUMBENT STATE SENATOR; OVER SWAIN, DONALD H.",0.85
OH,Cincinnati Enquirer,134700,1974,STATE SENATOR,9,,OH,"BOWEN, WILLIAM F.",Democrat,1,1,,,"ARROW ENDORSEMENT; 9TH SENATORIAL DISTRICT; INCUMBENT FROM 1970; OVER JENNINGS, JACQUELYN K.",0.82
OH,Cincinnati Enquirer,134700,1974,STATE REP,19,,OH,"FINAN, RICHARD H.",Republican,1,,1,,"ARROW ENDORSEMENT; 19TH LEGISLATIVE DISTRICT; INCUMBENT FROM 1972; OVER DONNELLON, TERRY",0.88
OH,Cincinnati Enquirer,134700,1974,STATE REP,22,,OH,"ANDERSON, THOMAS L.",,1,,,,"ARROW ENDORSEMENT; 22ND LEGISLATIVE DISTRICT; OVER BRANDENBURG, JOHN F.; NOTE BRANDENBURG WAS ENDORSED R IN 30TH DISTRICT IN 1972 - EITHER HE MOVED DISTRICTS OR ANDERSON IS NOW THE ENDORSED CANDIDATE IN THE 22ND",0.58
OH,Cincinnati Enquirer,134700,1974,STATE REP,21,,OH,"MURDOCK, NORMAN A.",Republican,1,,1,,ARROW ENDORSEMENT; 21ST LEGISLATIVE DISTRICT; INCUMBENT FROM 1972; OPPONENT NAME PARTIALLY ILLEGIBLE - READS AS THOMAS E. MEYUNG OR SIMILAR,0.82
OH,Cincinnati Enquirer,134700,1974,STATE REP,22,,OH,"CRUZE, CHESTER T.",Republican,1,,1,,"ARROW ENDORSEMENT; DISTRICT NUMBER HARD TO READ; INCUMBENT STATE REP FROM 22ND IN 1972; OVER PHILLIPS, JOSEPH J.",0.7
OH,Cincinnati Enquirer,134700,1974,STATE REP,34,,OH,"LUKEN, JAMES T.",Democrat,1,,,,"ARROW ENDORSEMENT; 34TH LEGISLATIVE DISTRICT; ALSO ENDORSED BY ENQUIRER IN 1972 (CROSS-PARTY); OPPONENT READS AS PANEA OR PANZA, VICTOR J.; LUKEN FAMILY PROMINENT IN CINCINNATI DEMOCRATIC POLITICS",0.75
OH,Cincinnati Enquirer,134700,1974,STATE REP,33,,OH,"MALLORY, WILLIAM L.",Democrat,1,1,,,ARROW ENDORSEMENT; CROSS-PARTY ENDORSEMENT - DEMOCRAT INCUMBENT ENDORSED; MALLORY WAS D IN 70TH (1970) AND 33RD (1972) WHERE ENQUIRER ENDORSED R PAINTER OVER HIM; NOW IN POST-WATERGATE 1974 ENQUIRER ENDORSES MALLORY,0.72
OH,Cincinnati Enquirer,134700,1974,STATE REP,25,,OH,"RANKIN, JAMES W.",,1,,,,ARROW ENDORSEMENT; 25TH LEGISLATIVE DISTRICT; NOTE: IN 1970 AND 1972 MORGAN WAS ENDORSED OVER RANKIN IN THIS DISTRICT; NOW RANKIN IS ENDORSED; OPPONENT NAME PARTIALLY ILLEGIBLE - STARTS WITH L. BRUCE S...,0.7
OH,Cincinnati Enquirer,134700,1974,STATE REP,,,OH,"CIBULA, JAMES J.",Republican,1,,,,"ARROW ENDORSEMENT; DISTRICT NUMBER HARD TO READ; OVER FIX, HELEN B. (D - DEMOCRAT LABEL VISIBLE)",0.62
OH,Cincinnati Enquirer,134700,1974,STATE REP,65,,OH,"MAYFIELD, FRANK H. JR.",Republican,1,,1,,"ARROW ENDORSEMENT; 65TH LEGISLATIVE DISTRICT; INCUMBENT FROM 1972; OVER HERKING, ROBERT J.",0.85
OH,Cincinnati Enquirer,134700,1974,CNTY COMM,,,OH,"BECKMAN, ROBERT F.",Republican,1,,,,"ARROW ENDORSEMENT; HAMILTON COUNTY COMMISSIONER; OVER GREEN, JUDITH B.",0.82
OH,Cincinnati Enquirer,134700,1974,CNTY AUDITOR,,,OH,"CARROLL, JAMES J.",Democrat,1,,,,"ARROW ENDORSEMENT; HAMILTON COUNTY AUDITOR; CROSS-PARTY ENDORSEMENT - ENDORSED OVER DECOURCY, JOSEPH L. JR. (R - REPUBLICAN LABEL VISIBLE); CONFIRMS 1970 COUNTY AUDITOR CANDIDATE NAME WAS DECOURCY NOT DECHARITY",0.8
OH,Cincinnati Enquirer,134700,1974,STATE BOARD OF ED,2,,OH,"MECKSTROTH, JOHN R.",,1,,,,ARROW ENDORSEMENT; MEMBER STATE BOARD OF EDUCATION SECOND CONGRESSIONAL DISTRICT; MECKSTROTH LOST TO OKAWA IN 1972 BUT NOW ENDORSED,0.75
OH,Cincinnati Enquirer,134700,1974,STATE BOARD OF ED,,,OH,"WAGNER, ESTHER",,1,,,,ARROW ENDORSEMENT; MEMBER STATE BOARD OF EDUCATION; DISTRICT NOT CLEARLY READABLE; WAGNER WAS OPPONENT IN 1972 RECORDER RACE (HOY VS WAGNER) - NOW RUNNING FOR BOARD OF ED,0.65
OH,Cincinnati Enquirer,134700,1974,SUPREME COURT,,,OH,"O'NEILL, C. WILLIAM",,1,,,,ARROW ENDORSEMENT; CHIEF JUSTICE OF THE SUPREME COURT; REPUBLICAN-APPOINTED INCUMBENT; ALSO ENDORSED 1970,0.9
OH,Cincinnati Enquirer,134700,1974,SUPREME COURT,,,OH,"CELEBREZZE, FRANK D.",,1,,,,ARROW ENDORSEMENT; JUSTICE OF SUPREME COURT; ALSO ENDORSED 1972; CELEBREZZE FAMILY DEMOCRATIC BUT JUDICIAL RACES NONPARTISAN; OVER TAFT (READS AS SEYBURN OR SETH A. TAFT),0.82
OH,Cincinnati Enquirer,134700,1974,SUPREME COURT,,,OH,"HERBERT, THOMAS M.",,1,,,,"ARROW ENDORSEMENT; JUSTICE OF SUPREME COURT; OVER BROWN, CLIFFORD F.",0.68
OH,Cincinnati Enquirer,134700,1974,COURT OF APPEALS,1,,OH,"KEEFE, JOHN W.",,1,,,,ARROW ENDORSEMENT; JUDGE COURT OF APPEALS FIRST APPELLATE DISTRICT; KEEFE WAS ENDORSED FOR COMMON PLEAS IN 1972 - APPEARS TO HAVE MOVED UP TO APPEALS COURT,0.82
OH,Cincinnati Enquirer,134700,1974,COURT OF APPEALS,1,,OH,"SCHNEIDER, LOUIS J. JR.",,1,,,,ARROW ENDORSEMENT; JUDGE COURT OF APPEALS FIRST APPELLATE DISTRICT; SECOND APPEALS SEAT; SCHNEIDER WAS ENDORSED FOR SUPREME COURT IN 1972 - MAY BE A DIFFERENT SEAT OR DIFFERENT ELECTION CONTEXT,0.78
OH,Cincinnati Enquirer,134700,1974,COURT OF COMMON PLEAS,,,OH,"MATHEWS, WILLIAM S.",,1,,,,"ARROW ENDORSEMENT; JUDGE COURT OF COMMON PLEAS; OVER NOLAN, JOHN J.",0.78
OH,Cincinnati Enquirer,134700,1974,COURT OF COMMON PLEAS,,,OH,"MATTHEWS, WILLIAM R.",,1,,,,"ARROW ENDORSEMENT; JUDGE COURT OF COMMON PLEAS; OVER SCHNEIDER, GARY L.",0.72
OH,Cincinnati Enquirer,134700,1974,COURT OF COMMON PLEAS,,,OH,"GUSWEILER, FRANK M.",,1,,,,"ARROW ENDORSEMENT; JUDGE COURT OF COMMON PLEAS; OVER WRIGHT, S. WAYNE",0.78
OH,Cincinnati Enquirer,134700,1974,COURT OF COMMON PLEAS,,,OH,"HEEKIN, THOMAS D.",,1,,,,"ARROW ENDORSEMENT; JUDGE COURT OF COMMON PLEAS; OVER NAVARRA, ANTOINETTE L.",0.78
OH,Cincinnati Enquirer,134700,1974,COURT OF COMMON PLEAS,,,OH,"DAVIS, FRANK C.",,1,,,,ARROW ENDORSEMENT; JUDGE COURT OF COMMON PLEAS,0.72
OH,Cincinnati Enquirer,134700,1974,COURT OF COMMON PLEAS,,,OH,"GROSSMAN, DAVID C.",,1,,,,ARROW ENDORSEMENT; JUDGE COURT OF COMMON PLEAS,0.7
OH,Cincinnati Enquirer,134700,1974,COURT OF COMMON PLEAS,,,OH,"DOAN, RUPERT A.",,1,,,,ARROW ENDORSEMENT; JUDGE COURT OF COMMON PLEAS,0.72
OH,Cincinnati Enquirer,134700,1974,COURT OF COMMON PLEAS,,,OH,"GEORGE, PAUL J.",,1,,,,ARROW ENDORSEMENT; JUDGE COURT OF COMMON PLEAS; GEORGE ALSO ENDORSED IN 1970; LOST TO BLACK IN 1972 BUT NOW ENDORSED AGAIN,0.75
OH,Cincinnati Enquirer,134700,1976,PRESIDENT,,,OH,"FORD, GERALD R.",Republican,1,,1,,"X MARK ENDORSEMENT; INCUMBENT PRESIDENT; BALLOT POSITION 6; OVER CARTER/MONDALE (D POS 4), CAMEJO/REED (POS 2), HALL/TYNER (POS 8), LaROUCHE/EVANS (POS 10), MacBRIDE/BERGLAND (POS 12), MADDOX/DYKE (POS 14), McCARTHY/ANDERSON (POS 16), AND OTHERS",0.95
OH,Cincinnati Enquirer,134700,1976,VICE PRESIDENT,,,OH,"DOLE, ROBERT",Republican,1,,,,X MARK ENDORSEMENT; RUNNING MATE OF FORD; BALLOT POSITION 6,0.95
OH,Cincinnati Enquirer,134700,1976,SENATOR,,,OH,"TAFT, ROBERT JR.",Republican,1,,1,,"X MARK ENDORSEMENT; INCUMBENT SENATOR; BALLOT POSITION 25; OVER FUNDARBURK, EMMA LILA (POS 21), METZENBAUM, HOWARD M. (D POS 22), O'NEILL, JOHN (POS 23), SINGLER, MELISSA (POS 24), BABCOCK, DONALD E. (POS 20)",0.92
OH,Cincinnati Enquirer,134700,1976,H,1,,OH,"GRADISON, WILLIS D. JR.",Republican,1,,1,,"X MARK ENDORSEMENT; FIRST DISTRICT; INCUMBENT; BALLOT POSITION 29; OVER MARTINSON, CHRISTOPHER L. (POS 30) AND BOWEN, WILLIAM F. (POS 28)",0.9
OH,Cincinnati Enquirer,134700,1976,H,2,,OH,"CLANCY, DONALD D.",Republican,1,,1,,"X MARK ENDORSEMENT; SECOND DISTRICT; INCUMBENT; BALLOT POSITION 35; OVER LUKEN, THOMAS A. (D POS 29)",0.9
OH,Cincinnati Enquirer,134700,1976,STATE SENATOR,8,,OH,"ARONOFF, STANLEY J.",Republican,1,,1,,"X MARK ENDORSEMENT; 8TH SENATORIAL DISTRICT; INCUMBENT; BALLOT POSITION 33; OVER PHALEN, ROBERT A. (POS 34)",0.9
OH,Cincinnati Enquirer,134700,1976,STATE REP,19,,OH,"FINAN, RICHARD H.",Republican,1,,1,,"X MARK ENDORSEMENT; 19TH DISTRICT; INCUMBENT FROM 1972; BALLOT POSITION 37; OVER PRIDOCK, JOHN C. (POS 36)",0.88
OH,Cincinnati Enquirer,134700,1976,STATE REP,20,,OH,"SCHINDYER, WILLIAM H.",,1,,,,"X MARK ENDORSEMENT; 20TH DISTRICT; BALLOT POSITION 37; OVER TRANTER, TERRY M. (POS 38)",0.65
OH,Cincinnati Enquirer,134700,1976,STATE REP,30,,OH,"CUNNINGHAM, RICHARD M.",,1,,,,"X MARK ENDORSEMENT; 30TH DISTRICT; BALLOT POSITION 37; OVER POTTENGER, THOMAS A. (POS 38); NOTE: POTTENGER WAS ENQUIRER-ENDORSED R STATE REP IN 73RD DISTRICT 1968-1970",0.75
OH,Cincinnati Enquirer,134700,1976,STATE REP,21,,OH,"MURDOCK, NORMAN A.",Republican,1,,1,,"X MARK ENDORSEMENT; 21ST DISTRICT; INCUMBENT; BALLOT POSITION 37; OVER INSCO, CAROL A. (POS 36)",0.85
OH,Cincinnati Enquirer,134700,1976,STATE REP,22,,OH,"CRUZE, CHESTER T.",Republican,1,,1,,"X MARK ENDORSEMENT; 22ND DISTRICT; INCUMBENT; BALLOT POSITION 37; OVER RUSSELL, HARRIET (POS 38)",0.85
OH,Cincinnati Enquirer,134700,1976,STATE REP,23,,OH,"MALLORY, WILLIAM L.",Democrat,1,1,,,"X MARK ENDORSEMENT; 23RD DISTRICT; CROSS-PARTY ENDORSEMENT - DEMOCRAT INCUMBENT ENDORSED; ALSO ENDORSED IN 1974; BALLOT POSITION 39; OVER LONGACRE, JAMES G. (POS 37)",0.82
OH,Cincinnati Enquirer,134700,1976,STATE REP,25,,OH,"RANKIN, JAMES W.",,1,,,,"X MARK ENDORSEMENT; 25TH DISTRICT; ALSO ENDORSED 1974; BALLOT POSITION 35; OVER ALBANESE, DAVID J. (POS 37)",0.82
OH,Cincinnati Enquirer,134700,1976,STATE REP,26,,OH,"FIX, HELEN B.",,1,,,,"X MARK ENDORSEMENT; 26TH DISTRICT; BALLOT POSITION 26; OVER CIBULA, JAMES E. (POS 28); NOTE: IN 1974, CIBULA WAS TENTATIVELY ENDORSED OVER FIX BUT READING WAS UNCERTAIN - NOW FIX IS CLEARLY ENDORSED",0.8
OH,Cincinnati Enquirer,134700,1976,STATE REP,65,,OH,"SHELLDON, HENRY E. II",,1,,,,"X MARK ENDORSEMENT; 65TH DISTRICT; BALLOT POSITION 37; OVER TAFT, ROBERT II (POS 38); NOTE: MAYFIELD (ENDORSED R IN 65TH 1972-1974) NOT ON BALLOT - RETIRED OR DID NOT RUN",0.7
OH,Cincinnati Enquirer,134700,1976,CNTY COMM,,,OH,"STRAUSS, PETER J.",,1,,,,"X MARK ENDORSEMENT; HAMILTON COUNTY COMMISSIONER; FIRST SEAT (FULL TERM COMMENCING JANUARY 3 1977); BALLOT POSITION 40; OVER WOOD, ROBERT A. (POS 41); NOTE: WOOD WAS R INCUMBENT ENDORSED 1968-1972",0.78
OH,Cincinnati Enquirer,134700,1976,CNTY COMM,,,OH,"PAUL, ALLEN E.",,1,,,,"X MARK ENDORSEMENT; HAMILTON COUNTY COMMISSIONER; SECOND SEAT; BALLOT POSITION 44; OVER WOLTERMAN, ED (POS 45)",0.78
OH,Cincinnati Enquirer,134700,1976,DA/PROSECUTOR,,,OH,"LEIS, SIMON L. JR.",Republican,1,,1,,"X MARK ENDORSEMENT; PROSECUTING ATTORNEY; INCUMBENT FROM 1972; BALLOT POSITION 49; OVER ANNINOS, ART (POS 48)",0.88
OH,Cincinnati Enquirer,134700,1976,CLERK OF COURTS,,,OH,"JENNINGS, ROBERT D.",Republican,1,,1,,"X MARK ENDORSEMENT; CLERK OF COURT OF COMMON PLEAS; INCUMBENT FROM 1968; BALLOT POSITION 52; OVER LEWIS, RICHARD W. (POS 53)",0.85
OH,Cincinnati Enquirer,134700,1976,SHERIFF,,,OH,"FRICKER, PAUL J.",Republican,1,,1,,"X MARK ENDORSEMENT; SHERIFF; INCUMBENT FROM 1972; BALLOT POSITION 56; OVER STOKES, LINCOLN J. (POS 57)",0.85
OH,Cincinnati Enquirer,134700,1976,RECORDER,,,OH,"HELD, JOHN E.",,1,,,,"X MARK ENDORSEMENT; COUNTY RECORDER; BALLOT POSITION 59; OVER MAGEE, JAMES V. JR. (POS 60)",0.78
OH,Cincinnati Enquirer,134700,1976,CNTY TREASURER,,,OH,"BOYD, DAVID J.",,1,,,,"X MARK ENDORSEMENT; COUNTY TREASURER; BALLOT POSITION 61; OVER WILKE, WAYNE F. (POS 64); NOTE: WILKE WAS ENDORSED R TREASURER IN 1972",0.78
OH,Cincinnati Enquirer,134700,1976,COUNTY ENGINEER,,,OH,"SCHRAMM, DONALD C.",,1,,,,X MARK ENDORSEMENT; COUNTY ENGINEER; BALLOT POSITION 67; NOTE: SCHRAMM WAS THE D OPPONENT TO NIEMEIER IN 1972 ENGINEER RACE - NOW ENDORSED,0.78
OH,Cincinnati Enquirer,134700,1976,CORONER,,,OH,"CLEVELAND, FRANK P.",Republican,1,,1,,X MARK ENDORSEMENT; COUNTY CORONER; INCUMBENT SINCE 1968; BALLOT POSITION 70,0.85
OH,Cincinnati Enquirer,134700,1976,SUPREME COURT,,,OH,"SWEENEY, A. WILLIAM",,1,,,,"NON-PARTISAN; JUSTICE OF SUPREME COURT; BALLOT POSITION 81; OVER BROWN, DON P. (POS 80)",0.75
OH,Cincinnati Enquirer,134700,1976,SUPREME COURT,,,OH,"MORRISSEY, WILLIAM J. JR.",,1,,,,"NON-PARTISAN; JUSTICE OF SUPREME COURT; SECOND SEAT; BALLOT POSITION 85; OVER LOCHER, RALPH S. (POS 84); MORRISSEY WAS ENDORSED FOR COMMON PLEAS IN 1972 - HAS MOVED UP TO SUPREME COURT",0.78
OH,Cincinnati Enquirer,134700,1976,COURT OF APPEALS,1,,OH,"SHANNON, RAYMOND E.",,1,,,,"NON-PARTISAN; JUDGE COURT OF APPEALS FIRST APPELLATE DISTRICT; INCUMBENT; ALSO ENDORSED 1968 AND 1970; BALLOT POSITION 89; OVER HOEFLE, H. FRED (POS 88)",0.85
OH,Cincinnati Enquirer,134700,1976,COURT OF APPEALS,1,,OH,"MATHOW, STEPHEN F.",,1,,,,"NON-PARTISAN; JUDGE COURT OF APPEALS FIRST APPELLATE DISTRICT; SECOND SEAT; BALLOT POSITION 91; OVER BETTMAN, GILBERT (POS 92); NOTE: BETTMAN WAS ENDORSED FOR COMMON PLEAS IN 1972",0.7
OH,Cincinnati Enquirer,134700,1976,COURT OF APPEALS,1,,OH,"BROWN, ALLEN",,1,,,,"NON-PARTISAN; JUDGE COURT OF APPEALS FIRST APPELLATE DISTRICT; THIRD SEAT; BALLOT POSITION 96; OVER CASTLE, LYLE W. (POS 97); NOTE: BROWN WAS SUPREME COURT CANDIDATE IN 1970; CASTLE WAS COMMON PLEAS CANDIDATE IN 1970 AND 1976",0.78
OH,Cincinnati Enquirer,134700,1976,COURT OF APPEALS,1,,OH,"BLACK, ROBERT L. JR.",,1,,,,"NON-PARTISAN; JUDGE COURT OF APPEALS FIRST APPELLATE DISTRICT; FOURTH SEAT (TOP OF PAGE IN SEPARATE ARTICLE SECTION); BALLOT POSITION 100; OVER KAY, ROBERT G. (POS 103); BLACK WAS ENDORSED FOR COMMON PLEAS IN 1972 - HAS MOVED UP",0.8
OH,Cincinnati Enquirer,134700,1976,COURT OF COMMON PLEAS,,,OH,"DOAN, RUPERT A.",,1,,,,"NON-PARTISAN; JUDGE COURT OF COMMON PLEAS; ALSO ENDORSED 1974; BALLOT POSITION 104; OVER HAREN, DONALD E. (POS 105)",0.78
OH,Cincinnati Enquirer,134700,1976,COURT OF COMMON PLEAS,,,OH,"GORMAN, ROBERT H.",,1,,,,"NON-PARTISAN; JUDGE COURT OF COMMON PLEAS; SECOND SEAT; BALLOT POSITION 108; OVER McCLAIN, WILLIAM A. (POS 109)",0.75
OH,Cincinnati Enquirer,134700,1978,GOVERNOR,,,OH,"RHODES, JAMES A.",Republican,1,,,,RHODES SEEKING UNPRECEDENTED FOURTH TERM AS GOVERNOR,0.95
OH,Cincinnati Enquirer,134700,1978,LT GOVERNOR,,,OH,"VOINOVICH, GEORGE V.",Republican,1,,,,RUNNING ON TICKET WITH RHODES; 1978 WAS FIRST YEAR OHIO GOV/LT GOV RAN AS JOINT TICKET,0.95
OH,Cincinnati Enquirer,134700,1978,SEC OF STATE,,,OH,"BROWN, TED W.",Republican,1,,1,,LONG-SERVING INCUMBENT,0.95
OH,Cincinnati Enquirer,134700,1978,AUDITOR,,,OH,"LUKENS, DONALD E.",Republican,1,,,,FORMER US CONGRESSMAN RUNNING FOR STATE AUDITOR,0.95
OH,Cincinnati Enquirer,134700,1978,ATTORNEY GENERAL,,,OH,"BROWN, WILLIAM J.",Democrat,1,1,,,CROSS-PARTY ENDORSEMENT; DEMOCRAT INCUMBENT AG ENDORSED AGAIN AS IN 1974,0.95
OH,Cincinnati Enquirer,134700,1978,TREASURER,,,OH,"DONAHEY, GERTRUDE W.",Democrat,1,1,,,CROSS-PARTY ENDORSEMENT; DEMOCRAT INCUMBENT TREASURER ENDORSED AGAIN AS IN 1974,0.95
OH,Cincinnati Enquirer,134700,1978,SENATOR,,,KY,"HUDDLESTON, WALTER (DEE)",Democrat,1,1,,,KENTUCKY US SENATE RACE; CROSS-STATE ENDORSEMENT FROM OHIO NEWSPAPER,0.95
OH,Cincinnati Enquirer,134700,1978,H,1,,OH,"GRADISON, WILLIS D. JR.",Republican,1,,1,,INCUMBENT; SUCCEEDED KEATING IN OH-1,0.95
OH,Cincinnati Enquirer,134700,1978,H,2,,OH,"ARONOFF, STANLEY J.",Republican,1,,,,SECOND DISTRICT; ARONOFF IS STATE SENATOR RUNNING FOR CONGRESS,0.95
OH,Cincinnati Enquirer,134700,1978,H,6,,OH,"HARSHA, WILLIAM H.",Republican,1,,1,,SIXTH DISTRICT INCUMBENT,0.95
OH,Cincinnati Enquirer,134700,1978,H,8,,OH,"KINDNESS, THOMAS N.",Republican,1,,1,,EIGHTH DISTRICT INCUMBENT,0.95
OH,Cincinnati Enquirer,134700,1978,H,4,,KY,"SNYDER, M. GENE",Republican,1,,1,,KENTUCKY FOURTH DISTRICT; CROSS-STATE ENDORSEMENT,0.95
OH,Cincinnati Enquirer,134700,1978,H,6,,KY,"PERKINS, CARL D.",Democrat,1,1,,,KENTUCKY SIXTH DISTRICT; CROSS-STATE AND CROSS-PARTY ENDORSEMENT; LONG-SERVING DEMOCRAT,0.95
OH,Cincinnati Enquirer,134700,1978,H,7,,KY,"HOPKINS, LARRY J.",Republican,1,,,,KENTUCKY SEVENTH DISTRICT; CROSS-STATE ENDORSEMENT,0.93
OH,Cincinnati Enquirer,134700,1978,H,9,,IN,"HAMILTON, LEE H.",Democrat,1,1,,,INDIANA NINTH DISTRICT; CROSS-STATE AND CROSS-PARTY ENDORSEMENT; LONG-SERVING DEMOCRAT,0.95
OH,Cincinnati Enquirer,134700,1978,H,10,,IN,"FRAZIER, WILLIAM G.",Republican,1,,,,INDIANA TENTH DISTRICT; CROSS-STATE ENDORSEMENT,0.93
OH,Cincinnati Enquirer,134700,1978,STATE SENATOR,11,,OH,"FINAN, RICHARD H.",Republican,1,,1,,ELEVENTH DISTRICT; FINAN ENDORSED CONTINUOUSLY SINCE 1974,0.95
OH,Cincinnati Enquirer,134700,1978,STATE SENATOR,9,,OH,"BOWEN, WILLIAM F.",Democrat,1,1,,,"NINTH DISTRICT; BOWEN ENDORSED CONTINUOUSLY SINCE STATE REP 69TH IN 1968, MOVED TO STATE SENATE",0.95
OH,Cincinnati Enquirer,134700,1978,STATE REP,19,,OH,"VAN VYVEN, DALE N.",Republican,1,,,,19TH DISTRICT,0.93
OH,Cincinnati Enquirer,134700,1978,STATE REP,30,,OH,"POTTENGER, THOMAS A.",Republican,1,,1,,30TH DISTRICT; POTTENGER ENDORSED CONTINUOUSLY SINCE OLD 73RD DISTRICT,0.95
OH,Cincinnati Enquirer,134700,1978,STATE REP,21,,OH,"GRENTEMAN, RAYMOND C.",Republican,1,,,,21ST DISTRICT; NEW CANDIDATE REPLACING MURDOCK,0.93
OH,Cincinnati Enquirer,134700,1978,STATE REP,22,,OH,"MAYER, EDITH P.",Republican,1,,,,22ND DISTRICT; NEW CANDIDATE; CORRECTED FROM MOYER TO MAYER BASED ON CLEAR 1980 TEXT,0.93
OH,Cincinnati Enquirer,134700,1978,STATE REP,23,,OH,"MALLORY, WILLIAM L.",Democrat,1,1,,,CROSS-PARTY ENDORSEMENT; 23RD DISTRICT; MALLORY ENDORSED CONTINUOUSLY SINCE 1974 DESPITE BEING DEMOCRAT,0.95
OH,Cincinnati Enquirer,134700,1978,STATE REP,24,,OH,"TRANTER, TERRY M.",Democrat,1,1,,,24TH DISTRICT; CROSS-PARTY ENDORSEMENT; CORRECTED FROM TENTER/35TH BASED ON CLEAR 1980 TEXT,0.9
OH,Cincinnati Enquirer,134700,1978,STATE REP,25,,OH,"RANKIN, HELEN",Democrat,1,,,,25TH DISTRICT; CROSS-PARTY ENDORSEMENT; CORRECTED PARTY FROM REPUBLICAN TO DEMOCRAT BASED ON CLEAR 1980 PARTY LABEL,0.93
OH,Cincinnati Enquirer,134700,1978,STATE REP,26,,OH,"FIX, HELEN H.",Republican,1,,1,,26TH DISTRICT; FIX ENDORSED IN 1976 AND 1978 — CONFIRMS 1976 FIX OVER CIBULA READING,0.95
OH,Cincinnati Enquirer,134700,1978,STATE REP,40,,OH,"TAFT, ROBERT A. II",Republican,1,,,,"40TH DISTRICT; ROBERT A. TAFT II, MEMBER OF THE TAFT POLITICAL DYNASTY",0.95
OH,Cincinnati Enquirer,134700,1978,CNTY AUDITOR,,,OH,"DECOURCY, JOSEPH L.",Democrat,1,1,,,CROSS-PARTY ENDORSEMENT; DECOURCY ENDORSED CONTINUOUSLY — CONFIRMS 1970 NAME CORRECTION FROM DECHARITY TO DECOURCY,0.95
OH,Cincinnati Enquirer,134700,1978,CNTY COMM,,,OH,"NADEL, NORBERT A.",Republican,1,,,,COUNTY COMMISSIONER,0.93
OH,Cincinnati Enquirer,134700,1978,SUPREME COURT,CHIEF JUSTICE,,OH,"HERBERT, THOMAS M.",,1,,,,CHIEF JUSTICE OHIO SUPREME COURT,0.95
OH,Cincinnati Enquirer,134700,1978,SUPREME COURT,,,OH,"MARKUS, RICHARD M.",,1,,,,,0.95
OH,Cincinnati Enquirer,134700,1978,SUPREME COURT,,,OH,"BROWN, PAUL W.",,1,,,,,0.95
OH,Cincinnati Enquirer,134700,1978,COURT OF APPEALS,,,OH,"PALMER, GEORGE H.",,1,,,,,0.95
OH,Cincinnati Enquirer,134700,1978,COURT OF COMMON PLEAS,,,OH,"MORRISSEY, WILLIAM J.",,1,,,,,0.93
OH,Cincinnati Enquirer,134700,1978,COURT OF COMMON PLEAS,,,OH,"DANZL, PETER",,1,,,,,0.9
OH,Cincinnati Enquirer,134700,1978,COURT OF COMMON PLEAS,,,OH,"KLUSMEIER, HARRY T.",,1,,,,,0.9
OH,Cincinnati Enquirer,134700,1978,COURT OF COMMON PLEAS,,,OH,"CARTOLANO, FRED J.",,1,,,,,0.9
OH,Cincinnati Enquirer,134700,1978,COURT OF COMMON PLEAS,,,OH,"KRAFT, ROBERT S.",,1,,,,,0.9
OH,Cincinnati Enquirer,134700,1978,COURT OF COMMON PLEAS,,,OH,"BETTMAN, GILBERT",,1,,,,MEMBER OF PROMINENT CINCINNATI FAMILY,0.9
OH,Cincinnati Enquirer,134700,1978,COURT OF COMMON PLEAS,,,OH,"NURRE, THOMAS C.",,1,,,,,0.9
OH,Cincinnati Enquirer,134700,1978,COURT OF COMMON PLEAS,,,OH,"DISERHOFF, WILLIAM",,1,,,,,0.88
OH,Cincinnati Enquirer,134700,1978,COURT OF COMMON PLEAS,,,OH,"O'CONNOR, JOHN P.",,1,,,,,0.9
OH,Cincinnati Enquirer,134700,1978,COURT OF COMMON PLEAS,,,OH,"BURGER, MELVIN C.",,1,,,,,0.9
OH,Cincinnati Enquirer,134700,1980,PRESIDENT,,,OH,"REAGAN, RONALD",Republican,1,,,,REAGAN/BUSH TICKET,0.97
OH,Cincinnati Enquirer,134700,1980,VICE PRESIDENT,,,OH,"BUSH, GEORGE",Republican,1,,,,REAGAN/BUSH TICKET,0.97
OH,Cincinnati Enquirer,134700,1980,SENATOR,,,OH,"GLENN, JOHN H. JR.",Democrat,1,1,,,CROSS-PARTY ENDORSEMENT; DEMOCRAT INCUMBENT ENDORSED AGAIN AS IN 1974,0.97
OH,Cincinnati Enquirer,134700,1980,SENATOR,,,IN,"QUAYLE, DAN",Republican,1,,,,INDIANA US SENATE; CROSS-STATE ENDORSEMENT; QUAYLE CHALLENGING INCUMBENT BIRCH BAYH,0.97
OH,Cincinnati Enquirer,134700,1980,SENATOR,,,KY,"FORD, WENDELL H.",Democrat,1,1,,,KENTUCKY US SENATE; CROSS-STATE AND CROSS-PARTY ENDORSEMENT,0.97
OH,Cincinnati Enquirer,134700,1980,H,1,,OH,"GRADISON, WILLIS D. JR.",Republican,1,,1,,INCUMBENT; CONTINUOUSLY ENDORSED,0.97
OH,Cincinnati Enquirer,134700,1980,H,2,,OH,"LUKEN, THOMAS A.",Democrat,1,1,,,CROSS-PARTY ENDORSEMENT; LUKEN MOVED FROM STATE REP TO US CONGRESS; ENDORSED CONTINUOUSLY SINCE 1972,0.97
OH,Cincinnati Enquirer,134700,1980,H,6,,OH,"MCEWEN, BOB",Republican,1,,,,NEW CANDIDATE REPLACING HARSHA IN SIXTH DISTRICT,0.97
OH,Cincinnati Enquirer,134700,1980,H,8,,OH,"KINDNESS, THOMAS",Republican,1,,1,,EIGHTH DISTRICT INCUMBENT; CONTINUOUSLY ENDORSED,0.97
OH,Cincinnati Enquirer,134700,1980,H,9,,IN,"HAMILTON, LEE H.",Democrat,1,1,,,INDIANA NINTH DISTRICT; CROSS-STATE AND CROSS-PARTY ENDORSEMENT; CONTINUOUSLY ENDORSED,0.97
OH,Cincinnati Enquirer,134700,1980,H,10,,IN,"FRAZIER, WILLIAM G.",Republican,1,,,,INDIANA TENTH DISTRICT; CROSS-STATE ENDORSEMENT; NOTE MIDDLE INITIAL G HERE VS L IN 1978,0.97
OH,Cincinnati Enquirer,134700,1980,H,4,,KY,"SNYDER, M. GENE",Republican,1,,1,,"KENTUCKY FOURTH DISTRICT; CROSS-STATE ENDORSEMENT; LISTED AS 'M.G. ""Gene"" Snyder'",0.97
OH,Cincinnati Enquirer,134700,1980,H,6,,KY,"HOPKINS, LARRY J.",Republican,1,,1,,KENTUCKY SIXTH DISTRICT; CROSS-STATE ENDORSEMENT; NOTE MIDDLE INITIAL J HERE VS M IN 1978,0.97
OH,Cincinnati Enquirer,134700,1980,H,7,,KY,"PERKINS, CARL D.",Democrat,1,1,,,KENTUCKY SEVENTH DISTRICT; CROSS-STATE AND CROSS-PARTY ENDORSEMENT; CONTINUOUSLY ENDORSED,0.97
OH,Cincinnati Enquirer,134700,1980,STATE SENATOR,8,,OH,"ARONOFF, STANLEY J.",Republican,1,,,,ARONOFF APPARENTLY LOST 1978 CONGRESSIONAL RACE AND RETURNED TO STATE SENATE; NOW 8TH DISTRICT,0.97
OH,Cincinnati Enquirer,134700,1980,STATE REP,19,,OH,"VAN VYVEN, DALE N.",Republican,1,,1,,19TH DISTRICT; CONTINUOUSLY ENDORSED SINCE 1978,0.97
OH,Cincinnati Enquirer,134700,1980,STATE REP,20,,OH,"POTTENGER, THOMAS A.",Republican,1,,1,,20TH DISTRICT; NOTE DISTRICT CHANGE FROM 30TH IN 1978 — POSSIBLE REDISTRICTING OR RENUMBERING,0.97
OH,Cincinnati Enquirer,134700,1980,STATE REP,21,,OH,"CLEAR, RORY T.",Republican,1,,,,21ST DISTRICT; NEW CANDIDATE REPLACING GRENTEMAN,0.97
OH,Cincinnati Enquirer,134700,1980,STATE REP,22,,OH,"MAYER, EDITH P.",Republican,1,,1,,22ND DISTRICT; NOTE SPELLING MAYER NOT MOYER AS IN 1978 — THIS CLEARER TEXT LIKELY CORRECT,0.97
OH,Cincinnati Enquirer,134700,1980,STATE REP,23,,OH,"MALLORY, WILLIAM L.",Democrat,1,1,,,CROSS-PARTY ENDORSEMENT; 23RD DISTRICT; MALLORY ENDORSED CONTINUOUSLY SINCE 1974,0.97
OH,Cincinnati Enquirer,134700,1980,STATE REP,24,,OH,"TRANTER, TERRY M.",Democrat,1,1,,,CROSS-PARTY ENDORSEMENT; 24TH DISTRICT; CONFIRMS NAME IS TRANTER NOT TENTER AS READ IN 1978; NOTE 1978 HAD DISTRICT 35 — NEED TO VERIFY/CORRECT 1978 RECORD,0.97
OH,Cincinnati Enquirer,134700,1980,STATE REP,25,,OH,"RANKIN, HELEN",Democrat,1,1,,,CROSS-PARTY ENDORSEMENT; 25TH DISTRICT; RANKIN IS DEMOCRAT — 1978 RECORD MAY HAVE HAD WRONG PARTY,0.97
OH,Cincinnati Enquirer,134700,1980,STATE REP,26,,OH,"FIX, HELEN H.",Republican,1,,1,,26TH DISTRICT; FIX CONTINUOUSLY ENDORSED SINCE 1976,0.97
OH,Cincinnati Enquirer,134700,1980,STATE REP,65,,OH,"O'BRIEN, JOHN",Republican,1,,,,65TH DISTRICT; NOTE RETURN OF OLD DISTRICT NUMBER 65 — POSSIBLY REDISTRICTED AGAIN OR DIFFERENT GEOGRAPHIC AREA,0.97
OH,Cincinnati Enquirer,134700,1980,STATE BOARD OF ED,1,,OH,"LINDNER, MARY R.",,1,,,,STATE BOARD OF EDUCATION FIRST DISTRICT,0.97
OH,Cincinnati Enquirer,134700,1980,STATE BOARD OF ED,2,,OH,"MECKSTROTH, JOHN R.",,1,,,,STATE BOARD OF EDUCATION SECOND DISTRICT,0.97
OH,Cincinnati Enquirer,134700,1980,CNTY COMM,,,OH,"WOOD, ROBERT A.",Republican,1,,1,,WOOD RETURNS AFTER LOSING ENDORSEMENT TO STRAUSS IN 1976,0.97
OH,Cincinnati Enquirer,134700,1980,CNTY COMM,,,OH,"TAFT, ROBERT A. II",Republican,1,,,,TAFT II MOVES FROM STATE REP 40TH TO COUNTY COMMISSIONER,0.97
OH,Cincinnati Enquirer,134700,1980,DA/PROSECUTOR,,,OH,"LEIS, SIMON L. JR.",Republican,1,,,,COUNTY PROSECUTOR,0.97
OH,Cincinnati Enquirer,134700,1980,CLERK OF COURTS,,,OH,"JENNINGS, ROBERT D.",Republican,1,,1,,JENNINGS ENDORSED CONTINUOUSLY SINCE 1968,0.97
OH,Cincinnati Enquirer,134700,1980,CNTY TREASURER,,,OH,"WILKE, WAYNE F.",Republican,1,,,,NOTE WILKE WAS INCUMBENT COUNTY COMM IN 1976 AND LOST ENDORSEMENT TO BOYD; NOW RUNNING FOR TREASURER,0.97
OH,Cincinnati Enquirer,134700,1980,SHERIFF,,,OH,"STOKES, LINCOLN J.",Republican,1,,,,,0.97
OH,Cincinnati Enquirer,134700,1980,RECORDER,,,OH,"HELD, JOHN E.",Republican,1,,,,,0.97
OH,Cincinnati Enquirer,134700,1980,COUNTY ENGINEER,,,OH,"SCHRAMM, DONALD C.",Republican,1,,1,,SCHRAMM CONTINUOUSLY ENDORSED SINCE 1976,0.97
OH,Cincinnati Enquirer,134700,1980,CORONER,,,OH,"CLEVELAND, FRANK P.",Republican,1,,1,,CLEVELAND CONTINUOUSLY ENDORSED SINCE 1968,0.97
OH,Cincinnati Enquirer,134700,1980,SUPREME COURT,CHIEF JUSTICE,,OH,"CELEBREZZE, FRANK D.",,1,,,,CHIEF JUSTICE OHIO SUPREME COURT; CELEBREZZE ENDORSED FOR SUPREME COURT IN 1972,0.97
OH,Cincinnati Enquirer,134700,1980,SUPREME COURT,,,OH,"HOLMES, ROBERT E.",,1,,,,,0.97
OH,Cincinnati Enquirer,134700,1980,SUPREME COURT,,,OH,"DOWD, DAVID D. JR.",,1,,,,,0.97
OH,Cincinnati Enquirer,134700,1980,COURT OF APPEALS,,,OH,"KEEFE, JOHN W.",,1,,,,,0.97
OH,Cincinnati Enquirer,134700,1980,COURT OF COMMON PLEAS,,,OH,"MATHEWS, WILLIAM S.",,1,,,,,0.97
OH,Cincinnati Enquirer,134700,1980,COURT OF COMMON PLEAS,,,OH,"MATTHEWS, WILLIAM R.",,1,,,,NOTE TWO DIFFERENT MATHEWS/MATTHEWS ENDORSED — WILLIAM S. AND WILLIAM R. WITH DIFFERENT SPELLINGS,0.95
OH,Cincinnati Enquirer,134700,1980,COURT OF COMMON PLEAS,,,OH,"BETTMAN, GILBERT",,1,,,,ENDORSED IN 1978 AS WELL,0.97
OH,Cincinnati Enquirer,134700,1980,COURT OF COMMON PLEAS,,,OH,"CRUSH, THOMAS H.",,1,,,,,0.97
OH,Cincinnati Enquirer,134700,1980,JUVENILE DIVISION,,,OH,"GROSSMANN, DAVID E.",,1,,,,JUVENILE DIVISION OF COURT OF COMMON PLEAS,0.95
OH,Cincinnati Enquirer,134700,1980,DOMESTIC RELATIONS,,,OH,"FELLERHOFF, WILLIAM",,1,,,,DOMESTIC RELATIONS DIVISION OF COURT OF COMMON PLEAS,0.95
OH,Cincinnati Enquirer,134700,1980,DOMESTIC RELATIONS,,,OH,"NADEL, NORBERT A.",,1,,,,DOMESTIC RELATIONS DIVISION; NOTE NADEL WAS COUNTY COMMISSIONER CANDIDATE IN 1978 — NOW RUNNING FOR JUDGE,0.95
OH,Cincinnati Enquirer,134700,1982,GOVERNOR,,,OH,"BROWN, CLARENCE J.",Republican,1,,,,BROWN/BETTS JOINT TICKET; BROWN WAS LONGTIME CONGRESSMAN,0.95
OH,Cincinnati Enquirer,134700,1982,LT GOVERNOR,,,OH,"BETTS, JAMES E.",Republican,1,,,,RUNNING ON TICKET WITH BROWN,0.95
OH,Cincinnati Enquirer,134700,1982,ATTORNEY GENERAL,,,OH,"SAXBE, CHARLES R.",Republican,1,,,,SON OF FORMER US SENATOR AND AG WILLIAM SAXBE,0.95
OH,Cincinnati Enquirer,134700,1982,AUDITOR,,,OH,"CAMPANELLA, VINCENT C.",Republican,1,,,,STATE AUDITOR,0.95
OH,Cincinnati Enquirer,134700,1982,SEC OF STATE,,,OH,"BROWN, VIRGIL E.",Republican,1,,,,REPLACING TED W. BROWN AS SEC OF STATE CANDIDATE,0.95
OH,Cincinnati Enquirer,134700,1982,TREASURER,,,OH,"RINEHART, DANA G.",Republican,1,,,,STATE TREASURER; REPLACING DONAHEY WHO WAS PREVIOUSLY CROSS-PARTY ENDORSED,0.95
OH,Cincinnati Enquirer,134700,1982,SENATOR,,,OH,"PFEIFER, PAUL E.",Republican,1,,,,OHIO US SENATE RACE,0.95
OH,Cincinnati Enquirer,134700,1982,SENATOR,,,IN,"LUGAR, RICHARD G.",Republican,1,,1,,INDIANA US SENATE; CROSS-STATE ENDORSEMENT; LUGAR IS INCUMBENT,0.95
OH,Cincinnati Enquirer,134700,1982,H,1,,OH,"LUKEN, THOMAS A.",Democrat,1,1,,,CROSS-PARTY ENDORSEMENT; LUKEN NOW IN OH-1 AFTER REDISTRICTING (WAS OH-2 IN 1980); CONTINUOUSLY ENDORSED,0.95
OH,Cincinnati Enquirer,134700,1982,H,2,,OH,"GRADISON, WILLIS D. JR.",Republican,1,,1,,GRADISON NOW IN OH-2 AFTER REDISTRICTING (WAS OH-1); CONTINUOUSLY ENDORSED,0.95
OH,Cincinnati Enquirer,134700,1982,H,6,,OH,"MCEWEN, BOB",Republican,1,,1,,SIXTH DISTRICT INCUMBENT; CONTINUOUSLY ENDORSED SINCE 1980,0.95
OH,Cincinnati Enquirer,134700,1982,H,8,,OH,"KINDNESS, THOMAS N.",Republican,1,,1,,EIGHTH DISTRICT INCUMBENT; CONTINUOUSLY ENDORSED,0.95
OH,Cincinnati Enquirer,134700,1982,H,2,,IN,"VAN NATTA, RALPH",Republican,1,,,,INDIANA SECOND DISTRICT; CROSS-STATE ENDORSEMENT; NEW DISTRICT FOR ENQUIRER ENDORSEMENTS,0.95
OH,Cincinnati Enquirer,134700,1982,H,9,,IN,"HAMILTON, LEE H.",Democrat,1,1,,,INDIANA NINTH DISTRICT; CROSS-STATE AND CROSS-PARTY ENDORSEMENT; CONTINUOUSLY ENDORSED,0.95
OH,Cincinnati Enquirer,134700,1982,H,4,,KY,"SNYDER, GENE",Republican,1,,1,,KENTUCKY FOURTH DISTRICT; CROSS-STATE ENDORSEMENT; CONTINUOUSLY ENDORSED,0.95
OH,Cincinnati Enquirer,134700,1982,H,6,,KY,"HAMBY, TOM",Republican,1,,,,KENTUCKY SIXTH DISTRICT; CROSS-STATE ENDORSEMENT; NEW CANDIDATE REPLACING HOPKINS,0.95
OH,Cincinnati Enquirer,134700,1982,H,7,,KY,"HOPKINS, LARRY J.",Republican,1,,1,,KENTUCKY SEVENTH DISTRICT; CROSS-STATE ENDORSEMENT; HOPKINS MOVED FROM KY-6 TO KY-7 AFTER REDISTRICTING,0.95
OH,Cincinnati Enquirer,134700,1982,STATE SENATOR,7,,OH,"FINAN, RICHARD H.",Republican,1,,1,,NOW 7TH DISTRICT (WAS 11TH IN 1978); REDISTRICTING; CONTINUOUSLY ENDORSED,0.95
OH,Cincinnati Enquirer,134700,1982,STATE SENATOR,9,,OH,"BOWEN, WILLIAM F.",Democrat,1,1,,,9TH DISTRICT; CONTINUOUSLY ENDORSED,0.95
OH,Cincinnati Enquirer,134700,1982,STATE REP,20,,OH,"POTTENGER, THOMAS A.",Republican,1,,1,,20TH DISTRICT; CONTINUOUSLY ENDORSED,0.95
OH,Cincinnati Enquirer,134700,1982,STATE REP,21,,OH,"CLEAR, RORY T.",Republican,1,,1,,21ST DISTRICT; CONTINUOUSLY ENDORSED SINCE 1980,0.95
OH,Cincinnati Enquirer,134700,1982,STATE REP,22,,OH,"BLESSING, LOUIS W. JR.",Republican,1,,,,22ND DISTRICT; NEW CANDIDATE REPLACING MAYER,0.95
OH,Cincinnati Enquirer,134700,1982,STATE REP,23,,OH,"MALLORY, WILLIAM L.",Democrat,1,1,,,CROSS-PARTY ENDORSEMENT; 23RD DISTRICT; MALLORY ENDORSED EVERY CYCLE SINCE 1974,0.95
OH,Cincinnati Enquirer,134700,1982,STATE REP,24,,OH,"TRANTER, TERRY M.",Democrat,1,1,,,CROSS-PARTY ENDORSEMENT; 24TH DISTRICT; TRANTER ENDORSED EVERY CYCLE SINCE 1978,0.95
OH,Cincinnati Enquirer,134700,1982,STATE REP,25,,OH,"FLAGG, CATHY L.",Republican,1,,,,25TH DISTRICT; NEW CANDIDATE REPLACING RANKIN,0.95
OH,Cincinnati Enquirer,134700,1982,STATE REP,26,,OH,"O'BRIEN, JOHN",Republican,1,,1,,26TH DISTRICT; O'BRIEN MOVED FROM 65TH (1980) TO 26TH AFTER REDISTRICTING; NOTE FIX NO LONGER IN THIS DISTRICT,0.95
OH,Cincinnati Enquirer,134700,1982,STATE REP,27,,OH,"VAN VYVEN, DALE N.",Republican,1,,1,,27TH DISTRICT; VAN VYVEN MOVED FROM 19TH (1978-80) TO 27TH AFTER REDISTRICTING,0.95
OH,Cincinnati Enquirer,134700,1982,CNTY COMM,,,OH,"MURDOCK, NORMAN A.",Republican,1,,,,"MURDOCK RETURNS — WAS STATE REP THROUGH 1976 (DISTRICTS 66, 71, 21); NOW COUNTY COMMISSIONER",0.95
OH,Cincinnati Enquirer,134700,1982,CNTY AUDITOR,,,OH,"DECOURCY, JOSEPH L. JR.",Democrat,1,1,,,CROSS-PARTY ENDORSEMENT; DECOURCY CONTINUOUSLY ENDORSED; NOTE 'JR.' SUFFIX VISIBLE HERE,0.95
OH,Cincinnati Enquirer,134700,1982,SUPREME COURT,,,OH,"MCCORMAC, JOHN W.",,1,,,,,0.95
OH,Cincinnati Enquirer,134700,1982,SUPREME COURT,,,OH,"LOCHER, RALPH S.",,1,,,,,0.95
OH,Cincinnati Enquirer,134700,1982,SUPREME COURT,,,OH,"KRUPANSKY, BLANCHE",,1,,,,,0.95
OH,Cincinnati Enquirer,134700,1982,COURT OF APPEALS,1,,OH,"SHANNON, RAYMOND E.",,1,,,,1ST DISTRICT COURT OF APPEALS,0.95
OH,Cincinnati Enquirer,134700,1982,COURT OF APPEALS,1,,OH,"DOAN, RUPERT A.",,1,,,,1ST DISTRICT COURT OF APPEALS,0.95
OH,Cincinnati Enquirer,134700,1982,COURT OF APPEALS,1,,OH,"KLUSMEIER, HARRY T.",,1,,,,1ST DISTRICT COURT OF APPEALS; KLUSMEIER WAS COMMON PLEAS IN 1978,0.95
OH,Cincinnati Enquirer,134700,1982,COURT OF APPEALS,1,,OH,"BLACK, ROBERT L. JR.",,1,,,,1ST DISTRICT COURT OF APPEALS,0.95
OH,Cincinnati Enquirer,134700,1982,COURT OF COMMON PLEAS,,,OH,"SCHOTT, DONALD L.",,1,,,,,0.95
OH,Cincinnati Enquirer,134700,1982,COURT OF COMMON PLEAS,,,OH,"LEIS, SIMON L. JR.",,1,,,,LEIS WAS COUNTY PROSECUTOR IN 1980; NOW RUNNING FOR COMMON PLEAS JUDGE,0.95
OH,Cincinnati Enquirer,134700,1982,COURT OF COMMON PLEAS,,,OH,"NADEL, NORBERT A.",,1,,,,"NADEL WAS COUNTY COMMISSIONER (1978), DOMESTIC RELATIONS (1980), NOW COMMON PLEAS",0.95
OH,Cincinnati Enquirer,134700,1982,COURT OF COMMON PLEAS,,,OH,"WINKLER, RALPH",,1,,,,,0.95
OH,Cincinnati Enquirer,134700,1982,COURT OF COMMON PLEAS,,,OH,"PANIOTO, RONALD A.",,1,,,,,0.95
OH,Cincinnati Enquirer,134700,1982,STATE BOARD OF ED,1,,OH,"PRICE, EDWIN C. JR.",,1,,,,STATE BOARD OF EDUCATION 1ST DISTRICT,0.95
OH,Cincinnati Enquirer,134700,1982,STATE BOARD OF ED,2,,OH,"LINDNER, MARY R.",,1,,1,,"STATE BOARD OF EDUCATION 2ND DISTRICT; LINDNER ENDORSED IN 1ST DISTRICT IN 1980, NOW 2ND — POSSIBLE REDISTRICTING",0.95
OH,Cincinnati Enquirer,134700,1984,PRESIDENT,,,OH,"REAGAN, RONALD",Republican,1,,1,,REAGAN/BUSH RE-ELECTION,0.97
OH,Cincinnati Enquirer,134700,1984,VICE PRESIDENT,,,OH,"BUSH, GEORGE",Republican,1,,1,,REAGAN/BUSH RE-ELECTION,0.97
OH,Cincinnati Enquirer,134700,1984,SENATOR,,,KY,"HUDDLESTON, WALTER D.",Democrat,1,1,,,KENTUCKY US SENATE; CROSS-STATE AND CROSS-PARTY ENDORSEMENT; HUDDLESTON ENDORSED IN 1978 AS WELL; NOTE MIDDLE INITIAL D HERE (WAS 'DEE' NICKNAME IN 1978),0.97
OH,Cincinnati Enquirer,134700,1984,H,2,,OH,"GRADISON, WILLIS D. JR.",Republican,1,,1,,SECOND DISTRICT; CONTINUOUSLY ENDORSED,0.97
OH,Cincinnati Enquirer,134700,1984,H,6,,OH,"MCEWEN, BOB",Republican,1,,1,,SIXTH DISTRICT; CONTINUOUSLY ENDORSED,0.97
OH,Cincinnati Enquirer,134700,1984,H,8,,OH,"KINDNESS, THOMAS",Republican,1,,1,,EIGHTH DISTRICT; CONTINUOUSLY ENDORSED,0.97
OH,Cincinnati Enquirer,134700,1984,H,4,,KY,"SNYDER, GENE",Republican,1,,1,,KENTUCKY FOURTH DISTRICT; CROSS-STATE ENDORSEMENT; CONTINUOUSLY ENDORSED,0.97
OH,Cincinnati Enquirer,134700,1984,H,6,,KY,"HOPKINS, LARRY J.",Republican,1,,1,,KENTUCKY SIXTH DISTRICT; CROSS-STATE ENDORSEMENT,0.97
OH,Cincinnati Enquirer,134700,1984,H,7,,KY,"PERKINS, CARL C.",Democrat,1,1,,,"KENTUCKY SEVENTH DISTRICT; CROSS-STATE AND CROSS-PARTY ENDORSEMENT; NOTE MIDDLE INITIAL C HERE (WAS D IN 1978/1980) — THIS MAY BE CARL C. PERKINS (SON), AS CARL D. PERKINS DIED AUGUST 1984",0.93
OH,Cincinnati Enquirer,134700,1984,H,2,,IN,"SHARP, PHILIP R.",Democrat,1,1,,,INDIANA SECOND DISTRICT; CROSS-STATE AND CROSS-PARTY ENDORSEMENT,0.97
OH,Cincinnati Enquirer,134700,1984,H,9,,IN,"HAMILTON, LEE H.",Democrat,1,1,,,INDIANA NINTH DISTRICT; CROSS-STATE AND CROSS-PARTY ENDORSEMENT; CONTINUOUSLY ENDORSED,0.97
OH,Cincinnati Enquirer,134700,1984,STATE SENATOR,8,,OH,"ARONOFF, STANLEY J.",Republican,1,,1,,8TH DISTRICT; ARONOFF CONTINUOUSLY ENDORSED IN STATE SENATE,0.97
OH,Cincinnati Enquirer,134700,1984,STATE REP,20,,OH,"MEYER, DONALD J. JR.",Democrat,1,,,,CROSS-PARTY ENDORSEMENT; 20TH DISTRICT; NEW DEMOCRAT REPLACING POTTENGER (R),0.95
OH,Cincinnati Enquirer,134700,1984,STATE REP,21,,OH,"LUEBBERS, JEROME F.",Democrat,1,,,,CROSS-PARTY ENDORSEMENT; 21ST DISTRICT; NEW DEMOCRAT REPLACING CLEAR (R),0.95
OH,Cincinnati Enquirer,134700,1984,STATE REP,22,,OH,"BLESSING, LOUIS W. JR.",Republican,1,,1,,22ND DISTRICT; CONTINUOUSLY ENDORSED SINCE 1982,0.97
OH,Cincinnati Enquirer,134700,1984,STATE REP,23,,OH,"MALLORY, WILLIAM L.",Democrat,1,1,,,CROSS-PARTY ENDORSEMENT; 23RD DISTRICT; MALLORY ENDORSED EVERY CYCLE SINCE 1974,0.97
OH,Cincinnati Enquirer,134700,1984,STATE REP,24,,OH,"TRANTER, TERRY M.",Democrat,1,1,,,CROSS-PARTY ENDORSEMENT; 24TH DISTRICT; TRANTER ENDORSED EVERY CYCLE SINCE 1978,0.97
OH,Cincinnati Enquirer,134700,1984,STATE REP,26,,OH,"O'BRIEN, JOHN",Republican,1,,1,,26TH DISTRICT; CONTINUOUSLY ENDORSED,0.97
OH,Cincinnati Enquirer,134700,1984,STATE REP,27,,OH,"VAN VYVEN, DALE",Republican,1,,1,,27TH DISTRICT; CONTINUOUSLY ENDORSED,0.97
OH,Cincinnati Enquirer,134700,1984,SUPREME COURT,,,OH,"DOUGLAS, ANDREW",,1,,,,,0.97
OH,Cincinnati Enquirer,134700,1984,SUPREME COURT,,,OH,"WRIGHT, CRAIG",,1,,,,,0.97
OH,Cincinnati Enquirer,134700,1984,COURT OF APPEALS,1,,OH,"PALMER, GEORGE H.",,1,,,,PALMER CONTINUOUSLY ENDORSED SINCE 1978,0.97
OH,Cincinnati Enquirer,134700,1984,COURT OF COMMON PLEAS,,,OH,"MORRISEY, WILLIAM J. JR.",,1,,,,NOTE 'JR.' SUFFIX HERE; MORRISEY ENDORSED IN 1978 AND 1980 WITHOUT JR.,0.95
OH,Cincinnati Enquirer,134700,1984,COURT OF COMMON PLEAS,,,OH,"ALLEN, NADINE",,1,,,,,0.97
OH,Cincinnati Enquirer,134700,1984,COURT OF COMMON PLEAS,,,OH,"WINKLER, RALPH",,1,,,,WINKLER ENDORSED IN 1982 AS WELL,0.97
OH,Cincinnati Enquirer,134700,1984,COURT OF COMMON PLEAS,,,OH,"CARTOLANO, FRED J.",,1,,,,CARTOLANO ENDORSED IN 1978,0.97
OH,Cincinnati Enquirer,134700,1984,COURT OF COMMON PLEAS,,,OH,"KRAFT, ROBERT S.",,1,,,,KRAFT ENDORSED IN 1978,0.97
OH,Cincinnati Enquirer,134700,1984,COURT OF COMMON PLEAS,,,OH,"GORMAN, ROBERT H.",,1,,,,,0.97
OH,Cincinnati Enquirer,134700,1984,COURT OF COMMON PLEAS,,,OH,"NURRE, THOMAS C.",,1,,,,NURRE ENDORSED IN 1978,0.97
OH,Cincinnati Enquirer,134700,1984,COURT OF COMMON PLEAS,,,OH,"O'CONNOR, JOHN P.",,1,,,,O'CONNOR ENDORSED IN 1978,0.97
OH,Cincinnati Enquirer,134700,1984,COURT OF COMMON PLEAS,,,OH,"WOOD, ROBERT A.",,1,,,,WOOD WAS COUNTY COMMISSIONER IN 1980; NOW COMMON PLEAS JUDGE,0.97
OH,Cincinnati Enquirer,134700,1984,COURT OF COMMON PLEAS,,,OH,"RUEGER, MELVIN G.",,1,,,,,0.97
OH,Cincinnati Enquirer,134700,1984,CNTY COMM,,,OH,"DECOURCY, JOSEPH M.",Republican,1,,,,NOTE: LISTED AS (R) WITH MIDDLE INITIAL M — PREVIOUS YEARS HAD JOSEPH L. DECOURCY JR. AS DEMOCRAT COUNTY AUDITOR. THIS MAY BE A DIFFERENT DECOURCY (PERHAPS A RELATIVE) OR A PARTY SWITCH. FLAGGED FOR REVIEW.,0.88
OH,Cincinnati Enquirer,134700,1984,CNTY COMM,,,OH,"TAFT, ROBERT A. II",Republican,1,,1,,TAFT II INCUMBENT COUNTY COMMISSIONER; CONTINUOUSLY ENDORSED,0.97
OH,Cincinnati Enquirer,134700,1984,CLERK OF COURTS,,,OH,"JENNINGS, ROBERT D.",Republican,1,,1,,JENNINGS CONTINUOUSLY ENDORSED SINCE 1968,0.97
OH,Cincinnati Enquirer,134700,1984,SHERIFF,,,OH,"SANDMAN, HENRY J.",Democrat,1,,,,CROSS-PARTY ENDORSEMENT,0.97
OH,Cincinnati Enquirer,134700,1984,RECORDER,,,OH,"KEEFE, KEVIN LAUSCHE",Democrat,1,,,,CROSS-PARTY ENDORSEMENT; UNUSUAL MIDDLE NAME 'LAUSCHE' (PERHAPS RELATED TO GOVERNOR LAUSCHE),0.95
OH,Cincinnati Enquirer,134700,1984,CNTY TREASURER,,,OH,"WILKE, WAYNE F.",Republican,1,,1,,WILKE INCUMBENT COUNTY TREASURER; ENDORSED IN 1980,0.97
OH,Cincinnati Enquirer,134700,1984,COUNTY ENGINEER,,,OH,"SCHRAMM, DONALD C.",Republican,1,,1,,SCHRAMM CONTINUOUSLY ENDORSED SINCE 1976,0.97
OH,Cincinnati Enquirer,134700,1984,CORONER,,,OH,"CLEVELAND, FRANK P.",Republican,1,,1,,CLEVELAND CONTINUOUSLY ENDORSED SINCE 1968,0.97
OH,Cincinnati Enquirer,134700,1986,GOVERNOR,,,OH,"RHODES, JAMES A.",Republican,1,,,,RHODES/TAFT II JOINT TICKET; RHODES SEEKING ANOTHER TERM,0.97
OH,Cincinnati Enquirer,134700,1986,LT GOVERNOR,,,OH,"TAFT, ROBERT A. II",Republican,1,,,,TAFT II MOVES FROM COUNTY COMMISSIONER TO LT GOVERNOR CANDIDATE ON RHODES TICKET,0.97
OH,Cincinnati Enquirer,134700,1986,ATTORNEY GENERAL,,,OH,"LEVEY, BARRY",Republican,1,,,,,0.95
OH,Cincinnati Enquirer,134700,1986,AUDITOR,,,OH,"ROSE, BEN",Republican,1,,,,STATE AUDITOR,0.97
OH,Cincinnati Enquirer,134700,1986,SEC OF STATE,,,OH,"CAMPANELLA, VINCENT C.",Republican,1,,1,,CAMPANELLA INCUMBENT; ENDORSED IN 1982,0.97
OH,Cincinnati Enquirer,134700,1986,TREASURER,,,OH,"WITHROW, MARY ELLEN",Democrat,1,1,,,CROSS-PARTY ENDORSEMENT; DEMOCRAT STATE TREASURER,0.97
OH,Cincinnati Enquirer,134700,1986,SENATOR,,,OH,"GLENN, JOHN H. JR.",Democrat,1,1,,,"CROSS-PARTY ENDORSEMENT; GLENN ENDORSED FOR THIRD TIME (1974, 1980, 1986)",0.97
OH,Cincinnati Enquirer,134700,1986,SENATOR,,,IN,"QUAYLE, DAN",Republican,1,,1,,INDIANA US SENATE; CROSS-STATE ENDORSEMENT; QUAYLE INCUMBENT,0.97
OH,Cincinnati Enquirer,134700,1986,SENATOR,,,KY,"FORD, WENDELL",Democrat,1,1,,,KENTUCKY US SENATE; CROSS-STATE AND CROSS-PARTY ENDORSEMENT; FORD ENDORSED IN 1980,0.97
OH,Cincinnati Enquirer,134700,1986,H,1,,OH,"LUKEN, THOMAS A.",Democrat,1,1,,,CROSS-PARTY ENDORSEMENT; LUKEN BACK AFTER NO ENDORSEMENT IN OH-1 IN 1984,0.97
OH,Cincinnati Enquirer,134700,1986,H,2,,OH,"GRADISON, WILLIS D. JR.",Republican,1,,1,,CONTINUOUSLY ENDORSED,0.97
OH,Cincinnati Enquirer,134700,1986,H,6,,OH,"MCEWEN, BOB",Republican,1,,1,,CONTINUOUSLY ENDORSED,0.97
OH,Cincinnati Enquirer,134700,1986,H,8,,OH,"LUKENS, DONALD E.",Republican,1,,,,LUKENS RETURNS TO OH-8; WAS STATE AUDITOR CANDIDATE IN 1978; REPLACES KINDNESS,0.97
OH,Cincinnati Enquirer,134700,1986,H,9,,IN,"HAMILTON, LEE H.",Democrat,1,1,,,CROSS-STATE AND CROSS-PARTY ENDORSEMENT; CONTINUOUSLY ENDORSED,0.97
OH,Cincinnati Enquirer,134700,1986,H,4,,KY,"BUNNING, JIM",Republican,1,,,,KENTUCKY FOURTH DISTRICT; CROSS-STATE ENDORSEMENT; NEW CANDIDATE REPLACING SNYDER; BUNNING IS FORMER MLB PITCHER,0.97
OH,Cincinnati Enquirer,134700,1986,H,6,,KY,"HOPKINS, LARRY J.",Republican,1,,1,,KENTUCKY SIXTH DISTRICT; CROSS-STATE ENDORSEMENT; CONTINUOUSLY ENDORSED,0.97
OH,Cincinnati Enquirer,134700,1986,STATE SENATOR,7,,OH,"FINAN, RICHARD H.",Republican,1,,1,,7TH DISTRICT; CONTINUOUSLY ENDORSED,0.97
OH,Cincinnati Enquirer,134700,1986,STATE SENATOR,9,,OH,"BOWEN, WILLIAM F.",Democrat,1,1,,,CROSS-PARTY ENDORSEMENT; 9TH DISTRICT; NOTE BOWEN LABELED (D) HERE — PREVIOUS EXTRACTIONS HAD HIM AS REPUBLICAN. EITHER PARTY SWITCH OR EARLIER PARTY ASSIGNMENTS WERE INCORRECT. BOWEN HAS BEEN ENDORSED SINCE 1968 (STATE REP 69TH). FLAGGED FOR REVIEW.,0.93
OH,Cincinnati Enquirer,134700,1986,STATE REP,20,,OH,"POTTENGER, THOMAS A.",Republican,1,,1,,20TH DISTRICT; POTTENGER RETURNS AFTER BEING REPLACED BY MEYER (D) IN 1984,0.97
OH,Cincinnati Enquirer,134700,1986,STATE REP,21,,OH,"LUEBBERS, JEROME F.",Democrat,1,1,,,CROSS-PARTY ENDORSEMENT; 21ST DISTRICT; LUEBBERS CONTINUOUSLY ENDORSED SINCE 1984,0.97
OH,Cincinnati Enquirer,134700,1986,STATE REP,22,,OH,"BLESSING, LOUIS W. JR.",Republican,1,,1,,22ND DISTRICT; CONTINUOUSLY ENDORSED SINCE 1982,0.97
OH,Cincinnati Enquirer,134700,1986,STATE REP,23,,OH,"MALLORY, WILLIAM L.",Democrat,1,1,,,CROSS-PARTY ENDORSEMENT; 23RD DISTRICT; MALLORY ENDORSED EVERY CYCLE SINCE 1974,0.97
OH,Cincinnati Enquirer,134700,1986,STATE REP,24,,OH,"TRANTER, TERRY M.",Democrat,1,1,,,CROSS-PARTY ENDORSEMENT; 24TH DISTRICT; TRANTER ENDORSED EVERY CYCLE SINCE 1978,0.97
OH,Cincinnati Enquirer,134700,1986,STATE REP,25,,OH,"RANKIN, HELEN",Democrat,1,1,,,CROSS-PARTY ENDORSEMENT; 25TH DISTRICT; RANKIN RETURNS AFTER NOT BEING ENDORSED IN 1984,0.97
OH,Cincinnati Enquirer,134700,1986,STATE REP,26,,OH,"O'BRIEN, JACQUELYN K.",Republican,1,,,,26TH DISTRICT; NEW CANDIDATE — DIFFERENT PERSON FROM JOHN O'BRIEN WHO HELD THIS SEAT PREVIOUSLY; POSSIBLY RELATED,0.97
OH,Cincinnati Enquirer,134700,1986,STATE REP,27,,OH,"VAN VYVEN, DALE N.",Republican,1,,1,,27TH DISTRICT; CONTINUOUSLY ENDORSED,0.97
OH,Cincinnati Enquirer,134700,1986,CNTY COMM,,,OH,"MURDOCK, NORMAN A.",Republican,1,,1,,MURDOCK INCUMBENT COUNTY COMMISSIONER; ENDORSED IN 1982,0.97
OH,Cincinnati Enquirer,134700,1986,CNTY AUDITOR,,,OH,"DECOURCY, JOSEPH L. JR.",Republican,1,,1,,DECOURCY NOW LISTED AS (R) — WAS (D) IN 1974-1982. MIDDLE INITIAL L AND JR. SUFFIX MATCH PRE-1984 RECORDS. APPEARS TO HAVE SWITCHED PARTIES. CONTINUOUSLY ENDORSED AS COUNTY AUDITOR SINCE 1970.,0.93
OH,Cincinnati Enquirer,134700,1986,SUPREME COURT,CHIEF JUSTICE,,OH,"MOYER, THOMAS J.",,1,,,,CHIEF JUSTICE OHIO SUPREME COURT,0.97
OH,Cincinnati Enquirer,134700,1986,SUPREME COURT,,,OH,"HOLMES, ROBERT E.",,1,,,,ASSOCIATE JUSTICE; HOLMES ENDORSED IN 1980,0.97
OH,Cincinnati Enquirer,134700,1986,SUPREME COURT,,,OH,"GEORGE, JOYCE J.",,1,,,,ASSOCIATE JUSTICE,0.97
OH,Cincinnati Enquirer,134700,1986,COURT OF APPEALS,1,,OH,"MCILWAIN, HARRY H.",,1,,,,1ST DISTRICT COURT OF APPEALS; NEW NAME REPLACING PALMER,0.95
OH,Cincinnati Enquirer,134700,1986,COURT OF COMMON PLEAS,,,OH,"MATHEWS, WILLIAM S.",,1,,,,MATHEWS ENDORSED IN 1980 AND 1982,0.97
OH,Cincinnati Enquirer,134700,1986,COURT OF COMMON PLEAS,,,OH,"PERRINO, NICK",,1,,,,,0.97
OH,Cincinnati Enquirer,134700,1986,COURT OF COMMON PLEAS,,,OH,"BETTMAN, GILBERT",,1,,,,BETTMAN ENDORSED CONTINUOUSLY SINCE 1978,0.97
OH,Cincinnati Enquirer,134700,1986,COURT OF COMMON PLEAS,,,OH,"CRUSH, THOMAS H.",,1,,,,CRUSH ENDORSED IN 1980,0.97
OH,Cincinnati Enquirer,134700,1986,COURT OF COMMON PLEAS,,,OH,"GROSSMANN, DAVID E.",,1,,,,GROSSMANN WAS JUVENILE DIVISION IN 1980; NOW COMMON PLEAS,0.97
OH,Cincinnati Enquirer,134700,1986,COURT OF COMMON PLEAS,,,OH,"PANIOTO, RONALD A.",,1,,,,PANIOTO ENDORSED IN 1982,0.97
OH,Cincinnati Enquirer,134700,1986,COURT OF COMMON PLEAS,,,OH,"BECKWITH, SANDRA S.",,1,,,,,0.97
OH,Cincinnati Enquirer,134700,1986,STATE BOARD OF ED,1,,OH,"PRICE, EDWIN C. JR.",,1,,1,,PRICE ENDORSED IN 1982,0.97
OH,Cincinnati Enquirer,134700,1986,STATE BOARD OF ED,2,,OH,"LINDNER, MARY R.",,1,,1,,LINDNER ENDORSED CONTINUOUSLY SINCE 1980,0.97
OH,Cincinnati Enquirer,134700,1988,PRESIDENT,,,OH,"BUSH, GEORGE",Republican,1,,,,BUSH/QUAYLE TICKET,0.97
OH,Cincinnati Enquirer,134700,1988,VICE PRESIDENT,,,OH,"QUAYLE, DAN",Republican,1,,,,BUSH/QUAYLE TICKET; QUAYLE WAS INDIANA SENATOR,0.97
OH,Cincinnati Enquirer,134700,1988,SENATOR,,,OH,"VOINOVICH, GEORGE",Republican,1,,,,OHIO US SENATE; VOINOVICH WAS LT GOVERNOR CANDIDATE IN 1978,0.97
OH,Cincinnati Enquirer,134700,1988,SENATOR,,,IN,"LUGAR, RICHARD G.",Republican,1,,1,,INDIANA US SENATE; CROSS-STATE ENDORSEMENT; LUGAR INCUMBENT; ENDORSED IN 1982,0.97
OH,Cincinnati Enquirer,134700,1988,H,1,,OH,"LUKEN, THOMAS A.",Democrat,1,1,,,CROSS-PARTY ENDORSEMENT; CONTINUOUSLY ENDORSED (EXCEPT 1984),0.97
OH,Cincinnati Enquirer,134700,1988,H,2,,OH,"GRADISON, WILLIS D. JR.",Republican,1,,1,,CONTINUOUSLY ENDORSED,0.97
OH,Cincinnati Enquirer,134700,1988,H,6,,OH,"MCEWEN, BOB",Republican,1,,1,,CONTINUOUSLY ENDORSED,0.97
OH,Cincinnati Enquirer,134700,1988,H,8,,OH,"LUKENS, DONALD E.",Republican,1,,1,,"LISTED AS 'DONALD E. ""BUZ"" LUKENS'; INCUMBENT",0.97
OH,Cincinnati Enquirer,134700,1988,H,4,,KY,"BUNNING, JIM",Republican,1,,1,,KENTUCKY FOURTH DISTRICT; CROSS-STATE ENDORSEMENT; BUNNING INCUMBENT,0.97
OH,Cincinnati Enquirer,134700,1988,H,6,,KY,"HOPKINS, LARRY J.",Republican,1,,1,,KENTUCKY SIXTH DISTRICT; CROSS-STATE ENDORSEMENT; CONTINUOUSLY ENDORSED,0.97
OH,Cincinnati Enquirer,134700,1988,H,9,,IN,"HAMILTON, LEE H.",Democrat,1,1,,,CROSS-STATE AND CROSS-PARTY ENDORSEMENT; CONTINUOUSLY ENDORSED,0.97
OH,Cincinnati Enquirer,134700,1988,STATE SENATOR,8,,OH,"ARONOFF, STANLEY J.",Republican,1,,1,,8TH SENATORIAL DISTRICT; CONTINUOUSLY ENDORSED,0.97
OH,Cincinnati Enquirer,134700,1988,STATE SENATOR,4,,OH,"LEVEY, BARRY",Republican,1,,,,"4TH SENATORIAL DISTRICT; LEVEY WAS AG CANDIDATE IN 1986, NOW STATE SENATE",0.97
OH,Cincinnati Enquirer,134700,1988,STATE SENATOR,14,,OH,"SNYDER, COOPER",Republican,1,,,,14TH SENATORIAL DISTRICT,0.97
OH,Cincinnati Enquirer,134700,1988,STATE REP,20,,OH,"POTTENGER, THOMAS A.",Republican,1,,1,,20TH DISTRICT; CONTINUOUSLY ENDORSED,0.97
OH,Cincinnati Enquirer,134700,1988,STATE REP,21,,OH,"LUEBBERS, JEROME F.",Democrat,1,1,,,CROSS-PARTY ENDORSEMENT; CONTINUOUSLY ENDORSED SINCE 1984,0.97
OH,Cincinnati Enquirer,134700,1988,STATE REP,22,,OH,"BLESSING, LOUIS W. JR.",Republican,1,,1,,22ND DISTRICT; CONTINUOUSLY ENDORSED SINCE 1982,0.97
OH,Cincinnati Enquirer,134700,1988,STATE REP,23,,OH,"MALLORY, WILLIAM L.",Democrat,1,1,,,CROSS-PARTY ENDORSEMENT; MALLORY ENDORSED EVERY CYCLE SINCE 1974,0.97
OH,Cincinnati Enquirer,134700,1988,STATE REP,24,,OH,"TRANTER, TERRY M.",Democrat,1,1,,,CROSS-PARTY ENDORSEMENT; CONTINUOUSLY ENDORSED SINCE 1978,0.97
OH,Cincinnati Enquirer,134700,1988,STATE REP,25,,OH,"RANKIN, HELEN",Democrat,1,1,,,CROSS-PARTY ENDORSEMENT; CONTINUOUSLY ENDORSED (EXCEPT 1984),0.97
OH,Cincinnati Enquirer,134700,1988,STATE REP,26,,OH,"O'BRIEN, JACQUELYN L.",Republican,1,,1,,26TH DISTRICT; NOTE MIDDLE INITIAL L HERE (WAS K IN 1986),0.95
OH,Cincinnati Enquirer,134700,1988,STATE REP,27,,OH,"VAN VYVEN, DALE N.",Republican,1,,1,,27TH DISTRICT; CONTINUOUSLY ENDORSED,0.97
OH,Cincinnati Enquirer,134700,1988,SUPREME COURT,,,OH,"MATIA, PAUL R.",,1,,,,,0.97
OH,Cincinnati Enquirer,134700,1988,SUPREME COURT,,,OH,"RESNICK, ALICE ROBIE",,1,,,,,0.97
OH,Cincinnati Enquirer,134700,1988,COURT OF APPEALS,1,,OH,"SHANNON, RAYMOND E.",,1,,,,SHANNON ENDORSED IN 1982,0.97
OH,Cincinnati Enquirer,134700,1988,COURT OF APPEALS,1,,OH,"DOAN, RUPERT A.",,1,,,,DOAN ENDORSED IN 1982,0.97
OH,Cincinnati Enquirer,134700,1988,COURT OF APPEALS,1,,OH,"KLUSMEIER, HARRY T.",,1,,,,KLUSMEIER ENDORSED CONTINUOUSLY SINCE 1978 (COMMON PLEAS THEN COURT OF APPEALS),0.97
OH,Cincinnati Enquirer,134700,1988,COURT OF APPEALS,1,,OH,"GORMAN, ROBERT H.",,1,,,,GORMAN WAS COMMON PLEAS IN 1984,0.97
OH,Cincinnati Enquirer,134700,1988,COURT OF COMMON PLEAS,,,OH,"SUNDERMANN, J. HOWARD JR.",,1,,,,,0.95
OH,Cincinnati Enquirer,134700,1988,COURT OF COMMON PLEAS,,,OH,"NIEHAUS, RICHARD A.",,1,,,,,0.97
OH,Cincinnati Enquirer,134700,1988,COURT OF COMMON PLEAS,,,OH,"SHERMAN, JACK JR.",,1,,,,,0.97
OH,Cincinnati Enquirer,134700,1988,CNTY COMM,,,OH,"DECOURCY, JOSEPH M.",Republican,1,,,,JOSEPH M. DECOURCY (R) FOR COUNTY COMMISSIONER — CONFIRMS THIS IS A DIFFERENT PERSON FROM JOSEPH L. DECOURCY JR. (COUNTY AUDITOR). MIDDLE INITIAL M CONSISTENT WITH 1984.,0.97
OH,Cincinnati Enquirer,134700,1988,CNTY COMM,,,OH,"TAFT, ROBERT A. II",Republican,1,,1,,TAFT II INCUMBENT COUNTY COMMISSIONER; CONTINUOUSLY ENDORSED,0.97
OH,Cincinnati Enquirer,134700,1988,CLERK OF COURTS,,,OH,"DETERS, JOSEPH T.",Republican,1,,,,DETERS REPLACES JENNINGS AS CLERK OF COURTS,0.97
OH,Cincinnati Enquirer,134700,1988,DA/PROSECUTOR,,,OH,"NEY, ARTHUR M. JR.",Republican,1,,,,COUNTY PROSECUTOR,0.97
OH,Cincinnati Enquirer,134700,1988,SHERIFF,,,OH,"LEIS, SIMON L. JR.",Republican,1,,,,"LEIS NOW SHERIFF (WAS PROSECUTOR 1980, COMMON PLEAS 1982)",0.97
OH,Cincinnati Enquirer,134700,1988,CNTY TREASURER,,,OH,"WILKE, WAYNE F.",Republican,1,,1,,WILKE INCUMBENT; CONTINUOUSLY ENDORSED AS TREASURER SINCE 1980,0.97
OH,Cincinnati Enquirer,134700,1988,RECORDER,,,OH,"KEEFE, KEVIN L.",Democrat,1,1,,,CROSS-PARTY ENDORSEMENT; KEEFE ENDORSED IN 1984; NOTE MIDDLE INITIAL L HERE (WAS 'LAUSCHE' IN 1984),0.97
OH,Cincinnati Enquirer,134700,1988,COUNTY ENGINEER,,,OH,"SCHRAMM, DONALD C.",Republican,1,,1,,SCHRAMM CONTINUOUSLY ENDORSED SINCE 1976,0.97
OH,Cincinnati Enquirer,134700,1988,CORONER,,,OH,"CLEVELAND, FRANK P.",Republican,1,,1,,CLEVELAND CONTINUOUSLY ENDORSED SINCE 1968,0.97
OH,Cincinnati Enquirer,134700,1990,GOVERNOR,,,OH,"VOINOVICH, GEORGE",Republican,1,,,,"VOINOVICH/DEWINE JOINT TICKET; VOINOVICH LOST 1988 SENATE RACE, NOW RUNNING FOR GOVERNOR",0.97
OH,Cincinnati Enquirer,134700,1990,LT GOVERNOR,,,OH,"DEWINE, MICHAEL",Republican,1,,,,RUNNING ON TICKET WITH VOINOVICH,0.97
OH,Cincinnati Enquirer,134700,1990,ATTORNEY GENERAL,,,OH,"PFEIFER, PAUL M.",Republican,1,,,,PFEIFER WAS SENATE CANDIDATE IN 1982; NOTE MIDDLE INITIAL M HERE (WAS E IN 1982),0.97
OH,Cincinnati Enquirer,134700,1990,AUDITOR,,,OH,"PETRO, JAMES M.",Republican,1,,,,STATE AUDITOR,0.97
OH,Cincinnati Enquirer,134700,1990,SEC OF STATE,,,OH,"TAFT, ROBERT A. II",Republican,1,,,,TAFT II MOVES FROM COUNTY COMMISSIONER TO SECRETARY OF STATE; CONTINUING UPWARD POLITICAL CAREER,0.97
OH,Cincinnati Enquirer,134700,1990,TREASURER,,,OH,"WITHROW, MARY ELLEN",Democrat,1,1,,,CROSS-PARTY ENDORSEMENT; WITHROW ENDORSED IN 1986,0.97
OH,Cincinnati Enquirer,134700,1990,SENATOR,,,KY,"MCCONNELL, MITCH",Republican,1,,1,,KENTUCKY US SENATE; CROSS-STATE ENDORSEMENT,0.97
OH,Cincinnati Enquirer,134700,1990,SENATOR,,,IN,"COATS, DAN",Republican,1,,1,,INDIANA US SENATE; CROSS-STATE ENDORSEMENT; COATS APPOINTED TO REPLACE QUAYLE,0.97
OH,Cincinnati Enquirer,134700,1990,H,1,,OH,"BLACKWELL, J. KENNETH",Republican,1,,,,NEW CANDIDATE REPLACING LUKEN IN OH-1; END OF LUKEN CROSS-PARTY ERA,0.97
OH,Cincinnati Enquirer,134700,1990,H,2,,OH,"GRADISON, WILLIS D. JR.",Republican,1,,1,,CONTINUOUSLY ENDORSED,0.97
OH,Cincinnati Enquirer,134700,1990,H,6,,OH,"MCEWEN, BOB",Republican,1,,1,,CONTINUOUSLY ENDORSED,0.97
OH,Cincinnati Enquirer,134700,1990,H,8,,OH,"BOEHNER, JOHN A.",Republican,1,,,,NEW CANDIDATE REPLACING LUKENS IN OH-8; BOEHNER WOULD BECOME FUTURE SPEAKER OF THE HOUSE,0.97
OH,Cincinnati Enquirer,134700,1990,H,9,,IN,"HAMILTON, LEE H.",Democrat,1,1,,,CROSS-STATE AND CROSS-PARTY ENDORSEMENT; CONTINUOUSLY ENDORSED,0.97
OH,Cincinnati Enquirer,134700,1990,H,4,,KY,"BUNNING, JIM",Republican,1,,1,,KENTUCKY FOURTH DISTRICT; CROSS-STATE ENDORSEMENT; CONTINUOUSLY ENDORSED,0.97
OH,Cincinnati Enquirer,134700,1990,H,6,,KY,"HOPKINS, LARRY J.",Republican,1,,1,,KENTUCKY SIXTH DISTRICT; CROSS-STATE ENDORSEMENT; CONTINUOUSLY ENDORSED,0.97
OH,Cincinnati Enquirer,134700,1990,STATE SENATOR,7,,OH,"FINAN, RICHARD H.",Republican,1,,1,,7TH DISTRICT; CONTINUOUSLY ENDORSED,0.97
OH,Cincinnati Enquirer,134700,1990,STATE SENATOR,9,,OH,"BOWEN, WILLIAM F.",Democrat,1,1,,,CROSS-PARTY ENDORSEMENT; 9TH DISTRICT; BOWEN AGAIN LABELED (D) — CONFIRMS 1986 PARTY LABEL,0.97
OH,Cincinnati Enquirer,134700,1990,STATE REP,20,,OH,"WINKLER, CHERYL",Republican,1,,,,20TH DISTRICT; NEW CANDIDATE REPLACING POTTENGER; POSSIBLY RELATED TO RALPH WINKLER (COMMON PLEAS),0.97
OH,Cincinnati Enquirer,134700,1990,STATE REP,21,,OH,"LUEBBERS, JEROME F.",Democrat,1,1,,,CROSS-PARTY ENDORSEMENT; CONTINUOUSLY ENDORSED SINCE 1984,0.97
OH,Cincinnati Enquirer,134700,1990,STATE REP,22,,OH,"BLESSING, LOUIS W. JR.",Republican,1,,1,,22ND DISTRICT; CONTINUOUSLY ENDORSED SINCE 1982,0.97
OH,Cincinnati Enquirer,134700,1990,STATE REP,23,,OH,"MALLORY, WILLIAM L.",Democrat,1,1,,,CROSS-PARTY ENDORSEMENT; MALLORY ENDORSED EVERY CYCLE SINCE 1974,0.97
OH,Cincinnati Enquirer,134700,1990,STATE REP,24,,OH,"TRANTER, TERRY M.",Democrat,1,1,,,CROSS-PARTY ENDORSEMENT; CONTINUOUSLY ENDORSED SINCE 1978,0.97
OH,Cincinnati Enquirer,134700,1990,STATE REP,25,,OH,"RANKIN, HELEN",Democrat,1,1,,,CROSS-PARTY ENDORSEMENT; CONTINUOUSLY ENDORSED (EXCEPT 1984),0.97
OH,Cincinnati Enquirer,134700,1990,STATE REP,26,,OH,"O'BRIEN, JACQUELYN K.",Republican,1,,1,,26TH DISTRICT; MIDDLE INITIAL K AGAIN (MATCHES 1986),0.97
OH,Cincinnati Enquirer,134700,1990,STATE REP,27,,OH,"VAN VYVEN, DALE N.",Republican,1,,1,,27TH DISTRICT; CONTINUOUSLY ENDORSED,0.97
OH,Cincinnati Enquirer,134700,1990,CNTY COMM,,,OH,"BECKWITH, SANDRA S.",Republican,1,,,,BECKWITH MOVES FROM COMMON PLEAS JUDGE (1986) TO COUNTY COMMISSIONER,0.97
OH,Cincinnati Enquirer,134700,1990,CNTY COMM,,,OH,"CHABOT, STEVE",Republican,1,,,,NEW CANDIDATE; CHABOT WOULD LATER BECOME US CONGRESSMAN,0.97
OH,Cincinnati Enquirer,134700,1990,CNTY AUDITOR,,,OH,"MALONEY, MICHAEL J.",Republican,1,,,,NEW COUNTY AUDITOR REPLACING DECOURCY,0.97
OH,Cincinnati Enquirer,134700,1990,SUPREME COURT,,,OH,"WRIGHT, CRAIG",,1,,,,WRIGHT ENDORSED IN 1984,0.97
OH,Cincinnati Enquirer,134700,1990,SUPREME COURT,,,OH,"DOUGLAS, ANDY",,1,,,,DOUGLAS ENDORSED IN 1984 AS 'ANDREW',0.97
OH,Cincinnati Enquirer,134700,1990,COURT OF APPEALS,1,,OH,"HILDEBRANDT, LEE H. JR.",,1,,,,1ST DISTRICT COURT OF APPEALS; NEW NAME,0.95
OH,Cincinnati Enquirer,134700,1990,COURT OF COMMON PLEAS,,,OH,"MORRISEY, WILLIAM J. JR.",,1,,,,MORRISEY CONTINUOUSLY ENDORSED,0.97
OH,Cincinnati Enquirer,134700,1990,COURT OF COMMON PLEAS,,,OH,"NADEL, NORBERT A.",,1,,,,NADEL ENDORSED CONTINUOUSLY IN COMMON PLEAS SINCE 1982,0.97
OH,Cincinnati Enquirer,134700,1990,COURT OF COMMON PLEAS,,,OH,"WINKLER, RALPH",,1,,,,WINKLER CONTINUOUSLY ENDORSED IN COMMON PLEAS,0.97
OH,Cincinnati Enquirer,134700,1990,COURT OF COMMON PLEAS,,,OH,"CARTOLANO, FRED J.",,1,,,,CARTOLANO CONTINUOUSLY ENDORSED SINCE 1978,0.97
OH,Cincinnati Enquirer,134700,1990,COURT OF COMMON PLEAS,,,OH,"KRAFT, ROBERT S.",,1,,,,KRAFT CONTINUOUSLY ENDORSED SINCE 1978,0.97
OH,Cincinnati Enquirer,134700,1990,COURT OF COMMON PLEAS,,,OH,"TRACEY, ANN MARIE",,1,,,,,0.97
OH,Cincinnati Enquirer,134700,1990,COURT OF COMMON PLEAS,,,OH,"NURRE, THOMAS C.",,1,,,,NURRE CONTINUOUSLY ENDORSED,0.97
OH,Cincinnati Enquirer,134700,1990,COURT OF COMMON PLEAS,,,OH,"O'CONNOR, JOHN P.",,1,,,,O'CONNOR CONTINUOUSLY ENDORSED SINCE 1978,0.97
OH,Cincinnati Enquirer,134700,1990,COURT OF COMMON PLEAS,,,OH,"WILKE, WAYNE F.",,1,,,,WILKE MOVES FROM COUNTY TREASURER TO COMMON PLEAS JUDGE,0.97
OH,Cincinnati Enquirer,134700,1990,COURT OF COMMON PLEAS,,,OH,"DINKELACKER, PATRICK T.",,1,,,,,0.97
OH,Cincinnati Enquirer,134700,1990,COURT OF COMMON PLEAS,,,OH,"GAINES, DEBORAH K.",,1,,,,,0.97
OH,Cincinnati Enquirer,134700,1992,PRESIDENT,,,OH,"BUSH, GEORGE",Republican,1,,1,,BUSH/QUAYLE RE-ELECTION,0.97
OH,Cincinnati Enquirer,134700,1992,VICE PRESIDENT,,,OH,"QUAYLE, DAN",Republican,1,,1,,BUSH/QUAYLE RE-ELECTION,0.97
OH,Cincinnati Enquirer,134700,1992,SENATOR,,,OH,"GLENN, JOHN",Democrat,1,1,,,"CROSS-PARTY ENDORSEMENT; GLENN ENDORSED FOR FOURTH TIME (1974, 1980, 1986, 1992)",0.97
OH,Cincinnati Enquirer,134700,1992,SENATOR,,,KY,"FORD, WENDELL",Democrat,1,1,,,"KENTUCKY US SENATE; CROSS-STATE AND CROSS-PARTY ENDORSEMENT; FORD ENDORSED IN 1980, 1986, 1992",0.97
OH,Cincinnati Enquirer,134700,1992,H,1,,OH,"MANN, DAVID",Democrat,1,,,,CROSS-PARTY ENDORSEMENT; NEW CANDIDATE IN OH-1 REPLACING BLACKWELL,0.97
OH,Cincinnati Enquirer,134700,1992,H,2,,OH,"GRADISON, WILLIS D. JR.",Republican,1,,1,,CONTINUOUSLY ENDORSED SINCE 1976,0.97
OH,Cincinnati Enquirer,134700,1992,H,4,,KY,"BUNNING, JIM",Republican,1,,1,,KENTUCKY FOURTH DISTRICT; CROSS-STATE ENDORSEMENT; CONTINUOUSLY ENDORSED,0.97
OH,Cincinnati Enquirer,134700,1992,STATE SENATOR,8,,OH,"ARONOFF, STANLEY J.",Republican,1,,1,,8TH DISTRICT; CONTINUOUSLY ENDORSED,0.97
OH,Cincinnati Enquirer,134700,1992,STATE REP,30,,OH,"RANKIN, HELEN",Democrat,1,1,,,CROSS-PARTY ENDORSEMENT; REDISTRICTED FROM 25TH TO 30TH; RANKIN ENDORSED SINCE 1978,0.97
OH,Cincinnati Enquirer,134700,1992,STATE REP,31,,OH,"MALLORY, WILLIAM L.",Democrat,1,1,,,CROSS-PARTY ENDORSEMENT; REDISTRICTED FROM 23RD TO 31ST; MALLORY ENDORSED EVERY CYCLE SINCE 1974,0.97
OH,Cincinnati Enquirer,134700,1992,STATE REP,32,,OH,"VAN VYVEN, DALE N.",Republican,1,,1,,REDISTRICTED FROM 27TH TO 32ND; VAN VYVEN CONTINUOUSLY ENDORSED SINCE 1978,0.97
OH,Cincinnati Enquirer,134700,1992,STATE REP,33,,OH,"LUEBBERS, JEROME F.",Democrat,1,1,,,CROSS-PARTY ENDORSEMENT; REDISTRICTED FROM 21ST TO 33RD; CONTINUOUSLY ENDORSED SINCE 1984,0.97
OH,Cincinnati Enquirer,134700,1992,STATE REP,34,,OH,"WINKLER, CHERYL J.",Republican,1,,1,,REDISTRICTED FROM 20TH TO 34TH; WINKLER ENDORSED SINCE 1990; NOTE MIDDLE INITIAL J VISIBLE HERE,0.97
OH,Cincinnati Enquirer,134700,1992,STATE REP,36,,OH,"SCHULER, ROBERT L.",Republican,1,,,,36TH DISTRICT; NEW CANDIDATE,0.97
OH,Cincinnati Enquirer,134700,1992,CNTY COMM,,,OH,"DOWLIN, JOHN S.",Republican,1,,,,,0.97
OH,Cincinnati Enquirer,134700,1992,CNTY COMM,,,OH,"GUCKENBERGER, GUY C.",Republican,1,,,,,0.97
OH,Cincinnati Enquirer,134700,1992,CNTY COMM,,,OH,"SYKES, JOE",Independent,1,,,,INDEPENDENT CANDIDATE ENDORSED FOR COUNTY COMMISSION — UNUSUAL,0.95
OH,Cincinnati Enquirer,134700,1992,CLERK OF COURTS,,,OH,"CISSELL, JAMES C.",Republican,1,,,,CISSELL REPLACES DETERS AS CLERK OF COURTS,0.97
OH,Cincinnati Enquirer,134700,1992,DA/PROSECUTOR,,,OH,"DETERS, JOSEPH T.",Republican,1,,,,DETERS MOVES FROM CLERK OF COURTS TO PROSECUTOR,0.97
OH,Cincinnati Enquirer,134700,1992,SHERIFF,,,OH,"LEIS, SIMON L. JR.",Republican,1,,1,,LEIS INCUMBENT SHERIFF; ENDORSED IN 1988,0.97
OH,Cincinnati Enquirer,134700,1992,RECORDER,,,OH,"BOLTON, EVE",Democrat,1,,,,CROSS-PARTY ENDORSEMENT; NEW RECORDER CANDIDATE REPLACING KEEFE,0.97
OH,Cincinnati Enquirer,134700,1992,CNTY TREASURER,,,OH,"GOERING, ROBERT A.",Republican,1,,,,NEW TREASURER REPLACING WILKE (WHO MOVED TO COMMON PLEAS),0.97
OH,Cincinnati Enquirer,134700,1992,COUNTY ENGINEER,,,OH,"BRAYSHAW, WILLIAM W.",Republican,1,,,,NEW ENGINEER REPLACING SCHRAMM (WHO SERVED SINCE 1976),0.97
OH,Cincinnati Enquirer,134700,1992,CORONER,,,OH,"CHEEK, RONALD C.",Democrat,1,,,,CROSS-PARTY ENDORSEMENT; REPLACES FRANK P. CLEVELAND (R) WHO SERVED SINCE 1968,0.97
OH,Cincinnati Enquirer,134700,1992,SUPREME COURT,CHIEF JUSTICE,,OH,"GORMAN, ROBERT H.",,1,,,,CHIEF JUSTICE; GORMAN WAS COMMON PLEAS (1984) AND COURT OF APPEALS (1988),0.97
OH,Cincinnati Enquirer,134700,1992,SUPREME COURT,,,OH,"PAINTER, MARK F.",,1,,,,,0.97
OH,Cincinnati Enquirer,134700,1992,SUPREME COURT,,,OH,"PFEIFER, PAUL E.",,1,,,,PFEIFER WAS SENATE CANDIDATE (1982) AND AG CANDIDATE (1990); NOTE MIDDLE INITIAL E MATCHES 1982,0.97
OH,Cincinnati Enquirer,134700,1992,COURT OF APPEALS,1,,OH,"BETTMAN, MARIANNA B.",,1,,,,1ST DISTRICT COURT OF APPEALS; POSSIBLY RELATED TO GILBERT BETTMAN (COMMON PLEAS),0.97
OH,Cincinnati Enquirer,134700,1992,COURT OF COMMON PLEAS,,,OH,"NAMEI, F.T.",,1,,,,ONLY ONE COMMON PLEAS JUDGE ENDORSED THIS YEAR; NAME APPEARS AS INITIALS ONLY,0.93
OH,Cincinnati Enquirer,134700,1992,STATE BOARD OF ED,,,OH,"PRICE, EDWIN TED",,1,,,,LISTED AS 'EDWIN TED PRICE' — SAME PERSON AS EDWIN C. PRICE JR. FROM EARLIER YEARS,0.95
OH,Cincinnati Enquirer,134700,1994,SENATOR,,,OH,"DEWINE, MIKE",Republican,1,,,,DEWINE WAS LT GOVERNOR; NOW RUNNING FOR US SENATE,0.97
OH,Cincinnati Enquirer,134700,1994,GOVERNOR,,,OH,"VOINOVICH, GEORGE",Republican,1,,1,,VOINOVICH/HOLLISTER TICKET; RE-ELECTION,0.97
OH,Cincinnati Enquirer,134700,1994,LT GOVERNOR,,,OH,"HOLLISTER, NANCY",Republican,1,,,,RUNNING ON TICKET WITH VOINOVICH; REPLACES DEWINE WHO IS RUNNING FOR SENATE,0.97
OH,Cincinnati Enquirer,134700,1994,ATTORNEY GENERAL,,,OH,"FISHER, LEE",Democrat,1,1,,,CROSS-PARTY ENDORSEMENT; DEMOCRAT AG INCUMBENT,0.97
OH,Cincinnati Enquirer,134700,1994,AUDITOR,,,OH,"SWEENEY, RANDALL",Democrat,1,,,,CROSS-PARTY ENDORSEMENT; STATE AUDITOR,0.95
OH,Cincinnati Enquirer,134700,1994,SEC OF STATE,,,OH,"TAFT, BOB",Republican,1,,1,,TAFT INCUMBENT SEC OF STATE; LISTED AS 'BOB TAFT' (INFORMAL),0.97
OH,Cincinnati Enquirer,134700,1994,TREASURER,,,OH,"BLACKWELL, J. KENNETH",Republican,1,,,,BLACKWELL WAS OH-1 CONGRESSIONAL CANDIDATE IN 1990; NOW RUNNING FOR TREASURER,0.97
OH,Cincinnati Enquirer,134700,1994,SUPREME COURT,,,OH,"RESNICK, ALICE ROBIE",Democrat,1,,,,RESNICK ENDORSED IN 1988; NOTE (D) PARTY LABEL THIS TIME,0.97
OH,Cincinnati Enquirer,134700,1994,SUPREME COURT,,,OH,"COOK, DEBORAH",Republican,1,,,,,0.97
OH,Cincinnati Enquirer,134700,1994,STATE BOARD OF ED,4,,OH,"MINEYER, ERIC",Republican,1,,,,STATE BOARD OF EDUCATION DISTRICT 4,0.93
OH,Cincinnati Enquirer,134700,1994,H,1,,OH,"MANN, DAVID",Democrat,1,1,,,CROSS-PARTY ENDORSEMENT; MANN ENDORSED IN 1992,0.97
OH,Cincinnati Enquirer,134700,1994,H,2,,OH,"PORTMAN, ROB",Republican,1,,,,NEW CANDIDATE REPLACING GRADISON IN OH-2; PORTMAN WOULD BECOME FUTURE US SENATOR AND TRADE REP,0.97
OH,Cincinnati Enquirer,134700,1994,H,6,,OH,"CREMEANS, FRANK",Republican,1,,,,SIXTH DISTRICT; NEW CANDIDATE REPLACING MCEWEN,0.97
OH,Cincinnati Enquirer,134700,1994,H,4,,KY,"BUNNING, JIM",Republican,1,,1,,KENTUCKY FOURTH DISTRICT; CROSS-STATE ENDORSEMENT; CONTINUOUSLY ENDORSED SINCE 1986,0.97
OH,Cincinnati Enquirer,134700,1994,H,9,,IN,"HAMILTON, LEE",Democrat,1,1,,,CROSS-STATE AND CROSS-PARTY ENDORSEMENT; CONTINUOUSLY ENDORSED SINCE 1978,0.97
OH,Cincinnati Enquirer,134700,1994,STATE SENATOR,7,,OH,"FINAN, RICHARD",Republican,1,,1,,7TH DISTRICT; FINAN CONTINUOUSLY ENDORSED SINCE 1974,0.97
OH,Cincinnati Enquirer,134700,1994,STATE SENATOR,9,,OH,"HOWARD, JANET",Republican,1,,,,9TH DISTRICT; NEW CANDIDATE REPLACING BOWEN,0.95
OH,Cincinnati Enquirer,134700,1994,STATE REP,30,,OH,"AFUQLAH, WILLIAM M.",Republican,1,,,,30TH DISTRICT; NEW REPUBLICAN REPLACING RANKIN (D); NAME DIFFICULT TO READ — FLAGGED FOR VERIFICATION,0.65
OH,Cincinnati Enquirer,134700,1994,STATE REP,31,,OH,"BERNS, JIM",Democrat,1,,,,CROSS-PARTY ENDORSEMENT; 31ST DISTRICT; REPLACES MALLORY — END OF MALLORY'S 20-YEAR ENDORSEMENT STREAK (1974-1992),0.93
OH,Cincinnati Enquirer,134700,1994,STATE REP,32,,OH,"COATES, WAYNE",Democrat,1,,,,CROSS-PARTY ENDORSEMENT; 32ND DISTRICT; REPLACES VAN VYVEN,0.93
OH,Cincinnati Enquirer,134700,1994,STATE REP,33,,OH,"LUEBBERS, JERRY",Democrat,1,1,,,CROSS-PARTY ENDORSEMENT; LUEBBERS CONTINUOUSLY ENDORSED SINCE 1984; LISTED AS 'JERRY' (INFORMAL FOR JEROME),0.97
OH,Cincinnati Enquirer,134700,1994,STATE REP,34,,OH,"WINKLER, CHERYL",Republican,1,,1,,34TH DISTRICT; CONTINUOUSLY ENDORSED SINCE 1990,0.97
OH,Cincinnati Enquirer,134700,1994,STATE REP,35,,OH,"BLESSING, LOUIS JR.",Republican,1,,1,,REDISTRICTED FROM 22ND (1982-1992) TO 35TH; CONTINUOUSLY ENDORSED SINCE 1982,0.97
OH,Cincinnati Enquirer,134700,1994,STATE REP,36,,OH,"SCHULER, ROBERT L.",Republican,1,,1,,36TH DISTRICT; ENDORSED IN 1992,0.97
OH,Cincinnati Enquirer,134700,1994,STATE REP,37,,OH,"O'BRIEN, JACQUELYN",Republican,1,,1,,REDISTRICTED FROM 26TH (1986-1992) TO 37TH,0.97
OH,Cincinnati Enquirer,134700,1994,STATE REP,2,,OH,"TERWILLIGER, GEORGE",Republican,1,,,,2ND DISTRICT; NEW DISTRICT FOR ENQUIRER ENDORSEMENTS,0.93
OH,Cincinnati Enquirer,134700,1994,STATE REP,59,,OH,"FOX, MICHAEL A.",Republican,1,,,,59TH DISTRICT; OUTLYING DISTRICT,0.93
OH,Cincinnati Enquirer,134700,1994,STATE REP,71,,OH,"BATEMAN, SAM",Republican,1,,,,71ST DISTRICT,0.93
OH,Cincinnati Enquirer,134700,1994,STATE REP,72,,OH,"VESPER, ROSS",Republican,1,,,,72ND DISTRICT,0.93
OH,Cincinnati Enquirer,134700,1994,CNTY COMM,,,OH,"GUCKENBERGER, GUY",Republican,1,,1,,GUCKENBERGER INCUMBENT; ENDORSED IN 1992,0.97
OH,Cincinnati Enquirer,134700,1994,CNTY AUDITOR,,,OH,"RHODES, DUSTY",Democrat,1,,,,CROSS-PARTY ENDORSEMENT; NEW COUNTY AUDITOR CANDIDATE REPLACING MALONEY,0.97
OH,Cincinnati Enquirer,134700,1994,COURT OF APPEALS,1,,OH,"PAINTER, MARK P.",Republican,1,,,,PAINTER WAS SUPREME COURT CANDIDATE IN 1992; NOW COURT OF APPEALS,0.97
OH,Cincinnati Enquirer,134700,1994,COURT OF APPEALS,1,,OH,"SUNDERMANN, J. HOWARD",Republican,1,,,,SUNDERMANN WAS COMMON PLEAS IN 1988; NOW COURT OF APPEALS,0.97
OH,Cincinnati Enquirer,134700,1994,COURT OF COMMON PLEAS,,,OH,"NIEHAUS, RICHARD",Democrat,1,,,,CROSS-PARTY ENDORSEMENT; NIEHAUS ENDORSED IN 1988,0.95
OH,Cincinnati Enquirer,134700,1994,COURT OF COMMON PLEAS,,,OH,"NEY, ART",Republican,1,,,,LIKELY SAME PERSON AS ARTHUR M. NEY JR. (COUNTY PROSECUTOR 1988); NOW COMMON PLEAS,0.93
OH,Cincinnati Enquirer,134700,1994,COURT OF COMMON PLEAS,,,OH,"HOGAN, TIMOTHY S.",Republican,1,,,,,0.93
OH,Cincinnati Enquirer,134700,1996,PRESIDENT,,,OH,"DOLE, BOB",Republican,1,,,,DOLE VS CLINTON,0.97
OH,Cincinnati Enquirer,134700,1996,SENATOR,,,KY,"MCCONNELL, MITCH",Republican,1,,1,,KENTUCKY US SENATE; CROSS-STATE ENDORSEMENT; VS STEVE BESHEAR (D); MCCONNELL ENDORSED IN 1990,0.97
OH,Cincinnati Enquirer,134700,1996,H,1,,OH,"CHABOT, STEVE",Republican,1,,1,,CHABOT WAS COUNTY COMMISSIONER; NOW OH-1 INCUMBENT; VS MARK LONGABAUGH (D),0.97
OH,Cincinnati Enquirer,134700,1996,H,2,,OH,"PORTMAN, ROB",Republican,1,,1,,VS THOMAS CHANDLER (D); CONTINUOUSLY ENDORSED SINCE 1994,0.97
OH,Cincinnati Enquirer,134700,1996,H,6,,OH,"STRICKLAND, TED",Democrat,1,,,,CROSS-PARTY ENDORSEMENT; ENDORSED OVER CREMEANS (R) WHO WAS ENDORSED IN 1994; STRICKLAND WOULD LATER BECOME GOVERNOR,0.97
OH,Cincinnati Enquirer,134700,1996,H,8,,OH,"BOEHNER, JOHN",Republican,1,,1,,VS JEFFREY KITCHEN (D); CONTINUOUSLY ENDORSED SINCE 1990,0.97
OH,Cincinnati Enquirer,134700,1996,H,4,,KY,"BUNNING, JIM",Republican,1,,1,,KENTUCKY FOURTH DISTRICT; CROSS-STATE ENDORSEMENT; VS DENNY BOWMAN (D); CONTINUOUSLY ENDORSED SINCE 1986,0.97
OH,Cincinnati Enquirer,134700,1996,H,9,,IN,"HAMILTON, LEE",Democrat,1,1,,,CROSS-STATE AND CROSS-PARTY ENDORSEMENT; VS JEAN LEISING (R); CONTINUOUSLY ENDORSED SINCE 1978,0.97
OH,Cincinnati Enquirer,134700,1996,SUPREME COURT,,,OH,"DOUGLAS, ANDREW",Republican,1,,,,VS PETER M. SIKORA (D); DOUGLAS ENDORSED IN 1984 AND 1990,0.97
OH,Cincinnati Enquirer,134700,1996,SUPREME COURT,,,OH,"STRATTON, EVELYN L.",Republican,1,,,,VS MARIANNA BROWN BETTMAN (D); NOTE BETTMAN WAS ENDORSED FOR COURT OF APPEALS IN 1992,0.97
OH,Cincinnati Enquirer,134700,1996,STATE SENATOR,4,,OH,"NEIN, SCOTT",Republican,1,,,,4TH SENATORIAL DISTRICT; NEW CANDIDATE; VS TERRY SCOTT WILLS (D),0.95
OH,Cincinnati Enquirer,134700,1996,STATE SENATOR,8,,OH,"BLESSING, LOU",Republican,1,,,,BLESSING MOVES FROM STATE REP 35TH (FORMERLY 22ND) TO STATE SENATE 8TH; VS JASON SCHNELLE (D),0.97
OH,Cincinnati Enquirer,134700,1996,STATE SENATOR,14,,OH,"WHITE, DOUG",Republican,1,,,,14TH SENATORIAL DISTRICT; VS DICK BABB (D),0.95
OH,Cincinnati Enquirer,134700,1996,STATE REP,2,,OH,"TERWILLIGER, GEORGE",Republican,1,,1,,VS BOB TURNER (D); ENDORSED IN 1994,0.95
OH,Cincinnati Enquirer,134700,1996,STATE REP,30,,OH,"BRITTON, SAM",Democrat,1,,,,CROSS-PARTY ENDORSEMENT; 30TH DISTRICT; VS AL BEASLEY JR. (R); NEW CANDIDATE,0.95
OH,Cincinnati Enquirer,134700,1996,STATE REP,32,,OH,"VAN VYVEN, DALE",Republican,1,,,,VAN VYVEN RETURNS IN 32ND AFTER BEING ABSENT IN 1994; VS CATHERINE BARRETT (D),0.97
OH,Cincinnati Enquirer,134700,1996,STATE REP,33,,OH,"LUEBBERS, JERRY",Democrat,1,1,,,CROSS-PARTY ENDORSEMENT; VS THOMAS FOSTER (R); CONTINUOUSLY ENDORSED SINCE 1984,0.97
OH,Cincinnati Enquirer,134700,1996,STATE REP,34,,OH,"WINKLER, CHERYL",Republican,1,,1,,VS KATHLEEN GOEDL (D); CONTINUOUSLY ENDORSED SINCE 1990,0.97
OH,Cincinnati Enquirer,134700,1996,STATE REP,35,,OH,"BROOKS, DANIEL",Democrat,1,,,,CROSS-PARTY ENDORSEMENT; 35TH DISTRICT; VS PATRICIA CLANCY (R); NEW CANDIDATE REPLACING BLESSING WHO MOVED TO STATE SENATE,0.95
OH,Cincinnati Enquirer,134700,1996,STATE REP,36,,OH,"SCHULER, ROBERT L.",Republican,1,,1,,VS ROBERT H. MITCHELL (D); CONTINUOUSLY ENDORSED SINCE 1992,0.97
OH,Cincinnati Enquirer,134700,1996,STATE REP,37,,OH,"O'BRIEN, JACQUELYN",Republican,1,,1,,VS STEVEN C. HUFFMAN (D); CONTINUOUSLY ENDORSED,0.97
OH,Cincinnati Enquirer,134700,1996,STATE REP,58,,OH,"CATES, GARY",Republican,1,,,,58TH DISTRICT; VS KENDALL R. MAYS (D),0.93
OH,Cincinnati Enquirer,134700,1996,STATE REP,59,,OH,"FOX, MICHAEL A.",Republican,1,,1,,VS DONALD HERSHNER (D); ENDORSED IN 1994,0.95
OH,Cincinnati Enquirer,134700,1996,STATE REP,60,,OH,"KREBS, GENE",Republican,1,,,,60TH DISTRICT; VS BETSY MARSHALL (D),0.93
OH,Cincinnati Enquirer,134700,1996,STATE REP,71,,OH,"BATEMAN, SAM",Republican,1,,1,,VS DAVE QUINLAN (D); ENDORSED IN 1994,0.95
OH,Cincinnati Enquirer,134700,1996,CNTY COMM,,,OH,"DOWLIN, JOHN S.",Republican,1,,1,,VS JOANNE B. GROSSMAN (D); DOWLIN ENDORSED IN 1992,0.97
OH,Cincinnati Enquirer,134700,1996,CNTY COMM,,,OH,"BEDINGHAUS, BOB",Republican,1,,,,VS JOSEPH R. WOLTERMAN (D); NEW COMMISSIONER,0.97
OH,Cincinnati Enquirer,134700,1996,RECORDER,,,OH,"BOLTON, EVE",Democrat,1,1,,,CROSS-PARTY ENDORSEMENT; VS REBECCA PREM GROPPE (R); BOLTON ENDORSED IN 1992,0.97
OH,Cincinnati Enquirer,134700,1996,CLERK OF COURTS,,,OH,"CISSELL, JIM",Republican,1,,1,,VS MARK M. DAVID (D); CONTINUOUSLY ENDORSED,0.97
OH,Cincinnati Enquirer,134700,1996,CNTY TREASURER,,,OH,"GOERING, ROBERT",Republican,1,,1,,VS DEBORAH PRICE RAMBO (D); ENDORSED IN 1992,0.97
OH,Cincinnati Enquirer,134700,1996,COURT OF APPEALS,1,,OH,"HILDEBRANDT, LEE",Republican,1,,,,VS DAVID MANN (D); HILDEBRANDT ENDORSED IN 1990; MANN WAS FORMERLY US CONGRESSMAN OH-1,0.97
OH,Cincinnati Enquirer,134700,1996,COURT OF COMMON PLEAS,,,OH,"NADEL, NORBERT A.",Republican,1,,,,VS STEPHEN C. KESSEN (D); NADEL CONTINUOUSLY ENDORSED; NOW LISTED AS (R),0.97
OH,Cincinnati Enquirer,134700,1996,COURT OF COMMON PLEAS,,,OH,"DAVIS, DAVID P.",Republican,1,,,,VS CHRISTINE D. TAILER (D),0.95
OH,Cincinnati Enquirer,134700,1996,COURT OF COMMON PLEAS,,,OH,"KRAFT, ROBERT S.",Republican,1,,,,VS JAMES G. KEYS JR. (D); KRAFT CONTINUOUSLY ENDORSED SINCE 1978,0.97
OH,Cincinnati Enquirer,134700,1996,COURT OF COMMON PLEAS,,,OH,"TRACEY, ANN MARIE",Democrat,1,,,,CROSS-PARTY ENDORSEMENT; VS RALPH WINKLER (R) — NOTE TRACEY (D) ENDORSED OVER WINKLER (R); BOTH PREVIOUSLY ENDORSED FOR COMMON PLEAS,0.97
OH,Cincinnati Enquirer,134700,1996,STATE SENATOR,11,,KY,"ROEDING, DICK",Republican,1,,,,KENTUCKY STATE SENATE 11TH; FIRST KENTUCKY STATE LEGISLATURE ENDORSEMENTS; VS SANDRA EASTON (D),0.93
OH,Cincinnati Enquirer,134700,1996,STATE SENATOR,23,,KY,"MEYER, JOE",Democrat,1,,,,CROSS-PARTY ENDORSEMENT; KENTUCKY STATE SENATE 23RD; VS JACK WESTWOOD (R),0.93
OH,Cincinnati Enquirer,134700,1996,STATE REP,60,,KY,"MARCOTTE, PAUL",Republican,1,,,,KENTUCKY HOUSE 60TH; VS KENNY FRENCH (D),0.93
OH,Cincinnati Enquirer,134700,1996,STATE REP,61,,KY,"ADAMS, ROYCE",Democrat,1,,,,CROSS-PARTY ENDORSEMENT; KENTUCKY HOUSE 61ST; VS GENE LIVINGOOD (R),0.93
OH,Cincinnati Enquirer,134700,1996,STATE REP,66,,KY,"WALTON, CHARLIE",Republican,1,,,,KENTUCKY HOUSE 66TH; VS BOB HOFFMAN (D),0.93
OH,Cincinnati Enquirer,134700,1996,STATE REP,68,,KY,"STINE, KATIE",Republican,1,,,,KENTUCKY HOUSE 68TH; VS JEFF WITHROW (D),0.93
OH,Cincinnati Enquirer,134700,1996,STATE REP,69,,KY,"WICHMANN, FRANK",Democrat,1,,,,CROSS-PARTY ENDORSEMENT; KENTUCKY HOUSE 69TH; VS JIM DAVID REINHARDT (R),0.93
OH,Cincinnati Enquirer,134700,1998,GOVERNOR,,,OH,"TAFT, BOB",Republican,1,,,,VS LEE FISHER (D); TAFT WAS SEC OF STATE; FISHER WAS ENDORSED FOR AG IN 1994,0.97
OH,Cincinnati Enquirer,134700,1998,SENATOR,,,OH,"VOINOVICH, GEORGE",Republican,1,,,,VS MARY BOYLE (D); VOINOVICH MOVES FROM GOVERNOR TO US SENATE,0.97
OH,Cincinnati Enquirer,134700,1998,SENATOR,,,KY,"BUNNING, JIM",Republican,1,,,,KENTUCKY US SENATE; BUNNING MOVES FROM HOUSE KY-4 TO SENATE; VS SCOTT BAESLER (D),0.97
OH,Cincinnati Enquirer,134700,1998,H,1,,OH,"CHABOT, STEVE",Republican,1,,1,,VS ROXANNE QUALLS (D); CONTINUOUSLY ENDORSED,0.97
OH,Cincinnati Enquirer,134700,1998,H,2,,OH,"PORTMAN, ROB",Republican,1,,1,,VS CHARLES SANDERS (D); CONTINUOUSLY ENDORSED,0.97
OH,Cincinnati Enquirer,134700,1998,H,6,,OH,"STRICKLAND, TED",Democrat,1,1,,,CROSS-PARTY ENDORSEMENT; VS NANCY HOLLISTER (R); STRICKLAND ENDORSED AGAIN OVER REPUBLICAN,0.97
OH,Cincinnati Enquirer,134700,1998,H,8,,OH,"BOEHNER, JOHN",Republican,1,,1,,VS JOHN W. GRIFFIN (D); CONTINUOUSLY ENDORSED,0.97
OH,Cincinnati Enquirer,134700,1998,H,4,,KY,"LUCAS, KEN",Democrat,1,,,,CROSS-PARTY ENDORSEMENT; KY-4; VS GEX WILLIAMS (R); LUCAS REPLACES BUNNING WHO MOVED TO SENATE,0.97
OH,Cincinnati Enquirer,134700,1998,H,8,,IN,"LEISING, JEAN",Republican,1,,,,INDIANA 8TH DISTRICT; VS BARON HILL (D); HAMILTON HAS RETIRED — END OF CONTINUOUS ENDORSEMENT SINCE 1978,0.95
OH,Cincinnati Enquirer,134700,1998,SEC OF STATE,,,OH,"BLACKWELL, KEN",Republican,1,,,,"VS CHARLETA TAVARES (D); BLACKWELL WAS TREASURER, NOW SEC OF STATE",0.97
OH,Cincinnati Enquirer,134700,1998,AUDITOR,,,OH,"PETRO, JIM",Republican,1,,1,,VS LOUIS STRIKE (D); PETRO INCUMBENT,0.97
OH,Cincinnati Enquirer,134700,1998,ATTORNEY GENERAL,,,OH,"MONTGOMERY, BETTY",Republican,1,,,,VS RICHARD CORDRAY (D),0.97
OH,Cincinnati Enquirer,134700,1998,TREASURER,,,OH,"DETERS, JOE",Republican,1,,,,VS JOHN DONOFRIO (D); DETERS MOVES FROM COUNTY PROSECUTOR TO STATE TREASURER,0.97
OH,Cincinnati Enquirer,134700,1998,SUPREME COURT,CHIEF JUSTICE,,OH,"MOYER, TOM",Republican,1,,1,,VS GARY TYACK (D); MOYER ENDORSED FOR CHIEF JUSTICE IN 1986,0.97
OH,Cincinnati Enquirer,134700,1998,SUPREME COURT,,,OH,"SUSTER, RONALD",Democrat,1,,,,CROSS-PARTY ENDORSEMENT; VS PAUL PFEIFER (R); SUSTER (D) ENDORSED OVER PFEIFER (R) WHO HAD BEEN PREVIOUSLY ENDORSED,0.95
OH,Cincinnati Enquirer,134700,1998,SUPREME COURT,,,OH,"POWELL, STEPHEN",Republican,1,,,,VS FRANCIS SWEENEY (D),0.97
OH,Cincinnati Enquirer,134700,1998,COURT OF APPEALS,1,,OH,"BETTMAN, MARIANNA",Democrat,1,,,,CROSS-PARTY ENDORSEMENT; VS RALPH WINKLER (R); BETTMAN ENDORSED OVER WINKLER,0.97
OH,Cincinnati Enquirer,134700,1998,STATE SENATOR,9,,OH,"MALLORY, MARK",Democrat,1,,,,CROSS-PARTY ENDORSEMENT; 9TH DISTRICT; MARK MALLORY IS SON OF WILLIAM L. MALLORY; VS JANET HOWARD (R) WHO WAS ENDORSED IN 1994; MALLORY DYNASTY CONTINUES,0.95
OH,Cincinnati Enquirer,134700,1998,STATE REP,31,,OH,"BARRETT, CATHERINE",Democrat,1,,,,CROSS-PARTY ENDORSEMENT; 31ST DISTRICT; BARRETT WAS OPPONENT IN 1996 32ND DISTRICT; VS BETTY WARREN (R),0.95
OH,Cincinnati Enquirer,134700,1998,STATE BOARD OF ED,3,,OH,"FESSLER, DIANE",,1,,,,OHIO SCHOOL BOARD 3RD DISTRICT,0.9
OH,Cincinnati Enquirer,134700,1998,STATE BOARD OF ED,4,,OH,"BATES, MELANIE",,1,,,,OHIO SCHOOL BOARD 4TH DISTRICT; ENDORSED ALONGSIDE MARIE IRISH KEANEY (OR CHOICE),0.85
OH,Cincinnati Enquirer,134700,1998,STATE BOARD OF ED,4,,OH,"KEANEY, MARIE IRISH",,1,,,,OHIO SCHOOL BOARD 4TH DISTRICT; ENDORSED ALONGSIDE MELANIE BATES (OR CHOICE),0.85
OH,Cincinnati Enquirer,134700,1998,CNTY COMM,,,OH,"NEYER, TOM JR.",Republican,1,,,,VS MARILYN HYLAND (D),0.95
OH,Cincinnati Enquirer,134700,1998,CNTY AUDITOR,,,OH,"RHODES, DUSTY",Democrat,1,1,,,CROSS-PARTY ENDORSEMENT; VS MARY ANNE CHRISTIE (R); RHODES CONTINUOUSLY ENDORSED SINCE 1994,0.97
OH,Cincinnati Enquirer,134700,1998,JUVENILE COURT,,,OH,"BARLOW, JOHN",Independent,1,,,,HAMILTON COUNTY JUVENILE COURT; VS THOMAS LIPPS (R); INDEPENDENT ENDORSED,0.93
OH,Cincinnati Enquirer,134700,1998,DOMESTIC RELATIONS,,,OH,"GAINES, DEBORAH",Democrat,1,,,,CROSS-PARTY ENDORSEMENT; DOMESTIC RELATIONS COURT; VS SUSAN LAKER TOLBERT (R); GAINES WAS COMMON PLEAS IN 1990,0.95
OH,Cincinnati Enquirer,134700,1998,STATE REP,64,,KY,"KERR, TOM",Democrat,1,,,,CROSS-PARTY ENDORSEMENT; KENTUCKY HOUSE 64TH; VS ANITA STEFFEN (R),0.93
OH,Cincinnati Enquirer,134700,1998,STATE REP,66,,KY,"ROBERTS, TERRY",Democrat,1,,,,CROSS-PARTY ENDORSEMENT; KENTUCKY HOUSE 66TH; VS CHARLIE WALTON (R) WHO WAS ENDORSED IN 1996,0.93
OH,Cincinnati Enquirer,134700,1998,STATE REP,68,,KY,"FISCHER, JOE",Republican,1,,,,KENTUCKY HOUSE 68TH; VS JIM DALEY (D),0.93
OH,Cincinnati Enquirer,134700,1998,STATE SENATOR,24,,KY,"STINE, KATIE",Republican,1,,,,KENTUCKY SENATE 24TH; STINE MOVES FROM HOUSE 68TH TO SENATE; VS GEORGE MERRITT (D),0.93
OH,Cincinnati Enquirer,134700,1998,CNTY COMM,,,OH,"FOX, MICHAEL",Republican,1,,,,BUTLER COUNTY COMMISSIONER; VS JEFFREY KITCHEN (D); FOX WAS STATE REP 59TH,0.93
OH,Cincinnati Enquirer,134700,1998,JUDGE EXECUTIVE,,,KY,"COLLINS, JIM",Democrat,1,,,,CROSS-PARTY ENDORSEMENT; BOONE COUNTY JUDGE EXECUTIVE; VS GARY MOORE (R),0.93
OH,Cincinnati Enquirer,134700,1998,JUDGE EXECUTIVE,,,KY,"PAUL, KEN",Democrat,1,,,,CROSS-PARTY ENDORSEMENT; CAMPBELL COUNTY JUDGE EXECUTIVE; VS STEVE PENDERY (R),0.93
OH,Cincinnati Enquirer,134700,1998,JUDGE EXECUTIVE,,,KY,"MURGATROYD, RICHARD",Republican,1,,,,KENTON COUNTY JUDGE EXECUTIVE; VS DENNY BOWMAN (D),0.93
OH,Cincinnati Enquirer,134700,2000,PRESIDENT,,,OH,"BUSH, GEORGE W.",Republican,1,,,,BUSH/CHENEY TICKET; VS GORE/LIEBERMAN,0.97
OH,Cincinnati Enquirer,134700,2000,VICE PRESIDENT,,,OH,"CHENEY, DICK",Republican,1,,,,BUSH/CHENEY TICKET,0.97
OH,Cincinnati Enquirer,134700,2000,SENATOR,,,OH,"DEWINE, MIKE",Republican,1,,1,,VS TED CELESTE (D); DEWINE INCUMBENT,0.97
OH,Cincinnati Enquirer,134700,2000,SENATOR,,,IN,"LUGAR, RICHARD",Republican,1,,1,,"INDIANA US SENATE; CROSS-STATE ENDORSEMENT; VS DAVID JOHNSON (D); LUGAR ENDORSED IN 1982, 1988",0.97
OH,Cincinnati Enquirer,134700,2000,H,1,,OH,"CHABOT, STEVE",Republican,1,,1,,VS JOHN CRANLEY (D); CONTINUOUSLY ENDORSED,0.97
OH,Cincinnati Enquirer,134700,2000,H,2,,OH,"PORTMAN, ROB",Republican,1,,1,,VS CHARLES SANDERS (D); CONTINUOUSLY ENDORSED,0.97
OH,Cincinnati Enquirer,134700,2000,H,8,,OH,"BOEHNER, JOHN",Republican,1,,1,,VS JOHN PARKS (D); CONTINUOUSLY ENDORSED,0.97
OH,Cincinnati Enquirer,134700,2000,H,6,,OH,"STRICKLAND, TED",Democrat,1,1,,,"CROSS-PARTY ENDORSEMENT; VS MIKE AZINGER (R); STRICKLAND ENDORSED THIRD CONSECUTIVE TIME (1996, 1998, 2000)",0.97
OH,Cincinnati Enquirer,134700,2000,H,4,,KY,"LUCAS, KEN",Democrat,1,1,,,CROSS-PARTY ENDORSEMENT; KY-4; VS DAN BELL (R); LUCAS ENDORSED IN 1998,0.97
OH,Cincinnati Enquirer,134700,2000,H,9,,IN,"HILL, BARON",Democrat,1,1,,,CROSS-PARTY ENDORSEMENT; INDIANA 9TH DISTRICT; VS MICHAEL BAILEY (R); HILL BEAT LEISING WHO WAS ENDORSED IN 1998,0.95
OH,Cincinnati Enquirer,134700,2000,SUPREME COURT,,,OH,"COOK, DEBORAH",Republican,1,,,,VS TIM BLACK (D); COOK ENDORSED IN 1994,0.97
OH,Cincinnati Enquirer,134700,2000,SUPREME COURT,,,OH,"O'DONNELL, TERRANCE",Republican,1,,,,VS ALICE ROBIE RESNICK (D); O'DONNELL ENDORSED OVER RESNICK WHO WAS PREVIOUSLY ENDORSED IN 1988 AND 1994,0.97
OH,Cincinnati Enquirer,134700,2000,STATE SENATOR,4,,OH,"NEIN, SCOTT",Republican,1,,1,,VS ARNOLD D. ENGEL (D); NEIN ENDORSED IN 1996,0.95
OH,Cincinnati Enquirer,134700,2000,STATE SENATOR,8,,OH,"BLESSING, LOU",Republican,1,,1,,VS STEWART MANNING (D); BLESSING CONTINUOUSLY ENDORSED,0.95
OH,Cincinnati Enquirer,134700,2000,STATE SENATOR,14,,OH,"WHITE, DOUG",Republican,1,,1,,VS MARGARET ANN LERCH (L — LIBERTARIAN),0.95
OH,Cincinnati Enquirer,134700,2000,STATE REP,2,,OH,"RAGA, TOM",Republican,1,,,,2ND DISTRICT; VS RICHARD J. ISIDORE (D); REPLACES TERWILLIGER,0.93
OH,Cincinnati Enquirer,134700,2000,STATE REP,30,,OH,"ECKERMAN, DAVE",,1,,,,30TH DISTRICT; VS SAMUEL E. BRITTON (D); PARTY LABEL UNCLEAR FROM SMALL TEXT,0.75
OH,Cincinnati Enquirer,134700,2000,STATE REP,31,,OH,"BARRETT, CATHERINE L.",Democrat,1,1,,,CROSS-PARTY ENDORSEMENT; VS JOAN KREMMER (R); BARRETT CONTINUOUSLY ENDORSED SINCE 1998,0.93
OH,Cincinnati Enquirer,134700,2000,STATE REP,32,,OH,"RAUSSEN, JIM",Republican,1,,,,32ND DISTRICT; VS WAYNE E. COATES (D); NEW REPUBLICAN REPLACES COATES/VAN VYVEN ERA,0.85
OH,Cincinnati Enquirer,134700,2000,STATE REP,33,,OH,"CORDLE, TONY",Republican,1,,,,33RD DISTRICT; VS STEVE DRIEHAUS (D); REPLACES LUEBBERS,0.85
OH,Cincinnati Enquirer,134700,2000,STATE REP,34,,OH,"SEITZ, BILL",Republican,1,,,,34TH DISTRICT; VS JEAN SIBENALER (D); REPLACES WINKLER,0.9
OH,Cincinnati Enquirer,134700,2000,STATE REP,35,,OH,"CLANCY, PATRICIA",Republican,1,,,,"35TH DISTRICT; VS JEANETTE HARRISON (D); CLANCY WAS OPPONENT OF BROOKS IN 1996, NOW ENDORSED",0.9
OH,Cincinnati Enquirer,134700,2000,STATE REP,36,,OH,"SCHNEIDER, MICHELLE",Republican,1,,,,36TH DISTRICT; VS JOHN A. SMITH (D); REPLACES SCHULER,0.88
OH,Cincinnati Enquirer,134700,2000,STATE REP,37,,OH,"BRINKMAN, TOM JR.",Republican,1,,,,37TH DISTRICT; VS LES MANN (D); REPLACES O'BRIEN,0.9
OH,Cincinnati Enquirer,134700,2000,STATE REP,58,,OH,"CATES, GARY",Republican,1,,1,,58TH DISTRICT; VS A.C. MITCHELL (D),0.88
OH,Cincinnati Enquirer,134700,2000,STATE REP,59,,OH,"JOLIVETTE, GREGORY V.",Republican,1,,,,59TH DISTRICT; VS ARCHIE A. JOHNSON (D); REPLACES FOX,0.85
OH,Cincinnati Enquirer,134700,2000,STATE REP,60,,OH,"WEBSTER, GLENN N.",Republican,1,,,,60TH DISTRICT; VS KEVIN L. WILLIAMS (D); REPLACES KREBS,0.85
OH,Cincinnati Enquirer,134700,2000,STATE REP,69,,OH,"SCHMIDT, JEAN",Republican,1,,,,69TH DISTRICT; VS SHERRILL CALLAHAN (D); SCHMIDT WOULD LATER BECOME US CONGRESSWOMAN,0.9
OH,Cincinnati Enquirer,134700,2000,STATE REP,72,,OH,"NIEHAUS, TOM",Republican,1,,,,72ND DISTRICT; VS KEN ZAK (D); RELATED TO RICHARD NIEHAUS (COMMON PLEAS)?,0.9
OH,Cincinnati Enquirer,134700,2000,STATE SENATOR,23,,KY,"WESTWOOD, JACK",Republican,1,,,,KENTUCKY SENATE 23RD; VS JAMIE HENSON (D); WESTWOOD WAS OPPONENT IN 1996 WHEN MEYER (D) WAS ENDORSED,0.85
OH,Cincinnati Enquirer,134700,2000,STATE SENATOR,11,,KY,"ROEDING, DICK",Republican,1,,1,,KENTUCKY SENATE 11TH; VS JOHN STEPHENSON (D); ROEDING ENDORSED IN 1996,0.9
OH,Cincinnati Enquirer,134700,2000,STATE REP,60,,KY,"MARCOTTE, PAUL",Republican,1,,1,,KENTUCKY HOUSE 60TH; UNOPPOSED,0.9
OH,Cincinnati Enquirer,134700,2000,STATE REP,61,,KY,"ADAMS, ROYCE",Democrat,1,1,,,CROSS-PARTY ENDORSEMENT; KENTUCKY HOUSE 61ST; UNOPPOSED; ADAMS ENDORSED IN 1996,0.9
OH,Cincinnati Enquirer,134700,2000,STATE REP,63,,KY,"DRAUD, JON",Republican,1,,,,KENTUCKY HOUSE 63RD; VS JEB HOLBROOK (D),0.88
OH,Cincinnati Enquirer,134700,2000,STATE REP,64,,KY,"KERR, TOM",Democrat,1,1,,,CROSS-PARTY ENDORSEMENT; KENTUCKY HOUSE 64TH; UNOPPOSED; KERR ENDORSED IN 1998,0.9
OH,Cincinnati Enquirer,134700,2000,STATE REP,65,,KY,"SIMPSON, ARNOLD",Democrat,1,,,,CROSS-PARTY ENDORSEMENT; KENTUCKY HOUSE 65TH; UNOPPOSED,0.88
OH,Cincinnati Enquirer,134700,2000,STATE REP,66,,KY,"WALTON, CHARLIE",Republican,1,,1,,KENTUCKY HOUSE 66TH; UNOPPOSED; WALTON ENDORSED IN 1996,0.9
OH,Cincinnati Enquirer,134700,2000,STATE REP,67,,KY,"CALLAHAN, JIM",Democrat,1,,,,CROSS-PARTY ENDORSEMENT; KENTUCKY HOUSE 67TH; UNOPPOSED,0.88
OH,Cincinnati Enquirer,134700,2000,STATE REP,68,,KY,"FISCHER, JOE",Republican,1,,1,,KENTUCKY HOUSE 68TH; UNOPPOSED; FISCHER ENDORSED IN 1998,0.9
OH,Cincinnati Enquirer,134700,2000,STATE REP,69,,KY,"REINHARDT, JIM DAVID",Republican,1,,,,KENTUCKY HOUSE 69TH; UNOPPOSED; REINHARDT WAS OPPONENT IN 1996,0.88
OH,Cincinnati Enquirer,134700,2000,STATE REP,78,,KY,"MCKEE, TOM",Democrat,1,,,,CROSS-PARTY ENDORSEMENT; KENTUCKY HOUSE 78TH; UNOPPOSED,0.88
OH,Cincinnati Enquirer,134700,2000,CNTY COMM,,,OH,"BEDINGHAUS, BOB",Republican,1,,1,,VS TODD PORTUNE (D); BEDINGHAUS ENDORSED IN 1996,0.95
OH,Cincinnati Enquirer,134700,2000,CNTY COMM,,,OH,"DOWLIN, JOHN",Republican,1,,1,,VS JOE WOLTERMAN (D); DOWLIN CONTINUOUSLY ENDORSED,0.95
OH,Cincinnati Enquirer,134700,2000,SHERIFF,,,OH,"LEIS, SIMON L. JR.",Republican,1,,1,,UNOPPOSED; LEIS CONTINUOUSLY ENDORSED,0.95
OH,Cincinnati Enquirer,134700,2000,DA/PROSECUTOR,,,OH,"ALLEN, MICHAEL K.",Republican,1,,,,UNOPPOSED,0.95
OH,Cincinnati Enquirer,134700,2000,COUNTY ENGINEER,,,OH,"BRAYSHAW, WILLIAM W.",Republican,1,,1,,UNOPPOSED; BRAYSHAW ENDORSED IN 1992,0.95
OH,Cincinnati Enquirer,134700,2000,CLERK OF COURTS,,,OH,"CISSELL, JIM",Republican,1,,1,,VS EVE BOLTON (D); BOLTON WAS RECORDER,0.95
OH,Cincinnati Enquirer,134700,2000,RECORDER,,,OH,"GROPPE, REBECCA PREM",Republican,1,,,,"VS MELANIE BATES (D); GROPPE WAS OPPONENT OF BOLTON IN 1996, NOW ENDORSED",0.93
OH,Cincinnati Enquirer,134700,2000,CORONER,,,OH,"PARROTT, CARL L. JR.",Republican,1,,,,VS RONALD F. C[...] (D); OPPONENT NAME PARTIALLY ILLEGIBLE,0.9
OH,Cincinnati Enquirer,134700,2000,CNTY TREASURER,,,OH,"GOERING, ROBERT A.",Republican,1,,1,,CONTINUOUSLY ENDORSED,0.93
OH,Cincinnati Enquirer,134700,2000,DA/PROSECUTOR,,,OH,"PIPER, ROBIN",Republican,1,,,,BUTLER COUNTY PROSECUTOR; VS DAN GATTERMEYER (D),0.9
OH,Cincinnati Enquirer,134700,2000,MAYOR,,,KY,"MOORMAN, BERNARD",Democrat,1,,,,COVINGTON MAYOR; VS BUTCH CALLERY (D); BOTH DEMOCRATS,0.9
OH,Cincinnati Enquirer,134700,2008,PRESIDENT,,,OH,"MCCAIN, JOHN",Republican,1,,,,DESCRIBED AS A TIME FOR A PRESIDENT WITH DEEP EXPERIENCE AND PROVEN CHARACTER WHO THRIVES IN THE GREAT GOOD HONEST MIDDLE GROUND,0.95
OH,Cincinnati Enquirer,134700,2008,SENATOR,,,KY,"MCCONNELL, MITCH",Republican,1,,1,,KENTUCKY'S LONGEST SERVING SENATOR AND SENATE REPUBLICAN LEADER; TENURE AND EXPERIENCE MAKE HIM TOO VALUABLE TO LOSE,0.95
OH,Cincinnati Enquirer,134700,2008,H,1,,OH,"CHABOT, STEVE",Republican,1,,1,,VETERAN LEGISLATOR MEMBERS OF BOTH PARTIES SAY IS A WILLING WORKER IN BIPARTISAN EFFORTS,0.95
OH,Cincinnati Enquirer,134700,2008,H,2,,OH,"SCHMIDT, JEAN",Republican,1,,1,,HAS HELD HER SEAT SINCE 2005 AND AFTER A SHAKY START HAS BEGUN TO MATURE IN THE OFFICE,0.95
OH,Cincinnati Enquirer,134700,2008,H,3,,OH,"TURNER, MIKE",Republican,1,,1,,FORMER MAYOR OF DAYTON WHO CONCENTRATES ON THE NEEDS OF HIS DISTRICT FROM URBAN AFFAIRS TO LOSS OF JOBS IN RURAL CLINTON COUNTY,0.95
OH,Cincinnati Enquirer,134700,2008,H,8,,OH,"BOEHNER, JOHN",Republican,1,,1,,HOUSE REPUBLICAN LEADER GIVING THIS REGION ONE OF THE TOP LEADERS IN CONGRESS,0.95
OH,Cincinnati Enquirer,134700,2008,H,4,,KY,"DAVIS, GEOFF",Republican,1,,1,,JOURNEYMAN LEGISLATOR WHO CONCENTRATES ON THE WORK RATHER THAN THE HEADLINES,0.95
OH,Cincinnati Enquirer,134700,2008,ATTORNEY GENERAL,,,OH,"CORDRAY, RICHARD",Democrat,1,,,,CROSS-PARTY ENDORSEMENT OF DEMOCRAT FOR ATTORNEY GENERAL,0.95
OH,Cincinnati Enquirer,134700,2008,SUPREME COURT,,,OH,"O'CONNOR, MAUREEN",Republican,1,,1,,,0.95
OH,Cincinnati Enquirer,134700,2008,SUPREME COURT,,,OH,"STRATTON, EVELYN",Republican,1,,1,,,0.95
OH,Cincinnati Enquirer,134700,2008,STATE SENATOR,8,,OH,"SEITZ, BILL",Republican,1,,,,,0.95
OH,Cincinnati Enquirer,134700,2008,STATE SENATOR,4,,OH,"CATES, GARY",Republican,1,,,,,0.93
OH,Cincinnati Enquirer,134700,2008,STATE REP,28,,OH,"LOVITT, VIRGIL",,1,,,,,0.93
OH,Cincinnati Enquirer,134700,2008,STATE REP,29,,OH,"BLESSING, LOU",Republican,1,,,,CONTINUING BLESSING FAMILY PRESENCE IN HAMILTON COUNTY POLITICS,0.95
OH,Cincinnati Enquirer,134700,2008,STATE REP,31,,OH,"DRIEHAUS, DENISE",Democrat,1,,,,CROSS-PARTY ENDORSEMENT OF DEMOCRAT,0.95
OH,Cincinnati Enquirer,134700,2008,STATE REP,34,,OH,"STAUTBERG, PETER",Republican,1,,,,,0.95
OH,Cincinnati Enquirer,134700,2008,STATE REP,54,,OH,"COMBS, COURTNEY",Republican,1,,,,,0.93
OH,Cincinnati Enquirer,134700,2008,STATE REP,55,,OH,"COLEY, BILL",Republican,1,,,,,0.93
OH,Cincinnati Enquirer,134700,2008,CLERK OF COURTS,,,OH,"GOOD, MARTHA",,1,,,,HAMILTON COUNTY,0.9
OH,Cincinnati Enquirer,134700,2008,CNTY TREASURER,,,OH,"GOERING, ROBERT",,1,,,,HAMILTON COUNTY,0.95
OH,Cincinnati Enquirer,134700,2008,RECORDER,,,OH,"GROPPE, REBECCA",,1,,,,HAMILTON COUNTY,0.8
OH,Cincinnati Enquirer,134700,2008,STATE SENATOR,17,,KY,"THAYER, DAMON",Republican,1,,,,KENTUCKY STATE SENATE,0.95
OH,Cincinnati Enquirer,134700,2008,STATE SENATOR,23,,KY,"GROOB, KATHY",,1,,,,KENTUCKY STATE SENATE,0.75
OH,Cincinnati Enquirer,134700,2008,MAYOR,,,KY,"CALLERY, BUTCH",,1,,,,COVINGTON KY MAYOR; WILL PROVIDE A STEADY SMOOTH COURSE OF CONTINUED GROWTH,0.93
OH,Cincinnati Enquirer,134700,2010,GOVERNOR,,,OH,"KASICH, JOHN",Republican,1,,,,DESCRIBED AS THE RIGHT FIT TO CHANGE OHIO'S DIRECTION; HAS RIGHT IDEAS AND KNOWLEDGE OF HOW BUSINESS WORKS TO TURN OHIO AROUND,0.95
OH,Cincinnati Enquirer,134700,2010,LT GOVERNOR,,,OH,"TAYLOR, MARY",Republican,1,,,,RUNNING MATE ON KASICH TICKET,0.8
OH,Cincinnati Enquirer,134700,2010,SENATOR,,,OH,"PORTMAN, ROB",Republican,1,,,,BIG-TIME THINKER ON LEADERSHIP LAW AND FINANCES; DIRECT AND INNOVATIVE PROBLEM SOLVER,0.95
OH,Cincinnati Enquirer,134700,2010,H,1,,OH,"CHABOT, STEVE",Republican,1,,,,RETURNING AFTER LOSING SEAT TO DRIEHAUS IN 2008; STRONG TRACK RECORD FROM 6 PRIOR TERMS,0.88
OH,Cincinnati Enquirer,134700,2010,H,2,,OH,"SCHMIDT, JEAN",Republican,1,,1,,HAS SERVED SINCE 2005 AND BUILT UP GOOD CREDENTIALS; STILL A CAPABLE VOICE FOR THE DISTRICT,0.88
OH,Cincinnati Enquirer,134700,2010,H,8,,OH,"BOEHNER, JOHN",Republican,1,,1,,HOUSE REPUBLICAN LEADER ABOUT TO BECOME SPEAKER; GIVES THIS REGION ONE OF THE TOP LEADERS IN CONGRESS,0.85
OH,Cincinnati Enquirer,134700,2010,ATTORNEY GENERAL,,,OH,"DEWINE, MIKE",Republican,1,,,,BRINGS DEEP EXPERIENCE AS FORMER PROSECUTOR SENATOR AND LIEUTENANT GOVERNOR; REPLACED 2008 CROSS-PARTY ENDORSEMENT OF CORDRAY,0.85
OH,Cincinnati Enquirer,134700,2010,AUDITOR,,,OH,"YOST, DAVE",Republican,1,,,,,0.82
OH,Cincinnati Enquirer,134700,2010,SEC OF STATE,,,OH,"HUSTED, JON",Republican,1,,,,,0.82
OH,Cincinnati Enquirer,134700,2010,TREASURER,,,OH,"MANDEL, JOSH",Republican,1,,,,,0.82
OH,Cincinnati Enquirer,134700,2010,SUPREME COURT,,,OH,"O'CONNOR, MAUREEN",Republican,1,,1,,RUNNING FOR CHIEF JUSTICE; PREVIOUSLY ENDORSED IN 2008 AS ASSOCIATE JUSTICE,0.78
OH,Cincinnati Enquirer,134700,2010,SUPREME COURT,,,OH,"LANZINGER, JUDITH ANN",Republican,1,,,,,0.75
OH,Cincinnati Enquirer,134700,2010,STATE SENATOR,7,,OH,"JONES, SHANNON",Republican,1,,1,,,0.78
OH,Cincinnati Enquirer,134700,2010,STATE REP,28,,OH,"LOVITT, VIRGIL",Republican,1,,1,,INCUMBENT; ENDORSED IN 2008,0.82
OH,Cincinnati Enquirer,134700,2010,STATE REP,29,,OH,"BLESSING, LOU",Republican,1,,1,,INCUMBENT; ENDORSED IN 2008,0.85
OH,Cincinnati Enquirer,134700,2010,STATE REP,31,,OH,"DRIEHAUS, DENISE",Democrat,1,1,,,CROSS-PARTY ENDORSEMENT OF DEMOCRAT; ALSO ENDORSED IN 2008,0.78
OH,Cincinnati Enquirer,134700,2010,STATE REP,34,,OH,"STAUTBERG, PETER",Republican,1,,1,,INCUMBENT; ENDORSED IN 2008,0.82
OH,Cincinnati Enquirer,134700,2010,STATE REP,54,,OH,"COMBS, COURTNEY",Republican,1,,1,,INCUMBENT; ENDORSED IN 2008,0.78
OH,Cincinnati Enquirer,134700,2010,STATE REP,55,,OH,"COLEY, BILL",Republican,1,,1,,INCUMBENT; ENDORSED IN 2008,0.78
OH,Cincinnati Enquirer,134700,2010,DA/PROSECUTOR,,,OH,"DETERS, JOE",Republican,1,,1,,HAMILTON COUNTY PROSECUTOR; LONG-SERVING,0.8
OH,Cincinnati Enquirer,134700,2010,CNTY COMM,,,OH,"MONZEL, CHRIS",Republican,1,,,,HAMILTON COUNTY COMMISSIONER,0.75
OH,Cincinnati Enquirer,134700,2010,SENATOR,,,KY,"PAUL, RAND",Republican,1,,,,ENDORSED OVER JACK CONWAY (D); OUTSIDER CANDIDATE IN TEA PARTY WAVE,0.93
OH,Cincinnati Enquirer,134700,2010,H,4,,KY,"DAVIS, GEOFF",Republican,1,,1,,INCUMBENT; ENDORSED IN 2008,0.82
OH,Cincinnati Enquirer,134700,2010,JUDGE EXECUTIVE,,,KY,"MOORE, GARY",Republican,1,,1,,BOONE COUNTY JUDGE-EXECUTIVE,0.78
OH,Cincinnati Enquirer,134700,2012,PRESIDENT,,,OH,"ROMNEY, MITT",Republican,1,,,,EXPERIENCE AS CHIEF EXECUTIVE IN BOTH PUBLIC AND PRIVATE SECTORS POSITIONS HIM TO LEAD US INTO A NEW ERA OF STREAMLINED BUT EFFECTIVE GOVERNMENT WITH A RENEWED FOCUS ON MAINTAINING AMERICA AS THE WORLD'S LEADING ECONOMY,0.97
OH,Cincinnati Enquirer,134700,2012,SENATOR,,,OH,"BROWN, SHERROD",Democrat,1,1,,,CROSS-PARTY ENDORSEMENT; HAS A RECORD OF WORKING FOR OHIO JOBS WORKERS BUSINESSES AND CONSUMERS AND SHOULD BE ELECTED TO ANOTHER TERM,0.97
OH,Cincinnati Enquirer,134700,2012,H,4,,KY,"MASSIE, THOMAS",Republican,1,,,,WASHINGTON COULD USE HIS BUSINESS SENSE HIS TENDENCY TO MINIMIZE HIS DESIRE TO UNCOVER WASTE AND HIS LEADERSHIP; REPLACES GEOFF DAVIS WHO RESIGNED IN 2012,0.97
OH,Cincinnati Enquirer,134700,2012,H,1,,OH,"CHABOT, STEVE",Republican,1,,1,,CHABOT RECOGNIZES THAT CONGRESS HAS BROKEN DOWN AND THAT CHANGE IS NEEDED,0.97
OH,Cincinnati Enquirer,134700,2012,H,2,,OH,"WENSTRUP, BRAD",Republican,1,,,,WHEN ASKED HOW HE WOULD MAKE DECISIONS HE SAID HE'D ASK HIMSELF IS THIS FOR MY NEXT ELECTION OR IS THIS FOR THE NEXT 20 OR 30 YEARS; REPLACES JEAN SCHMIDT WHO LOST PRIMARY,0.97
OH,Cincinnati Enquirer,134700,2012,STATE SENATOR,8,,OH,"SEITZ, BILL",Republican,1,,1,,SEITZ IS CONSERVATIVE OUTSPOKEN AND ARGUABLY NOT ABOVE PARTISAN THEATRICS BUT HE'S AN INDEPENDENT THINKER AND OHIO COULD USE MORE LIKE HIM,0.97
OH,Cincinnati Enquirer,134700,2012,STATE REP,28,,OH,"PILLICH, CONNIE",Democrat,1,1,,,CROSS-PARTY ENDORSEMENT; WITH FOUR YEARS EXPERIENCE IN THE OHIO HOUSE PILLICH IS A MATURE REASONABLE LAWMAKER WHO CAN ACCOMPLISH THINGS EVEN THOUGH SHE IS IN THE MINORITY,0.97
OH,Cincinnati Enquirer,134700,2012,SHERIFF,,,OH,"DONOVAN, SEAN",,1,,,,HAMILTON COUNTY SHERIFF; BASED ON HIS EXPERIENCE AND MANAGEMENT STYLE DONOVAN IS THE RIGHT PERSON TO SUCCEED SHERIFF SIMON LEIS; RESPONSIBLE FOR DAY-TO-DAY OPERATIONS OF JUSTICE CENTER AND STAFF OF 660 EMPLOYEES,0.95
OH,Cincinnati Enquirer,134700,2012,CORONER,,,OH,"SAMMARCO, LAKSHMI",,1,,,,HAMILTON COUNTY CORONER; DR. SAMMARCO IN HER SEVEN MONTHS IN OFFICE HAS REACHED OUT TO POLICE AND LAW ENFORCEMENT COMMUNITIES; TAKEN A PUBLIC ROLE IN SPEAKING OUT AGAINST DRUG USE,0.95
OH,Cincinnati Enquirer,134700,2012,MAYOR,,,KY,"CARRAN, SHERRY",,1,,,,COVINGTON KY MAYOR; PUBLIC SERVANT WITH LONG RECORD OF COMMUNITY INVOLVEMENT; CONCERNED ABOUT QUALITY OF LIFE ISSUES IN COVINGTON,0.95
OH,Cincinnati Enquirer,134700,2016,PRESIDENT,,,OH,"CLINTON, HILLARY",Democrat,1,,,,HISTORIC CROSS-PARTY ENDORSEMENT; FIRST DEMOCRATIC PRESIDENTIAL ENDORSEMENT BY THE ENQUIRER SINCE WOODROW WILSON IN 1916,0.97
OH,Cincinnati Enquirer,134700,2016,SENATOR,,,OH,"PORTMAN, ROB",Republican,1,,1,,INCUMBENT; ENDORSED IN 2010 FOR FIRST TERM,0.97
OH,Cincinnati Enquirer,134700,2016,CNTY COMM,,,OH,"DRIEHAUS, DENISE",Democrat,1,,,,HAMILTON COUNTY COMMISSIONER; PREVIOUSLY ENDORSED FOR STATE REP 31ST IN 2008; CAREER TRAJECTORY FROM STATE REP TO COUNTY COMMISSIONER,0.97
OH,Cincinnati Enquirer,134700,2016,CNTY COMM,,,OH,"PORTUNE, TODD",Democrat,1,1,,,HAMILTON COUNTY COMMISSIONER; IN 2008 THE ENQUIRER REFUSED TO ENDORSE COMMISSIONERS PROTESTING THE PORTUNE-HARTMAN UNCONTESTED DEAL; NOW ENDORSING PORTUNE IN 2016,0.97
OH,Cincinnati Enquirer,134700,2016,SHERIFF,,,OH,"LEE, GARY",,1,,,,HAMILTON COUNTY SHERIFF; PARTY NOT STATED IN THIS SUMMARY,0.97
OH,Cincinnati Enquirer,134700,2016,COURT OF COMMON PLEAS,,,OH,"ROGERS, DARLENE",,1,,,,COMMON PLEAS JUDGE; PARTY NOT STATED IN THIS SUMMARY,0.97
OH,Cincinnati Enquirer,134700,2016,PRESIDENT,,,OH,"TRUMP, DONALD J.",Republican,0,,,,'TRUMP REMAINS A CLEAR AND PRESENT DANGER TO OUR COUNTRY'.,0.95
