state_newspaper,newspaper,newspaper_id,year,office,dist,dname,state_election,cand_name,party,endorsed,d_inc,r_inc,o_inc,notes_endorse,extraction_confidence
AZ,Phoenix Arizona Gazette,100651,1952,ATTORNEY GENERAL,,,AZ,"JONES, ROSS",Republican,1,,,,WON STATE BAR ELECTION FOR ATTORNEY GENERAL.,0.95
AZ,Phoenix Arizona Gazette,100651,1952,ATTORNEY GENERAL,,,AZ,"WILSON, FRED O.",Democrat,0,,,,OPPOSED. STATE BAR LAWYERS REFUSED TO VOTE FOR HIM.,0.95
AZ,Phoenix Arizona Gazette,100651,1952,GOVERNOR,,,AZ,"HALDIMAN, JOE C.",Democrat,0,,,,OPPOSED. CLAIMS UNSUBSTANTIATED.,1.0
AZ,Phoenix Arizona Gazette,100651,1952,GOVERNOR,,,AZ,"PYLE, HOWARD",Republican,1,,1,,BEST FOR ARIZONA. EFFICIENT ADMINISTRATION; WORKS WELL WITH DEMOCRATIC LEGISLATORS.,1.0
AZ,Phoenix Arizona Gazette,100651,1952,H,1,,AZ,"MURDOCK, JOHN R.",Democrat,0,1,,,OPPOSED. CHARGED IN PRIMARY WITH NOT KNOWING WAY AROUND COMMITTEE ROOM.,1.0
AZ,Phoenix Arizona Gazette,100651,1952,H,1,,AZ,"RHODES, JOHN J.",Republican,1,,,,DESERVES SUPPORT.,1.0
AZ,Phoenix Arizona Gazette,100651,1952,JUDGE,MARICOPA SUPERIOR COURT,,AZ,"BERNSTEIN, CHARLES E.",Democrat,1,,,,FAVORED BY MARICOPA COUNTY BAR ASSN.,0.9
AZ,Phoenix Arizona Gazette,100651,1952,JUDGE,MARICOPA SUPERIOR COURT,,AZ,"STEVENS, HENRY",Republican,1,,,,FAVORED BY MARICOPA COUNTY BAR ASSN. STEVENS IS REPUBLICAN.,0.95
AZ,Phoenix Arizona Gazette,100651,1952,JUDGE,AZ SUPREME COURT,,AZ,"UDALL, LEVI S.",Democrat,1,,,,TOP IN STATE BAR PREFERENTIAL BALLOTING FOR JUDGE OF AZ SUPREME COURT.,0.9
AZ,Phoenix Arizona Gazette,100651,1952,JUDGE,AZ SUPREME COURT,,AZ,"WINDES, DUDLEY W.",Democrat,1,,,,TOP IN STATE BAR PREFERENTIAL BALLOTING FOR JUDGE OF AZ SUPREME COURT.,0.9
AZ,Phoenix Arizona Gazette,100651,1952,PRESIDENT,,,AZ,"EISENHOWER, DWIGHT D.",Republican,1,,,,IKE IS THE CANDIDATE OF HISTORY. ONLY ONE WHO CAN RE-UNITE THE NATION; MIGHT DETER STALIN.,1.0
AZ,Phoenix Arizona Gazette,100651,1952,PRESIDENT,,,AZ,"STEVENSON, ADLAI E.",Democrat,0,,,,OPPOSED. NEW DEAL-FAIR DEAL PLATFORM PITS GROUPS AGAINST EACH OTHER; SURROUNDED BY LEFT-WINGERS.,1.0
AZ,Phoenix Arizona Gazette,100651,1952,SENATOR,,,AZ,"GOLDWATER, BARRY",Republican,1,,,,MORE COMMON SENSE THAN TO CALL KOREAN WAR CHEAP.,1.0
AZ,Phoenix Arizona Gazette,100651,1952,SENATOR,,,AZ,"MCFARLAND, ERNEST W.",Democrat,0,1,,,OPPOSED. SENATE MAJORITY LEADER CRITICIZED FOR REMARKS ON KOREAN WAR.,1.0
AZ,Phoenix Arizona Gazette,100651,1958,SENATOR,,,AZ,"GOLDWATER, BARRY",Republican,1,,1,,EDITORIAL 'THEY'VE GOT TO GET GOLDWATER' OCT 17 1958. STRONG ENDORSEMENT - 'WE BELIEVE THAT GOLDWATER WILL GO BACK TO THE SENATE NEXT YEAR.' OPPOSES BIG LABOR/COPE/REUTHER EFFORT TO DEFEAT HIM.,1.0
AZ,Phoenix Arizona Gazette,100651,1958,CNTY COMM,,MARICOPA,AZ,"HART, JAMES G.",Republican,1,,1,,EDITORIAL 'AND SPEAKING OF THE ELECTION' NOV 3 1958. MARICOPA COUNTY SUPERVISOR (INCUMBENT REPUBLICAN PER CAMPAIGN ARTICLE). 'JAMES G. HART AND JAMES T. O'NEIL SINCE 1952 HAVE SPEARHEADED A BOARD OF SUPERVISORS PROGRAM WHICH HAS MADE MARICOPA COUNTY ONE OF THE BEST ADMINISTERED IN THE UNITED STATES. THEY DESERVE RE-ELECTION.',0.9
AZ,Phoenix Arizona Gazette,100651,1958,CNTY COMM,,MARICOPA,AZ,"O'NEIL, JAMES T.",Democrat,1,1,,,"EDITORIAL 'AND SPEAKING OF THE ELECTION' NOV 3 1958. MARICOPA COUNTY SUPERVISOR. CROSS-PARTY ENDORSEMENT - 'IF DEMOCRATS WANT TO VOTE FOR HART OR REPUBLICANS FOR O'NEIL, TICKET-SPLITTING IS EASY.' INCUMBENT DEMOCRAT SINCE 1952.",0.9
AZ,Phoenix Arizona Gazette,100651,1964,ASSESSOR,MARICOPA,,AZ,"SPARKS, C.L.",Democrat,1,,,,MARICOPA COUNTY ASSESSOR,0.95
AZ,Phoenix Arizona Gazette,100651,1964,AUDITOR,,,AZ,"JORDAN, JEWEL W. (MRS. LON)",Democrat,1,,,,STATE AUDITOR 1964,0.95
AZ,Phoenix Arizona Gazette,100651,1964,CNTY COMM,MARICOPA-2,,AZ,"BURNS, B.W.",Republican,1,,,,MARICOPA BOARD OF SUPERVISORS DIST 2,0.95
AZ,Phoenix Arizona Gazette,100651,1964,CNTY COMM,MARICOPA-3,,AZ,"O'NEIL, JAMES T. (RUTH) MRS.",Democrat,1,,,,MARICOPA BOARD OF SUPERVISORS DIST 3,0.95
AZ,Phoenix Arizona Gazette,100651,1964,CNTY COMM,MARICOPA-3,,AZ,"STARK, BOB",Republican,1,,,,MARICOPA BOARD OF SUPERVISORS DIST 3,0.95
AZ,Phoenix Arizona Gazette,100651,1964,CORPORATION COMMISSION,SHORT,,AZ,"CLARK, JOHN P.",Republican,1,,,,CORPORATION COMMISSIONER SHORT TERM,0.95
AZ,Phoenix Arizona Gazette,100651,1964,CORPORATION COMMISSION,SHORT,,AZ,"HUSKY, MILTON J.",Democrat,1,,,,CORPORATION COMMISSIONER SHORT TERM,0.95
AZ,Phoenix Arizona Gazette,100651,1964,CORPORATION COMMISSION,LONG,,AZ,"MANGIN, FRANK",Republican,1,,,,CORPORATION COMMISSIONER LONG TERM,0.95
AZ,Phoenix Arizona Gazette,100651,1964,JUDGE,AZ-APPEALS-1,,AZ,"CAMERON, JAMES DUKE",Republican,1,,,,COURT OF APPEALS DIVISION 1,0.95
AZ,Phoenix Arizona Gazette,100651,1964,JUDGE,MARICOPA-SUPERIOR-17,,AZ,"CANTOR, IRWIN",Republican,1,,,,MARICOPA SUPERIOR COURT DIVISION 17,0.95
AZ,Phoenix Arizona Gazette,100651,1964,JUDGE,AZ-APPEALS-1,,AZ,"DONOFRIO, FRANCIS J.",Democrat,1,,,,COURT OF APPEALS DIVISION 1 - MARICOPA,0.95
AZ,Phoenix Arizona Gazette,100651,1964,JUDGE,AZ-APPEALS-2,,AZ,"HATHAWAY, JAMES D.",Democrat,1,,,,COURT OF APPEALS DIVISION 2,0.95
AZ,Phoenix Arizona Gazette,100651,1964,JUDGE,MARICOPA-SUPERIOR-9,,AZ,"HENDERSON, LAURENS L.",Republican,1,,,,MARICOPA SUPERIOR COURT DIVISION 9,0.95
AZ,Phoenix Arizona Gazette,100651,1964,JUDGE,MARICOPA-SUPERIOR-16,,AZ,"HOLOHAN, WILLIAM A.",Republican,1,,,,MARICOPA SUPERIOR COURT DIVISION 16,0.95
AZ,Phoenix Arizona Gazette,100651,1964,JUDGE,MARICOPA-SUPERIOR-1,,AZ,"JONES, ROSS F.",Republican,1,,,,MARICOPA SUPERIOR COURT DIVISION 1,0.95
AZ,Phoenix Arizona Gazette,100651,1964,JUDGE,AZ-APPEALS-2,,AZ,"KRUCKER, HERBERT F.",Republican,1,,,,COURT OF APPEALS DIVISION 2 - PIMA,0.95
AZ,Phoenix Arizona Gazette,100651,1964,JUDGE,AZ-SUPREME-2,,AZ,"MCFARLAND, ERNEST W.",Democrat,1,,,,JUDGE OF SUPREME COURT TERM NO. 2,0.95
AZ,Phoenix Arizona Gazette,100651,1964,JUDGE,AZ-APPEALS-2,,AZ,"MOLLOY, JOHN F.",Democrat,1,,,,COURT OF APPEALS DIVISION 2 - PIMA,0.95
AZ,Phoenix Arizona Gazette,100651,1964,JUDGE,AZ-SUPREME-2,,AZ,"SCRUGGS, EDWARD W.",Republican,1,,,,JUDGE OF SUPREME COURT TERM NO. 2,0.95
AZ,Phoenix Arizona Gazette,100651,1964,JUDGE,AZ-APPEALS-1,,AZ,"STEVENS, HENRY S.",Republican,1,,,,COURT OF APPEALS DIVISION 1 - MARICOPA,0.95
AZ,Phoenix Arizona Gazette,100651,1964,JUDGE,MARICOPA-SUPERIOR-5,,AZ,"THURMAN, E.R. (DAD)",Democrat,1,,,,MARICOPA SUPERIOR COURT DIVISION 5,0.95
AZ,Phoenix Arizona Gazette,100651,1964,JUDGE,MARICOPA-SUPERIOR-17,,AZ,"THURSTON, EDWIN",Democrat,1,,,,MARICOPA SUPERIOR COURT DIVISION 17,0.95
AZ,Phoenix Arizona Gazette,100651,1964,JUDGE,AZ-APPEALS-1,,AZ,"UDALL, DON T.",Democrat,1,,,,COURT OF APPEALS DIVISION 1,0.95
AZ,Phoenix Arizona Gazette,100651,1964,JUDGE,AZ-SUPREME-1,,AZ,"UDALL, JESSE A.",Republican,1,,,,JUDGE OF SUPREME COURT TERM NO. 1,0.95
AZ,Phoenix Arizona Gazette,100651,1964,MINE INSPECTOR,,,AZ,"HERSEY, R.V. (ROY)",Democrat,1,,,,STATE MINE INSPECTOR 1964,0.95
AZ,Phoenix Arizona Gazette,100651,1964,SHERIFF,MARICOPA,,AZ,"BOIES, L.C. (CAL)",Democrat,1,,,,MARICOPA SHERIFF,0.95
AZ,Phoenix Arizona Gazette,100651,1964,STATE REP,24,,AZ,"ADAMS, RUTH",Republican,1,,,,1964 GAZETTE PREFERENCE - HOUSE MARICOPA,0.95
AZ,Phoenix Arizona Gazette,100651,1964,STATE REP,25,,AZ,"ANDERSON, JOHN K.",Democrat,1,,,,1964 GAZETTE PREFERENCE - HOUSE MARICOPA,0.95
AZ,Phoenix Arizona Gazette,100651,1964,STATE REP,20,,AZ,"BANDOUVERIS, HARRY",Republican,1,,,,1964 GAZETTE PREFERENCE - HOUSE MARICOPA,0.95
AZ,Phoenix Arizona Gazette,100651,1964,STATE REP,27,,AZ,"BARR, BURTON S.",Republican,1,,,,1964 GAZETTE PREFERENCE - HOUSE MARICOPA,0.95
AZ,Phoenix Arizona Gazette,100651,1964,STATE REP,30,,AZ,"BENITES, JOE",Republican,1,,,,1964 GAZETTE PREFERENCE - HOUSE MARICOPA,0.95
AZ,Phoenix Arizona Gazette,100651,1964,STATE REP,19,,AZ,"BREWER, ROBERT",Republican,1,,,,1964 GAZETTE PREFERENCE - HOUSE MARICOPA,0.95
AZ,Phoenix Arizona Gazette,100651,1964,STATE REP,23,,AZ,"BURGESS, ISABEL",Republican,1,,,,1964 GAZETTE PREFERENCE - HOUSE MARICOPA,0.95
AZ,Phoenix Arizona Gazette,100651,1964,STATE REP,15,,AZ,"BUTLER, DONALD E.",Republican,1,,,,1964 GAZETTE PREFERENCE - HOUSE MARICOPA,0.95
AZ,Phoenix Arizona Gazette,100651,1964,STATE REP,11,,AZ,"CALDERON JR., LEONARD M.",Democrat,1,,,,1964 GAZETTE PREFERENCE - HOUSE MARICOPA,0.95
AZ,Phoenix Arizona Gazette,100651,1964,STATE REP,7,,AZ,"CAMPBELL, CLOVES C.",Democrat,1,,,,1964 GAZETTE PREFERENCE - HOUSE MARICOPA,0.95
AZ,Phoenix Arizona Gazette,100651,1964,STATE REP,13,,AZ,"CLECKNER, JAMES E.",Democrat,1,,,,1964 GAZETTE PREFERENCE - HOUSE MARICOPA,0.95
AZ,Phoenix Arizona Gazette,100651,1964,STATE REP,3,,AZ,"ELLSWORTH, DELOS",Republican,1,,,,1964 GAZETTE PREFERENCE - HOUSE MARICOPA,0.95
AZ,Phoenix Arizona Gazette,100651,1964,STATE REP,1,,AZ,"ELLSWORTH, ED",Democrat,1,,,,1964 GAZETTE PREFERENCE - HOUSE MARICOPA,0.95
AZ,Phoenix Arizona Gazette,100651,1964,STATE REP,26,,AZ,"FLAKE, SAM",Republican,1,,,,1964 GAZETTE PREFERENCE - HOUSE MARICOPA,0.95
AZ,Phoenix Arizona Gazette,100651,1964,STATE REP,8,,AZ,"FUHRMAN, CHARLES J.",Republican,1,,,,1964 GAZETTE PREFERENCE - HOUSE MARICOPA,0.95
AZ,Phoenix Arizona Gazette,100651,1964,STATE REP,39,,AZ,"GOETZE, RAY A.",Republican,1,,,,1964 GAZETTE PREFERENCE - HOUSE MARICOPA,0.95
AZ,Phoenix Arizona Gazette,100651,1964,STATE REP,21,,AZ,"GOLDBERG JR., CHET",Republican,1,,,,1964 GAZETTE PREFERENCE - HOUSE MARICOPA,0.95
AZ,Phoenix Arizona Gazette,100651,1964,STATE REP,32,,AZ,"GRAY, GORDON H.",Republican,1,,,,1964 GAZETTE PREFERENCE - HOUSE MARICOPA,0.95
AZ,Phoenix Arizona Gazette,100651,1964,STATE REP,37,,AZ,"GRUBE, LEONARD J. (JIM)",Democrat,1,,,,1964 GAZETTE PREFERENCE - HOUSE MARICOPA,0.95
AZ,Phoenix Arizona Gazette,100651,1964,STATE REP,7,,AZ,"HALL, HERB",Republican,1,,,,1964 GAZETTE PREFERENCE - HOUSE MARICOPA,0.95
AZ,Phoenix Arizona Gazette,100651,1964,STATE REP,24,,AZ,"HARGRAVE, ART",Democrat,1,,,,1964 GAZETTE PREFERENCE - HOUSE MARICOPA,0.95
AZ,Phoenix Arizona Gazette,100651,1964,STATE REP,34,,AZ,"HAYS, PRISCILLA",Republican,1,,,,1964 GAZETTE PREFERENCE - HOUSE MARICOPA,0.95
AZ,Phoenix Arizona Gazette,100651,1964,STATE REP,31,,AZ,"HEDBERG, JOHN",Republican,1,,,,1964 GAZETTE PREFERENCE - HOUSE MARICOPA,0.95
AZ,Phoenix Arizona Gazette,100651,1964,STATE REP,14,,AZ,"HELLMAN, JOHN A.",Democrat,1,,,,1964 GAZETTE PREFERENCE - HOUSE MARICOPA,0.95
AZ,Phoenix Arizona Gazette,100651,1964,STATE REP,17,,AZ,"HUTTO, ROBERT",Democrat,1,,,,1964 GAZETTE PREFERENCE - HOUSE MARICOPA,0.95
AZ,Phoenix Arizona Gazette,100651,1964,STATE REP,37,,AZ,"JENKS, DAVE",Republican,1,,,,1964 GAZETTE PREFERENCE - HOUSE MARICOPA,0.95
AZ,Phoenix Arizona Gazette,100651,1964,STATE REP,33,,AZ,"JOHNSON, CHRIS T.",Republican,1,,,,1964 GAZETTE PREFERENCE - HOUSE MARICOPA,0.95
AZ,Phoenix Arizona Gazette,100651,1964,STATE REP,14,,AZ,"JONES, D. LEE",Republican,1,,,,1964 GAZETTE PREFERENCE - HOUSE MARICOPA,0.95
AZ,Phoenix Arizona Gazette,100651,1964,STATE REP,28,,AZ,"KAUFMAN, ELLIOTT",Democrat,1,,,,1964 GAZETTE PREFERENCE - HOUSE MARICOPA,0.95
AZ,Phoenix Arizona Gazette,100651,1964,STATE REP,13,,AZ,"KELLEY, FRANK J.",Republican,1,,,,1964 GAZETTE PREFERENCE - HOUSE MARICOPA,0.95
AZ,Phoenix Arizona Gazette,100651,1964,STATE REP,18,,AZ,"KLUENDER, A.E.",Republican,1,,,,1964 GAZETTE PREFERENCE - HOUSE MARICOPA,0.95
AZ,Phoenix Arizona Gazette,100651,1964,STATE REP,12,,AZ,"KRET, DAVID B.",Republican,1,,,,1964 GAZETTE PREFERENCE - HOUSE MARICOPA,0.95
AZ,Phoenix Arizona Gazette,100651,1964,STATE REP,38,,AZ,"LAFORCE, BRUCE R.",Republican,1,,,,1964 GAZETTE PREFERENCE - HOUSE MARICOPA,0.95
AZ,Phoenix Arizona Gazette,100651,1964,STATE REP,39,,AZ,"LITZEN, ROY W.",Democrat,1,,,,1964 GAZETTE PREFERENCE - HOUSE MARICOPA,0.95
AZ,Phoenix Arizona Gazette,100651,1964,STATE REP,26,,AZ,"MCDANIEL, THEODORE TIM",Democrat,1,,,,1964 GAZETTE PREFERENCE - HOUSE MARICOPA,0.95
AZ,Phoenix Arizona Gazette,100651,1964,STATE REP,20,,AZ,"NAUGHTON, DENNIS D.",Democrat,1,,,,1964 GAZETTE PREFERENCE - HOUSE MARICOPA,0.95
AZ,Phoenix Arizona Gazette,100651,1964,STATE REP,36,,AZ,"OLDHAM, R. LARRY",Republican,1,,,,1964 GAZETTE PREFERENCE - HOUSE MARICOPA,0.95
AZ,Phoenix Arizona Gazette,100651,1964,STATE REP,28,,AZ,"PECK, RUTH",Republican,1,,,,1964 GAZETTE PREFERENCE - HOUSE MARICOPA,0.95
AZ,Phoenix Arizona Gazette,100651,1964,STATE REP,2,,AZ,"PORTER, WILLIAM S.",Republican,1,,,,1964 GAZETTE PREFERENCE - HOUSE MARICOPA,0.95
AZ,Phoenix Arizona Gazette,100651,1964,STATE REP,25,,AZ,"PRITZLAFF JR., JOHN",Republican,1,,,,1964 GAZETTE PREFERENCE - HOUSE MARICOPA,0.95
AZ,Phoenix Arizona Gazette,100651,1964,STATE REP,40,,AZ,"RHODES, T.C. (DOC)",Democrat,1,,,,1964 GAZETTE PREFERENCE - HOUSE MARICOPA,0.95
AZ,Phoenix Arizona Gazette,100651,1964,STATE REP,16,,AZ,"ROCKWELL, ELIZABETH ADAMS",Republican,1,,,,1964 GAZETTE PREFERENCE - HOUSE MARICOPA,0.95
AZ,Phoenix Arizona Gazette,100651,1964,STATE REP,15,,AZ,"RYAN, ARCHIE",Democrat,1,,,,1964 GAZETTE PREFERENCE - HOUSE MARICOPA,0.95
AZ,Phoenix Arizona Gazette,100651,1964,STATE REP,35,,AZ,"SCHWARTZ, DANIEL H.",Democrat,1,,,,1964 GAZETTE PREFERENCE - HOUSE MARICOPA,0.95
AZ,Phoenix Arizona Gazette,100651,1964,STATE REP,4,,AZ,"SHELLEY, JAMES E.",Republican,1,,,,1964 GAZETTE PREFERENCE - HOUSE MARICOPA,0.95
AZ,Phoenix Arizona Gazette,100651,1964,STATE REP,22,,AZ,"SHERRILL, W.P.",Republican,1,,,,1964 GAZETTE PREFERENCE - HOUSE MARICOPA,0.95
AZ,Phoenix Arizona Gazette,100651,1964,STATE REP,3,,AZ,"SKOUSEN, WILLIAM",Democrat,1,,,,1964 GAZETTE PREFERENCE - HOUSE MARICOPA,0.95
AZ,Phoenix Arizona Gazette,100651,1964,STATE REP,31,,AZ,"SMITH, HAROLD W.",Democrat,1,,,,1964 GAZETTE PREFERENCE - HOUSE MARICOPA,0.95
AZ,Phoenix Arizona Gazette,100651,1964,STATE REP,9,,AZ,"STUMP, BOB",Democrat,1,,,,1964 GAZETTE PREFERENCE - HOUSE MARICOPA,0.95
AZ,Phoenix Arizona Gazette,100651,1964,STATE REP,17,,AZ,"THEILKAS, DOROTHY (MRS.)",Republican,1,,,,1964 GAZETTE PREFERENCE - HOUSE MARICOPA,0.95
AZ,Phoenix Arizona Gazette,100651,1964,STATE REP,10,,AZ,"THOMPSON, LEON",Democrat,1,,,,1964 GAZETTE PREFERENCE - HOUSE MARICOPA,0.95
AZ,Phoenix Arizona Gazette,100651,1964,STATE REP,1,,AZ,"TURLEY, STAN",Republican,1,,,,1964 GAZETTE PREFERENCE - HOUSE MARICOPA,0.95
AZ,Phoenix Arizona Gazette,100651,1964,STATE REP,6,,AZ,"VALENZUELA, DAVID M.",Democrat,1,,,,1964 GAZETTE PREFERENCE - HOUSE MARICOPA,0.95
AZ,Phoenix Arizona Gazette,100651,1964,STATE REP,29,,AZ,"VANDER MOLEN, CAL",Republican,1,,,,1964 GAZETTE PREFERENCE - HOUSE MARICOPA,0.95
AZ,Phoenix Arizona Gazette,100651,1964,STATE REP,12,,AZ,"WELKER, LAVERNE",Democrat,1,,,,1964 GAZETTE PREFERENCE - HOUSE MARICOPA,0.95
AZ,Phoenix Arizona Gazette,100651,1964,STATE REP,35,,AZ,"WILCOX, ROBERT C.",Republican,1,,,,1964 GAZETTE PREFERENCE - HOUSE MARICOPA,0.95
AZ,Phoenix Arizona Gazette,100651,1964,STATE SENATOR,MARICOPA,,AZ,"DIEFENDERFER, GEORGE W.",Republican,1,,,,STATE SENATE MARICOPA COUNTY,0.95
AZ,Phoenix Arizona Gazette,100651,1964,STATE SENATOR,MARICOPA,,AZ,"RHODES, B.C.",Democrat,1,,,,STATE SENATE MARICOPA COUNTY,0.95
AZ,Phoenix Arizona Gazette,100651,1964,TAX COMMISSIONER,SHORT,,AZ,"BRODERICK, HARRY",Democrat,1,,,,STATE TAX COMMISSIONER SHORT TERM,0.95
AZ,Phoenix Arizona Gazette,100651,1964,TAX COMMISSIONER,LONG,,AZ,"DEWITT, L. WALDO",Democrat,1,,,,STATE TAX COMMISSIONER LONG TERM,0.95
AZ,Phoenix Arizona Gazette,100651,1964,TAX COMMISSIONER,SHORT,,AZ,"HAZELETT, JOHN",Republican,1,,,,STATE TAX COMMISSIONER SHORT TERM,0.95
AZ,Phoenix Arizona Gazette,100651,1964,TAX COMMISSIONER,SHORT,,AZ,"HUNT, JOE",Democrat,1,,,,STATE TAX COMMISSIONER SHORT TERM,0.95
AZ,Phoenix Arizona Gazette,100651,1964,ASSESSOR,MARICOPA,,AZ,"SPARKS, C. L.",Democrat,1,,,,COUNTY ASSESSOR.,1.0
AZ,Phoenix Arizona Gazette,100651,1964,ATTORNEY GENERAL,,,AZ,"SMITH, DARRELL F.",Republican,1,,,,GAZETTE LISTS PREFERENCES.,1.0
AZ,Phoenix Arizona Gazette,100651,1964,AUDITOR,,,AZ,"JORDAN, JEWEL W.",Democrat,1,,,,"MRS. LON JORDAN, STATE AUDITOR.",1.0
AZ,Phoenix Arizona Gazette,100651,1964,CNTY COMM,MARICOPA 2,,AZ,"BURNS, B. W.",Republican,1,,,,MARICOPA SUPERVISOR.,1.0
AZ,Phoenix Arizona Gazette,100651,1964,CNTY COMM,MARICOPA 3,,AZ,"O'NEIL, MRS. JAMES T. (RUTH)",Democrat,1,,,,MARICOPA SUPERVISOR.,1.0
AZ,Phoenix Arizona Gazette,100651,1964,CNTY COMM,MARICOPA 3,,AZ,"STARK, BOB",Republican,1,,,,MARICOPA SUPERVISOR.,1.0
AZ,Phoenix Arizona Gazette,100651,1964,CORPORATION COMMISSION,,,AZ,"CLARK, JOHN P.",Republican,1,,,,CORPORATION COMMISSIONER (SHORT TERM).,1.0
AZ,Phoenix Arizona Gazette,100651,1964,CORPORATION COMMISSION,,,AZ,"HUSKY, MILTON J.",Democrat,1,,,,CORPORATION COMMISSIONER (SHORT TERM).,1.0
AZ,Phoenix Arizona Gazette,100651,1964,CORPORATION COMMISSION,,,AZ,"MANGIN, FRANK",Republican,1,,,,CORPORATION COMMISSIONER (LONG TERM).,1.0
AZ,Phoenix Arizona Gazette,100651,1964,DA/PROSECUTOR,MARICOPA,,AZ,"CORBIN, BOB",Republican,1,,,,COUNTY ATTORNEY.,1.0
AZ,Phoenix Arizona Gazette,100651,1964,GOVERNOR,,,AZ,"GODDARD, SAM",Democrat,1,1,,,GAZETTE LISTS PREFERENCES.,1.0
AZ,Phoenix Arizona Gazette,100651,1964,GOVERNOR,,,AZ,"KLEINDIENST, RICHARD",Republican,1,,,,GAZETTE LISTS PREFERENCES.,1.0
AZ,Phoenix Arizona Gazette,100651,1964,H,2,,AZ,"KIMBLE, WILLIAM E.",Republican,1,,,,GAZETTE LISTS PREFERENCES.,1.0
AZ,Phoenix Arizona Gazette,100651,1964,H,1,,AZ,"RHODES, JOHN",Republican,1,,1,,GAZETTE LISTS PREFERENCES.,1.0
AZ,Phoenix Arizona Gazette,100651,1964,H,3,,AZ,"STEIGER, SAM",Republican,1,,,,GAZETTE LISTS PREFERENCES.,1.0
AZ,Phoenix Arizona Gazette,100651,1964,H,2,,AZ,"UDALL, MORRIS K.",Democrat,1,1,,,GAZETTE LISTS PREFERENCES.,1.0
AZ,Phoenix Arizona Gazette,100651,1964,JUDGE,AZ COURT OF APPEALS DIV 1,,AZ,"CAMERON, JAMES DUKE",Republican,1,,,,GAZETTE LISTS PREFERENCES.,1.0
AZ,Phoenix Arizona Gazette,100651,1964,JUDGE,MARICOPA SUPERIOR COURT DIV 17,,AZ,"CANTOR, IRWIN",Republican,1,,,,GAZETTE LISTS PREFERENCES.,1.0
AZ,Phoenix Arizona Gazette,100651,1964,JUDGE,AZ COURT OF APPEALS DIV 1,,AZ,"DONOFRIO, FRANCIS J.",Democrat,1,,,,GAZETTE LISTS PREFERENCES.,0.9
AZ,Phoenix Arizona Gazette,100651,1964,JUDGE,AZ COURT OF APPEALS DIV 2,,AZ,"HATHAWAY, JAMES D.",Democrat,1,,,,FROM PINAL/COCHISE/SANTA CRUZ/GREENLEE/GILA/GRAHAM.,1.0
AZ,Phoenix Arizona Gazette,100651,1964,JUDGE,MARICOPA SUPERIOR COURT DIV 9,,AZ,"HENDERSON, LAURENS L.",Republican,1,,,,GAZETTE LISTS PREFERENCES.,1.0
AZ,Phoenix Arizona Gazette,100651,1964,JUDGE,MARICOPA SUPERIOR COURT DIV 16,,AZ,"HOLOHAN, WILLIAM A.",Republican,1,,,,GAZETTE LISTS PREFERENCES.,1.0
AZ,Phoenix Arizona Gazette,100651,1964,JUDGE,MARICOPA SUPERIOR COURT DIV 1,,AZ,"JONES, ROSS F.",Republican,1,,,,GAZETTE LISTS PREFERENCES.,1.0
AZ,Phoenix Arizona Gazette,100651,1964,JUDGE,AZ COURT OF APPEALS DIV 2,,AZ,"KRUCKER, HERBERT F.",Republican,1,,,,PIMA COUNTY.,1.0
AZ,Phoenix Arizona Gazette,100651,1964,JUDGE,AZ SUPREME COURT TERM 2,,AZ,"MCFARLAND, ERNEST W.",Democrat,1,,,,GAZETTE LISTS PREFERENCES — TERM 2.,1.0
AZ,Phoenix Arizona Gazette,100651,1964,JUDGE,AZ COURT OF APPEALS DIV 2,,AZ,"MOLLOY, JOHN F.",Democrat,1,,,,PIMA COUNTY.,1.0
AZ,Phoenix Arizona Gazette,100651,1964,JUDGE,AZ SUPREME COURT TERM 2,,AZ,"SCRUGGS, EDWARD W.",Republican,1,,,,GAZETTE LISTS PREFERENCES — TERM 2.,1.0
AZ,Phoenix Arizona Gazette,100651,1964,JUDGE,AZ COURT OF APPEALS DIV 1,,AZ,"STEVENS, HENRY S.",Republican,1,,,,GAZETTE LISTS PREFERENCES.,1.0
AZ,Phoenix Arizona Gazette,100651,1964,JUDGE,MARICOPA SUPERIOR COURT DIV 5,,AZ,"THURMAN, E. R. (DAD)",Democrat,1,,,,GAZETTE LISTS PREFERENCES.,1.0
AZ,Phoenix Arizona Gazette,100651,1964,JUDGE,MARICOPA SUPERIOR COURT DIV 17,,AZ,"THURSTON, EDWIN",Democrat,1,,,,GAZETTE LISTS PREFERENCES.,1.0
AZ,Phoenix Arizona Gazette,100651,1964,JUDGE,AZ COURT OF APPEALS DIV 1,,AZ,"UDALL, DON T.",Democrat,1,,,,FROM YUMA/MOHAVE/COCONINO/YAVAPAI/NAVAJO/APACHE.,1.0
AZ,Phoenix Arizona Gazette,100651,1964,JUDGE,AZ SUPREME COURT TERM 1,,AZ,"UDALL, JESSE A.",Republican,1,,,,GAZETTE LISTS PREFERENCES — TERM 1.,0.85
AZ,Phoenix Arizona Gazette,100651,1964,MINE INSPECTOR,,,AZ,"HERSEY, R. V. (ROY)",Democrat,1,,,,STATE MINE INSPECTOR.,1.0
AZ,Phoenix Arizona Gazette,100651,1964,RECORDER,MARICOPA,,AZ,"JOYCE, FRED J.",Republican,1,,,,COUNTY RECORDER.,1.0
AZ,Phoenix Arizona Gazette,100651,1964,RECORDER,MARICOPA,,AZ,"WARD, CLIFFORD H.",Democrat,1,,,,COUNTY RECORDER.,1.0
AZ,Phoenix Arizona Gazette,100651,1964,SEC OF STATE,,,AZ,"BOLIN, WESLEY",Democrat,1,,,,GAZETTE LISTS PREFERENCES.,1.0
AZ,Phoenix Arizona Gazette,100651,1964,SENATOR,,,AZ,"ELSON, ROY L.",Democrat,1,,,,GAZETTE LISTS PREFERENCES — DEMOCRAT QUALIFIED.,1.0
AZ,Phoenix Arizona Gazette,100651,1964,SENATOR,,,AZ,"FANNIN, PAUL",Republican,1,,,,GAZETTE LISTS PREFERENCES — REPUBLICAN QUALIFIED.,1.0
AZ,Phoenix Arizona Gazette,100651,1964,SHERIFF,MARICOPA,,AZ,"BOIES, L. C. (CAL)",Democrat,1,,,,GAZETTE LISTS PREFERENCES.,1.0
AZ,Phoenix Arizona Gazette,100651,1964,STATE SENATOR,24,,AZ,"ADAMS, RUTH",Republican,1,,,,GAZETTE LISTS PREFERENCES.,1.0
AZ,Phoenix Arizona Gazette,100651,1964,STATE SENATOR,25,,AZ,"ANDERSON, JOHN K.",Democrat,1,,,,GAZETTE LISTS PREFERENCES.,1.0
AZ,Phoenix Arizona Gazette,100651,1964,STATE SENATOR,20,,AZ,"BANDOUVERIS, HARRY",Republican,1,,,,GAZETTE LISTS PREFERENCES.,1.0
AZ,Phoenix Arizona Gazette,100651,1964,STATE SENATOR,27,,AZ,"BARR, BURTON S.",Republican,1,,,,GAZETTE LISTS PREFERENCES.,1.0
AZ,Phoenix Arizona Gazette,100651,1964,STATE SENATOR,30,,AZ,"BENITES, JOE",Republican,1,,,,GAZETTE LISTS PREFERENCES.,1.0
AZ,Phoenix Arizona Gazette,100651,1964,STATE SENATOR,19,,AZ,"BREWER, ROBERT",Republican,1,,,,GAZETTE LISTS PREFERENCES.,1.0
AZ,Phoenix Arizona Gazette,100651,1964,STATE SENATOR,23,,AZ,"BURGESS, ISABEL",Republican,1,,,,GAZETTE LISTS PREFERENCES.,1.0
AZ,Phoenix Arizona Gazette,100651,1964,STATE SENATOR,15,,AZ,"BUTLER, DONALD E.",Republican,1,,,,GAZETTE LISTS PREFERENCES.,1.0
AZ,Phoenix Arizona Gazette,100651,1964,STATE SENATOR,10,,AZ,"CALDERON, LEONARD M. JR.",Democrat,1,,,,GAZETTE LISTS PREFERENCES.,1.0
AZ,Phoenix Arizona Gazette,100651,1964,STATE SENATOR,7,,AZ,"CAMPBELL, CLOVES C.",Democrat,1,,,,GAZETTE LISTS PREFERENCES.,1.0
AZ,Phoenix Arizona Gazette,100651,1964,STATE SENATOR,12,,AZ,"CLECKNER, JAMES E.",Democrat,1,,,,GAZETTE LISTS PREFERENCES.,1.0
AZ,Phoenix Arizona Gazette,100651,1964,STATE SENATOR,3,,AZ,"ELLSWORTH, DELOS",Republican,1,,,,GAZETTE LISTS PREFERENCES.,1.0
AZ,Phoenix Arizona Gazette,100651,1964,STATE SENATOR,1 MARICOPA,,AZ,"ELLSWORTH, ED",Democrat,1,,,,STATE SENATE D MARICOPA DIST 1.,1.0
AZ,Phoenix Arizona Gazette,100651,1964,STATE SENATOR,26,,AZ,"FLAKE, SAM",Republican,1,,,,GAZETTE LISTS PREFERENCES.,1.0
AZ,Phoenix Arizona Gazette,100651,1964,STATE SENATOR,8,,AZ,"FUHRMAN, CHARLES J.",Republican,1,,,,GAZETTE LISTS PREFERENCES.,1.0
AZ,Phoenix Arizona Gazette,100651,1964,STATE SENATOR,39,,AZ,"GOETZE, RAY A.",Republican,1,,,,GAZETTE LISTS PREFERENCES.,1.0
AZ,Phoenix Arizona Gazette,100651,1964,STATE SENATOR,21,,AZ,"GOLDBERG, CHET JR.",Republican,1,,,,GAZETTE LISTS PREFERENCES.,1.0
AZ,Phoenix Arizona Gazette,100651,1964,STATE SENATOR,32,,AZ,"GRAY, GORDON H.",Republican,1,,,,GAZETTE LISTS PREFERENCES.,1.0
AZ,Phoenix Arizona Gazette,100651,1964,STATE SENATOR,37,,AZ,"GRUBE, LEONARD J. (JIM)",Democrat,1,,,,GAZETTE LISTS PREFERENCES.,1.0
AZ,Phoenix Arizona Gazette,100651,1964,STATE SENATOR,7,,AZ,"HALL, HERB",Republican,1,,,,GAZETTE LISTS PREFERENCES.,1.0
AZ,Phoenix Arizona Gazette,100651,1964,STATE SENATOR,24,,AZ,"HARGRAVE, ART",Democrat,1,,,,GAZETTE LISTS PREFERENCES.,1.0
AZ,Phoenix Arizona Gazette,100651,1964,STATE SENATOR,34,,AZ,"HAYS, PRISCILLA",Republican,1,,,,GAZETTE LISTS PREFERENCES.,1.0
AZ,Phoenix Arizona Gazette,100651,1964,STATE SENATOR,31,,AZ,"HEDBERG, JOHN",Republican,1,,,,GAZETTE LISTS PREFERENCES.,1.0
AZ,Phoenix Arizona Gazette,100651,1964,STATE SENATOR,13,,AZ,"HELLMAN, JOHN A.",Democrat,1,,,,GAZETTE LISTS PREFERENCES.,1.0
AZ,Phoenix Arizona Gazette,100651,1964,STATE SENATOR,37,,AZ,"JENKS, DAVE",Republican,1,,,,GAZETTE LISTS PREFERENCES.,1.0
AZ,Phoenix Arizona Gazette,100651,1964,STATE SENATOR,33,,AZ,"JOHNSON, CHRIS T.",Republican,1,,,,GAZETTE LISTS PREFERENCES.,1.0
AZ,Phoenix Arizona Gazette,100651,1964,STATE SENATOR,14,,AZ,"JONES, D. LEE",Republican,1,,,,GAZETTE LISTS PREFERENCES.,1.0
AZ,Phoenix Arizona Gazette,100651,1964,STATE SENATOR,28,,AZ,"KAUFMAN, ELLIOTT",Democrat,1,,,,GAZETTE LISTS PREFERENCES.,1.0
AZ,Phoenix Arizona Gazette,100651,1964,STATE SENATOR,13,,AZ,"KELLEY, FRANK J.",Republican,1,,,,GAZETTE LISTS PREFERENCES.,1.0
AZ,Phoenix Arizona Gazette,100651,1964,STATE SENATOR,18,,AZ,"KLUENDER, A. E.",Republican,1,,,,GAZETTE LISTS PREFERENCES.,1.0
AZ,Phoenix Arizona Gazette,100651,1964,STATE SENATOR,12,,AZ,"KRET, DAVID B.",Republican,1,,,,GAZETTE LISTS PREFERENCES.,1.0
AZ,Phoenix Arizona Gazette,100651,1964,STATE SENATOR,38,,AZ,"LAFORCE, BRUCE R.",Republican,1,,,,GAZETTE LISTS PREFERENCES.,1.0
AZ,Phoenix Arizona Gazette,100651,1964,STATE SENATOR,39,,AZ,"LITZEN, ROY W.",Democrat,1,,,,GAZETTE LISTS PREFERENCES.,1.0
AZ,Phoenix Arizona Gazette,100651,1964,STATE SENATOR,26,,AZ,"MCDANIEL, THEODORE TIM",Democrat,1,,,,GAZETTE LISTS PREFERENCES.,1.0
AZ,Phoenix Arizona Gazette,100651,1964,STATE SENATOR,20,,AZ,"NAUGHTON, DENNIS D.",Democrat,1,,,,GAZETTE LISTS PREFERENCES.,1.0
AZ,Phoenix Arizona Gazette,100651,1964,STATE SENATOR,36,,AZ,"OLDHAM, R. LARRY",Republican,1,,,,GAZETTE LISTS PREFERENCES.,1.0
AZ,Phoenix Arizona Gazette,100651,1964,STATE SENATOR,28,,AZ,"PECK, RUTH",Republican,1,,,,GAZETTE LISTS PREFERENCES.,1.0
AZ,Phoenix Arizona Gazette,100651,1964,STATE SENATOR,2,,AZ,"PORTER, WILLIAM S.",Republican,1,,,,GAZETTE LISTS PREFERENCES.,1.0
AZ,Phoenix Arizona Gazette,100651,1964,STATE SENATOR,25,,AZ,"PRITZLAFF, JOHN JR.",Republican,1,,,,GAZETTE LISTS PREFERENCES.,1.0
AZ,Phoenix Arizona Gazette,100651,1964,STATE SENATOR,40,,AZ,"RHODES, T. C. (DOC)",Democrat,1,,,,GAZETTE LISTS PREFERENCES.,1.0
AZ,Phoenix Arizona Gazette,100651,1964,STATE SENATOR,16,,AZ,"ROCKWELL, ELIZABETH ADAMS",Republican,1,,,,GAZETTE LISTS PREFERENCES.,1.0
AZ,Phoenix Arizona Gazette,100651,1964,STATE SENATOR,15,,AZ,"RYAN, ARCHIE",Democrat,1,,,,GAZETTE LISTS PREFERENCES.,1.0
AZ,Phoenix Arizona Gazette,100651,1964,STATE SENATOR,35,,AZ,"SCHWARTZ, DANIEL H.",Democrat,1,,,,GAZETTE LISTS PREFERENCES.,1.0
AZ,Phoenix Arizona Gazette,100651,1964,STATE SENATOR,4,,AZ,"SHELLEY, JAMES E.",Republican,1,,,,GAZETTE LISTS PREFERENCES.,1.0
AZ,Phoenix Arizona Gazette,100651,1964,STATE SENATOR,22,,AZ,"SHERRILL, W. P.",Republican,1,,,,GAZETTE LISTS PREFERENCES.,1.0
AZ,Phoenix Arizona Gazette,100651,1964,STATE SENATOR,3,,AZ,"SKOUSEN, WILLIAM",Democrat,1,,,,GAZETTE LISTS PREFERENCES.,1.0
AZ,Phoenix Arizona Gazette,100651,1964,STATE SENATOR,31,,AZ,"SMITH, HAROLD W.",Democrat,1,,,,GAZETTE LISTS PREFERENCES.,1.0
AZ,Phoenix Arizona Gazette,100651,1964,STATE SENATOR,8,,AZ,"STUMP, BOB",Democrat,1,,,,GAZETTE LISTS PREFERENCES.,1.0
AZ,Phoenix Arizona Gazette,100651,1964,STATE SENATOR,17,,AZ,"THEILKAS, DOROTHY (MRS.)",Republican,1,,,,GAZETTE LISTS PREFERENCES.,1.0
AZ,Phoenix Arizona Gazette,100651,1964,STATE SENATOR,9,,AZ,"THOMPSON, LEON",Democrat,1,,,,GAZETTE LISTS PREFERENCES.,1.0
AZ,Phoenix Arizona Gazette,100651,1964,STATE SENATOR,1 MARICOPA,,AZ,"TURLEY, STAN",Republican,1,,,,STATE SENATE R MARICOPA DIST 1.,1.0
AZ,Phoenix Arizona Gazette,100651,1964,STATE SENATOR,6,,AZ,"VALENZUELA, DAVID M.",Democrat,1,,,,GAZETTE LISTS PREFERENCES.,1.0
AZ,Phoenix Arizona Gazette,100651,1964,STATE SENATOR,29,,AZ,"VANDER MOLEN, CAL",Republican,1,,,,GAZETTE LISTS PREFERENCES.,1.0
AZ,Phoenix Arizona Gazette,100651,1964,STATE SENATOR,11,,AZ,"WELKER, LAVERNE",Democrat,1,,,,GAZETTE LISTS PREFERENCES.,1.0
AZ,Phoenix Arizona Gazette,100651,1964,STATE SENATOR,35,,AZ,"WILCOX, ROBERT C.",Republican,1,,,,GAZETTE LISTS PREFERENCES.,1.0
AZ,Phoenix Arizona Gazette,100651,1964,SUPERINTENDENT,,,AZ,"FOLSOM, SARAH",Republican,1,,,,SUPT OF PUBLIC INSTRUCTION.,1.0
AZ,Phoenix Arizona Gazette,100651,1964,SUPERINTENDENT,MARICOPA,,AZ,"ROSE, SIMS STEWART",Republican,1,,,,COUNTY SCHOOL SUPERINTENDENT.,1.0
AZ,Phoenix Arizona Gazette,100651,1964,TREASURER,,,AZ,"BRODERICK, HARRY",Democrat,1,,,,STATE TAX COMMISSIONER (SHORT TERM).,0.85
AZ,Phoenix Arizona Gazette,100651,1964,TREASURER,,,AZ,"DEWITT, L. WALDO",Republican,1,,,,STATE TAX COMMISSIONER (LONG TERM).,0.85
AZ,Phoenix Arizona Gazette,100651,1964,TREASURER,MARICOPA,,AZ,"FOOTE, JOHN A.",Democrat,1,,,,COUNTY TREASURER.,1.0
AZ,Phoenix Arizona Gazette,100651,1964,TREASURER,,,AZ,"HAZELETT, JOHN",Republican,1,,,,STATE TAX COMMISSIONER (SHORT TERM).,0.85
AZ,Phoenix Arizona Gazette,100651,1964,TREASURER,,,AZ,"HUNT, JOE",Democrat,1,,,,STATE TAX COMMISSIONER.,0.8
AZ,Phoenix Arizona Gazette,100651,1970,STATE REP,16,,AZ,"LEWIS, C.W. (BILL)",Republican,1,,,,1970 GAZETTE LEGISLATURE - 71 ENDORSED,0.95
AZ,Phoenix Arizona Gazette,100651,1970,STATE REP,24,,AZ,"STUCKEY SR., JAY C.",Republican,1,,,,1970 GAZETTE LEGISLATURE - 71 ENDORSED,0.95
AZ,Phoenix Arizona Gazette,100651,1970,STATE REP,24,,AZ,"VAUGHN JR., LOREN",Democrat,1,,,,1970 GAZETTE LEGISLATURE - 71 ENDORSED,0.95
AZ,Phoenix Arizona Gazette,100651,1970,STATE REP,25,,AZ,"VIPPERMAN, W.F. (PAT)",Democrat,1,,,,1970 GAZETTE LEGISLATURE - 71 ENDORSED,0.95
AZ,Phoenix Arizona Gazette,100651,1970,STATE SENATOR,16,,AZ,"KOORY JR., FRED",Republican,1,,,,1970 GAZETTE LEGISLATURE - 71 ENDORSED,0.95
AZ,Phoenix Arizona Gazette,100651,1970,STATE SENATOR,18,,AZ,"SHAUGHNESSY JR., JOE",Republican,1,,,,1970 GAZETTE LEGISLATURE - 71 ENDORSED,0.95
AZ,Phoenix Arizona Gazette,100651,1970,STATE SENATOR,6,,AZ,"THODE, E.B. (BLODIE)",Democrat,1,,,,1970 GAZETTE LEGISLATURE - 71 ENDORSED,0.95
AZ,Phoenix Arizona Gazette,100651,1970,STATE REP,22,,AZ,"ADAMS, HOWARD",Republican,1,,,,71 CANDIDATES ENDORSED — GAZETTE.,1.0
AZ,Phoenix Arizona Gazette,100651,1970,STATE REP,20,,AZ,"ADAMS, RUTH",Republican,1,,,,71 CANDIDATES ENDORSED — GAZETTE.,1.0
AZ,Phoenix Arizona Gazette,100651,1970,STATE REP,19,,AZ,"AKERS, STAN",Republican,1,,,,71 CANDIDATES ENDORSED — GAZETTE.,1.0
AZ,Phoenix Arizona Gazette,100651,1970,STATE REP,23,,AZ,"BARR, BURTON S.",Republican,1,,,,71 CANDIDATES ENDORSED — GAZETTE.,1.0
AZ,Phoenix Arizona Gazette,100651,1970,STATE REP,19,,AZ,"BARROW, TIMOTHY A.",Republican,1,,,,71 CANDIDATES ENDORSED — GAZETTE.,1.0
AZ,Phoenix Arizona Gazette,100651,1970,STATE REP,5,,AZ,"BRADFORD, ELWOOD W. (BRAD)",Democrat,1,,,,71 CANDIDATES ENDORSED — GAZETTE.,1.0
AZ,Phoenix Arizona Gazette,100651,1970,STATE REP,20,,AZ,"BURGESS, RICHARD",Republican,1,,,,71 CANDIDATES ENDORSED — GAZETTE.,1.0
AZ,Phoenix Arizona Gazette,100651,1970,STATE REP,27,,AZ,"COPPINGER, ART",Democrat,1,,,,71 CANDIDATES ENDORSED — GAZETTE.,1.0
AZ,Phoenix Arizona Gazette,100651,1970,STATE REP,22,,AZ,"CROWLEY, WILLIAM T. (BILL)",Democrat,1,,,,71 CANDIDATES ENDORSED — GAZETTE.,1.0
AZ,Phoenix Arizona Gazette,100651,1970,STATE REP,6,,AZ,"DAVIDS, CRAIG E.",Democrat,1,,,,71 CANDIDATES ENDORSED — GAZETTE.,1.0
AZ,Phoenix Arizona Gazette,100651,1970,STATE REP,1,,AZ,"EVERETT, RAY",Republican,1,,,,71 CANDIDATES ENDORSED — GAZETTE.,1.0
AZ,Phoenix Arizona Gazette,100651,1970,STATE REP,16,,AZ,"FOLEY, PETER D.",Democrat,1,,,,71 CANDIDATES ENDORSED — GAZETTE.,1.0
AZ,Phoenix Arizona Gazette,100651,1970,STATE REP,1,,AZ,"GARDNER, GLADYS",Republican,1,,,,71 CANDIDATES ENDORSED — GAZETTE.,1.0
AZ,Phoenix Arizona Gazette,100651,1970,STATE REP,6,,AZ,"GETZWILLER, POLLY",Democrat,1,,,,71 CANDIDATES ENDORSED — GAZETTE.,1.0
AZ,Phoenix Arizona Gazette,100651,1970,STATE REP,26,,AZ,"GILBERT, MARY L.",Democrat,1,,,,71 CANDIDATES ENDORSED — GAZETTE.,1.0
AZ,Phoenix Arizona Gazette,100651,1970,STATE REP,27,,AZ,"GOLTRY, LEONARD CLAYTON",Republican,1,,,,71 CANDIDATES ENDORSED — GAZETTE.,1.0
AZ,Phoenix Arizona Gazette,100651,1970,STATE REP,29,,AZ,"GOODWIN, MICHAEL",Republican,1,,,,71 CANDIDATES ENDORSED — GAZETTE.,1.0
AZ,Phoenix Arizona Gazette,100651,1970,STATE REP,26,,AZ,"HUNGERFORD, BOB",Republican,1,,,,71 CANDIDATES ENDORSED — GAZETTE.,1.0
AZ,Phoenix Arizona Gazette,100651,1970,STATE REP,25,,AZ,"JONES, D. LEE",Republican,1,,,,71 CANDIDATES ENDORSED — GAZETTE.,1.0
AZ,Phoenix Arizona Gazette,100651,1970,STATE REP,26,,AZ,"KELLEY, FRANK",Republican,1,,,,71 CANDIDATES ENDORSED — GAZETTE.,1.0
AZ,Phoenix Arizona Gazette,100651,1970,STATE REP,16,,AZ,"LEWIS, C. W. ""BILL""",Republican,1,,,,71 CANDIDATES ENDORSED — GAZETTE.,1.0
AZ,Phoenix Arizona Gazette,100651,1970,STATE REP,20,,AZ,"MARKS, STANLEY J.",Democrat,1,,,,71 CANDIDATES ENDORSED — GAZETTE.,1.0
AZ,Phoenix Arizona Gazette,100651,1970,STATE REP,22,,AZ,"MCCUNE, BILL",Republican,1,,,,71 CANDIDATES ENDORSED — GAZETTE.,1.0
AZ,Phoenix Arizona Gazette,100651,1970,STATE REP,1,,AZ,"MIKULEWICZ, IRENE",Democrat,1,,,,71 CANDIDATES ENDORSED — GAZETTE.,1.0
AZ,Phoenix Arizona Gazette,100651,1970,STATE REP,29,,AZ,"NAVARETTE, EFREN",Democrat,1,,,,71 CANDIDATES ENDORSED — GAZETTE.,1.0
AZ,Phoenix Arizona Gazette,100651,1970,STATE REP,5,,AZ,"OSBORN, JONES",Democrat,1,,,,71 CANDIDATES ENDORSED — GAZETTE.,1.0
AZ,Phoenix Arizona Gazette,100651,1970,STATE REP,28,,AZ,"OWENS, HORACE E.",Democrat,1,,,,71 CANDIDATES ENDORSED — GAZETTE.,1.0
AZ,Phoenix Arizona Gazette,100651,1970,STATE REP,23,,AZ,"PECK, RUTH",Republican,1,,,,71 CANDIDATES ENDORSED — GAZETTE.,1.0
AZ,Phoenix Arizona Gazette,100651,1970,STATE REP,27,,AZ,"PENA, MANUEL (LITO)",Democrat,1,,,,71 CANDIDATES ENDORSED — GAZETTE.,1.0
AZ,Phoenix Arizona Gazette,100651,1970,STATE REP,24,,AZ,"ROCKWELL, ELIZABETH ADAMS",Republican,1,,,,71 CANDIDATES ENDORSED — GAZETTE.,1.0
AZ,Phoenix Arizona Gazette,100651,1970,STATE REP,16,,AZ,"RUNYAN, HAL",Republican,1,,,,71 CANDIDATES ENDORSED — GAZETTE.,1.0
AZ,Phoenix Arizona Gazette,100651,1970,STATE REP,20,,AZ,"SAWYER, ANN M.",Democrat,1,,,,71 CANDIDATES ENDORSED — GAZETTE.,1.0
AZ,Phoenix Arizona Gazette,100651,1970,STATE REP,17,,AZ,"SCHOENBURG, STUART",Republican,1,,,,71 CANDIDATES ENDORSED — GAZETTE.,1.0
AZ,Phoenix Arizona Gazette,100651,1970,STATE REP,25,,AZ,"SKELLY, JIM",Republican,1,,,,71 CANDIDATES ENDORSED — GAZETTE.,1.0
AZ,Phoenix Arizona Gazette,100651,1970,STATE REP,29,,AZ,"SOSSAMAN, JAMES J.",Republican,1,,,,71 CANDIDATES ENDORSED — GAZETTE.,1.0
AZ,Phoenix Arizona Gazette,100651,1970,STATE REP,18,,AZ,"STEWART, DON",Republican,1,,,,71 CANDIDATES ENDORSED — GAZETTE.,1.0
AZ,Phoenix Arizona Gazette,100651,1970,STATE REP,22,,AZ,"STINSON, BESS B.",Republican,1,,,,71 CANDIDATES ENDORSED — GAZETTE.,1.0
AZ,Phoenix Arizona Gazette,100651,1970,STATE REP,24,,AZ,"STUCKEY, JAY C. SR.",Republican,1,,,,71 CANDIDATES ENDORSED — GAZETTE.,1.0
AZ,Phoenix Arizona Gazette,100651,1970,STATE REP,5,,AZ,"TAYLOR, GENE",Republican,1,,,,71 CANDIDATES ENDORSED — GAZETTE.,1.0
AZ,Phoenix Arizona Gazette,100651,1970,STATE REP,28,,AZ,"THOMPSON, LEON",Democrat,1,,,,71 CANDIDATES ENDORSED — GAZETTE.,1.0
AZ,Phoenix Arizona Gazette,100651,1970,STATE REP,30,,AZ,"TURLEY, STAN",Republican,1,,,,71 CANDIDATES ENDORSED — GAZETTE.,1.0
AZ,Phoenix Arizona Gazette,100651,1970,STATE REP,26,,AZ,"VANDERGRIFT, NANCY ROBB",Democrat,1,,,,71 CANDIDATES ENDORSED — GAZETTE.,1.0
AZ,Phoenix Arizona Gazette,100651,1970,STATE REP,29,,AZ,"WEEKS, TIM",Democrat,1,,,,71 CANDIDATES ENDORSED — GAZETTE.,1.0
AZ,Phoenix Arizona Gazette,100651,1970,STATE REP,18,,AZ,"ZASTROW, JOHN T.",Democrat,1,,,,71 CANDIDATES ENDORSED — GAZETTE.,1.0
AZ,Phoenix Arizona Gazette,100651,1970,STATE SENATOR,24,,AZ,"BALDWIN, HOWARD S.",Republican,1,,,,71 CANDIDATES ENDORSED — GAZETTE.,1.0
AZ,Phoenix Arizona Gazette,100651,1970,STATE SENATOR,29,,AZ,"BERRY, RICHARD S.",Democrat,1,,,,71 CANDIDATES ENDORSED — GAZETTE.,1.0
AZ,Phoenix Arizona Gazette,100651,1970,STATE SENATOR,28,,AZ,"CAMPBELL, CLOVES",Democrat,1,,,,71 CANDIDATES ENDORSED — GAZETTE.,1.0
AZ,Phoenix Arizona Gazette,100651,1970,STATE SENATOR,25,,AZ,"CAMPING, TRUDY",Republican,1,,,,71 CANDIDATES ENDORSED — GAZETTE.,1.0
AZ,Phoenix Arizona Gazette,100651,1970,STATE SENATOR,23,,AZ,"CORBET, LEO",Republican,1,,,,71 CANDIDATES ENDORSED — GAZETTE.,1.0
AZ,Phoenix Arizona Gazette,100651,1970,STATE SENATOR,22,,AZ,"DOOLEY, JAMES F. (JIM)",Democrat,1,,,,71 CANDIDATES ENDORSED — GAZETTE.,1.0
AZ,Phoenix Arizona Gazette,100651,1970,STATE SENATOR,30,,AZ,"ELLSWORTH, DELOS",Republican,1,,,,71 CANDIDATES ENDORSED — GAZETTE.,1.0
AZ,Phoenix Arizona Gazette,100651,1970,STATE SENATOR,5,,AZ,"GISS, HAROLD C.",Democrat,1,,,,71 CANDIDATES ENDORSED — GAZETTE.,1.0
AZ,Phoenix Arizona Gazette,100651,1970,STATE SENATOR,17,,AZ,"GOETZE, RAY A.",Republican,1,,,,71 CANDIDATES ENDORSED — GAZETTE.,1.0
AZ,Phoenix Arizona Gazette,100651,1970,STATE SENATOR,23,,AZ,"HAGERTY, MILDRED",Democrat,1,,,,71 CANDIDATES ENDORSED — GAZETTE.,1.0
AZ,Phoenix Arizona Gazette,100651,1970,STATE SENATOR,18,,AZ,"JOHNSON, RAY",Democrat,1,,,,71 CANDIDATES ENDORSED — GAZETTE.,1.0
AZ,Phoenix Arizona Gazette,100651,1970,STATE SENATOR,1,,AZ,"JORGENSON, HOWARD D.",Democrat,1,,,,71 CANDIDATES ENDORSED — GAZETTE.,1.0
AZ,Phoenix Arizona Gazette,100651,1970,STATE SENATOR,22,,AZ,"KAY, PETER",Republican,1,,,,71 CANDIDATES ENDORSED — GAZETTE.,1.0
AZ,Phoenix Arizona Gazette,100651,1970,STATE SENATOR,16,,AZ,"KING, LYLE W.",Democrat,1,,,,71 CANDIDATES ENDORSED — GAZETTE.,1.0
AZ,Phoenix Arizona Gazette,100651,1970,STATE SENATOR,16,,AZ,"KOORY, FRED JR.",Republican,1,,,,71 CANDIDATES ENDORSED — GAZETTE.,1.0
AZ,Phoenix Arizona Gazette,100651,1970,STATE SENATOR,26,,AZ,"KRET, DAVID B.",Republican,1,,,,71 CANDIDATES ENDORSED — GAZETTE.,1.0
AZ,Phoenix Arizona Gazette,100651,1970,STATE SENATOR,6,,AZ,"MUMME, JAMES",Republican,1,,,,71 CANDIDATES ENDORSED — GAZETTE.,1.0
AZ,Phoenix Arizona Gazette,100651,1970,STATE SENATOR,20,,AZ,"O'CONNOR, SANDRA D.",Republican,1,,,,71 CANDIDATES ENDORSED — GAZETTE.,1.0
AZ,Phoenix Arizona Gazette,100651,1970,STATE SENATOR,26,,AZ,"RIGGS, JOHN V.",Democrat,1,,,,71 CANDIDATES ENDORSED — GAZETTE.,1.0
AZ,Phoenix Arizona Gazette,100651,1970,STATE SENATOR,19,,AZ,"ROTTAS, RAY",Republican,1,,,,71 CANDIDATES ENDORSED — GAZETTE.,1.0
AZ,Phoenix Arizona Gazette,100651,1970,STATE SENATOR,18,,AZ,"SHAUGHNESSY, JOE JR.",Republican,1,,,,71 CANDIDATES ENDORSED — GAZETTE.,1.0
AZ,Phoenix Arizona Gazette,100651,1970,STATE SENATOR,21,,AZ,"STILLMAN, GUY",Democrat,1,,,,71 CANDIDATES ENDORSED — GAZETTE.,1.0
AZ,Phoenix Arizona Gazette,100651,1970,STATE SENATOR,27,,AZ,"STUMP, BOB",Democrat,1,,,,71 CANDIDATES ENDORSED — GAZETTE.,1.0
AZ,Phoenix Arizona Gazette,100651,1970,STATE SENATOR,1,,AZ,"TENNEY, BOYD",Republican,1,,,,71 CANDIDATES ENDORSED — GAZETTE.,1.0
AZ,Phoenix Arizona Gazette,100651,1970,STATE SENATOR,6,,AZ,"THODE, E. B. (BLODIE)",Democrat,1,,,,71 CANDIDATES ENDORSED — GAZETTE.,1.0
AZ,Phoenix Arizona Gazette,100651,1970,STATE SENATOR,24,,AZ,"VAUGHN, LOREN JR.",Democrat,1,,,,71 CANDIDATES ENDORSED — GAZETTE.,1.0
AZ,Phoenix Arizona Gazette,100651,1970,STATE SENATOR,25,,AZ,"VIPPERMAN, W. F. (PAT)",Democrat,1,,,,71 CANDIDATES ENDORSED — GAZETTE.,1.0
AZ,Phoenix Arizona Gazette,100651,1972,STATE REP,23,,AZ,"ABRIL, TONY R.",Democrat,1,,,,GAZETTE LEGISLATIVE ENDORSEMENT. NO ENDORSEMENT FOR DISTRICT 23 SENATOR.,1.0
AZ,Phoenix Arizona Gazette,100651,1972,STATE REP,20,,AZ,"ADAMS, HOWARD",Republican,1,,,,GAZETTE LEGISLATIVE ENDORSEMENT.,1.0
AZ,Phoenix Arizona Gazette,100651,1972,STATE REP,19,,AZ,"AKERS, STAN",Republican,1,,,,GAZETTE LEGISLATIVE ENDORSEMENT.,1.0
AZ,Phoenix Arizona Gazette,100651,1972,STATE REP,6,,AZ,"ALLEY, G. T. ""TOM""",Democrat,1,,,,GAZETTE LEGISLATIVE ENDORSEMENT.,1.0
AZ,Phoenix Arizona Gazette,100651,1972,STATE REP,18,,AZ,"BARR, BURTON S.",Republican,1,,,,GAZETTE LEGISLATIVE ENDORSEMENT.,1.0
AZ,Phoenix Arizona Gazette,100651,1972,STATE REP,23,,AZ,"BRUBAKER, MAXINE PROVOST",Republican,1,,,,GAZETTE LEGISLATIVE ENDORSEMENT.,1.0
AZ,Phoenix Arizona Gazette,100651,1972,STATE REP,24,,AZ,"BURGESS, RICHARD",Republican,1,,,,GAZETTE LEGISLATIVE ENDORSEMENT.,1.0
AZ,Phoenix Arizona Gazette,100651,1972,STATE REP,29,,AZ,"COOPER, JIM",Republican,1,,,,GAZETTE LEGISLATIVE ENDORSEMENT.,1.0
AZ,Phoenix Arizona Gazette,100651,1972,STATE REP,24,,AZ,"CORPSTEIN, PETE",Republican,1,,,,GAZETTE LEGISLATIVE ENDORSEMENT.,1.0
AZ,Phoenix Arizona Gazette,100651,1972,STATE REP,15,,AZ,"EVERETT, J. HERBERT",Republican,1,,,,GAZETTE LEGISLATIVE ENDORSEMENT.,1.0
AZ,Phoenix Arizona Gazette,100651,1972,STATE REP,6,,AZ,"GETZWILLER, POLLY",Democrat,1,,,,GAZETTE LEGISLATIVE ENDORSEMENT.,1.0
AZ,Phoenix Arizona Gazette,100651,1972,STATE REP,27,,AZ,"GOODWIN, MICHAEL",Republican,1,,,,GAZETTE LEGISLATIVE ENDORSEMENT.,1.0
AZ,Phoenix Arizona Gazette,100651,1972,STATE REP,22,,AZ,"HAMILTON, ART",Democrat,1,,,,GAZETTE LEGISLATIVE ENDORSEMENT.,1.0
AZ,Phoenix Arizona Gazette,100651,1972,STATE REP,27,,AZ,"HARELSON, JUANITA",Republican,1,,,,GAZETTE LEGISLATIVE ENDORSEMENT.,1.0
AZ,Phoenix Arizona Gazette,100651,1972,STATE REP,26,,AZ,"HEGARTY, WILLIAM E.",Democrat,1,,,,GAZETTE LEGISLATIVE ENDORSEMENT.,1.0
AZ,Phoenix Arizona Gazette,100651,1972,STATE REP,28,,AZ,"HUNGERFORD, BOB",Republican,1,,,,GAZETTE LEGISLATIVE ENDORSEMENT.,1.0
AZ,Phoenix Arizona Gazette,100651,1972,STATE REP,25,,AZ,"JONES, D. LEE",Republican,1,,,,GAZETTE LEGISLATIVE ENDORSEMENT.,1.0
AZ,Phoenix Arizona Gazette,100651,1972,STATE REP,26,,AZ,"KAY, PETER",Republican,1,,,,GAZETTE LEGISLATIVE ENDORSEMENT.,1.0
AZ,Phoenix Arizona Gazette,100651,1972,STATE REP,26,,AZ,"KELLEY, FRANK",Republican,1,,,,GAZETTE LEGISLATIVE ENDORSEMENT.,1.0
AZ,Phoenix Arizona Gazette,100651,1972,STATE REP,15,,AZ,"KRAUTH, MARABELL L.",Democrat,1,,,,GAZETTE LEGISLATIVE ENDORSEMENT.,1.0
AZ,Phoenix Arizona Gazette,100651,1972,STATE REP,30,,AZ,"KUNASEK, CARL J.",Republican,1,,,,GAZETTE LEGISLATIVE ENDORSEMENT.,1.0
AZ,Phoenix Arizona Gazette,100651,1972,STATE REP,21,,AZ,"L'ECUYER, BARBARA",Democrat,1,,,,GAZETTE LEGISLATIVE ENDORSEMENT.,1.0
AZ,Phoenix Arizona Gazette,100651,1972,STATE REP,17,,AZ,"LAWLOR, CHRIS",Democrat,1,,,,GAZETTE LEGISLATIVE ENDORSEMENT.,1.0
AZ,Phoenix Arizona Gazette,100651,1972,STATE REP,17,,AZ,"LEWIS, C. W. ""BILL""",Republican,1,,,,GAZETTE LEGISLATIVE ENDORSEMENT.,1.0
AZ,Phoenix Arizona Gazette,100651,1972,STATE REP,17,,AZ,"LINDEMAN, ANNE",Republican,1,,,,GAZETTE LEGISLATIVE ENDORSEMENT.,1.0
AZ,Phoenix Arizona Gazette,100651,1972,STATE REP,17,,AZ,"LYTLE, JOHN B.",Democrat,1,,,,GAZETTE LEGISLATIVE ENDORSEMENT.,1.0
AZ,Phoenix Arizona Gazette,100651,1972,STATE REP,16,,AZ,"MCCARTHY, DIANE B.",Republican,1,,,,GAZETTE LEGISLATIVE ENDORSEMENT.,1.0
AZ,Phoenix Arizona Gazette,100651,1972,STATE REP,2,,AZ,"MCCONNELL, SAM A. JR.",Republican,1,,,,GAZETTE LEGISLATIVE ENDORSEMENT.,1.0
AZ,Phoenix Arizona Gazette,100651,1972,STATE REP,20,,AZ,"MCCUNE, BILL",Republican,1,,,,GAZETTE LEGISLATIVE ENDORSEMENT.,1.0
AZ,Phoenix Arizona Gazette,100651,1972,STATE REP,18,,AZ,"PECK, RUTH",Republican,1,,,,GAZETTE LEGISLATIVE ENDORSEMENT.,1.0
AZ,Phoenix Arizona Gazette,100651,1972,STATE REP,22,,AZ,"PENA, R. G. ""DANNY""",Democrat,1,,,,GAZETTE LEGISLATIVE ENDORSEMENT.,1.0
AZ,Phoenix Arizona Gazette,100651,1972,STATE REP,15,,AZ,"RATLIFF, JAMES B.",Republican,1,,,,GAZETTE LEGISLATIVE ENDORSEMENT.,1.0
AZ,Phoenix Arizona Gazette,100651,1972,STATE REP,21,,AZ,"ROCKWELL, ELIZABETH ADAMS",Republican,1,,,,GAZETTE LEGISLATIVE ENDORSEMENT.,1.0
AZ,Phoenix Arizona Gazette,100651,1972,STATE REP,30,,AZ,"RUSSELL, CHARLES A.",Democrat,1,,,,GAZETTE LEGISLATIVE ENDORSEMENT.,1.0
AZ,Phoenix Arizona Gazette,100651,1972,STATE REP,2,,AZ,"SHUMWAY, BOYD A.",Democrat,1,,,,GAZETTE LEGISLATIVE ENDORSEMENT.,1.0
AZ,Phoenix Arizona Gazette,100651,1972,STATE REP,25,,AZ,"SKELLY, JIM",Republican,1,,,,GAZETTE LEGISLATIVE ENDORSEMENT.,1.0
AZ,Phoenix Arizona Gazette,100651,1972,STATE REP,30,,AZ,"SOSSAMAN, JAMES J.",Republican,1,,,,GAZETTE LEGISLATIVE ENDORSEMENT.,1.0
AZ,Phoenix Arizona Gazette,100651,1972,STATE REP,27,,AZ,"ST. GEORGE, M. E. ""MIKE""",Democrat,1,,,,GAZETTE LEGISLATIVE ENDORSEMENT.,1.0
AZ,Phoenix Arizona Gazette,100651,1972,STATE REP,16,,AZ,"STEWART, DON",Republican,1,,,,GAZETTE LEGISLATIVE ENDORSEMENT.,1.0
AZ,Phoenix Arizona Gazette,100651,1972,STATE REP,20,,AZ,"STINSON, BESS B.",Republican,1,,,,GAZETTE LEGISLATIVE ENDORSEMENT.,1.0
AZ,Phoenix Arizona Gazette,100651,1972,STATE REP,30,,AZ,"STRIBLING, BARBARA A.",Democrat,1,,,,GAZETTE LEGISLATIVE ENDORSEMENT.,1.0
AZ,Phoenix Arizona Gazette,100651,1972,STATE REP,21,,AZ,"STUCKEY, JAY C.",Republican,1,,,,GAZETTE LEGISLATIVE ENDORSEMENT.,1.0
AZ,Phoenix Arizona Gazette,100651,1972,STATE REP,29,,AZ,"TAYLOR, JACK J.",Republican,1,,,,GAZETTE LEGISLATIVE ENDORSEMENT.,1.0
AZ,Phoenix Arizona Gazette,100651,1972,STATE REP,23,,AZ,"THOMPSON, LEON",Democrat,1,,,,GAZETTE LEGISLATIVE ENDORSEMENT.,1.0
AZ,Phoenix Arizona Gazette,100651,1972,STATE REP,19,,AZ,"WEST, W. A. ""TONY"" JR.",Republican,1,,,,GAZETTE LEGISLATIVE ENDORSEMENT.,1.0
AZ,Phoenix Arizona Gazette,100651,1972,STATE REP,2,,AZ,"WETTAW, JOHN",Republican,1,,,,GAZETTE LEGISLATIVE ENDORSEMENT.,1.0
AZ,Phoenix Arizona Gazette,100651,1972,STATE SENATOR,21,,AZ,"BALDWIN, HOWARD S.",Republican,1,,,,GAZETTE LEGISLATIVE ENDORSEMENT.,1.0
AZ,Phoenix Arizona Gazette,100651,1972,STATE SENATOR,27,,AZ,"BERRY, JAMES",Democrat,1,,,,GAZETTE LEGISLATIVE ENDORSEMENT.,1.0
AZ,Phoenix Arizona Gazette,100651,1972,STATE SENATOR,25,,AZ,"CAMPING, TRUDY",Republican,1,,,,GAZETTE LEGISLATIVE ENDORSEMENT.,1.0
AZ,Phoenix Arizona Gazette,100651,1972,STATE SENATOR,18,,AZ,"CORBET, LEO",Republican,1,,,,GAZETTE LEGISLATIVE ENDORSEMENT.,1.0
AZ,Phoenix Arizona Gazette,100651,1972,STATE SENATOR,16,,AZ,"CROWLEY, WM. T. ""BILL""",Democrat,1,,,,GAZETTE LEGISLATIVE ENDORSEMENT.,1.0
AZ,Phoenix Arizona Gazette,100651,1972,STATE SENATOR,29,,AZ,"ELLSWORTH, D. DELOS",Republican,1,,,,GAZETTE LEGISLATIVE ENDORSEMENT.,1.0
AZ,Phoenix Arizona Gazette,100651,1972,STATE SENATOR,2,,AZ,"GABALDON, TONY",Democrat,1,,,,GAZETTE LEGISLATIVE ENDORSEMENT.,1.0
AZ,Phoenix Arizona Gazette,100651,1972,STATE SENATOR,17,,AZ,"KASLO, AUDREY E.",Democrat,1,,,,GAZETTE LEGISLATIVE ENDORSEMENT.,1.0
AZ,Phoenix Arizona Gazette,100651,1972,STATE SENATOR,17,,AZ,"KOORY, FRED JR.",Republican,1,,,,GAZETTE LEGISLATIVE ENDORSEMENT.,1.0
AZ,Phoenix Arizona Gazette,100651,1972,STATE SENATOR,28,,AZ,"KRET, DAVID B.",Republican,1,,,,GAZETTE LEGISLATIVE ENDORSEMENT.,1.0
AZ,Phoenix Arizona Gazette,100651,1972,STATE SENATOR,2,,AZ,"LOVEN, LARRY",Republican,1,,,,GAZETTE LEGISLATIVE ENDORSEMENT.,1.0
AZ,Phoenix Arizona Gazette,100651,1972,STATE SENATOR,27,,AZ,"MACK, JAMES A. (JIM)",Republican,1,,,,GAZETTE LEGISLATIVE ENDORSEMENT.,1.0
AZ,Phoenix Arizona Gazette,100651,1972,STATE SENATOR,24,,AZ,"O'CONNOR, SANDRA D.",Republican,1,,,,GAZETTE LEGISLATIVE ENDORSEMENT.,1.0
AZ,Phoenix Arizona Gazette,100651,1972,STATE SENATOR,22,,AZ,"PENA, MANUEL ""LITO""",Democrat,1,,,,GAZETTE LEGISLATIVE ENDORSEMENT.,1.0
AZ,Phoenix Arizona Gazette,100651,1972,STATE SENATOR,26,,AZ,"ROEDER, JOHN",Republican,1,,,,GAZETTE LEGISLATIVE ENDORSEMENT.,1.0
AZ,Phoenix Arizona Gazette,100651,1972,STATE SENATOR,19,,AZ,"ROTTAS, RAY",Republican,1,,,,GAZETTE LEGISLATIVE ENDORSEMENT.,1.0
AZ,Phoenix Arizona Gazette,100651,1972,STATE SENATOR,15,,AZ,"RUNYAN, S. H. ""HAL""",Republican,1,,,,GAZETTE LEGISLATIVE ENDORSEMENT.,1.0
AZ,Phoenix Arizona Gazette,100651,1972,STATE SENATOR,30,,AZ,"SEARCY, CLIFFORD L.",Democrat,1,,,,GAZETTE LEGISLATIVE ENDORSEMENT.,1.0
AZ,Phoenix Arizona Gazette,100651,1972,STATE SENATOR,6,,AZ,"STUMP, BOB",Democrat,1,,,,GAZETTE LEGISLATIVE ENDORSEMENT.,1.0
AZ,Phoenix Arizona Gazette,100651,1972,STATE SENATOR,30,,AZ,"TURLEY, STAN",Republican,1,,,,GAZETTE LEGISLATIVE ENDORSEMENT.,1.0
AZ,Phoenix Arizona Gazette,100651,1972,STATE SENATOR,20,,AZ,"VANLANDINGHAM, JOHN",Democrat,1,,,,GAZETTE LEGISLATIVE ENDORSEMENT.,1.0
AZ,Phoenix Arizona Gazette,100651,1976,CNTY COMM,MARICOPA 4,,AZ,"ATKINSON, HAWLEY",Republican,1,,,,MARICOPA SUPERVISOR.,1.0
AZ,Phoenix Arizona Gazette,100651,1976,CNTY COMM,MARICOPA 3,,AZ,"BROWN, HARVEY S.",Democrat,1,,,,MARICOPA SUPERVISOR.,1.0
AZ,Phoenix Arizona Gazette,100651,1976,CNTY COMM,MARICOPA 2,,AZ,"CAMPBELL, GEORGE",Republican,1,,,,MARICOPA SUPERVISOR.,1.0
AZ,Phoenix Arizona Gazette,100651,1976,CNTY COMM,MARICOPA 1,,AZ,"HAWS, HENRY H.",Democrat,1,,,,MARICOPA SUPERVISOR.,1.0
AZ,Phoenix Arizona Gazette,100651,1976,CNTY COMM,MARICOPA 5,,AZ,"PASTOR, ED",Democrat,1,,,,MARICOPA SUPERVISOR.,1.0
AZ,Phoenix Arizona Gazette,100651,1976,CORPORATION COMMISSION,,,AZ,"DEWITT, L. WALDO",Republican,1,,,,GAZETTE ELECTION RECOMMENDATION.,1.0
AZ,Phoenix Arizona Gazette,100651,1976,DA/PROSECUTOR,MARICOPA,,AZ,"HYDER, CHARLES F.",Democrat,1,,,,COUNTY ATTORNEY.,1.0
AZ,Phoenix Arizona Gazette,100651,1976,H,1,,AZ,"RHODES, JOHN J.",Republican,1,,1,,GAZETTE ELECTION RECOMMENDATION.,1.0
AZ,Phoenix Arizona Gazette,100651,1976,H,4,,AZ,"RUDD, ELDON",Republican,1,,,,GAZETTE ELECTION RECOMMENDATION.,1.0
AZ,Phoenix Arizona Gazette,100651,1976,H,3,,AZ,"STUMP, BOB",Democrat,1,,,,GAZETTE ELECTION RECOMMENDATION.,1.0
AZ,Phoenix Arizona Gazette,100651,1976,H,2,,AZ,"UDALL, MORRIS K.",Democrat,1,1,,,GAZETTE ELECTION RECOMMENDATION.,1.0
AZ,Phoenix Arizona Gazette,100651,1976,JUSTICE OF PEACE,NORTHWEST PHOENIX,,AZ,"BARCLAY, JOHN",Republican,1,,,,J.P. NORTHWEST PHOENIX.,1.0
AZ,Phoenix Arizona Gazette,100651,1976,JUSTICE OF PEACE,NORTHEAST PHOENIX,,AZ,"LEE, HAROLD",Republican,1,,,,J.P. NORTHEAST PHOENIX.,1.0
AZ,Phoenix Arizona Gazette,100651,1976,JUSTICE OF PEACE,EAST PHOENIX NO. 2,,AZ,"MURPHY, JOHN J.",Republican,1,,,,J.P. EAST PHOENIX NO. 2.,1.0
AZ,Phoenix Arizona Gazette,100651,1976,PRESIDENT,,,AZ,"FORD, GERALD R.",Republican,1,,1,,GAZETTE ELECTION RECOMMENDATION.,1.0
AZ,Phoenix Arizona Gazette,100651,1976,RECORDER,MARICOPA,,AZ,"FREESTONE, TOM",Republican,1,,,,COUNTY RECORDER.,1.0
AZ,Phoenix Arizona Gazette,100651,1976,SCHOOL BOARD,PRECINCT 2,,AZ,"KLINE, CECELIA T.",,1,,,,COMMUNITY COLLEGE BOARD PRECINCT 2.,1.0
AZ,Phoenix Arizona Gazette,100651,1976,SENATOR,,,AZ,"STEIGER, SAM",Republican,1,,,,GAZETTE ELECTION RECOMMENDATION.,1.0
AZ,Phoenix Arizona Gazette,100651,1976,STATE REP,23,,AZ,"ABRIL, TONY R.",Democrat,1,,,,GAZETTE ELECTION RECOMMENDATION.,1.0
AZ,Phoenix Arizona Gazette,100651,1976,STATE REP,19,,AZ,"AKERS, STAN",Republican,1,,,,GAZETTE ELECTION RECOMMENDATION.,1.0
AZ,Phoenix Arizona Gazette,100651,1976,STATE REP,18,,AZ,"BARR, BURTON S.",Republican,1,,,,GAZETTE ELECTION RECOMMENDATION.,1.0
AZ,Phoenix Arizona Gazette,100651,1976,STATE REP,20,,AZ,"BARRAZA, APOLONIO ""HAP""",Republican,1,,,,GAZETTE ELECTION RECOMMENDATION.,1.0
AZ,Phoenix Arizona Gazette,100651,1976,STATE REP,29,,AZ,"CARLSON, DONNA",Republican,1,,,,GAZETTE ELECTION RECOMMENDATION.,1.0
AZ,Phoenix Arizona Gazette,100651,1976,STATE REP,29,,AZ,"COOPER, JIM",Republican,1,,,,GAZETTE ELECTION RECOMMENDATION.,1.0
AZ,Phoenix Arizona Gazette,100651,1976,STATE REP,24,,AZ,"CORPSTEIN, PETE",Republican,1,,,,GAZETTE ELECTION RECOMMENDATION.,1.0
AZ,Phoenix Arizona Gazette,100651,1976,STATE REP,18,,AZ,"DUNN, PETE",Republican,1,,,,GAZETTE ELECTION RECOMMENDATION.,1.0
AZ,Phoenix Arizona Gazette,100651,1976,STATE REP,15,,AZ,"EVERETT, J. HERBERT",Republican,1,,,,GAZETTE ELECTION RECOMMENDATION.,1.0
AZ,Phoenix Arizona Gazette,100651,1976,STATE REP,27,,AZ,"FLYNN, DICK",Republican,1,,,,GAZETTE ELECTION RECOMMENDATION.,1.0
AZ,Phoenix Arizona Gazette,100651,1976,STATE REP,22,,AZ,"GRAHAM, RETA",Republican,1,,,,GAZETTE ELECTION RECOMMENDATION.,1.0
AZ,Phoenix Arizona Gazette,100651,1976,STATE REP,22,,AZ,"HAMILTON, ART",Democrat,1,,,,NO ENDORSEMENT FOR DISTRICT 22 SENATOR.,1.0
AZ,Phoenix Arizona Gazette,100651,1976,STATE REP,27,,AZ,"HARELSON, JUANITA L.",Republican,1,,,,GAZETTE ELECTION RECOMMENDATION.,1.0
AZ,Phoenix Arizona Gazette,100651,1976,STATE REP,6,,AZ,"HARTDEGEN, JIM",Republican,1,,,,GAZETTE ELECTION RECOMMENDATION.,1.0
AZ,Phoenix Arizona Gazette,100651,1976,STATE REP,24,,AZ,"HOLMAN, CAL",Republican,1,,,,GAZETTE ELECTION RECOMMENDATION.,1.0
AZ,Phoenix Arizona Gazette,100651,1976,STATE REP,21,,AZ,"HUBBARD, KEITH W.",Republican,1,,,,GAZETTE ELECTION RECOMMENDATION.,1.0
AZ,Phoenix Arizona Gazette,100651,1976,STATE REP,25,,AZ,"JONES, D. LEE",Republican,1,,,,GAZETTE ELECTION RECOMMENDATION.,1.0
AZ,Phoenix Arizona Gazette,100651,1976,STATE REP,20,,AZ,"JORDAN, LILLIAN",Republican,1,,,,GAZETTE ELECTION RECOMMENDATION.,1.0
AZ,Phoenix Arizona Gazette,100651,1976,STATE REP,26,,AZ,"KAY, PETER",Republican,1,,,,GAZETTE ELECTION RECOMMENDATION.,1.0
AZ,Phoenix Arizona Gazette,100651,1976,STATE REP,26,,AZ,"KELLEY, FRANK",Republican,1,,,,GAZETTE ELECTION RECOMMENDATION.,1.0
AZ,Phoenix Arizona Gazette,100651,1976,STATE REP,30,,AZ,"KUNASEK, CARL J.",Republican,1,,,,GAZETTE ELECTION RECOMMENDATION.,1.0
AZ,Phoenix Arizona Gazette,100651,1976,STATE REP,17,,AZ,"LEWIS, C. W. ""BILL""",Republican,1,,,,GAZETTE ELECTION RECOMMENDATION.,1.0
AZ,Phoenix Arizona Gazette,100651,1976,STATE REP,16,,AZ,"MCCARTHY, DIANE B.",Republican,1,,,,GAZETTE ELECTION RECOMMENDATION.,1.0
AZ,Phoenix Arizona Gazette,100651,1976,STATE REP,2,,AZ,"MCCONNELL, SAM A.",Republican,1,,,,GAZETTE ELECTION RECOMMENDATION.,1.0
AZ,Phoenix Arizona Gazette,100651,1976,STATE REP,15,,AZ,"RATLIFF, JAMES B.",Republican,1,,,,GAZETTE ELECTION RECOMMENDATION.,1.0
AZ,Phoenix Arizona Gazette,100651,1976,STATE REP,21,,AZ,"ROCKWELL, ELIZABETH ADAMS",Republican,1,,,,GAZETTE ELECTION RECOMMENDATION.,1.0
AZ,Phoenix Arizona Gazette,100651,1976,STATE REP,28,,AZ,"RUGEL, WILLIAM E. ""BILL""",Republican,1,,,,NO RECOMMENDATION FOR DISTRICT 28 SENATOR.,1.0
AZ,Phoenix Arizona Gazette,100651,1976,STATE REP,28,,AZ,"SKELLY, JIM",Republican,1,,,,GAZETTE ELECTION RECOMMENDATION.,1.0
AZ,Phoenix Arizona Gazette,100651,1976,STATE REP,30,,AZ,"SOSSAMAN, JAMES J.",Republican,1,,,,GAZETTE ELECTION RECOMMENDATION.,1.0
AZ,Phoenix Arizona Gazette,100651,1976,STATE REP,25,,AZ,"STEINER, JACQUE",Republican,1,,,,GAZETTE ELECTION RECOMMENDATION.,1.0
AZ,Phoenix Arizona Gazette,100651,1976,STATE REP,16,,AZ,"STEWART, DON",Republican,1,,,,GAZETTE ELECTION RECOMMENDATION.,1.0
AZ,Phoenix Arizona Gazette,100651,1976,STATE REP,23,,AZ,"THOMPSON, LEON",Democrat,1,,,,GAZETTE ELECTION RECOMMENDATION.,1.0
AZ,Phoenix Arizona Gazette,100651,1976,STATE REP,2,,AZ,"WETTAW, JOHN",Republican,1,,,,GAZETTE ELECTION RECOMMENDATION.,1.0
AZ,Phoenix Arizona Gazette,100651,1976,STATE REP,17,,AZ,"WRIGHT, PATRICIA ""PAT""",Republican,1,,,,GAZETTE ELECTION RECOMMENDATION.,1.0
AZ,Phoenix Arizona Gazette,100651,1976,STATE SENATOR,20,,AZ,"ADAMS, HOWARD",Republican,1,,,,GAZETTE ELECTION RECOMMENDATION.,1.0
AZ,Phoenix Arizona Gazette,100651,1976,STATE SENATOR,25,,AZ,"CAMPING, TRUDY",Republican,1,,,,GAZETTE ELECTION RECOMMENDATION.,1.0
AZ,Phoenix Arizona Gazette,100651,1976,STATE SENATOR,18,,AZ,"CORBET, LEO",Republican,1,,,,GAZETTE ELECTION RECOMMENDATION.,1.0
AZ,Phoenix Arizona Gazette,100651,1976,STATE SENATOR,16,,AZ,"DYER, NONAVIE",Republican,1,,,,GAZETTE ELECTION RECOMMENDATION FOR STATE SENATOR DISTRICT 16.,1.0
AZ,Phoenix Arizona Gazette,100651,1976,STATE SENATOR,6,,AZ,"GETZWILLER, POLLY",Democrat,1,,,,GAZETTE ELECTION RECOMMENDATION.,1.0
AZ,Phoenix Arizona Gazette,100651,1976,STATE SENATOR,23,,AZ,"GUTIERREZ, ALFREDO",Democrat,1,,,,GAZETTE ELECTION RECOMMENDATION.,1.0
AZ,Phoenix Arizona Gazette,100651,1976,STATE SENATOR,21,,AZ,"HAYES, TIM",Republican,1,,,,GAZETTE ELECTION RECOMMENDATION.,1.0
AZ,Phoenix Arizona Gazette,100651,1976,STATE SENATOR,17,,AZ,"LINDEMAN, ANNE",Republican,1,,,,GAZETTE ELECTION RECOMMENDATION.,1.0
AZ,Phoenix Arizona Gazette,100651,1976,STATE SENATOR,27,,AZ,"MACK, JAMES A. ""JIM""",Republican,1,,,,GAZETTE ELECTION RECOMMENDATION.,1.0
AZ,Phoenix Arizona Gazette,100651,1976,STATE SENATOR,2,,AZ,"MCDONALD, LEWIS J.",Democrat,1,,,,DR. LEWIS J. MCDONALD.,1.0
AZ,Phoenix Arizona Gazette,100651,1976,STATE SENATOR,26,,AZ,"MCMULLIN, ROD",Republican,1,,,,GAZETTE ELECTION RECOMMENDATION.,1.0
AZ,Phoenix Arizona Gazette,100651,1976,STATE SENATOR,24,,AZ,"PRITZLAFF, JOHN C. JR.",Republican,1,,,,GAZETTE ELECTION RECOMMENDATION.,1.0
AZ,Phoenix Arizona Gazette,100651,1976,STATE SENATOR,19,,AZ,"ROTTAS, RAY",Republican,1,,,,GAZETTE ELECTION RECOMMENDATION.,1.0
AZ,Phoenix Arizona Gazette,100651,1976,STATE SENATOR,15,,AZ,"RUNYAN, S. H. ""HAL""",Republican,1,,,,GAZETTE ELECTION RECOMMENDATION.,1.0
AZ,Phoenix Arizona Gazette,100651,1976,STATE SENATOR,29,,AZ,"TAYLOR, JACK J.",Republican,1,,,,GAZETTE ELECTION RECOMMENDATION.,1.0
AZ,Phoenix Arizona Gazette,100651,1976,STATE SENATOR,30,,AZ,"TURLEY, STAN",Republican,1,,,,GAZETTE ELECTION RECOMMENDATION.,1.0
AZ,Phoenix Arizona Gazette,100651,1976,SUPERINTENDENT,MARICOPA,,AZ,"HARRIS, RICHARD L.",Republican,1,,,,"SUPT. OF SCHOOLS, MARICOPA COUNTY.",1.0
AZ,Phoenix Arizona Gazette,100651,1976,TREASURER,MARICOPA,,AZ,"STAPLEY, GLENN O.",Republican,1,,,,COUNTY TREASURER.,1.0
AZ,Phoenix Arizona Gazette,100651,1978,ATTORNEY GENERAL,,,AZ,"DECONCINI, DINO",Democrat,1,,,,D-DINO DECONCINI ENDORSED FOR ATTORNEY GENERAL.,1.0
AZ,Phoenix Arizona Gazette,100651,1978,CORPORATION COMMISSION,,,AZ,"AKERS, STAN",Republican,1,,,,R-STAN AKERS ENDORSED FOR CORPORATION COMMISSION.,1.0
AZ,Phoenix Arizona Gazette,100651,1978,GOVERNOR,,,AZ,"BABBITT, BRUCE",Democrat,0,1,,,NOT ENDORSED — GAZETTE LIKELY ENDORSED REPUBLICAN OPPONENT (LIST CUT OFF).,0.6
AZ,Phoenix Arizona Gazette,100651,1978,H,1,,AZ,"RHODES, JOHN J.",Republican,1,,1,,GAZETTE ENDORSEMENT.,1.0
AZ,Phoenix Arizona Gazette,100651,1978,H,2,,AZ,"RICHEY, TOM",Republican,1,,,,GAZETTE ENDORSEMENT.,1.0
AZ,Phoenix Arizona Gazette,100651,1978,H,4,,AZ,"RUDD, ELDON",Republican,1,,1,,GAZETTE ENDORSEMENT.,1.0
AZ,Phoenix Arizona Gazette,100651,1978,H,3,,AZ,"STUMP, BOB",Democrat,1,1,,,GAZETTE ENDORSEMENT.,1.0
AZ,Phoenix Arizona Gazette,100651,1978,JUDGE,MARICOPA SUPERIOR COURT DIV 10,,AZ,"BIXAR, MORRIS",,1,,,,YES ON RETENTION.,1.0
AZ,Phoenix Arizona Gazette,100651,1978,JUDGE,MARICOPA SUPERIOR COURT DIV 32,,AZ,"BROWN, I. SYLVAN",,1,,,,YES ON RETENTION.,1.0
AZ,Phoenix Arizona Gazette,100651,1978,JUDGE,MARICOPA SUPERIOR COURT DIV 7,,AZ,"CARTER, IRWIN",,1,,,,YES ON RETENTION.,1.0
AZ,Phoenix Arizona Gazette,100651,1978,JUDGE,MARICOPA SUPERIOR COURT DIV 6,,AZ,"CHATWIN, KENNETH C.",,0,,,,NO ON RETENTION.,1.0
AZ,Phoenix Arizona Gazette,100651,1978,JUDGE,MARICOPA SUPERIOR COURT DIV 30,,AZ,"CORCORAN, ROBERT J.",,1,,,,YES ON RETENTION.,1.0
AZ,Phoenix Arizona Gazette,100651,1978,JUDGE,MARICOPA SUPERIOR COURT DIV 33,,AZ,"CORDOVA, VAL A.",,1,,,,YES ON RETENTION.,1.0
AZ,Phoenix Arizona Gazette,100651,1978,JUDGE,MARICOPA SUPERIOR COURT DIV 31,,AZ,"GOODFARB, STANLEY Z.",,1,,,,YES ON RETENTION.,1.0
AZ,Phoenix Arizona Gazette,100651,1978,JUDGE,AZ SUPREME COURT,,AZ,"GORDON, FRANK X.",,1,,,,YES ON RETENTION.,1.0
AZ,Phoenix Arizona Gazette,100651,1978,JUDGE,AZ COURT OF APPEALS,,AZ,"HAIRE, LEVI RAY",,1,,,,YES ON RETENTION.,1.0
AZ,Phoenix Arizona Gazette,100651,1978,JUDGE,MARICOPA SUPERIOR COURT DIV 14,,AZ,"HUGHES, ED W.",,1,,,,YES ON RETENTION.,1.0
AZ,Phoenix Arizona Gazette,100651,1978,JUDGE,MARICOPA SUPERIOR COURT DIV 13,,AZ,"LATRADE, PAUL W.",,,,,,NO RECOMMENDATION.,1.0
AZ,Phoenix Arizona Gazette,100651,1978,JUDGE,MARICOPA SUPERIOR COURT DIV 1,,AZ,"MCCARTHY, WARREN L.",,1,,,,YES ON RETENTION.,1.0
AZ,Phoenix Arizona Gazette,100651,1978,JUDGE,MARICOPA SUPERIOR COURT DIV 26,,AZ,"MCDONALD, A. MELVIN JR.",,1,,,,YES ON RETENTION.,1.0
AZ,Phoenix Arizona Gazette,100651,1978,JUDGE,MARICOPA SUPERIOR COURT DIV 3,,AZ,"MCFATE, YALE",,0,,,,NO ON RETENTION.,1.0
AZ,Phoenix Arizona Gazette,100651,1978,JUDGE,MARICOPA SUPERIOR COURT DIV 4,,AZ,"MYERS, ROBERT L.",,0,,,,NO ON RETENTION.,1.0
AZ,Phoenix Arizona Gazette,100651,1978,JUDGE,AZ COURT OF APPEALS,,AZ,"NELSON, GARY K.",,0,,,,NO ON RETENTION.,1.0
AZ,Phoenix Arizona Gazette,100651,1978,JUDGE,MARICOPA SUPERIOR COURT DIV 29,,AZ,"O'CONNOR, SANDRA D.",,1,,,,YES ON RETENTION.,1.0
AZ,Phoenix Arizona Gazette,100651,1978,JUDGE,MARICOPA SUPERIOR COURT DIV 8,,AZ,"PETERSON, HOWARD F.",,1,,,,YES ON RETENTION.,1.0
AZ,Phoenix Arizona Gazette,100651,1978,JUDGE,MARICOPA SUPERIOR COURT DIV 28,,AZ,"RAPP, EDWARD C.",,1,,,,YES ON RETENTION.,1.0
AZ,Phoenix Arizona Gazette,100651,1978,JUDGE,MARICOPA SUPERIOR COURT DIV 2,,AZ,"RYDER, FRED J.",,0,,,,NO ON RETENTION.,1.0
AZ,Phoenix Arizona Gazette,100651,1978,JUDGE,AZ COURT OF APPEALS,,AZ,"SCHROEDER, MARY MURPHY",,1,,,,YES ON RETENTION.,1.0
AZ,Phoenix Arizona Gazette,100651,1978,JUDGE,MARICOPA SUPERIOR COURT DIV 12,,AZ,"STRAND, ROGER G.",,1,,,,YES ON RETENTION.,1.0
AZ,Phoenix Arizona Gazette,100651,1978,JUDGE,AZ SUPREME COURT,,AZ,"STRUCKMEYER, FRED C. JR.",,1,,,,YES ON RETENTION.,1.0
AZ,Phoenix Arizona Gazette,100651,1978,JUDGE,MARICOPA SUPERIOR COURT DIV 9,,AZ,"THOMPSON, HOWARD F.",,1,,,,YES ON RETENTION.,1.0
AZ,Phoenix Arizona Gazette,100651,1978,SEC OF STATE,,,AZ,"MOFFORD, ROSE",Democrat,1,,,,D-ROSE MOFFORD ENDORSED FOR SECRETARY OF STATE.,1.0
AZ,Phoenix Arizona Gazette,100651,1978,STATE REP,12,,AZ,"BAILEY, CLAUDELL",Republican,1,,,,GAZETTE ENDORSEMENT.,0.85
AZ,Phoenix Arizona Gazette,100651,1978,STATE REP,9,,AZ,"BAKER, BART",Republican,1,,,,GAZETTE ENDORSEMENT.,1.0
AZ,Phoenix Arizona Gazette,100651,1978,STATE REP,18,,AZ,"BARR, BURTON S.",Republican,1,,,,NO RECOMMENDATION FOR SENATOR D-18.,1.0
AZ,Phoenix Arizona Gazette,100651,1978,STATE REP,9,,AZ,"BURGESS, GORDON A.",Democrat,1,,,,GAZETTE ENDORSEMENT.,1.0
AZ,Phoenix Arizona Gazette,100651,1978,STATE REP,10,,AZ,"CAJERO, CARMEN F.",Democrat,1,,,,GAZETTE ENDORSEMENT — NO REC FOR D-10 SENATOR.,1.0
AZ,Phoenix Arizona Gazette,100651,1978,STATE REP,29,,AZ,"CARLSON, DONNA J.",Republican,1,,,,GAZETTE ENDORSEMENT.,1.0
AZ,Phoenix Arizona Gazette,100651,1978,STATE REP,5,,AZ,"COURTRIGHT, MORRIS ""COURT""",Republican,1,,,,GAZETTE ENDORSEMENT.,1.0
AZ,Phoenix Arizona Gazette,100651,1978,STATE REP,15,,AZ,"DENNY, BOB",Republican,1,,,,GAZETTE ENDORSEMENT.,1.0
AZ,Phoenix Arizona Gazette,100651,1978,STATE REP,18,,AZ,"DUNN, PETE",Republican,1,,,,GAZETTE ENDORSEMENT.,1.0
AZ,Phoenix Arizona Gazette,100651,1978,STATE REP,11,,AZ,"GOUDINOFF, PETER",Democrat,1,,,,GAZETTE ENDORSEMENT — NO REC FOR D-11 SENATOR.,0.85
AZ,Phoenix Arizona Gazette,100651,1978,STATE REP,23,,AZ,"GUTIERREZ, ALFREDO",Democrat,1,,,,GAZETTE ENDORSEMENT (DUPLICATE — REMOVE IF GUTIERREZ ONLY SENATOR).,0.4
AZ,Phoenix Arizona Gazette,100651,1978,STATE REP,22,,AZ,"HAMILTON, ART",Democrat,1,,,,NO RECOMMENDATION FOR SENATOR D-22.,1.0
AZ,Phoenix Arizona Gazette,100651,1978,STATE REP,3,,AZ,"HANLEY, BENJAMIN",Democrat,1,,,,GAZETTE ENDORSEMENT.,1.0
AZ,Phoenix Arizona Gazette,100651,1978,STATE REP,6,,AZ,"HARTDEGEN, JIM",Republican,1,,,,GAZETTE ENDORSEMENT.,1.0
AZ,Phoenix Arizona Gazette,100651,1978,STATE REP,13,,AZ,"HAWKE, LARRY",Republican,1,,,,GAZETTE ENDORSEMENT.,1.0
AZ,Phoenix Arizona Gazette,100651,1978,STATE REP,19,,AZ,"HULL, JANE DEE",Republican,1,,,,GAZETTE ENDORSEMENT.,1.0
AZ,Phoenix Arizona Gazette,100651,1978,STATE REP,16,,AZ,"HUNGERFORD, BOB",Republican,1,,,,NO RECOMMENDATION FOR SENATOR D-16.,1.0
AZ,Phoenix Arizona Gazette,100651,1978,STATE REP,14,,AZ,"JEFFERS, ARNOLD",Republican,1,,,,GAZETTE ENDORSEMENT.,1.0
AZ,Phoenix Arizona Gazette,100651,1978,STATE REP,25,,AZ,"JONES, D. LEE",Republican,1,,,,GAZETTE ENDORSEMENT.,1.0
AZ,Phoenix Arizona Gazette,100651,1978,STATE REP,20,,AZ,"JORDAN, LILLIAN",Republican,1,,,,GAZETTE ENDORSEMENT.,1.0
AZ,Phoenix Arizona Gazette,100651,1978,STATE REP,27,,AZ,"KADISH, GENE",Democrat,1,,,,GAZETTE ENDORSEMENT.,1.0
AZ,Phoenix Arizona Gazette,100651,1978,STATE REP,26,,AZ,"KAY, PETER",Republican,1,,,,GAZETTE ENDORSEMENT.,1.0
AZ,Phoenix Arizona Gazette,100651,1978,STATE REP,26,,AZ,"KELLEY, FRANK",Republican,1,,,,GAZETTE ENDORSEMENT.,1.0
AZ,Phoenix Arizona Gazette,100651,1978,STATE REP,21,,AZ,"KENNEY, DONALD",Republican,1,,,,GAZETTE ENDORSEMENT.,1.0
AZ,Phoenix Arizona Gazette,100651,1978,STATE REP,12,,AZ,"KRSMSKI, JOHN",Democrat,1,,,,GAZETTE ENDORSEMENT.,0.65
AZ,Phoenix Arizona Gazette,100651,1978,STATE REP,30,,AZ,"KUNASEK, CARL J.",Republican,1,,,,GAZETTE ENDORSEMENT.,1.0
AZ,Phoenix Arizona Gazette,100651,1978,STATE REP,8,,AZ,"LANE, JOE",Republican,1,,,,GAZETTE ENDORSEMENT.,1.0
AZ,Phoenix Arizona Gazette,100651,1978,STATE REP,7,,AZ,"LOGAN, LLOYD R. JR.",Republican,1,,,,GAZETTE ENDORSEMENT.,1.0
AZ,Phoenix Arizona Gazette,100651,1978,STATE REP,6,,AZ,"MARIN, MANUEL ""MANNY""",Democrat,1,,,,GAZETTE ENDORSEMENT.,1.0
AZ,Phoenix Arizona Gazette,100651,1978,STATE REP,16,,AZ,"MCCARTHY, DIANE B.",Republican,1,,,,GAZETTE ENDORSEMENT.,1.0
AZ,Phoenix Arizona Gazette,100651,1978,STATE REP,5,,AZ,"MCELHANEY, FRANK",Democrat,1,,,,GAZETTE ENDORSEMENT.,1.0
AZ,Phoenix Arizona Gazette,100651,1978,STATE REP,11,,AZ,"MORALES, MIKE",Republican,1,,,,GAZETTE ENDORSEMENT.,1.0
AZ,Phoenix Arizona Gazette,100651,1978,STATE REP,7,,AZ,"PACHECO, RICHARD ""DICK""",Democrat,1,,,,GAZETTE ENDORSEMENT.,1.0
AZ,Phoenix Arizona Gazette,100651,1978,STATE REP,3,,AZ,"PEACHES, DANIEL",Republican,1,,,,GAZETTE ENDORSEMENT.,1.0
AZ,Phoenix Arizona Gazette,100651,1978,STATE REP,28,,AZ,"RAINERI, TONY",Democrat,1,,,,GAZETTE ENDORSEMENT.,1.0
AZ,Phoenix Arizona Gazette,100651,1978,STATE REP,15,,AZ,"RATLIFF, JAMES B.",Republican,1,,,,GAZETTE ENDORSEMENT.,1.0
AZ,Phoenix Arizona Gazette,100651,1978,STATE REP,21,,AZ,"ROCKWELL, ELIZABETH ADAMS",Republican,1,,,,GAZETTE ENDORSEMENT.,1.0
AZ,Phoenix Arizona Gazette,100651,1978,STATE REP,4,,AZ,"ROSENBAUM, E. C. ""POLLY""",Democrat,1,,,,GAZETTE ENDORSEMENT.,1.0
AZ,Phoenix Arizona Gazette,100651,1978,STATE REP,4,,AZ,"SCHATZ, DOROTHY L.",Republican,1,,,,GAZETTE ENDORSEMENT.,1.0
AZ,Phoenix Arizona Gazette,100651,1978,STATE REP,28,,AZ,"SKELLY, JIM",Republican,1,,,,GAZETTE ENDORSEMENT.,1.0
AZ,Phoenix Arizona Gazette,100651,1978,STATE REP,14,,AZ,"SOELLER, RALPH",Republican,1,,,,GAZETTE ENDORSEMENT.,1.0
AZ,Phoenix Arizona Gazette,100651,1978,STATE REP,30,,AZ,"SOSSAMAN, JAMES J.",Republican,1,,,,GAZETTE ENDORSEMENT.,1.0
AZ,Phoenix Arizona Gazette,100651,1978,STATE REP,25,,AZ,"STEINER, JACQUE",Republican,1,,,,GAZETTE ENDORSEMENT.,1.0
AZ,Phoenix Arizona Gazette,100651,1978,STATE REP,23,,AZ,"THOMPSON, LEON",Democrat,1,,,,GAZETTE ENDORSEMENT.,1.0
AZ,Phoenix Arizona Gazette,100651,1978,STATE REP,8,,AZ,"VUKCEVICH, STEVE J.",Democrat,1,,,,GAZETTE ENDORSEMENT.,1.0
AZ,Phoenix Arizona Gazette,100651,1978,STATE REP,1,,AZ,"WAGNER, JERRI",Democrat,1,,,,GAZETTE ENDORSEMENT.,1.0
AZ,Phoenix Arizona Gazette,100651,1978,STATE REP,1,,AZ,"WESLAW, JOHN U.",Republican,1,,,,GAZETTE ENDORSEMENT.,1.0
AZ,Phoenix Arizona Gazette,100651,1978,STATE REP,22,,AZ,"WILCOX, EARL V.",Democrat,1,,,,GAZETTE ENDORSEMENT.,1.0
AZ,Phoenix Arizona Gazette,100651,1978,STATE REP,17,,AZ,"WRIGHT, PATRICIA ""PAT""",Republican,1,,,,GAZETTE ENDORSEMENT.,1.0
AZ,Phoenix Arizona Gazette,100651,1978,STATE SENATOR,20,,AZ,"ALSTON, LELA",Democrat,1,,,,GAZETTE ENDORSEMENT.,1.0
AZ,Phoenix Arizona Gazette,100651,1978,STATE SENATOR,6,,AZ,"GETZWILLER, POLLY",Democrat,1,,,,GAZETTE ENDORSEMENT.,1.0
AZ,Phoenix Arizona Gazette,100651,1978,STATE SENATOR,23,,AZ,"GUTIERREZ, ALFREDO",Democrat,1,,,,GAZETTE ENDORSEMENT.,1.0
AZ,Phoenix Arizona Gazette,100651,1978,STATE SENATOR,4,,AZ,"HARDT, A. V. ""BILL""",Democrat,1,,,,GAZETTE ENDORSEMENT.,1.0
AZ,Phoenix Arizona Gazette,100651,1978,STATE SENATOR,21,,AZ,"HAYES, TIM",Republican,1,,,,GAZETTE ENDORSEMENT.,1.0
AZ,Phoenix Arizona Gazette,100651,1978,STATE SENATOR,25,,AZ,"HAYES, TIM",Republican,1,,,,GAZETTE ENDORSEMENT.,0.6
AZ,Phoenix Arizona Gazette,100651,1978,STATE SENATOR,9,,AZ,"HILL, JEFFREY J.",Republican,1,,,,GAZETTE ENDORSEMENT.,1.0
AZ,Phoenix Arizona Gazette,100651,1978,STATE SENATOR,3,,AZ,"HUBBARD, ARTHUR J. SR.",Democrat,1,,,,GAZETTE ENDORSEMENT.,1.0
AZ,Phoenix Arizona Gazette,100651,1978,STATE SENATOR,14,,AZ,"KOLBE, JIM",Republican,1,,,,GAZETTE ENDORSEMENT.,1.0
AZ,Phoenix Arizona Gazette,100651,1978,STATE SENATOR,17,,AZ,"LINDEMAN, ANNE",Republican,1,,,,GAZETTE ENDORSEMENT.,1.0
AZ,Phoenix Arizona Gazette,100651,1978,STATE SENATOR,13,,AZ,"LUNN, GREG",Republican,1,,,,GAZETTE ENDORSEMENT.,1.0
AZ,Phoenix Arizona Gazette,100651,1978,STATE SENATOR,27,,AZ,"MACK, JAMES A. ""JIM""",Republican,1,,,,GAZETTE ENDORSEMENT.,1.0
AZ,Phoenix Arizona Gazette,100651,1978,STATE SENATOR,12,,AZ,"MAWHINNEY, JOHN T.",Republican,1,,,,GAZETTE ENDORSEMENT.,1.0
AZ,Phoenix Arizona Gazette,100651,1978,STATE SENATOR,26,,AZ,"MCMULLIN, ROD",Republican,1,,,,GAZETTE ENDORSEMENT.,1.0
AZ,Phoenix Arizona Gazette,100651,1978,STATE SENATOR,5,,AZ,"OSBORN, JONES",Democrat,1,,,,GAZETTE ENDORSEMENT.,1.0
AZ,Phoenix Arizona Gazette,100651,1978,STATE SENATOR,24,,AZ,"PRITZLAFF, JOHN C. JR.",Republican,1,,,,NO RECOMMENDATION FOR REP D-24.,1.0
AZ,Phoenix Arizona Gazette,100651,1978,STATE SENATOR,19,,AZ,"ROTTAS, RAY",Republican,1,,,,GAZETTE ENDORSEMENT.,1.0
AZ,Phoenix Arizona Gazette,100651,1978,STATE SENATOR,15,,AZ,"RUNYAN, S. H. ""HAL""",Republican,1,,,,GAZETTE ENDORSEMENT.,1.0
AZ,Phoenix Arizona Gazette,100651,1978,STATE SENATOR,8,,AZ,"SAWYER, ED C.",Democrat,1,,,,GAZETTE ENDORSEMENT.,1.0
AZ,Phoenix Arizona Gazette,100651,1978,STATE SENATOR,7,,AZ,"SWINK, WILLIAM L.",Democrat,1,,,,GAZETTE ENDORSEMENT.,1.0
AZ,Phoenix Arizona Gazette,100651,1978,STATE SENATOR,29,,AZ,"TAYLOR, JACK J.",Republican,1,,,,GAZETTE ENDORSEMENT.,1.0
AZ,Phoenix Arizona Gazette,100651,1978,STATE SENATOR,1,,AZ,"TENNEY, BOYD",Republican,1,,,,GAZETTE ENDORSEMENT.,1.0
AZ,Phoenix Arizona Gazette,100651,1978,STATE SENATOR,30,,AZ,"TURLEY, STAN",Republican,1,,,,GAZETTE ENDORSEMENT.,1.0
AZ,Phoenix Arizona Gazette,100651,1978,STATE SENATOR,28,,AZ,"USDANE, ROBERT B.",Republican,1,,,,GAZETTE ENDORSEMENT.,1.0
AZ,Phoenix Arizona Gazette,100651,1978,SUPERINTENDENT,,,AZ,"JENKINS, STEVE",Republican,1,,,,R-STEVE JENKINS ENDORSED FOR STATE SUPT OF PUBLIC INSTRUCTION.,1.0
AZ,Phoenix Arizona Gazette,100651,1978,TREASURER,,,AZ,CLARK,Republican,1,,,,R-CLARK ENDORSED FOR STATE TREASURER.,0.5
AZ,Phoenix Arizona Gazette,100651,1980,ASSESSOR,,,AZ,"NOVKOV, MILT",Republican,1,,,,MARICOPA COUNTY ASSESSOR,1.0
AZ,Phoenix Arizona Gazette,100651,1980,CNTY COMM,4,,AZ,"ATKINSON, HEWLEY",Republican,1,,,,MARICOPA BOARD OF SUPERVISORS DISTRICT 4,1.0
AZ,Phoenix Arizona Gazette,100651,1980,CNTY COMM,2,,AZ,"CAMPBELL, GEORGE",Republican,1,,,,MARICOPA BOARD OF SUPERVISORS DISTRICT 2,1.0
AZ,Phoenix Arizona Gazette,100651,1980,CNTY COMM,1,,AZ,"FREESTONE, TOM",Republican,1,,,,MARICOPA BOARD OF SUPERVISORS DISTRICT 1,1.0
AZ,Phoenix Arizona Gazette,100651,1980,CNTY COMM,3,,AZ,"KOORY, FRED JR",Republican,1,,,,MARICOPA BOARD OF SUPERVISORS DISTRICT 3,1.0
AZ,Phoenix Arizona Gazette,100651,1980,CNTY COMM,5,,AZ,"PASTOR, ED",Democrat,1,,,,MARICOPA BOARD OF SUPERVISORS DISTRICT 5,1.0
AZ,Phoenix Arizona Gazette,100651,1980,CORPORATION COMMISSION,,,AZ,"MCCARTHY, DIANE",Republican,1,,,,TERM ENDING JANUARY 1985,1.0
AZ,Phoenix Arizona Gazette,100651,1980,CORPORATION COMMISSION,,,AZ,"TIMS, BUD",Republican,1,,,,TERM ENDING JANUARY 1987,1.0
AZ,Phoenix Arizona Gazette,100651,1980,DA/PROSECUTOR,,,AZ,"HYDER, CHARLES F",Democrat,1,,,,MARICOPA COUNTY ATTORNEY,1.0
AZ,Phoenix Arizona Gazette,100651,1980,H,1,,AZ,"RHODES, JOHN J",Republican,1,,1,,U.S. REPRESENTATIVE DISTRICT 1,1.0
AZ,Phoenix Arizona Gazette,100651,1980,H,4,,AZ,"RUDD, ELDON",Republican,1,,1,,U.S. REPRESENTATIVE DISTRICT 4,1.0
AZ,Phoenix Arizona Gazette,100651,1980,H,3,,AZ,"STUMP, BOB",Democrat,1,1,,,U.S. REPRESENTATIVE DISTRICT 3,1.0
AZ,Phoenix Arizona Gazette,100651,1980,JUDGE,,,AZ,"BROOMFIELD, ROBERT C",,1,,,,MARICOPA SUPERIOR COURT DIVISION 12 - YES RETENTION,1.0
AZ,Phoenix Arizona Gazette,100651,1980,JUDGE,,,AZ,"CARSON, DOROTHY",,0,,,,MARICOPA SUPERIOR COURT DIVISION 20 - NO ON RETENTION,1.0
AZ,Phoenix Arizona Gazette,100651,1980,JUDGE,,,AZ,"COULTER, RUFUS C JR",,1,,,,MARICOPA SUPERIOR COURT DIVISION 15 - YES RETENTION,1.0
AZ,Phoenix Arizona Gazette,100651,1980,JUDGE,,,AZ,"FRENCH, WILLIAM PATRICK",,1,,,,MARICOPA SUPERIOR COURT DIVISION 28 - YES RETENTION,1.0
AZ,Phoenix Arizona Gazette,100651,1980,JUDGE,,,AZ,"HAYS, JACK D H",,1,,,,JUSTICE OF THE SUPREME COURT - YES FOR RETENTION,1.0
AZ,Phoenix Arizona Gazette,100651,1980,JUDGE,,,AZ,"KLEINSCHMIDT, THOMAS C",,1,,,,MARICOPA SUPERIOR COURT DIVISION 26 - YES RETENTION,1.0
AZ,Phoenix Arizona Gazette,100651,1980,JUDGE,,,AZ,"MARQUARDT, PHILIP W",,1,,,,MARICOPA SUPERIOR COURT DIVISION 13 - YES RETENTION,1.0
AZ,Phoenix Arizona Gazette,100651,1980,JUDGE,,,AZ,"MOELLER, JAMES",,1,,,,MARICOPA SUPERIOR COURT DIVISION 25 - YES RETENTION,1.0
AZ,Phoenix Arizona Gazette,100651,1980,JUDGE,,,AZ,"MORONEY, WILLIAM T",,1,,,,MARICOPA SUPERIOR COURT DIVISION 27 - YES RETENTION,1.0
AZ,Phoenix Arizona Gazette,100651,1980,JUDGE,,,AZ,"PERRY, DAVID J",,1,,,,MARICOPA SUPERIOR COURT DIVISION 17 - YES RETENTION,1.0
AZ,Phoenix Arizona Gazette,100651,1980,JUDGE,,,AZ,"PICKRELL, ROBERT W",,1,,,,MARICOPA SUPERIOR COURT DIVISION 18 - YES RETENTION,1.0
AZ,Phoenix Arizona Gazette,100651,1980,JUDGE,,,AZ,"RIDDEL, MARILYN A",,1,,,,MARICOPA SUPERIOR COURT DIVISION 11 - YES RETENTION,1.0
AZ,Phoenix Arizona Gazette,100651,1980,JUDGE,,,AZ,"ROSE, C KIMBALL",,1,,,,MARICOPA SUPERIOR COURT DIVISION 16 - YES RETENTION,1.0
AZ,Phoenix Arizona Gazette,100651,1980,JUDGE,,,AZ,"STRICK, GERALD L",,1,,,,MARICOPA SUPERIOR COURT DIVISION 14 - YES RETENTION,1.0
AZ,Phoenix Arizona Gazette,100651,1980,PRESIDENT,,,AZ,"REAGAN, RONALD",Republican,1,,,,1980 ELECTION RECOMMENDATIONS LIST,1.0
AZ,Phoenix Arizona Gazette,100651,1980,RECORDER,,,AZ,"HENRY, BILL",Republican,1,,,,MARICOPA COUNTY RECORDER,1.0
AZ,Phoenix Arizona Gazette,100651,1980,SENATOR,,,AZ,"GOLDWATER, BARRY",Republican,1,,1,,U.S. SENATOR,1.0
AZ,Phoenix Arizona Gazette,100651,1980,SHERIFF,,,AZ,"HILL, JERRY L",Democrat,1,,,,MARICOPA COUNTY SHERIFF,1.0
AZ,Phoenix Arizona Gazette,100651,1980,STATE REP,23,,AZ,"ABRIL, TONY R",Democrat,1,,,,DISTRICT 23 REPRESENTATIVE,1.0
AZ,Phoenix Arizona Gazette,100651,1980,STATE REP,18,,AZ,"BARR, BURTON S",Republican,1,,,,DISTRICT 18 REPRESENTATIVE,1.0
AZ,Phoenix Arizona Gazette,100651,1980,STATE REP,29,,AZ,"COOPER, JIM",Republican,1,,,,DISTRICT 29 REPRESENTATIVE,1.0
AZ,Phoenix Arizona Gazette,100651,1980,STATE REP,18,,AZ,"DUNN, PETE",Republican,1,,,,DISTRICT 18 REPRESENTATIVE,1.0
AZ,Phoenix Arizona Gazette,100651,1980,STATE REP,22,,AZ,"HAMILTON, ART",Democrat,1,,,,DISTRICT 22 REPRESENTATIVE,1.0
AZ,Phoenix Arizona Gazette,100651,1980,STATE REP,27,,AZ,"HARELSON, JUANITA",Republican,1,,,,DISTRICT 27 REPRESENTATIVE,1.0
AZ,Phoenix Arizona Gazette,100651,1980,STATE REP,19,,AZ,"HULL, JANE DEE",Republican,1,,,,DISTRICT 19 REPRESENTATIVE,1.0
AZ,Phoenix Arizona Gazette,100651,1980,STATE REP,16,,AZ,"HUNGERFORD, BOB",Republican,1,,,,DISTRICT 16 REPRESENTATIVE,1.0
AZ,Phoenix Arizona Gazette,100651,1980,STATE REP,25,,AZ,"JONES, D LEE",Republican,1,,,,DISTRICT 25 REPRESENTATIVE,1.0
AZ,Phoenix Arizona Gazette,100651,1980,STATE REP,20,,AZ,"JORDAN, LILLIAN K",Republican,1,,,,DISTRICT 20 REPRESENTATIVE,1.0
AZ,Phoenix Arizona Gazette,100651,1980,STATE REP,26,,AZ,"KELLEY, FRANK",Republican,1,,,,DISTRICT 26 REPRESENTATIVE,1.0
AZ,Phoenix Arizona Gazette,100651,1980,STATE REP,21,,AZ,"KENNEY, DONALD J",Republican,1,,,,DISTRICT 21 REPRESENTATIVE,1.0
AZ,Phoenix Arizona Gazette,100651,1980,STATE REP,30,,AZ,"KUNASEK, CARL J",Republican,1,,,,DISTRICT 30 REPRESENTATIVE,1.0
AZ,Phoenix Arizona Gazette,100651,1980,STATE REP,17,,AZ,"LEWIS, C W ""BILL""",Republican,1,,,,DISTRICT 17 REPRESENTATIVE,1.0
AZ,Phoenix Arizona Gazette,100651,1980,STATE REP,20,,AZ,"MCCUNE, DEBBIE",Democrat,1,,,,DISTRICT 20 REPRESENTATIVE,1.0
AZ,Phoenix Arizona Gazette,100651,1980,STATE REP,26,,AZ,"MEREDITH, JAMES ""JIM""",Republican,1,,,,DISTRICT 26 REPRESENTATIVE,1.0
AZ,Phoenix Arizona Gazette,100651,1980,STATE REP,28,,AZ,"MESSINGER, PAUL R",Republican,1,,,,DISTRICT 28 REPRESENTATIVE,1.0
AZ,Phoenix Arizona Gazette,100651,1980,STATE REP,15,,AZ,"RATLIFF, JAMES B",Republican,1,,,,DISTRICT 15 REPRESENTATIVE,1.0
AZ,Phoenix Arizona Gazette,100651,1980,STATE REP,21,,AZ,"ROCKWELL, ELIZABETH ADAMS",Republican,1,,,,DISTRICT 21 REPRESENTATIVE,1.0
AZ,Phoenix Arizona Gazette,100651,1980,STATE REP,4,,AZ,"ROSENBAUM, E C ""POLLY""",Democrat,1,,,,DISTRICT 4 REPRESENTATIVE,1.0
AZ,Phoenix Arizona Gazette,100651,1980,STATE REP,28,,AZ,"SKELLY, JIM",Republican,1,,,,DISTRICT 28 REPRESENTATIVE,1.0
AZ,Phoenix Arizona Gazette,100651,1980,STATE REP,30,,AZ,"SOSSAMAN, JAMES J",Republican,1,,,,DISTRICT 30 REPRESENTATIVE,1.0
AZ,Phoenix Arizona Gazette,100651,1980,STATE REP,16,,AZ,"THOMAS, RHONDA",Republican,1,,,,DISTRICT 16 REPRESENTATIVE,1.0
AZ,Phoenix Arizona Gazette,100651,1980,STATE REP,23,,AZ,"THOMPSON, LEON",Democrat,1,,,,DISTRICT 23 REPRESENTATIVE,1.0
AZ,Phoenix Arizona Gazette,100651,1980,STATE REP,27,,AZ,"TODD, DOUG",Republican,1,,,,DISTRICT 27 REPRESENTATIVE,1.0
AZ,Phoenix Arizona Gazette,100651,1980,STATE REP,4,,AZ,"UHLIG, JENNY C",Republican,1,,,,DISTRICT 4 REPRESENTATIVE,1.0
AZ,Phoenix Arizona Gazette,100651,1980,STATE REP,29,,AZ,"WEST, DONNA CARLSON",Republican,1,,,,DISTRICT 29 REPRESENTATIVE,1.0
AZ,Phoenix Arizona Gazette,100651,1980,STATE REP,19,,AZ,"WEST, TONY",Republican,1,,,,DISTRICT 19 REPRESENTATIVE,1.0
AZ,Phoenix Arizona Gazette,100651,1980,STATE REP,22,,AZ,"WILCOX, EARL V",Democrat,1,,,,DISTRICT 22 REPRESENTATIVE,1.0
AZ,Phoenix Arizona Gazette,100651,1980,STATE REP,17,,AZ,"WRIGHT, PATRICIA ""PAT""",Republican,1,,,,DISTRICT 17 REPRESENTATIVE,1.0
AZ,Phoenix Arizona Gazette,100651,1980,STATE SENATOR,20,,AZ,"ALSTON, LELA",Democrat,1,,,,DISTRICT 20 SENATOR,1.0
AZ,Phoenix Arizona Gazette,100651,1980,STATE SENATOR,18,,AZ,"CORBET, LEO",Republican,1,,,,DISTRICT 18 SENATOR,1.0
AZ,Phoenix Arizona Gazette,100651,1980,STATE SENATOR,23,,AZ,"GUTIERREZ, ALFREDO",Democrat,1,,,,DISTRICT 23 SENATOR,1.0
AZ,Phoenix Arizona Gazette,100651,1980,STATE SENATOR,4,,AZ,"HARDT, A V ""BILL""",Democrat,1,,,,DISTRICT 4 SENATOR,1.0
AZ,Phoenix Arizona Gazette,100651,1980,STATE SENATOR,26,,AZ,"KAY, PETER",Republican,1,,,,DISTRICT 26 SENATOR,1.0
AZ,Phoenix Arizona Gazette,100651,1980,STATE SENATOR,17,,AZ,"LINDEMAN, ANNE",Republican,1,,,,DISTRICT 17 SENATOR,1.0
AZ,Phoenix Arizona Gazette,100651,1980,STATE SENATOR,27,,AZ,"MACK, JAMES A ""JIM""",Republican,1,,,,DISTRICT 27 SENATOR,1.0
AZ,Phoenix Arizona Gazette,100651,1980,STATE SENATOR,24,,AZ,"PRITZLAFF, JOHN J JR",Republican,1,,,,DISTRICT 24 SENATOR,1.0
AZ,Phoenix Arizona Gazette,100651,1980,STATE SENATOR,19,,AZ,"ROTTAS, RAY",Republican,1,,,,DISTRICT 19 SENATOR,1.0
AZ,Phoenix Arizona Gazette,100651,1980,STATE SENATOR,15,,AZ,"RUNYAN, S H ""HAL""",Republican,1,,,,DISTRICT 15 SENATOR,1.0
AZ,Phoenix Arizona Gazette,100651,1980,STATE SENATOR,25,,AZ,"STEINER, JACQUE",Republican,1,,,,DISTRICT 25 SENATOR,1.0
AZ,Phoenix Arizona Gazette,100651,1980,STATE SENATOR,16,,AZ,"STUMP, WAYNE",Republican,1,,,,DISTRICT 16 SENATOR,1.0
AZ,Phoenix Arizona Gazette,100651,1980,STATE SENATOR,29,,AZ,"TAYLOR, JACK J",Republican,1,,,,DISTRICT 29 SENATOR,1.0
AZ,Phoenix Arizona Gazette,100651,1980,STATE SENATOR,30,,AZ,"TURLEY, STAN",Republican,1,,,,DISTRICT 30 SENATOR,1.0
AZ,Phoenix Arizona Gazette,100651,1980,STATE SENATOR,28,,AZ,"USDANE, ROBERT B",Republican,1,,,,DISTRICT 28 SENATOR,1.0
AZ,Phoenix Arizona Gazette,100651,1980,SUPERINTENDENT,,,AZ,"HARRIS, RICHARD L",Republican,1,,,,MARICOPA COUNTY SCHOOL SUPT,1.0
AZ,Phoenix Arizona Gazette,100651,1980,TREASURER,,,AZ,"STAPLEY, GLENN O",Republican,1,,,,MARICOPA COUNTY TREASURER,1.0
AZ,Phoenix Arizona Gazette,100651,1980,CAWCD,,,AZ,"CONNOLLY, ROBERT",,1,,,,CAWCD BOARD - 2-YEAR TERM,1.0
AZ,Phoenix Arizona Gazette,100651,1980,CAWCD,,,AZ,"ERNST, ROGER",,1,,,,CAWCD BOARD - 2-YEAR TERM,1.0
AZ,Phoenix Arizona Gazette,100651,1980,CAWCD,,,AZ,"KILLIAN, RAY",,1,,,,CAWCD BOARD - 2-YEAR TERM,1.0
AZ,Phoenix Arizona Gazette,100651,1980,CAWCD,,,AZ,"MCMULLIN, ROD J",,1,,,,CAWCD BOARD - 6-YEAR TERM,1.0
AZ,Phoenix Arizona Gazette,100651,1980,CAWCD,,,AZ,"OVERMAN, GLENN",,1,,,,CENTRAL ARIZONA WATER CONSERVATION DISTRICT BOARD - 2-YEAR TERM,1.0
AZ,Phoenix Arizona Gazette,100651,1980,CAWCD,,,AZ,"PYLE, HOWARD",,1,,,,CAWCD BOARD - 6-YEAR TERM,1.0
AZ,Phoenix Arizona Gazette,100651,1980,CAWCD,,,AZ,"SHARP, LYNN",,1,,,,CAWCD BOARD - 6-YEAR TERM,1.0
AZ,Phoenix Arizona Gazette,100651,1980,CAWCD,,,AZ,"UDALL, STEWART",,1,,,,CAWCD BOARD - 2-YEAR TERM,1.0
AZ,Phoenix Arizona Gazette,100651,1980,CAWCD,,,AZ,"WARREN, MORRISON",,1,,,,CAWCD BOARD - 6-YEAR TERM,1.0
AZ,Phoenix Arizona Gazette,100651,1980,CAWCD,,,AZ,"WILLIAMS, JACK",,1,,,,CAWCD BOARD - 6-YEAR TERM,1.0
AZ,Phoenix Arizona Gazette,100651,1982,JUDGE,MARICOPA-SUPERIOR,,AZ,"BROWN, I. SYLVAN",Nonpartisan,1,,,,BAR ASSOCIATION JUDICIAL EVAL POLL - ENDORSED - GAZETTE PUBLISHED,0.9
AZ,Phoenix Arizona Gazette,100651,1982,JUDGE,AZ-SUPREME,,AZ,"CAMERON, JAMES DUKE",Nonpartisan,1,,,,BAR ASSOCIATION JUDICIAL EVAL POLL - ENDORSED - GAZETTE PUBLISHED,0.9
AZ,Phoenix Arizona Gazette,100651,1982,JUDGE,MARICOPA-SUPERIOR,,AZ,"CANTOR, IRWIN",Nonpartisan,1,,,,BAR ASSOCIATION JUDICIAL EVAL POLL - ENDORSED - GAZETTE PUBLISHED,0.9
AZ,Phoenix Arizona Gazette,100651,1982,JUDGE,MARICOPA-SUPERIOR,,AZ,"CATES, JEFFREY",Nonpartisan,1,,,,BAR ASSOCIATION JUDICIAL EVAL POLL - ENDORSED - GAZETTE PUBLISHED,0.9
AZ,Phoenix Arizona Gazette,100651,1982,JUDGE,AZ-APPEALS,,AZ,"CONTRERAS, JOSEPH W.",Nonpartisan,1,,,,BAR ASSOCIATION JUDICIAL EVAL POLL - ENDORSED - GAZETTE PUBLISHED,0.9
AZ,Phoenix Arizona Gazette,100651,1982,JUDGE,MARICOPA-SUPERIOR,,AZ,"DANN, B. MICHAEL",Nonpartisan,1,,,,BAR ASSOCIATION JUDICIAL EVAL POLL - ENDORSED - GAZETTE PUBLISHED,0.9
AZ,Phoenix Arizona Gazette,100651,1982,JUDGE,MARICOPA-SUPERIOR,,AZ,"DERICKSON, DAVID G.",Nonpartisan,1,,,,BAR ASSOCIATION JUDICIAL EVAL POLL - ENDORSED - GAZETTE PUBLISHED,0.9
AZ,Phoenix Arizona Gazette,100651,1982,JUDGE,AZ-APPEALS,,AZ,"EUBANK, WILLIAM E.",Nonpartisan,1,,,,BAR ASSOCIATION JUDICIAL EVAL POLL - ENDORSED - GAZETTE PUBLISHED,0.9
AZ,Phoenix Arizona Gazette,100651,1982,JUDGE,AZ-APPEALS,,AZ,"FROEB, DONALD F.",Nonpartisan,1,,,,BAR ASSOCIATION JUDICIAL EVAL POLL - ENDORSED - GAZETTE PUBLISHED,0.9
AZ,Phoenix Arizona Gazette,100651,1982,JUDGE,MARICOPA-SUPERIOR,,AZ,"GERBER, RUDOLPH J.",Nonpartisan,1,,,,BAR ASSOCIATION JUDICIAL EVAL POLL - ENDORSED - GAZETTE PUBLISHED,0.9
AZ,Phoenix Arizona Gazette,100651,1982,JUDGE,MARICOPA-SUPERIOR,,AZ,"GOODFARB, STANLEY Z.",Nonpartisan,,,,,BAR ASSOCIATION JUDICIAL EVAL POLL - NO OPINION - GAZETTE PUBLISHED,0.85
AZ,Phoenix Arizona Gazette,100651,1982,JUDGE,MARICOPA-SUPERIOR,,AZ,"GOTTSFIELD, ROBERT L.",Nonpartisan,1,,,,BAR ASSOCIATION JUDICIAL EVAL POLL - ENDORSED - GAZETTE PUBLISHED,0.9
AZ,Phoenix Arizona Gazette,100651,1982,JUDGE,MARICOPA-SUPERIOR,,AZ,"GROUNDS, DAVID",Nonpartisan,1,,,,BAR ASSOCIATION JUDICIAL EVAL POLL - ENDORSED - GAZETTE PUBLISHED,0.9
AZ,Phoenix Arizona Gazette,100651,1982,JUDGE,MARICOPA-SUPERIOR,,AZ,"HERTZBERG, ROBERT A.",Nonpartisan,1,,,,BAR ASSOCIATION JUDICIAL EVAL POLL - ENDORSED - GAZETTE PUBLISHED,0.9
AZ,Phoenix Arizona Gazette,100651,1982,JUDGE,AZ-SUPREME,,AZ,"HOLOHAN, WILLIAM A.",Nonpartisan,,,,,BAR ASSOCIATION JUDICIAL EVAL POLL - NO OPINION - GAZETTE PUBLISHED,0.85
AZ,Phoenix Arizona Gazette,100651,1982,JUDGE,MARICOPA-SUPERIOR,,AZ,"HUGHES, EDWARD W.",Nonpartisan,,,,,BAR ASSOCIATION JUDICIAL EVAL POLL - NO OPINION - GAZETTE PUBLISHED,0.85
AZ,Phoenix Arizona Gazette,100651,1982,JUDGE,MARICOPA-SUPERIOR,,AZ,"LAPRADE, PAUL W.",Nonpartisan,,,,,BAR ASSOCIATION JUDICIAL EVAL POLL - NO OPINION - GAZETTE PUBLISHED,0.85
AZ,Phoenix Arizona Gazette,100651,1982,JUDGE,MARICOPA-SUPERIOR,,AZ,"MCCARTHY, WARREN L.",Nonpartisan,1,,,,BAR ASSOCIATION JUDICIAL EVAL POLL - ENDORSED - GAZETTE PUBLISHED,0.9
AZ,Phoenix Arizona Gazette,100651,1982,JUDGE,MARICOPA-SUPERIOR,,AZ,"MYERS, ROBERT L.",Nonpartisan,1,,,,BAR ASSOCIATION JUDICIAL EVAL POLL - ENDORSED - GAZETTE PUBLISHED,0.9
AZ,Phoenix Arizona Gazette,100651,1982,JUDGE,MARICOPA-SUPERIOR,,AZ,"PATTERSON, CECIL",Nonpartisan,1,,,,BAR ASSOCIATION JUDICIAL EVAL POLL - ENDORSED - GAZETTE PUBLISHED,0.9
AZ,Phoenix Arizona Gazette,100651,1982,JUDGE,MARICOPA-SUPERIOR,,AZ,"PETERSON, HOWARD V.",Nonpartisan,,,,,BAR ASSOCIATION JUDICIAL EVAL POLL - NO OPINION - GAZETTE PUBLISHED,0.85
AZ,Phoenix Arizona Gazette,100651,1982,JUDGE,MARICOPA-SUPERIOR,,AZ,"RAPP, EDWARD C.",Nonpartisan,1,,,,BAR ASSOCIATION JUDICIAL EVAL POLL - ENDORSED - GAZETTE PUBLISHED,0.9
AZ,Phoenix Arizona Gazette,100651,1982,JUDGE,MARICOPA-SUPERIOR,,AZ,"ROZAR, MORRIS",Nonpartisan,1,,,,BAR ASSOCIATION JUDICIAL EVAL POLL - ENDORSED - GAZETTE PUBLISHED,0.9
AZ,Phoenix Arizona Gazette,100651,1982,JUDGE,MARICOPA-SUPERIOR,,AZ,"SCOTT, STEPHEN",Nonpartisan,1,,,,BAR ASSOCIATION JUDICIAL EVAL POLL - ENDORSED - GAZETTE PUBLISHED,0.9
AZ,Phoenix Arizona Gazette,100651,1982,JUDGE,MARICOPA-SUPERIOR,,AZ,"SEIDEL, JOHN H.",Nonpartisan,1,,,,BAR ASSOCIATION JUDICIAL EVAL POLL - ENDORSED - GAZETTE PUBLISHED,0.9
AZ,Phoenix Arizona Gazette,100651,1982,JUDGE,MARICOPA-SUPERIOR,,AZ,"STOVER, ELIZABETH",Nonpartisan,1,,,,BAR ASSOCIATION JUDICIAL EVAL POLL - ENDORSED - GAZETTE PUBLISHED,0.9
AZ,Phoenix Arizona Gazette,100651,1982,JUDGE,MARICOPA-SUPERIOR,,AZ,"STRAND, ROGER G.",Nonpartisan,1,,,,BAR ASSOCIATION JUDICIAL EVAL POLL - ENDORSED - GAZETTE PUBLISHED,0.9
AZ,Phoenix Arizona Gazette,100651,1982,JUDGE,MARICOPA-SUPERIOR,,AZ,"THOMPSON, HOWARD F.",Nonpartisan,,,,,BAR ASSOCIATION JUDICIAL EVAL POLL - NO OPINION - GAZETTE PUBLISHED,0.85
AZ,Phoenix Arizona Gazette,100651,1982,SCHOOL BOARD,PHX-UNION,,AZ,"BUTLER, SCOT",Nonpartisan,1,,,,PHOENIX UNION HIGH SCHOOL DISTRICT BOARD OF TRUSTEES 1982,0.95
AZ,Phoenix Arizona Gazette,100651,1982,SCHOOL BOARD,MARICOPA-CC,,AZ,"HITCHCOCK, BARBARA",Nonpartisan,1,,,,MARICOPA COUNTY COMMUNITY COLLEGE DISTRICT BOARD 1982,0.85
AZ,Phoenix Arizona Gazette,100651,1982,SCHOOL BOARD,PHX-UNION,,AZ,"KENNEDY, DON",Nonpartisan,1,,,,PHOENIX UNION HIGH SCHOOL DISTRICT BOARD OF TRUSTEES 1982,0.95
AZ,Phoenix Arizona Gazette,100651,1982,STATE SENATOR,15,,AZ,"RUNYAN, S.H. ""HAL""",Republican,1,,,,1982 GAZETTE ARIZONA LEGISLATURE,0.95
AZ,Phoenix Arizona Gazette,100651,1982,CAWCD,CAWCD,,AZ,"CONNOLLY, ROBERT S.",Nonpartisan,1,,,,CENTRAL ARIZONA WATER CONSERVATION DISTRICT 1982,0.85
AZ,Phoenix Arizona Gazette,100651,1982,CAWCD,CAWCD,,AZ,"ERNST, ROGER",Nonpartisan,1,,,,CENTRAL ARIZONA WATER CONSERVATION DISTRICT 1982,0.85
AZ,Phoenix Arizona Gazette,100651,1982,CAWCD,CAWCD,,AZ,"FANNIN, PAUL",Nonpartisan,1,,,,CENTRAL ARIZONA WATER CONSERVATION DISTRICT 1982,0.85
AZ,Phoenix Arizona Gazette,100651,1982,CAWCD,CAWCD,,AZ,"FRANCIS JR., J.S. (JACK)",Nonpartisan,1,,,,CENTRAL ARIZONA WATER CONSERVATION DISTRICT 1982,0.85
AZ,Phoenix Arizona Gazette,100651,1982,CAWCD,CAWCD,,AZ,"UDALL, STEWART",Nonpartisan,1,,,,CENTRAL ARIZONA WATER CONSERVATION DISTRICT 1982,0.85
AZ,Phoenix Arizona Gazette,100651,1982,ATTORNEY GENERAL,,,AZ,"CORBIN, BOB",Republican,1,,,,1982 ELECTION RECOMMENDATIONS — GAZETTE.,1.0
AZ,Phoenix Arizona Gazette,100651,1982,CORPORATION COMMISSION,,,AZ,"DIERKS, CLARK",Republican,1,,,,1982 ELECTION RECOMMENDATIONS — GAZETTE.,1.0
AZ,Phoenix Arizona Gazette,100651,1982,GOVERNOR,,,AZ,"BABBITT, BRUCE",Democrat,1,1,,,1982 ELECTION RECOMMENDATIONS — GAZETTE.,1.0
AZ,Phoenix Arizona Gazette,100651,1982,H,2,,AZ,,,,,,,NO RECOMMENDATION FOR DISTRICT 2.,1.0
AZ,Phoenix Arizona Gazette,100651,1982,H,5,,AZ,"KOLBE, JIM",Republican,1,,,,1982 ELECTION RECOMMENDATIONS — GAZETTE.,1.0
AZ,Phoenix Arizona Gazette,100651,1982,H,1,,AZ,"MCCAIN, JOHN",Republican,1,,,,1982 ELECTION RECOMMENDATIONS — GAZETTE.,1.0
AZ,Phoenix Arizona Gazette,100651,1982,H,4,,AZ,"RUDD, ELDON",Republican,1,,1,,1982 ELECTION RECOMMENDATIONS — GAZETTE.,1.0
AZ,Phoenix Arizona Gazette,100651,1982,H,3,,AZ,"STUMP, BOB",Republican,1,,1,,1982 ELECTION RECOMMENDATIONS — GAZETTE.,1.0
AZ,Phoenix Arizona Gazette,100651,1982,MINE INSPECTOR,,,AZ,,,,,,,NO RECOMMENDATION.,1.0
AZ,Phoenix Arizona Gazette,100651,1982,SCHOOL BOARD,PHOENIX UNION HS,,AZ,"BUTLER, SCOTT",,1,,,,PHOENIX UNION HIGH SCHOOL DISTRICT BOARD OF TRUSTEES.,1.0
AZ,Phoenix Arizona Gazette,100651,1982,SCHOOL BOARD,CENTRAL AZ WATER CONS,,AZ,"CONNOLLY, ROBERT S.",,1,,,,CENTRAL ARIZONA WATER CONSERVATION DISTRICT.,1.0
AZ,Phoenix Arizona Gazette,100651,1982,SCHOOL BOARD,CENTRAL AZ WATER CONS,,AZ,"ERNST, ROGER",,1,,,,CENTRAL ARIZONA WATER CONSERVATION DISTRICT.,1.0
AZ,Phoenix Arizona Gazette,100651,1982,SCHOOL BOARD,CENTRAL AZ WATER CONS,,AZ,"FANNIN, PAUL",,1,,,,CENTRAL ARIZONA WATER CONSERVATION DISTRICT.,1.0
AZ,Phoenix Arizona Gazette,100651,1982,SCHOOL BOARD,CENTRAL AZ WATER CONS,,AZ,"FRANCIS, J. S. (JACK) JR.",,1,,,,CENTRAL ARIZONA WATER CONSERVATION DISTRICT.,1.0
AZ,Phoenix Arizona Gazette,100651,1982,SCHOOL BOARD,MARICOPA COMM COLLEGE,,AZ,"HITCHCOCK, BARBARA",,1,,,,MARICOPA COUNTY COMMUNITY COLLEGE DISTRICT BOARD.,1.0
AZ,Phoenix Arizona Gazette,100651,1982,SCHOOL BOARD,PHOENIX UNION HS,,AZ,"KENNEDY, DON",,1,,,,PHOENIX UNION HIGH SCHOOL DISTRICT BOARD OF TRUSTEES.,1.0
AZ,Phoenix Arizona Gazette,100651,1982,SCHOOL BOARD,CENTRAL AZ WATER CONS,,AZ,"UDALL, STEWART",,1,,,,CENTRAL ARIZONA WATER CONSERVATION DISTRICT.,1.0
AZ,Phoenix Arizona Gazette,100651,1982,SEC OF STATE,,,AZ,"MOFFORD, ROSE",Democrat,1,,,,1982 ELECTION RECOMMENDATIONS — GAZETTE.,1.0
AZ,Phoenix Arizona Gazette,100651,1982,SENATOR,,,AZ,"DECONCINI, DENNIS",Democrat,1,1,,,1982 ELECTION RECOMMENDATIONS — GAZETTE.,1.0
AZ,Phoenix Arizona Gazette,100651,1982,STATE REP,18,,AZ,"BARR, BURTON S.",Republican,1,,,,1982 ELECTION RECOMMENDATIONS — GAZETTE.,1.0
AZ,Phoenix Arizona Gazette,100651,1982,STATE REP,19,,AZ,"BREWER, JAN",Republican,1,,,,1982 ELECTION RECOMMENDATIONS — GAZETTE.,1.0
AZ,Phoenix Arizona Gazette,100651,1982,STATE REP,6,,AZ,"CELAYA, ENRIQUE ""HENRY""",Democrat,1,,,,1982 ELECTION RECOMMENDATIONS — GAZETTE.,1.0
AZ,Phoenix Arizona Gazette,100651,1982,STATE REP,29,,AZ,"COOPER, JIM",Republican,1,,,,1982 ELECTION RECOMMENDATIONS — GAZETTE.,1.0
AZ,Phoenix Arizona Gazette,100651,1982,STATE REP,20,,AZ,"DAVIS, GLENN",Democrat,1,,,,1982 ELECTION RECOMMENDATIONS — GAZETTE.,1.0
AZ,Phoenix Arizona Gazette,100651,1982,STATE REP,15,,AZ,"DENNY, BOB",Republican,1,,,,1982 ELECTION RECOMMENDATIONS — GAZETTE.,1.0
AZ,Phoenix Arizona Gazette,100651,1982,STATE REP,22,,AZ,"HAMILTON, ART",Democrat,1,,,,1982 ELECTION RECOMMENDATIONS — GAZETTE.,1.0
AZ,Phoenix Arizona Gazette,100651,1982,STATE REP,24,,AZ,"HARRAR, JOHN WEBSTER",Libertarian,1,,,,1982 ELECTION RECOMMENDATIONS — GAZETTE. (LIBERTARIAN),1.0
AZ,Phoenix Arizona Gazette,100651,1982,STATE REP,6,,AZ,"HARTDEGEN, JIM",Republican,1,,,,1982 ELECTION RECOMMENDATIONS — GAZETTE.,1.0
AZ,Phoenix Arizona Gazette,100651,1982,STATE REP,21,,AZ,"HAWS, HENRY H.",Republican,1,,,,1982 ELECTION RECOMMENDATIONS — GAZETTE.,1.0
AZ,Phoenix Arizona Gazette,100651,1982,STATE REP,27,,AZ,"HERMON, BEV",Republican,1,,,,1982 ELECTION RECOMMENDATIONS — GAZETTE.,1.0
AZ,Phoenix Arizona Gazette,100651,1982,STATE REP,24,,AZ,"HERSTAM, CHRIS",Republican,1,,,,1982 ELECTION RECOMMENDATIONS — GAZETTE.,1.0
AZ,Phoenix Arizona Gazette,100651,1982,STATE REP,18,,AZ,"HULL, JANE DEE",Republican,1,,,,1982 ELECTION RECOMMENDATIONS — GAZETTE.,1.0
AZ,Phoenix Arizona Gazette,100651,1982,STATE REP,16,,AZ,"HUNGERFORD, BOB",Republican,1,,,,1982 ELECTION RECOMMENDATIONS — GAZETTE.,1.0
AZ,Phoenix Arizona Gazette,100651,1982,STATE REP,21,,AZ,"JOHNSON, LESLIE WHITING",Republican,1,,,,1982 ELECTION RECOMMENDATIONS — GAZETTE.,1.0
AZ,Phoenix Arizona Gazette,100651,1982,STATE REP,26,,AZ,"KELLEY, FRANK",Republican,1,,,,1982 ELECTION RECOMMENDATIONS — GAZETTE.,1.0
AZ,Phoenix Arizona Gazette,100651,1982,STATE REP,25,,AZ,"KENNEY, DON",Republican,1,,,,1982 ELECTION RECOMMENDATIONS — GAZETTE.,1.0
AZ,Phoenix Arizona Gazette,100651,1982,STATE REP,30,,AZ,"KILLIAN, MARK W.",Republican,1,,,,1982 ELECTION RECOMMENDATIONS — GAZETTE.,1.0
AZ,Phoenix Arizona Gazette,100651,1982,STATE REP,20,,AZ,"MCCUNE, DEBBIE",Democrat,1,,,,1982 ELECTION RECOMMENDATIONS — GAZETTE.,1.0
AZ,Phoenix Arizona Gazette,100651,1982,STATE REP,26,,AZ,"MEREDITH, JIM",Republican,1,,,,1982 ELECTION RECOMMENDATIONS — GAZETTE.,1.0
AZ,Phoenix Arizona Gazette,100651,1982,STATE REP,28,,AZ,"MESSINGER, PAUL R.",Republican,1,,,,1982 ELECTION RECOMMENDATIONS — GAZETTE.,1.0
AZ,Phoenix Arizona Gazette,100651,1982,STATE REP,15,,AZ,"RATLIFF, JAMES B.",Republican,1,,,,1982 ELECTION RECOMMENDATIONS — GAZETTE.,1.0
AZ,Phoenix Arizona Gazette,100651,1982,STATE REP,17,,AZ,"RIDGE, STERLING",Republican,1,,,,1982 ELECTION RECOMMENDATIONS — GAZETTE.,1.0
AZ,Phoenix Arizona Gazette,100651,1982,STATE REP,25,,AZ,"ROCKWELL, ELIZABETH ADAMS",Republican,1,,,,1982 ELECTION RECOMMENDATIONS — GAZETTE.,1.0
AZ,Phoenix Arizona Gazette,100651,1982,STATE REP,23,,AZ,"RUIZ, ARMANDO",Democrat,1,,,,1982 ELECTION RECOMMENDATIONS — GAZETTE.,1.0
AZ,Phoenix Arizona Gazette,100651,1982,STATE REP,28,,AZ,"SKELLY, JIM",Republican,1,,,,1982 ELECTION RECOMMENDATIONS — GAZETTE.,1.0
AZ,Phoenix Arizona Gazette,100651,1982,STATE REP,30,,AZ,"SOSSAMAN, JAMES J.",Republican,1,,,,1982 ELECTION RECOMMENDATIONS — GAZETTE.,1.0
AZ,Phoenix Arizona Gazette,100651,1982,STATE REP,29,,AZ,"STEFFEY, LELA",Republican,1,,,,1982 ELECTION RECOMMENDATIONS — GAZETTE.,1.0
AZ,Phoenix Arizona Gazette,100651,1982,STATE REP,16,,AZ,"THOMAS, RHONDA",Republican,1,,,,1982 ELECTION RECOMMENDATIONS — GAZETTE.,1.0
AZ,Phoenix Arizona Gazette,100651,1982,STATE REP,27,,AZ,"TODD, DOUG",Republican,1,,,,1982 ELECTION RECOMMENDATIONS — GAZETTE.,1.0
AZ,Phoenix Arizona Gazette,100651,1982,STATE REP,23,,AZ,"WALKER, CAROLYN",Democrat,1,,,,1982 ELECTION RECOMMENDATIONS — GAZETTE.,1.0
AZ,Phoenix Arizona Gazette,100651,1982,STATE REP,19,,AZ,"WESSEL, NANCY",Republican,1,,,,1982 ELECTION RECOMMENDATIONS — GAZETTE.,1.0
AZ,Phoenix Arizona Gazette,100651,1982,STATE REP,22,,AZ,"WILCOX, EARL V.",Democrat,1,,,,1982 ELECTION RECOMMENDATIONS — GAZETTE.,1.0
AZ,Phoenix Arizona Gazette,100651,1982,STATE REP,17,,AZ,"WRIGHT, PATRICIA ""PAT""",Republican,1,,,,1982 ELECTION RECOMMENDATIONS — GAZETTE.,1.0
AZ,Phoenix Arizona Gazette,100651,1982,STATE SENATOR,24,,AZ,,,,,,,NO RECOMMENDATION.,1.0
AZ,Phoenix Arizona Gazette,100651,1982,STATE SENATOR,20,,AZ,"ALSTON, LELA",Democrat,1,,,,1982 ELECTION RECOMMENDATIONS — GAZETTE.,1.0
AZ,Phoenix Arizona Gazette,100651,1982,STATE SENATOR,22,,AZ,"CORONADO, CAROLINE",Republican,1,,,,1982 ELECTION RECOMMENDATIONS — GAZETTE.,1.0
AZ,Phoenix Arizona Gazette,100651,1982,STATE SENATOR,19,,AZ,"DAVIS, BILL",Republican,1,,,,1982 ELECTION RECOMMENDATIONS — GAZETTE.,1.0
AZ,Phoenix Arizona Gazette,100651,1982,STATE SENATOR,6,,AZ,"GETZWILLER, POLLY",Democrat,1,,,,1982 ELECTION RECOMMENDATIONS — GAZETTE.,1.0
AZ,Phoenix Arizona Gazette,100651,1982,STATE SENATOR,23,,AZ,"GUTIERREZ, ALFREDO",Democrat,1,,,,1982 ELECTION RECOMMENDATIONS — GAZETTE.,1.0
AZ,Phoenix Arizona Gazette,100651,1982,STATE SENATOR,27,,AZ,"HARELSON, JUANITA",Republican,1,,,,1982 ELECTION RECOMMENDATIONS — GAZETTE.,1.0
AZ,Phoenix Arizona Gazette,100651,1982,STATE SENATOR,26,,AZ,"KAY, PETER",Republican,1,,,,1982 ELECTION RECOMMENDATIONS — GAZETTE.,1.0
AZ,Phoenix Arizona Gazette,100651,1982,STATE SENATOR,21,,AZ,"KUNASEK, CARL J.",Republican,1,,,,1982 ELECTION RECOMMENDATIONS — GAZETTE.,1.0
AZ,Phoenix Arizona Gazette,100651,1982,STATE SENATOR,17,,AZ,"LINDEMAN, ANNE",Republican,1,,,,1982 ELECTION RECOMMENDATIONS — GAZETTE.,1.0
AZ,Phoenix Arizona Gazette,100651,1982,STATE SENATOR,15,,AZ,"RUNYAN, S. H. ""HAL""",Republican,1,,,,1982 ELECTION RECOMMENDATIONS — GAZETTE.,1.0
AZ,Phoenix Arizona Gazette,100651,1982,STATE SENATOR,25,,AZ,"STEINER, JACQUE",Republican,1,,,,1982 ELECTION RECOMMENDATIONS — GAZETTE.,1.0
AZ,Phoenix Arizona Gazette,100651,1982,STATE SENATOR,16,,AZ,"STUMP, WAYNE",Republican,1,,,,1982 ELECTION RECOMMENDATIONS — GAZETTE.,1.0
AZ,Phoenix Arizona Gazette,100651,1982,STATE SENATOR,29,,AZ,"TAYLOR, JACK J.",Republican,1,,,,1982 ELECTION RECOMMENDATIONS — GAZETTE.,1.0
AZ,Phoenix Arizona Gazette,100651,1982,STATE SENATOR,30,,AZ,"TURLEY, STAN",Republican,1,,,,1982 ELECTION RECOMMENDATIONS — GAZETTE.,1.0
AZ,Phoenix Arizona Gazette,100651,1982,STATE SENATOR,28,,AZ,"USDANE, ROBERT B.",Republican,1,,,,1982 ELECTION RECOMMENDATIONS — GAZETTE.,1.0
AZ,Phoenix Arizona Gazette,100651,1982,STATE SENATOR,18,,AZ,"WEST, TONY",Republican,1,,,,1982 ELECTION RECOMMENDATIONS — GAZETTE.,1.0
AZ,Phoenix Arizona Gazette,100651,1982,SUPERINTENDENT,,,AZ,"WARNER, CAROLYN",Democrat,1,,,,1982 ELECTION RECOMMENDATIONS — GAZETTE.,1.0
AZ,Phoenix Arizona Gazette,100651,1982,TREASURER,,,AZ,"ROTTAS, RAY",Republican,1,,,,1982 ELECTION RECOMMENDATIONS — GAZETTE.,1.0
AZ,Phoenix Arizona Gazette,100651,1984,CNTY COMM,MARICOPA-4,,AZ,"ATKINSON, HAWLEY",Republican,1,,,,BOARD OF SUPERVISORS DISTRICT 4,0.95
AZ,Phoenix Arizona Gazette,100651,1984,CNTY COMM,MARICOPA-2,,AZ,"CAMPBELL, GEORGE L.",Republican,1,,,,BOARD OF SUPERVISORS DISTRICT 2,0.95
AZ,Phoenix Arizona Gazette,100651,1984,CNTY COMM,MARICOPA-1,,AZ,"FREESTONE, TOM",Republican,1,,,,BOARD OF SUPERVISORS DISTRICT 1,0.95
AZ,Phoenix Arizona Gazette,100651,1984,CNTY COMM,MARICOPA-3,,AZ,"KOORY JR., FRED",Republican,1,,,,BOARD OF SUPERVISORS DISTRICT 3,0.95
AZ,Phoenix Arizona Gazette,100651,1984,CNTY COMM,MARICOPA-5,,AZ,"PASTOR, ED",Democrat,1,,,,BOARD OF SUPERVISORS DISTRICT 5,0.95
AZ,Phoenix Arizona Gazette,100651,1984,CORPORATION COMMISSION,,,AZ,"JENNINGS, RENZ D.",Democrat,1,,,,1984 GAZETTE STATE OFFICE,0.95
AZ,Phoenix Arizona Gazette,100651,1984,JUDGE,AZ-APPEALS,,AZ,"BIRDSALL, BEN C.",Nonpartisan,1,,,,BAR ASSOCIATION JUDICIAL EVAL POLL - ENDORSED,0.9
AZ,Phoenix Arizona Gazette,100651,1984,JUDGE,AZ-APPEALS,,AZ,"BROOKS, J. THOMAS",Nonpartisan,1,,,,BAR ASSOCIATION JUDICIAL EVAL POLL - ENDORSED,0.9
AZ,Phoenix Arizona Gazette,100651,1984,JUDGE,MARICOPA-SUPERIOR,,AZ,"BROOMFIELD, ROBERT C.",Nonpartisan,1,,,,BAR ASSOCIATION JUDICIAL EVAL POLL - ENDORSED,0.9
AZ,Phoenix Arizona Gazette,100651,1984,JUDGE,AZ-APPEALS,,AZ,"CORCORAN, ROBERT J.",Nonpartisan,1,,,,BAR ASSOCIATION JUDICIAL EVAL POLL - ENDORSED,0.9
AZ,Phoenix Arizona Gazette,100651,1984,JUDGE,MARICOPA-SUPERIOR,,AZ,"COULTER, RUFUS",Nonpartisan,1,,,,BAR ASSOCIATION JUDICIAL EVAL POLL - ENDORSED,0.9
AZ,Phoenix Arizona Gazette,100651,1984,JUDGE,MARICOPA-SUPERIOR,,AZ,"D'ANGELO, PETER T.",Nonpartisan,1,,,,BAR ASSOCIATION JUDICIAL EVAL POLL - ENDORSED,0.9
AZ,Phoenix Arizona Gazette,100651,1984,JUDGE,AZ-SUPREME,,AZ,"FELDMAN, STANLEY G.",Nonpartisan,1,,,,BAR ASSOCIATION JUDICIAL EVAL POLL - ENDORSED,0.9
AZ,Phoenix Arizona Gazette,100651,1984,JUDGE,MARICOPA-SUPERIOR,,AZ,"FIDEL, NOEL A.",Nonpartisan,1,,,,BAR ASSOCIATION JUDICIAL EVAL POLL - ENDORSED,0.9
AZ,Phoenix Arizona Gazette,100651,1984,JUDGE,AZ-SUPREME,,AZ,"GORDON JR., FRANK X.",Nonpartisan,1,,,,BAR ASSOCIATION JUDICIAL EVAL POLL - ENDORSED,0.9
AZ,Phoenix Arizona Gazette,100651,1984,JUDGE,AZ-APPEALS,,AZ,"GRANT, SARAH D.",Nonpartisan,1,,,,BAR ASSOCIATION JUDICIAL EVAL POLL - ENDORSED,0.9
AZ,Phoenix Arizona Gazette,100651,1984,JUDGE,AZ-APPEALS,,AZ,"GREER, D.L.",Nonpartisan,1,,,,BAR ASSOCIATION JUDICIAL EVAL POLL - ENDORSED,0.9
AZ,Phoenix Arizona Gazette,100651,1984,JUDGE,AZ-APPEALS,,AZ,"HAIRE, LEVI RAY",Nonpartisan,1,,,,BAR ASSOCIATION JUDICIAL EVAL POLL - ENDORSED,0.9
AZ,Phoenix Arizona Gazette,100651,1984,JUDGE,AZ-APPEALS,,AZ,"HATHAWAY, JAMES D.",Nonpartisan,1,,,,BAR ASSOCIATION JUDICIAL EVAL POLL - ENDORSED,0.9
AZ,Phoenix Arizona Gazette,100651,1984,JUDGE,MARICOPA-SUPERIOR,,AZ,"HENDRIX, CHERLY K.",Nonpartisan,1,,,,BAR ASSOCIATION JUDICIAL EVAL POLL - ENDORSED,0.9
AZ,Phoenix Arizona Gazette,100651,1984,JUDGE,MARICOPA-SUPERIOR,,AZ,"HOWE, JOSEPH D.",Nonpartisan,1,,,,BAR ASSOCIATION JUDICIAL EVAL POLL - ENDORSED,0.9
AZ,Phoenix Arizona Gazette,100651,1984,JUDGE,AZ-APPEALS,,AZ,"KLEINSCHMIDT, THOMAS",Nonpartisan,1,,,,BAR ASSOCIATION JUDICIAL EVAL POLL - ENDORSED,0.9
AZ,Phoenix Arizona Gazette,100651,1984,JUDGE,MARICOPA-SUPERIOR,,AZ,"MARQUARDT, PHILIP W.",Nonpartisan,,,,,BAR ASSOCIATION JUDICIAL EVAL POLL - NO OPINION,0.85
AZ,Phoenix Arizona Gazette,100651,1984,JUDGE,MARICOPA-SUPERIOR,,AZ,"MCDOUGALL, JAMES E.",Nonpartisan,1,,,,BAR ASSOCIATION JUDICIAL EVAL POLL - ENDORSED,0.9
AZ,Phoenix Arizona Gazette,100651,1984,JUDGE,AZ-APPEALS,,AZ,"MEYERSON, BRUCE",Nonpartisan,1,,,,BAR ASSOCIATION JUDICIAL EVAL POLL - ENDORSED,0.9
AZ,Phoenix Arizona Gazette,100651,1984,JUDGE,MARICOPA-SUPERIOR,,AZ,"MOELLER, JAMES",Nonpartisan,1,,,,BAR ASSOCIATION JUDICIAL EVAL POLL - ENDORSED,0.9
AZ,Phoenix Arizona Gazette,100651,1984,JUDGE,MARICOPA-SUPERIOR,,AZ,"MORONEY, WILLIAM T.",Nonpartisan,1,,,,BAR ASSOCIATION JUDICIAL EVAL POLL - ENDORSED,0.9
AZ,Phoenix Arizona Gazette,100651,1984,JUDGE,MARICOPA-SUPERIOR,,AZ,"PICKRELL, ROBERT W.",Nonpartisan,1,,,,BAR ASSOCIATION JUDICIAL EVAL POLL - ENDORSED,0.9
AZ,Phoenix Arizona Gazette,100651,1984,JUDGE,MARICOPA-SUPERIOR,,AZ,"RIDDEL, MARILYN",Nonpartisan,1,,,,BAR ASSOCIATION JUDICIAL EVAL POLL - ENDORSED,0.9
AZ,Phoenix Arizona Gazette,100651,1984,JUDGE,MARICOPA-SUPERIOR,,AZ,"ROBERTS, DAVID L.",Nonpartisan,1,,,,BAR ASSOCIATION JUDICIAL EVAL POLL - ENDORSED,0.9
AZ,Phoenix Arizona Gazette,100651,1984,JUDGE,MARICOPA-SUPERIOR,,AZ,"ROSE, C. KIMBALL",Nonpartisan,1,,,,BAR ASSOCIATION JUDICIAL EVAL POLL - ENDORSED,0.9
AZ,Phoenix Arizona Gazette,100651,1984,SCHOOL BOARD,PHX-UNION,,AZ,"HURTT, HAROLD",Nonpartisan,1,,,,PHOENIX UNION HIGH SCHOOL DISTRICT GOVERNING BOARD,0.95
AZ,Phoenix Arizona Gazette,100651,1984,SCHOOL BOARD,PHX-UNION,,AZ,"PETTIT, JUDITH K.",Nonpartisan,1,,,,PHOENIX UNION HIGH SCHOOL DISTRICT GOVERNING BOARD,0.95
AZ,Phoenix Arizona Gazette,100651,1984,SCHOOL BOARD,PHX-UNION,,AZ,"PRICE, MARY",Nonpartisan,1,,,,PHOENIX UNION HIGH SCHOOL DISTRICT GOVERNING BOARD,0.95
AZ,Phoenix Arizona Gazette,100651,1984,STATE REP,24,,AZ,"HORSTAM, CHRIS",Republican,1,,,,1984 GAZETTE ARIZONA LEGISLATURE,0.95
AZ,Phoenix Arizona Gazette,100651,1984,STATE REP,4,,AZ,"ROSENBAUM, E.C. ""POLLY""",Democrat,1,,,,1984 GAZETTE ARIZONA LEGISLATURE,0.95
AZ,Phoenix Arizona Gazette,100651,1984,STATE SENATOR,4,,AZ,"HARDT, A.V. ""BILL""",Democrat,1,,,,1984 GAZETTE ARIZONA LEGISLATURE,0.95
AZ,Phoenix Arizona Gazette,100651,1984,STATE SENATOR,15,,AZ,"RUNYAN, S.H. ""HAL""",Republican,1,,,,1984 GAZETTE ARIZONA LEGISLATURE,0.95
AZ,Phoenix Arizona Gazette,100651,1984,CNTY COMM,MARICOPA 4,,AZ,"ATKINSON, HAWLEY",Republican,1,,,,MARICOPA SUPERVISOR.,1.0
AZ,Phoenix Arizona Gazette,100651,1984,CNTY COMM,MARICOPA 2,,AZ,"CAMPBELL, GEORGE L.",Republican,1,,,,MARICOPA SUPERVISOR.,1.0
AZ,Phoenix Arizona Gazette,100651,1984,CNTY COMM,MARICOPA 1,,AZ,"FREESTONE, TOM",Republican,1,,,,MARICOPA SUPERVISOR.,1.0
AZ,Phoenix Arizona Gazette,100651,1984,CNTY COMM,MARICOPA 3,,AZ,"KOORY, FRED JR.",Republican,1,,,,MARICOPA SUPERVISOR.,1.0
AZ,Phoenix Arizona Gazette,100651,1984,CNTY COMM,MARICOPA 5,,AZ,"PASTOR, ED",Democrat,1,,,,MARICOPA SUPERVISOR.,1.0
AZ,Phoenix Arizona Gazette,100651,1984,CORPORATION COMMISSION,,,AZ,"BOROZAN, GEORGE",Republican,1,,,,1984 GAZETTE ELECTION RECOMMENDATION.,1.0
AZ,Phoenix Arizona Gazette,100651,1984,CORPORATION COMMISSION,,,AZ,"JENNINGS, RENA D.",Democrat,1,,,,1984 GAZETTE ELECTION RECOMMENDATION.,1.0
AZ,Phoenix Arizona Gazette,100651,1984,H,5,,AZ,"KOLBE, JIM",Republican,1,,,,1984 GAZETTE ELECTION RECOMMENDATION.,1.0
AZ,Phoenix Arizona Gazette,100651,1984,H,1,,AZ,"MCCAIN, JOHN",Republican,1,,1,,1984 GAZETTE ELECTION RECOMMENDATION.,1.0
AZ,Phoenix Arizona Gazette,100651,1984,H,4,,AZ,"RUDD, ELDON",Republican,1,,1,,1984 GAZETTE ELECTION RECOMMENDATION.,1.0
AZ,Phoenix Arizona Gazette,100651,1984,H,3,,AZ,"STUMP, BOB",Republican,1,,1,,1984 GAZETTE ELECTION RECOMMENDATION.,1.0
AZ,Phoenix Arizona Gazette,100651,1984,H,2,,AZ,"UDALL, MORRIS K.",Democrat,1,1,,,1984 GAZETTE ELECTION RECOMMENDATION.,1.0
AZ,Phoenix Arizona Gazette,100651,1984,JUDGE,AZ COURT OF APPEALS,,AZ,"BIRDSALL, BEN C.",,1,,,,ENDORSED — TUCSON.,1.0
AZ,Phoenix Arizona Gazette,100651,1984,JUDGE,AZ COURT OF APPEALS,,AZ,"BROOKS, J. THOMAS",,1,,,,ENDORSED.,1.0
AZ,Phoenix Arizona Gazette,100651,1984,JUDGE,MARICOPA SUPERIOR COURT,,AZ,"BROOMFIELD, ROBERT C.",,1,,,,ENDORSED.,1.0
AZ,Phoenix Arizona Gazette,100651,1984,JUDGE,AZ COURT OF APPEALS,,AZ,"CORCORAN, ROBERT J.",,1,,,,ENDORSED.,1.0
AZ,Phoenix Arizona Gazette,100651,1984,JUDGE,MARICOPA SUPERIOR COURT,,AZ,"COULTER, RUFUS",,1,,,,ENDORSED.,1.0
AZ,Phoenix Arizona Gazette,100651,1984,JUDGE,MARICOPA SUPERIOR COURT,,AZ,"D'ANGELO, PETER T.",,1,,,,ENDORSED.,1.0
AZ,Phoenix Arizona Gazette,100651,1984,JUDGE,AZ SUPREME COURT,,AZ,"FELDMAN, STANLEY G.",,1,,,,ENDORSED PER MARICOPA BAR ASSN.,1.0
AZ,Phoenix Arizona Gazette,100651,1984,JUDGE,MARICOPA SUPERIOR COURT,,AZ,"FIDEL, NOEL A.",,1,,,,ENDORSED.,1.0
AZ,Phoenix Arizona Gazette,100651,1984,JUDGE,AZ SUPREME COURT,,AZ,"GORDON, FRANK X. JR.",,1,,,,ENDORSED.,1.0
AZ,Phoenix Arizona Gazette,100651,1984,JUDGE,AZ COURT OF APPEALS,,AZ,"GRANT, SARAH D.",,1,,,,ENDORSED.,1.0
AZ,Phoenix Arizona Gazette,100651,1984,JUDGE,AZ COURT OF APPEALS,,AZ,"GREER, D. L.",,1,,,,ENDORSED.,1.0
AZ,Phoenix Arizona Gazette,100651,1984,JUDGE,AZ COURT OF APPEALS,,AZ,"HAIRE, LEVI RAY",,1,,,,ENDORSED.,1.0
AZ,Phoenix Arizona Gazette,100651,1984,JUDGE,AZ COURT OF APPEALS,,AZ,"HATHAWAY, JAMES D.",,1,,,,ENDORSED — TUCSON.,1.0
AZ,Phoenix Arizona Gazette,100651,1984,JUDGE,MARICOPA SUPERIOR COURT,,AZ,"HENDRIX, CHERLY K.",,1,,,,ENDORSED.,1.0
AZ,Phoenix Arizona Gazette,100651,1984,JUDGE,MARICOPA SUPERIOR COURT,,AZ,"HOWE, JOSEPH D.",,1,,,,ENDORSED.,1.0
AZ,Phoenix Arizona Gazette,100651,1984,JUDGE,AZ COURT OF APPEALS,,AZ,"KLEINSCHMIDT, THOMAS",,1,,,,ENDORSED.,1.0
AZ,Phoenix Arizona Gazette,100651,1984,JUDGE,MARICOPA SUPERIOR COURT,,AZ,"MARQUARDT, PHILIP W.",,,,,,NO OPINION.,1.0
AZ,Phoenix Arizona Gazette,100651,1984,JUDGE,MARICOPA SUPERIOR COURT,,AZ,"MCDOUGALL, JAMES E.",,1,,,,ENDORSED.,1.0
AZ,Phoenix Arizona Gazette,100651,1984,JUDGE,AZ COURT OF APPEALS,,AZ,"MEYERSON, BRUCE",,1,,,,ENDORSED.,1.0
AZ,Phoenix Arizona Gazette,100651,1984,JUDGE,MARICOPA SUPERIOR COURT,,AZ,"MOELLER, JAMES",,1,,,,ENDORSED.,1.0
AZ,Phoenix Arizona Gazette,100651,1984,JUDGE,MARICOPA SUPERIOR COURT,,AZ,"MORONEY, WILLIAM T.",,1,,,,ENDORSED.,1.0
AZ,Phoenix Arizona Gazette,100651,1984,JUDGE,MARICOPA SUPERIOR COURT,,AZ,"PICKRELL, ROBERT W.",,1,,,,ENDORSED.,1.0
AZ,Phoenix Arizona Gazette,100651,1984,JUDGE,MARICOPA SUPERIOR COURT,,AZ,"RIDDEL, MARILYN",,1,,,,ENDORSED.,1.0
AZ,Phoenix Arizona Gazette,100651,1984,JUDGE,MARICOPA SUPERIOR COURT,,AZ,"ROBERTS, DAVID L.",,1,,,,ENDORSED.,1.0
AZ,Phoenix Arizona Gazette,100651,1984,JUDGE,MARICOPA SUPERIOR COURT,,AZ,"ROSE, C. KIMBALL",,1,,,,ENDORSED.,1.0
AZ,Phoenix Arizona Gazette,100651,1984,MINE INSPECTOR,,,AZ,,,,,,,NO RECOMMENDATION.,1.0
AZ,Phoenix Arizona Gazette,100651,1984,PRESIDENT,,,AZ,"REAGAN, RONALD",Republican,1,,1,,1984 GAZETTE ELECTION RECOMMENDATION.,1.0
AZ,Phoenix Arizona Gazette,100651,1984,RECORDER,MARICOPA,,AZ,"IMBER, MARCIA",Democrat,1,,,,MARICOPA COUNTY RECORDER.,1.0
AZ,Phoenix Arizona Gazette,100651,1984,SCHOOL BOARD,PHX UNION HS,,AZ,"HURTT, HAROLD",,1,,,,PHOENIX UNION HIGH SCHOOL DISTRICT GOVERNING BOARD.,1.0
AZ,Phoenix Arizona Gazette,100651,1984,SCHOOL BOARD,PHX UNION HS,,AZ,"PETTIT, JUDITH K.",,1,,,,PHOENIX UNION HIGH SCHOOL DISTRICT GOVERNING BOARD.,1.0
AZ,Phoenix Arizona Gazette,100651,1984,SCHOOL BOARD,PHX UNION HS,,AZ,"PRICE, MARY",,1,,,,PHOENIX UNION HIGH SCHOOL DISTRICT GOVERNING BOARD.,1.0
AZ,Phoenix Arizona Gazette,100651,1984,SHERIFF,MARICOPA,,AZ,"GODBEHERE, DICK",Republican,1,,,,MARICOPA COUNTY SHERIFF.,1.0
AZ,Phoenix Arizona Gazette,100651,1984,STATE REP,1,,AZ,"ALDRIDGE, DON",Republican,1,,,,1984 GAZETTE ELECTION RECOMMENDATION.,1.0
AZ,Phoenix Arizona Gazette,100651,1984,STATE REP,9,,AZ,"BAKER, BART",Republican,1,,,,1984 GAZETTE ELECTION RECOMMENDATION.,1.0
AZ,Phoenix Arizona Gazette,100651,1984,STATE REP,18,,AZ,"BARR, BURTON S.",Republican,1,,,,1984 GAZETTE ELECTION RECOMMENDATION.,1.0
AZ,Phoenix Arizona Gazette,100651,1984,STATE REP,13,,AZ,"BARTLETT, DAVID C.",Democrat,1,,,,1984 GAZETTE ELECTION RECOMMENDATION.,1.0
AZ,Phoenix Arizona Gazette,100651,1984,STATE REP,19,,AZ,"BREWER, JAN",Republican,1,,,,1984 GAZETTE ELECTION RECOMMENDATION.,1.0
AZ,Phoenix Arizona Gazette,100651,1984,STATE REP,24,,AZ,"BRICKMAN, LINDA BECKER",Republican,1,,,,1984 GAZETTE ELECTION RECOMMENDATION.,1.0
AZ,Phoenix Arizona Gazette,100651,1984,STATE REP,1,,AZ,"CARSON, DAVE",Republican,1,,,,1984 GAZETTE ELECTION RECOMMENDATION.,1.0
AZ,Phoenix Arizona Gazette,100651,1984,STATE REP,10,,AZ,"CEJERO, CARMEN",Democrat,1,,,,1984 GAZETTE ELECTION RECOMMENDATION.,1.0
AZ,Phoenix Arizona Gazette,100651,1984,STATE REP,29,,AZ,"COOPER, JIM",Republican,1,,,,1984 GAZETTE ELECTION RECOMMENDATION.,1.0
AZ,Phoenix Arizona Gazette,100651,1984,STATE REP,20,,AZ,"DAVIS, GLENN",Democrat,1,,,,1984 GAZETTE ELECTION RECOMMENDATION.,1.0
AZ,Phoenix Arizona Gazette,100651,1984,STATE REP,15,,AZ,"DENNY, BOB",Republican,1,,,,1984 GAZETTE ELECTION RECOMMENDATION.,1.0
AZ,Phoenix Arizona Gazette,100651,1984,STATE REP,6,,AZ,"EVANS, HENRY",Democrat,1,,,,1984 GAZETTE ELECTION RECOMMENDATION.,1.0
AZ,Phoenix Arizona Gazette,100651,1984,STATE REP,12,,AZ,"EWING, REID",Democrat,1,,,,1984 GAZETTE ELECTION RECOMMENDATION.,1.0
AZ,Phoenix Arizona Gazette,100651,1984,STATE REP,4,,AZ,"FINMAN, CLARENCE E. ""CLANCY""",Republican,1,,,,1984 GAZETTE ELECTION RECOMMENDATION.,1.0
AZ,Phoenix Arizona Gazette,100651,1984,STATE REP,11,,AZ,"GOUDINOFF, PETER",Democrat,1,,,,1984 GAZETTE ELECTION RECOMMENDATION.,1.0
AZ,Phoenix Arizona Gazette,100651,1984,STATE REP,14,,AZ,"GREEN, JIM",Republican,1,,,,1984 GAZETTE ELECTION RECOMMENDATION.,1.0
AZ,Phoenix Arizona Gazette,100651,1984,STATE REP,22,,AZ,"HAMILTON, ART",Democrat,1,,,,1984 GAZETTE ELECTION RECOMMENDATION.,1.0
AZ,Phoenix Arizona Gazette,100651,1984,STATE REP,3,,AZ,"HANLEY, BENJAMIN",Democrat,1,,,,1984 GAZETTE ELECTION RECOMMENDATION.,1.0
AZ,Phoenix Arizona Gazette,100651,1984,STATE REP,6,,AZ,"HARTDEGEN, JIM",Republican,1,,,,1984 GAZETTE ELECTION RECOMMENDATION.,1.0
AZ,Phoenix Arizona Gazette,100651,1984,STATE REP,21,,AZ,"HAWS, HENRY H.",Republican,1,,,,1984 GAZETTE ELECTION RECOMMENDATION.,1.0
AZ,Phoenix Arizona Gazette,100651,1984,STATE REP,27,,AZ,"HERMON, BEV",Republican,1,,,,1984 GAZETTE ELECTION RECOMMENDATION.,1.0
AZ,Phoenix Arizona Gazette,100651,1984,STATE REP,24,,AZ,"HERSTAM, CHRIS",Republican,1,,,,1984 GAZETTE ELECTION RECOMMENDATION.,1.0
AZ,Phoenix Arizona Gazette,100651,1984,STATE REP,10,,AZ,"HIGUERA, JESUS ""CHUY""",Democrat,1,,,,1984 GAZETTE ELECTION RECOMMENDATION.,1.0
AZ,Phoenix Arizona Gazette,100651,1984,STATE REP,28,,AZ,"HINK, HEINZ R.",Republican,1,,,,1984 GAZETTE ELECTION RECOMMENDATION.,1.0
AZ,Phoenix Arizona Gazette,100651,1984,STATE REP,7,,AZ,"HUDSON, ROY",Democrat,1,,,,1984 GAZETTE ELECTION RECOMMENDATION.,1.0
AZ,Phoenix Arizona Gazette,100651,1984,STATE REP,18,,AZ,"HULL, JANE DEE",Republican,1,,,,1984 GAZETTE ELECTION RECOMMENDATION.,1.0
AZ,Phoenix Arizona Gazette,100651,1984,STATE REP,16,,AZ,"HUNGERFORD, BOB",Republican,1,,,,1984 GAZETTE ELECTION RECOMMENDATION.,1.0
AZ,Phoenix Arizona Gazette,100651,1984,STATE REP,3,,AZ,"JACKSON, JACK C.",Democrat,1,,,,1984 GAZETTE ELECTION RECOMMENDATION.,1.0
AZ,Phoenix Arizona Gazette,100651,1984,STATE REP,12,,AZ,"JEWETT, JACK B.",Republican,1,,,,1984 GAZETTE ELECTION RECOMMENDATION.,1.0
AZ,Phoenix Arizona Gazette,100651,1984,STATE REP,21,,AZ,"JOHNSON, LESLIE WHITING",Republican,1,,,,1984 GAZETTE ELECTION RECOMMENDATION.,1.0
AZ,Phoenix Arizona Gazette,100651,1984,STATE REP,9,,AZ,"JONES, WILLIAM D. ""BILL""",Democrat,1,,,,1984 GAZETTE ELECTION RECOMMENDATION.,1.0
AZ,Phoenix Arizona Gazette,100651,1984,STATE REP,30,,AZ,"KILLIAN, MARK W.",Republican,1,,,,1984 GAZETTE ELECTION RECOMMENDATION.,1.0
AZ,Phoenix Arizona Gazette,100651,1984,STATE REP,25,,AZ,"KING, JOHN",Republican,1,,,,1984 GAZETTE ELECTION RECOMMENDATION.,1.0
AZ,Phoenix Arizona Gazette,100651,1984,STATE REP,11,,AZ,"KROMKO, JOHN",Democrat,1,,,,1984 GAZETTE ELECTION RECOMMENDATION.,1.0
AZ,Phoenix Arizona Gazette,100651,1984,STATE REP,8,,AZ,"LANE, JOE",Republican,1,,,,1984 GAZETTE ELECTION RECOMMENDATION.,1.0
AZ,Phoenix Arizona Gazette,100651,1984,STATE REP,13,,AZ,"LEWELLEN, TOM",Republican,1,,,,1984 GAZETTE ELECTION RECOMMENDATION.,1.0
AZ,Phoenix Arizona Gazette,100651,1984,STATE REP,2,,AZ,"MCCONNELL, SAM A.",Republican,1,,,,1984 GAZETTE ELECTION RECOMMENDATION.,1.0
AZ,Phoenix Arizona Gazette,100651,1984,STATE REP,20,,AZ,"MCCUNE, DEBBIE",Democrat,1,,,,1984 GAZETTE ELECTION RECOMMENDATION.,1.0
AZ,Phoenix Arizona Gazette,100651,1984,STATE REP,5,,AZ,"MCELHANEY, FRANK",Democrat,1,,,,1984 GAZETTE ELECTION RECOMMENDATION.,1.0
AZ,Phoenix Arizona Gazette,100651,1984,STATE REP,5,,AZ,"MCLENDON, ROBERT J. ""BOB""",Democrat,1,,,,1984 GAZETTE ELECTION RECOMMENDATION.,1.0
AZ,Phoenix Arizona Gazette,100651,1984,STATE REP,26,,AZ,"MEREDITH, JIM",Republican,1,,,,1984 GAZETTE ELECTION RECOMMENDATION.,1.0
AZ,Phoenix Arizona Gazette,100651,1984,STATE REP,16,,AZ,"MILLS, KAREN",Republican,1,,,,1984 GAZETTE ELECTION RECOMMENDATION.,1.0
AZ,Phoenix Arizona Gazette,100651,1984,STATE REP,7,,AZ,"PACHECO, RICHARD ""DICK""",Democrat,1,,,,1984 GAZETTE ELECTION RECOMMENDATION.,1.0
AZ,Phoenix Arizona Gazette,100651,1984,STATE REP,8,,AZ,"PALMER, ARDEN J.",Republican,1,,,,1984 GAZETTE ELECTION RECOMMENDATION.,1.0
AZ,Phoenix Arizona Gazette,100651,1984,STATE REP,15,,AZ,"RATLIFF, JAMES B.",Republican,1,,,,1984 GAZETTE ELECTION RECOMMENDATION.,1.0
AZ,Phoenix Arizona Gazette,100651,1984,STATE REP,14,,AZ,"RESNICK, CINDY L.",Democrat,1,,,,1984 GAZETTE ELECTION RECOMMENDATION.,1.0
AZ,Phoenix Arizona Gazette,100651,1984,STATE REP,17,,AZ,"RIDGE, STERLING",Republican,1,,,,1984 GAZETTE ELECTION RECOMMENDATION.,1.0
AZ,Phoenix Arizona Gazette,100651,1984,STATE REP,25,,AZ,"ROCKWELL, ELIZABETH ADAMS",Republican,1,,,,1984 GAZETTE ELECTION RECOMMENDATION.,1.0
AZ,Phoenix Arizona Gazette,100651,1984,STATE REP,4,,AZ,"ROSENBAUM, E. C. ""POLLY""",Democrat,1,,,,1984 GAZETTE ELECTION RECOMMENDATION.,1.0
AZ,Phoenix Arizona Gazette,100651,1984,STATE REP,23,,AZ,"RUIZ, ARMANDO",Democrat,1,,,,1984 GAZETTE ELECTION RECOMMENDATION.,1.0
AZ,Phoenix Arizona Gazette,100651,1984,STATE REP,28,,AZ,"SKELLY, JIM",Republican,1,,,,1984 GAZETTE ELECTION RECOMMENDATION.,1.0
AZ,Phoenix Arizona Gazette,100651,1984,STATE REP,30,,AZ,"SOSSAMAN, JAMES J.",Republican,1,,,,1984 GAZETTE ELECTION RECOMMENDATION.,1.0
AZ,Phoenix Arizona Gazette,100651,1984,STATE REP,29,,AZ,"STEFFEY, LELA",Republican,1,,,,1984 GAZETTE ELECTION RECOMMENDATION.,1.0
AZ,Phoenix Arizona Gazette,100651,1984,STATE REP,27,,AZ,"TODD, DOUG",Republican,1,,,,1984 GAZETTE ELECTION RECOMMENDATION.,1.0
AZ,Phoenix Arizona Gazette,100651,1984,STATE REP,23,,AZ,"WALKER, CAROLYN",Democrat,1,,,,1984 GAZETTE ELECTION RECOMMENDATION.,1.0
AZ,Phoenix Arizona Gazette,100651,1984,STATE REP,19,,AZ,"WESSEL, NANCY",Republican,1,,,,1984 GAZETTE ELECTION RECOMMENDATION.,1.0
AZ,Phoenix Arizona Gazette,100651,1984,STATE REP,22,,AZ,"WILCOX, EARL V.",Democrat,1,,,,1984 GAZETTE ELECTION RECOMMENDATION.,1.0
AZ,Phoenix Arizona Gazette,100651,1984,STATE REP,17,,AZ,"WRIGHT, PATRICIA ""PAT""",Republican,1,,,,1984 GAZETTE ELECTION RECOMMENDATION.,1.0
AZ,Phoenix Arizona Gazette,100651,1984,STATE SENATOR,19,,AZ,,,,,,,NO RECOMMENDATION.,1.0
AZ,Phoenix Arizona Gazette,100651,1984,STATE SENATOR,20,,AZ,"ALSTON, LELA",Democrat,1,,,,1984 GAZETTE ELECTION RECOMMENDATION.,1.0
AZ,Phoenix Arizona Gazette,100651,1984,STATE SENATOR,22,,AZ,"CORONADO, CAROLINE",Republican,1,,,,1984 GAZETTE ELECTION RECOMMENDATION.,1.0
AZ,Phoenix Arizona Gazette,100651,1984,STATE SENATOR,24,,AZ,"CORPSTEIN, PETE",Republican,1,,,,1984 GAZETTE ELECTION RECOMMENDATION.,1.0
AZ,Phoenix Arizona Gazette,100651,1984,STATE SENATOR,14,,AZ,"DELONG, WILLIAM J. ""BILL""",Republican,1,,,,1984 GAZETTE ELECTION RECOMMENDATION.,1.0
AZ,Phoenix Arizona Gazette,100651,1984,STATE SENATOR,10,,AZ,"GONZALES, LUIS ARMANDO",Democrat,1,,,,1984 GAZETTE ELECTION RECOMMENDATION.,1.0
AZ,Phoenix Arizona Gazette,100651,1984,STATE SENATOR,6,,AZ,"GUINN, HUGH N.",Republican,1,,,,1984 GAZETTE ELECTION RECOMMENDATION.,1.0
AZ,Phoenix Arizona Gazette,100651,1984,STATE SENATOR,23,,AZ,"GUTIERREZ, ALFREDO",Democrat,1,,,,1984 GAZETTE ELECTION RECOMMENDATION.,1.0
AZ,Phoenix Arizona Gazette,100651,1984,STATE SENATOR,11,,AZ,"GUTIERREZ, JAIME P.",Democrat,1,,,,1984 GAZETTE ELECTION RECOMMENDATION.,1.0
AZ,Phoenix Arizona Gazette,100651,1984,STATE SENATOR,4,,AZ,"HARDT, A. V. ""BILL""",Democrat,1,,,,1984 GAZETTE ELECTION RECOMMENDATION.,1.0
AZ,Phoenix Arizona Gazette,100651,1984,STATE SENATOR,27,,AZ,"HARELSON, JUANITA",Republican,1,,,,1984 GAZETTE ELECTION RECOMMENDATION.,1.0
AZ,Phoenix Arizona Gazette,100651,1984,STATE SENATOR,1,,AZ,"HAYS, JOHN U.",Republican,1,,,,1984 GAZETTE ELECTION RECOMMENDATION.,1.0
AZ,Phoenix Arizona Gazette,100651,1984,STATE SENATOR,3,,AZ,"HENDERSON, JAMES",Democrat,1,,,,1984 GAZETTE ELECTION RECOMMENDATION.,1.0
AZ,Phoenix Arizona Gazette,100651,1984,STATE SENATOR,9,,AZ,"HILL, JEFFREY J.",Republican,1,,,,1984 GAZETTE ELECTION RECOMMENDATION.,1.0
AZ,Phoenix Arizona Gazette,100651,1984,STATE SENATOR,26,,AZ,"KAY, PETER",Republican,1,,,,1984 GAZETTE ELECTION RECOMMENDATION.,1.0
AZ,Phoenix Arizona Gazette,100651,1984,STATE SENATOR,21,,AZ,"KUNASEK, CARL J.",Republican,1,,,,1984 GAZETTE ELECTION RECOMMENDATION.,1.0
AZ,Phoenix Arizona Gazette,100651,1984,STATE SENATOR,17,,AZ,"LINDEMAN, ANNE",Republican,1,,,,1984 GAZETTE ELECTION RECOMMENDATION.,1.0
AZ,Phoenix Arizona Gazette,100651,1984,STATE SENATOR,13,,AZ,"LUNN, GREG",Republican,1,,,,1984 GAZETTE ELECTION RECOMMENDATION.,1.0
AZ,Phoenix Arizona Gazette,100651,1984,STATE SENATOR,12,,AZ,"MAWHINNEY, JOHN T.",Democrat,1,,,,1984 GAZETTE ELECTION RECOMMENDATION.,1.0
AZ,Phoenix Arizona Gazette,100651,1984,STATE SENATOR,2,,AZ,"ORR, JOHN G.",Republican,1,,,,1984 GAZETTE ELECTION RECOMMENDATION.,1.0
AZ,Phoenix Arizona Gazette,100651,1984,STATE SENATOR,5,,AZ,"OSBORN, JONES",Democrat,1,,,,1984 GAZETTE ELECTION RECOMMENDATION.,1.0
AZ,Phoenix Arizona Gazette,100651,1984,STATE SENATOR,7,,AZ,"RIOS, PETER",Democrat,1,,,,1984 GAZETTE ELECTION RECOMMENDATION.,1.0
AZ,Phoenix Arizona Gazette,100651,1984,STATE SENATOR,15,,AZ,"RUNYAN, S. H. ""HAL""",Republican,1,,,,1984 GAZETTE ELECTION RECOMMENDATION.,1.0
AZ,Phoenix Arizona Gazette,100651,1984,STATE SENATOR,8,,AZ,"SAWYER, ED C.",Democrat,1,,,,1984 GAZETTE ELECTION RECOMMENDATION.,1.0
AZ,Phoenix Arizona Gazette,100651,1984,STATE SENATOR,25,,AZ,"STEINER, JACQUE",Republican,1,,,,1984 GAZETTE ELECTION RECOMMENDATION.,1.0
AZ,Phoenix Arizona Gazette,100651,1984,STATE SENATOR,16,,AZ,"STUMP, WAYNE",Republican,1,,,,1984 GAZETTE ELECTION RECOMMENDATION.,1.0
AZ,Phoenix Arizona Gazette,100651,1984,STATE SENATOR,29,,AZ,"TAYLOR, JACK J.",Republican,1,,,,1984 GAZETTE ELECTION RECOMMENDATION.,1.0
AZ,Phoenix Arizona Gazette,100651,1984,STATE SENATOR,30,,AZ,"TURLEY, STAN",Republican,1,,,,1984 GAZETTE ELECTION RECOMMENDATION.,1.0
AZ,Phoenix Arizona Gazette,100651,1984,STATE SENATOR,28,,AZ,"USDANE, ROBERT B.",Republican,1,,,,1984 GAZETTE ELECTION RECOMMENDATION.,1.0
AZ,Phoenix Arizona Gazette,100651,1984,STATE SENATOR,18,,AZ,"WEST, TONY",Republican,1,,,,1984 GAZETTE ELECTION RECOMMENDATION.,1.0
AZ,Phoenix Arizona Gazette,100651,1984,SUPERINTENDENT,MARICOPA,,AZ,"HARRIS, RICHARD L.",Republican,1,,,,SUPT OF SCHOOLS MARICOPA.,1.0
AZ,Phoenix Arizona Gazette,100651,1986,CORPORATION COMMISSION,,TERM EXP JAN 1993,AZ,"HUMES, TED",Republican,1,,,,1986 LIST CORP COMMISSIONER TERM EXPIRES JAN 1993,0.95
AZ,Phoenix Arizona Gazette,100651,1986,CORPORATION COMMISSION,,TERM EXP JAN 1989,AZ,"MEGDAL, SHARON B.",Democrat,1,,,,1986 LIST CORP COMMISSIONER TERM EXPIRES JAN 1989; CROSS-PARTY ENDORSEMENT,0.95
AZ,Phoenix Arizona Gazette,100651,1986,H,1,,AZ,"RHODES III, JOHN J.",Republican,1,,,,1986 ELECTION RECOMMENDATIONS LIST CONGRESSIONAL DISTRICT 1,0.97
AZ,Phoenix Arizona Gazette,100651,1986,SCHOOL BOARD,,PHOENIX UNION HIGH SCHOOL DISTRICT,AZ,"BUTLER, SCOT",,1,,,,1986 LIST PHOENIX UNION HIGH SCHOOL DISTRICT GOVERNING BOARD,0.9
AZ,Phoenix Arizona Gazette,100651,1986,SCHOOL BOARD,5,MARICOPA COMMUNITY COLLEGE,AZ,"CAMPBELL, DONALD",,1,,,,1986 LIST COMMUNITY COLLEGE BOARD DISTRICT 5 UNOPPOSED,0.9
AZ,Phoenix Arizona Gazette,100651,1986,SCHOOL BOARD,,PHOENIX UNION HIGH SCHOOL DISTRICT,AZ,"CUSTER, CHARLES",,1,,,,1986 LIST PHOENIX UNION HIGH SCHOOL DISTRICT GOVERNING BOARD,0.9
AZ,Phoenix Arizona Gazette,100651,1986,SCHOOL BOARD,2,MARICOPA COMMUNITY COLLEGE,AZ,"DEPALMA, PHIL",,1,,,,1986 LIST COMMUNITY COLLEGE BOARD DISTRICT 2,0.9
AZ,Phoenix Arizona Gazette,100651,1986,STATE REP,30,,AZ,"MUNDELL, WILLIAM BILL",Republican,1,,,,1986 LIST DISTRICT 30 REP,0.93
AZ,Phoenix Arizona Gazette,100651,1986,STATE SENATOR,22,,AZ,"PENA JR., MANUEL LITO",Democrat,1,,,,1986 LIST DISTRICT 22 SENATOR; CROSS-PARTY,0.93
AZ,Phoenix Arizona Gazette,100651,1986,STATE SENATOR,15,,AZ,"RUNYAN, S.H. HAL",Republican,1,,,,1986 LIST DISTRICT 15 SENATOR,0.93
AZ,Phoenix Arizona Gazette,100651,1986,STATE SENATOR,17,,AZ,"WRIGHT, PATRICIA PAT",Republican,1,,,,1986 LIST DISTRICT 17 SENATOR,0.93
AZ,Phoenix Arizona Gazette,100651,1986,CAWCD,,CENTRAL ARIZONA,AZ,"HUNSAKER, RALPH",,1,,,,1986 LIST CENTRAL ARIZONA WATER CONSERVATION DISTRICT,0.9
AZ,Phoenix Arizona Gazette,100651,1986,CAWCD,,CENTRAL ARIZONA,AZ,"MCMULLIN, ROD",,1,,,,1986 LIST CENTRAL ARIZONA WATER CONSERVATION DISTRICT,0.9
AZ,Phoenix Arizona Gazette,100651,1986,CAWCD,,CENTRAL ARIZONA,AZ,"PYLE, HOWARD",,1,,,,1986 LIST CENTRAL ARIZONA WATER CONSERVATION DISTRICT; FORMER GOVERNOR,0.9
AZ,Phoenix Arizona Gazette,100651,1986,CAWCD,,CENTRAL ARIZONA,AZ,"RAYMOND, H.S. HANK",,1,,,,1986 LIST CENTRAL ARIZONA WATER CONSERVATION DISTRICT,0.9
AZ,Phoenix Arizona Gazette,100651,1986,CAWCD,,CENTRAL ARIZONA,AZ,"WILLIAMS, JACK",,1,,,,1986 LIST CENTRAL ARIZONA WATER CONSERVATION DISTRICT; FORMER GOVERNOR,0.9
AZ,Phoenix Arizona Gazette,100651,1986,CNTY CLERK,,,AZ,"MOLYNEAUX, MARY",Democrat,1,,,,CLERK OF THE SUPERIOR COURT 1986,0.95
AZ,Phoenix Arizona Gazette,100651,1986,JUDGE,MARICOPA,,AZ,"BROWN, I. SYLVAN",Nonpartisan,1,,,,MARICOPA SUPERIOR COURT RETENTION - BAR ASSN SCORE 91 - GAZETTE PUBLISHED,0.75
AZ,Phoenix Arizona Gazette,100651,1986,JUDGE,MARICOPA,,AZ,"CANTOR, IRWIN",Nonpartisan,1,,,,MARICOPA SUPERIOR COURT RETENTION - BAR ASSN SCORE 81 - GAZETTE PUBLISHED,0.75
AZ,Phoenix Arizona Gazette,100651,1986,JUDGE,MARICOPA,,AZ,"CATES, JEFFREY S.",Nonpartisan,1,,,,MARICOPA SUPERIOR COURT RETENTION - BAR ASSN SCORE 95 - GAZETTE PUBLISHED,0.75
AZ,Phoenix Arizona Gazette,100651,1986,JUDGE,MARICOPA,,AZ,"DANN, B. MICHAEL",Nonpartisan,1,,,,MARICOPA SUPERIOR COURT RETENTION - BAR ASSN SCORE 95 - GAZETTE PUBLISHED,0.75
AZ,Phoenix Arizona Gazette,100651,1986,JUDGE,MARICOPA,,AZ,"DE LEON, ARMANDO",Nonpartisan,1,,,,MARICOPA SUPERIOR COURT RETENTION - BAR ASSN SCORE 77 - GAZETTE PUBLISHED,0.75
AZ,Phoenix Arizona Gazette,100651,1986,JUDGE,MARICOPA,,AZ,"DOUGHERTY, BERNARD J.",Nonpartisan,1,,,,MARICOPA SUPERIOR COURT RETENTION - BAR ASSN SCORE 94 - GAZETTE PUBLISHED,0.75
AZ,Phoenix Arizona Gazette,100651,1986,JUDGE,MARICOPA,,AZ,"GERBER, RUDOLPH J.",Nonpartisan,1,,,,MARICOPA SUPERIOR COURT RETENTION - BAR ASSN SCORE 92 - GAZETTE PUBLISHED,0.75
AZ,Phoenix Arizona Gazette,100651,1986,JUDGE,MARICOPA,,AZ,"GERST, STEPHEN",Nonpartisan,1,,,,MARICOPA SUPERIOR COURT RETENTION - BAR ASSN SCORE 94 - GAZETTE PUBLISHED,0.75
AZ,Phoenix Arizona Gazette,100651,1986,JUDGE,MARICOPA,,AZ,"GOODFARB, STANLEY Z.",Nonpartisan,1,,,,MARICOPA SUPERIOR COURT RETENTION - BAR ASSN SCORE 82 - GAZETTE PUBLISHED,0.75
AZ,Phoenix Arizona Gazette,100651,1986,JUDGE,MARICOPA,,AZ,"GOTTSFIELD, ROBERT L.",Nonpartisan,1,,,,MARICOPA SUPERIOR COURT RETENTION - BAR ASSN SCORE 96 - GAZETTE PUBLISHED,0.75
AZ,Phoenix Arizona Gazette,100651,1986,JUDGE,MARICOPA,,AZ,"GROUNDS, DAVID L.",Nonpartisan,1,,,,MARICOPA SUPERIOR COURT RETENTION - BAR ASSN SCORE 95 - GAZETTE PUBLISHED,0.75
AZ,Phoenix Arizona Gazette,100651,1986,JUDGE,MARICOPA,,AZ,"HERTZBERG, ROBERT A.",Nonpartisan,1,,,,MARICOPA SUPERIOR COURT RETENTION - BAR ASSN SCORE 97 - GAZETTE PUBLISHED,0.75
AZ,Phoenix Arizona Gazette,100651,1986,JUDGE,MARICOPA,,AZ,"KAMIN, ALAN S.",Nonpartisan,1,,,,MARICOPA SUPERIOR COURT RETENTION - BAR ASSN SCORE 97 - GAZETTE PUBLISHED,0.75
AZ,Phoenix Arizona Gazette,100651,1986,JUDGE,MARICOPA,,AZ,"NOYES JR., E.G.",Nonpartisan,1,,,,MARICOPA SUPERIOR COURT RETENTION - BAR ASSN SCORE 98 - GAZETTE PUBLISHED,0.75
AZ,Phoenix Arizona Gazette,100651,1986,JUDGE,MARICOPA,,AZ,"O'TOOLE, THOMAS W.",Nonpartisan,1,,,,MARICOPA SUPERIOR COURT RETENTION - BAR ASSN SCORE 96 - GAZETTE PUBLISHED,0.75
AZ,Phoenix Arizona Gazette,100651,1986,JUDGE,MARICOPA,,AZ,"PATTERSON, CECIL B.",Nonpartisan,1,,,,MARICOPA SUPERIOR COURT RETENTION - BAR ASSN SCORE 90 - GAZETTE PUBLISHED,0.75
AZ,Phoenix Arizona Gazette,100651,1986,JUDGE,MARICOPA,,AZ,"PETERSON, HOWARD V.",Nonpartisan,1,,,,MARICOPA SUPERIOR COURT RETENTION - BAR ASSN SCORE 72 - GAZETTE PUBLISHED,0.75
AZ,Phoenix Arizona Gazette,100651,1986,JUDGE,MARICOPA,,AZ,"RAPP, EDWARD C.",Nonpartisan,1,,,,MARICOPA SUPERIOR COURT RETENTION - BAR ASSN SCORE 91 - GAZETTE PUBLISHED,0.75
AZ,Phoenix Arizona Gazette,100651,1986,JUDGE,MARICOPA,,AZ,"ROZAR, MORRIS",Nonpartisan,1,,,,MARICOPA SUPERIOR COURT RETENTION - BAR ASSN SCORE 86 - GAZETTE PUBLISHED,0.75
AZ,Phoenix Arizona Gazette,100651,1986,JUDGE,MARICOPA,,AZ,"SCOTT, LINDA",Nonpartisan,1,,,,MARICOPA SUPERIOR COURT RETENTION - BAR ASSN SCORE 96 - GAZETTE PUBLISHED,0.75
AZ,Phoenix Arizona Gazette,100651,1986,JUDGE,MARICOPA,,AZ,"SEIDEL, JOHN H.",Nonpartisan,1,,,,MARICOPA SUPERIOR COURT RETENTION - BAR ASSN SCORE 95 - GAZETTE PUBLISHED,0.75
AZ,Phoenix Arizona Gazette,100651,1986,JUDGE,MARICOPA,,AZ,"SILVERMAN, BARRY G.",Nonpartisan,1,,,,MARICOPA SUPERIOR COURT RETENTION - BAR ASSN SCORE 97 - GAZETTE PUBLISHED,0.75
AZ,Phoenix Arizona Gazette,100651,1986,JUDGE,MARICOPA,,AZ,"STICHT, JOHN",Nonpartisan,1,,,,MARICOPA SUPERIOR COURT RETENTION - BAR ASSN SCORE 91 - GAZETTE PUBLISHED,0.75
AZ,Phoenix Arizona Gazette,100651,1986,JUDGE,MARICOPA,,AZ,"STOVER, ELIZABETH A.",Nonpartisan,1,,,,MARICOPA SUPERIOR COURT RETENTION - BAR ASSN SCORE 80 - GAZETTE PUBLISHED,0.75
AZ,Phoenix Arizona Gazette,100651,1986,JUDGE,MARICOPA,,AZ,"THOMPSON, HOWARD F.",Nonpartisan,1,,,,MARICOPA SUPERIOR COURT RETENTION - BAR ASSN SCORE 86 - GAZETTE PUBLISHED,0.75
AZ,Phoenix Arizona Gazette,100651,1986,JUDGE,MARICOPA,,AZ,"VOSS, EDWARD C.",Nonpartisan,1,,,,MARICOPA SUPERIOR COURT RETENTION - BAR ASSN SCORE 92 - GAZETTE PUBLISHED,0.75
AZ,Phoenix Arizona Gazette,100651,1986,SCHOOL BOARD,PHX-UNION,,AZ,"BUTLER, SCOT",Nonpartisan,1,,,,PHOENIX UNION HIGH SCHOOL DISTRICT GOVERNING BOARD,0.95
AZ,Phoenix Arizona Gazette,100651,1986,SCHOOL BOARD,MARICOPA-CC-5,,AZ,"CAMPBELL, DONALD",Nonpartisan,1,,,,MARICOPA COMMUNITY COLLEGE BOARD DISTRICT 5 UNOPPOSED,0.85
AZ,Phoenix Arizona Gazette,100651,1986,SCHOOL BOARD,PHX-UNION,,AZ,"CUSTER, CHARLES",Nonpartisan,1,,,,PHOENIX UNION HIGH SCHOOL DISTRICT GOVERNING BOARD,0.95
AZ,Phoenix Arizona Gazette,100651,1986,SCHOOL BOARD,MARICOPA-CC-2,,AZ,"DEPALMA, PHIL",Nonpartisan,1,,,,MARICOPA COMMUNITY COLLEGE BOARD DISTRICT 2,0.85
AZ,Phoenix Arizona Gazette,100651,1986,STATE REP,18,,AZ,"WEISS, GEORGE",Republican,1,,,,1986 GAZETTE ARIZONA LEGISLATURE LIST,0.95
AZ,Phoenix Arizona Gazette,100651,1986,STATE SENATOR,22,,AZ,"PENA JR., MANUEL ""LITO""",Democrat,1,,,,1986 GAZETTE ARIZONA LEGISLATURE LIST,0.95
AZ,Phoenix Arizona Gazette,100651,1986,STATE SENATOR,15,,AZ,"RUNYAN, S.H. ""HAL""",Republican,1,,,,1986 GAZETTE ARIZONA LEGISLATURE LIST,0.95
AZ,Phoenix Arizona Gazette,100651,1986,CAWCD,CAWCD,,AZ,"HENSAKER, RALPH",Nonpartisan,1,,,,CENTRAL ARIZONA WATER CONSERVATION DISTRICT,0.85
AZ,Phoenix Arizona Gazette,100651,1986,CAWCD,CAWCD,,AZ,"MCMULLIN, ROD",Nonpartisan,1,,,,CENTRAL ARIZONA WATER CONSERVATION DISTRICT,0.85
AZ,Phoenix Arizona Gazette,100651,1986,CAWCD,CAWCD,,AZ,"PYLE, HOWARD",Nonpartisan,1,,,,CENTRAL ARIZONA WATER CONSERVATION DISTRICT,0.85
AZ,Phoenix Arizona Gazette,100651,1986,CAWCD,CAWCD,,AZ,"RAYMOND, H.S. ""HANK""",Nonpartisan,1,,,,CENTRAL ARIZONA WATER CONSERVATION DISTRICT,0.85
AZ,Phoenix Arizona Gazette,100651,1986,CAWCD,CAWCD,,AZ,"WILLIAMS, JACK",Nonpartisan,1,,,,CENTRAL ARIZONA WATER CONSERVATION DISTRICT,0.85
AZ,Phoenix Arizona Gazette,100651,1986,ATTORNEY GENERAL,,,AZ,"CORBIN, BOB",Republican,1,,1,,1986 GAZETTE ELECTION RECOMMENDATION. UNOPPOSED.,1.0
AZ,Phoenix Arizona Gazette,100651,1986,CORPORATION COMMISSION,TERM EXP JAN 1993,,AZ,"HUMES, TED",Republican,1,,,,1986 GAZETTE ELECTION RECOMMENDATION.,1.0
AZ,Phoenix Arizona Gazette,100651,1986,CORPORATION COMMISSION,TERM EXP JAN 1989,,AZ,"MEGDAL, SHARON B.",Democrat,1,,,,1986 GAZETTE ELECTION RECOMMENDATION.,1.0
AZ,Phoenix Arizona Gazette,100651,1986,DA/PROSECUTOR,MARICOPA SUPERIOR COURT CLERK,,AZ,"MOLYNEAUX, MARY",Democrat,1,,,,CLERK OF THE SUPERIOR COURT.,1.0
AZ,Phoenix Arizona Gazette,100651,1986,GOVERNOR,,,AZ,"WARNER, CAROLYN",Democrat,1,,,,1986 GAZETTE ELECTION RECOMMENDATION.,1.0
AZ,Phoenix Arizona Gazette,100651,1986,H,5,,AZ,"KOLBE, JIM",Republican,1,,1,,1986 GAZETTE ELECTION RECOMMENDATION.,1.0
AZ,Phoenix Arizona Gazette,100651,1986,H,4,,AZ,"KYL, JON",Republican,1,,,,1986 GAZETTE ELECTION RECOMMENDATION.,1.0
AZ,Phoenix Arizona Gazette,100651,1986,H,1,,AZ,"RHODES, JOHN J. III",Republican,1,,,,1986 GAZETTE ELECTION RECOMMENDATION.,1.0
AZ,Phoenix Arizona Gazette,100651,1986,H,3,,AZ,"STUMP, BOB",Republican,1,,1,,1986 GAZETTE ELECTION RECOMMENDATION. UNOPPOSED.,1.0
AZ,Phoenix Arizona Gazette,100651,1986,H,2,,AZ,"UDALL, MORRIS",Democrat,1,1,,,1986 GAZETTE ELECTION RECOMMENDATION.,1.0
AZ,Phoenix Arizona Gazette,100651,1986,JUDGE,MARICOPA SUPERIOR COURT,,AZ,"BROWN, I. SYLVAN",,1,,,,MARICOPA BAR EVAL — SCORE 91.,1.0
AZ,Phoenix Arizona Gazette,100651,1986,JUDGE,AZ SUPREME COURT,,AZ,"CAMERON, JAMES DUKE",,1,,,,ENDORSED PER BAR EVAL POLL.,1.0
AZ,Phoenix Arizona Gazette,100651,1986,JUDGE,MARICOPA SUPERIOR COURT,,AZ,"CANTOR, IRWIN",,1,,,,MARICOPA BAR EVAL — SCORE 86.,1.0
AZ,Phoenix Arizona Gazette,100651,1986,JUDGE,MARICOPA SUPERIOR COURT,,AZ,"CATES, JEFFREY S.",,1,,,,MARICOPA BAR EVAL — SCORE 81.,1.0
AZ,Phoenix Arizona Gazette,100651,1986,JUDGE,AZ COURT OF APPEALS,,AZ,"CONTRERAS, JOSEPH W.",,1,,,,ENDORSED.,1.0
AZ,Phoenix Arizona Gazette,100651,1986,JUDGE,MARICOPA SUPERIOR COURT,,AZ,"DANN, B. MICHAEL",,1,,,,MARICOPA BAR EVAL — SCORE 95.,1.0
AZ,Phoenix Arizona Gazette,100651,1986,JUDGE,MARICOPA SUPERIOR COURT,,AZ,"DE LEON, ARMANDO",,1,,,,MARICOPA BAR EVAL — SCORE 77.,1.0
AZ,Phoenix Arizona Gazette,100651,1986,JUDGE,MARICOPA SUPERIOR COURT,,AZ,"DERICKSON, DAVID G.",,1,,,,ENDORSED.,1.0
AZ,Phoenix Arizona Gazette,100651,1986,JUDGE,MARICOPA SUPERIOR COURT,,AZ,"DOUGHERTY, BERNARD J.",,1,,,,MARICOPA BAR EVAL — SCORE 94.,1.0
AZ,Phoenix Arizona Gazette,100651,1986,JUDGE,AZ COURT OF APPEALS,,AZ,"EUBANK, WILLIAM E.",,1,,,,ENDORSED.,1.0
AZ,Phoenix Arizona Gazette,100651,1986,JUDGE,AZ COURT OF APPEALS,,AZ,"FROEB, DONALD F.",,1,,,,ENDORSED.,1.0
AZ,Phoenix Arizona Gazette,100651,1986,JUDGE,MARICOPA SUPERIOR COURT,,AZ,"GERBER, RUDOLPH J.",,1,,,,MARICOPA BAR EVAL — SCORE 92.,1.0
AZ,Phoenix Arizona Gazette,100651,1986,JUDGE,MARICOPA SUPERIOR COURT,,AZ,"GERST, STEPHEN",,1,,,,MARICOPA BAR EVAL.,1.0
AZ,Phoenix Arizona Gazette,100651,1986,JUDGE,MARICOPA SUPERIOR COURT,,AZ,"GOODFARB, STANLEY Z.",,1,,,,MARICOPA BAR EVAL — SCORE 82.,1.0
AZ,Phoenix Arizona Gazette,100651,1986,JUDGE,MARICOPA SUPERIOR COURT,,AZ,"GOTTSFIELD, ROBERT L.",,1,,,,MARICOPA BAR EVAL — SCORE 88.,1.0
AZ,Phoenix Arizona Gazette,100651,1986,JUDGE,MARICOPA SUPERIOR COURT,,AZ,"GROUNDS, DAVID L.",,1,,,,MARICOPA BAR EVAL — SCORE 95.,1.0
AZ,Phoenix Arizona Gazette,100651,1986,JUDGE,MARICOPA SUPERIOR COURT,,AZ,"HERTZBERG, ROBERT A.",,1,,,,MARICOPA BAR EVAL — SCORE 97.,1.0
AZ,Phoenix Arizona Gazette,100651,1986,JUDGE,AZ SUPREME COURT,,AZ,"HOLOHAN, WILLIAM A.",,,,,,NO OPINION.,1.0
AZ,Phoenix Arizona Gazette,100651,1986,JUDGE,MARICOPA SUPERIOR COURT,,AZ,"HUGHES, EDWARD W.",,,,,,NO OPINION.,1.0
AZ,Phoenix Arizona Gazette,100651,1986,JUDGE,MARICOPA SUPERIOR COURT,,AZ,"KAMIN, ALAN S.",,1,,,,MARICOPA BAR EVAL — SCORE 97.,1.0
AZ,Phoenix Arizona Gazette,100651,1986,JUDGE,MARICOPA SUPERIOR COURT,,AZ,"LAPRADE, PAUL W.",,,,,,NO OPINION.,1.0
AZ,Phoenix Arizona Gazette,100651,1986,JUDGE,MARICOPA SUPERIOR COURT,,AZ,"MCCARTHY, WARREN L.",,1,,,,ENDORSED.,1.0
AZ,Phoenix Arizona Gazette,100651,1986,JUDGE,MARICOPA SUPERIOR COURT,,AZ,"MYERS, ROBERT L.",,1,,,,ENDORSED.,1.0
AZ,Phoenix Arizona Gazette,100651,1986,JUDGE,MARICOPA SUPERIOR COURT,,AZ,"NOYES, E. G. JR.",,1,,,,MARICOPA BAR EVAL — SCORE 88.,1.0
AZ,Phoenix Arizona Gazette,100651,1986,JUDGE,MARICOPA SUPERIOR COURT,,AZ,"O'TOOLE, THOMAS W.",,1,,,,MARICOPA BAR EVAL — SCORE 96.,1.0
AZ,Phoenix Arizona Gazette,100651,1986,JUDGE,MARICOPA SUPERIOR COURT,,AZ,"PATTERSON, CECIL B.",,1,,,,MARICOPA BAR EVAL — SCORE 90.,1.0
AZ,Phoenix Arizona Gazette,100651,1986,JUDGE,MARICOPA SUPERIOR COURT,,AZ,"PETERSON, HOWARD V.",,1,,,,MARICOPA BAR EVAL — SCORE 72.,1.0
AZ,Phoenix Arizona Gazette,100651,1986,JUDGE,MARICOPA SUPERIOR COURT,,AZ,"RAPP, EDWARD C.",,1,,,,MARICOPA BAR EVAL — SCORE 91.,1.0
AZ,Phoenix Arizona Gazette,100651,1986,JUDGE,MARICOPA SUPERIOR COURT,,AZ,"ROZAR, MORRIS",,1,,,,MARICOPA BAR EVAL — SCORE 86.,1.0
AZ,Phoenix Arizona Gazette,100651,1986,JUDGE,MARICOPA SUPERIOR COURT,,AZ,"SCOTT, LINDA",,1,,,,MARICOPA BAR EVAL — SCORE 96.,1.0
AZ,Phoenix Arizona Gazette,100651,1986,JUDGE,MARICOPA SUPERIOR COURT,,AZ,"SEIDEL, JOHN H.",,1,,,,MARICOPA BAR EVAL — SCORE 95.,1.0
AZ,Phoenix Arizona Gazette,100651,1986,JUDGE,MARICOPA SUPERIOR COURT,,AZ,"SILVERMAN, BARRY G.",,1,,,,MARICOPA BAR EVAL — SCORE 97.,1.0
AZ,Phoenix Arizona Gazette,100651,1986,JUDGE,MARICOPA SUPERIOR COURT,,AZ,"STICHT, JOHN",,1,,,,MARICOPA BAR EVAL — SCORE 91.,1.0
AZ,Phoenix Arizona Gazette,100651,1986,JUDGE,MARICOPA SUPERIOR COURT,,AZ,"STOVER, ELIZABETH A.",,1,,,,MARICOPA BAR EVAL — SCORE 80.,1.0
AZ,Phoenix Arizona Gazette,100651,1986,JUDGE,MARICOPA SUPERIOR COURT,,AZ,"STRAND, ROGER G.",,1,,,,ENDORSED.,1.0
AZ,Phoenix Arizona Gazette,100651,1986,JUDGE,MARICOPA SUPERIOR COURT,,AZ,"THOMPSON, HOWARD F.",,1,,,,MARICOPA BAR EVAL — SCORE 86.,1.0
AZ,Phoenix Arizona Gazette,100651,1986,JUDGE,MARICOPA SUPERIOR COURT,,AZ,"VOSS, EDWARD C.",,1,,,,MARICOPA BAR EVAL — SCORE 92.,1.0
AZ,Phoenix Arizona Gazette,100651,1986,MINE INSPECTOR,,,AZ,,,,,,,NO RECOMMENDATION.,1.0
AZ,Phoenix Arizona Gazette,100651,1986,SCHOOL BOARD,PHX UNION HS,,AZ,"BUTLER, SCOT",,1,,,,PHOENIX UNION HIGH SCHOOL DISTRICT GOVERNING BOARD.,1.0
AZ,Phoenix Arizona Gazette,100651,1986,SCHOOL BOARD,MARICOPA COMM COLLEGE 5,,AZ,"CAMPBELL, DONALD",,1,,,,MARICOPA COMMUNITY COLLEGE BOARD DISTRICT 5 — UNOPPOSED.,1.0
AZ,Phoenix Arizona Gazette,100651,1986,SCHOOL BOARD,PHX UNION HS,,AZ,"CUSTER, CHARLES",,1,,,,PHOENIX UNION HIGH SCHOOL DISTRICT GOVERNING BOARD.,1.0
AZ,Phoenix Arizona Gazette,100651,1986,SCHOOL BOARD,MARICOPA COMM COLLEGE 2,,AZ,"DEPALMA, PHIL",,1,,,,MARICOPA COMMUNITY COLLEGE BOARD DISTRICT 2.,1.0
AZ,Phoenix Arizona Gazette,100651,1986,SCHOOL BOARD,CENTRAL AZ WATER,,AZ,"HENSACKER, RALPH",,1,,,,CENTRAL AZ WATER CONSERVATION DISTRICT.,1.0
AZ,Phoenix Arizona Gazette,100651,1986,SCHOOL BOARD,CENTRAL AZ WATER,,AZ,"MCMULLIN, ROD",,1,,,,CENTRAL AZ WATER CONSERVATION DISTRICT.,1.0
AZ,Phoenix Arizona Gazette,100651,1986,SCHOOL BOARD,CENTRAL AZ WATER,,AZ,"PYLE, HOWARD",,1,,,,CENTRAL AZ WATER CONSERVATION DISTRICT.,1.0
AZ,Phoenix Arizona Gazette,100651,1986,SCHOOL BOARD,CENTRAL AZ WATER,,AZ,"RAYMOND, H.S. ""HANK""",,1,,,,CENTRAL AZ WATER CONSERVATION DISTRICT.,1.0
AZ,Phoenix Arizona Gazette,100651,1986,SCHOOL BOARD,CENTRAL AZ WATER,,AZ,"WILLIAMS, JACK",,1,,,,CENTRAL AZ WATER CONSERVATION DISTRICT.,1.0
AZ,Phoenix Arizona Gazette,100651,1986,SEC OF STATE,,,AZ,"MOFFORD, ROSE",Democrat,1,1,,,1986 GAZETTE ELECTION RECOMMENDATION. UNOPPOSED.,1.0
AZ,Phoenix Arizona Gazette,100651,1986,SENATOR,,,AZ,"MCCAIN, JOHN",Republican,1,,,,1986 GAZETTE ELECTION RECOMMENDATION.,1.0
AZ,Phoenix Arizona Gazette,100651,1986,STATE REP,21,,AZ,"BROUGHTON, BOB",Republican,1,,,,1986 GAZETTE ELECTION RECOMMENDATION.,1.0
AZ,Phoenix Arizona Gazette,100651,1986,STATE REP,15,,AZ,"DENNY, BOB",Republican,1,,,,1986 GAZETTE ELECTION RECOMMENDATION.,1.0
AZ,Phoenix Arizona Gazette,100651,1986,STATE REP,6,,AZ,"EVANS, HENRY",Democrat,1,,,,1986 GAZETTE ELECTION RECOMMENDATION.,1.0
AZ,Phoenix Arizona Gazette,100651,1986,STATE REP,24,,AZ,"GIORDANO, GARY",Republican,1,,,,1986 GAZETTE ELECTION RECOMMENDATION.,1.0
AZ,Phoenix Arizona Gazette,100651,1986,STATE REP,22,,AZ,"HAMILTON, ART",Democrat,1,,,,1986 GAZETTE ELECTION RECOMMENDATION.,1.0
AZ,Phoenix Arizona Gazette,100651,1986,STATE REP,6,,AZ,"HARTDEGEN, JIM",Republican,1,,,,1986 GAZETTE ELECTION RECOMMENDATION.,1.0
AZ,Phoenix Arizona Gazette,100651,1986,STATE REP,27,,AZ,"HERMON, BEV",Republican,1,,,,1986 GAZETTE ELECTION RECOMMENDATION.,1.0
AZ,Phoenix Arizona Gazette,100651,1986,STATE REP,24,,AZ,"HERSTAM, CHRIS",Republican,1,,,,1986 GAZETTE ELECTION RECOMMENDATION.,1.0
AZ,Phoenix Arizona Gazette,100651,1986,STATE REP,28,,AZ,"HINK, HEINZ R.",Republican,1,,,,1986 GAZETTE ELECTION RECOMMENDATION.,1.0
AZ,Phoenix Arizona Gazette,100651,1986,STATE REP,18,,AZ,"HULL, JANE DEE",Republican,1,,,,1986 GAZETTE ELECTION RECOMMENDATION.,1.0
AZ,Phoenix Arizona Gazette,100651,1986,STATE REP,16,,AZ,"HUNGERFORD, BOB",Republican,1,,,,1986 GAZETTE ELECTION RECOMMENDATION.,1.0
AZ,Phoenix Arizona Gazette,100651,1986,STATE REP,21,,AZ,"JOHNSON, LESLIE WHITING",Republican,1,,,,1986 GAZETTE ELECTION RECOMMENDATION.,1.0
AZ,Phoenix Arizona Gazette,100651,1986,STATE REP,17,,AZ,"JONES, MILDRED J.",Democrat,1,,,,1986 GAZETTE ELECTION RECOMMENDATION.,1.0
AZ,Phoenix Arizona Gazette,100651,1986,STATE REP,23,,AZ,"KENNEDY, SANDRA",Republican,1,,,,1986 GAZETTE ELECTION RECOMMENDATION.,1.0
AZ,Phoenix Arizona Gazette,100651,1986,STATE REP,30,,AZ,"KILLIAN, MARK W.",Republican,1,,,,1986 GAZETTE ELECTION RECOMMENDATION.,1.0
AZ,Phoenix Arizona Gazette,100651,1986,STATE REP,25,,AZ,"KING, JOHN",Republican,1,,,,1986 GAZETTE ELECTION RECOMMENDATION.,1.0
AZ,Phoenix Arizona Gazette,100651,1986,STATE REP,20,,AZ,"MCCUNE, DEBBIE",Democrat,1,,,,1986 GAZETTE ELECTION RECOMMENDATION.,1.0
AZ,Phoenix Arizona Gazette,100651,1986,STATE REP,1,,AZ,"MCCUNE, DEBBIE",Democrat,1,,,,1986 GAZETTE ELECTION RECOMMENDATION.,1.0
AZ,Phoenix Arizona Gazette,100651,1986,STATE REP,26,,AZ,"MEREDITH, JIM",Republican,1,,,,1986 GAZETTE ELECTION RECOMMENDATION.,1.0
AZ,Phoenix Arizona Gazette,100651,1986,STATE REP,26,,AZ,"MILLER, JIM",Republican,1,,,,1986 GAZETTE ELECTION RECOMMENDATION.,1.0
AZ,Phoenix Arizona Gazette,100651,1986,STATE REP,16,,AZ,"MILLS, KAREN",Republican,1,,,,1986 GAZETTE ELECTION RECOMMENDATION.,1.0
AZ,Phoenix Arizona Gazette,100651,1986,STATE REP,30,,AZ,"MUNDELL, WILLIAM ""BILL""",Republican,1,,,,1986 GAZETTE ELECTION RECOMMENDATION.,1.0
AZ,Phoenix Arizona Gazette,100651,1986,STATE REP,27,,AZ,"NORTON, JENNY",Republican,1,,,,1986 GAZETTE ELECTION RECOMMENDATION.,1.0
AZ,Phoenix Arizona Gazette,100651,1986,STATE REP,15,,AZ,"RATLIFF, JAMES B.",Republican,1,,,,1986 GAZETTE ELECTION RECOMMENDATION.,1.0
AZ,Phoenix Arizona Gazette,100651,1986,STATE REP,17,,AZ,"RIDGE, STERLING",Republican,1,,,,1986 GAZETTE ELECTION RECOMMENDATION.,1.0
AZ,Phoenix Arizona Gazette,100651,1986,STATE REP,25,,AZ,"ROCKWELL, ELIZABETH ADAMS",Republican,1,,,,1986 GAZETTE ELECTION RECOMMENDATION.,1.0
AZ,Phoenix Arizona Gazette,100651,1986,STATE REP,23,,AZ,"RUIZ, ARMANDO",Democrat,1,,,,1986 GAZETTE ELECTION RECOMMENDATION.,1.0
AZ,Phoenix Arizona Gazette,100651,1986,STATE REP,28,,AZ,"SKELLY, JIM",Republican,1,,,,1986 GAZETTE ELECTION RECOMMENDATION.,1.0
AZ,Phoenix Arizona Gazette,100651,1986,STATE REP,29,,AZ,"STEFFEY, LELA",Republican,1,,,,1986 GAZETTE ELECTION RECOMMENDATION.,1.0
AZ,Phoenix Arizona Gazette,100651,1986,STATE REP,29,,AZ,"STRAUCH, DON",Republican,1,,,,1986 GAZETTE ELECTION RECOMMENDATION.,1.0
AZ,Phoenix Arizona Gazette,100651,1986,STATE REP,18,,AZ,"WEISZ, GEORGE",Republican,1,,,,1986 GAZETTE ELECTION RECOMMENDATION.,1.0
AZ,Phoenix Arizona Gazette,100651,1986,STATE REP,19,,AZ,"WESSEL, NANCY",Republican,1,,,,1986 GAZETTE ELECTION RECOMMENDATION.,1.0
AZ,Phoenix Arizona Gazette,100651,1986,STATE REP,19,,AZ,"WHITE, JIM",Republican,1,,,,1986 GAZETTE ELECTION RECOMMENDATION.,1.0
AZ,Phoenix Arizona Gazette,100651,1986,STATE REP,22,,AZ,"WILCOX, EARL V.",Democrat,1,,,,1986 GAZETTE ELECTION RECOMMENDATION.,1.0
AZ,Phoenix Arizona Gazette,100651,1986,STATE SENATOR,20,,AZ,"ALSTON, LELA",Democrat,1,,,,1986 GAZETTE ELECTION RECOMMENDATION.,1.0
AZ,Phoenix Arizona Gazette,100651,1986,STATE SENATOR,19,,AZ,"BREWER, JAN",Republican,1,,,,1986 GAZETTE ELECTION RECOMMENDATION.,1.0
AZ,Phoenix Arizona Gazette,100651,1986,STATE SENATOR,24,,AZ,"CORPSTEIN, PETE",Republican,1,,,,1986 GAZETTE ELECTION RECOMMENDATION.,1.0
AZ,Phoenix Arizona Gazette,100651,1986,STATE SENATOR,26,,AZ,"KAY, PETER",Republican,1,,,,1986 GAZETTE ELECTION RECOMMENDATION.,1.0
AZ,Phoenix Arizona Gazette,100651,1986,STATE SENATOR,21,,AZ,"KUNASEK, CARL J.",Republican,1,,,,1986 GAZETTE ELECTION RECOMMENDATION.,1.0
AZ,Phoenix Arizona Gazette,100651,1986,STATE SENATOR,22,,AZ,"PENA, MANUEL ""LITO"" JR.",Democrat,1,,,,1986 GAZETTE ELECTION RECOMMENDATION.,1.0
AZ,Phoenix Arizona Gazette,100651,1986,STATE SENATOR,15,,AZ,"RUNYAN, S. H. ""HAL""",Republican,1,,,,1986 GAZETTE ELECTION RECOMMENDATION.,1.0
AZ,Phoenix Arizona Gazette,100651,1986,STATE SENATOR,30,,AZ,"SOSSAMAN, JAMES J.",Republican,1,,,,1986 GAZETTE ELECTION RECOMMENDATION.,1.0
AZ,Phoenix Arizona Gazette,100651,1986,STATE SENATOR,25,,AZ,"STEINER, JACQUE",Republican,1,,,,1986 GAZETTE ELECTION RECOMMENDATION.,1.0
AZ,Phoenix Arizona Gazette,100651,1986,STATE SENATOR,6,,AZ,"STEPHENS, ALAN",Democrat,1,,,,1986 GAZETTE ELECTION RECOMMENDATION.,1.0
AZ,Phoenix Arizona Gazette,100651,1986,STATE SENATOR,16,,AZ,"STUMP, WAYNE",Republican,1,,,,1986 GAZETTE ELECTION RECOMMENDATION.,1.0
AZ,Phoenix Arizona Gazette,100651,1986,STATE SENATOR,29,,AZ,"TAYLOR, JACK J.",Republican,1,,,,1986 GAZETTE ELECTION RECOMMENDATION.,1.0
AZ,Phoenix Arizona Gazette,100651,1986,STATE SENATOR,27,,AZ,"TODD, DOUG",Republican,1,,,,1986 GAZETTE ELECTION RECOMMENDATION.,1.0
AZ,Phoenix Arizona Gazette,100651,1986,STATE SENATOR,28,,AZ,"USDANE, ROBERT B.",Republican,1,,,,1986 GAZETTE ELECTION RECOMMENDATION.,1.0
AZ,Phoenix Arizona Gazette,100651,1986,STATE SENATOR,23,,AZ,"WALKER, CAROLYN",Democrat,1,,,,1986 GAZETTE ELECTION RECOMMENDATION.,1.0
AZ,Phoenix Arizona Gazette,100651,1986,STATE SENATOR,18,,AZ,"WEST, TONY",Republican,1,,,,1986 GAZETTE ELECTION RECOMMENDATION.,1.0
AZ,Phoenix Arizona Gazette,100651,1986,STATE SENATOR,17,,AZ,"WRIGHT, PATRICIA ""PAT""",Republican,1,,,,1986 GAZETTE ELECTION RECOMMENDATION.,1.0
AZ,Phoenix Arizona Gazette,100651,1986,SUPERINTENDENT,,,AZ,"LINDEMAN, ANNE",Republican,1,,,,1986 GAZETTE ELECTION RECOMMENDATION. SUPT OF PUBLIC INSTRUCTION.,1.0
AZ,Phoenix Arizona Gazette,100651,1986,TREASURER,,,AZ,"ROTTAS, RAY",Republican,1,,,,1986 GAZETTE ELECTION RECOMMENDATION.,1.0
