state_newspaper,newspaper,newspaper_id,year,office,dist,dname,state_election,cand_name,party,endorsed,d_inc,r_inc,o_inc,notes_endorse,extraction_confidence
NM,Albuquerque Tribune,128400,1934,CNTY COMM,,BERNALILLO COUNTY,NM,"APODACA, WM.",Republican,1,,,,'STALWART DEFENDER OF A COMPETENT [HEALTH] ORGANIZATION'.,0.92
NM,Albuquerque Tribune,128400,1934,CNTY COMM,,BERNALILLO COUNTY,NM,"BEZEMEK, JAMES",Democrat,1,,,,CAMPAIGN ON HEALTH MATTERS AND COUNTY HIGHWAYS.,0.92
NM,Albuquerque Tribune,128400,1934,CNTY COMM,,BERNALILLO COUNTY,NM,"SEIS, AUGUST",Democrat,1,,,,SOLID BUSINESS MAN WITH KNOWN SYMPATHY FOR HEALTH SERVICES.,0.92
NM,Albuquerque Tribune,128400,1934,GOVERNOR,,,NM,"MILLER, JAFFA",Republican,0,,,,'SPLENDID CITIZEN' BUT CRITICIZED FOR BEING BACKED BY 'PROFESSIONAL CLIQUE'.,0.92
NM,Albuquerque Tribune,128400,1934,GOVERNOR,,,NM,"TINGLEY, CLYDE",Democrat,1,,,,20 YEARS PUBLIC SERVICE AS ALBUQUERQUE MAYOR; ENDORSED OVER JAFFA MILLER (R).,0.92
NM,Albuquerque Tribune,128400,1934,H,,,NM,"DEMPSEY, J. J.",Democrat,0,,,,OPPONENT; 'CAST HIS FIRST VOTE IN NEW MEXICO TWO YEARS AGO'; PAPER CRITICIZES TIES TO HIGHWAY DEPARTMENT.,0.92
NM,Albuquerque Tribune,128400,1934,H,,,NM,"MIERA, MAURICE",Republican,1,,,,'ONE OF THE FEW CANDIDATES WHO HAS ACTUALLY PRESENTED A PROGRAM'; ENDORSED OVER J.J. DEMPSEY.,0.92
NM,Albuquerque Tribune,128400,1934,SENATOR,,,NM,"CUTTING, BRONSON",Republican,1,,1,,THROUGH THE FOG — INCUMBENT R PROGRESSIVE; PAPER URGES RE-ELECTION OVER CONFLICTING NEW DEAL CONCERNS.,0.92
NM,Albuquerque Tribune,128400,1934,SENATOR,,,NM,DILLON,Republican,0,,,,OPPONENT TO HATCH; 'IF YOU THINK MR. DILLON MORE NEARLY REPRESENTS THE NEW DEAL THAN SENATOR HATCH... CONSULT A PSYCHOLOGIST'.,0.88
NM,Albuquerque Tribune,128400,1934,SENATOR,,,NM,"HATCH, CARL",Democrat,1,1,,,SHORT-TERM SENATE SEAT; PAPER ENDORSES OVER DILLON.,0.92
NM,Albuquerque Tribune,128400,1936,ASSESSOR,,BERNALILLO COUNTY,NM,"FLASKA, JOHN",Democrat,1,1,,,"INCUMBENT; 'DONE A GOOD JOB, DESERVES RE-ELECTION'.",0.92
NM,Albuquerque Tribune,128400,1936,CNTY COMM,,BERNALILLO COUNTY,NM,"CORDOVA, NICK N.",Republican,1,,,,ENDORSED.,0.85
NM,Albuquerque Tribune,128400,1936,CNTY COMM,,BERNALILLO COUNTY,NM,"HAYDEN, J. MARTIN",Republican,1,,,,ENDORSED OVER INCUMBENT D COMMISSIONERS WHO REJECTED FEDERAL HEALTH AID.,0.85
NM,Albuquerque Tribune,128400,1936,CNTY COMM,,BERNALILLO COUNTY,NM,"MAISEN, H. A.",Republican,1,,,,ENDORSED.,0.85
NM,Albuquerque Tribune,128400,1936,DA/PROSECUTOR,,BERNALILLO COUNTY,NM,"MARRON, OWEN",Democrat,1,,,,"'YOUNG, ALERT, SMART AND AGGRESSIVE'.",0.88
NM,Albuquerque Tribune,128400,1936,GOVERNOR,,,NM,"MILLER, JAFFA",Republican,0,,,,'STERNLY OPPOSED TO FEDERAL SPENDINGS'; CRITICIZED FOR ANTI-NEW DEAL POSITION.,0.92
NM,Albuquerque Tribune,128400,1936,GOVERNOR,,,NM,"TINGLEY, CLYDE",Democrat,1,1,,,GIVE TINGLEY A ROUSING VOTE — INCUMBENT GOVERNOR; LISTS ALBUQUERQUE PUBLIC WORKS ACHIEVEMENTS UNDER NEW DEAL.,0.92
NM,Albuquerque Tribune,128400,1936,JUDGE,,DISTRICT JUDGE,NM,"MABRY, T. J.",Democrat,1,,,,ENDORSED OVER HUGH WOODWARD (R); 'WOODWARD'S ADVERTISING HAS PERSUADED US THAT HE LACKS JUDICIAL TEMPERAMENT'.,0.88
NM,Albuquerque Tribune,128400,1936,PRESIDENT,,,NM,"ROOSEVELT, FRANKLIN D.",Democrat,1,1,,,THE ONE FAIR ANSWER — INCUMBENT FDR ENDORSEMENT; 'THE PASSENGERS DON'T LYNCH THE CAPTAIN WHO BROUGHT THEM THROUGH THE STORM'.,0.95
NM,Albuquerque Tribune,128400,1936,SCHOOL BOARD,,BERNALILLO COUNTY,NM,"WILEY, TOM",Democrat,1,,,,SUPERINTENDENT OF SCHOOLS.,0.85
NM,Albuquerque Tribune,128400,1936,SENATOR,,,NM,"CHAVEZ, DENNIS",Democrat,0,1,,,WE REGRET — TRIBUNE CANNOT SUPPORT; 'NOT A LIBERAL; HIS RECORD OF SUPPORT OF THE NEW DEAL IS SKETCHY AT BEST'.,0.9
NM,Albuquerque Tribune,128400,1936,SENATOR,,,NM,EVERLY,Republican,0,,,,'WILLING TO SACRIFICE' — PAPER CRITICIZES EVERLY'S CAMPAIGN STYLE.,0.75
NM,Albuquerque Tribune,128400,1936,SENATOR,,,NM,"OTERO, M. A. JR.",Republican,0,,,,'JUDGE OTERO HAS CAMPAIGNED AGAINST THE NEW DEAL PRETTY MUCH IN THE MANNER OF THE MOST REACTIONARY REPUBLICAN'.,0.88
NM,Albuquerque Tribune,128400,1936,SHERIFF,,BERNALILLO COUNTY,NM,"SALAZAR, ROSS",Democrat,1,1,,,INCUMBENT; ENDORSED OVER FELIPE ZAMORA (R) WHO 'OUTRAGED THE RULES OF SPORTSMANSHIP'.,0.92
NM,Albuquerque Tribune,128400,1936,SHERIFF,,BERNALILLO COUNTY,NM,"ZAMORA, FELIPE",Republican,0,,,,FORMER 4-TERM DEMOCRATIC SHERIFF NOW RUNNING AS R AGAINST HIS OWN FORMER ASSISTANT; CRITICIZED.,0.92
NM,Albuquerque Tribune,128400,1936,STATE REP,,BERNALILLO COUNTY,NM,"COCHRANE, MRS. WALTER",Republican,1,,,,ENDORSED.,0.88
NM,Albuquerque Tribune,128400,1936,STATE REP,,BERNALILLO COUNTY,NM,"RINGLER, MRS. GEORGE",Democrat,1,,,,ENDORSED.,0.88
NM,Albuquerque Tribune,128400,1936,STATE SENATOR,,BERNALILLO COUNTY,NM,"DICKASON, DON L.",Democrat,1,,,,SHOESTRING DISTRICT ALTERNATIVE; 'YOUNG LAWYER WITH AN EXCELLENT REPUTATION'. PAPER ALLOWS PARTY OR PERSONAL CHOICE.,0.85
NM,Albuquerque Tribune,128400,1936,STATE SENATOR,,BERNALILLO COUNTY,NM,"KINNEY, B. H.",Republican,1,,,,SHOESTRING DISTRICT; 'GOOD RECORD IN THE LEGISLATURE'.,0.88
NM,Albuquerque Tribune,128400,1936,SUPREME COURT,,,NM,"WATSON, JOHN",Republican,1,,,,ELIMINATE — VOTE TO REPLACE A.L. ZINN; 'NEW MEXICO HAD ENOUGH OF A. L. ZINN'.,0.92
NM,Albuquerque Tribune,128400,1936,SUPREME COURT,,,NM,"ZINN, A. L.",Democrat,0,1,,,'SCOFFED AT ALL THE TRADITIONS OF A NON-PARTISAN JUDICIARY'.,0.92
NM,Albuquerque Tribune,128400,1936,SURVEYOR,,BERNALILLO COUNTY,NM,"ROSS, ED",,1,,,,ENDORSED.,0.8
NM,Albuquerque Tribune,128400,1940,PRESIDENT,,,NM,"WILLKIE, WENDELL",Republican,1,,,,'1917-1940 THINK IT OVER' — IMPLICIT WILLKIE ENDORSEMENT VIA CRITIQUE OF FDR'S WAR-MOBILIZATION REFERENCE.,0.7
NM,Albuquerque Tribune,128400,1940,VICE PRESIDENT,,,NM,"MCNARY, CHARLES L.",Republican,1,,,,'THE MEN WHO MIGHT BE PRESIDENT' — VP COMPARISON; PAPER ENDORSES MCNARY OVER WALLACE.,0.85
NM,Albuquerque Tribune,128400,1940,VICE PRESIDENT,,,NM,"WALLACE, HENRY A.",Democrat,0,,,,"HEAVILY CRITICIZED AS 'A DREAMY ASCETIC, A PHILOSOPHER WHO DABBLES IN DIETETICS, GENETICS, MATHEMATICS AND ASTROLOGY'.",0.88
NM,Albuquerque Tribune,128400,1946,CNTY COMM,1,BERNALILLO COUNTY,NM,"HAYDEN, J. MARTIN",Republican,1,,,,THE COUNTY TICKET — ENDORSED FOR DISTRICT 1.,0.92
NM,Albuquerque Tribune,128400,1946,CNTY COMM,2,BERNALILLO COUNTY,NM,"CORNELIUS, HARRY",Democrat,1,,,,ENDORSED FOR DISTRICT 2.,0.92
NM,Albuquerque Tribune,128400,1946,CNTY COMM,3,BERNALILLO COUNTY,NM,"VILLANUEVA, JOE JR.",Democrat,1,,,,ENDORSED FOR DISTRICT 3.,0.92
NM,Albuquerque Tribune,128400,1946,SENATOR,,,NM,"CHAVEZ, DENNIS",Democrat,0,1,,,CHAVEZ AND BRIDGES — PAPER CRITICIZES CHAVEZ'S CLAIMS ABOUT FLOOD CONTROL VULNERABILITY UNDER R SENATE; NOTES OPPONENT BRIDGES (NH) DISPUTED.,0.8
NM,Albuquerque Tribune,128400,1948,SHERIFF,,BERNALILLO COUNTY,NM,"FLASKA, JOHN",Democrat,1,1,,,1948-OCT-30 'THE COUNTY TICKET' — TRIBUNE ALREADY ENDORSED JOHN FLASKA (D) FOR SHERIFF (NOT ASSESSOR; ASSESSOR ENDORSEMENT IS DANIEL O'BANNON). PRIOR EXTRACTION ERROR FIXED FROM CLIPPING.,0.92
NM,Albuquerque Tribune,128400,1948,DISTRICT COURT JUDGE,,,NM,"BENNETT, ROBERT",Republican,0,,,,OPPONENT TO COORS.,0.85
NM,Albuquerque Tribune,128400,1948,DISTRICT COURT JUDGE,2-1,BERNALILLO/SANDOVAL/VALENCIA,NM,"COORS, HENRY G.",Democrat,1,1,,,KEEP JUDGE COORS — INCUMBENT ENDORSED OVER ROBERT BENNETT (R); ALSO ADMINISTRATOR OF MIDDLE RIO GRANDE CONSERVANCY DISTRICT.,0.92
NM,Albuquerque Tribune,128400,1948,SENATOR,,,NM,"ANDERSON, CLINTON P.",Democrat,1,,,,THE SENATE RACE — PAPER ENDORSEMENT IMPLIED VIA OBJECTIVE COMPARISON; OPEN SEAT (HATCH RETIRING).,0.8
NM,Albuquerque Tribune,128400,1948,SENATOR,,,NM,"HURLEY, PATRICK",Republican,,,,,REPUBLICAN ALTERNATIVE; COMPARISON EDITORIAL.,0.7
NM,Albuquerque Tribune,128400,1952,ASSESSOR,,BERNALILLO COUNTY,NM,"ARMIJO, MANUEL",Democrat,1,1,,,KEEP MANUEL ARMIJO — INCUMBENT ASSESSOR.,0.92
NM,Albuquerque Tribune,128400,1952,DISTRICT COURT JUDGE,2-3,BERNALILLO COUNTY,NM,"MURPHY, JOHN D.",Democrat,,,,,DEMOCRATIC OPPONENT TO ROGERS; FORMER ASSISTANT US ATTORNEY.,0.7
NM,Albuquerque Tribune,128400,1952,DISTRICT COURT JUDGE,2-3,BERNALILLO COUNTY,NM,"ROGERS, WALDO",Republican,1,,1,,THE DISTRICT JUDGESHIP — INCUMBENT (APPOINTED 20 MONTHS AGO TO FILL VACANCY); FORMER ALBUQUERQUE CITY ATTORNEY.,0.85
NM,Albuquerque Tribune,128400,1952,GOVERNOR,,,NM,"GRANTHAM, EVERETT",Democrat,1,,,,"TIME FOR A CHANGE — DEMOCRATIC GUBERNATORIAL CANDIDATE OUTLINED COMPREHENSIVE PROGRAM (NON-PARTISAN LIQUOR CONTROL, STATE POLICE COMMISSION, SCHOOL FUNDS PROTECTION); ENDORSED OVER MECHEM.",0.92
NM,Albuquerque Tribune,128400,1952,GOVERNOR,,,NM,"MECHEM, EDWIN",Republican,0,,1,,INCUMBENT R; CRITICIZED FOR CAMPAIGN OF JUST POINTING TO RECORD WITHOUT NEW PROGRAM.,0.92
NM,Albuquerque Tribune,128400,1952,PRESIDENT,,,NM,"EISENHOWER, DWIGHT D.",Republican,1,,,,THE SENATE RACE — IMPLIED IKE ENDORSEMENT VIA REFERENCE; PAPER ALSO ENDORSES HURLEY (R) AS CALIBER NEEDED ON IKE'S TEAM.,0.92
NM,Albuquerque Tribune,128400,1952,SENATOR,,,NM,"HURLEY, PATRICK J.",Republican,1,,,,REPUBLICAN US SENATE CANDIDATE; PAPER ENDORSES BASED ON FAR EAST FOREIGN POLICY EXPERIENCE.,0.92
NM,Albuquerque Tribune,128400,1952,STATE SENATOR,,BERNALILLO COUNTY,NM,"HORN, CALVIN",Democrat,1,,,,"1952-NOV-03 'HORN FOR THE SENATE' — CALVIN HORN (D) ENDORSED OVER ADDISON STRONG (R, PROBATE JUDGE); CALVIN HORN PRIOR HOUSE SPEAKER; PARTY-FIX FROM R TO D VERIFIED FROM CLIPPING.",0.92
NM,Albuquerque Tribune,128400,1956,GOVERNOR,,,NM,"MECHEM, EDWIN",Republican,0,,,,CRITICIZED FOR FLIP-FLOPS ON WELFARE LAW POSITIONS.,0.7
NM,Albuquerque Tribune,128400,1956,GOVERNOR,,,NM,"SIMMS, JOHN F.",Democrat,1,1,,,THE GOVERNOR'S RACE — INCUMBENT GOV. SIMMS FAVORS RETENTION OF WELFARE LAWS WITH MODIFICATIONS; CRITICIZES MECHEM FOR FLIP-FLOPS ON LIEN/RELATIVE RESPONSIBILITY LAWS.,0.75
NM,Albuquerque Tribune,128400,1958,GOVERNOR,,,NM,"BURROUGHS, JOHN",Democrat,0,,,,GOVERNOR opposed. Editorial names as the Democratic challenger; Tribune endorses Mechem instead. [QA 2026-05-26: re-extracted from 19581031 clipping; 1958 was in review queue as 'OCR limited content' but PDF is in fact readable (Pattern J)],0.88
NM,Albuquerque Tribune,128400,1958,GOVERNOR,,,NM,"MECHEM, EDWIN",Republican,1,,,,GOVERNOR endorsed. Editorial: 'We think Mr. Mechem is entitled to another term in the governor's chair.' Incumbent. [QA 2026-05-26: re-extracted from 19581031 clipping; 1958 was in review queue as 'OCR limited content' but PDF is in fact readable (Pattern J)],0.92
NM,Albuquerque Tribune,128400,1958,LT GOVERNOR,,,NM,"MEAD, ED",Democrat,1,,,,"LT GOVERNOR endorsed. Editorial: 'The Tribune favors the election of Ed Mead, successful Albuquerque businessman and the Democratic candidate for the office.' [QA 2026-05-26: re-extracted from 19581031 clipping; 1958 was in review queue as 'OCR limited content' but PDF is in fact readable (Pattern J)]",0.88
NM,Albuquerque Tribune,128400,1960,ATTORNEY GENERAL,,,NM,"HARTLEY, EARL",Democrat,1,,,,,0.92
NM,Albuquerque Tribune,128400,1960,AUDITOR,,,NM,"CASTNER, ROBERT",Democrat,1,,,,,0.92
NM,Albuquerque Tribune,128400,1960,CNTY COMM,,BERNALILLO COUNTY,NM,"MAUNEY, VANCE",Democrat,1,,,,,0.92
NM,Albuquerque Tribune,128400,1960,CNTY COMM,1,BERNALILLO COUNTY,NM,"KINNEY, HARRY",Republican,1,,,,,0.92
NM,Albuquerque Tribune,128400,1960,CNTY COMM,2,BERNALILLO COUNTY,NM,"LEGGETTE, REGINALD",Republican,1,,,,,0.92
NM,Albuquerque Tribune,128400,1960,GOVERNOR,,,NM,"BURROUGHS, JOHN",Democrat,0,1,,,INCUMBENT D GOVERNOR; PAPER FAVORS MECHEM.,0.92
NM,Albuquerque Tribune,128400,1960,GOVERNOR,,,NM,"MECHEM, EDWIN L.",Republican,1,,,,THE STATE TICKET — REITERATED.,0.88
NM,Albuquerque Tribune,128400,1960,H,?,,NM,"MONTOYA, JOE M.",Democrat,1,1,,,'YOUNG' — INCUMBENT 2 TERMS.,0.85
NM,Albuquerque Tribune,128400,1960,H,?,,NM,"MORRIS, TOM",Democrat,1,1,,,'YOUNG' — INCUMBENT 1 TERM.,0.85
NM,Albuquerque Tribune,128400,1960,LAND COMMISSIONER,,,NM,"WALKER, E. S. ""JOHNNY""",Democrat,1,,,,,0.92
NM,Albuquerque Tribune,128400,1960,LT GOVERNOR,,,NM,"BOLACK, TOM",Republican,1,,,,SUCCESSFUL BUSINESS MAN; 'PRACTICING ADVOCATE OF BETTER FARMING METHODS'.,0.92
NM,Albuquerque Tribune,128400,1960,RAILROAD COMMISSION,,,NM,"COBEAN, WARREN",Republican,1,,,,CORPORATION COMMISSION.,0.92
NM,Albuquerque Tribune,128400,1960,RAILROAD COMMISSION,,,NM,"FAILS, G. Y.",Democrat,1,,,,CORPORATION COMMISSION.,0.92
NM,Albuquerque Tribune,128400,1960,SEC OF STATE,,,NM,"FIORINA, BETTY",Democrat,1,,,,,0.92
NM,Albuquerque Tribune,128400,1960,SENATOR,,,NM,"ANDERSON, CLINTON P.",Democrat,1,1,,,'LONG SENIORITY' — INCUMBENT.,0.92
NM,Albuquerque Tribune,128400,1960,STATE BOARD OF ED,,,NM,"JORY, EDWARD",Republican,1,,,,,0.92
NM,Albuquerque Tribune,128400,1960,STATE REP,,BERNALILLO COUNTY,NM,"EASTHAM, JOHN",Republican,1,,,,,0.92
NM,Albuquerque Tribune,128400,1960,STATE REP,,BERNALILLO COUNTY,NM,"RHODES, JEROME",Republican,1,,,,,0.92
NM,Albuquerque Tribune,128400,1960,STATE REP,,BERNALILLO COUNTY,NM,"TERRELL, JOHN",Republican,1,,,,,0.92
NM,Albuquerque Tribune,128400,1960,STATE SENATOR,,BERNALILLO COUNTY,NM,"RICE, JOHN F.",Republican,1,,,,,0.92
NM,Albuquerque Tribune,128400,1960,SUPREME COURT,,,NM,"MOISE, IRWIN S.",Democrat,1,,,,,0.92
NM,Albuquerque Tribune,128400,1960,SUPREME COURT,,,NM,"NOBLE, M. E.",Democrat,1,,,,,0.92
NM,Albuquerque Tribune,128400,1960,TREASURER,,,NM,"BURSUM, HOLM JR.",Republican,1,,,,,0.92
NM,Albuquerque Tribune,128400,1962,CNTY COMM,,BERNALILLO COUNTY,NM,"CORNELIUS, GERALD",Democrat,1,1,,,THE COUNTY TICKET — CHAIRMAN; 'SOUND BUSINESS JUDGMENT AND HAS SHOWN A KEEN AWARENESS OF THE TAXPAYER'S INTERESTS'.,0.92
NM,Albuquerque Tribune,128400,1962,CNTY COMM,,BERNALILLO COUNTY,NM,"KINNEY, HARRY",Republican,1,,1,,INCUMBENT.,0.92
NM,Albuquerque Tribune,128400,1962,CNTY COMM,,BERNALILLO COUNTY,NM,"MAUNEY, VANCE",Democrat,1,1,,,INCUMBENT.,0.92
NM,Albuquerque Tribune,128400,1962,CNTY TREASURER,,BERNALILLO COUNTY,NM,"MONOHAN, EDNA",,1,,,1,A FINE PUBLIC SERVANT — DEPUTY TREASURER AND FORMER TREASURER (SEVERAL TERMS).,0.9
NM,Albuquerque Tribune,128400,1962,DISTRICT COURT JUDGE,,BERNALILLO COUNTY,NM,"LARRAZOLO, PAUL F.",Republican,1,,1,,THE DISTRICT BENCH — INCUMBENT (APPOINTED 2 YEARS AGO); FORMER US DA.,0.85
NM,Albuquerque Tribune,128400,1962,H,,,NM,"MONTOYA, JOE M.",Democrat,1,1,,,"THE CONGRESSIONAL RACES — INCUMBENT D US REP; 'INTELLIGENT, ACTIVE AND FORCEFUL MAN WHO HAS OBTAINED CONSIDERABLE SENIORITY'.",0.8
NM,Albuquerque Tribune,128400,1962,H,,,NM,"REDMAN, JACK",Republican,0,,,,"REPUBLICAN DR. REDMAN — 'INTELLIGENT, ARTICULATE AND PERSONABLE'; PAPER NOTES TOUGH CHOICE. [QA 2026-05-26: endorsed blank->0 per 19621105 editorial ""we give the edge to Montoya""]",0.7
NM,Albuquerque Tribune,128400,1962,SHERIFF,,BERNALILLO COUNTY,NM,"HAY, LESTER",Republican,1,,1,,REHIRE LESTER HAY — INCUMBENT; 'ONE OF THE BEST SHERIFFS THIS COUNTY HAS EVER HAD'.,0.92
NM,Albuquerque Tribune,128400,1962,SUPREME COURT,,,NM,"HURLEY, WILSON P.",Republican,0,,,,'TWO FINE YOUNG MEN'.,0.7
NM,Albuquerque Tribune,128400,1962,SUPREME COURT,,,NM,"MOISE, IRVIN S.",Democrat,1,1,,,"THE SUPREME COURT — INCUMBENT D; 'LEGAL TRAINING, JUDGMENT AND LONG EXPERIENCE'.",0.92
NM,Albuquerque Tribune,128400,1962,SUPREME COURT,,,NM,"NOBLE, M. E.",Democrat,1,1,,,INCUMBENT D.,0.92
NM,Albuquerque Tribune,128400,1962,SUPREME COURT,,,NM,"RYAN, JOSEPH C.",Republican,0,,,,'TWO FINE YOUNG MEN' R OPPONENTS BUT PAPER PREFERS INCUMBENT DEMOCRATS.,0.7
NM,Albuquerque Tribune,128400,1964,ASSESSOR,,,NM,"MARTIN, GEORGE E.",,1,,,,RECOMMENDED FOR ASSESSOR,0.9
NM,Albuquerque Tribune,128400,1964,ATTORNEY GENERAL,,,NM,"WITT, BOSTON",Democrat,1,,,,RECOMMENDED FOR ATTORNEY GENERAL,0.9
NM,Albuquerque Tribune,128400,1964,AUDITOR,,,NM,"ARMIJO, ALEX",Democrat,1,,,,"RECOMMENDED FOR AUDITOR [QA 2026-05-26: 1964 fix per re-read of full-page editorial 19641031_v2] (corrected GRANT->ARMIJO; editorial: Auditor Alex Armijo, Treasurer Joseph Grant — names had been swapped)",0.9
NM,Albuquerque Tribune,128400,1964,CNTY CLERK,,,NM,"JARAMILLO, LUCY",,1,,,,"RECOMMENDED FOR COUNTY CLERK [QA 2026-05-26: 1964 fix per re-read of full-page editorial 19641031_v2] (corrected MARTIN->JARAMILLO; editorial: Clerk Lucy Jaramillo, Assessor George E. Martin — surnames had been mixed)",0.9
NM,Albuquerque Tribune,128400,1964,CNTY COMM,,,NM,"BRUNACINI, VINCENT",Democrat,1,,,,DEMOCRATIC SLATE COUNTY COMMISSIONER,0.95
NM,Albuquerque Tribune,128400,1964,CNTY COMM,,,NM,"GOODMAN, GERALD",Democrat,1,,,,DEMOCRATIC SLATE COUNTY COMMISSIONER [QA 2026-05-26: 1964 fix per re-read of full-page editorial 19641031_v2] (REDMOND->GOODMAN per editorial),0.95
NM,Albuquerque Tribune,128400,1964,CNTY COMM,,,NM,"MILLER, J. CLELL",Democrat,1,,,,DEMOCRATIC SLATE COUNTY COMMISSIONER,0.95
NM,Albuquerque Tribune,128400,1964,CNTY TREASURER,,,NM,"MONABAN, EDNA",,1,,,,"Bernalillo County Treasurer; incumbent. Editorial: ""Edna Monaban for re-elected splendid conduct of the treasurer's office"". [QA 2026-05-26: 1964 fix per re-read of full-page editorial 19641031_v2]",0.85
NM,Albuquerque Tribune,128400,1964,CORPORATION COMMISSIONER,,,NM,"FERGUSON, COLUMBUS",Democrat,1,,,,"RECOMMENDED FOR LAND COMMISSIONER (CO-RECOMMENDATION WITH VIGIL) [QA 2026-05-26: 1964 fix per re-read of full-page editorial 19641031_v2] (LAND COMMISSIONER->CORPORATION COMMISSIONER; editorial: Vigil and Ferguson are Corporation Commissioners, Hays is Land Comm)",0.85
NM,Albuquerque Tribune,128400,1964,CORPORATION COMMISSIONER,,,NM,"VIGIL, F.A.",Democrat,1,,,,"RECOMMENDED FOR LAND COMMISSIONER (CO-RECOMMENDATION WITH FERGUSON) [QA 2026-05-26: 1964 fix per re-read of full-page editorial 19641031_v2] (LAND COMMISSIONER->CORPORATION COMMISSIONER; editorial: Vigil and Ferguson are Corporation Commissioners, Hays is Land Comm)",0.85
NM,Albuquerque Tribune,128400,1964,DA/PROSECUTOR,,,NM,"SCERESSE, ALEXANDER",,1,,,,ENDORSED FOR DISTRICT ATTORNEY,0.9
NM,Albuquerque Tribune,128400,1964,FLOOD CONTROL BOARD,,,NM,"LUTHY, FRED JR.",,1,,,,ENDORSED FOR ALBUQUERQUE METROPOLITAN FLOOD CONTROL AUTHORITY,0.85
NM,Albuquerque Tribune,128400,1964,FLOOD CONTROL BOARD,,,NM,"SWINBURNE, J.",,1,,,,ENDORSED FOR ALBUQUERQUE METROPOLITAN FLOOD CONTROL AUTHORITY; PRESENT BOARD HANDLED BUSINESS WELL,0.85
NM,Albuquerque Tribune,128400,1964,GOVERNOR,,,NM,"CAMPBELL, JACK",Democrat,1,1,,,TRIBUNE NOT ALWAYS EYE TO EYE WITH GOV CAMPBELL BUT BELIEVE HE HAS BEEN CAPABLE GOVERNOR DESERVES ANOTHER TERM,1.0
NM,Albuquerque Tribune,128400,1964,H,1,,NM,"MORRIS, THOMAS G.",Democrat,1,1,,,DEMOCRAT INCUMBENT SEEKING RE-ELECTION; HAS DONE GOOD JOB; OPPONENT HOBBS INSURANCE MAN,1.0
NM,Albuquerque Tribune,128400,1964,H,2,,NM,"WALKER, E.S. JOHNNY",Democrat,1,,,,DEMOCRAT LAND COMMISSIONER NOW SEEKING CONGRESSIONAL SEAT; ENDORSED OVER REDMAN,1.0
NM,Albuquerque Tribune,128400,1964,LAND COMMISSIONER,,,NM,"HAYS, GUYTON",Democrat,1,,,,RECOMMENDED FOR CORPORATION COMMISSIONER [QA 2026-05-26: 1964 fix per re-read of full-page editorial 19641031_v2] (CORPORATION COMMISSIONER->LAND COMMISSIONER per editorial),0.9
NM,Albuquerque Tribune,128400,1964,LT GOVERNOR,,,NM,"EASLEY, MACK",Democrat,1,,,,ENDORSED AS RUNNING MATE FOR LT GOVERNOR,1.0
NM,Albuquerque Tribune,128400,1964,PRESIDENT,,,NM,"JOHNSON, LYNDON",Democrat,1,1,,,EDITORIAL SUPPORTING LYNDON JOHNSON; FIRST DEMOCRAT ENDORSED FOR PRESIDENT SINCE FDR'S SECOND TERM,1.0
NM,Albuquerque Tribune,128400,1964,PROBATE JUDGE,,,NM,"BROWN, JOHN E.",,1,,,,RECOMMENDED FOR PROBATE JUDGE [QA 2026-05-26: 1964 fix per re-read of full-page editorial 19641031_v2] (JUDGE->PROBATE JUDGE),0.9
NM,Albuquerque Tribune,128400,1964,SEC OF STATE,,,NM,"MILLER, ALBERTA",Democrat,1,,,,RECOMMENDED FOR SECRETARY OF STATE,0.9
NM,Albuquerque Tribune,128400,1964,SHERIFF,,BERNALILLO COUNTY,NM,"HAY, MRS. LESTER",Republican,1,,,,THE SHERIFF'S OFFICE — WIFE OF INCUMBENT; PAPER ACKNOWLEDGES NEPOTISM CONCERN BUT POSITIVELY FRAMES MRS. HAY'S OFFICE WORK.,0.7
NM,Albuquerque Tribune,128400,1964,SMALL CLAIMS JUDGE,,,NM,"KJELLSTROM, NILS T.",,1,,,,RECOMMENDED FOR SMALL CLAIMS COURT JUDGE [QA 2026-05-26: 1964 fix per re-read of full-page editorial 19641031_v2] (JUDGE->SMALL CLAIMS JUDGE),0.9
NM,Albuquerque Tribune,128400,1964,STATE REP,1,,NM,"MATTINGLY, REX",,1,,,,RECOMMENDED FOR STATE HOUSE OF REPRESENTATIVES,0.8
NM,Albuquerque Tribune,128400,1964,STATE REP,10,,NM,"THOMPSON, HAROLD G.",,1,,,,RECOMMENDED FOR STATE HOUSE OF REPRESENTATIVES,0.8
NM,Albuquerque Tribune,128400,1964,STATE REP,11,,NM,"BEAUCHAMP, MARY E.",,1,,,,"RECOMMENDED FOR STATE HOUSE OF REPRESENTATIVES [QA 2026-05-26: 1964 fix per re-read of full-page editorial 19641031_v2] (garbled name corrected per editorial: ""11. Mary E. Beauchamp"")",0.6
NM,Albuquerque Tribune,128400,1964,STATE REP,12,,NM,"PRINCE, BRADFORD",,1,,,,RECOMMENDED FOR STATE HOUSE OF REPRESENTATIVES,0.8
NM,Albuquerque Tribune,128400,1964,STATE REP,13,,NM,"ROGERS, HAMILTON",,1,,,,RECOMMENDED FOR STATE HOUSE OF REPRESENTATIVES,0.8
NM,Albuquerque Tribune,128400,1964,STATE REP,14,,NM,"MATTSON, JOHN B.",,1,,,,RECOMMENDED FOR STATE HOUSE OF REPRESENTATIVES,0.75
NM,Albuquerque Tribune,128400,1964,STATE REP,15,,NM,"MOORE, DONALD",,1,,,,RECOMMENDED FOR STATE HOUSE OF REPRESENTATIVES,0.75
NM,Albuquerque Tribune,128400,1964,STATE REP,16,,NM,"PENA, JOHN",,1,,,,RECOMMENDED FOR STATE HOUSE OF REPRESENTATIVES,0.7
NM,Albuquerque Tribune,128400,1964,STATE REP,17,,NM,"HOOVER, THOMAS W.",,1,,,,RECOMMENDED FOR STATE HOUSE OF REPRESENTATIVES,0.75
NM,Albuquerque Tribune,128400,1964,STATE REP,18,,NM,"CARGO, DAVID F.",,1,,,,RECOMMENDED FOR STATE HOUSE OF REPRESENTATIVES,0.8
NM,Albuquerque Tribune,128400,1964,STATE REP,2,,NM,"DURAN, PETER C.",,1,,,,RECOMMENDED FOR STATE HOUSE OF REPRESENTATIVES,0.8
NM,Albuquerque Tribune,128400,1964,STATE REP,3,,NM,"BARBOA, EDDIE R.",,1,,,,RECOMMENDED FOR STATE HOUSE OF REPRESENTATIVES [QA 2026-05-26: 1964 fix per re-read of full-page editorial 19641031_v2] (OCR BAEA->BARBOA),0.75
NM,Albuquerque Tribune,128400,1964,STATE REP,4,,NM,"ROYBAL, BEN",,1,,,,RECOMMENDED FOR STATE HOUSE OF REPRESENTATIVES,0.8
NM,Albuquerque Tribune,128400,1964,STATE REP,5,,NM,"PORTER, FERN",,1,,,,RECOMMENDED FOR STATE HOUSE OF REPRESENTATIVES,0.8
NM,Albuquerque Tribune,128400,1964,STATE REP,6,,NM,"GONZALES, VICTOR JR.",,1,,,,"ENDORSED IN LAST LEGISLATIVE RUNNING IN DISTRICT 6 [QA 2026-05-26: 1964 fix per re-read of full-page editorial 19641031_v2] (d6 corrected per editorial ""6. Victor Gonzales Jr.""; original LUCERO ANTHONY A. was misextraction)",0.7
NM,Albuquerque Tribune,128400,1964,STATE REP,7,,NM,"STEELY, PHINEAS",,1,,,,"RECOMMENDED FOR STATE HOUSE OF REPRESENTATIVES [QA 2026-05-26: 1964 fix per re-read of full-page editorial 19641031_v2] (d7 corrected per editorial ""7. Phinney/Phineas Steely""; GONZALES was at d6)",0.8
NM,Albuquerque Tribune,128400,1964,STATE REP,8,,NM,"ECKERT, JOHN B.",,1,,,,RECOMMENDED FOR STATE HOUSE OF REPRESENTATIVES,0.8
NM,Albuquerque Tribune,128400,1964,STATE REP,9,,NM,"ROBB, RICHARD",,1,,,,"RECOMMENDED FOR STATE HOUSE OF REPRESENTATIVES [QA 2026-05-26: 1964 fix per re-read of full-page editorial 19641031_v2] (garbled name corrected per editorial: ""9. Richard Robb"")",0.75
NM,Albuquerque Tribune,128400,1964,SUPREME COURT,,,NM,"COMPTON, J.C.",,1,,,,SUPREME COURT JUSTICE J C COMPTON UNOPPOSED FOR RE-ELECTION [QA 2026-05-26: 1964 fix per re-read of full-page editorial 19641031_v2] (JUDGE->SUPREME COURT; editorial: Justice J.C. Compton unopposed for SC),0.9
NM,Albuquerque Tribune,128400,1964,SURVEYOR,,,NM,"BLEHER, WALLACE A.",,1,,,,RECOMMENDED FOR SURVEYOR [QA 2026-05-26: 1964 fix per re-read of full-page editorial 19641031_v2] (MERTZ->BLEHER per editorial),0.9
NM,Albuquerque Tribune,128400,1964,TREASURER,,,NM,"GRANT, JOSEPH",Democrat,1,,,,RECOMMENDED FOR TREASURER,0.9
NM,Albuquerque Tribune,128400,1966,CNTY COMM,,BERNALILLO COUNTY,NM,"BALCOMB, EDWARD V.",,1,,,,,0.92
NM,Albuquerque Tribune,128400,1966,CNTY COMM,,BERNALILLO COUNTY,NM,"BRUNACINI, VINCENT A.",,1,,,,,0.92
NM,Albuquerque Tribune,128400,1966,CNTY COMM,,BERNALILLO COUNTY,NM,"GOODMAN, GERALD",,1,,,,,0.92
NM,Albuquerque Tribune,128400,1966,DISTRICT COURT JUDGE,,2ND JUDICIAL DISTRICT,NM,"LARRAZOLO, PAUL F.",Republican,1,,,,ENDORSED FOR DISTRICT JUDGE,0.92
NM,Albuquerque Tribune,128400,1966,GOVERNOR,,,NM,"CARGO, DAVID F.",Republican,1,,,,ENDORSED FOR GOVERNOR,0.95
NM,Albuquerque Tribune,128400,1966,H,1,,NM,"MORRIS, THOMAS G.",Democrat,1,1,,,ENDORSED FOR US CONGRESS POSITION NO 1,0.95
NM,Albuquerque Tribune,128400,1966,PROBATE JUDGE,,PROBATE JUDGE BERNALILLO COUNTY,NM,"MABRY, SCOTT",Democrat,1,,,,[QA 2026-05-26: fixed per re-read of 19661107 'Vote for Progress' editorial] (JUDGE->PROBATE JUDGE),0.92
NM,Albuquerque Tribune,128400,1966,SENATOR,,,NM,"ANDERSON, CLINTON P.",Democrat,1,1,,,ENDORSED FOR US SENATOR,0.95
NM,Albuquerque Tribune,128400,1966,SHERIFF,,,NM,"HAY, LESTER",,1,,,,ENDORSED FOR SHERIFF,0.95
NM,Albuquerque Tribune,128400,1966,SMALL CLAIMS JUDGE,,SMALL CLAIMS COURT BERNALILLO COUNTY,NM,"GALLEGOS, ISIDORE",,1,,,,[QA 2026-05-26: fixed per re-read of 19661107 'Vote for Progress' editorial] (JUDGE->SMALL CLAIMS JUDGE),0.92
NM,Albuquerque Tribune,128400,1968,ATTORNEY GENERAL,,,NM,"CLEAR, THOMAS J. JR.",Republican,1,,,,ENDORSED FOR ATTORNEY GENERAL,1.0
NM,Albuquerque Tribune,128400,1968,AUDITOR,,,NM,"THOMPSON, HAROLD G.",Republican,1,,1,,INCUMBENT REPUBLICAN,1.0
NM,Albuquerque Tribune,128400,1968,CNTY CLERK,,,NM,"JARAMILLO, LUCY",Republican,1,,1,,INCUMBENT REPUBLICAN,1.0
NM,Albuquerque Tribune,128400,1968,CNTY COMM,1,,NM,"SMITH, WILLIS A. JR.",Republican,1,,,,COUNTY COMMISSIONER DISTRICT 1,1.0
NM,Albuquerque Tribune,128400,1968,CNTY COMM,2,,NM,"BALCOMB, EDWARD V.",Republican,1,,,,COUNTY COMMISSIONER DISTRICT 2,1.0
NM,Albuquerque Tribune,128400,1968,CNTY COMM,3,,NM,"VANCE, ROBERT L. SR.",Republican,1,,1,,INCUMBENT REPUBLICAN COUNTY COMMISSIONER DISTRICT 3,1.0
NM,Albuquerque Tribune,128400,1968,CNTY TREASURER,,,NM,"BISHOP, ROBBIN",Republican,1,,1,,INCUMBENT REPUBLICAN COUNTY TREASURER [QA 2026-05-26: reclassified TREASURER->CNTY TREASURER; editorial says ROBBIN BISHOP is County Treasurer (Kornegay is State Treasurer)],1.0
NM,Albuquerque Tribune,128400,1968,CORPORATION COMMISSIONER,,,NM,"ROGERS, HAMILTON",Republican,1,,,,ENDORSED FOR CORPORATION COMMISSIONER,1.0
NM,Albuquerque Tribune,128400,1968,COURT OF APPEALS,,,NM,"HENDLEY, WILLIAM R.",Democrat,1,,,,ENDORSED FOR COURT OF APPEALS,0.92
NM,Albuquerque Tribune,128400,1968,COURT OF APPEALS,,,NM,"OMAN, LAFEL E.",Democrat,1,1,,,ENDORSED FOR COURT OF APPEALS; INCUMBENT,0.92
NM,Albuquerque Tribune,128400,1968,COURT OF APPEALS,,,NM,"SPIESS, WALDO",Democrat,1,1,,,ENDORSED FOR COURT OF APPEALS; INCUMBENT,0.92
NM,Albuquerque Tribune,128400,1968,COURT OF APPEALS,,,NM,"WOOD, JOE W.",Democrat,1,1,,,ENDORSED FOR COURT OF APPEALS; INCUMBENT,0.92
NM,Albuquerque Tribune,128400,1968,DA/PROSECUTOR,,,NM,"SCERESSE, ALEXANDER F.",Democrat,1,1,,,INCUMBENT DEMOCRAT DISTRICT ATTORNEY,1.0
NM,Albuquerque Tribune,128400,1968,GOVERNOR,,,NM,"CHAVEZ, FABIAN JR.",Democrat,1,,,,ENDORSED FOR GOVERNOR,1.0
NM,Albuquerque Tribune,128400,1968,H,1,,NM,"MORRIS, THOMAS G.",Democrat,1,1,,,RUNNING FOR HIS SIXTH TERM,1.0
NM,Albuquerque Tribune,128400,1968,H,2,,NM,"WALKER, E. S. ""JOHNNY""",Democrat,1,1,,,3RD TERM.,0.92
NM,Albuquerque Tribune,128400,1968,JUDGE,,,NM,"CHRISTENSEN, ROBERT L.",Republican,1,,,,PROBATE JUDGE; UNOPPOSED,1.0
NM,Albuquerque Tribune,128400,1968,JUDGE,Division 3,,NM,"ESPINOSA, GILBERTO",Democrat,1,,,,DISTRICT MAGISTRATE DIVISION 3,0.95
NM,Albuquerque Tribune,128400,1968,JUDGE,Division 4,,NM,"STRONG, ADDISON",Republican,1,,,,DISTRICT MAGISTRATE DIVISION 4,0.95
NM,Albuquerque Tribune,128400,1968,LAND COMMISSIONER,,,NM,"OBERG, ALFRED H. JR.",Republican,1,,,,ENDORSED FOR LAND COMMISSIONER,1.0
NM,Albuquerque Tribune,128400,1968,LT GOVERNOR,,,NM,"ALARID, MICHAEL",Democrat,1,,,,ENDORSED FOR LIEUTENANT GOVERNOR,1.0
NM,Albuquerque Tribune,128400,1968,PRESIDENT,,,NM,"NIXON, RICHARD M.",Republican,1,,,,ENDORSED FOR PRESIDENT WITH AGNEW,1.0
NM,Albuquerque Tribune,128400,1968,SEC OF STATE,,,NM,"EVANS, ERNESTINE D.",Democrat,1,1,,,INCUMBENT DEMOCRAT,1.0
NM,Albuquerque Tribune,128400,1968,SHERIFF,,,NM,"HAY, LESTER W.",Republican,1,,,,ENDORSED FOR SHERIFF,1.0
NM,Albuquerque Tribune,128400,1968,STATE BOARD OF ED,,,NM,"COMSTOCK, FREDERIC G.",Republican,1,,1,,Incumbent,0.92
NM,Albuquerque Tribune,128400,1968,STATE REP,1,,NM,"MILLER, J. CLELL",Democrat,1,,,,STATE REP DISTRICT 1,1.0
NM,Albuquerque Tribune,128400,1968,STATE REP,10,,NM,"JORDAN, ROBERT",Republican,1,,,,STATE REP DISTRICT 10,1.0
NM,Albuquerque Tribune,128400,1968,STATE REP,12,,NM,"PRINCE, BRADFORD H.",Republican,1,,,,STATE REP DISTRICT 12,1.0
NM,Albuquerque Tribune,128400,1968,STATE REP,14,,NM,"NEFF, DAN E.",Democrat,1,,,,STATE REP DISTRICT 14 [QA 2026-05-26: corrected from DANE to DAN E. per editorial reading],0.85
NM,Albuquerque Tribune,128400,1968,STATE REP,15,,NM,"GASE, GEORGE",Republican,1,,,,STATE REP DISTRICT 15,1.0
NM,Albuquerque Tribune,128400,1968,STATE REP,16,,NM,"PEIRCE, EUGENE",Republican,1,,,,STATE REP DISTRICT 16,1.0
NM,Albuquerque Tribune,128400,1968,STATE REP,17,,NM,"HOOVER, THOMAS W.",Republican,1,,,,STATE REP DISTRICT 17,1.0
NM,Albuquerque Tribune,128400,1968,STATE REP,18,,NM,"COAN, JOHN V.",Democrat,1,,,,STATE REP DISTRICT 18,1.0
NM,Albuquerque Tribune,128400,1968,STATE REP,2,,NM,"ARAGON, BENNIE J.",Democrat,1,,,,STATE REP DISTRICT 2,1.0
NM,Albuquerque Tribune,128400,1968,STATE REP,3,,NM,"GARCIA, RAYMOND",Democrat,1,,,,STATE REP DISTRICT 3,1.0
NM,Albuquerque Tribune,128400,1968,STATE REP,4,,NM,"PADILLA, ANDY C.",Republican,1,,,,STATE REP DISTRICT 4,1.0
NM,Albuquerque Tribune,128400,1968,STATE REP,5,,NM,"CINELLI, EUGENE R.",Democrat,1,,,,STATE REP DISTRICT 5,1.0
NM,Albuquerque Tribune,128400,1968,STATE REP,6,,NM,"MONDRAGON, ROBERT A.",Democrat,1,,,,STATE REP DISTRICT 6,1.0
NM,Albuquerque Tribune,128400,1968,STATE REP,8,,NM,"SALAZ, GIL",Republican,1,,,,STATE REP DISTRICT 8,1.0
NM,Albuquerque Tribune,128400,1968,STATE REP,9,,NM,"DUNNE, ED",Republican,1,,,,STATE REP DISTRICT 9,1.0
NM,Albuquerque Tribune,128400,1968,SUPREME COURT,,,NM,"ARMIJO, ROBERTO L.",Republican,1,,,,ENDORSED FOR SUPREME COURT JUSTICE,0.92
NM,Albuquerque Tribune,128400,1968,TREASURER,,,NM,"KORNEGAY, JESSE D.",Democrat,1,,,,ENDORSED FOR STATE TREASURER,1.0
NM,Albuquerque Tribune,128400,1968,VICE PRESIDENT,,,NM,"AGNEW, SPIRO T.",Republican,1,,,,ENDORSED FOR VICE PRESIDENT WITH NIXON,1.0
NM,Albuquerque Tribune,128400,1970,ASSESSOR,,BERNALILLO COUNTY,NM,"VANCE, THOMAS R. SR.",,1,,,,,0.92
NM,Albuquerque Tribune,128400,1970,AUDITOR,,,NM,"HUMPHREY, LARRY M.",,1,,,,,0.92
NM,Albuquerque Tribune,128400,1970,CNTY CLERK,,,NM,"GONZALES, EMMA J.",,1,,,,COUNTY CLERK,0.95
NM,Albuquerque Tribune,128400,1970,CNTY COMM,1,BERNALILLO COUNTY,NM,"SMITH, WILLIS A. JR.",,1,,,,,0.92
NM,Albuquerque Tribune,128400,1970,CNTY COMM,2,BERNALILLO COUNTY,NM,"ROBERTSON, GARLAN B.",,1,,,,,0.92
NM,Albuquerque Tribune,128400,1970,CNTY TREASURER,,BERNALILLO COUNTY,NM,"HUFFMAN, LEO E.",,1,,,,COUNTY TREASURER,0.92
NM,Albuquerque Tribune,128400,1970,CORPORATION COMMISSIONER,,,NM,"CROSS, FLOYD",,1,,,,STATE CORPORATION COMMISSION,0.9
NM,Albuquerque Tribune,128400,1970,COURT OF APPEALS,,,NM,"HENDLEY, WILLIAM R.",Democrat,1,1,,,UNOPPOSED.,0.92
NM,Albuquerque Tribune,128400,1970,DISTRICT COURT JUDGE,2-V,,NM,"FOWLIE, GERALD DONLON",Republican,1,,,,DISTRICT JUDGE DIVISION V-1,0.92
NM,Albuquerque Tribune,128400,1970,GOVERNOR,,,NM,"DOMENICI, PETE V.",Republican,1,,,,ENDORSED FOR GOVERNOR,1.0
NM,Albuquerque Tribune,128400,1970,H,1,,NM,"LUJAN, MANUEL JR.",Republican,1,,1,,US REPRESENTATIVE DISTRICT 1,1.0
NM,Albuquerque Tribune,128400,1970,H,2,,NM,"FOREMAN, ED",Republican,1,,,,US REPRESENTATIVE DISTRICT 2,0.95
NM,Albuquerque Tribune,128400,1970,JUDGE,Division VII,,NM,"MALONEY, JAMES",,1,,,,DISTRICT JUDGE DIVISION VII; UNOPPOSED,0.9
NM,Albuquerque Tribune,128400,1970,JUDGE,Division VIII,,NM,"PAYNE, H. VERN",Democrat,1,,,,DISTRICT JUDGE DIVISION VIII; BOTH PAYNE AND RAWSEN APPROVED,0.95
NM,Albuquerque Tribune,128400,1970,JUDGE,Division VIII,,NM,"RAWSON, CHARLES W.",Republican,1,,,,DISTRICT JUDGE DIVISION VIII; BOTH PAYNE AND RAWSEN APPROVED [QA 2026-05-26: corrected RAWSEN->RAWSON per editorial],0.95
NM,Albuquerque Tribune,128400,1970,LAND COMMISSIONER,,,NM,"ARMIJO, ALEX J.",Democrat,1,,,,,0.92
NM,Albuquerque Tribune,128400,1970,LT GOVERNOR,,,NM,"SKEEN, JOSEPH R.",Republican,1,,,,ENDORSED FOR LIEUTENANT GOVERNOR,1.0
NM,Albuquerque Tribune,128400,1970,SEC OF STATE,,,NM,"FIORINA, BETTY",Democrat,1,,,,,0.92
NM,Albuquerque Tribune,128400,1970,SHERIFF,,,NM,"HAY, LESTER",,1,,,,COUNTY SHERIFF,0.95
NM,Albuquerque Tribune,128400,1970,STATE REP,1,,NM,"SANCHEZ, RAYMOND G.",,1,,,,,0.92
NM,Albuquerque Tribune,128400,1970,STATE REP,10,,NM,"JORDAN, ROBERT D.",,1,,,,,0.92
NM,Albuquerque Tribune,128400,1970,STATE REP,11,,NM,"STAHL, JACK L.",,1,,,,,0.92
NM,Albuquerque Tribune,128400,1970,STATE REP,12,,NM,"PRINCE, BRADFORD H.",,1,,,,,0.92
NM,Albuquerque Tribune,128400,1970,STATE REP,13,,NM,"BRANCH, TURNER W.",,1,,,,,0.92
NM,Albuquerque Tribune,128400,1970,STATE REP,14,,NM,"ABEYTA, ALEX JR.",,1,,,,,0.92
NM,Albuquerque Tribune,128400,1970,STATE REP,15,,NM,"OWENS, WILLIAM T.",,1,,,,,0.92
NM,Albuquerque Tribune,128400,1970,STATE REP,16,,NM,"ALLEN, DON L.",,1,,,,,0.92
NM,Albuquerque Tribune,128400,1970,STATE REP,17,,NM,"HOOVER, THOMAS W.",,1,,,,,0.92
NM,Albuquerque Tribune,128400,1970,STATE REP,18,,NM,"CAUDELL, JAMES A.",,1,,,,UNOPPOSED.,0.92
NM,Albuquerque Tribune,128400,1970,STATE REP,2,,NM,"ARAGON, BENNIE J.",Democrat,1,,,,,0.92
NM,Albuquerque Tribune,128400,1970,STATE REP,3,,NM,"ROMERO, BUDDY JOE L.",,1,,,,,0.92
NM,Albuquerque Tribune,128400,1970,STATE REP,4,,NM,"ROYBAL, BEN",,1,,,,,0.92
NM,Albuquerque Tribune,128400,1970,STATE REP,5,,NM,"CINELLI, EUGENE R.",,1,,,,,0.92
NM,Albuquerque Tribune,128400,1970,STATE REP,6,,NM,"SAAVEDRA, CARLOS",,1,,,,,0.92
NM,Albuquerque Tribune,128400,1970,STATE REP,7,,NM,"DAVIDSON, BETTY",,1,,,,,0.92
NM,Albuquerque Tribune,128400,1970,STATE REP,8,,NM,"LYON, DANIEL",,1,,,,,0.92
NM,Albuquerque Tribune,128400,1970,STATE REP,9,,NM,"MALRY, LENTON",,1,,,,,0.92
NM,Albuquerque Tribune,128400,1970,STATE SENATOR,33,,NM,"BARBOA, EDDIE R.",,1,,,,,0.92
NM,Albuquerque Tribune,128400,1970,STATE SENATOR,35,,NM,"MEAD, ED V.",,1,,,,,0.92
NM,Albuquerque Tribune,128400,1970,STATE SENATOR,37,,NM,"SHAFFER, GEORGE R.",,1,,,,,0.92
NM,Albuquerque Tribune,128400,1970,STATE SENATOR,39,,NM,"IRICK, JOHN B.",,1,,,,,0.92
NM,Albuquerque Tribune,128400,1970,STATE SENATOR,40,,NM,"BARTLETT, FRANK EDWARD",,1,,,,,0.92
NM,Albuquerque Tribune,128400,1970,STATE SENATOR,41,,NM,"SEGO, WILLIAM A.",,1,,,,,0.92
NM,Albuquerque Tribune,128400,1970,SUPREME COURT,,,NM,"WATSON, JOHN T.",Republican,1,,,,4-YEAR TERM.,0.92
NM,Albuquerque Tribune,128400,1970,SUPREME COURT,POSITION 1,,NM,"MCKENNA, THOMAS F.",,1,,,,8-YEAR TERM.,0.92
NM,Albuquerque Tribune,128400,1970,SUPREME COURT,POSITION 2,,NM,"SISK, DANIEL A.",Democrat,1,,,,8-YEAR TERM.,0.92
NM,Albuquerque Tribune,128400,1970,TREASURER,,,NM,"HESS, LAWRENCE BLAINE",Democrat,1,,,,,0.92
NM,Albuquerque Tribune,128400,1972,ASSESSOR,,,NM,"WORMAN, VERNON H.",Republican,1,,,,COUNTY ASSESSOR,1.0
NM,Albuquerque Tribune,128400,1972,CNTY CLERK,,,NM,"GONZALEZ, EMMA J.",Republican,1,,1,,INCUMBENT COUNTY CLERK,1.0
NM,Albuquerque Tribune,128400,1972,CNTY COMM,1,,NM,"MORRIS, JAMES P. CORKY",Republican,1,,,,COUNTY COMMISSIONER DISTRICT 1,1.0
NM,Albuquerque Tribune,128400,1972,CNTY COMM,2,,NM,"MCCULLOCH, A. SKEET JR.",Republican,1,,,,COUNTY COMMISSIONER DISTRICT 2,1.0
NM,Albuquerque Tribune,128400,1972,CNTY COMM,3,,NM,"JARAMILLO, LUCY",Republican,1,,,,COUNTY COMMISSIONER DISTRICT 3,1.0
NM,Albuquerque Tribune,128400,1972,CNTY TREASURER,,,NM,"HUFFMAN, LEO E.",Republican,1,,1,,INCUMBENT COUNTY TREASURER [QA 2026-05-26: 1972 office/party fix per re-read of 19721103 editorial] (TREASURER->CNTY TREASURER),1.0
NM,Albuquerque Tribune,128400,1972,CORPORATION COMMISSIONER,,,NM,"FERGUSON, COLUMBUS",Democrat,1,,,,STATE CORPORATION COMMISSION,1.0
NM,Albuquerque Tribune,128400,1972,COURT OF APPEALS,2-yr unexpired,,NM,"SUTIN, LEWIS R.",Democrat,1,,,,COURT OF APPEALS 2-YEAR UNEXPIRED TERM [QA 2026-05-26: 1972 office/party fix per re-read of 19721103 editorial] (JUDGE->COURT OF APPEALS),1.0
NM,Albuquerque Tribune,128400,1972,COURT OF APPEALS,4-yr unexpired,,NM,"LOPEZ, RAMON",Democrat,1,,,,COURT OF APPEALS 4-YEAR UNEXPIRED TERM; UNOPPOSED [QA 2026-05-26: 1972 office/party fix per re-read of 19721103 editorial] (JUDGE->COURT OF APPEALS),1.0
NM,Albuquerque Tribune,128400,1972,COURT OF APPEALS,8-yr term,,NM,"WOOD, JOE W.",Democrat,1,,,,COURT OF APPEALS 8-YEAR TERM; UNOPPOSED [QA 2026-05-26: 1972 office/party fix per re-read of 19721103 editorial] (JUDGE->COURT OF APPEALS),1.0
NM,Albuquerque Tribune,128400,1972,DA/PROSECUTOR,,,NM,"BRANDENBURG, JAMES L.",Democrat,1,,,,DISTRICT ATTORNEY,1.0
NM,Albuquerque Tribune,128400,1972,DISTRICT COURT JUDGE,2-1,,NM,"STOWERS, HARRY E. JR.",Democrat,1,,,,DISTRICT JUDGE DIVISION I [QA 2026-05-26: 1972 office/party fix per re-read of 19721103 editorial] (JUDGE Division X -> DISTRICT COURT JUDGE 2-N),1.0
NM,Albuquerque Tribune,128400,1972,DISTRICT COURT JUDGE,2-2,,NM,"BACA, JOSEPH F.",Democrat,1,,,,DISTRICT JUDGE DIVISION II [QA 2026-05-26: 1972 office/party fix per re-read of 19721103 editorial] (JUDGE Division X -> DISTRICT COURT JUDGE 2-N),1.0
NM,Albuquerque Tribune,128400,1972,DISTRICT COURT JUDGE,2-3,,NM,"RYAN, JOSEPH C.",Republican,1,,,,DISTRICT JUDGE DIVISION III [QA 2026-05-26: 1972 office/party fix per re-read of 19721103 editorial] (JUDGE Division X -> DISTRICT COURT JUDGE 2-N),1.0
NM,Albuquerque Tribune,128400,1972,DISTRICT COURT JUDGE,2-4,,NM,"RIORDAN, WILLIAM F.",Republican,1,,,,DISTRICT JUDGE DIVISION IV [QA 2026-05-26: 1972 office/party fix per re-read of 19721103 editorial] (JUDGE Division X -> DISTRICT COURT JUDGE 2-N),1.0
NM,Albuquerque Tribune,128400,1972,DISTRICT COURT JUDGE,2-5,,NM,"FOWLIE, GERALD D.",Republican,1,1,,,JUDGE GERALD D FOWLIE DIVISION V [QA 2026-05-26: 1972 office/party fix per re-read of 19721103 editorial] (JUDGE Division X -> DISTRICT COURT JUDGE 2-N),1.0
NM,Albuquerque Tribune,128400,1972,DISTRICT COURT JUDGE,2-6,,NM,"LARRAZOLO, PAUL F.",Republican,1,1,,,JUDGE PAUL F LARRAZOLO DIVISION VI; UNOPPOSED [QA 2026-05-26: 1972 office/party fix per re-read of 19721103 editorial] (JUDGE Division X -> DISTRICT COURT JUDGE 2-N),1.0
NM,Albuquerque Tribune,128400,1972,DISTRICT COURT JUDGE,2-7,,NM,"MALONEY, JAMES A.",Democrat,1,1,,,JUDGE JAMES A MALONEY DIVISION VII [QA 2026-05-26: 1972 office/party fix per re-read of 19721103 editorial] (JUDGE Division X -> DISTRICT COURT JUDGE 2-N),1.0
NM,Albuquerque Tribune,128400,1972,DISTRICT COURT JUDGE,2-8,,NM,"PAYNE, H. VERN",Democrat,1,1,,,JUDGE H VERN PAYNE DIVISION VIII; UNOPPOSED [QA 2026-05-26: 1972 office/party fix per re-read of 19721103 editorial] (JUDGE Division X -> DISTRICT COURT JUDGE 2-N),1.0
NM,Albuquerque Tribune,128400,1972,H,1,,NM,"LUJAN, MANUEL JR.",Republican,1,,1,,US CONGRESS DISTRICT 1,1.0
NM,Albuquerque Tribune,128400,1972,H,2,,NM,"RUNNELS, HAROLD",Democrat,1,,,,US CONGRESS DISTRICT 2,1.0
NM,Albuquerque Tribune,128400,1972,PRESIDENT,,,NM,"NIXON, RICHARD M.",Republican,1,,1,,ENDORSED FOR PRESIDENT WITH AGNEW,1.0
NM,Albuquerque Tribune,128400,1972,PROBATE JUDGE,,,NM,"CHRISTENSEN, ROBERT L.",Republican,1,,,,PROBATE JUDGE [QA 2026-05-26: 1972 office/party fix per re-read of 19721103 editorial] (JUDGE->PROBATE JUDGE; editorial: Probate Judge),1.0
NM,Albuquerque Tribune,128400,1972,SENATOR,,,NM,"DOMENICI, PETE V.",Republican,1,,,,ENDORSED FOR US SENATE,1.0
NM,Albuquerque Tribune,128400,1972,SHERIFF,,,NM,"HAY, LESTER W.",Republican,1,,,,COUNTY SHERIFF,1.0
NM,Albuquerque Tribune,128400,1972,SMALL CLAIMS JUDGE,,,NM,"SPEER, JOHN B.",Democrat,1,1,,,INCUMBENT SMALL CLAIMS COURT JUDGE [QA 2026-05-26: 1972 office/party fix per re-read of 19721103 editorial] (JUDGE->SMALL CLAIMS JUDGE; editorial: Small Claims Court Judge),1.0
NM,Albuquerque Tribune,128400,1972,STATE BOARD OF ED,1,,NM,"GARCIA, SHEILA P.",Republican,1,,,,STATE BOARD OF EDUCATION DISTRICT 1,1.0
NM,Albuquerque Tribune,128400,1972,STATE BOARD OF ED,2,,NM,"PRENTICE, BONNIE G.",Democrat,1,,,,STATE BOARD OF EDUCATION DISTRICT 2,1.0
NM,Albuquerque Tribune,128400,1972,STATE BOARD OF ED,3,,NM,"COMSTOCK, FREDERIC G.",Republican,1,,1,,INCUMBENT REPUBLICAN STATE BOARD OF EDUCATION DIST 3,1.0
NM,Albuquerque Tribune,128400,1972,STATE REP,10,,NM,"ROYBAL, BEN F.",Democrat,1,1,,,STATE REP DIST 10; UNOPPOSED,1.0
NM,Albuquerque Tribune,128400,1972,STATE REP,11,,NM,"LYON, DANIEL F.",Democrat,1,1,,,STATE REP DIST 11,1.0
NM,Albuquerque Tribune,128400,1972,STATE REP,12,,NM,"GARCIA, RAYMOND D.",Democrat,1,,,,STATE REP DIST 12,1.0
NM,Albuquerque Tribune,128400,1972,STATE REP,13,,NM,"ARAGON, BENNIE J.",Democrat,1,,,,STATE REP DIST 13,1.0
NM,Albuquerque Tribune,128400,1972,STATE REP,14,,NM,"CINELLI, EUGENE R.",Democrat,1,1,,,STATE REP DIST 14; UNOPPOSED,1.0
NM,Albuquerque Tribune,128400,1972,STATE REP,15,,NM,"SANCHEZ, RAYMOND G.",Democrat,1,,,,STATE REP DIST 15,1.0
NM,Albuquerque Tribune,128400,1972,STATE REP,16,,NM,"GARCIA, HARRY J.",Republican,1,,,,STATE REP DIST 16,1.0
NM,Albuquerque Tribune,128400,1972,STATE REP,17,,NM,"CHAVEZ, FRED JR.",Democrat,1,,,,STATE REP DIST 17,1.0
NM,Albuquerque Tribune,128400,1972,STATE REP,18,,NM,"MALRY, LENTON",Democrat,1,,,,STATE REP DIST 18,1.0
NM,Albuquerque Tribune,128400,1972,STATE REP,19,,NM,"PETERSON, V. JOYCE",Republican,1,,,,STATE REP DIST 19,1.0
NM,Albuquerque Tribune,128400,1972,STATE REP,20,,NM,"JORDAN, ROBERT",Republican,1,,,,STATE REP DIST 20,1.0
NM,Albuquerque Tribune,128400,1972,STATE REP,21,,NM,"LOGAN, MARJORIE B.",Republican,1,,,,EITHER WARREN OR LOGAN ENDORSED,0.9
NM,Albuquerque Tribune,128400,1972,STATE REP,21,,NM,"WARREN, WILLIAM E.",Democrat,1,1,,,REP. WILLIAM E WARREN OR LOGAN; EITHER ENDORSED,0.9
NM,Albuquerque Tribune,128400,1972,STATE REP,22,,NM,"RADOSEVICH, JOHN M.",Democrat,1,1,,,REP. RADOSEVICH OR REVEAL; EITHER ENDORSED,0.9
NM,Albuquerque Tribune,128400,1972,STATE REP,22,,NM,"REVEAL, STEVEN L.",Republican,1,,,,EITHER RADOSEVICH OR REVEAL ENDORSED,0.9
NM,Albuquerque Tribune,128400,1972,STATE REP,23,,NM,"BRANCH, TURNER W.",,1,1,,,REP TURNER W BRANCH STATE REP DIST 23,0.95
NM,Albuquerque Tribune,128400,1972,STATE REP,24,,NM,"RHODES, VIRGIL",Republican,1,,,,REP VIRGIL RHODES STATE REP DIST 24,1.0
NM,Albuquerque Tribune,128400,1972,STATE REP,25,,NM,"CHAPLIN, RONALD L.",Republican,1,,,,STATE REP DIST 25,1.0
NM,Albuquerque Tribune,128400,1972,STATE REP,26,,NM,"GRANT, PHILIP R.",Republican,1,,,,STATE REP DIST 26,1.0
NM,Albuquerque Tribune,128400,1972,STATE REP,27,,NM,"HOOVER, THOMAS W.",Republican,1,1,,,REP. THOMAS W. HOOVER UNOPPOSED,1.0
NM,Albuquerque Tribune,128400,1972,STATE REP,28,,NM,"CAUDELL, JAMES A.",Republican,1,1,,,REP. JAMES A. CAUDELL UNOPPOSED,1.0
NM,Albuquerque Tribune,128400,1972,STATE REP,29,,NM,"BALTZ, KEITH R.",Republican,1,,,,STATE REP DIST 29,1.0
NM,Albuquerque Tribune,128400,1972,STATE REP,30,,NM,"OCKSRIDER, CHARLES B.",Republican,1,,,,STATE REP DIST 30,1.0
NM,Albuquerque Tribune,128400,1972,STATE REP,31,,NM,"HILL, STUART C.",Republican,1,,,,STATE REP DIST 31,1.0
NM,Albuquerque Tribune,128400,1972,STATE SENATOR,10,,NM,"DOW, R. LEO",Republican,1,1,,,STATE SENATE DISTRICT 10 [QA 2026-05-26: 1972 office/party fix per re-read of 19721103 editorial] (party D->R),1.0
NM,Albuquerque Tribune,128400,1972,STATE SENATOR,12,,NM,"MICHELSON, DOUGLAS J.",Democrat,1,,,,STATE SENATE DISTRICT 12,1.0
NM,Albuquerque Tribune,128400,1972,STATE SENATOR,13,,NM,"ARAGON, GILBERT T.",Republican,1,,,,STATE SENATE DISTRICT 13,1.0
NM,Albuquerque Tribune,128400,1972,STATE SENATOR,15,,NM,"MOISE, JACK N.",Democrat,1,,,,STATE SENATE DISTRICT 15,1.0
NM,Albuquerque Tribune,128400,1972,STATE SENATOR,16,,NM,"DAVIDSON, ROBERT C.",Republican,1,,,,STATE SENATE DISTRICT 16,1.0
NM,Albuquerque Tribune,128400,1972,STATE SENATOR,18,,NM,"SEGO, WILLIAM A.",Republican,1,1,,,STATE SENATE DISTRICT 18; SEN. SEGO INCUMBENT [QA 2026-05-26: 1972 office/party fix per re-read of 19721103 editorial] (party D->R),1.0
NM,Albuquerque Tribune,128400,1972,STATE SENATOR,20,,NM,"IRICK, JOHN B.",Republican,1,1,,,SEN. IRICK STATE SENATE DISTRICT 20; UNOPPOSED,0.95
NM,Albuquerque Tribune,128400,1972,STATE SENATOR,21,,NM,"GROSS, FRED A. JR.",Republican,1,,1,,SEN. GROSS STATE SENATE DISTRICT 21,1.0
NM,Albuquerque Tribune,128400,1972,STATE SENATOR,22,,NM,"BECHT, PAUL F.",Republican,1,,,,STATE SENATE DISTRICT 22,1.0
NM,Albuquerque Tribune,128400,1972,STATE SENATOR,9,,NM,"MONTOYA, A.T.",Democrat,1,1,,,INCUMBENT SEN A.T. MONTOYA STATE SENATE DIST 9,1.0
NM,Albuquerque Tribune,128400,1972,SUPREME COURT,Position 1,,NM,"MARTINEZ, JOE L.",Democrat,1,,,,SUPREME COURT JUSTICE POSITION 1 [QA 2026-05-26: 1972 office/party fix per re-read of 19721103 editorial] (JUDGE->SUPREME COURT),1.0
NM,Albuquerque Tribune,128400,1972,SUPREME COURT,Position 2,,NM,"MONTOYA, SAMUEL Z.",Democrat,1,,,,SUPREME COURT JUSTICE POSITION 2 [QA 2026-05-26: 1972 office/party fix per re-read of 19721103 editorial] (JUDGE->SUPREME COURT),1.0
NM,Albuquerque Tribune,128400,1972,VICE PRESIDENT,,,NM,"AGNEW, SPIRO T.",Republican,1,,1,,ENDORSED FOR VICE PRESIDENT WITH NIXON,1.0
NM,Albuquerque Tribune,128400,1976,ASSESSOR,,,NM,"MARTINEZ, CHARLES R.",Democrat,1,,,,,0.9
NM,Albuquerque Tribune,128400,1976,CNTY CLERK,,,NM,"GONZALES, EMMA C.",Democrat,1,1,,,Incumbent,0.92
NM,Albuquerque Tribune,128400,1976,CNTY COMM,3,,NM,"CAIRD, R. BRUCE",Republican,1,,,,,0.9
NM,Albuquerque Tribune,128400,1976,CNTY COMM,4,,NM,"SIMMONS, WRAY L.",Republican,1,,,,,0.92
NM,Albuquerque Tribune,128400,1976,CNTY TREASURER,,,NM,"EICHENBERG, P. TIMOTHY",Democrat,1,1,,,Incumbent,0.9
NM,Albuquerque Tribune,128400,1976,DA/PROSECUTOR,,,NM,"STONE, GARY V.",Republican,1,,,,,0.92
NM,Albuquerque Tribune,128400,1976,H,1,,NM,"LUJAN, MANUEL JR.",Republican,1,,1,,Incumbent,0.92
NM,Albuquerque Tribune,128400,1976,H,2,,NM,"RUNNELS, HAROLD",Democrat,1,1,,,Incumbent,0.92
NM,Albuquerque Tribune,128400,1976,PRESIDENT,,,NM,"FORD, GERALD R.",Republican,1,,1,,Incumbent President,0.92
NM,Albuquerque Tribune,128400,1976,RAILROAD COMMISSION,,,NM,"ELLIOTT, JOHN A.",Democrat,1,1,,,Corporation Commissioner; incumbent,0.9
NM,Albuquerque Tribune,128400,1976,SENATOR,,,NM,"SCHMITT, HARRISON ""JACK""",Republican,1,,,,,0.92
NM,Albuquerque Tribune,128400,1976,SHERIFF,,SANDOVAL COUNTY,NM,"GONZALES, RUDY O.",American Independent,1,,,,Sandoval County Sheriff,0.85
NM,Albuquerque Tribune,128400,1976,SHERIFF,,,NM,"KLEIN, RICHARD L.",Republican,1,,,,,0.92
NM,Albuquerque Tribune,128400,1976,STATE REP,10,,NM,"SAAVEDRA, HENRY ""KIKI""",,1,,,,,0.9
NM,Albuquerque Tribune,128400,1976,STATE REP,11,,NM,"LYON, DANIEL",Democrat,1,1,,,Incumbent,0.9
NM,Albuquerque Tribune,128400,1976,STATE REP,13,,NM,"ARAGON, BENNIE J.",Democrat,1,1,,,Incumbent,0.9
NM,Albuquerque Tribune,128400,1976,STATE REP,15,,NM,"EASTHAM, HESTER F.",Republican,1,,,,"RECAP: STATE HOUSE DISTRICT 15, HESTER F. EASTHAM (1976-NOV-01 RECAP, DIST-FIX VERIFIED FROM CLIPPING).",0.92
NM,Albuquerque Tribune,128400,1976,STATE REP,17,,NM,"CHAVEZ, FRANK V.",Republican,1,,,,,0.85
NM,Albuquerque Tribune,128400,1976,STATE REP,18,,NM,"MALRY, LENTON",Democrat,1,1,,,Incumbent; or Juan Raigoza (R),0.85
NM,Albuquerque Tribune,128400,1976,STATE REP,18,,NM,"RAIGOZA, JUAN",Republican,1,,,,Co-endorsement with Lenton Malry,0.85
NM,Albuquerque Tribune,128400,1976,STATE REP,19,,NM,"RUSK, DAVID P.",Democrat,1,1,,,Incumbent,0.92
NM,Albuquerque Tribune,128400,1976,STATE REP,22,,NM,"KERLEY, ED",Republican,1,,,,,0.85
NM,Albuquerque Tribune,128400,1976,STATE REP,23,,NM,"PENA, DENNIS S.",Democrat,1,1,,,Incumbent,0.9
NM,Albuquerque Tribune,128400,1976,STATE REP,24,,NM,"CAMPBELL, CHARLES C.",Democrat,1,,,,,0.85
NM,Albuquerque Tribune,128400,1976,STATE REP,25,,NM,"THOMPSON, JOHN L.",Democrat,1,,,,,0.85
NM,Albuquerque Tribune,128400,1976,STATE REP,26,,NM,"GRANT, PHILIP R. ""BOB""",Republican,1,,1,,Incumbent,0.9
NM,Albuquerque Tribune,128400,1976,STATE REP,27,,NM,"CATES, C. BRAD",Republican,1,,1,,Incumbent,0.92
NM,Albuquerque Tribune,128400,1976,STATE REP,28,,NM,"CAUDELL, JAMES A.",Republican,1,,1,,Incumbent,0.92
NM,Albuquerque Tribune,128400,1976,STATE REP,29,,NM,"REAVES, J. RALPH",Republican,1,,,,,0.88
NM,Albuquerque Tribune,128400,1976,STATE REP,30,,NM,"MCMULLAN, JOHN J.",Republican,1,,,,,0.9
NM,Albuquerque Tribune,128400,1976,STATE REP,31,,NM,"BIER, ANN",Republican,1,,,,"RECAP: STATE HOUSE DISTRICT 31, ANN BIER (R) (1976-NOV-01 RECAP, PARTY-FIX VERIFIED FROM CLIPPING).",0.92
NM,Albuquerque Tribune,128400,1976,STATE SENATOR,10,,NM,"DOW, R. LEO",Republican,1,,1,,Or Albert Gurule (D); incumbent R. Leo Dow,0.85
NM,Albuquerque Tribune,128400,1976,STATE SENATOR,10,,NM,"GURULE, ALBERT",Democrat,1,,,,Co-endorsement with R. Leo Dow,0.85
NM,Albuquerque Tribune,128400,1976,STATE SENATOR,12,,NM,"ALARID, MICHAEL",Democrat,1,,,,,0.9
NM,Albuquerque Tribune,128400,1976,STATE SENATOR,13,,NM,"CHAVEZ, TITO D.",Democrat,1,,,,,0.9
NM,Albuquerque Tribune,128400,1976,STATE SENATOR,15,,NM,"PEIRONNET, JAMES S. JR.",,1,,,,,0.85
NM,Albuquerque Tribune,128400,1976,STATE SENATOR,16,,NM,"CRAWFORD, KELLY A.",Republican,1,,,,,0.9
NM,Albuquerque Tribune,128400,1976,STATE SENATOR,17,,NM,"THOMPSON, DONALD L.",,1,,,,,0.85
NM,Albuquerque Tribune,128400,1976,STATE SENATOR,18,,NM,"VALENTINE, WILLIAM R.",Republican,1,,,,,0.9
NM,Albuquerque Tribune,128400,1976,STATE SENATOR,19,,NM,"MCKENNA, THOMAS F.",,1,,,,,0.85
NM,Albuquerque Tribune,128400,1976,STATE SENATOR,20,,NM,"IRICK, JOHN B.",Republican,1,,1,,Incumbent,0.9
NM,Albuquerque Tribune,128400,1976,STATE SENATOR,22,,NM,"BECHT, PAUL F.",Republican,1,,,,,0.9
NM,Albuquerque Tribune,128400,1976,SUPREME COURT,,,NM,"SOSA, DAN JR.",Democrat,1,1,,,Incumbent,0.92
NM,Albuquerque Tribune,128400,1978,ASSESSOR,,BERNALILLO COUNTY,NM,"MARTINEZ, CHARLES R.",Democrat,1,,,,,0.92
NM,Albuquerque Tribune,128400,1978,CNTY CLERK,,BERNALILLO COUNTY,NM,"CULP, TENNY C.",Democrat,1,,,,,0.92
NM,Albuquerque Tribune,128400,1978,CNTY COMM,1,BERNALILLO COUNTY,NM,"EBERHARD, KENNETH J.",Republican,1,,,,,0.92
NM,Albuquerque Tribune,128400,1978,CNTY COMM,5,BERNALILLO COUNTY,NM,"MORRIS, JAMES P. ""CORKY""",Republican,1,,1,,,0.92
NM,Albuquerque Tribune,128400,1978,CNTY TREASURER,,BERNALILLO COUNTY,NM,"MCBROOM, WILLIAM",Republican,1,,,,,0.92
NM,Albuquerque Tribune,128400,1978,DISTRICT COURT JUDGE,2-13,,NM,"BROWN, JOHN E.",Democrat,1,,,,,0.92
NM,Albuquerque Tribune,128400,1978,DISTRICT COURT JUDGE,2-2,,NM,"BACA, JOSEPH F.",Democrat,1,1,,,,0.92
NM,Albuquerque Tribune,128400,1978,DISTRICT COURT JUDGE,2-3,,NM,"RYAN, JOSEPH C.",Republican,1,,1,,,0.92
NM,Albuquerque Tribune,128400,1978,DISTRICT COURT JUDGE,2-7,,NM,"MALONEY, JAMES A.",Democrat,1,1,,,,0.92
NM,Albuquerque Tribune,128400,1978,GOVERNOR,,,NM,"KING, BRUCE",Democrat,1,,,,ELECT BRUCE — ENDORSED OVER JOE SKEEN.,0.92
NM,Albuquerque Tribune,128400,1978,GOVERNOR,,,NM,"SKEEN, JOE",Republican,0,,,,DEMOCRATIC OPPONENT.,0.92
NM,Albuquerque Tribune,128400,1978,JUDGE,,PROBATE JUDGE BERNALILLO COUNTY,NM,"CARMODY, JOHN J. JR.",Democrat,1,,,,,0.92
NM,Albuquerque Tribune,128400,1978,JUDGE,,DISTRICT MAGISTRATE DIV 5,NM,"COSGROVE, BURT",Republican,1,,,,,0.92
NM,Albuquerque Tribune,128400,1978,JUDGE,,SMALL CLAIMS COURT BERNALILLO COUNTY,NM,"MARTINEZ, MICHAEL E.",Democrat,1,1,,,,0.92
NM,Albuquerque Tribune,128400,1978,RAILROAD COMMISSION,,,NM,"FERGUSON, COLUMBUS",Democrat,1,1,,,Corporation Commissioner; incumbent,0.85
NM,Albuquerque Tribune,128400,1978,SENATOR,,,NM,"DOMENICI, PETE",Republican,1,,1,,Incumbent,0.92
NM,Albuquerque Tribune,128400,1978,SHERIFF,,BERNALILLO COUNTY,NM,"JIMERSON, WILLIAM E.",Democrat,1,1,,,,0.92
NM,Albuquerque Tribune,128400,1978,STATE BOARD OF ED,,,NM,"POGNA, MILLIE",Republican,1,,,,,0.92
NM,Albuquerque Tribune,128400,1978,STATE REP,11,,NM,"NUNEZ, FELIX",Democrat,1,,,,,0.85
NM,Albuquerque Tribune,128400,1978,STATE REP,14,,NM,"COLLADO, ANGEL",Republican,1,,,,"RECAP: STATE HOUSE D14, ANGEL COLLADO (R) (1978-NOV-06 RECAP, PARTY VERIFIED FROM CLIPPING).",0.92
NM,Albuquerque Tribune,128400,1978,STATE REP,23,,NM,"PENA, DENNIS",Democrat,1,1,,,"RECAP: STATE HOUSE D23, DENNIS PENA (D)* (1978-NOV-06 RECAP, INCUMBENT-FLAG VERIFIED FROM CLIPPING).",0.92
NM,Albuquerque Tribune,128400,1978,STATE REP,24,,NM,"BUFFETT, GEORGE",Republican,1,,,,,0.92
NM,Albuquerque Tribune,128400,1978,STATE REP,25,,NM,"THOMPSON, JOHN LEE",Democrat,1,1,,,,0.92
NM,Albuquerque Tribune,128400,1978,STATE REP,26,,NM,"DALY, JOHN W.",Republican,1,,,,,0.92
NM,Albuquerque Tribune,128400,1978,STATE REP,27,,NM,"CATES, C. BRAD",Republican,1,,1,,,0.92
NM,Albuquerque Tribune,128400,1978,STATE REP,28,,NM,"CAUDELL, JAMES A.",Republican,1,,1,,,0.92
NM,Albuquerque Tribune,128400,1978,STATE REP,29,,NM,"STRATTON, HAL",Republican,1,,,,,0.92
NM,Albuquerque Tribune,128400,1978,STATE REP,30,,NM,"MCMULLAN, JOHN J.",Republican,1,,1,,,0.92
NM,Albuquerque Tribune,128400,1978,STATE REP,31,,NM,"HILL, STUART C.",Republican,1,,1,,,0.92
NM,Albuquerque Tribune,128400,1978,STATE SENATOR,11,,NM,"OLGUIN, RONALD",,1,,,,,0.92
NM,Albuquerque Tribune,128400,1978,STATE SENATOR,14,,NM,"HULING, ELLSWORTH C. III",Republican,1,,,,,0.92
NM,Albuquerque Tribune,128400,1980,ASSESSOR,,,NM,"DAVLING, JACK H.",Republican,1,,,,Bernalillo County Assessor (surname uncertain). [QA 2026-05-26: re-extracted from 19801103 'It'll soon be over' clipping; Tribune 1980 was previously only 1 record (Reagan); OCR confidence limited by small print],0.70
NM,Albuquerque Tribune,128400,1980,CNTY CLERK,,,NM,"CULP, TONNY C.",Democrat,1,,,,Bernalillo County Clerk. [QA 2026-05-26: re-extracted from 19801103 'It'll soon be over' clipping; Tribune 1980 was previously only 1 record (Reagan); OCR confidence limited by small print],0.72
NM,Albuquerque Tribune,128400,1980,CNTY COMM,2,,NM,"VIGIL, ORLANDO",Democrat,1,,,,Bernalillo County Commission Dist 2. [QA 2026-05-26: re-extracted from 19801103 'It'll soon be over' clipping; Tribune 1980 was previously only 1 record (Reagan); OCR confidence limited by small print],0.75
NM,Albuquerque Tribune,128400,1980,CNTY COMM,4,,NM,"STAHNKE, WESLEY A.",Republican,1,,,,Bernalillo County Commission Dist 4. [QA 2026-05-26: re-extracted from 19801103 'It'll soon be over' clipping; Tribune 1980 was previously only 1 record (Reagan); OCR confidence limited by small print],0.72
NM,Albuquerque Tribune,128400,1980,CNTY TREASURER,,,NM,"MCKEWAN, WILLIAM",Republican,1,,,,Bernalillo County Treasurer. [QA 2026-05-26: re-extracted from 19801103 'It'll soon be over' clipping; Tribune 1980 was previously only 1 record (Reagan); OCR confidence limited by small print],0.72
NM,Albuquerque Tribune,128400,1980,DA/PROSECUTOR,,,NM,"SCHIFF, STEVEN H.",Republican,1,,,,District Attorney. [QA 2026-05-26: re-extracted from 19801103 'It'll soon be over' clipping; Tribune 1980 was previously only 1 record (Reagan); OCR confidence limited by small print],0.82
NM,Albuquerque Tribune,128400,1980,DISTRICT COURT JUDGE,2-14,,NM,"CARMEL, JOHN J. JR.",Democrat,1,,,,2nd Judicial District. [QA 2026-05-26: re-extracted from 19801103 'It'll soon be over' clipping; Tribune 1980 was previously only 1 record (Reagan); OCR confidence limited by small print],0.75
NM,Albuquerque Tribune,128400,1980,H,1,,NM,"LUJAN, MANUEL JR.",Republican,1,,,,US House Dist 1. [QA 2026-05-26: re-extracted from 19801103 'It'll soon be over' clipping; Tribune 1980 was previously only 1 record (Reagan); OCR confidence limited by small print],0.85
NM,Albuquerque Tribune,128400,1980,H,2,,NM,"KING, DAVID",Democrat,1,,,,US House Dist 2. [QA 2026-05-26: re-extracted from 19801103 'It'll soon be over' clipping; Tribune 1980 was previously only 1 record (Reagan); OCR confidence limited by small print],0.80
NM,Albuquerque Tribune,128400,1980,JUDGE,2,,NM,"EARNHART, CHARLES B.",Republican,1,,,,Metropolitan Judge. [QA 2026-05-26: re-extracted from 19801103 'It'll soon be over' clipping; Tribune 1980 was previously only 1 record (Reagan); OCR confidence limited by small print],0.75
NM,Albuquerque Tribune,128400,1980,PRESIDENT,,,NM,"REAGAN, RONALD",Republican,1,,,,IT'LL SOON BE OVER — IMPLIES PAPER FAVORS REAGAN OVER CARTER (CONTEXT-INFERRED).,0.7
NM,Albuquerque Tribune,128400,1980,PROBATE JUDGE,,,NM,"THOMSON, GERARD W.",Democrat,1,,,,Bernalillo County Probate Judge. [QA 2026-05-26: re-extracted from 19801103 'It'll soon be over' clipping; Tribune 1980 was previously only 1 record (Reagan); OCR confidence limited by small print],0.75
NM,Albuquerque Tribune,128400,1980,RAILROAD COMMISSION,,,NM,"GENTZ, JIMMIE N.",Republican,1,,,,Corporation Commission. [QA 2026-05-26: re-extracted from 19801103 'It'll soon be over' clipping; Tribune 1980 was previously only 1 record (Reagan); OCR confidence limited by small print],0.78
NM,Albuquerque Tribune,128400,1980,SHERIFF,,,NM,"ATTERTON, WILLIAM E.",Democrat,1,,,,Bernalillo County Sheriff. [QA 2026-05-26: re-extracted from 19801103 'It'll soon be over' clipping; Tribune 1980 was previously only 1 record (Reagan); OCR confidence limited by small print],0.72
NM,Albuquerque Tribune,128400,1980,STATE REP,12,,NM,"SANCHEZ, HESTER F.",Democrat,1,,,,State House Dist 12. [QA 2026-05-26: re-extracted from 19801103 'It'll soon be over' clipping; Tribune 1980 was previously only 1 record (Reagan); OCR confidence limited by small print],0.72
NM,Albuquerque Tribune,128400,1980,STATE REP,13,,NM,"ARAGON, ROBERT J.",Democrat,1,,,,State House Dist 13. [QA 2026-05-26: re-extracted from 19801103 'It'll soon be over' clipping; Tribune 1980 was previously only 1 record (Reagan); OCR confidence limited by small print],0.72
NM,Albuquerque Tribune,128400,1980,STATE REP,14,,NM,"CINELLI, ADELE",Democrat,1,,,,State House Dist 14. [QA 2026-05-26: re-extracted from 19801103 'It'll soon be over' clipping; Tribune 1980 was previously only 1 record (Reagan); OCR confidence limited by small print],0.72
NM,Albuquerque Tribune,128400,1980,STATE REP,16,,NM,"GARCIA, ROBERT N.",Democrat,1,,,,State House Dist 16. [QA 2026-05-26: re-extracted from 19801103 'It'll soon be over' clipping; Tribune 1980 was previously only 1 record (Reagan); OCR confidence limited by small print],0.72
NM,Albuquerque Tribune,128400,1980,STATE REP,18,,NM,"PRATT, JUDITH A.",Democrat,1,,,,State House Dist 18. [QA 2026-05-26: re-extracted from 19801103 'It'll soon be over' clipping; Tribune 1980 was previously only 1 record (Reagan); OCR confidence limited by small print],0.72
NM,Albuquerque Tribune,128400,1980,STATE REP,19,,NM,"HILLERY, DARON R.",Democrat,1,,,,State House Dist 19. [QA 2026-05-26: re-extracted from 19801103 'It'll soon be over' clipping; Tribune 1980 was previously only 1 record (Reagan); OCR confidence limited by small print],0.72
NM,Albuquerque Tribune,128400,1980,STATE REP,20,,NM,"LAMBERT, MARTHA L.",Democrat,1,,,,State House Dist 20. [QA 2026-05-26: re-extracted from 19801103 'It'll soon be over' clipping; Tribune 1980 was previously only 1 record (Reagan); OCR confidence limited by small print],0.72
NM,Albuquerque Tribune,128400,1980,STATE REP,21,,NM,"PADOVAN, JOHN D.",Democrat,1,,,,State House Dist 21. [QA 2026-05-26: re-extracted from 19801103 'It'll soon be over' clipping; Tribune 1980 was previously only 1 record (Reagan); OCR confidence limited by small print],0.72
NM,Albuquerque Tribune,128400,1980,STATE REP,22,,NM,"HORAN, FRANK L.",Democrat,1,,,,State House Dist 22. [QA 2026-05-26: re-extracted from 19801103 'It'll soon be over' clipping; Tribune 1980 was previously only 1 record (Reagan); OCR confidence limited by small print],0.72
NM,Albuquerque Tribune,128400,1980,STATE REP,24,,NM,"HULBERT, GEORGE D.",Democrat,1,,,,State House Dist 24. [QA 2026-05-26: re-extracted from 19801103 'It'll soon be over' clipping; Tribune 1980 was previously only 1 record (Reagan); OCR confidence limited by small print],0.72
NM,Albuquerque Tribune,128400,1980,STATE REP,25,,NM,"THOMPSON, JOE LEE",Democrat,1,,,,State House Dist 25. [QA 2026-05-26: re-extracted from 19801103 'It'll soon be over' clipping; Tribune 1980 was previously only 1 record (Reagan); OCR confidence limited by small print],0.72
NM,Albuquerque Tribune,128400,1980,STATE REP,26,,NM,"ASBURY, CHARLES TED",Democrat,1,,,,State House Dist 26. [QA 2026-05-26: re-extracted from 19801103 'It'll soon be over' clipping; Tribune 1980 was previously only 1 record (Reagan); OCR confidence limited by small print],0.72
NM,Albuquerque Tribune,128400,1980,STATE REP,28,,NM,"CAUDELL, JAMES A.",Republican,1,,,,State House Dist 28. [QA 2026-05-26: re-extracted from 19801103 'It'll soon be over' clipping; Tribune 1980 was previously only 1 record (Reagan); OCR confidence limited by small print],0.72
NM,Albuquerque Tribune,128400,1980,STATE REP,29,,NM,"STRATTON, HAL",Republican,1,,,,"State House Dist 29 (Hal Stratton, R). [QA 2026-05-26: re-extracted from 19801103 'It'll soon be over' clipping; Tribune 1980 was previously only 1 record (Reagan); OCR confidence limited by small print]",0.78
NM,Albuquerque Tribune,128400,1980,STATE REP,31,,NM,"HILL, STUART C.",Republican,1,,,,State House Dist 31 (same as 1972 record). [QA 2026-05-26: re-extracted from 19801103 'It'll soon be over' clipping; Tribune 1980 was previously only 1 record (Reagan); OCR confidence limited by small print],0.78
NM,Albuquerque Tribune,128400,1980,STATE SENATOR,13,,NM,"LEWIS, AUBREY L.",Republican,1,,,,State Senate Dist 13. [QA 2026-05-26: re-extracted from 19801103 'It'll soon be over' clipping; Tribune 1980 was previously only 1 record (Reagan); OCR confidence limited by small print],0.72
NM,Albuquerque Tribune,128400,1980,STATE SENATOR,16,,NM,"HULBERT, THOMAS T.",Democrat,1,,,,State Senate Dist 16. [QA 2026-05-26: re-extracted from 19801103 'It'll soon be over' clipping; Tribune 1980 was previously only 1 record (Reagan); OCR confidence limited by small print],0.72
NM,Albuquerque Tribune,128400,1980,STATE SENATOR,17,,NM,"THOMPSON, DONALD L.",Democrat,1,,,,State Senate Dist 17. [QA 2026-05-26: re-extracted from 19801103 'It'll soon be over' clipping; Tribune 1980 was previously only 1 record (Reagan); OCR confidence limited by small print],0.72
NM,Albuquerque Tribune,128400,1980,STATE SENATOR,18,,NM,"SMITH, PAUL R.",Republican,1,,,,State Senate Dist 18. [QA 2026-05-26: re-extracted from 19801103 'It'll soon be over' clipping; Tribune 1980 was previously only 1 record (Reagan); OCR confidence limited by small print],0.72
NM,Albuquerque Tribune,128400,1980,STATE SENATOR,26,,NM,"STAHL, JACK L.",Republican,1,,,,State Senate Dist 26. [QA 2026-05-26: re-extracted from 19801103 'It'll soon be over' clipping; Tribune 1980 was previously only 1 record (Reagan); OCR confidence limited by small print],0.72
NM,Albuquerque Tribune,128400,1980,SUPREME COURT,,,NM,"RIORDAN, WILLIAM F.",Republican,1,,,,NM Supreme Court. [QA 2026-05-26: re-extracted from 19801103 'It'll soon be over' clipping; Tribune 1980 was previously only 1 record (Reagan); OCR confidence limited by small print],0.82
NM,Albuquerque Tribune,128400,1982,ASSESSOR,,BERNALILLO COUNTY,NM,"SLATER, ARTHUR ""ART""",Republican,1,,,,,0.92
NM,Albuquerque Tribune,128400,1982,ATTORNEY GENERAL,,,NM,"BARDACKE, PAUL",Democrat,1,,,,Attorney General. [QA 2026-05-26: 1982 fix per re-read of 19821101 'Our endorsements' editorial],0.88
NM,Albuquerque Tribune,128400,1982,AUDITOR,,,NM,"EMMONS, JACK",Republican,1,,,,"[QA 2026-05-26: 1982 fix per re-read of 19821101 'Our endorsements' editorial] (TREASURER->AUDITOR; editorial: Emmons is State Auditor, McBerson is State Treasurer; party R)",0.85
NM,Albuquerque Tribune,128400,1982,CNTY CLERK,,BERNALILLO COUNTY,NM,"WALKER, DELORES C.",Democrat,1,,,,[QA 2026-05-26: 1982 fix per re-read of 19821101 'Our endorsements' editorial] (WALLER DOLORES->WALKER DELORES),0.92
NM,Albuquerque Tribune,128400,1982,CNTY COMM,1,BERNALILLO COUNTY,NM,"DAVIS, JOHN C.",Republican,1,,,,,0.92
NM,Albuquerque Tribune,128400,1982,CNTY COMM,5,BERNALILLO COUNTY,NM,"COTTRELL, MARION M.",Democrat,1,,,,,0.92
NM,Albuquerque Tribune,128400,1982,CNTY TREASURER,,BERNALILLO COUNTY,NM,"LEWIS, JAMES B.",Democrat,1,,,,,0.92
NM,Albuquerque Tribune,128400,1982,CORPORATION COMMISSIONER,,,NM,"SERNA, ERIC",Democrat,1,,,,State Corporation Commission 2-year term. [QA 2026-05-26: 1982 fix per re-read of 19821101 'Our endorsements' editorial],0.88
NM,Albuquerque Tribune,128400,1982,DISTRICT COURT JUDGE,2-7,,NM,"ASHBY, PHILIP R.",Democrat,1,,,,Division VII,0.92
NM,Albuquerque Tribune,128400,1982,GOVERNOR,,,NM,"ANAYA, TONEY",Democrat,1,,,,,0.92
NM,Albuquerque Tribune,128400,1982,H,1,,NM,"LUJAN, MANUEL JR.",Republican,1,,1,,,0.92
NM,Albuquerque Tribune,128400,1982,H,2,,NM,"SKEEN, JOE",Republican,1,,1,,,0.92
NM,Albuquerque Tribune,128400,1982,H,3,,NM,"RICHARDSON, BILL",Democrat,1,,,,,0.92
NM,Albuquerque Tribune,128400,1982,JUDGE,DIVISION II,METROPOLITAN COURT DIV 2,NM,"THOMPSON, ROBERT L.",Democrat,1,,,,[QA 2026-05-26: 1982 fix per re-read of 19821101 'Our endorsements' editorial] (added dist=Division II per editorial),0.92
NM,Albuquerque Tribune,128400,1982,JUDGE,DIVISION VII,METROPOLITAN COURT DIV 7,NM,"COSGROVE, BURT",Republican,1,,,,[QA 2026-05-26: 1982 fix per re-read of 19821101 'Our endorsements' editorial] (added dist=Division VII per editorial),0.92
NM,Albuquerque Tribune,128400,1982,LAND COMMISSIONER,,,NM,"HILLERY, DAREN",Republican,1,,,,,0.8
NM,Albuquerque Tribune,128400,1982,PROBATE JUDGE,,PROBATE COURT BERNALILLO COUNTY,NM,"THOMSON, GERARD W.",Democrat,1,,,,[QA 2026-05-26: 1982 fix per re-read of 19821101 'Our endorsements' editorial] (JUDGE->PROBATE JUDGE),0.92
NM,Albuquerque Tribune,128400,1982,RAILROAD COMMISSION,,,NM,"HUGHES, HERB",Republican,1,,,,State Corporation Commission,0.88
NM,Albuquerque Tribune,128400,1982,SEC OF STATE,,,NM,"JONES, CLARA P.",Democrat,1,,,,Secretary of State. [QA 2026-05-26: 1982 fix per re-read of 19821101 'Our endorsements' editorial],0.88
NM,Albuquerque Tribune,128400,1982,SENATOR,,,NM,"SCHMITT, HARRISON ""JACK""",Republican,1,,1,,,0.92
NM,Albuquerque Tribune,128400,1982,SHERIFF,,BERNALILLO COUNTY,NM,"STOVER, BOB V.",Republican,1,,,,,0.92
NM,Albuquerque Tribune,128400,1982,STATE REP,11,,NM,"NUNEZ, FELIX",Democrat,1,,,,,0.88
NM,Albuquerque Tribune,128400,1982,STATE REP,12,,NM,"VALDEZ, ALBERT ""AL""",Democrat,1,,,,State House District 12. [QA 2026-05-26: 1982 fix per re-read of 19821101 'Our endorsements' editorial],0.88
NM,Albuquerque Tribune,128400,1982,STATE REP,13,,NM,"SANCHEZ, RAYMOND G.",Democrat,1,,,,State House District 13. [QA 2026-05-26: 1982 fix per re-read of 19821101 'Our endorsements' editorial],0.88
NM,Albuquerque Tribune,128400,1982,STATE REP,17,,NM,"HOOPER, WILLIAM R. JR.",Republican,1,,,,State House District 17. [QA 2026-05-26: 1982 fix per re-read of 19821101 'Our endorsements' editorial],0.88
NM,Albuquerque Tribune,128400,1982,STATE REP,19,,NM,"PRATT, JUDITH A.",Democrat,1,,,,State House District 19. [QA 2026-05-26: 1982 fix per re-read of 19821101 'Our endorsements' editorial],0.88
NM,Albuquerque Tribune,128400,1982,STATE REP,20,,NM,"HAWK, ROBERT M.",Democrat,1,,,,[QA 2026-05-26: 1982 fix per re-read of 19821101 'Our endorsements' editorial] (dist 19->20 per editorial),0.92
NM,Albuquerque Tribune,128400,1982,STATE REP,21,,NM,"MATHER, RICK",Republican,1,,,,,0.92
NM,Albuquerque Tribune,128400,1982,STATE REP,22,,NM,"HOOD, NORMA D.",Republican,1,,,,,0.92
NM,Albuquerque Tribune,128400,1982,STATE REP,23,,NM,"SILVA, DON",Republican,1,,,,,0.92
NM,Albuquerque Tribune,128400,1982,STATE REP,24,,NM,"BUFFETT, GEORGE D.",Republican,1,,,,,0.92
NM,Albuquerque Tribune,128400,1982,STATE REP,25,,NM,"MINZNER, DICK",Democrat,1,,,,,0.92
NM,Albuquerque Tribune,128400,1982,STATE REP,26,,NM,"ASBURY, CHARLES ""TED""",Democrat,1,,,,,0.92
NM,Albuquerque Tribune,128400,1982,STATE REP,28,,NM,"SIMMS, GARTH",Republican,1,,,,,0.92
NM,Albuquerque Tribune,128400,1982,STATE REP,29,,NM,"STRATTON, HAL",Republican,1,,,,,0.92
NM,Albuquerque Tribune,128400,1982,STATE REP,30,,NM,"MCMULLAN, JOHN J.",Republican,1,,,,,0.92
NM,Albuquerque Tribune,128400,1982,STATE REP,44,SANDOVAL COUNTY,NM,"CAMPBELL, EDWIN A. ""RUSTY""",Republican,1,,,,,0.92
NM,Albuquerque Tribune,128400,1982,STATE REP,65,SANDOVAL COUNTY,NM,"DOENCH, DONALD A.",Republican,1,,,,,0.92
NM,Albuquerque Tribune,128400,1982,STATE REP,8,VALENCIA COUNTY,NM,"LUNA, FRED",Democrat,1,,,,,0.92
NM,Albuquerque Tribune,128400,1982,SUPREME COURT,,,NM,"STOWERS, HARRY E. JR.",Democrat,1,,,,State Supreme Court. [QA 2026-05-26: 1982 fix per re-read of 19821101 'Our endorsements' editorial],0.88
NM,Albuquerque Tribune,128400,1982,TREASURER,,,NM,"MCBERSON, WILLIAM",Republican,1,,,,State Treasurer. [QA 2026-05-26: 1982 fix per re-read of 19821101 'Our endorsements' editorial],0.88
NM,Albuquerque Tribune,128400,1984,ASSESSOR,,,NM,"DARLING, JACK H.",Republican,1,,,,,0.9
NM,Albuquerque Tribune,128400,1984,CNTY CLERK,,,NM,"WALKER, DELORES C.",Democrat,1,1,,,[QA 2026-05-26: 1984 fix per re-read of 19841105 'Get out and vote' editorial] (WALLER->WALKER + Dolores->Delores),0.9
NM,Albuquerque Tribune,128400,1984,CNTY COMM,2,,NM,"MALRY, LENTON",Democrat,1,,,,[QA 2026-05-26: 1984 fix per re-read of 19841105 'Get out and vote' editorial] (dist 3->2 per editorial),0.9
NM,Albuquerque Tribune,128400,1984,CNTY COMM,4,,NM,"CASSIDY, PATRICIA H.",Republican,1,,,,,0.9
NM,Albuquerque Tribune,128400,1984,CNTY TREASURER,,,NM,"LEWIS, JAMES B.",Democrat,1,1,,,,0.92
NM,Albuquerque Tribune,128400,1984,DA/PROSECUTOR,,,NM,"SCHIFF, STEVEN H.",Republican,1,,,,District Attorney,0.88
NM,Albuquerque Tribune,128400,1984,DISTRICT COURT JUDGE,2-15,,NM,"CARMODY, JOHN A. JR.",Democrat,1,,,,Division 15 [QA 2026-05-26: 1984 fix per re-read of 19841105 'Get out and vote' editorial] (middle initial F->A per editorial),0.85
NM,Albuquerque Tribune,128400,1984,DISTRICT COURT JUDGE,2-17,,NM,"KASS, ANNE M.",Democrat,1,,,,Division 17,0.85
NM,Albuquerque Tribune,128400,1984,DISTRICT COURT JUDGE,2-3,,NM,"STEIN, ANN",Democrat,1,,,,"Bernalillo County, Division 3 [QA 2026-05-26: 1984 fix per re-read of 19841105 'Get out and vote' editorial] (STEINMETZ ANA->STEIN ANN per editorial)",0.78
NM,Albuquerque Tribune,128400,1984,DISTRICT COURT JUDGE,2-9,,NM,"SAVAGE, VERNON",Democrat,1,,,,Division 9,0.7
NM,Albuquerque Tribune,128400,1984,DISTRICT COURT JUDGE,2-?,,NM,"THOMPSON, ROBERT",Democrat,1,,,,,0.85
NM,Albuquerque Tribune,128400,1984,H,1,,NM,"LUJAN, MANUEL JR.",Republican,1,,1,,Incumbent,0.92
NM,Albuquerque Tribune,128400,1984,H,2,,NM,"SKEEN, JOE",Republican,1,,1,,Incumbent,0.92
NM,Albuquerque Tribune,128400,1984,H,3,,NM,"RICHARDSON, BILL",Democrat,1,1,,,Incumbent,0.92
NM,Albuquerque Tribune,128400,1984,JUDGE,,METRO COURT DIV 4,NM,"BARNHART, CHARLES R.",Republican,1,,,,,0.88
NM,Albuquerque Tribune,128400,1984,JUDGE,,METRO COURT DIV 1,NM,"BEST, HANNAH B.",Democrat,1,,,,,0.88
NM,Albuquerque Tribune,128400,1984,JUDGE,,PROBATE JUDGE,NM,"GEER, HUNTER L.",Democrat,1,,,,,0.85
NM,Albuquerque Tribune,128400,1984,PRESIDENT,,,NM,"REAGAN, RONALD",Republican,1,,1,,Incumbent,0.92
NM,Albuquerque Tribune,128400,1984,RAILROAD COMMISSION,,,NM,"SIMMONS, WRAY L.",Republican,1,,,,State Corporation Commission,0.9
NM,Albuquerque Tribune,128400,1984,SENATOR,,,NM,"DOMENICI, PETE",Republican,1,,1,,Incumbent,0.92
NM,Albuquerque Tribune,128400,1984,SHERIFF,,,NM,"STOVER, BOB V.",Republican,1,,1,,,0.92
NM,Albuquerque Tribune,128400,1984,STATE BOARD OF ED,2,,NM,"SEDILLO, ORLANDO D.",Democrat,1,,,,District 2,0.88
NM,Albuquerque Tribune,128400,1984,STATE BOARD OF ED,3,,NM,"RODRIGUEZ, EMMALOU",Democrat,1,,,,District 3,0.88
NM,Albuquerque Tribune,128400,1984,STATE BOARD OF ED,4,,NM,"MCMANUS, DAVID H.",Republican,1,,,,District 4 [QA 2026-05-26: 1984 fix per re-read of 19841105 'Get out and vote' editorial] (MCMURRAY->MCMANUS; party R per editorial),0.78
NM,Albuquerque Tribune,128400,1984,STATE REP,11,,NM,"NUNEZ, FELIX X.",Democrat,1,,,,,0.88
NM,Albuquerque Tribune,128400,1984,STATE REP,15,,NM,"SANCHEZ, RAYMOND G.",Democrat,1,,,,,0.92
NM,Albuquerque Tribune,128400,1984,STATE REP,16,,NM,"JUSTICE, ROBIN READ",Republican,1,,,,,0.78
NM,Albuquerque Tribune,128400,1984,STATE REP,17,,NM,"MCSORLEY, CISCO A.",Democrat,1,,,,,0.85
NM,Albuquerque Tribune,128400,1984,STATE REP,18,,NM,"HAWK, ROBERT M.",,1,,,,,0.85
NM,Albuquerque Tribune,128400,1984,STATE REP,20,,NM,"LAMBERT, MARTHA J. ""MARTY""",,1,,,,,0.85
NM,Albuquerque Tribune,128400,1984,STATE REP,21,,NM,"ELEFSON, JOHN R.",Democrat,1,,,,,0.85
NM,Albuquerque Tribune,128400,1984,STATE REP,22,,NM,"HOOD, NORMA D.",Republican,1,,,,,0.88
NM,Albuquerque Tribune,128400,1984,STATE REP,23,,NM,"SILVA, DON",Republican,1,,,,,0.88
NM,Albuquerque Tribune,128400,1984,STATE REP,30,,NM,"GENTRY, RON",Democrat,1,,,,,0.78
NM,Albuquerque Tribune,128400,1984,STATE REP,44,,NM,"EDEN, FRANKIE",,1,,,,Sandoval County,0.7
NM,Albuquerque Tribune,128400,1984,STATE SENATOR,13,,NM,"CHAVEZ, TITO D.",Democrat,1,,,,[QA 2026-05-26: 1984 fix per re-read of 19841105 'Get out and vote' editorial] (ALARID->CHAVEZ TITO D. per editorial; 1984 d13 senator was Chavez),0.7
NM,Albuquerque Tribune,128400,1984,STATE SENATOR,15,,NM,"VERNON, LARRY ""SKIP""",Republican,1,,,,,0.85
NM,Albuquerque Tribune,128400,1984,STATE SENATOR,17,,NM,"RUTHERFORD, THOMAS T.",Democrat,1,,,,[QA 2026-05-26: 1984 fix per re-read of 19841105 'Get out and vote' editorial] (dist 16->17 per editorial),0.88
NM,Albuquerque Tribune,128400,1984,STATE SENATOR,18,,NM,"COSNER, WENDELL E.",Republican,1,,,,"[QA 2026-05-26: 1984 fix per re-read of 19841105 'Get out and vote' editorial] (COSER->COSNER, dist 17->18 per editorial)",0.85
NM,Albuquerque Tribune,128400,1984,STATE SENATOR,9,,NM,"CHAVEZ, DENNIS C.",Democrat,1,,,,Sandoval County [QA 2026-05-26: 1984 fix per re-read of 19841105 'Get out and vote' editorial] (KIDD->CHAVEZ DENNIS C. per editorial),0.7
NM,Albuquerque Tribune,128400,1984,SUPREME COURT,,,NM,"SOSA, DAN JR.",Democrat,1,1,,,Incumbent,0.92
NM,Albuquerque Tribune,128400,1986,ASSESSOR,,BERNALILLO COUNTY,NM,"THOMSON, JOSEPH",,1,,,,,0.92
NM,Albuquerque Tribune,128400,1986,ATTORNEY GENERAL,,,NM,"STRATTON, HAL",Republican,1,,,,,0.92
NM,Albuquerque Tribune,128400,1986,AUDITOR,,,NM,"ADAMS, HARROLL",,1,,,,,0.92
NM,Albuquerque Tribune,128400,1986,CNTY CLERK,,BERNALILLO COUNTY,NM,"SANCHEZ, GILBERT",,1,,,,,0.92
NM,Albuquerque Tribune,128400,1986,CNTY COMM,1,BERNALILLO COUNTY,NM,"KINNEY, HARRY",Republican,1,,,,,0.92
NM,Albuquerque Tribune,128400,1986,CNTY COMM,5,BERNALILLO COUNTY,NM,"COTTRELL, MARION",Democrat,1,1,,,,0.92
NM,Albuquerque Tribune,128400,1986,CNTY TREASURER,,BERNALILLO COUNTY,NM,"BISHOP, ROBBIN",,1,,,,,0.92
NM,Albuquerque Tribune,128400,1986,CORPORATION COMMISSIONER,,,NM,"NIASEN, ROB",,1,,,,Corporation Commission. Surname uncertain from small-image OCR; may be Niasen/Nelson/Neissen. [QA 2026-05-26: 1986 fix per re-read of 19861103 'Tribune's choices' editorial],0.70
NM,Albuquerque Tribune,128400,1986,DISTRICT COURT JUDGE,2-18,,NM,"CONWAY, SUSAN",,1,,,,,0.92
NM,Albuquerque Tribune,128400,1986,DISTRICT COURT JUDGE,2-19,,NM,"MURDOCH, ALBERT",,1,,,,,0.92
NM,Albuquerque Tribune,128400,1986,DISTRICT COURT JUDGE,2-4,,NM,"DEATON, WILLIAM",,1,,,,,0.92
NM,Albuquerque Tribune,128400,1986,DISTRICT COURT JUDGE,2-8,,NM,"SANCHEZ, ROSS",,1,,,,,0.92
NM,Albuquerque Tribune,128400,1986,GOVERNOR,,,NM,"POWELL, RAY",Democrat,1,,,,,0.92
NM,Albuquerque Tribune,128400,1986,H,1,,NM,"LUJAN, MANUEL JR.",Republican,1,,,,,0.92
NM,Albuquerque Tribune,128400,1986,H,2,,NM,"SKEEN, JOE",Republican,1,,,,,0.92
NM,Albuquerque Tribune,128400,1986,H,3,,NM,"CARGO, DAVID",Republican,1,,,,,0.92
NM,Albuquerque Tribune,128400,1986,JUDGE,,METROPOLITAN COURT DIV 7,NM,"BACA, THERESA",,1,,,,,0.92
NM,Albuquerque Tribune,128400,1986,JUDGE,,METROPOLITAN COURT DIV 2,NM,"DAL SANTO, DIANE",,1,,,,,0.92
NM,Albuquerque Tribune,128400,1986,JUDGE,,METROPOLITAN COURT DIV 11,NM,"DAVIS, THOMAS",,1,,,,,0.92
NM,Albuquerque Tribune,128400,1986,JUDGE,,METROPOLITAN COURT DIV 3,NM,"JEWELL, TOMMY",,1,,,,,0.92
NM,Albuquerque Tribune,128400,1986,JUDGE,,METROPOLITAN COURT DIV 9,NM,"LOVE, ELIZABETH",,1,,,,,0.92
NM,Albuquerque Tribune,128400,1986,JUDGE,,METROPOLITAN COURT DIV 8,NM,"OTOOLE, JAMES",,1,,,,,0.92
NM,Albuquerque Tribune,128400,1986,JUDGE,,METROPOLITAN COURT DIV 1,NM,"SHAPIRO, MARK",,1,,,,,0.92
NM,Albuquerque Tribune,128400,1986,JUDGE,,METROPOLITAN COURT DIV 10,NM,"SHORT, WILLIAM",,1,,,,,0.92
NM,Albuquerque Tribune,128400,1986,JUDGE,,METROPOLITAN COURT DIV 5,NM,"YONTZ, JAMES",,1,,,,,0.92
NM,Albuquerque Tribune,128400,1986,LAND COMMISSIONER,,,NM,"CALKIN, BRANT",,1,,,,,0.92
NM,Albuquerque Tribune,128400,1986,LT GOVERNOR,,,NM,"LUNA, CASEY",Democrat,1,,,,,0.92
NM,Albuquerque Tribune,128400,1986,PROBATE JUDGE,,PROBATE COURT BERNALILLO COUNTY,NM,"SCOTT, ROBERT H.",,1,,,,[QA 2026-05-26: 1986 fix per re-read of 19861103 'Tribune's choices' editorial] (JUDGE->PROBATE JUDGE),0.92
NM,Albuquerque Tribune,128400,1986,SEC OF STATE,,,NM,"MCDANIEL, JANNIE A.",,1,,,,,0.92
NM,Albuquerque Tribune,128400,1986,SHERIFF,,BERNALILLO COUNTY,NM,"CAMPBELL, ALVIN",Republican,1,,1,,,0.92
NM,Albuquerque Tribune,128400,1986,STATE BOARD OF ED,,,NM,"RODRIGUEZ, EMMALOU",,1,,,,,0.92
NM,Albuquerque Tribune,128400,1986,STATE REP,13,,NM,"SILVA, DANIEL",Democrat,1,,,,,0.92
NM,Albuquerque Tribune,128400,1986,STATE REP,15,,NM,"SANCHEZ, RAY",Democrat,1,1,,,,0.92
NM,Albuquerque Tribune,128400,1986,STATE REP,18,,NM,"MCSORLEY, CISCO",Democrat,1,1,,,,0.92
NM,Albuquerque Tribune,128400,1986,STATE REP,19,,NM,"HAWK, ROBERT M.",Democrat,1,,,,,0.92
NM,Albuquerque Tribune,128400,1986,STATE REP,20,,NM,"KEEHAN, VIRGINIA",,1,,,,,0.92
NM,Albuquerque Tribune,128400,1986,STATE REP,21,,NM,"PITTMAN, PATRICIA M.",,1,,,,"[QA 2026-05-26: 1986 fix per re-read of 19861103 'Tribune's choices' editorial] (corrected BACA->PITTMAN; editorial: ""Dist. 21 — Patricia M. Pittman"")",0.92
NM,Albuquerque Tribune,128400,1986,STATE REP,22,,NM,"HOOD, NORMA",Republican,1,,1,,,0.92
NM,Albuquerque Tribune,128400,1986,STATE REP,24,,NM,"BUFFETT, GEORGE",Republican,1,,,,,0.92
NM,Albuquerque Tribune,128400,1986,STATE REP,25,,NM,"MINZNER, DICK",Democrat,1,1,,,,0.92
NM,Albuquerque Tribune,128400,1986,STATE REP,26,,NM,"CAMP, WILLIAM",Republican,1,,,,,0.92
NM,Albuquerque Tribune,128400,1986,STATE REP,27,,NM,"TYTLER, LINN",Republican,1,,,,,0.92
NM,Albuquerque Tribune,128400,1986,STATE REP,29,,NM,"HOCEVAR, GARY",,1,,,,,0.92
NM,Albuquerque Tribune,128400,1986,STATE REP,44,,NM,"EISENSTADT, PAULINE",Democrat,1,,,,,0.92
NM,Albuquerque Tribune,128400,1986,STATE REP,50,,NM,"KING, GARY",Democrat,1,,,,,0.92
NM,Albuquerque Tribune,128400,1986,STATE SENATOR,20,,NM,"KWAKO, JON",,1,,,,,0.92
NM,Albuquerque Tribune,128400,1986,SUPREME COURT,POSITION 2,,NM,"HARTZ, HARRIS L.",Republican,1,,,,,0.92
NM,Albuquerque Tribune,128400,1986,TREASURER,,,NM,"LEWIS, JAMES E.",Democrat,1,,,,[QA 2026-05-26: 1986 fix per re-read of 19861103 'Tribune's choices' editorial] (middle B->E per editorial),0.92
NM,Albuquerque Tribune,128400,1988,CNTY CLERK,,BERNALILLO COUNTY,NM,"ORTEGA, MARY ELLEN",,1,,,,WRAP-UP: BERNALILLO COUNTY CLERK.,0.9
NM,Albuquerque Tribune,128400,1988,CNTY COMM,3,BERNALILLO COUNTY,NM,"GILBERT, EUGENE M.",,1,,,,"WRAP-UP: BERNALILLO COUNTY COMMISSION DISTRICT 3 (1988-NOV-07 RECAP, VERIFIED FROM CLIPPING).",0.92
NM,Albuquerque Tribune,128400,1988,CNTY COMM,2,BERNALILLO COUNTY,NM,"VALDEZ, AL",,1,,,,WRAP-UP: BERNALILLO COUNTY COMMISSION DISTRICT 2.,0.88
NM,Albuquerque Tribune,128400,1988,CNTY TREASURER,,BERNALILLO COUNTY,NM,"BISHOP, ROBBIN",,1,,,,"WRAP-UP: BERNALILLO COUNTY TREASURER, ROBBIN BISHOP (1988-NOV-07 RECAP, VERIFIED FROM CLIPPING).",0.92
NM,Albuquerque Tribune,128400,1988,DA/PROSECUTOR,,BERNALILLO COUNTY,NM,"SCHWARTZ, BOB",,1,,,,"WRAP-UP: DISTRICT ATTORNEY, BERNALILLO COUNTY.",0.9
NM,Albuquerque Tribune,128400,1988,FLOOD CONTROL,,,NM,"SWINBURNE, BERNARD H.",,1,,,,WRAP-UP: FLOODCONTROL AUTHORITY.,0.85
NM,Albuquerque Tribune,128400,1988,H,1,,NM,"UDALL, TOM",Democrat,1,,,,"WRAP-UP RECAP: HOUSE DISTRICT 1, TOM UDALL.",0.9
NM,Albuquerque Tribune,128400,1988,JUDGE,,BERNALILLO COUNTY PROBATE,NM,"MESCALL, TOM",,1,,,,"WRAP-UP: BERNALILLO COUNTY PROBATE JUDGE (1988-NOV-07 RECAP, NAME-FIX FROM MCDANIEL TO MESCALL VERIFIED FROM CLIPPING).",0.92
NM,Albuquerque Tribune,128400,1988,JUDGE,DIVISION 12,METRO COURT,NM,"BACA, MARIE A.",,1,,,,"WRAP-UP: METRO COURT, DIVISION XII.",0.88
NM,Albuquerque Tribune,128400,1988,PRESIDENT,,,NM,"BUSH, GEORGE",Republican,1,,,,THE TRIBUNE'S GEORGE BUSH ENDORSEMENT EDITORIAL — 'BUSH IS MORE QUALIFIED'.,0.92
NM,Albuquerque Tribune,128400,1988,PRESIDENT,,,NM,"DUKAKIS, MICHAEL",Democrat,0,,,,OPPOSED — 'ARROGANCE'; 'ONE OF THE LEAST PREPARED CANDIDATES FOR PRESIDENT IN RECENT YEARS'.,0.92
NM,Albuquerque Tribune,128400,1988,STATE BOARD OF ED,4,,NM,"MOWRY, GLENDA",,1,,,,"WRAP-UP: BOARD OF EDUCATION DISTRICT 4, GLENDA MOWRY.",0.85
NM,Albuquerque Tribune,128400,1988,STATE REP,14,,NM,"LUCERO, FRANK",,1,,,,WRAP-UP: STATE HOUSE DISTRICT 14.,0.88
NM,Albuquerque Tribune,128400,1988,STATE REP,15,,NM,"SANCHEZ, RAYMOND G.",,1,,,,WRAP-UP: STATE HOUSE DISTRICT 15.,0.9
NM,Albuquerque Tribune,128400,1988,STATE REP,16,,NM,"COLLADO, ANGEL",,1,,,,WRAP-UP: STATE HOUSE DISTRICT 16.,0.85
NM,Albuquerque Tribune,128400,1988,STATE REP,26,,NM,"HUERTA, RAMON",,1,,,,WRAP-UP: STATE HOUSE DISTRICT 26.,0.88
NM,Albuquerque Tribune,128400,1988,STATE REP,27,,NM,"TYTLER, LINN J.",,1,,,,WRAP-UP: STATE HOUSE DISTRICT 27.,0.88
NM,Albuquerque Tribune,128400,1988,STATE REP,28,,NM,"CRANDALL, DOUG",,1,,,,WRAP-UP: STATE HOUSE DISTRICT 28.,0.88
NM,Albuquerque Tribune,128400,1988,STATE REP,29,,NM,"HOOVER, GARY",,1,,,,"WRAP-UP: STATE HOUSE DISTRICT 29 (1988-NOV-07 RECAP, VERIFIED FROM CLIPPING).",0.92
NM,Albuquerque Tribune,128400,1988,STATE REP,50,,NM,"KING, GARY",Democrat,1,,,,"WRAP-UP: STATE HOUSE DISTRICT 50, GARY KING.",0.9
NM,Albuquerque Tribune,128400,1988,STATE SENATOR,10,,NM,"PASTER, JANICE",,1,,,,"WRAP-UP: STATE SENATE DISTRICT 10 (1988-NOV-07 RECAP, VERIFIED FROM CLIPPING).",0.92
NM,Albuquerque Tribune,128400,1988,STATE SENATOR,15,,NM,"ASBURY, CHARLES ""TED""",,1,,,,WRAP-UP: STATE SENATE DISTRICT 15.,0.88
NM,Albuquerque Tribune,128400,1988,STATE SENATOR,17,,NM,"COSNER, WENDELL E.",,1,,,,WRAP-UP: STATE SENATE DISTRICT 17.,0.88
NM,Albuquerque Tribune,128400,1988,STATE SENATOR,18,,NM,"KENNEDY, RICHARD R.",,1,,,,WRAP-UP: STATE SENATE DISTRICT 18.,0.88
NM,Albuquerque Tribune,128400,1988,STATE SENATOR,19,,NM,"HOUSTON, LES",,1,,,,WRAP-UP: STATE SENATE DISTRICT 19.,0.88
NM,Albuquerque Tribune,128400,1988,STATE SENATOR,22,,NM,"CAUDELL, JAMES",,1,,,,"WRAP-UP: STATE SENATE DISTRICT 22 (1988-NOV-07 RECAP, VERIFIED FROM CLIPPING).",0.92
NM,Albuquerque Tribune,128400,1988,STATE SENATOR,26,,NM,"CHAVEZ, MARTY",,1,,,,WRAP-UP: STATE SENATE DISTRICT 26.,0.9
NM,Albuquerque Tribune,128400,1994,ASSESSOR,,,NM,"ADAMSKO, LINDA",,1,,,,Bernalillo County Assessor. [QA 2026-05-26: re-extracted from 19941107 clipping; Tribune 1994 was previously absent from CSV (in review queue as 'OCR limited content')],0.82
NM,Albuquerque Tribune,128400,1994,ATTORNEY GENERAL,,,NM,"UDALL, TOM",Democrat,1,,,,Attorney General. [QA 2026-05-26: re-extracted from 19941107 clipping; Tribune 1994 was previously absent from CSV (in review queue as 'OCR limited content')],0.92
NM,Albuquerque Tribune,128400,1994,AUDITOR,,,NM,"VIGIL, ROBERT",Democrat,1,,,,State Auditor. [QA 2026-05-26: re-extracted from 19941107 clipping; Tribune 1994 was previously absent from CSV (in review queue as 'OCR limited content')],0.92
NM,Albuquerque Tribune,128400,1994,CNTY COMM,1,,NM,"SANCHEZ, KEN",,1,,,,Bernalillo County Commission Dist 1. [QA 2026-05-26: re-extracted from 19941107 clipping; Tribune 1994 was previously absent from CSV (in review queue as 'OCR limited content')],0.85
NM,Albuquerque Tribune,128400,1994,CNTY COMM,5,,NM,"CARRILLO, MARK",,1,,,,Bernalillo County Commission Dist 5. [QA 2026-05-26: re-extracted from 19941107 clipping; Tribune 1994 was previously absent from CSV (in review queue as 'OCR limited content')],0.85
NM,Albuquerque Tribune,128400,1994,COURT OF APPEALS,,,NM,"APODACA, RUDY",,1,,,,Judicial Retention - Yes. [QA 2026-05-26: re-extracted from 19941107 clipping; Tribune 1994 was previously absent from CSV (in review queue as 'OCR limited content')],0.88
NM,Albuquerque Tribune,128400,1994,COURT OF APPEALS,,,NM,"MINZNER, PAMELA",,1,,,,Judicial Retention - Yes. [QA 2026-05-26: re-extracted from 19941107 clipping; Tribune 1994 was previously absent from CSV (in review queue as 'OCR limited content')],0.88
NM,Albuquerque Tribune,128400,1994,DIRECTOR,1,,NM,"HERKENHOFF, GORDON",,1,,,,Conservancy District 1 (At large). [QA 2026-05-26: re-extracted from 19941107 clipping; Tribune 1994 was previously absent from CSV (in review queue as 'OCR limited content')],0.78
NM,Albuquerque Tribune,128400,1994,DIRECTOR,2,,NM,"HAYNES, MARTIN",,1,,,,Conservancy District 2 (Bernalillo Co). [QA 2026-05-26: re-extracted from 19941107 clipping; Tribune 1994 was previously absent from CSV (in review queue as 'OCR limited content')],0.78
NM,Albuquerque Tribune,128400,1994,DIRECTOR,3,,NM,"GARCIA, RAY",,1,,,,Conservancy District 3 (Valencia Co). [QA 2026-05-26: re-extracted from 19941107 clipping; Tribune 1994 was previously absent from CSV (in review queue as 'OCR limited content')],0.78
NM,Albuquerque Tribune,128400,1994,DISTRICT COURT JUDGE,2-10,,NM,"BACA, THERESA",,1,,,,2nd Judicial District Division 10. [QA 2026-05-26: re-extracted from 19941107 clipping; Tribune 1994 was previously absent from CSV (in review queue as 'OCR limited content')],0.85
NM,Albuquerque Tribune,128400,1994,DISTRICT COURT JUDGE,2-7,,NM,"BACA, TED",,1,,,,2nd Judicial District Division 7. [QA 2026-05-26: re-extracted from 19941107 clipping; Tribune 1994 was previously absent from CSV (in review queue as 'OCR limited content')],0.85
NM,Albuquerque Tribune,128400,1994,FLOOD CONTROL BOARD,,,NM,"MILLET, DARRYL",,1,,,,AMAFCA board. [QA 2026-05-26: re-extracted from 19941107 clipping; Tribune 1994 was previously absent from CSV (in review queue as 'OCR limited content')],0.80
NM,Albuquerque Tribune,128400,1994,FLOOD CONTROL BOARD,,,NM,"SIMON, DAVID",,1,,,,AMAFCA board. [QA 2026-05-26: re-extracted from 19941107 clipping; Tribune 1994 was previously absent from CSV (in review queue as 'OCR limited content')],0.80
NM,Albuquerque Tribune,128400,1994,GOVERNOR,,,NM,"KING, BRUCE",Democrat,1,,,,Governor. [QA 2026-05-26: re-extracted from 19941107 clipping; Tribune 1994 was previously absent from CSV (in review queue as 'OCR limited content')],0.92
NM,Albuquerque Tribune,128400,1994,H,1,,NM,"SCHIFF, STEVE",Republican,1,,,,US House District 1. [QA 2026-05-26: re-extracted from 19941107 clipping; Tribune 1994 was previously absent from CSV (in review queue as 'OCR limited content')],0.92
NM,Albuquerque Tribune,128400,1994,H,3,,NM,"RICHARDSON, BILL",Democrat,1,,,,US House District 3. [QA 2026-05-26: re-extracted from 19941107 clipping; Tribune 1994 was previously absent from CSV (in review queue as 'OCR limited content')],0.92
NM,Albuquerque Tribune,128400,1994,JUDGE,2,,NM,"BACA, MARIE",,1,,,,Judicial Retention - Yes. [QA 2026-05-26: re-extracted from 19941107 clipping; Tribune 1994 was previously absent from CSV (in review queue as 'OCR limited content')] Metro Court Div 12.,0.82
NM,Albuquerque Tribune,128400,1994,JUDGE,2,,NM,"BARNHART, CHARLES",,0,,,,Judicial Retention - No. [QA 2026-05-26: re-extracted from 19941107 clipping; Tribune 1994 was previously absent from CSV (in review queue as 'OCR limited content')] Metro Court Div 4 — paper opposed.,0.85
NM,Albuquerque Tribune,128400,1994,JUDGE,2,,NM,"BIRGE, JOANNE",,0,,,,Judicial Retention - No. [QA 2026-05-26: re-extracted from 19941107 clipping; Tribune 1994 was previously absent from CSV (in review queue as 'OCR limited content')] Metro Court Div 8 — paper opposed.,0.80
NM,Albuquerque Tribune,128400,1994,JUDGE,2,,NM,"BROWN, BARBARA",,1,,,,Judicial Retention - Yes. [QA 2026-05-26: re-extracted from 19941107 clipping; Tribune 1994 was previously absent from CSV (in review queue as 'OCR limited content')] Metro Court Div 3.,0.82
NM,Albuquerque Tribune,128400,1994,JUDGE,2,,NM,"CALDWELL, KEESHA",,0,,,,Judicial Retention - No. [QA 2026-05-26: re-extracted from 19941107 clipping; Tribune 1994 was previously absent from CSV (in review queue as 'OCR limited content')] Metro Court Div 6 — paper opposed.,0.82
NM,Albuquerque Tribune,128400,1994,JUDGE,2,,NM,"GENTRY, FRANK",,0,,,,Judicial Retention - No. [QA 2026-05-26: re-extracted from 19941107 clipping; Tribune 1994 was previously absent from CSV (in review queue as 'OCR limited content')] Metro Court Div 10 — paper opposed.,0.82
NM,Albuquerque Tribune,128400,1994,JUDGE,2,,NM,"GOMEZ, THERESA",,1,,,,Judicial Retention - Yes. [QA 2026-05-26: re-extracted from 19941107 clipping; Tribune 1994 was previously absent from CSV (in review queue as 'OCR limited content')] Metro Court Div 14.,0.82
NM,Albuquerque Tribune,128400,1994,JUDGE,2,,NM,"KAVANAUGH, M.",,1,,,,Judicial Retention - Yes. [QA 2026-05-26: re-extracted from 19941107 clipping; Tribune 1994 was previously absent from CSV (in review queue as 'OCR limited content')] Metro Court Div 13.,0.80
NM,Albuquerque Tribune,128400,1994,JUDGE,2,,NM,"KENNEDY, R.",,1,,,,Judicial Retention - Yes. [QA 2026-05-26: re-extracted from 19941107 clipping; Tribune 1994 was previously absent from CSV (in review queue as 'OCR limited content')] Metro Court Div 5.,0.78
NM,Albuquerque Tribune,128400,1994,JUDGE,2,,NM,"LOVE, ELIZABETH",,0,,,,Judicial Retention - No. [QA 2026-05-26: re-extracted from 19941107 clipping; Tribune 1994 was previously absent from CSV (in review queue as 'OCR limited content')] Metro Court Div 9 — paper opposed.,0.82
NM,Albuquerque Tribune,128400,1994,JUDGE,2,,NM,"MACARON, MARK",,1,,,,Judicial Retention - Yes. [QA 2026-05-26: re-extracted from 19941107 clipping; Tribune 1994 was previously absent from CSV (in review queue as 'OCR limited content')] Metro Court Div 1.,0.82
NM,Albuquerque Tribune,128400,1994,JUDGE,2,,NM,"MARTINEZ, ANNA",,1,,,,Metro Court Div 15 race. [QA 2026-05-26: re-extracted from 19941107 clipping; Tribune 1994 was previously absent from CSV (in review queue as 'OCR limited content')],0.80
NM,Albuquerque Tribune,128400,1994,JUDGE,2,,NM,"PRELO, ROXANNA",,1,,,,Metro Court Div 7 race. [QA 2026-05-26: re-extracted from 19941107 clipping; Tribune 1994 was previously absent from CSV (in review queue as 'OCR limited content')],0.80
NM,Albuquerque Tribune,128400,1994,JUDGE,2,,NM,"SHAPIRO, MARK",,1,,,,Judicial Retention - Yes. [QA 2026-05-26: re-extracted from 19941107 clipping; Tribune 1994 was previously absent from CSV (in review queue as 'OCR limited content')] Metro Court Div 2.,0.85
NM,Albuquerque Tribune,128400,1994,LAND COMMISSIONER,,,NM,"POWELL, RAY",Democrat,1,,,,Land Commissioner. [QA 2026-05-26: re-extracted from 19941107 clipping; Tribune 1994 was previously absent from CSV (in review queue as 'OCR limited content')],0.92
NM,Albuquerque Tribune,128400,1994,LT GOVERNOR,,,NM,"MADRID, PATRICIA",Democrat,1,,,,Lt Governor. [QA 2026-05-26: re-extracted from 19941107 clipping; Tribune 1994 was previously absent from CSV (in review queue as 'OCR limited content')],0.92
NM,Albuquerque Tribune,128400,1994,PROBATE JUDGE,,,NM,"MESCALL, TOM",,1,,,,Bernalillo County Probate Judge. [QA 2026-05-26: re-extracted from 19941107 clipping; Tribune 1994 was previously absent from CSV (in review queue as 'OCR limited content')],0.85
NM,Albuquerque Tribune,128400,1994,RAILROAD COMMISSION,,,NM,"TRISTANI, GLORIA",Democrat,1,,,,Corporation Commissioner. [QA 2026-05-26: re-extracted from 19941107 clipping; Tribune 1994 was previously absent from CSV (in review queue as 'OCR limited content')],0.92
NM,Albuquerque Tribune,128400,1994,SEC OF STATE,,,NM,"GONZALES, STEPHANIE",Democrat,1,,,,Secretary of State. [QA 2026-05-26: re-extracted from 19941107 clipping; Tribune 1994 was previously absent from CSV (in review queue as 'OCR limited content')],0.92
NM,Albuquerque Tribune,128400,1994,SENATOR,,,NM,"BINGAMAN, JEFF",Democrat,1,,,,US Senator. [QA 2026-05-26: re-extracted from 19941107 clipping; Tribune 1994 was previously absent from CSV (in review queue as 'OCR limited content')],0.92
NM,Albuquerque Tribune,128400,1994,SHERIFF,,,NM,"BOWDICH, JOE",,1,,,,Bernalillo County Sheriff. [QA 2026-05-26: re-extracted from 19941107 clipping; Tribune 1994 was previously absent from CSV (in review queue as 'OCR limited content')],0.85
NM,Albuquerque Tribune,128400,1994,STATE BOARD OF ED,3,,NM,"RODRIGUEZ, EMMALOU",,1,,,,State Board of Ed District 3. [QA 2026-05-26: re-extracted from 19941107 clipping; Tribune 1994 was previously absent from CSV (in review queue as 'OCR limited content')],0.85
NM,Albuquerque Tribune,128400,1994,STATE BOARD OF ED,6,,NM,"SMITH, CATHERINE",,1,,,,State Board of Ed District 6. [QA 2026-05-26: re-extracted from 19941107 clipping; Tribune 1994 was previously absent from CSV (in review queue as 'OCR limited content')],0.85
NM,Albuquerque Tribune,128400,1994,STATE REP,15,,NM,"SANCHEZ, RAYMOND",Democrat,1,,,,State House District 15. [QA 2026-05-26: re-extracted from 19941107 clipping; Tribune 1994 was previously absent from CSV (in review queue as 'OCR limited content')],0.88
NM,Albuquerque Tribune,128400,1994,STATE REP,16,,NM,"DAVIS, ANNE",Republican,1,,,,State House District 16. [QA 2026-05-26: re-extracted from 19941107 clipping; Tribune 1994 was previously absent from CSV (in review queue as 'OCR limited content')],0.85
NM,Albuquerque Tribune,128400,1994,STATE REP,18,,NM,"MCSORLEY, CISCO",Democrat,1,,,,State House District 18. [QA 2026-05-26: re-extracted from 19941107 clipping; Tribune 1994 was previously absent from CSV (in review queue as 'OCR limited content')],0.88
NM,Albuquerque Tribune,128400,1994,STATE REP,19,,NM,"WILLIAMS, SHERYL",Democrat,1,,,,State House District 19. [QA 2026-05-26: re-extracted from 19941107 clipping; Tribune 1994 was previously absent from CSV (in review queue as 'OCR limited content')],0.88
NM,Albuquerque Tribune,128400,1994,STATE REP,20,,NM,"INGERSOLL, ROBERT",Democrat,1,,,,State House District 20. [QA 2026-05-26: re-extracted from 19941107 clipping; Tribune 1994 was previously absent from CSV (in review queue as 'OCR limited content')],0.88
NM,Albuquerque Tribune,128400,1994,STATE REP,21,,NM,"STEWART, MIMI",Democrat,1,,,,State House District 21. [QA 2026-05-26: re-extracted from 19941107 clipping; Tribune 1994 was previously absent from CSV (in review queue as 'OCR limited content')],0.88
NM,Albuquerque Tribune,128400,1994,STATE REP,23,,NM,"PICRAUX, DANICE",Democrat,1,,,,State House District 23. [QA 2026-05-26: re-extracted from 19941107 clipping; Tribune 1994 was previously absent from CSV (in review queue as 'OCR limited content')],0.85
NM,Albuquerque Tribune,128400,1994,STATE REP,25,,NM,"HUERTA, RAMON",Democrat,1,,,,State House District 25. [QA 2026-05-26: re-extracted from 19941107 clipping; Tribune 1994 was previously absent from CSV (in review queue as 'OCR limited content')],0.85
NM,Albuquerque Tribune,128400,1994,STATE REP,27,,NM,"LARRANAGA, LORENZO",Republican,1,,,,State House District 27. [QA 2026-05-26: re-extracted from 19941107 clipping; Tribune 1994 was previously absent from CSV (in review queue as 'OCR limited content')],0.85
NM,Albuquerque Tribune,128400,1994,STATE REP,28,,NM,"GETTY, RITA",Democrat,1,,,,State House District 28. [QA 2026-05-26: re-extracted from 19941107 clipping; Tribune 1994 was previously absent from CSV (in review queue as 'OCR limited content')],0.82
NM,Albuquerque Tribune,128400,1994,STATE REP,29,,NM,"O'BRIEN, RONDOLYN",Democrat,1,,,,State House District 29. [QA 2026-05-26: re-extracted from 19941107 clipping; Tribune 1994 was previously absent from CSV (in review queue as 'OCR limited content')],0.82
NM,Albuquerque Tribune,128400,1994,STATE REP,30,,NM,"GUBBELS, PAULINE",Republican,1,,,,State House District 30. [QA 2026-05-26: re-extracted from 19941107 clipping; Tribune 1994 was previously absent from CSV (in review queue as 'OCR limited content')],0.85
NM,Albuquerque Tribune,128400,1994,STATE REP,44,,NM,"PERLS, ROBERT",Democrat,1,,,,State House District 44. [QA 2026-05-26: re-extracted from 19941107 clipping; Tribune 1994 was previously absent from CSV (in review queue as 'OCR limited content')],0.85
NM,Albuquerque Tribune,128400,1994,STATE REP,50,,NM,"KING, GARY",Democrat,1,,,,State House District 50. [QA 2026-05-26: re-extracted from 19941107 clipping; Tribune 1994 was previously absent from CSV (in review queue as 'OCR limited content')],0.88
NM,Albuquerque Tribune,128400,1994,STATE SENATOR,26,,NM,"MALOOF, PHIL",Democrat,1,,,,State Senate District 26. [QA 2026-05-26: re-extracted from 19941107 clipping; Tribune 1994 was previously absent from CSV (in review queue as 'OCR limited content')],0.88
NM,Albuquerque Tribune,128400,1994,SUPREME COURT,,,NM,"RANSOM, RICHARD",,1,,,,Judicial Retention - Yes. [QA 2026-05-26: re-extracted from 19941107 clipping; Tribune 1994 was previously absent from CSV (in review queue as 'OCR limited content')],0.88
NM,Albuquerque Tribune,128400,1994,TREASURER,,,NM,"GARCIA, LORENZO",Democrat,1,,,,State Treasurer. [QA 2026-05-26: re-extracted from 19941107 clipping; Tribune 1994 was previously absent from CSV (in review queue as 'OCR limited content')],0.92
NM,Albuquerque Tribune,128400,1996,CNTY CLERK,,BERNALILLO COUNTY,NM,"WOODWARD, JUDY",,1,,,,,0.88
NM,Albuquerque Tribune,128400,1996,CNTY TREASURER,,BERNALILLO COUNTY,NM,"VIGIL, ORLANDO",,1,,,,,0.88
NM,Albuquerque Tribune,128400,1996,COURT OF APPEALS,,,NM,"BOSSON, RICHARD",,1,,,,Judicial retention - Yes,0.92
NM,Albuquerque Tribune,128400,1996,COURT OF APPEALS,1,,NM,"ARMIJO, M. CHRISTINA",,1,,,,Position 1,0.9
NM,Albuquerque Tribune,128400,1996,COURT OF APPEALS,2,,NM,"BUSTAMANTE, MICHAEL",,1,,,,Position 2,0.92
NM,Albuquerque Tribune,128400,1996,COURT OF APPEALS,3,,NM,"WECHSLER, JIM",,1,,,,Position 3,0.92
NM,Albuquerque Tribune,128400,1996,DA/PROSECUTOR,,,NM,"ROMERO, JEFF",,1,,,,"District Attorney, District 2",0.88
NM,Albuquerque Tribune,128400,1996,DISTRICT COURT JUDGE,2,,NM,"BACA, THERESA",,1,,,,2nd Judicial District retention - Yes. [QA 2026-05-26: 1996 fix per re-read of 19961104 'Tribune recommends' editorial],0.85
NM,Albuquerque Tribune,128400,1996,DISTRICT COURT JUDGE,2,,NM,"SANCHEZ, ROSS",,1,,,,2nd Judicial District retention - Yes. [QA 2026-05-26: 1996 fix per re-read of 19961104 'Tribune recommends' editorial],0.85
NM,Albuquerque Tribune,128400,1996,DISTRICT COURT JUDGE,2-15,,NM,"KNOWLES, RICHARD",,1,,,,Division 15,0.88
NM,Albuquerque Tribune,128400,1996,DISTRICT COURT JUDGE,2-21,,NM,"JEWELL, ANGELA",,1,,,,Division 21,0.88
NM,Albuquerque Tribune,128400,1996,DISTRICT COURT JUDGE,2-?,,NM,"ALLEN, FRANK",,1,,,,Judicial retention - Yes,0.88
NM,Albuquerque Tribune,128400,1996,DISTRICT COURT JUDGE,2-?,,NM,"BLACKMER, JAMES",,1,,,,Judicial retention - Yes,0.88
NM,Albuquerque Tribune,128400,1996,DISTRICT COURT JUDGE,2-?,,NM,"BRENNAN, JOHN",,1,,,,Judicial retention - Yes,0.85
NM,Albuquerque Tribune,128400,1996,DISTRICT COURT JUDGE,2-?,,NM,"COLE, GERALD",,1,,,,Judicial retention - Yes,0.85
NM,Albuquerque Tribune,128400,1996,DISTRICT COURT JUDGE,2-?,,NM,"CONWAY, SUSAN",,1,,,,Judicial retention - Yes,0.85
NM,Albuquerque Tribune,128400,1996,DISTRICT COURT JUDGE,2-?,,NM,"DAL SANTO, DIANE",,1,,,,Judicial retention - Yes,0.85
NM,Albuquerque Tribune,128400,1996,DISTRICT COURT JUDGE,2-?,,NM,"JEWELL, TOMMY",,1,,,,Judicial retention - Yes,0.88
NM,Albuquerque Tribune,128400,1996,DISTRICT COURT JUDGE,2-?,,NM,"KASS, ANNE",,1,,,,Judicial retention - Yes,0.85
NM,Albuquerque Tribune,128400,1996,DISTRICT COURT JUDGE,2-?,,NM,"LANG, WILLIAM",,1,,,,Judicial retention - Yes,0.85
NM,Albuquerque Tribune,128400,1996,DISTRICT COURT JUDGE,2-?,,NM,"MARTINEZ, MICHAEL",,1,,,,Judicial retention - Yes,0.92
NM,Albuquerque Tribune,128400,1996,DISTRICT COURT JUDGE,2-?,,NM,"MURDOCH, ALBERT",,1,,,,Judicial retention - Yes,0.85
NM,Albuquerque Tribune,128400,1996,DISTRICT COURT JUDGE,2-?,,NM,"SCHNEIDER, DANIEL",,1,,,,Judicial retention - Yes [QA 2026-05-26: 1996 fix per re-read of 19961104 'Tribune recommends' editorial] (first name garbled ? -> DANIEL),0.55
NM,Albuquerque Tribune,128400,1996,DISTRICT COURT JUDGE,2-?,,NM,"SCOTT, ROBERT",,1,,,,Judicial retention - Yes,0.85
NM,Albuquerque Tribune,128400,1996,DISTRICT COURT JUDGE,2-?,,NM,"SMITH, W. C. ""WOODY""",,1,,,,Judicial retention - Yes,0.85
NM,Albuquerque Tribune,128400,1996,DISTRICT COURT JUDGE,2-?,,NM,"THOMPSON, GERARD",,1,,,,Judicial retention - Yes,0.88
NM,Albuquerque Tribune,128400,1996,DISTRICT COURT JUDGE,2-?,,NM,"THOMPSON, ROBERT",,1,,,,Judicial retention - Yes,0.85
NM,Albuquerque Tribune,128400,1996,FLOOD CONTROL BOARD,,,NM,"BROWN, RONALD",,1,,,,AMAFCA Flood Control Board. [QA 2026-05-26: 1996 fix per re-read of 19961104 'Tribune recommends' editorial],0.85
NM,Albuquerque Tribune,128400,1996,FLOOD CONTROL BOARD,,,NM,"MEEKER, GENEVA",,1,,,,AMAFCA Flood Control Board. [QA 2026-05-26: 1996 fix per re-read of 19961104 'Tribune recommends' editorial],0.85
NM,Albuquerque Tribune,128400,1996,H,1,,NM,"SCHIFF, STEVEN H.",Republican,1,,1,,Incumbent [QA 2026-05-26: 1996 fix per re-read of 19961104 'Tribune recommends' editorial] (added H. middle initial),0.92
NM,Albuquerque Tribune,128400,1996,H,2,,NM,"BACA, E. SHIRLEY",Democrat,1,,,,"[QA 2026-05-26: 1996 fix per re-read of 19961104 'Tribune recommends' editorial] (corrected F. -> E. per editorial ""E. Shirley Baca"")",0.9
NM,Albuquerque Tribune,128400,1996,H,3,,NM,"RICHARDSON, BILL",Democrat,1,1,,,Incumbent,0.92
NM,Albuquerque Tribune,128400,1996,JUDGE,,METRO COURT DIV 9,NM,"GRANT, VICTORIA",,1,,,,,0.88
NM,Albuquerque Tribune,128400,1996,PRESIDENT,,,NM,"DOLE, BOB",Republican,1,,,,,0.92
NM,Albuquerque Tribune,128400,1996,RAILROAD COMMISSION,,,NM,"SERNA, ERIC",,1,,,,State Corporation Commission,0.88
NM,Albuquerque Tribune,128400,1996,SENATOR,,,NM,"DOMENICI, PETE",Republican,1,,1,,Incumbent,0.92
NM,Albuquerque Tribune,128400,1996,STATE BOARD OF ED,1,,NM,"SANCHEZ, FLORA",,1,,,,District 1,0.88
NM,Albuquerque Tribune,128400,1996,STATE REP,15,,NM,"SANCHEZ, RAYMOND G.",,1,,,,State House [QA 2026-05-26: 1996 fix per re-read of 19961104 'Tribune recommends' editorial] (added dist=15; added middle initial G.),0.78
NM,Albuquerque Tribune,128400,1996,STATE REP,18,,NM,"BEAM, GAIL",,1,,,,State House Dist 18. [QA 2026-05-26: 1996 fix per re-read of 19961104 'Tribune recommends' editorial],0.85
NM,Albuquerque Tribune,128400,1996,STATE REP,20,,NM,"HOBBS, TED",,1,,,,,0.88
NM,Albuquerque Tribune,128400,1996,STATE REP,21,,NM,"STEWART, MIMI",,1,,,,,0.92
NM,Albuquerque Tribune,128400,1996,STATE REP,22,,NM,"ALWIN, JERRY LEE",,1,,,,,0.85
NM,Albuquerque Tribune,128400,1996,STATE REP,24,,NM,"MARTIN, MARY LEE",,1,,,,,0.88
NM,Albuquerque Tribune,128400,1996,STATE REP,25,,NM,"PICRAUX, DANICE",,1,,,,State House Dist 25. [QA 2026-05-26: 1996 fix per re-read of 19961104 'Tribune recommends' editorial],0.85
NM,Albuquerque Tribune,128400,1996,STATE REP,29,,NM,"OBRIEN, RONDOLYN",,1,,,,,0.85
NM,Albuquerque Tribune,128400,1996,STATE REP,31,,NM,"HUGHES, MARY ANN",,1,,,,,0.85
NM,Albuquerque Tribune,128400,1996,STATE REP,44,,NM,"PERLS, ROBERT",,1,,,,,0.88
NM,Albuquerque Tribune,128400,1996,STATE REP,50,,NM,"KING, GARY",,1,,,,,0.78
NM,Albuquerque Tribune,128400,1996,STATE REP,60,,NM,"MARTINEZ, VINCE",,1,,,,,0.85
NM,Albuquerque Tribune,128400,1996,STATE SENATOR,10,,NM,"PASTER, JANICE",,1,,,,,0.88
NM,Albuquerque Tribune,128400,1996,STATE SENATOR,13,,NM,"FELDMAN, DEDE",,1,,,,,0.9
NM,Albuquerque Tribune,128400,1996,STATE SENATOR,15,,NM,"DURKOVICH, KAREN",,1,,,,,0.88
NM,Albuquerque Tribune,128400,1996,STATE SENATOR,16,,NM,"MCSORLEY, CISCO",,1,,,,,0.85
NM,Albuquerque Tribune,128400,1996,STATE SENATOR,17,,NM,"LOPEZ, DANIEL",,1,,,,,0.85
NM,Albuquerque Tribune,128400,1996,STATE SENATOR,18,,NM,"RILEY, ANN",,1,,,,,0.78
NM,Albuquerque Tribune,128400,1996,STATE SENATOR,19,,NM,"WILSON, SUE",,1,,,,,0.85
NM,Albuquerque Tribune,128400,1996,STATE SENATOR,20,,NM,"PAYNE, WILLIAM",,1,,,,,0.88
NM,Albuquerque Tribune,128400,1996,STATE SENATOR,21,,NM,"MILLER, ANITA",,1,,,,State Senate Dist 21. [QA 2026-05-26: 1996 fix per re-read of 19961104 'Tribune recommends' editorial],0.85
NM,Albuquerque Tribune,128400,1996,STATE SENATOR,23,,NM,"CARRARO, JOE",,1,,,,State Senate Dist 23. [QA 2026-05-26: 1996 fix per re-read of 19961104 'Tribune recommends' editorial],0.85
NM,Albuquerque Tribune,128400,1996,STATE SENATOR,26,,NM,"MALOOF, PHIL",,1,,,,State Senate Dist 26. [QA 2026-05-26: 1996 fix per re-read of 19961104 'Tribune recommends' editorial],0.85
NM,Albuquerque Tribune,128400,1996,STATE SENATOR,9,,NM,"EISENSTADT, PAULINE",,1,,,,State Senate Dist 9. [QA 2026-05-26: 1996 fix per re-read of 19961104 'Tribune recommends' editorial],0.85
NM,Albuquerque Tribune,128400,1996,SUPREME COURT,,,NM,"BACA, JOSEPH",,1,,,,Judicial retention - Yes,0.92
NM,Albuquerque Tribune,128400,1996,SUPREME COURT,1,,NM,"MINZNER, PAMELA",,1,,,,Position 1,0.92
NM,Albuquerque Tribune,128400,1996,SUPREME COURT,2,,NM,"HARTZ, HARRIS",,1,,,,Position 2,0.92
NM,Albuquerque Tribune,128400,1998,ASSESSOR,,,NM,"ALCON, KELLY",,1,,,,Bernalillo County Assessor.  [QA 2026-05-26: 1998 fix per re-read of 19981031 'A recap' editorial],0.85
NM,Albuquerque Tribune,128400,1998,ATTORNEY GENERAL,,,NM,"IGLESIAS, DAVID",Republican,1,,,,WRAP-UP: ATTORNEY GENERAL.,0.9
NM,Albuquerque Tribune,128400,1998,AUDITOR,,,NM,"MARTINEZ, DOMINGO",Democrat,1,,,,WRAP-UP: STATE AUDITOR.,0.9
NM,Albuquerque Tribune,128400,1998,CNTY COMM,1,,NM,"SANCHEZ, KEN",,1,,,,Bernalillo County Commission Dist 1.  [QA 2026-05-26: 1998 fix per re-read of 19981031 'A recap' editorial],0.85
NM,Albuquerque Tribune,128400,1998,CNTY COMM,5,,NM,"BROWN, JEREMY",,1,,,,Bernalillo County Commission Dist 5.  [QA 2026-05-26: 1998 fix per re-read of 19981031 'A recap' editorial],0.85
NM,Albuquerque Tribune,128400,1998,COURT OF APPEALS,,,NM,"HARTZ, HARRIS",,1,,,,Judicial Retention - Yes (Appeals Court).  [QA 2026-05-26: 1998 fix per re-read of 19981031 'A recap' editorial],0.85
NM,Albuquerque Tribune,128400,1998,COURT OF APPEALS,,,NM,"PICKARD, LYNN",,1,,,,Judicial Retention - Yes (Appeals Court).  [QA 2026-05-26: 1998 fix per re-read of 19981031 'A recap' editorial],0.85
NM,Albuquerque Tribune,128400,1998,COURT OF APPEALS,,,NM,"WECHSLER, JIM",,1,,,,Judicial Retention - Yes (Appeals Court).  [QA 2026-05-26: 1998 fix per re-read of 19981031 'A recap' editorial],0.85
NM,Albuquerque Tribune,128400,1998,DISTRICT COURT JUDGE,2-5,,NM,"BARBER, PAUL",,1,,,,2nd JD Division 5 contested.  [QA 2026-05-26: 1998 fix per re-read of 19981031 'A recap' editorial],0.85
NM,Albuquerque Tribune,128400,1998,DISTRICT COURT JUDGE,2-9,,NM,"MACARON, MARK",,1,,,,2nd JD Division 9 contested.  [QA 2026-05-26: 1998 fix per re-read of 19981031 'A recap' editorial],0.85
NM,Albuquerque Tribune,128400,1998,GOVERNOR,,,NM,"CHAVEZ, MARTIN",Democrat,1,,,,WRAP-UP RECAP: GOVERNOR/LT GOV TICKET (CHAVEZ AND DENISH).,0.88
NM,Albuquerque Tribune,128400,1998,H,1,,NM,"MALOOF, PHILLIP",Democrat,1,,,,WRAP-UP: US HOUSE DISTRICT 1.,0.9
NM,Albuquerque Tribune,128400,1998,H,2,,NM,"BACA, E. SHIRLEY",Democrat,1,,,,WRAP-UP: US HOUSE DISTRICT 2.,0.9
NM,Albuquerque Tribune,128400,1998,H,3,,NM,"UDALL, TOM",Democrat,1,,,,WRAP-UP: US HOUSE DISTRICT 3.,0.9
NM,Albuquerque Tribune,128400,1998,JUDGE,DIVISION 1,,NM,"SHEPHERD, DENISE",,1,,,,Metro Court Division 1 contested.  [QA 2026-05-26: 1998 fix per re-read of 19981031 'A recap' editorial],0.85
NM,Albuquerque Tribune,128400,1998,JUDGE,DIVISION 10,BERNALILLO METRO COURT,NM,"GENTRY, FRANK",,0,,,,"WRAP-UP: METRO COURT JUDGE — DIVISION 10. [QA 2026-05-26: 1998 fix per re-read of 19981031 'A recap' editorial] (endorsed 1->0; editorial: ""do not retain"")",0.85
NM,Albuquerque Tribune,128400,1998,JUDGE,DIVISION 11,,NM,"NIEMCZYK, CECELIA",,1,,,,Metro Court Division 11 contested.  [QA 2026-05-26: 1998 fix per re-read of 19981031 'A recap' editorial],0.85
NM,Albuquerque Tribune,128400,1998,JUDGE,DIVISION 12,BERNALILLO METRO COURT,NM,"BACA, MARIE",,1,,,,"WRAP-UP: METRO COURT JUDGE — RETAIN, DIVISION 12.",0.88
NM,Albuquerque Tribune,128400,1998,JUDGE,DIVISION 13,BERNALILLO METRO COURT,NM,"KAVANAUGH, J. MICHAEL",,1,,,,"WRAP-UP: METRO COURT JUDGE — RETAIN, DIVISION 13.",0.88
NM,Albuquerque Tribune,128400,1998,JUDGE,DIVISION 14,BERNALILLO METRO COURT,NM,"GOMEZ, THERESA",,1,,,,"WRAP-UP: METRO COURT JUDGE — RETAIN, DIVISION 14. [QA 2026-05-26: 1998 fix per re-read of 19981031 'A recap' editorial] (GOMER->GOMEZ)",0.85
NM,Albuquerque Tribune,128400,1998,JUDGE,DIVISION 14,BERNALILLO METRO COURT,NM,"MARTINEZ, ANNA",,0,,,,"WRAP-UP: METRO COURT JUDGE — LISTED 'DIVISION 14' (LIKELY DIFFERENT DIVISION; OCR REPEATS NUMBER). [QA 2026-05-26: 1998 fix per re-read of 19981031 'A recap' editorial] (endorsed 1->0; editorial: ""do not retain"")",0.7
NM,Albuquerque Tribune,128400,1998,JUDGE,DIVISION 2,,NM,"FITZWATER, KEVIN",,1,,,,Metro Court Division 2 contested.  [QA 2026-05-26: 1998 fix per re-read of 19981031 'A recap' editorial],0.85
NM,Albuquerque Tribune,128400,1998,JUDGE,DIVISION 3,BERNALILLO METRO COURT,NM,"BROWN, BARBARA",,1,,,,"WRAP-UP: METRO COURT JUDGE — RETAIN, DIVISION 3.",0.88
NM,Albuquerque Tribune,128400,1998,JUDGE,DIVISION 4,,NM,"BARNHART, CHARLES",,0,,,,Metro Court Division 4 retention - DO NOT RETAIN.  [QA 2026-05-26: 1998 fix per re-read of 19981031 'A recap' editorial],0.85
NM,Albuquerque Tribune,128400,1998,JUDGE,DIVISION 5,BERNALILLO METRO COURT,NM,"KENNEDY, RODERICK",,1,,,,"WRAP-UP: METRO COURT JUDGE — RETAIN, DIVISION 5.",0.88
NM,Albuquerque Tribune,128400,1998,JUDGE,DIVISION 6,BERNALILLO METRO COURT,NM,"ASHANTI, KEESHA",,0,,,,"WRAP-UP: METRO COURT JUDGE — DIVISION 6 (NEW SEAT, NOT RETENTION). [QA 2026-05-26: 1998 fix per re-read of 19981031 'A recap' editorial] (endorsed 1->0; editorial: ""do not retain"")",0.82
NM,Albuquerque Tribune,128400,1998,JUDGE,DIVISION 7,BERNALILLO METRO COURT,NM,"CANDELARIA, NEIL",,1,,,,"WRAP-UP: METRO COURT JUDGE — RETAIN, DIVISION 7.",0.88
NM,Albuquerque Tribune,128400,1998,JUDGE,DIVISION 8,,NM,"ROBERTS, DONAVON",,1,,,,Metro Court Division 8 contested.  [QA 2026-05-26: 1998 fix per re-read of 19981031 'A recap' editorial],0.85
NM,Albuquerque Tribune,128400,1998,JUDGE,DIVISION 9,BERNALILLO METRO COURT,NM,"GRANT, VICTORIA",,1,,,,"WRAP-UP: METRO COURT JUDGE — RETAIN, DIVISION 9.",0.88
NM,Albuquerque Tribune,128400,1998,LAND COMMISSIONER,,,NM,"POWELL, RAY",Democrat,1,,,,Land Commissioner.  [QA 2026-05-26: 1998 fix per re-read of 19981031 'A recap' editorial],0.85
NM,Albuquerque Tribune,128400,1998,LT GOVERNOR,,,NM,"DENISH, DIANE",Democrat,1,,,,WRAP-UP RECAP: GOV/LT GOV TICKET (CHAVEZ AND DENISH).,0.88
NM,Albuquerque Tribune,128400,1998,PROBATE JUDGE,,,NM,"AHR, ARTHUR",,1,,,,Bernalillo County Probate Judge.  [QA 2026-05-26: 1998 fix per re-read of 19981031 'A recap' editorial],0.85
NM,Albuquerque Tribune,128400,1998,RAILROAD COMMISSION,1,,NM,"PASTER, JANICE",,1,,,,PRC District 1.  [QA 2026-05-26: 1998 fix per re-read of 19981031 'A recap' editorial],0.85
NM,Albuquerque Tribune,128400,1998,RAILROAD COMMISSION,3,,NM,"BAIN, CLIFTON",,1,,,,PRC District 3.  [QA 2026-05-26: 1998 fix per re-read of 19981031 'A recap' editorial],0.85
NM,Albuquerque Tribune,128400,1998,RAILROAD COMMISSION,4,,NM,"LOVEJOY, LYNDA",,1,,,,PRC District 4.  [QA 2026-05-26: 1998 fix per re-read of 19981031 'A recap' editorial],0.85
NM,Albuquerque Tribune,128400,1998,SEC OF STATE,,,NM,"DURAN, DIANNA",Republican,1,,,,"WRAP-UP: LAND COMMISSIONER. [QA 2026-05-26: 1998 fix per re-read of 19981031 'A recap' editorial] (LAND COMMISSIONER->SEC OF STATE; editorial: Duran is Sec of State, Powell is Land Comm)",0.9
NM,Albuquerque Tribune,128400,1998,SHERIFF,,,NM,"BOWDICH, JOE",,1,,,,Bernalillo County Sheriff.  [QA 2026-05-26: 1998 fix per re-read of 19981031 'A recap' editorial],0.85
NM,Albuquerque Tribune,128400,1998,STATE BOARD OF ED,3,,NM,"TRUJILLO, CHRISTINE",,1,,,,WRAP-UP: STATE BOARD OF EDUCATION DISTRICT 3.,0.85
NM,Albuquerque Tribune,128400,1998,STATE REP,11,,NM,"MIERA, RICK",Democrat,1,,,,WRAP-UP: STATE HOUSE DISTRICT 11.,0.88
NM,Albuquerque Tribune,128400,1998,STATE REP,12,,NM,"TAYLOR, JAMES",,1,,,,WRAP-UP: STATE HOUSE DISTRICT 12.,0.88
NM,Albuquerque Tribune,128400,1998,STATE REP,15,,NM,"SANCHEZ, RAYMOND",Democrat,1,,,,WRAP-UP: STATE HOUSE DISTRICT 15.,0.9
NM,Albuquerque Tribune,128400,1998,STATE REP,16,,NM,"CHAVEZ, JOE NESTOR",,1,,,,WRAP-UP: STATE HOUSE DISTRICT 16.,0.88
NM,Albuquerque Tribune,128400,1998,STATE REP,19,,NM,"WILLIAMS, SHERYL",,1,,,,WRAP-UP: STATE HOUSE (DISTRICT NUMBER LOST IN OCR).,0.7
NM,Albuquerque Tribune,128400,1998,STATE REP,23,,NM,"BACA, STEPHEN",,1,,,,WRAP-UP: STATE HOUSE DISTRICT 23.,0.85
NM,Albuquerque Tribune,128400,1998,STATE REP,26,,NM,"GETTY, RITA",,1,,,,WRAP-UP: STATE HOUSE (DISTRICT NUMBER LOST IN OCR; ADJACENT TO DIST 23 AND 28).,0.7
NM,Albuquerque Tribune,128400,1998,STATE REP,28,,NM,"VARGAS-BRIMHALL, A. ROCIO",,1,,,,WRAP-UP: STATE HOUSE DISTRICT 28.,0.85
NM,Albuquerque Tribune,128400,1998,STATE REP,29,,NM,"GARCIA, JOHN MARTIN",,1,,,,WRAP-UP: STATE HOUSE (DISTRICT NUMBER LOST IN OCR).,0.7
NM,Albuquerque Tribune,128400,1998,STATE REP,31,,NM,"THOMPSON, JOSEPH",,1,,,,WRAP-UP: STATE HOUSE DISTRICT 31.,0.85
NM,Albuquerque Tribune,128400,1998,STATE REP,44,,NM,"SCHERZINGER, VICTOR",,1,,,,WRAP-UP: STATE HOUSE DISTRICT 44.,0.85
NM,Albuquerque Tribune,128400,1998,STATE REP,50,,NM,"KING, RHONDA",Democrat,1,,,,WRAP-UP: STATE HOUSE DISTRICT 50.,0.88
NM,Albuquerque Tribune,128400,1998,SUPREME COURT,,,NM,"FRANCHINI, GENE E.",,1,,,,Judicial Retention - Yes (Supreme Court).  [QA 2026-05-26: 1998 fix per re-read of 19981031 'A recap' editorial],0.85
NM,Albuquerque Tribune,128400,1998,TREASURER,,,NM,"GARCIA, LORENZO",,1,,,,WRAP-UP: STATE TREASURER.,0.88
NM,Albuquerque Tribune,128400,2000,CNTY CLERK,,BERNALILLO COUNTY,NM,"HERRERA, MARY",Democrat,1,,,,,0.92
NM,Albuquerque Tribune,128400,2000,CNTY COMM,2,BERNALILLO COUNTY,NM,"GALLEGOS, STEVE D.",Democrat,1,,,,,0.9
NM,Albuquerque Tribune,128400,2000,CNTY COMM,4,BERNALILLO COUNTY,NM,"CUMMINS, E. TIM",Republican,1,,,,,0.9
NM,Albuquerque Tribune,128400,2000,COURT OF APPEALS,,,NM,"ALARID, JOSEPH",,1,,,,Judicial retention - retain,0.9
NM,Albuquerque Tribune,128400,2000,COURT OF APPEALS,1,,NM,"SUTIN, JONATHAN B.",Republican,1,,,,Position 1,0.9
NM,Albuquerque Tribune,128400,2000,COURT OF APPEALS,2,,NM,"KENNEDY, RODERICK T.",Republican,1,,,,Position 2,0.9
NM,Albuquerque Tribune,128400,2000,COURT OF APPEALS,3,,NM,"ELLINGTON, T. GLENN",Republican,1,,,,Position 3,0.9
NM,Albuquerque Tribune,128400,2000,COURT OF APPEALS,4,,NM,"CASTILLO, CELIA FOY",Democrat,1,,,,Position 4,0.9
NM,Albuquerque Tribune,128400,2000,DA/PROSECUTOR,,,NM,"BRANDENBURG, KARI",Democrat,1,,,,,0.92
NM,Albuquerque Tribune,128400,2000,H,1,,NM,"KELLY, JOHN",Republican,1,,,,[QA 2026-05-26: 2000 fix per re-read of 20001104 'Tribune recommendations' editorial] (party D->R),0.9
NM,Albuquerque Tribune,128400,2000,H,2,,NM,"SKEEN, JOE",Republican,1,,1,,,0.92
NM,Albuquerque Tribune,128400,2000,H,3,,NM,"UDALL, TOM",Democrat,1,,,,,0.92
NM,Albuquerque Tribune,128400,2000,JUDGE,,METRO COURT DIV 5,NM,"SHEPPARD, REED S.",Republican,1,,,,,0.9
NM,Albuquerque Tribune,128400,2000,JUDGE,,METRO COURT DIV 16,NM,"WALTON, SHARON D.",Republican,1,,,,,0.9
NM,Albuquerque Tribune,128400,2000,SENATOR,,,NM,"BINGAMAN, JEFF",Democrat,1,1,,,,0.92
NM,Albuquerque Tribune,128400,2000,STATE REP,10,,NM,"SAAVEDRA, HENRY ""KIKI""",Democrat,1,,,,,0.9
NM,Albuquerque Tribune,128400,2000,STATE REP,11,,NM,"MIERA, RICK",Democrat,1,,,,,0.92
NM,Albuquerque Tribune,128400,2000,STATE REP,12,,NM,"TAYLOR, JAMES G.",Democrat,1,,,,,0.9
NM,Albuquerque Tribune,128400,2000,STATE REP,13,,NM,"SILVA, DAN",Democrat,1,,,,,0.92
NM,Albuquerque Tribune,128400,2000,STATE REP,14,,NM,"GARCIA, MIGUEL",Democrat,1,,,,,0.92
NM,Albuquerque Tribune,128400,2000,STATE REP,15,,NM,"SANCHEZ, RAYMOND G.",Democrat,1,,,,,0.92
NM,Albuquerque Tribune,128400,2000,STATE REP,17,,NM,"SANDOVAL, EDWARD",Democrat,1,,,,,0.92
NM,Albuquerque Tribune,128400,2000,STATE REP,21,,NM,"STEWART, MIMI",Democrat,1,,,,,0.92
NM,Albuquerque Tribune,128400,2000,STATE REP,25,,NM,"PICRAUX, DANICE",Democrat,1,,,,,0.9
NM,Albuquerque Tribune,128400,2000,STATE REP,26,,NM,"HAWKINS, ART",Republican,1,,,,,0.88
NM,Albuquerque Tribune,128400,2000,STATE REP,28,,NM,"HOPKINS, KAREN",Democrat,1,,,,,0.88
NM,Albuquerque Tribune,128400,2000,STATE REP,29,,NM,"FULLER, WILLIAM",Republican,1,,,,,0.88
NM,Albuquerque Tribune,128400,2000,STATE REP,30,,NM,"GUBBELS, PAULINE",Republican,1,,,,,0.88
NM,Albuquerque Tribune,128400,2000,STATE REP,44,,NM,"VANDERSTAR RUSSELL, JUDY",Republican,1,,,,,0.85
NM,Albuquerque Tribune,128400,2000,STATE REP,50,,NM,"KING, RHONDA",Democrat,1,,,,,0.88
NM,Albuquerque Tribune,128400,2000,STATE REP,60,,NM,"MORAN, JAMES",Democrat,1,,,,,0.88
NM,Albuquerque Tribune,128400,2000,STATE REP,65,,NM,"MADALENA, JAMES ROGER",Democrat,1,,,,,0.88
NM,Albuquerque Tribune,128400,2000,STATE SENATOR,10,,NM,"PASTER, JANICE",Democrat,1,,,,,0.88
NM,Albuquerque Tribune,128400,2000,STATE SENATOR,11,,NM,"LOPEZ, LINDA",Democrat,1,,,,,0.88
NM,Albuquerque Tribune,128400,2000,STATE SENATOR,12,,NM,"ROMERO, RICHARD",Democrat,1,,,,,0.9
NM,Albuquerque Tribune,128400,2000,STATE SENATOR,15,,NM,"SNYDER, HELEN DIANE",Republican,1,,,,,0.88
NM,Albuquerque Tribune,128400,2000,STATE SENATOR,17,,NM,"ROBINSON, SHANNON",Democrat,1,,,,,0.88
NM,Albuquerque Tribune,128400,2000,STATE SENATOR,23,,NM,"CARRARO, JOE",Republican,1,,,,,0.88
NM,Albuquerque Tribune,128400,2000,STATE SENATOR,26,,NM,"SANCHEZ, BERNADETTE",Democrat,1,,,,,0.88
NM,Albuquerque Tribune,128400,2000,STATE SENATOR,9,,NM,"HAYS, BRAD",Democrat,1,,,,,0.85
NM,Albuquerque Tribune,128400,2000,SUPREME COURT,,,NM,"SERNA, PATRICIO M.",,1,,,,Judicial retention - retain,0.9
NM,Albuquerque Tribune,128400,2002,ASSESSOR,,BERNALILLO COUNTY,NM,"CARRILLO, MARK",,1,,,,,0.9
NM,Albuquerque Tribune,128400,2002,ATTORNEY GENERAL,,,NM,"GLEASON, ANN TYNER",,1,,,,,0.85
NM,Albuquerque Tribune,128400,2002,AUDITOR,,,NM,"MARTINEZ, DOMINGO",,1,,,,,0.9
NM,Albuquerque Tribune,128400,2002,CNTY COMM,1,BERNALILLO COUNTY,NM,"ARMIJO, ALAN",,1,,,,,0.9
NM,Albuquerque Tribune,128400,2002,CNTY COMM,5,BERNALILLO COUNTY,NM,"SAIERS, JANET",,1,,,,,0.9
NM,Albuquerque Tribune,128400,2002,COURT OF APPEALS,,,NM,"KENNEDY, ROD",,1,,,,,0.92
NM,Albuquerque Tribune,128400,2002,FLOOD CONTROL BOARD,1,AMAFCA,NM,"HERNANDEZ, DANNY",,1,,,,AMAFCA Flood Control Authority District 1 [QA 2026-05-26: 2002 fix per re-read of 20021102 'Tribune election endorsements' editorial] (RAILROAD COMMISSION->FLOOD CONTROL BOARD; editorial: AMAFCA Arroyo Flood Control Authority race),0.7
NM,Albuquerque Tribune,128400,2002,FLOOD CONTROL BOARD,2,AMAFCA,NM,"LYON, DANIEL",,1,,,,AMAFCA Flood Control Authority District 2 [QA 2026-05-26: 2002 fix per re-read of 20021102 'Tribune election endorsements' editorial] (RAILROAD COMMISSION->FLOOD CONTROL BOARD; editorial: AMAFCA Arroyo Flood Control Authority race),0.7
NM,Albuquerque Tribune,128400,2002,GOVERNOR,,,NM,"RICHARDSON, BILL",Democrat,1,,,,Governor with running mate Diane Denish,0.92
NM,Albuquerque Tribune,128400,2002,H,1,,NM,"ROMERO, RICHARD",Democrat,1,,,,,0.92
NM,Albuquerque Tribune,128400,2002,H,2,,NM,"PEARCE, STEVE",Republican,1,,,,,0.92
NM,Albuquerque Tribune,128400,2002,JUDGE,,METRO COURT,NM,"ASHANTI, KEESHA-MARIA",,0,,,,Do not retain in judicial retention election,0.85
NM,Albuquerque Tribune,128400,2002,JUDGE,,METRO COURT,NM,"BROWN, BARBARA",,0,,,,Do not retain in judicial retention election,0.85
NM,Albuquerque Tribune,128400,2002,JUDGE,,METRO COURT,NM,"GENTRY, FRANK",,0,,,,Do not retain in judicial retention election,0.85
NM,Albuquerque Tribune,128400,2002,JUDGE,,METRO COURT,NM,"GOMEZ, THERESA",,0,,,,Do not retain in judicial retention election,0.85
NM,Albuquerque Tribune,128400,2002,LAND COMMISSIONER,,,NM,"LYONS, PATRICK",,1,,,,,0.92
NM,Albuquerque Tribune,128400,2002,LT GOVERNOR,,LIEUTENANT GOVERNOR,NM,"DENISH, DIANE",Democrat,1,,,,Lieutenant Governor with Bill Richardson,0.92
NM,Albuquerque Tribune,128400,2002,SEC OF STATE,,,NM,"CLAHCHISCHILLIGE, SHARON",,1,,,,,0.85
NM,Albuquerque Tribune,128400,2002,SENATOR,,,NM,"DOMENICI, PETE",Republican,1,,1,,Incumbent,0.92
NM,Albuquerque Tribune,128400,2002,SHERIFF,,BERNALILLO COUNTY,NM,"SANCHEZ, CRIS",,1,,,,,0.9
NM,Albuquerque Tribune,128400,2002,STATE BOARD OF ED,3,,NM,"TRUJILLO, CHRISTINE",,1,,,,,0.88
NM,Albuquerque Tribune,128400,2002,STATE REP,11,,NM,"MIERA, RICK",,1,,,,,0.92
NM,Albuquerque Tribune,128400,2002,STATE REP,14,,NM,"GARCIA, MIGUEL",,1,,,,,0.92
NM,Albuquerque Tribune,128400,2002,STATE REP,15,,NM,"ARCHIBEQUE, STEVE",,1,,,,,0.88
NM,Albuquerque Tribune,128400,2002,STATE REP,20,,NM,"HOBBS, TED",,1,,,,,0.9
NM,Albuquerque Tribune,128400,2002,STATE REP,21,,NM,"STEWART, MIMI",,1,,,,,0.92
NM,Albuquerque Tribune,128400,2002,STATE REP,22,,NM,"GODBEY, RON",,1,,,,,0.88
NM,Albuquerque Tribune,128400,2002,STATE REP,23,,NM,"SOUTHARD, JIM",,1,,,,,0.88
NM,Albuquerque Tribune,128400,2002,STATE REP,24,,NM,"COOPER, MARILYN",,1,,,,,0.88
NM,Albuquerque Tribune,128400,2002,STATE REP,27,,NM,"LARRANAGA, LORENZO",,1,,,,,0.92
NM,Albuquerque Tribune,128400,2002,STATE REP,28,,NM,"MONDRAGON, JOHN",,1,,,,,0.85
NM,Albuquerque Tribune,128400,2002,STATE REP,29,,NM,"ANDERS, JOANN",,1,,,,,0.85
NM,Albuquerque Tribune,128400,2002,STATE REP,30,,NM,"WHITE, ROBERT",,1,,,,State House District 30. Missing per editorial. [QA 2026-05-26: 2002 fix per re-read of 20021102 'Tribune election endorsements' editorial],0.85
NM,Albuquerque Tribune,128400,2002,STATE REP,31,,NM,"CAMPBELL, DAVID",,1,,,,,0.85
NM,Albuquerque Tribune,128400,2002,STATE REP,44,,NM,"MINWEGEN, MARA",,1,,,,[QA 2026-05-26: 2002 fix per re-read of 20021102 'Tribune election endorsements' editorial] (MINNER->MINWEGEN per editorial),0.78
NM,Albuquerque Tribune,128400,2002,STATE REP,60,,NM,"SWISSTACK, THOMAS",,1,,,,,0.9
NM,Albuquerque Tribune,128400,2002,SUPREME COURT,,,NM,"BOSSON, RICHARD",,1,,,,,0.92
NM,Albuquerque Tribune,128400,2004,CNTY CLERK,,BERNALILLO COUNTY,NM,"HERRERA, MARY",,1,,,,,0.92
NM,Albuquerque Tribune,128400,2004,COURT OF APPEALS,,,NM,"KENNEDY, RODERICK A.",,1,,,,Judicial retention,0.92
NM,Albuquerque Tribune,128400,2004,COURT OF APPEALS,,,NM,"VIGIL, MICHAEL",,1,,,,,0.92
NM,Albuquerque Tribune,128400,2004,DA/PROSECUTOR,,,NM,"MARTINEZ, LEMUEL",,1,,,,13th Judicial District District Attorney,0.88
NM,Albuquerque Tribune,128400,2004,DISTRICT COURT JUDGE,13-2,,NM,"EICHWALD, GEORGE",,1,,,,"13th Judicial District, Division 2",0.88
NM,Albuquerque Tribune,128400,2004,DISTRICT COURT JUDGE,2-1,,NM,"BACA, MARIE",,1,,,,Division 1,0.88
NM,Albuquerque Tribune,128400,2004,DISTRICT COURT JUDGE,2-13,,NM,"HULING, VALERIE",,1,,,,Division 13,0.88
NM,Albuquerque Tribune,128400,2004,DISTRICT COURT JUDGE,2-14,,NM,"WALTON, SHARON",,1,,,,Division 14,0.88
NM,Albuquerque Tribune,128400,2004,DISTRICT COURT JUDGE,2-17,,NM,"NASH, NAN",,1,,,,Division 17,0.88
NM,Albuquerque Tribune,128400,2004,DISTRICT COURT JUDGE,2-4,,NM,"VANZI, LINDA",,1,,,,Division 4,0.88
NM,Albuquerque Tribune,128400,2004,DISTRICT COURT JUDGE,2-7,,NM,"ROMERO, JOHN",,1,,,,Division 7,0.88
NM,Albuquerque Tribune,128400,2004,H,1,,NM,"ROMERO, RICHARD",Democrat,1,,,,,0.92
NM,Albuquerque Tribune,128400,2004,H,2,,NM,"KING, GARY",Democrat,1,,,,,0.9
NM,Albuquerque Tribune,128400,2004,H,3,,NM,"UDALL, TOM",Democrat,1,1,,,,0.92
NM,Albuquerque Tribune,128400,2004,JUDGE,,METRO COURT DIV 3,NM,"JARAMILLO, CRISTINA",,1,,,,,0.9
NM,Albuquerque Tribune,128400,2004,JUDGE,,METRO COURT DIV 11,NM,"LOPEZ, LORETTA",,1,,,,,0.9
NM,Albuquerque Tribune,128400,2004,JUDGE,,METRO COURT DIV 12,NM,"RAMCZYK, DANIEL",,1,,,,,0.9
NM,Albuquerque Tribune,128400,2004,JUDGE,,METRO COURT DIV 1,NM,"VALDEZ, VICTOR",,1,,,,,0.9
NM,Albuquerque Tribune,128400,2004,PRESIDENT,,,NM,"KERRY, JOHN",Democrat,1,,,,,0.92
NM,Albuquerque Tribune,128400,2004,RAILROAD COMMISSION,1,,NM,"CAMP, WARD",,1,,,,State Public Regulation Commission District 1,0.88
NM,Albuquerque Tribune,128400,2004,RAILROAD COMMISSION,3,,NM,"GONZALES, JOHN",,1,,,,State Public Regulation Commission District 3,0.88
NM,Albuquerque Tribune,128400,2004,RAILROAD COMMISSION,5,AMAFCA,NM,"SAIERS, JANET",,1,,,,"AMAFCA Board, District 5",0.7
NM,Albuquerque Tribune,128400,2004,STATE REP,13,,NM,"SILVA, DANIEL",,1,,,,,0.92
NM,Albuquerque Tribune,128400,2004,STATE REP,14,,NM,"GARCIA, MIGUEL",,1,,,,,0.92
NM,Albuquerque Tribune,128400,2004,STATE REP,15,,NM,"ZANETTI, TERESA",,1,,,,,0.88
NM,Albuquerque Tribune,128400,2004,STATE REP,16,,NM,"RUIZ, HARRIET",,1,,,,,0.88
NM,Albuquerque Tribune,128400,2004,STATE REP,23,,NM,"YOUNGBERG, ERIC",,1,,,,,0.88
NM,Albuquerque Tribune,128400,2004,STATE REP,26,,NM,"LEYENDECKER, KATHLEEN",,1,,,,,0.85
NM,Albuquerque Tribune,128400,2004,STATE REP,29,,NM,"ANDERSON, THOMAS",,1,,,,,0.88
NM,Albuquerque Tribune,128400,2004,STATE REP,31,,NM,"PAYNE, GREG",,1,,,,,0.88
NM,Albuquerque Tribune,128400,2004,STATE REP,60,,NM,"SWISSTACK, THOMAS",,1,,,,,0.9
NM,Albuquerque Tribune,128400,2004,STATE SENATOR,10,,NM,"HOOKER, JOHN",,1,,,,,0.85
NM,Albuquerque Tribune,128400,2004,STATE SENATOR,11,,NM,"LOPEZ, LINDA",,1,,,,,0.92
NM,Albuquerque Tribune,128400,2004,STATE SENATOR,12,,NM,"ORTIZ Y PINO, GERALD",,1,,,,,0.92
NM,Albuquerque Tribune,128400,2004,STATE SENATOR,14,,NM,"TAYLOR, JAMES",,1,,,,,0.88
NM,Albuquerque Tribune,128400,2004,STATE SENATOR,15,,NM,"SNYDER, DIANE",,1,,,,,0.88
NM,Albuquerque Tribune,128400,2004,SUPREME COURT,,,NM,"BOSSON, RICHARD",,1,,,,Judicial retention,0.92
NM,Albuquerque Tribune,128400,2004,SUPREME COURT,,,NM,"CHAVEZ, EDWARD",,1,,,,,0.92
NM,Albuquerque Tribune,128400,1988,SEN,,,NM,"BINGAMAN, JEFF",Democrat,1,,,,"WRAP-UP RECAP: U.S. SENATE, JEFF BINGAMAN (1988-NOV-07 RECAP, VERIFIED FROM CLIPPING).",0.92
NM,Albuquerque Tribune,128400,1988,SUPREME COURT,,,NM,"BACA, JOSEPH P.",,1,,,,"WRAP-UP RECAP: NM SUPREME COURT, JOSEPH P. BACA (1988-NOV-07 RECAP, VERIFIED FROM CLIPPING).",0.9
NM,Albuquerque Tribune,128400,1988,RAILROAD COMMISSION,,,NM,"MCDANIEL, JANNIE",,1,,,,"WRAP-UP RECAP: NM CORPORATION COMMISSION, JANNIE MCDANIEL (1988-NOV-07 RECAP, VERIFIED FROM CLIPPING).",0.9
NM,Albuquerque Tribune,128400,1988,STATE SENATOR,14,,NM,"ARAGON, MANNY M.",,1,,,,"WRAP-UP RECAP: STATE SENATE DISTRICT 14 (1988-NOV-07 RECAP, VERIFIED FROM CLIPPING).",0.9
NM,Albuquerque Tribune,128400,1988,STATE REP,19,,NM,"HAWK, ROBERT M.",,1,,,,"WRAP-UP RECAP: STATE HOUSE DISTRICT 19 (1988-NOV-07 RECAP, VERIFIED FROM CLIPPING).",0.9
NM,Albuquerque Tribune,128400,1988,STATE REP,22,,NM,"SHEPHERD, SHELLY M.",,1,,,,"WRAP-UP RECAP: STATE HOUSE DISTRICT 22 (1988-NOV-07 RECAP, VERIFIED FROM CLIPPING).",0.9
NM,Albuquerque Tribune,128400,1988,STATE REP,25,,NM,"MINZNER, DICK",,1,,,,"WRAP-UP RECAP: STATE HOUSE DISTRICT 25 (1988-NOV-07 RECAP, VERIFIED FROM CLIPPING).",0.9
NM,Albuquerque Tribune,128400,1988,STATE REP,30,,NM,"MCMULLAN, JOHN J.",,1,,,,"WRAP-UP RECAP: STATE HOUSE DISTRICT 30 (1988-NOV-07 RECAP, VERIFIED FROM CLIPPING).",0.9
NM,Albuquerque Tribune,128400,1988,STATE REP,44,,NM,"EISENSTADT, PAULINE",,1,,,,"WRAP-UP RECAP: STATE HOUSE DISTRICT 44 (1988-NOV-07 RECAP, VERIFIED FROM CLIPPING).",0.9
NM,Albuquerque Tribune,128400,1988,JUDGE,DIVISION 5,METRO COURT,NM,"MEDRANO, PHILLIP P.",,1,,,,"WRAP-UP RECAP: METRO COURT DIVISION V, PHILLIP P. MEDRANO (1988-NOV-07 RECAP, VERIFIED FROM CLIPPING).",0.9
NM,Albuquerque Tribune,128400,1988,CNTY COMM,4,BERNALILLO COUNTY,NM,"CASSIDY, PATRICIA",,1,,,,"WRAP-UP RECAP: BERNALILLO COUNTY COMMISSION DISTRICT 4 (1988-NOV-07 RECAP, VERIFIED FROM CLIPPING).",0.9
NM,Albuquerque Tribune,128400,1988,CNTY ASSESSOR,,BERNALILLO COUNTY,NM,"TORRES, RICHARD J.",,1,,,,"WRAP-UP RECAP: BERNALILLO COUNTY ASSESSOR, RICHARD J. TORRES (1988-NOV-07 RECAP, VERIFIED FROM CLIPPING).",0.9
NM,Albuquerque Tribune,128400,1988,CNTY SHERIFF,,BERNALILLO COUNTY,NM,"CAMPBELL, ALVIN",,1,,,,"WRAP-UP RECAP: BERNALILLO COUNTY SHERIFF, ALVIN CAMPBELL (1988-NOV-07 RECAP, VERIFIED FROM CLIPPING).",0.9
NM,Albuquerque Tribune,128400,1988,FLOOD CONTROL,,,NM,"HEREFORD, WILLIAM V.",,1,,,,"WRAP-UP RECAP: FLOOD-CONTROL AUTHORITY, WILLIAM V. HEREFORD (1988-NOV-07 RECAP, VERIFIED FROM CLIPPING).",0.9
NM,Albuquerque Tribune,128400,1976,FLOOD CONTROL,,,NM,"SWINBURNE, B.H.",,1,,,,"RECAP: FLOOD CONTROL AUTHORITY (TWO TO BE ELECTED) (1976-NOV-01 RECAP, VERIFIED FROM CLIPPING).",0.9
NM,Albuquerque Tribune,128400,1976,FLOOD CONTROL,,,NM,"DOAK, VERNON",,1,,,,"RECAP: FLOOD CONTROL AUTHORITY (TWO TO BE ELECTED) (1976-NOV-01 RECAP, VERIFIED FROM CLIPPING).",0.9
NM,Albuquerque Tribune,128400,1978,H,1,,NM,"LUJAN, MANUEL JR.",Republican,1,,1,,"RECAP: US REP D1, MANUEL LUJAN JR. (R)* (1978-NOV-06 RECAP, VERIFIED FROM CLIPPING).",0.92
NM,Albuquerque Tribune,128400,1978,LT GOVERNOR,,,NM,"MONDRAGON, ROBERTS A.",Democrat,1,,,,"RECAP: LT GOVERNOR, ROBERTS A. MONDRAGON (D) (1978-NOV-06 RECAP, RAN WITH BRUCE KING).",0.9
NM,Albuquerque Tribune,128400,1978,SEC OF STATE,,,NM,"HOOPER, SHIRLEY",Democrat,1,,,,"RECAP: SECRETARY OF STATE, SHIRLEY HOOPER (D) (1978-NOV-06 RECAP, VERIFIED FROM CLIPPING).",0.9
NM,Albuquerque Tribune,128400,1978,STATE AUDITOR,,,NM,"EMMONS, C. JACK",Republican,1,,,,"RECAP: STATE AUDITOR, C. JACK EMMONS (R) (1978-NOV-06 RECAP, VERIFIED FROM CLIPPING).",0.9
NM,Albuquerque Tribune,128400,1978,STATE TREASURER,,,NM,"HARTKE, JAN ALAN",Democrat,1,,,,"RECAP: STATE TREASURER, JAN ALAN HARTKE (D) (1978-NOV-06 RECAP, VERIFIED FROM CLIPPING).",0.9
NM,Albuquerque Tribune,128400,1978,PUBLIC LANDS,,,NM,"ARMIJO, ALEX J.",Democrat,1,,,,"RECAP: COMMISSIONER OF PUBLIC LANDS, ALEX J. ARMIJO (D) (1978-NOV-06 RECAP, VERIFIED FROM CLIPPING).",0.9
NM,Albuquerque Tribune,128400,1978,COURT OF APPEALS,,,NM,"HAWSON, CHARLES W.",Republican,1,,,,"RECAP: COURT OF APPEALS (8-YEAR TERM), CHARLES W. HAWSON (R) (1978-NOV-06 RECAP, VERIFIED FROM CLIPPING).",0.9
NM,Albuquerque Tribune,128400,1978,COURT OF APPEALS,,,NM,"ANDREWS, LEILA B.",Democrat,1,,,,"RECAP: COURT OF APPEALS (6-YEAR TERM), LEILA B. ANDREWS (D) (1978-NOV-06 RECAP, VERIFIED FROM CLIPPING).",0.9
NM,Albuquerque Tribune,128400,1978,STATE REP,10,,NM,"SAAVEDRA, HENRY",Democrat,1,1,,,"RECAP: STATE HOUSE D10, HENRY SAAVEDRA (D)* (1978-NOV-06 RECAP, VERIFIED FROM CLIPPING).",0.9
NM,Albuquerque Tribune,128400,1978,STATE REP,15,,NM,"SCHALK, STEPHEN",Republican,1,,,,"RECAP: STATE HOUSE D15, STEPHEN SCHALK (R) (1978-NOV-06 RECAP, VERIFIED FROM CLIPPING).",0.9
NM,Albuquerque Tribune,128400,1978,STATE REP,18,,NM,"CARRARO, JOSEPH J.",Republican,1,,,,"RECAP: STATE HOUSE D18, JOSEPH J. CARRARO (R) (1978-NOV-06 RECAP, VERIFIED FROM CLIPPING).",0.9
NM,Albuquerque Tribune,128400,1978,STATE REP,19,,NM,"HILLERY, DAREN",Republican,1,,,,"RECAP: STATE HOUSE D19, DAREN HILLERY (R) (1978-NOV-06 RECAP, VERIFIED FROM CLIPPING).",0.9
NM,Albuquerque Tribune,128400,1978,STATE REP,20,,NM,"FRILING, CARL J.",Democrat,1,,,,"RECAP: STATE HOUSE D20, CARL J. FRILING (D) (1978-NOV-06 RECAP, VERIFIED FROM CLIPPING).",0.9
NM,Albuquerque Tribune,128400,1978,STATE REP,21,,NM,"PADOVEN, JOHN",,1,,,,"RECAP: STATE HOUSE D21, JOHN PADOVEN (NO PARTY IN CLIPPING) (1978-NOV-06 RECAP, VERIFIED FROM CLIPPING).",0.85
NM,Albuquerque Tribune,128400,1978,STATE REP,22,,NM,"HORAN, FRANK L.",Democrat,1,1,,,"RECAP: STATE HOUSE D22, FRANK L. HORAN (D)* (1978-NOV-06 RECAP, VERIFIED FROM CLIPPING).",0.9
NM,Albuquerque Tribune,128400,1960,STATE REP,,BERNALILLO COUNTY,NM,"THOMSON, JUNIUS",Republican,1,,,,"COUNTY TICKET: STATE REP BERNALILLO CO. (1960-NOV-07 'THE COUNTY TICKET', VERIFIED FROM CLIPPING).",0.9
NM,Albuquerque Tribune,128400,1960,STATE REP,,BERNALILLO COUNTY,NM,"KIRK, CARTER",Republican,1,,,,"COUNTY TICKET: STATE REP BERNALILLO CO. (1960-NOV-07 'THE COUNTY TICKET', VERIFIED FROM CLIPPING).",0.9
NM,Albuquerque Tribune,128400,1960,STATE REP,,BERNALILLO COUNTY,NM,"SMITH, WILLIS",Democrat,1,,,,"COUNTY TICKET: STATE REP BERNALILLO CO. (1960-NOV-07 'THE COUNTY TICKET', VERIFIED FROM CLIPPING).",0.9
NM,Albuquerque Tribune,128400,1960,STATE REP,,BERNALILLO COUNTY,NM,"BEASLEY, OSCAR",Democrat,1,,,,"COUNTY TICKET: STATE REP BERNALILLO CO. (1960-NOV-07 'THE COUNTY TICKET', VERIFIED FROM CLIPPING).",0.9
NM,Albuquerque Tribune,128400,1960,STATE REP,,BERNALILLO COUNTY,NM,"TRAUB, RICHARD",Democrat,1,,,,"COUNTY TICKET: STATE REP BERNALILLO CO. (1960-NOV-07 'THE COUNTY TICKET', VERIFIED FROM CLIPPING).",0.9
NM,Albuquerque Tribune,128400,1960,STATE REP,,BERNALILLO COUNTY,NM,"RUTHERFORD, JAMES",Democrat,1,,,,"COUNTY TICKET: STATE REP BERNALILLO CO. (1960-NOV-07 'THE COUNTY TICKET', VERIFIED FROM CLIPPING).",0.9
NM,Albuquerque Tribune,128400,1960,DISTRICT COURT JUDGE,,BERNALILLO COUNTY,NM,"MCMANUS, JOHN B. JR.",,1,,,,"COUNTY TICKET: DISTRICT JUDGESHIP (1960-NOV-07 'THE COUNTY TICKET', VERIFIED FROM CLIPPING).",0.9
NM,Albuquerque Tribune,128400,1960,DA/PROSECUTOR,,BERNALILLO COUNTY,NM,"STRONG, ADDISON",Republican,1,,,,"COUNTY TICKET: DISTRICT ATTORNEY (1960-NOV-07 'THE COUNTY TICKET', VERIFIED FROM CLIPPING).",0.9
NM,Albuquerque Tribune,128400,1960,CNTY TREASURER,,BERNALILLO COUNTY,NM,"KLEINBEIN, MAE MONAHAN",Democrat,1,,,,"COUNTY TICKET: COUNTY TREASURER (1960-NOV-07 'THE COUNTY TICKET', VERIFIED FROM CLIPPING).",0.9
NM,Albuquerque Tribune,128400,1960,ASSESSOR,,BERNALILLO COUNTY,NM,"GIANNINI, ARMANDO",Democrat,1,1,,,"COUNTY TICKET: COUNTY ASSESSOR (RE-ELECTION) (1960-NOV-07 'THE COUNTY TICKET', VERIFIED FROM CLIPPING).",0.9
NM,Albuquerque Tribune,128400,1960,CNTY CLERK,,BERNALILLO COUNTY,NM,"GONZALES, EMMA JARAMILLO",Democrat,1,,,,"COUNTY TICKET: COUNTY CLERK (1960-NOV-07 'THE COUNTY TICKET', VERIFIED FROM CLIPPING).",0.85
NM,Albuquerque Tribune,128400,1960,SHERIFF,,BERNALILLO COUNTY,NM,"HAY, LESTER",Republican,1,,,,"COUNTY TICKET: SHERIFF (1960-NOV-07 'THE COUNTY TICKET', VERIFIED FROM CLIPPING).",0.9
NM,Albuquerque Tribune,128400,1960,SURVEYOR,,BERNALILLO COUNTY,NM,"BISBEE, WALLACE",Democrat,1,,,,"COUNTY TICKET: COUNTY SURVEYOR (1960-NOV-07 'THE COUNTY TICKET', VERIFIED FROM CLIPPING).",0.85
NM,Albuquerque Tribune,128400,1960,JUDGE,,PROBATE JUDGE BERNALILLO COUNTY,NM,"CUHEN, OLIVER",Democrat,1,,,,"COUNTY TICKET: PROBATE JUDGE (1960-NOV-07 'THE COUNTY TICKET', VERIFIED FROM CLIPPING).",0.85
NM,Albuquerque Tribune,128400,1952,STATE REP,,BERNALILLO COUNTY,NM,"DARROW, FLOYD",Democrat,1,1,,,"1952-NOV-03 ARTICLE: STATE HOUSE RE-ELECTION, FLOYD DARROW (D, INCUMBENT) (VERIFIED FROM CLIPPING).",0.9
NM,Albuquerque Tribune,128400,1952,STATE REP,,BERNALILLO COUNTY,NM,"BINGHAM, WILLIAM",Democrat,1,1,,,"1952-NOV-03 ARTICLE: STATE HOUSE RE-ELECTION, WILLIAM BINGHAM (D, INCUMBENT) (VERIFIED FROM CLIPPING).",0.9
NM,Albuquerque Tribune,128400,1952,STATE REP,,BERNALILLO COUNTY,NM,"MCMANUS, JACK",Democrat,1,1,,,"1952-NOV-03 ARTICLE: STATE HOUSE RE-ELECTION, JACK MCMANUS (D, INCUMBENT) (VERIFIED FROM CLIPPING).",0.9
NM,Albuquerque Tribune,128400,1952,STATE REP,,BERNALILLO COUNTY,NM,"HORNE, HUGH",Republican,1,,1,,"1952-NOV-03 ARTICLE: STATE HOUSE RE-ELECTION, HUGH HORNE (R, INCUMBENT) (VERIFIED FROM CLIPPING).",0.9
NM,Albuquerque Tribune,128400,1952,STATE REP,,BERNALILLO COUNTY,NM,"SOTO, ALBERT",Democrat,1,,,,"1952-NOV-03 ARTICLE: STATE HOUSE ELECTION, ALBERT SOTO (D) (VERIFIED FROM CLIPPING).",0.9
NM,Albuquerque Tribune,128400,1952,STATE REP,,BERNALILLO COUNTY,NM,"BORLAND, JAMES A.",Republican,1,,,,"1952-NOV-03 ARTICLE: STATE HOUSE ELECTION, JAMES A. BORLAND (R) (VERIFIED FROM CLIPPING).",0.9
NM,Albuquerque Tribune,128400,1952,ATTORNEY GENERAL,,,NM,"ROBINSON, RICHARD H.",Democrat,1,,,,1952-NOV-03 'STILL MR. ROBINSON' — TRIBUNE STILL FAVORS RICHARD H. ROBINSON OVER WILLIAM KASTLER (R) (VERIFIED FROM CLIPPING).,0.9
NM,Albuquerque Tribune,128400,1952,LAND COMMISSIONER,,,NM,"WALKER, E. S. ""JOHNNY""",Democrat,1,,,,1952-NOV-01 'THE LAND OFFICE' — WALKER (D) ENDORSED OVER G. W. (DUB) EVANS (R) (VERIFIED FROM CLIPPING).,0.9
NM,Albuquerque Tribune,128400,1952,AUDITOR,,,NM,"CASTNER, ROBERT",Democrat,1,,,,1952-NOV-01 STATE TICKET — ROBERT CASTNER FOR STATE AUDITOR (VERIFIED FROM CLIPPING; CONSISTENT WITH 1960 RECORD).,0.85
NM,Albuquerque Tribune,128400,1952,SUPREME COURT,,,NM,"LUJAN, EUGENE D.",Democrat,1,,,,1952-NOV-01 STATE TICKET — EUGENE D. LUJAN FOR SUPREME COURT (VERIFIED FROM CLIPPING).,0.85
NM,Albuquerque Tribune,128400,1956,CNTY COMM,1,BERNALILLO COUNTY,NM,"MEAD, ED V.",Democrat,1,,,,1956-NOV-05 'THE COUNTY TICKET' — TRIBUNE ENDORSEMENT (VERIFIED FROM CLIPPING; PATTERN-J BACKFILL).,0.9
NM,Albuquerque Tribune,128400,1956,CNTY COMM,2,BERNALILLO COUNTY,NM,"OTTO, EDGAR D.",Republican,1,,,,1956-NOV-05 'THE COUNTY TICKET' — TRIBUNE ENDORSEMENT (VERIFIED FROM CLIPPING; PATTERN-J BACKFILL).,0.9
NM,Albuquerque Tribune,128400,1956,CNTY COMM,3,BERNALILLO COUNTY,NM,"SALAZAR, ADRIANO",Democrat,1,,,,1956-NOV-05 'THE COUNTY TICKET' — TRIBUNE ENDORSEMENT (VERIFIED FROM CLIPPING; PATTERN-J BACKFILL).,0.9
NM,Albuquerque Tribune,128400,1956,SHERIFF,,BERNALILLO COUNTY,NM,"FLASKA, JOHN",Democrat,1,,,,1956-NOV-05 'THE COUNTY TICKET' — TRIBUNE ENDORSEMENT (VERIFIED FROM CLIPPING; PATTERN-J BACKFILL).,0.9
NM,Albuquerque Tribune,128400,1956,DISTRICT COURT JUDGE,,BERNALILLO COUNTY,NM,"MACPHERSON, D. A. JR.",Democrat,1,1,,,1956-NOV-05 'THE COUNTY TICKET' — TRIBUNE ENDORSEMENT (VERIFIED FROM CLIPPING; PATTERN-J BACKFILL).,0.9
NM,Albuquerque Tribune,128400,1956,DISTRICT COURT JUDGE,,BERNALILLO COUNTY,NM,"TACKETT, PAUL",Democrat,1,1,,,1956-NOV-05 'THE COUNTY TICKET' — TRIBUNE ENDORSEMENT (VERIFIED FROM CLIPPING; PATTERN-J BACKFILL).,0.9
NM,Albuquerque Tribune,128400,1956,DA/PROSECUTOR,,BERNALILLO COUNTY,NM,"MURPHY, JOHN",Democrat,1,,,,1956-NOV-05 'THE COUNTY TICKET' — TRIBUNE ENDORSEMENT (VERIFIED FROM CLIPPING; PATTERN-J BACKFILL).,0.9
NM,Albuquerque Tribune,128400,1956,STATE SENATOR,,BERNALILLO COUNTY,NM,"RICE, JOHN J.",Republican,1,,,,1956-NOV-05 'THE COUNTY TICKET' — TRIBUNE ENDORSEMENT (VERIFIED FROM CLIPPING; PATTERN-J BACKFILL).,0.9
NM,Albuquerque Tribune,128400,1956,STATE REP,,BERNALILLO COUNTY,NM,"MANN, CLAUD S. MRS.",Republican,1,,,,1956-NOV-05 'THE COUNTY TICKET' — TRIBUNE ENDORSEMENT (VERIFIED FROM CLIPPING; PATTERN-J BACKFILL).,0.9
NM,Albuquerque Tribune,128400,1956,STATE REP,,BERNALILLO COUNTY,NM,"ROBERTS, KEN",Republican,1,,,,1956-NOV-05 'THE COUNTY TICKET' — TRIBUNE ENDORSEMENT (VERIFIED FROM CLIPPING; PATTERN-J BACKFILL).,0.9
NM,Albuquerque Tribune,128400,1956,STATE REP,,BERNALILLO COUNTY,NM,"ROTHGEB, CLARENCE E.",Republican,1,,,,1956-NOV-05 'THE COUNTY TICKET' — TRIBUNE ENDORSEMENT (VERIFIED FROM CLIPPING; PATTERN-J BACKFILL).,0.9
NM,Albuquerque Tribune,128400,1956,STATE REP,,BERNALILLO COUNTY,NM,"EASTHAM, JOHN P.",Republican,1,,,,1956-NOV-05 'THE COUNTY TICKET' — TRIBUNE ENDORSEMENT (VERIFIED FROM CLIPPING; PATTERN-J BACKFILL).,0.9
NM,Albuquerque Tribune,128400,1956,STATE REP,,BERNALILLO COUNTY,NM,"THOMPSON, JUNIUS A.",Republican,1,,,,1956-NOV-05 'THE COUNTY TICKET' — TRIBUNE ENDORSEMENT (VERIFIED FROM CLIPPING; PATTERN-J BACKFILL).,0.9
NM,Albuquerque Tribune,128400,1956,STATE REP,,BERNALILLO COUNTY,NM,"YUDIN, EDWARD L.",Republican,1,,,,1956-NOV-05 'THE COUNTY TICKET' — TRIBUNE ENDORSEMENT (VERIFIED FROM CLIPPING; PATTERN-J BACKFILL).,0.9
NM,Albuquerque Tribune,128400,1956,STATE REP,,BERNALILLO COUNTY,NM,"HINES, CHARLES L.",Republican,1,,,,1956-NOV-05 'THE COUNTY TICKET' — TRIBUNE ENDORSEMENT (VERIFIED FROM CLIPPING; PATTERN-J BACKFILL).,0.9
NM,Albuquerque Tribune,128400,1956,STATE REP,,BERNALILLO COUNTY,NM,"MORROW, FINDLEY H.",Democrat,1,,,,1956-NOV-05 'THE COUNTY TICKET' — TRIBUNE ENDORSEMENT (VERIFIED FROM CLIPPING; PATTERN-J BACKFILL).,0.9
NM,Albuquerque Tribune,128400,1956,STATE REP,,BERNALILLO COUNTY,NM,"CHACON, JOSE A.",Democrat,1,,,,1956-NOV-05 'THE COUNTY TICKET' — TRIBUNE ENDORSEMENT (VERIFIED FROM CLIPPING; PATTERN-J BACKFILL).,0.9
NM,Albuquerque Tribune,128400,1956,CNTY CLERK,,BERNALILLO COUNTY,NM,"MONTOYA, RAMONA",Democrat,1,,,,1956-NOV-05 'THE COUNTY TICKET' — TRIBUNE ENDORSEMENT (VERIFIED FROM CLIPPING; PATTERN-J BACKFILL).,0.9
NM,Albuquerque Tribune,128400,1956,CNTY TREASURER,,BERNALILLO COUNTY,NM,"MONAHAN, EDNA",Democrat,1,,,,1956-NOV-05 'THE COUNTY TICKET' — TRIBUNE ENDORSEMENT (VERIFIED FROM CLIPPING; PATTERN-J BACKFILL).,0.9
NM,Albuquerque Tribune,128400,1956,ASSESSOR,,BERNALILLO COUNTY,NM,"ARMIJO, MANUEL",Democrat,1,,,,1956-NOV-05 'THE COUNTY TICKET' — TRIBUNE ENDORSEMENT (VERIFIED FROM CLIPPING; PATTERN-J BACKFILL).,0.9
NM,Albuquerque Tribune,128400,1956,SURVEYOR,,BERNALILLO COUNTY,NM,"SANCHEZ, PAUL",Democrat,1,,,,1956-NOV-05 'THE COUNTY TICKET' — TRIBUNE ENDORSEMENT (VERIFIED FROM CLIPPING; PATTERN-J BACKFILL).,0.9
NM,Albuquerque Tribune,128400,1956,JUDGE,,PROBATE JUDGE BERNALILLO COUNTY,NM,"CAIN, JOHN V.",Democrat,1,,,,1956-NOV-05 'THE COUNTY TICKET' — TRIBUNE ENDORSEMENT (VERIFIED FROM CLIPPING; PATTERN-J BACKFILL).,0.9
NM,Albuquerque Tribune,128400,1956,JUDGE,,SMALL CLAIMS COURT BERNALILLO COUNTY,NM,"DUNLAP, MARY MCDONALD",Democrat,1,,,,1956-NOV-05 'THE COUNTY TICKET' — TRIBUNE ENDORSEMENT (VERIFIED FROM CLIPPING; PATTERN-J BACKFILL).,0.9
NM,Albuquerque Tribune,128400,1948,CNTY COMM,1,BERNALILLO COUNTY,NM,"HAYDEN, MARTIN",Republican,1,,1,,"1948-OCT-30 'THE COUNTY TICKET' — TRIBUNE COUNTY RECAP (VERIFIED FROM CLIPPING; PATTERN-J BACKFILL). CHAIRMAN, RE-ELECTION FROM D1.",0.92
NM,Albuquerque Tribune,128400,1948,CNTY COMM,2,BERNALILLO COUNTY,NM,"CORNELIUS, HARRY",Democrat,1,1,,,1948-OCT-30 'THE COUNTY TICKET' — TRIBUNE COUNTY RECAP (VERIFIED FROM CLIPPING; PATTERN-J BACKFILL). RE-ELECTION FROM D2.,0.92
NM,Albuquerque Tribune,128400,1948,CNTY COMM,3,BERNALILLO COUNTY,NM,"GRIEGO, ROBERT",Republican,1,,,,1948-OCT-30 'THE COUNTY TICKET' — TRIBUNE COUNTY RECAP (VERIFIED FROM CLIPPING; PATTERN-J BACKFILL). NEW D3 ENDORSEMENT.,0.92
NM,Albuquerque Tribune,128400,1948,CNTY TREASURER,,BERNALILLO COUNTY,NM,"MONAHAN, EDNA",Democrat,1,,,,1948-OCT-30 'THE COUNTY TICKET' — TRIBUNE COUNTY RECAP (VERIFIED FROM CLIPPING; PATTERN-J BACKFILL). TRIBUNE ALREADY ENDORSED FOR TREASURER.,0.92
NM,Albuquerque Tribune,128400,1948,JUDGE,,PROBATE JUDGE BERNALILLO COUNTY,NM,"STRONG, ADDISON L.",Republican,1,,1,,1948-OCT-30 'THE COUNTY TICKET' — TRIBUNE COUNTY RECAP (VERIFIED FROM CLIPPING; PATTERN-J BACKFILL). PROBATE JUDGE INCUMBENT.,0.92
NM,Albuquerque Tribune,128400,1948,CNTY CLERK,,BERNALILLO COUNTY,NM,"MONTOYA, RAMONA MRS.",Democrat,1,,,,1948-OCT-30 'THE COUNTY TICKET' — TRIBUNE COUNTY RECAP (VERIFIED FROM CLIPPING; PATTERN-J BACKFILL). PRESENT CHIEF DEPUTY.,0.92
NM,Albuquerque Tribune,128400,1948,ASSESSOR,,BERNALILLO COUNTY,NM,"O'BANNON, DANIEL",Democrat,1,1,,,1948-OCT-30 'THE COUNTY TICKET' — TRIBUNE COUNTY RECAP (VERIFIED FROM CLIPPING; PATTERN-J BACKFILL). PRESENT INCUMBENT (REPLACES INCORRECT FLASKA ASSESSOR RECORD).,0.92
NM,Albuquerque Tribune,128400,1948,SCHOOL SUPT,,BERNALILLO COUNTY,NM,"CHAVEZ, ADOLFO P.",Democrat,1,,,,1948-OCT-30 'THE COUNTY TICKET' — TRIBUNE COUNTY RECAP (VERIFIED FROM CLIPPING; PATTERN-J BACKFILL). SCHOOL SUPERINTENDENT.,0.92
NM,Albuquerque Tribune,128400,1948,SURVEYOR,,BERNALILLO COUNTY,NM,"CABANISS, JACK K.",Republican,1,,,,1948-OCT-30 'THE COUNTY TICKET' — TRIBUNE COUNTY RECAP (VERIFIED FROM CLIPPING; PATTERN-J BACKFILL). COUNTY SURVEYOR.,0.92
NM,Albuquerque Tribune,128400,1948,STATE REP,,BERNALILLO COUNTY,NM,"SIMMS, JOHN JR.",Democrat,1,,,,1948-OCT-30 'THE COUNTY TICKET' — TRIBUNE COUNTY RECAP (VERIFIED FROM CLIPPING; PATTERN-J BACKFILL). STATE REP BERNALILLO (1 OF 3).,0.92
NM,Albuquerque Tribune,128400,1948,STATE REP,,BERNALILLO COUNTY,NM,"HORN, CALVIN",Democrat,1,,,,1948-OCT-30 'THE COUNTY TICKET' — TRIBUNE COUNTY RECAP (VERIFIED FROM CLIPPING; PATTERN-J BACKFILL). STATE REP BERNALILLO (2 OF 3).,0.92
NM,Albuquerque Tribune,128400,1948,STATE REP,,BERNALILLO COUNTY,NM,"PEREA, LOUIE G.",Democrat,1,,,,"1948-OCT-30 'THE COUNTY TICKET' — TRIBUNE COUNTY RECAP (VERIFIED FROM CLIPPING; PATTERN-J BACKFILL). STATE REP BERNALILLO (3 OF 3, NEW RECOMMENDATION).",0.92
NM,Albuquerque Tribune,128400,1948,DISTRICT COURT JUDGE,2-2,BERNALILLO/SANDOVAL/VALENCIA,NM,"ARLEDGE, R. F. DEACON",Democrat,1,1,,,1948-OCT-30 'THE COUNTY TICKET' — TRIBUNE COUNTY RECAP (VERIFIED FROM CLIPPING; PATTERN-J BACKFILL). DCJ DIV 2 INCUMBENT (WITH CAVEAT ABOUT POLITICAL ACTIVITY).,0.92
NM,Albuquerque Tribune,128400,1948,STATE SENATOR,,BERNALILLO COUNTY,NM,"HEYN, CHARLES F.",Republican,1,,,,1948-OCT-30 'THE COUNTY TICKET' — TRIBUNE COUNTY RECAP (VERIFIED FROM CLIPPING; PATTERN-J BACKFILL). STATE SEN BERNALILLO; ENDORSED OVER MONTOYA (D).,0.92
NM,Albuquerque Tribune,128400,1948,STATE SENATOR,,BERNALILLO COUNTY,NM,"MONTOYA, JOE A.",Democrat,0,,,,1948-OCT-30 'THE COUNTY TICKET' — TRIBUNE COUNTY RECAP (VERIFIED FROM CLIPPING; PATTERN-J BACKFILL). OPPONENT TO HEYN (R).,0.92
NM,Albuquerque Tribune,128400,1948,STATE SENATOR,,SHOESTRING DISTRICT,NM,"CORNELL, DUDLEY",Republican,1,,,,1948-OCT-30 'THE COUNTY TICKET' — TRIBUNE COUNTY RECAP (VERIFIED FROM CLIPPING; PATTERN-J BACKFILL). STATE SEN SHOESTRING DISTRICT; ENDORSED OVER GINN (D).,0.92
NM,Albuquerque Tribune,128400,1948,STATE SENATOR,,SHOESTRING DISTRICT,NM,"GINN, LEONARD C.",Democrat,0,,,,1948-OCT-30 'THE COUNTY TICKET' — TRIBUNE COUNTY RECAP (VERIFIED FROM CLIPPING; PATTERN-J BACKFILL). OPPONENT TO CORNELL (R) IN SHOESTRING DISTRICT.,0.92
NM,Albuquerque Tribune,128400,1948,DA/PROSECUTOR,,BERNALILLO COUNTY,NM,"TACKETT, PAUL",Democrat,1,,,,1948-OCT-30 'THE COUNTY TICKET' — TRIBUNE COUNTY RECAP (VERIFIED FROM CLIPPING; PATTERN-J BACKFILL). DA; TRIBUNE ALREADY ENDORSED.,0.92
