state_newspaper,newspaper,newspaper_id,year,office,dist,dname,state_election,cand_name,party,endorsed,d_inc,r_inc,o_inc,notes_endorse,extraction_confidence
AL,Birmingham Post Herald,100100,1952,PRESIDENT,,,AL,"EISENHOWER, DWIGHT D.",Republican,1,,,,GENERAL EISENHOWER IS A CLEAN BROOM; HE IS THE ANSWER TO THE URGENTLY NEEDED CHANGE; IKE CAN BRING A CHANGE; WHY WE NEED A CHANGE,0.95
AL,Birmingham Post Herald,100100,1954,GOVERNOR,,,AL,"ABERNETHY, TOM",Republican,1,,,,IF IN THEIR WISDOM THE VOTERS OF ALABAMA SHOULD RISE UP TOMORROW AND ELIMINATE MR FOLSOM AND SEND TOM ABERNETHY TO MONTGOMERY AS GOVERNOR THE GOOD NEWS WOULD CAPTURE THE HEADLINES; VOTE FOR ABERNETHY FOR GOVERNOR AND AT THE SAME TIME SUPPORT ALL OTHER DEMOCRATIC NOMINEES,0.9
AL,Birmingham Post Herald,100100,1956,PRESIDENT,,,AL,"EISENHOWER, DWIGHT D.",Republican,1,,1,,IKE MAN OF THE HOUR; IF WE ARE HEADED FOR TROUBLE IKE MORE THAN EVER IS THE MAN OF THE HOUR; THEY KNOW HE HAS THE EXPERIENCE CALLED FOR IN SUCH A CRISIS,0.95
AL,Birmingham Post Herald,100100,1960,PRESIDENT,,,AL,"NIXON, RICHARD",Republican,1,,,,FOR HIS STUBBORN ADVOCACY OF FISCAL RESPONSIBILITY ALONE WE WOULD BE STRONGLY INCLINED IN FAVOR OF VICE PRESIDENT NIXON; BY ANY TEST DOMESTIC OR INTERNATIONAL RICHARD NIXON IS THE SOUNDER CHOICE FOR AMERICA; HIS EXPERIENCE IN FOREIGN AFFAIRS IS VASTLY SUPERIOR,0.95
AL,Birmingham Post Herald,100100,1962,H,,,AL,"HUDDLESTON, GEORGE",Democrat,1,1,,,"SO FAR AS JEFFERSON COUNTY IS CONCERNED WE FEEL THE PEOPLES INTERESTS WOULD BE BEST SERVED BY THE RETURN OF GEORGE HUDDLESTON TO CONGRESS; HAS A RECORD PROVED BY YEARS OF SERVICE; HAS SUPPORTED THE CONSERVATIVE VIEWPOINT AND CAN BE EXPECTED TO DO SO IN THE FUTURE | V9 2026-06-21 subagent-OCR verify: FLAG: surname absent from the 1962 clipping (""A Chance To Pick And Choose"" discusses the race generically without naming Huddleston). Huddleston IS named/endorsed in 1964. Verify whether a 1962 Post-Herald Huddleston endorsement exists in an uncollected clipping (the Birmingham News did endorse Huddleston in 1962) or this is a year-misattribution.",0.55
AL,Birmingham Post Herald,100100,1964,H,,,AL,"HUDDLESTON, GEORGE",Democrat,1,1,,,SO FAR AS JEFFERSON COUNTY IS CONCERNED WE FEEL THE PEOPLES INTERESTS WOULD BE BEST SERVED BY THE RETURN OF GEORGE HUDDLESTON TO CONGRESS; HAS A RECORD PROVED BY YEARS OF SERVICE; SUPPORTED THE CONSERVATIVE VIEWPOINT,0.95
AL,Birmingham Post Herald,100100,1966,GOVERNOR,,,AL,"MARTIN, JIM",Republican,1,,,,WE THINK JIM MARTIN SHOULD BE ELECTED GOVERNOR; HIS CHARACTER ABILITY BUSINESS EXPERIENCE AND HIS KNOWLEDGE OF GOVERNMENTAL AFFAIRS GAINED DURING TEN YEARS IN CONGRESS RECOMMEND HIM HIGHLY FOR THE STATES HIGHEST OFFICE; HE CAN CREATE A CLIMATE IN ALABAMA FREE OF BOMBAST AND POLITICAL POSTURING,0.95
AL,Birmingham Post Herald,100100,1966,SENATOR,,,AL,"SPARKMAN, JOHN",Democrat,1,1,,,FOR THE US SENATE WE RECOMMEND JOHN SPARKMAN THOUGH WE HAVE QUESTIONED HIS VOTES FOR FEDERAL SPENDING AND HIS DOWN THE LINE SUPPORT OF THE NATIONAL DEMOCRATIC ADMINISTRATION MANY TIMES; ALL THINGS CONSIDERED WE BELIEVE HIM THE BEST OF THE TWO CANDIDATES,0.95
AL,Birmingham Post Herald,100100,1966,ATTORNEY GENERAL,,,AL,"COLLINS, DON",Democrat,1,,,,FOR STATE ATTORNEY GENERAL WE FAVOR DON COLLINS WHO HAS BEEN A MEMBER OF THE HOUSE FROM JEFFERSON COUNTY; THIS IS AN IMPORTANT OFFICE AND WE BELIEVE MR COLLINS WILL SERVE IN THE BEST INTEREST OF THE PEOPLE AND OF IMPARTIAL LAW ENFORCEMENT,0.85
AL,Birmingham Post Herald,100100,1966,H,,,AL,"BUCHANAN, JOHN",Republican,1,,1,,WE FAVOR RE-ELECTION OF CONGRESSMAN JOHN BUCHANAN; HE HAS DONE WELL IN HIS FIRST TERM AND HAS STOOD UP TO BE COUNTED ON SEVERAL CONTROVERSIAL ISSUES; HE DESERVES TO BE SENT BACK TO WASHINGTON,0.95
AL,Birmingham Post Herald,100100,1966,PUBLIC SERVICE COMMISSION,,,AL,"CONNELL, JODIE",Republican,1,,,,"IF SHE WERE RETIRED AND REPLACED BY JOSIE CONNELL THE GOP NOMINEE THE LONG OVERDUE HOUSECLEANING WOULD BE COMPLETED; A CHANGE IS UNDERWAY IN THE DISPUTE-RIDDEN PUBLIC SERVICE COMMISSION ROUND 2 NAME FIX: WAS JOSIE; OCR EXPLICIT ""JODIE CONNELL.""",0.9
AL,Birmingham Post Herald,100100,1966,STATE SENATOR,1,Jefferson County,AL,"LANKFORD, FRANK",Democrat,1,,,,"P-H RECOMMENDATIONS FOR TUESDAY - JEFFERSON COUNTY LEGISLATURE SENATE PLACE NO 1 ROUND 5 PARTY FILL: Set to Democrat per 1966 OCR convention (italic=R, Roman=D; empty extraction = D Roman text).",0.9
AL,Birmingham Post Herald,100100,1966,STATE SENATOR,2,Jefferson County,AL,"ETHEREDGE, FOSTER",Democrat,1,,,,"P-H RECOMMENDATIONS FOR TUESDAY - JEFFERSON COUNTY LEGISLATURE SENATE PLACE NO 2 ROUND 5 PARTY FILL: Set to Democrat per 1966 OCR convention (italic=R, Roman=D; empty extraction = D Roman text).",0.9
AL,Birmingham Post Herald,100100,1966,STATE SENATOR,3,Jefferson County,AL,"BETHEA, MALCOLM",Democrat,1,,,,"P-H RECOMMENDATIONS FOR TUESDAY - JEFFERSON COUNTY LEGISLATURE SENATE PLACE NO 3 ROUND 5 PARTY FILL: Set to Democrat per 1966 OCR convention (italic=R, Roman=D; empty extraction = D Roman text).",0.9
AL,Birmingham Post Herald,100100,1966,STATE SENATOR,4,Jefferson County,AL,"DOMINICK, RICHARD",Democrat,1,,,,"P-H RECOMMENDATIONS FOR TUESDAY - JEFFERSON COUNTY LEGISLATURE SENATE PLACE NO 4 ROUND 5 PARTY FILL: Set to Democrat per 1966 OCR convention (italic=R, Roman=D; empty extraction = D Roman text).",0.9
AL,Birmingham Post Herald,100100,1966,STATE SENATOR,5,Jefferson County,AL,"BAILES, GEORGE LEWIS",Democrat,1,,,,"P-H RECOMMENDATIONS FOR TUESDAY - JEFFERSON COUNTY LEGISLATURE SENATE PLACE NO 5 ROUND 5 PARTY FILL: Set to Democrat per 1966 OCR convention (italic=R, Roman=D; empty extraction = D Roman text).",0.9
AL,Birmingham Post Herald,100100,1966,STATE SENATOR,6,Jefferson County,AL,"MALONE, C. P.",Democrat,1,,,,"P-H RECOMMENDATIONS FOR TUESDAY - JEFFERSON COUNTY LEGISLATURE SENATE PLACE NO 6 ROUND 5 PARTY FILL: Set to Democrat per 1966 OCR convention (italic=R, Roman=D; empty extraction = D Roman text).",0.9
AL,Birmingham Post Herald,100100,1966,STATE SENATOR,7,Jefferson County,AL,"VACCA, PAT",Democrat,1,,,,"P-H RECOMMENDATIONS FOR TUESDAY - JEFFERSON COUNTY LEGISLATURE SENATE PLACE NO 7 ROUND 5 PARTY FILL: Set to Democrat per 1966 OCR convention (italic=R, Roman=D; empty extraction = D Roman text).",0.9
AL,Birmingham Post Herald,100100,1966,STATE REP,1,Jefferson County,AL,"MEEKS, PAUL JR.",Democrat,1,,,,"P-H RECOMMENDATIONS FOR TUESDAY - JEFFERSON COUNTY HOUSE PLACE NO 1 ROUND 5 PARTY FILL: Set to Democrat per 1966 OCR convention (italic=R, Roman=D; empty extraction = D Roman text).",0.9
AL,Birmingham Post Herald,100100,1966,STATE REP,2,Jefferson County,AL,"SHOCKLEY, DOUGLAS",Democrat,1,,,,"P-H RECOMMENDATIONS FOR TUESDAY - JEFFERSON COUNTY HOUSE PLACE NO 2 ROUND 5 PARTY FILL: Set to Democrat per 1966 OCR convention (italic=R, Roman=D; empty extraction = D Roman text).",0.9
AL,Birmingham Post Herald,100100,1966,STATE REP,3,Jefferson County,AL,"ELLIS, ROBERT L. JR.",Democrat,1,,,,P-H RECOMMENDATIONS FOR TUESDAY - JEFFERSON COUNTY HOUSE PLACE NO 3,0.9
AL,Birmingham Post Herald,100100,1966,STATE REP,4,Jefferson County,AL,"BURKETT, NELSON",Democrat,1,,,,"P-H RECOMMENDATIONS FOR TUESDAY - JEFFERSON COUNTY HOUSE PLACE NO 4 ROUND 5 PARTY FILL: Set to Democrat per 1966 OCR convention (italic=R, Roman=D; empty extraction = D Roman text).",0.9
AL,Birmingham Post Herald,100100,1966,STATE REP,5,Jefferson County,AL,"WALLIS, KEN",Democrat,1,,,,"P-H RECOMMENDATIONS FOR TUESDAY - JEFFERSON COUNTY HOUSE PLACE NO 5 ROUND 5 PARTY FILL: Set to Democrat per 1966 OCR convention (italic=R, Roman=D; empty extraction = D Roman text).",0.9
AL,Birmingham Post Herald,100100,1966,STATE REP,6,Jefferson County,AL,"MCKEE, ROBERT",Democrat,1,,,,"P-H RECOMMENDATIONS FOR TUESDAY - JEFFERSON COUNTY HOUSE PLACE NO 6 ROUND 5 PARTY FILL: Set to Democrat per 1966 OCR convention (italic=R, Roman=D; empty extraction = D Roman text).",0.9
AL,Birmingham Post Herald,100100,1966,STATE REP,7,Jefferson County,AL,"ADWELL, BOB",Democrat,1,,,,"P-H RECOMMENDATIONS FOR TUESDAY - JEFFERSON COUNTY HOUSE PLACE NO 7 ROUND 5 PARTY FILL: Set to Democrat per 1966 OCR convention (italic=R, Roman=D; empty extraction = D Roman text).",0.9
AL,Birmingham Post Herald,100100,1966,STATE REP,8,Jefferson County,AL,"WEEKS, RAYMOND",Democrat,1,,,,P-H RECOMMENDATIONS FOR TUESDAY - JEFFERSON COUNTY HOUSE PLACE NO 8,0.9
AL,Birmingham Post Herald,100100,1966,STATE REP,9,Jefferson County,AL,"GRIFFITH, ED",Democrat,1,,,,"P-H RECOMMENDATIONS FOR TUESDAY - JEFFERSON COUNTY HOUSE PLACE NO 9 ROUND 5 PARTY FILL: Set to Democrat per 1966 OCR convention (italic=R, Roman=D; empty extraction = D Roman text).",0.9
AL,Birmingham Post Herald,100100,1966,STATE REP,10,Jefferson County,AL,"STAFIANOS, NICK",Democrat,1,,,,"P-H RECOMMENDATIONS FOR TUESDAY - JEFFERSON COUNTY HOUSE PLACE NO 10 ROUND 5 PARTY FILL: Set to Democrat per 1966 OCR convention (italic=R, Roman=D; empty extraction = D Roman text).",0.9
AL,Birmingham Post Herald,100100,1966,STATE REP,11,Jefferson County,AL,"SESSIONS, TRAM",Democrat,1,,,,"P-H RECOMMENDATIONS FOR TUESDAY - JEFFERSON COUNTY HOUSE PLACE NO 11 ROUND 5 PARTY FILL: Set to Democrat per 1966 OCR convention (italic=R, Roman=D; empty extraction = D Roman text).",0.9
AL,Birmingham Post Herald,100100,1966,STATE REP,12,Jefferson County,AL,"YIELDING, NEWMAN",Democrat,1,,,,"P-H RECOMMENDATIONS FOR TUESDAY - JEFFERSON COUNTY HOUSE PLACE NO 12 ROUND 5 PARTY FILL: Set to Democrat per 1966 OCR convention (italic=R, Roman=D; empty extraction = D Roman text).",0.9
AL,Birmingham Post Herald,100100,1966,STATE REP,13,Jefferson County,AL,"NORRIS, ROBERT L.",Democrat,1,,,,"P-H RECOMMENDATIONS FOR TUESDAY - JEFFERSON COUNTY HOUSE PLACE NO 13 ROUND 5 PARTY FILL: Set to Democrat per 1966 OCR convention (italic=R, Roman=D; empty extraction = D Roman text).",0.9
AL,Birmingham Post Herald,100100,1966,STATE REP,14,Jefferson County,AL,"NORRIS, PALMER W.",Democrat,1,,,,"P-H RECOMMENDATIONS FOR TUESDAY - JEFFERSON COUNTY HOUSE PLACE NO 14 ROUND 5 PARTY FILL: Set to Democrat per 1966 OCR convention (italic=R, Roman=D; empty extraction = D Roman text).",0.9
AL,Birmingham Post Herald,100100,1966,STATE REP,15,Jefferson County,AL,"LINDEN, LARRY F.",Democrat,1,,,,"P-H RECOMMENDATIONS FOR TUESDAY - JEFFERSON COUNTY HOUSE PLACE NO 15 ROUND 5 PARTY FILL: Set to Democrat per 1966 OCR convention (italic=R, Roman=D; empty extraction = D Roman text).",0.9
AL,Birmingham Post Herald,100100,1966,STATE REP,16,Jefferson County,AL,"COOK, JOHN W.",Democrat,1,,,,"P-H RECOMMENDATIONS FOR TUESDAY - JEFFERSON COUNTY HOUSE PLACE NO 16 ROUND 5 PARTY FILL: Set to Democrat per 1966 OCR convention (italic=R, Roman=D; empty extraction = D Roman text).",0.9
AL,Birmingham Post Herald,100100,1966,STATE REP,17,Jefferson County,AL,"HOUSE, FRANK",Democrat,1,,,,"P-H RECOMMENDATIONS FOR TUESDAY - JEFFERSON COUNTY HOUSE PLACE NO 17 ROUND 5 PARTY FILL: Set to Democrat per 1966 OCR convention (italic=R, Roman=D; empty extraction = D Roman text).",0.9
AL,Birmingham Post Herald,100100,1966,STATE REP,18,Jefferson County,AL,"CHERNER, BENNETT L.",Democrat,1,,,,"P-H RECOMMENDATIONS FOR TUESDAY - JEFFERSON COUNTY HOUSE PLACE NO 18 ROUND 5 PARTY FILL: Set to Democrat per 1966 OCR convention (italic=R, Roman=D; empty extraction = D Roman text).",0.9
AL,Birmingham Post Herald,100100,1966,STATE REP,19,Jefferson County,AL,"GLOOR, TOM",Democrat,1,,,,P-H RECOMMENDATIONS FOR TUESDAY - JEFFERSON COUNTY HOUSE PLACE NO 19,0.9
AL,Birmingham Post Herald,100100,1966,STATE REP,20,Jefferson County,AL,"JACKSON, THOMAS L.",Democrat,1,,,,"P-H RECOMMENDATIONS FOR TUESDAY - JEFFERSON COUNTY HOUSE PLACE NO 20 ROUND 5 PARTY FILL: Set to Democrat per 1966 OCR convention (italic=R, Roman=D; empty extraction = D Roman text).",0.9
AL,Birmingham Post Herald,100100,1966,CNTY COMM PRESIDENT,,Jefferson County,AL,"GREEN, COOPER",Democrat,1,,,,"P-H RECOMMENDATIONS FOR TUESDAY - JEFFERSON COUNTY COMMISSION PRESIDENT ROUND 5 PARTY FILL: Set to Democrat per 1966 OCR convention (italic=R, Roman=D; empty extraction = D Roman text).",0.9
AL,Birmingham Post Herald,100100,1966,CNTY COMM,1,Jefferson County (Associate 1),AL,"GILMORE, EDDIE",Democrat,1,,,,"P-H RECOMMENDATIONS FOR TUESDAY - JEFFERSON COUNTY COMMISSION ASSOCIATE NO 1 ROUND 5 PARTY FILL: Set to Democrat per 1966 OCR convention (italic=R, Roman=D; empty extraction = D Roman text).",0.9
AL,Birmingham Post Herald,100100,1966,CNTY COMM,2,Jefferson County (Associate 2),AL,"PINSON, TOM",Democrat,1,,,,"P-H RECOMMENDATIONS FOR TUESDAY - JEFFERSON COUNTY COMMISSION ASSOCIATE NO 2 ROUND 5 PARTY FILL: Set to Democrat per 1966 OCR convention (italic=R, Roman=D; empty extraction = D Roman text).",0.9
AL,Birmingham Post Herald,100100,1966,JUDGE,10,Circuit Court,AL,"BARBER, WILLIAM C.",Democrat,1,,,,"P-H RECOMMENDATIONS FOR TUESDAY - JUDGE 10TH CIRCUIT ROUND 5 PARTY FILL: Set to Democrat per 1966 OCR convention (italic=R, Roman=D; empty extraction = D Roman text).",0.9
AL,Birmingham Post Herald,100100,1966,TAX ASSESSOR,,Jefferson County,AL,"WHETSTONE, L. A.",Democrat,1,,,,"P-H RECOMMENDATIONS FOR TUESDAY - TAX ASSESSOR ROUND 5 PARTY FILL: Set to Democrat per 1966 OCR convention (italic=R, Roman=D; empty extraction = D Roman text).",0.9
AL,Birmingham Post Herald,100100,1966,TAX COLLECTOR,,Jefferson County,AL,"SMITH, J. D.",Democrat,1,,,,"P-H RECOMMENDATIONS FOR TUESDAY - TAX COLLECTOR ROUND 5 PARTY FILL: Set to Democrat per 1966 OCR convention (italic=R, Roman=D; empty extraction = D Roman text).",0.9
AL,Birmingham Post Herald,100100,1966,STATE BOARD OF ED,,Jefferson County,AL,"JENKINS, W. A. JR.",Democrat,1,,,,"P-H RECOMMENDATIONS FOR TUESDAY - BOARD OF EDUCATION ROUND 5 PARTY FILL: Set to Democrat per 1966 OCR convention (italic=R, Roman=D; empty extraction = D Roman text).",0.9
AL,Birmingham Post Herald,100100,1968,PRESIDENT,,,AL,"NIXON, RICHARD M.",Republican,1,,,,WE FAVOR THE ELECTION OF RICHARD NIXON AS PRESIDENT BECAUSE WE ARE CONVINCED HE IS IN THE BEST POSITION TO MEET THE PROBLEMS NOW CONFRONTING THE NATION; HE HAS TRAVELED EXTENSIVELY STUDIED EXTENSIVELY AND KEPT UP TO DATE ON ISSUES; MR NIXON IS THE ONLY ONE FULLY EQUIPPED BY EXPERIENCE BY PLANNING AS WELL AS BY ABILITY TO MAKE THE CHANGE IN ANY EFFECTIVE MEANINGFUL FASHION,0.95
AL,Birmingham Post Herald,100100,1968,SENATOR,,,AL,"ALLEN, JAMES B.",Democrat,1,,,,THIS NEWSPAPER RECOMMENDS HIS ELECTION; FORMER STATE LEGISLATOR AND TWICE LIEUTENANT GOVERNOR OF ALABAMA; IN THE PAST HE HAS SERVED THIS STATE WELL AND WE BELIEVE THAT HE HAS THE CAPABILITY TO SO SERVE US AGAIN,0.95
AL,Birmingham Post Herald,100100,1968,H,6,,AL,"BUCHANAN, JOHN H. JR.",Republican,1,,1,,IN HIS FOUR YEARS SERVICE REP BUCHANAN HAS SHOWN ENCOURAGING SIGNS OF GROWTH AND INCREASING UNDERSTANDING OF THE PROBLEMS OF THIS DISTRICT AND THEIR RELATION TO THE NATION; WE BELIEVE THAT HE HAS EARNED ANOTHER TERM AND RECOMMEND HIS RE-ELECTION,0.95
AL,Birmingham Post Herald,100100,1968,H,4,,AL,"NICHOLS, BILL",Democrat,1,,,,IN THE TWO OUTLYING DISTRICTS TAKING IN PARTS OF BIRMINGHAM WE FEEL US REP BILL NICHOLS IS BEST QUALIFIED IN THE FOURTH; BROAD BACKGROUND IN THE PROBLEMS OF AGRICULTURE,0.9
AL,Birmingham Post Herald,100100,1968,H,5,,AL,"FLOWERS, WALTER",Democrat,1,,,,WALTER FLOWERS THE BEST CHOICE IN THE FIFTH; FROM TUSCALOOSA PROMISES A YOUNG NEW APPROACH IN WASHINGTON; BOTH ARE DEMOCRATS,0.9
AL,Birmingham Post Herald,100100,1968,CNTY TREASURER,,Jefferson County,AL,"HART, W. S.",Republican,1,,1,,REPUBLICAN W S HART WHO HAS SERVED AS JEFFERSON COUNTY TREASURER FOR THE PAST FOUR YEARS IS SEEKING RE-ELECTION; HE HAS ASKED QUESTIONS THAT NEEDED ASKING AND HE HAS REFUSED TO BE INTIMIDATED; IT IS A PLEASURE TO RECOGNIZE HIS CONTRIBUTIONS TO BETTER LOCAL GOVERNMENT AND TO URGE HIS RE-ELECTION,0.95
AL,Birmingham Post Herald,100100,1970,GOVERNOR,,,AL,"SHELTON, A. C.",Independent,1,,,,AN ALTERNATIVE FOR THE VOTERS WHO DID NOT AND DO NOT CHOOSE GEORGE WALLACE; SEN A C SHELTON OF JACKSONVILLE; HIS EXPERIENCE IN GOVERNMENT COURAGE AND DEDICATION TO THE LONG-TERM INTERESTS OF ALABAMA ARE WELL KNOWN; THE LEVER BESIDE MR SHELTONS NAME MAY BE PULLED WITH FULL CONFIDENCE THAT HE WOULD MAKE A GOOD GOVERNOR FOR ALABAMA ROUND 2 PARTY FIX: WAS REPUBLICAN; SHELTON RAN AS INDEPENDENT IN 1970 (CROSS-PAPER CONSISTENT WITH BIRMINGHAM NEWS).,0.95
AL,Birmingham Post Herald,100100,1970,STATE REP,1,Jefferson County,AL,"KNIGHT, JAMES R. JR.",Republican,1,,,,FOR THE HOUSE - MR KNIGHT A REPUBLICAN HAS NO PREVIOUS POLITICAL EXPERIENCE BUT HE IS YOUNG 28 HAS CURIOSITY AND INTELLIGENCE DOESNT SEEM TO MIND WORKING AND UNDERSTANDS WHAT BIRMINGHAMS PROBLEMS ARE,0.9
AL,Birmingham Post Herald,100100,1970,STATE REP,2,Jefferson County,AL,"WAGGONER, J. T.",Democrat,1,1,,,MR WAGGONER A DEMOCRAT AND A MEMBER OF THE PRESENT LEGISLATURE COMBINES YOUTH WITH EXPERIENCE AND SHOULD BE INCREASINGLY VALUABLE TO THE DELEGATION,0.9
AL,Birmingham Post Herald,100100,1970,STATE REP,3,Jefferson County,AL,"ELLIS, ROBERT L. JR.",Democrat,1,1,,,MR ELLIS A DEMOCRAT IS ONE OF THE HARDER WORKING MEMBERS OF THE PRESENT DELEGATION,0.9
AL,Birmingham Post Herald,100100,1970,STATE REP,4,Jefferson County,AL,"ERDREICH, BEN",Democrat,1,,,,MR ERDREICH A DEMOCRAT AND AN ATTORNEY IS ONE OF THE YOUNGEST CANDIDATES; HE ALSO IS ONE OF THE MOST INTELLIGENT AND IMAGINATIVE; HE HAS THE POSSIBILITY OF BECOMING AN OUTSTANDING LEGISLATOR,0.9
AL,Birmingham Post Herald,100100,1970,STATE REP,5,Jefferson County,AL,"DILL, RICHARD",Democrat,1,1,,,MR DILL A DEMOCRAT AND A MEMBER OF THE CURRENT LEGISLATURE HAS BEEN CHIEFLY RESPONSIBLE FOR SPONSORING LEGISLATION FOR THE CITY OF BIRMINGHAM; STALWART ADVOCATE OF THE INTERESTS OF THE CITY AND DESERVES RETURN TO OFFICE ON THAT SCORE,0.9
AL,Birmingham Post Herald,100100,1970,STATE REP,6,Jefferson County,AL,"WHITAKER, MEADE JR.",Republican,1,,,,MR WHITAKER A REPUBLICAN AND SOON-TO-BE ATTORNEY IS ANOTHER VERY YOUNG MAN; HE IS HIS OWN MAN INTELLIGENT ENERGETIC AND FAR-SEEING; A YOUNG MAN OF FINE PROMISE,0.9
AL,Birmingham Post Herald,100100,1970,STATE REP,7,Jefferson County,AL,"COX, JAMES L.",Republican,1,,,,MR COX A REPUBLICAN IS A SUCCESSFUL BUSINESSMAN AND AN EFFECTIVE CIVIC WORKER; HE COULD ADD A GREAT DEAL OF STRENGTH TO THE DELEGATION AND SHOULD BE ACCEPTABLE TO ALL SEGMENTS OF THE COMMUNITY,0.9
AL,Birmingham Post Herald,100100,1970,STATE REP,8,Jefferson County,AL,"WEEKS, RAYMOND",Democrat,1,1,,,MR WEEKS A DEMOCRAT AND VETERAN LEGISLATOR IS A RESIDENT OF THE CITY OF BIRMINGHAM AND HAS BEEN AN EFFECTIVE VOICE FOR THE CITY IN THE LEGISLATURE; HE SHOULD BE RETURNED,0.9
AL,Birmingham Post Herald,100100,1970,STATE REP,9,Jefferson County,AL,"DOSS, CHRIS H.",Democrat,1,,,,MR DOSS A DEMOCRAT WHO ALSO IS A MINISTER AND A LAWYER IS ANOTHER CANDIDATE WHO CAN BE COUNTED ON TO SERVE THE INTERESTS OF THE CITY OF BIRMINGHAM; HE COULD BE AN OUTSTANDING MEMBER OF THE DELEGATION,0.9
AL,Birmingham Post Herald,100100,1970,STATE REP,10,Jefferson County,AL,"TRUE, HOWARD A.",Republican,1,,,,MR TRUE A REPUBLICAN WHO ATTENDED THE US NAVAL ACADEMY AND IS A PROFESSIONAL ANALYST IN FINANCIAL ENGINEERING AND COMPUTER SCIENCES; HAS BEEN AN EFFECTIVE WORKER IN CAMPAIGNS OF OTHERS FOR THE PAST 12 YEARS; COULD BE A VALUABLE ADDITION TO THE COUNTYS DELEGATION,0.9
AL,Birmingham Post Herald,100100,1970,STATE REP,11,Jefferson County,AL,"IRWIN, O. W. JR.",Republican,1,,,,MR IRWIN A REPUBLICAN AND A RESIDENT OF THE CITY OF BIRMINGHAM IS A FORMER TEACHER AND COACH IN THE JEFFERSON COUNTY SCHOOL SYSTEM NOW IN THE REAL ESTATE AND INSURANCE BUSINESS; A VETERAN OF WORLD WAR II AND THE KOREAN WAR,0.9
AL,Birmingham Post Herald,100100,1970,STATE REP,12,Jefferson County,AL,"BOUTWELL, DRAKE",Democrat,1,,,,MR BOUTWELL A DEMOCRAT IS ANOTHER OF THE YOUNG GROUP; A RECENT GRADUATE OF LAW SCHOOL AND SON OF ALBERT BOUTWELL FORMER LEGISLATOR LIEUTENANT GOVERNOR AND MAYOR OF BIRMINGHAM; HE SHOULD MAKE A GOOD LEGISLATOR,0.9
AL,Birmingham Post Herald,100100,1970,STATE REP,13,Jefferson County,AL,"FALKENBURG, FRANCIS",Democrat,1,,,,MR FALKENBURG A DEMOCRAT IS A LONG TIME RESIDENT OF BIRMINGHAM WHO CAN BE COUNTED UPON TO WATCH OVER THE CITYS INTERESTS,0.9
AL,Birmingham Post Herald,100100,1970,STATE REP,14,Jefferson County,AL,"PARKER, OSCAR W.",Democrat,1,,,,MR PARKER A DEMOCRAT IS THE ONLY CANDIDATE DEMOCRAT OR REPUBLICAN FROM THE NORTH JEFFERSON COUNTY AREA ON THE BALLOT; GROWING GARDENDALE AREA WOULD BE WITHOUT A SPOKESMAN IF HE WERE NOT ELECTED; HIS OPPONENT WHO ALSO IS A GOOD MAN,0.9
AL,Birmingham Post Herald,100100,1970,STATE REP,15,Jefferson County,AL,"BOWERS, QUINTON R.",Democrat,1,1,,,MR BOWERS A DEMOCRAT AND MEMBER OF THE PRESENT LEGISLATURE HAS HAD EXPERIENCE WHICH SHOULD CONTINUE TO BE VALUABLE TO THE DELEGATION,0.9
AL,Birmingham Post Herald,100100,1970,STATE REP,16,Jefferson County,AL,"THOMPSON, DAVIS",Republican,1,,,,MR THOMPSON A REPUBLICAN IS A RETIRED CHEMIST WITH A LONG RECORD OF CIVIC SERVICE IN THE FAIRFIELD AREA,0.9
AL,Birmingham Post Herald,100100,1970,STATE REP,17,Jefferson County,AL,"ELLIS, RICHARD W.",Republican,1,,,,MR ELLIS A REPUBLICAN IS A MEMBER OF HIS PARTYS COUNTY EXECUTIVE COMMITTEE; HE ALSO IS YOUNG 33 AND VIGOROUS,0.9
AL,Birmingham Post Herald,100100,1970,STATE REP,18,Jefferson County,AL,"CHERNER, BEN",Democrat,1,1,,,MR CHERNER A DEMOCRAT AND OUTSTANDING MEMBER OF THE PRESENT DELEGATION HAS CERTAINLY EARNED ANOTHER TERM,0.9
AL,Birmingham Post Herald,100100,1970,STATE REP,19,Jefferson County,AL,"GLOOR, TOM",Democrat,1,1,,,MR GLOOR A DEMOCRAT AND ANOTHER OUTSTANDING INCUMBENT ALSO SHOULD BE RETURNED,0.9
AL,Birmingham Post Herald,100100,1970,STATE REP,20,Jefferson County,AL,"SHOCKLEY, J. D.",Republican,1,,,,MR SHOCKLEY A REPUBLICAN HAS BEEN A STALWART OF HIS PARTY FOR MANY YEARS; AN ENGINEER WHO WAS EDUCATED AT WOODLAWN HIGH AND AUBURN UNIVERSITY; HE COULD BE AN ASSET TO THE DELEGATION,0.9
AL,Birmingham Post Herald,100100,1970,H,6,,AL,"BUCHANAN, JOHN H. JR.",Republican,1,,1,,IN HIS SIX YEARS IN CONGRESS JOHN H BUCHANAN JR HAS SHOWN HES A MAN WHO KEEPS HIS PROMISES; WE BELIEVE HIS RECORD SPEAKS FOR ITSELF AND STRONGLY URGE HIS RE-ELECTION TO A FOURTH TERM TUESDAY,0.95
AL,Birmingham Post Herald,100100,1970,LT GOVERNOR,,,AL,"FRENCH, BOB",Republican,1,,,,FOR LIEUTENANT GOVERNOR FT PAYNE ATTY BOB FRENCH 36 REPUBLICAN; FOR THE FIRST TIME IN MODERN HISTORY ALABAMA HAS A REAL OPPORTUNITY TO PUT A TWO-PARTY SYSTEM TO WORK ON CAPITOL HILL IN MONTGOMERY,0.95
AL,Birmingham Post Herald,100100,1970,ATTORNEY GENERAL,,,AL,"BAXLEY, BILL",Democrat,1,,,,FOR ATTORNEY GENERAL DOTHAN DIST ATTY BILL BAXLEY 29 DEMOCRAT; MR BAXLEY DEFEATED THE INCUMBENT IN THE DEMOCRATIC PRIMARIES ON A PLATFORM DENOUNCING INACTION AND PROMISING STRICT ENFORCEMENT OF STATE STATUTES AND PROSECUTION OF DISHONEST OFFICIALS,0.95
AL,Birmingham Post Herald,100100,1970,STATE BOARD OF ED,6,,AL,"THOMAS, FRANK JR.",Republican,1,,,,FOR STATE BOARD OF EDUCATION SIXTH DISTRICT BIRMINGHAM INVESTMENT BANKER FRANK THOMAS JR 39 REPUBLICAN; WITH INCREASED INTEREST ON GETTING A FAIRER DISTRIBUTION OF STATE SCHOOL MONIES ELECTION OF A MAN PLEDGED TO REPRESENT THE CITYS INTEREST IS VITAL,0.95
AL,Birmingham Post Herald,100100,1970,SCHOOL BOARD,,Jefferson County,AL,"GWIN, HARRIETTE",Democrat,1,1,,,INCUMBENTS MRS HARRIETTE GWIN AND GEORGE ROGERS ARE THE DEMOCRATIC NOMINEES FOR THE VACANCIES AND BOTH MERIT THE VOTERS CONFIDENCE; MRS GWIN HAS MADE IMPORTANT CONTRIBUTIONS OF TIME AND ABILITY IN HELPING TO MAKE A BETTER COUNTY SCHOOL SYSTEM; WE HOPE THAT BOTH WILL BE RETURNED TO OFFICE BY AN OVERWHELMING MARGIN,0.95
AL,Birmingham Post Herald,100100,1970,SCHOOL BOARD,,Jefferson County,AL,"ROGERS, GEORGE",Democrat,1,1,,,MR ROGERS IS A LONG-TIME SERVANT OF THE PUBLIC ON THE BOARD AND HIS COUNSEL HAS BEEN INVALUABLE IN THE OPERATION OF ONE OF ALABAMAS LARGEST SCHOOL SYSTEMS; WE HOPE THAT BOTH WILL BE RETURNED TO OFFICE BY AN OVERWHELMING MARGIN; THEY ARE NEEDED THERE,0.95
AL,Birmingham Post Herald,100100,1972,PUBLIC SERVICE COMMISSION,,,AL,"CONNELL, JODIE",Republican,1,,,,JODIE CONNELL THE REPUBLICAN CANDIDATE FOR THE OFFICE IS JUST SUCH A MAN; ALABAMA VOTERS HAVE AN OPPORTUNITY THIS YEAR TO ALTER THIS PATTERN BY ELECTING A MAN CONCERNED WITH THE PLIGHT OF THE CONSUMERS WHILE RECOGNIZING THE NEED OF UTILITY COMPANIES TO EXPAND THEIR FACILITIES; WE RECOMMEND HIS ELECTION,0.95
AL,Birmingham Post Herald,100100,1972,CNTY TREASURER,,Jefferson County,AL,"PARKER, HORACE",Democrat,1,,,,STATE REP HORACE PARKER WHO ACCUMULATED AN IMPRESSIVE RECORD HANDLING LOCAL LEGISLATION DURING HIS FIRST SESSIONS IN THE LEGISLATURE SHOULD BE ELECTED TREASURER; HIS EXPERIENCE BOTH AS A STATE REPRESENTATIVE AND MAYOR OF GARDENDALE SHOULD COMMEND HIM TO THE VOTERS,0.95
AL,Birmingham Post Herald,100100,1972,TAX ASSESSOR,,Jefferson County,AL,"THOMASON, ROBERT",Republican,1,,,,ROBERT THOMASON A RELATIVE NEWCOMER TO POLITICS ALTHOUGH A LONG-TIME REPUBLICAN PARTY WORKER OFFERS THE VOTERS THE BEST CHOICE OF CANDIDATES FOR TAX ASSESSOR; WOULD PROVIDE JEFFERSON COUNTY RESIDENTS A YOUTHFUL AND INDEPENDENT APPROACH TO THE PROBLEMS AROUND THE COURTHOUSE,0.95
AL,Birmingham Post Herald,100100,1972,PRESIDENT,,,AL,"NIXON, RICHARD M.",Republican,1,,1,,RECAPITULATION - FOR PRESIDENT RICHARD M NIXON R,0.95
AL,Birmingham Post Herald,100100,1972,SENATOR,,,AL,"SPARKMAN, JOHN",Democrat,1,1,,,RECAPITULATION - FOR US SENATE JOHN SPARKMAN D,0.95
AL,Birmingham Post Herald,100100,1972,H,,,AL,"ERDREICH, BEN",Democrat,1,,,,RECAPITULATION - FOR US HOUSE BEN ERDREICH D,0.95
AL,Birmingham Post Herald,100100,1974,LT GOVERNOR,,,AL,"COLLINS, DON",Republican,1,,,,THE BETTER CHOICE; FORTUNATELY FOR THE PEOPLE OF ALABAMA THERE IS A BETTER CHOICE IN THE NOV 5 ELECTION THIS IS THE REPUBLICAN NOMINEE DON COLLINS; A SUCCESSFUL BIRMINGHAM ATTORNEY AND FORMER STATE LEGISLATOR; DON COLLINS WOULD BE SUCH A LIEUTENANT GOVERNOR WE WHOLEHEARTEDLY ENDORSE HIS ELECTION ON NOV 5,0.95
AL,Birmingham Post Herald,100100,1974,PUBLIC SERVICE COMMISSION,,,AL,"ZEIGLER, JIM",Democrat,1,,,,THE PSC RACE; ZEIGLER ONE OF THE YOUNGEST CANDIDATES TO WIN A STATEWIDE PARTY NOMINATION IN YEARS; FROM THE BEGINNING OF HIS CANDIDACY HAS STRUCK US AS A BRIGHT YOUNG MAN WHO HAS ASKED SOME QUESTIONS WHICH LONG NEEDED ASKING; WE COMMEND HIM TO THE VOTERS IN TUESDAYS GENERAL ELECTION,0.95
AL,Birmingham Post Herald,100100,1974,STATE SENATOR,5,,AL,"AKINS, LARRY",Republican,1,,,,FOR THE LEGISLATURE - SENATE DISTRICT 5 WHICH INCLUDES PARTS OF WALKER AND BLOUNT COUNTIES,0.9
AL,Birmingham Post Herald,100100,1974,STATE SENATOR,13,,AL,"PEARSON, J. RICHMOND",Democrat,1,,,,FOR THE LEGISLATURE - SENATE DISTRICT 13,0.9
AL,Birmingham Post Herald,100100,1974,STATE SENATOR,15,,AL,"CLEMON, U. W.",Democrat,1,,,,FOR THE LEGISLATURE - SENATE DISTRICT 15,0.9
AL,Birmingham Post Herald,100100,1974,STATE REP,14,,AL,"ACKER, NEAL B.",Republican,1,,,,FOR THE LEGISLATURE - HOUSE DISTRICT 14 WHICH INCLUDES A PORTION OF BLOUNT COUNTY,0.9
AL,Birmingham Post Herald,100100,1974,STATE REP,15,,AL,"HALL, ROBERT",Democrat,1,,,,FOR THE LEGISLATURE - HOUSE DISTRICT 15,0.9
AL,Birmingham Post Herald,100100,1974,STATE REP,31,,AL,"WHITE, DEWEY",Democrat,1,,,,FOR THE LEGISLATURE - HOUSE DISTRICT 31,0.9
AL,Birmingham Post Herald,100100,1974,STATE REP,32,,AL,"FALKENBURG, FRANCES",Democrat,1,,,,FOR THE LEGISLATURE - HOUSE DISTRICT 32,0.9
AL,Birmingham Post Herald,100100,1974,STATE REP,34,,AL,"ANDREWS, RICHARD",Democrat,1,,,,FOR THE LEGISLATURE - HOUSE DISTRICT 34,0.9
AL,Birmingham Post Herald,100100,1974,STATE REP,35,,AL,"BIDDLE, JACK",Democrat,1,,,,FOR THE LEGISLATURE - HOUSE DISTRICT 35,0.9
AL,Birmingham Post Herald,100100,1974,STATE REP,37,,AL,"LEONARD, TOM",Democrat,1,,,,FOR THE LEGISLATURE - HOUSE DISTRICT 37,0.9
AL,Birmingham Post Herald,100100,1974,STATE REP,39,,AL,"PORTER, JOHN T.",Democrat,1,,,,"FOR THE LEGISLATURE - HOUSE DISTRICT 38; REV JOHN T PORTER | V9 2026-06-21 subagent-OCR verify: DIST FIX 38->39 per 1974 recap ""In District 39... Rep. John T. Porter, Democrat"" (d38 was uncontested Jackson).",0.9
AL,Birmingham Post Herald,100100,1974,STATE REP,40,,AL,"THOMPSON, DAVIS HUNT",Republican,1,,,,FOR THE LEGISLATURE - HOUSE DISTRICT 40,0.9
AL,Birmingham Post Herald,100100,1974,STATE REP,43,,AL,"TUCKER, JEROME",Democrat,1,,,,FOR THE LEGISLATURE - HOUSE DISTRICT 43,0.9
AL,Birmingham Post Herald,100100,1974,STATE REP,45,,AL,"HILLIARD, EARL F.",Democrat,1,,,,FOR THE LEGISLATURE - HOUSE DISTRICT 45,0.9
AL,Birmingham Post Herald,100100,1974,STATE REP,49,,AL,"VARNER, HENRY",Independent,1,,,,FOR THE LEGISLATURE - HOUSE DISTRICT 49 WHICH INCLUDES A PORTION OF TUSCALOOSA COUNTY,0.9
AL,Birmingham Post Herald,100100,1974,STATE REP,51,,AL,"WAGGONER, J. T.",Democrat,1,,,,FOR THE LEGISLATURE - HOUSE DISTRICT 51 WHICH INCLUDES A PORTION OF SHELBY COUNTY,0.9
AL,Birmingham Post Herald,100100,1974,CITY COUNCIL,,Birmingham,AL,"HERRING, DAVID",Nonpartisan,1,1,,,FOR CITY COUNCIL; DAVID HERRING WHO WAS APPOINTED EARLIER THIS YEAR TO SERVE UNTIL AN ELECTION COULD BE HELD; DURING HIS SHORT PERIOD OF SERVICE HERRING HAS DISPLAYED INDICATIONS OF GROWING INTO AN EFFECTIVE COUNCIL MEMBER; WE BELIEVE HIS ELECTION ON TUESDAY WOULD BE IN THE BEST INTERESTS OF THE PEOPLE OF BIRMINGHAM,0.9
AL,Birmingham Post Herald,100100,1974,SCHOOL BOARD,,Jefferson County,AL,"GODWIN, RANDY",Democrat,1,,,,TWO FOR SCHOOLS; THE POST-HERALD RECOMMENDS RANDY GODWIN DEMOCRAT AND JACK COURSON REPUBLICAN FOR THESE IMPORTANT POSITIONS; THIS IS GODWINS SECOND RACE FOR THE POSITION; TWO YEARS AGO HE JUST MISSED BEING THE DEMOCRATIC NOMINEE; GODWIN WILL BRING FRESH IDEAS AND VIGOR TO SERVICE ON THE BOARD,0.95
AL,Birmingham Post Herald,100100,1974,SCHOOL BOARD,,Jefferson County,AL,"COURSON, JACK",Republican,1,,,,TWO FOR SCHOOLS; FORMER MAYOR OF LEEDS COURSON HAS LONG BEEN INVOLVED IN CIVIC AFFAIRS; THE 42 YEAR-OLD COURSON IS THE SORT OF DECENT HARD-WORKING MAN WE NEED IN THIS IMPORTANT POSITION; GODWIN AND COURSON WOULD BE EXCELLENT ADDITIONS TO THE SCHOOL BOARD; WE STRONGLY RECOMMEND THEM TO THE VOTERS OF JEFFERSON COUNTY,0.95
AL,Birmingham Post Herald,100100,1974,GOVERNOR,,,AL,"MCCARY, ELVIN",Republican,1,,,,AN ALTERNATIVE; ELVIN MCCARY FORMER LEGISLATOR AND REPUBLICAN CANDIDATE FOR GOVERNOR IS A GOOD MAN AND NO VOTER SHOULD HAVE TO OFFER ANY EXCUSES FOR SUPPORTING HIM; HE IS A REAL ALTERNATIVE TO THE WALLACE CANDIDACY AND AS SUCH THIS NEWSPAPER RECOMMENDS HIM TO ALABAMA VOTERS,0.95
AL,Birmingham Post Herald,100100,1976,PUBLIC SERVICE COMMISSION,,,AL,"MCDANIEL, JUANITA",Democrat,1,1,,,FOR PSC PRESIDENT; THIS NEWSPAPER BELIEVES JUANITA MCDANIEL THE DEMOCRATIC NOMINEE BEST MEETS THE QUALIFICATIONS WHICH THE PSC PRESIDENT SHOULD HAVE; IN SIX YEARS ON THE COMMISSION MRS MCDANIEL HAS QUIETLY BUT CONSISTENTLY LIVED UP TO HER RESPONSIBILITIES; WITHOUT HESITATION WE RECOMMEND HER ELECTION TO OUR READERS,0.95
AL,Birmingham Post Herald,100100,1976,SCHOOL BOARD,,Jefferson County,AL,"BRYMER, JACK",Democrat,1,,,,FIVE RECOMMENDATIONS; IN THE SCHOOL BOARD RACE THIS NEWSPAPER RECOMMENDS JACK BRYMER AND HARRIETTE GWIN BOTH DEMOCRATS AS THE CANDIDATES WHO CAN BEST SERVE THE RESIDENTS OF JEFFERSON COUNTY; BRYMER IS MANAGING EDITOR OF THE ALABAMA BAPTIST NEWSPAPER AND IS WELL ACQUAINTED WITH THE PROBLEMS OF EDUCATION,0.95
AL,Birmingham Post Herald,100100,1976,SCHOOL BOARD,,Jefferson County,AL,"GWIN, HARRIETTE",Democrat,1,1,,,MRS GWIN HAS SERVED WELL ON THE BOARD OF EDUCATION FOR THE PAST 16 YEARS; ON THREE DIFFERENT OCCASIONS SHE HAS BEEN PRESIDENT OF THE BOARD,0.95
AL,Birmingham Post Herald,100100,1976,CNTY TREASURER,,Jefferson County,AL,"DOMINICK, CHARLOTTE LANE",Democrat,1,,,,THE POSITION OF JEFFERSON COUNTY TREASURER IS OBSOLETE AND ITS FUNCTIONS SHOULD BE ABSORBED INTO OTHER COUNTY OFFICES BUT SO LONG AS IT EXISTS WE NEED A HIGH QUALITY INDIVIDUAL TO SERVE; CHARLOTTE LANE DOMINICK IS SUCH A PERSON; LONG ACTIVE IN DEMOCRATIC POLITICS AND CIVIC AFFAIRS; WE HIGHLY RECOMMEND HER ELECTION NEXT TUESDAY,0.9
AL,Birmingham Post Herald,100100,1976,CIRCUIT CLERK,,Jefferson County,AL,"CONRADI, POLLY",Democrat,1,1,,,WE RECOMMEND THE ELECTION OF POLLY CONRADI; SHE HAS FILLED A FULL TERM IN THE OFFICE SINCE THE DEATH OF JULIAN SWIFT EARLIER THIS YEAR; A PROPERLY FUNCTIONING CIRCUIT CLERKS OFFICE IS ESSENTIAL TO THE OPERATIONS OF OUR LOCAL COURTS,0.95
AL,Birmingham Post Herald,100100,1976,JUDGE,PLACE 11 BIRMINGHAM DIVISION,Circuit Court,AL,"CALLAWAY, C. W.",Democrat,1,,,,WE APPLAUD ATTORNEY BEN DANIEL FOR ENTERING THE CONTEST FOR CIRCUIT JUDGE PLACE 11 AS A REPUBLICAN HOWEVER WE BELIEVE C W DUGAN CALLAWAY THE DEMOCRATIC NOMINEE TO BE THE BETTER CANDIDATE AND RECOMMEND HIM TO VOTERS IN THE BIRMINGHAM DIVISION OF JEFFERSON COUNTY,0.95
AL,Birmingham Post Herald,100100,1976,SUPREME COURT,,(Chief Justice),AL,"TORBERT, BO",Democrat,1,,,,FOR CHIEF JUSTICE; WE RECOMMEND BO TORBERT FOR THIS IMPORTANT OFFICE; THE RETIRING CHIEF JUSTICE HOWELL HEFLIN HAS BROUGHT THE STATES COURT SYSTEM OUT OF THE DARK AGES; AS THE SENATE SPONSOR OF THE LENGTHY ACT IMPLEMENTING THE JUDICIAL ARTICLE TO THE STATE CONSTITUTION TORBERT GUIDED THAT MUCH-NEEDED LEGISLATION THROUGH THE UPPER CHAMBER,0.95
AL,Birmingham Post Herald,100100,1976,PRESIDENT,,,AL,"FORD, GERALD",Republican,1,,1,,FORD OVER CARTER; FORD IS A KNOWN QUANTITY SOLID EXPERIENCED AND TRUSTWORTHY; CARTER IS AN ENIGMA AND THUS A RISK BUT HAS HIGH POTENTIAL; ON BALANCE WE ENDORSE GERALD FORD; HE RESTORED THE BOND OF TRUST BETWEEN THE PEOPLE AND THE PRESIDENCY THAT HAD BEEN RUPTURED BY RICHARD NIXON,0.95
AL,Birmingham Post Herald,100100,1976,H,6,,AL,"BUCHANAN, JOHN",Republican,1,,1,,BUCHANAN FOR CONGRESS; IN THE NOV 2 ELECTION THERE IS ONLY ONE CANDIDATE QUALIFIED TO BE THE CONGRESSMAN FROM THE SIXTH CONGRESSIONAL DISTRICT WHICH COVERS MOST OF JEFFERSON COUNTY; THAT CANDIDATE IS JOHN BUCHANAN; WE RECOMMEND HIS RE-ELECTION TO OUR READERS; 12 YEARS AS REPRESENTATIVE,0.95
AL,Birmingham Post Herald,100100,1978,GOVERNOR,,,AL,"JAMES, FOB",Democrat,1,,,,A REVIEW - STATE RACES; GOVERNOR FOB JAMES DEMOCRAT,0.95
AL,Birmingham Post Herald,100100,1978,LT GOVERNOR,,,AL,"MCMILLAN, GEORGE",Democrat,1,,,,A REVIEW - LIEUTENANT GOVERNOR GEORGE MCMILLAN DEMOCRAT; JAMES AND MCMILLAN HAVE ABILITIES AND BACKGROUNDS WHICH COMPLEMENT EACH OTHER,0.95
AL,Birmingham Post Herald,100100,1978,SENATOR,,,AL,"STEWART, DONALD",Democrat,1,,,,A REVIEW - US SENATOR PLACE 2 DONALD STEWART DEMOCRAT; AN INDUSTRIOUS INTELLIGENT MAN; STEWART IS A CANDIDATE FOR THE PRESENT AND FUTURE NOT THE PAST,0.95
AL,Birmingham Post Herald,100100,1978,H,6,,AL,"BUCHANAN, JOHN",Republican,1,,1,,A REVIEW - US REPRESENTATIVE SIXTH DISTRICT JOHN BUCHANAN REPUBLICAN; A MAN OF PROVEN ABILITY,0.95
AL,Birmingham Post Herald,100100,1978,SEC OF STATE,,,AL,"SIEGELMAN, DON",Democrat,1,,,,A REVIEW - SECRETARY OF STATE DON SIEGELMAN DEMOCRAT,0.95
AL,Birmingham Post Herald,100100,1978,AUDITOR,,,AL,"WEEKS, O'REBA",Republican,1,,,,A REVIEW - STATE AUDITOR OREBA WEEKS REPUBLICAN,0.95
AL,Birmingham Post Herald,100100,1978,PUBLIC SERVICE COMMISSION,1,,AL,"HICKS, JIM",Republican,1,,,,A REVIEW - PUBLIC SERVICE COMMISSION PLACE 1 JIM HICKS REPUBLICAN,0.95
AL,Birmingham Post Herald,100100,1978,SHERIFF,,Jefferson County,AL,"BAILEY, MEL",Democrat,1,,,,A REVIEW - COUNTY RACES SHERIFF MEL BAILEY DEMOCRAT,0.95
AL,Birmingham Post Herald,100100,1978,SCHOOL BOARD,,Jefferson County,AL,"FAUCETTE, BETSY",Democrat,1,,,,A REVIEW - COUNTY BOARD OF EDUCATION BETSY FAUCETTE DEMOCRAT,0.95
AL,Birmingham Post Herald,100100,1978,STATE SENATOR,12,,AL,"VEAL, EVAN",Republican,1,,,,A REVIEW - STATE SENATE DISTRICT 12 EVAN VEAL REPUBLICAN,0.95
AL,Birmingham Post Herald,100100,1978,STATE REP,15,,AL,"PAYNE, ARTHUR",Democrat,1,,,,A REVIEW - STATE HOUSE DISTRICT 15 ARTHUR PAYNE DEMOCRAT,0.95
AL,Birmingham Post Herald,100100,1978,STATE REP,31,,AL,"RETAN, WALLY",Democrat,1,,,,A REVIEW - DISTRICT 31 WALLY RETAN DEMOCRAT,0.95
AL,Birmingham Post Herald,100100,1978,STATE REP,32,,AL,"SEIBELS, GEORGE",Republican,1,,,,A REVIEW - DISTRICT 32 GEORGE SEIBELS REPUBLICAN,0.95
AL,Birmingham Post Herald,100100,1978,STATE REP,34,,AL,"WALKER, M. H.",Republican,1,,,,"A REVIEW - DISTRICT 36 M H RED WALKER REPUBLICAN | V9 2026-06-21 subagent-OCR verify: DIST FIX 36->34 per 1978 recap ""District 34: M.H. (Red) Walker Republican.""",0.95
AL,Birmingham Post Herald,100100,1978,STATE REP,37,,AL,"BENNETT, JIM",Democrat,1,,,,A REVIEW - DISTRICT 37 JIM BENNETT DEMOCRAT,0.95
AL,Birmingham Post Herald,100100,1978,STATE REP,50,,AL,"LEWIS, DUANE",Democrat,1,,,,"A REVIEW - DISTRICT 39 DUANE LEWIS DEMOCRAT AND DAVID SMITH REPUBLICAN JOINT RECOMMENDATION | V9 2026-06-21 subagent-OCR verify: DIST FIX 39->50 per 1978 recap ""District 50: Duane Lewis Democrat.""",0.85
AL,Birmingham Post Herald,100100,1978,STATE REP,50,,AL,"SMITH, DAVID",Republican,1,,,,"A REVIEW - DISTRICT 39 DUANE LEWIS DEMOCRAT AND DAVID SMITH REPUBLICAN JOINT RECOMMENDATION | V9 2026-06-21 subagent-OCR verify: DIST FIX 39->50 per 1978 recap ""District 50: ... David Smith Republican.""",0.85
AL,Birmingham Post Herald,100100,1978,STATE REP,51,,AL,"WAGGONER, JABO",Democrat,1,1,,,A REVIEW - DISTRICT 51 JABO WAGGONER DEMOCRAT,0.95
AL,Birmingham Post Herald,100100,1978,CITY COUNCIL,,Birmingham,AL,"LASATER, TOM",Nonpartisan,1,,,,CITY COUNCIL - POST-HERALD HAS RECOMMENDED THE ELECTION OF EITHER TOM LASATER OR DEMETRIUS NEWTON,0.85
AL,Birmingham Post Herald,100100,1978,CITY COUNCIL,,Birmingham,AL,"NEWTON, DEMETRIUS",Nonpartisan,1,,,,CITY COUNCIL - POST-HERALD HAS RECOMMENDED THE ELECTION OF EITHER TOM LASATER OR DEMETRIUS NEWTON,0.85
AL,Birmingham Post Herald,100100,1980,PRESIDENT,,,AL,"REAGAN, RONALD",Republican,1,,,,ONCE MORE - FOR PRESIDENT RONALD REAGAN REPUBLICAN; THE FORMER GOVERNOR OF CALIFORNIA MAY NOT BE THE IDEAL PRESIDENTIAL CANDIDATE BUT HE DOES NOT HAVE JIMMY CARTERS RECORD OF FAILURE,0.95
AL,Birmingham Post Herald,100100,1980,SENATOR,,,AL,"DENTON, JEREMIAH",Republican,1,,,,FOR US SENATOR JEREMIAH DENTON REPUBLICAN; AN UNEASY CHOICE IN A CONTEST BETWEEN TWO DISTURBING CANDIDATES,0.95
AL,Birmingham Post Herald,100100,1980,H,6,,AL,"CLIFFORD, PETE",Democrat,1,,,,"FOR US REPRESENTATIVE 6TH CONGRESSIONAL DISTRICT PETE CLIFFORD DEMOCRAT; THE BIRMINGHAM CITY COUNCILMAN IS MORE LIKELY TO REPRESENT THE INTERESTS AND VIEWS OF THE ENTIRE DISTRICT | V9 2026-06-21 subagent-OCR verify: PATTERN K FIX: removed r_inc=1 — Clifford was the CHALLENGER (the R-incumbent was the opponent, per OCR); a challenger carries no incumbency flag.",0.95
AL,Birmingham Post Herald,100100,1980,SUPREME COURT,1,,AL,"ALMON, R. P.",Democrat,1,1,,,FOR STATE SUPREME COURT JUSTICE PLACE NO 1 R P ALMON DEMOCRAT; JUSTICE ALMON HAS PERFORMED WELL IN HIS TIME ON THE BENCH AND DESERVES RE-ELECTION,0.95
AL,Birmingham Post Herald,100100,1980,JUDGE,10,Circuit Court,AL,"ZANATY, W. C. JR.",Democrat,1,1,,,FOR CIRCUIT COURT JUDGE 10TH CIRCUIT PLACE 20 W C ZANATY JR DEMOCRAT; ANOTHER JUDGE WHOSE PERFORMANCE HAS EARNED RE-ELECTION,0.95
AL,Birmingham Post Herald,100100,1980,SCHOOL BOARD,,Jefferson County,AL,"COWAN, CHESTER JR.",Democrat,1,,,,FOR JEFFERSON COUNTY BOARD OF EDUCATION VOTE FOR TWO CHESTER COWAN JR DEMOCRAT AND JIM R HICKS REPUBLICAN; THE TOP CANDIDATES IN A FIELD OF FOUR EXCELLENT MEN,0.95
AL,Birmingham Post Herald,100100,1980,SCHOOL BOARD,,Jefferson County,AL,"HICKS, JIM R.",Republican,1,,,,FOR JEFFERSON COUNTY BOARD OF EDUCATION VOTE FOR TWO CHESTER COWAN JR DEMOCRAT AND JIM R HICKS REPUBLICAN; THE TOP CANDIDATES IN A FIELD OF FOUR EXCELLENT MEN,0.95
AL,Birmingham Post Herald,100100,1982,GOVERNOR,,,AL,"FOLMAR, EMORY",Republican,1,,,,GOVERNOR EMORY FOLMAR REPUBLICAN; THE MONTGOMERY MAYORS ADMINISTRATIVE ABILITY AND WILLINGNESS TO ACTUALLY GOVERN MAKE HIM THE CHOICE OVER GEORGE WALLACE,0.95
AL,Birmingham Post Herald,100100,1982,H,6,,AL,"ERDREICH, BEN",Democrat,1,,,,"CONGRESS SIXTH DISTRICT BEN ERDREICH DEMOCRAT; ERDREICHS INTELLIGENCE RECORD AS COUNTY COMMISSIONER AND MODERATE POLITICAL VIEWS MAKE HIM FAR SUPERIOR TO THE RIGHT-WING INCUMBENT | V9 2026-06-21 subagent-OCR verify: PATTERN K FIX: removed r_inc=1 — Erdreich was the CHALLENGER (the R-incumbent was the opponent, per OCR); a challenger carries no incumbency flag.",0.95
AL,Birmingham Post Herald,100100,1982,SUPREME COURT,1,,AL,"MADDOX, HUGH",Democrat,1,,,,SUPREME COURT PLACE 1 HUGH MADDOX DEMOCRAT; HIS EXPERIENCE GIVES HIM AN EDGE,0.95
AL,Birmingham Post Herald,100100,1982,CIRCUIT CLERK,,Jefferson County,AL,"CONRADI, POLLY",Democrat,1,1,,,JEFFERSON COUNTY CIRCUIT CLERK POLLY CONRADI DEMOCRAT; HER PERFORMANCE OVER THE PAST SIX YEARS HAS EARNED HER RE-ELECTION,0.95
AL,Birmingham Post Herald,100100,1982,STATE SENATOR,11,,AL,"CABANISS, BILL",Republican,1,,,,SENATE DISTRICT 11 BILL CABANISS REPUBLICAN,0.9
AL,Birmingham Post Herald,100100,1982,STATE REP,31,,AL,"STONE, JACK",Democrat,1,,,,HOUSE DISTRICT 31 JACK STONE DEMOCRAT,0.9
AL,Birmingham Post Herald,100100,1982,STATE REP,32,,AL,"RUMORE, SAM JR.",Democrat,1,,,,HOUSE DISTRICT 32 SAM RUMORE JR DEMOCRAT,0.9
AL,Birmingham Post Herald,100100,1982,STATE REP,33,,AL,"BENNETT, JIM",Democrat,1,,,,HOUSE DISTRICT 33 JIM BENNETT DEMOCRAT,0.9
AL,Birmingham Post Herald,100100,1982,STATE SENATOR,12,,AL,"AMARI, JOHN",Democrat,1,,,,SENATE DISTRICT 12 JOHN AMARI DEMOCRAT,0.9
AL,Birmingham Post Herald,100100,1982,STATE REP,34,,AL,"LAYTON, GEORGE",Democrat,1,,,,HOUSE DISTRICT 34 GEORGE LAYTON DEMOCRAT,0.9
AL,Birmingham Post Herald,100100,1982,STATE REP,36,,AL,"DAVIS, PAT",Democrat,1,,,,HOUSE DISTRICT 36 PAT DAVIS DEMOCRAT,0.9
AL,Birmingham Post Herald,100100,1982,STATE REP,40,,AL,"PETELOS, TONY",Republican,1,,,,HOUSE DISTRICT 40 TONY PETELOS REPUBLICAN,0.9
AL,Birmingham Post Herald,100100,1982,STATE REP,42,,AL,"BOLES, HUGH",Democrat,1,,,,HOUSE DISTRICT 42 HUGH BOLES DEMOCRAT,0.9
AL,Birmingham Post Herald,100100,1982,STATE SENATOR,17,,AL,"BACHUS, SPENCER",Republican,1,,,,SENATE DISTRICT 17 SPENCER BACHUS REPUBLICAN,0.9
AL,Birmingham Post Herald,100100,1982,STATE REP,50,,AL,"LEWIS, DUANE",Democrat,1,1,,,HOUSE DISTRICT 50 DUANE LEWIS DEMOCRAT,0.9
AL,Birmingham Post Herald,100100,1984,PRESIDENT,,,AL,"REAGAN, RONALD",Republican,1,,1,,FOR PRESIDENT RONALD REAGAN REPUBLICAN; BASED ON REAGANS RECORD AS PRESIDENT WE BELIEVE THE COUNTRY WILL DO SOMEWHAT BETTER WITH HIM RATHER THAN MONDALE AT THE HELM,0.95
AL,Birmingham Post Herald,100100,1984,SENATOR,,,AL,"HEFLIN, HOWELL",Democrat,1,1,,,FOR US SENATOR HOWELL HEFLIN DEMOCRAT; THE MODERATELY CONSERVATIVE DEMOCRATIC INCUMBENT HAS BEEN A GOOD SENATOR AND DESERVES RE-ELECTION; OPPONENT ALBERT LEE SMITH REPUBLICAN FOLLOWS A NARROW FAR-RIGHT IDEOLOGY,0.95
AL,Birmingham Post Herald,100100,1984,H,6,,AL,"ERDREICH, BEN",Democrat,1,1,,,FOR REPRESENTATIVE BEN ERDREICH DEMOCRAT; DEMOCRATIC INCUMBENT IN THE 6TH CONGRESSIONAL DISTRICT; WE HIGHLY RECOMMEND THE RE-ELECTION OF BEN ERDREICH TO A SECOND TERM IN THE US HOUSE; ERDREICH DEMONSTRATES A DEEPER KNOWLEDGE OF THE ISSUES A CONGRESSMAN FACES,0.95
AL,Birmingham Post Herald,100100,1984,PUBLIC SERVICE COMMISSION,,President,AL,"SULLIVAN, JIM",Democrat,1,1,,,FOR PSC PRESIDENT JIM SULLIVAN DEMOCRAT; INCUMBENT HAS PROVIDED SOUND LEADERSHIP TO THE ALABAMA PUBLIC SERVICE COMMISSION DURING THE PAST 19 MONTHS; HE HAS EARNED ELECTION TO A FULL TERM,0.95
AL,Birmingham Post Herald,100100,1984,SCHOOL BOARD,,Jefferson County,AL,"HICKS, JIM R.",Republican,1,,,,FOR SCHOOL BOARD JIM R HICKS REPUBLICAN; THE QUALIFIED CANDIDATE IN A RACE THAT HAS NO INCUMBENT,0.95
AL,Birmingham Post Herald,100100,1984,CNTY TREASURER,,Jefferson County,AL,"DOMINICK, CHARLOTTE LANE",Democrat,1,1,,,FOR TREASURER CHARLOTTE LANE DOMINICK DEMOCRAT; HAS BEEN AN INNOVATIVE JEFFERSON COUNTY TREASURER DURING THE PAST EIGHT YEARS; SHE HAS EARNED RE-ELECTION,0.95
AL,Birmingham Post Herald,100100,1984,TAX ASSESSOR,,Jefferson County,AL,"CRIM, CHARLES H.",Democrat,1,1,,,FOR TAX ASSESSOR CHARLES H CRIM DEMOCRAT; HAS SPENT HIS CAREER IN THE JEFFERSON COUNTY TAX ASSESSORS OFFICE THE PAST FOUR YEARS AS ITS HEAD; HIS RE-ELECTION WILL KEEP THE OFFICE RUNNING SMOOTHLY,0.95
AL,Birmingham Post Herald,100100,1986,GOVERNOR,,,AL,"BAXLEY, BILL",Democrat,1,,,,GOVERNOR BILL BAXLEY DEMOCRAT; THE DEMOCRATIC NOMINEE HAS SHORTCOMINGS BUT IN COMPARISON TO GUY HUNT THE REPUBLICAN NOMINEE BAXLEY IS CLEARLY BETTER PREPARED AND MORE CAPABLE,0.95
AL,Birmingham Post Herald,100100,1986,SENATOR,,,AL,"SHELBY, RICHARD",Democrat,1,,,,"US SENATOR RICHARD SHELBY DEMOCRAT; THE DEMOCRATIC NOMINEE AND CURRENTLY A CONGRESSMAN IS CLOSER TO THE MAINSTREAM OF ALABAMA POLITICS WITH HIS MODERATELY CONSERVATIVE VIEWS; HE IS LIKELY TO BE A MORE EFFECTIVE SENATOR THAN THE REPUBLICAN INCUMBENT JEREMIAH DENTON | V9 2026-06-21 subagent-OCR verify: PATTERN K FIX: removed r_inc=1 — Shelby was the CHALLENGER (the R-incumbent was the opponent, per OCR); a challenger carries no incumbency flag.",0.95
AL,Birmingham Post Herald,100100,1986,LT GOVERNOR,,,AL,"FOLSOM, JIM JR.",Democrat,1,,,,LIEUTENANT GOVERNOR JIM FOLSOM JR DEMOCRAT; WONT SET THE WORLD ON FIRE IN THIS OFFICE BUT NEITHER IS HE LIKELY TO STUMBLE BADLY,0.95
AL,Birmingham Post Herald,100100,1986,SEC OF STATE,,,AL,"BROWDER, GLEN",Democrat,1,,,,SECRETARY OF STATE GLEN BROWDER DEMOCRAT; HIGHLY QUALIFIED FOR THIS POSITION,0.95
AL,Birmingham Post Herald,100100,1986,PUBLIC SERVICE COMMISSION,2,,AL,"MARTIN, CHARLES",Democrat,1,,,,PSC PLACE 2 CHARLES MARTIN DEMOCRAT; CAN PROVIDE SOLID SERVICE IN THIS OFFICE,0.95
AL,Birmingham Post Herald,100100,1986,H,6,,AL,"ERDREICH, BEN",Democrat,1,1,,,CONGRESS 6TH DISTRICT BEN ERDREICH DEMOCRATIC INCUMBENT HAS EARNED ANOTHER TERM,0.95
AL,Birmingham Post Herald,100100,1986,H,7,,AL,"HARRIS, CLAUDE",Democrat,1,,,,CONGRESS 7TH DISTRICT CLAUDE HARRIS DEMOCRAT; SEAT BEING VACATED BY RICHARD SHELBY; A FORMER CIRCUIT JUDGE HAS THE EDGE OVER REPUBLICAN BILL MCFARLAND,0.95
AL,Birmingham Post Herald,100100,1986,STATE BOARD OF ED,6,,AL,"BACHUS, SPENCER",Republican,1,,,,STATE BOARD OF EDUCATION DISTRICT 6 SPENCER BACHUS REPUBLICAN; THE LIKELIHOOD THAT HE WILL BRING NEW IDEAS TO THE BOARD GIVES HIM A SLIGHT EDGE OVER VETERAN BOARD MEMBER HAROLD MARTIN DEMOCRAT,0.95
AL,Birmingham Post Herald,100100,1986,SCHOOL BOARD,1,Jefferson County,AL,"SMITH, JACQUELINE",Democrat,1,,,,JEFFERSON COUNTY BOARD OF EDUCATION PLACE 1 JACQUELINE SMITH DEMOCRAT; HAS THE POTENTIAL TO BE AN EXCELLENT BOARD MEMBER,0.95
AL,Birmingham Post Herald,100100,1986,STATE SENATOR,15,,AL,"AMARI, JOHN",Democrat,1,1,,,STATE SENATE DISTRICT 15 JOHN AMARI DEMOCRAT; HAS EARNED ANOTHER TERM REPRESENTING THIS DISTRICT THAT INCLUDES A PORTION OF BIRMINGHAM AND SUBURBAN AREAS TO THE NORTH AND NORTHEAST,0.95
AL,Birmingham Post Herald,100100,1986,STATE SENATOR,16,,AL,"CABANISS, BILL",Republican,1,,1,,STATE SENATE DISTRICT 16 BILL CABANISS REPUBLICAN INCUMBENT; VOTERS IN MOUNTAIN BROOK VESTAVIA AND NEARBY AREAS HAVE BEEN WELL REPRESENTED BY HIM; A HARDWORKING LEGISLATOR,0.95
AL,Birmingham Post Herald,100100,1986,STATE SENATOR,18,,AL,"HORN, FRED",Democrat,1,1,,,STATE SENATE DISTRICT 18 FRED HORN DEMOCRATIC INCUMBENT; A CLEAR CHOICE IN THIS WEST CENTRAL BIRMINGHAM DISTRICT,0.95
AL,Birmingham Post Herald,100100,1986,STATE REP,43,,AL,"MORRIS, GREG",Democrat,1,,,,"STATE HOUSE DISTRICT 43 GREG MORRIS DEMOCRAT; FRESH VIEWPOINTS GIVE HIM AN EDGE OVER INCUMBENT REPUBLICAN JACK BIDDLE | V9 2026-06-21 subagent-OCR verify: PATTERN K FIX: removed r_inc=1 — Morris was the CHALLENGER (the R-incumbent was the opponent, per OCR); a challenger carries no incumbency flag.",0.95
AL,Birmingham Post Herald,100100,1986,STATE REP,45,,AL,"GRAY, BILLY",Republican,1,,1,,STATE HOUSE DISTRICT 45 BILLY GRAY REPUBLICAN INCUMBENT; CLEARLY SUPERIOR TO FORMER STATE REP BOB GAFFORD DEMOCRAT,0.95
AL,Birmingham Post Herald,100100,1986,STATE REP,46,,AL,"SLAUGHTER, BILL",Republican,1,,,,STATE HOUSE DISTRICT 46 BILL SLAUGHTER REPUBLICAN; TWO GOOD CANDIDATES ARE SEEKING THIS VACANT SEAT FOR MOUNTAIN BROOK AND NEARBY AREAS; WE BELIEVE HE HAS AN EDGE OVER DEMOCRAT RODNEY MAX,0.95
AL,Birmingham Post Herald,100100,1986,STATE REP,49,,AL,"PETELOS, TONY",Republican,1,,,,"STATE HOUSE DISTRICT 49 TONY PETELOS REPUBLICAN; PREFERABLE TO DEMOCRATIC INCUMBENT JACK PRATT IN A DISTRICT THAT COVERS PARTS OF WESTERN BIRMINGHAM AND THE WESTERN SUBURBS | V9 2026-06-21 subagent-OCR verify: PATTERN K FIX: removed d_inc=1 — Petelos was the CHALLENGER (the D-incumbent was the opponent, per OCR); a challenger carries no incumbency flag.",0.95
AL,Birmingham Post Herald,100100,1986,STATE REP,53,,AL,"NEWTON, DEMETRIUS",Democrat,1,1,,,STATE HOUSE DISTRICT 53 DEMETRIUS NEWTON DEMOCRAT; HAS EARNED ELECTION TO A FULL TERM IN THIS BIRMINGHAM DISTRICT,0.95
AL,Birmingham Post Herald,100100,1986,STATE REP,55,,AL,"WHITE, GARY",Republican,1,,1,,STATE HOUSE DISTRICT 55 GARY WHITE REPUBLICAN INCUMBENT; HIS HARD WORK FOR THE PEOPLE OF HOMEWOOD AND AREAS TO THE WEST MAKES HIM THE CHOICE OVER WORTHY DEMOCRATIC OPPONENT FRANK GALBRAITH,0.95
AL,Birmingham Post Herald,100100,1986,CNTY COMM,1,Jefferson County,AL,"DAVIS, REUBIN",Democrat,1,,,,JEFFERSON COUNTY COMMISSION DISTRICT 1 REUBIN DAVIS DEMOCRAT; HAS EXPOSURE TO COUNTYWIDE CONCERNS,0.95
AL,Birmingham Post Herald,100100,1986,CNTY COMM,4,Jefferson County,AL,"GUNTER, JIM",Republican,1,,,,"JEFFERSON COUNTY COMMISSION DISTRICT 4 JIM GUNTER REPUBLICAN; WOULD BRING A WIDER PERSPECTIVE TO THE COMMISSION THAN IS OFFERED BY DEMOCRATIC INCUMBENT RAY MOORE | V9 2026-06-21 subagent-OCR verify: PATTERN K FIX: removed d_inc=1 — Gunter was the CHALLENGER (the D-incumbent was the opponent, per OCR); a challenger carries no incumbency flag.",0.95
AL,Birmingham Post Herald,100100,1986,CNTY COMM,5,Jefferson County,AL,"DOSS, CHRISS",Democrat,1,,,,JEFFERSON COUNTY COMMISSION DISTRICT 5 CHRISS DOSS DEMOCRAT; WHILE WE ARE DISTURBED BY HIS CAMPAIGN HAS AN EDGE OVER REPUBLICAN JOHN KATOPODIS,0.95
AL,Birmingham Post Herald,100100,1988,PRESIDENT,,,AL,"BUSH, GEORGE",Republican,1,,,,PRESIDENT GEORGE BUSH REPUBLICAN,0.9
AL,Birmingham Post Herald,100100,1988,H,6,,AL,"ERDREICH, BEN",Democrat,1,1,,,CONGRESS 6TH DISTRICT BEN ERDREICH DEMOCRAT; A HARD-WORKING CONGRESSMAN,0.95
AL,Birmingham Post Herald,100100,1988,H,7,,AL,"HARRIS, CLAUDE",Democrat,1,1,,,CONGRESS 7TH DISTRICT CLAUDE HARRIS DEMOCRAT; ANOTHER HARD-WORKING CONGRESSMAN WITH MODERATE VIEWS CLOSER TO THE MAINSTREAM OF HIS DISTRICT THAN THOSE OF HIS REPUBLICAN CHALLENGER,0.95
AL,Birmingham Post Herald,100100,1988,SUPREME COURT,,(Chief Justice),AL,"HORNSBY, E. C.",Democrat,1,,,,CHIEF JUSTICE SUPREME COURT E C SONNY HORNSBY DEMOCRAT,0.9
AL,Birmingham Post Herald,100100,1988,SUPREME COURT,1,,AL,"MADDOX, HUGH",Democrat,1,1,,,ASSOCIATE JUSTICE PLACE 1 HUGH MADDOX DEMOCRAT,0.9
AL,Birmingham Post Herald,100100,1988,SUPREME COURT,2,,AL,"KENNEDY, MARK",Democrat,1,,,,ASSOCIATE JUSTICE PLACE 2 MARK KENNEDY DEMOCRAT,0.9
AL,Birmingham Post Herald,100100,1988,SUPREME COURT,3,,AL,"ADAMS, OSCAR W. JR.",Democrat,1,,,,ASSOCIATE JUSTICE PLACE 3 OSCAR W ADAMS JR DEMOCRAT,0.9
AL,Birmingham Post Herald,100100,1988,SUPREME COURT,4,,AL,"STEAGALL, HENRY",Democrat,1,,,,ASSOCIATE JUSTICE PLACE 4 HENRY STEAGALL DEMOCRAT,0.9
AL,Birmingham Post Herald,100100,1988,COURT OF APPEALS,,Court of Civil Appeals,AL,"ROBERTSON, WILLIAM",Democrat,1,,,,COURT OF CIVIL APPEALS WILLIAM ROBERTSON DEMOCRAT,0.9
AL,Birmingham Post Herald,100100,1988,PUBLIC SERVICE COMMISSION,,President,AL,"SULLIVAN, JIM",Democrat,1,1,,,PRESIDENT PSC JIM SULLIVAN DEMOCRAT,0.9
AL,Birmingham Post Herald,100100,1988,JUDGE,7,Circuit Court; Jefferson County,AL,"MCCORMICK, MIKE",Democrat,1,,,,CIRCUIT COURT PLACE 7 MIKE MCCORMICK DEMOCRAT,0.9
AL,Birmingham Post Herald,100100,1988,JUDGE,11,Circuit Court; Jefferson County,AL,"WYNN, BILL",Democrat,1,,,,CIRCUIT COURT PLACE 11 BILL WYNN DEMOCRAT,0.9
AL,Birmingham Post Herald,100100,1988,JUDGE,14,Circuit Court; Jefferson County,AL,"CARL, JACK D.",Republican,1,,,,CIRCUIT COURT PLACE 14 JACK D CARL REPUBLICAN,0.9
AL,Birmingham Post Herald,100100,1988,JUDGE,18,Circuit Court; Jefferson County,AL,"ROSS, SANDRA H.",Democrat,1,,,,CIRCUIT COURT PLACE 18 SANDRA H ROSS DEMOCRAT,0.9
AL,Birmingham Post Herald,100100,1988,DISTRICT COURT JUDGE,3,District Court; Jefferson County,AL,"BARCLAY, ELISE",Republican,1,,,,DISTRICT COURT PLACE 3 ELISE BARCLAY REPUBLICAN OR RAYMOND CHAMBLISS DEMOCRAT; DUAL RECOMMENDATION EITHER CANDIDATE ENDORSED,0.85
AL,Birmingham Post Herald,100100,1988,DISTRICT COURT JUDGE,3,District Court; Jefferson County,AL,"CHAMBLISS, RAYMOND",Democrat,1,,,,DISTRICT COURT PLACE 3 ELISE BARCLAY REPUBLICAN OR RAYMOND CHAMBLISS DEMOCRAT; DUAL RECOMMENDATION EITHER CANDIDATE ENDORSED,0.85
AL,Birmingham Post Herald,100100,1988,DISTRICT COURT JUDGE,6,District Court; Jefferson County,AL,"ANTHONY, EMORY JR.",Democrat,1,,,,DISTRICT COURT PLACE 6 EMORY ANTHONY JR DEMOCRAT,0.9
AL,Birmingham Post Herald,100100,1988,CIRCUIT CLERK,,Jefferson County,AL,"CONRADI, POLLY",Democrat,1,1,,,CIRCUIT CLERK POLLY CONRADI DEMOCRAT,0.9
AL,Birmingham Post Herald,100100,1988,PROBATE JUDGE,2,Jefferson County,AL,"BOLIN, MICHAEL F.",Democrat,1,,,,PROBATE COURT PLACE 2 MICHAEL F BOLIN DEMOCRAT,0.9
AL,Birmingham Post Herald,100100,1988,CNTY TREASURER,,Jefferson County,AL,"DOMINICK, CHARLOTTE",Democrat,1,1,,,COUNTY TREASURER CHARLOTTE DOMINICK DEMOCRAT,0.9
AL,Birmingham Post Herald,100100,1988,SCHOOL BOARD,,Jefferson County,AL,"FRANKLIN, JIM",Democrat,1,,,,COUNTY BOARD OF EDUCATION JIM FRANKLIN DEMOCRAT AND BELVA GREEN REPUBLICAN; VOTE FOR TWO,0.9
AL,Birmingham Post Herald,100100,1988,SCHOOL BOARD,,Jefferson County,AL,"GREEN, BELVA",Republican,1,,,,COUNTY BOARD OF EDUCATION JIM FRANKLIN DEMOCRAT AND BELVA GREEN REPUBLICAN; VOTE FOR TWO,0.9
AL,Birmingham Post Herald,100100,1990,GOVERNOR,,,AL,"HUBBERT, PAUL",Democrat,1,,,,GOVERNOR PAUL HUBBERT DEMOCRAT; ALABAMA NEEDS AND IS RIPE FOR TRUE LEADERSHIP FROM THE GOVERNORS OFFICE WHICH IT HAS NOT RECEIVED DURING GUY HUNTS TENURE; WE HAVE SOME CONCERNS ABOUT PAUL HUBBERT BUT HE HAS THE GREATER POTENTIAL TO PROVIDE THE LEADERSHIP THAT ALABAMA SO DESPERATELY NEEDS IN THE NEXT FOUR YEARS,0.95
AL,Birmingham Post Herald,100100,1990,LT GOVERNOR,,,AL,"FOLSOM, JIM JR.",Democrat,1,1,,,LIEUTENANT GOVERNOR JIM FOLSOM JR DEMOCRAT; HIS OPPONENT OFFERS NO COMPELLING REASON TO REPLACE A MAN WHO HAS PERFORMED CREDIBLY IN HIS FIRST TERM,0.95
AL,Birmingham Post Herald,100100,1990,ATTORNEY GENERAL,,,AL,"BACHUS, SPENCER",Republican,1,,,,ATTORNEY GENERAL SPENCER BACHUS REPUBLICAN; THE ATTORNEY GENERAL NEEDS A BROAD LEGAL BACKGROUND AND BREADTH OF VISION ABOUT THE ROLE OF GOVERNMENT,0.95
AL,Birmingham Post Herald,100100,1990,SEC OF STATE,,,AL,"HAND, PERRY",Republican,1,,1,,SECRETARY OF STATE PERRY HAND REPUBLICAN; HARD WORK HAS EARNED HAND A FULL TERM IN THE OFFICE TO WHICH HE WAS APPOINTED LAST YEAR,0.95
AL,Birmingham Post Herald,100100,1990,AUDITOR,,,AL,"LEWIS, WILL",Republican,1,,,,STATE AUDITOR WILL LEWIS REPUBLICAN; ALABAMA HAS NOT PREVIOUSLY HAD A CPA IN THIS WATCHDOG OFFICE,0.95
AL,Birmingham Post Herald,100100,1990,AGRICULTURE COMMISSIONER,,,AL,"MCDONALD, STAN",Republican,1,,,,AGRICULTURE COMMISSIONER STAN MCDONALD REPUBLICAN; HIS BACKGROUND IN BOTH FARMING AND STATE GOVERNMENT SHOULD SERVE THE PUBLIC WELL,0.95
AL,Birmingham Post Herald,100100,1990,PUBLIC SERVICE COMMISSION,1,,AL,"SANDERS, BOB",Republican,1,,,,PSC PLACE 1 BOB SANDERS REPUBLICAN; A BACKGROUND IN ECONOMICS AND HIS OPPONENTS FLAWED PERFORMANCE IN ANOTHER OFFICE MAKE THE MONTGOMERY CONSULTANT AND EDUCATOR A CLEAR CHOICE,0.95
AL,Birmingham Post Herald,100100,1990,PUBLIC SERVICE COMMISSION,2,,AL,"MARTIN, CHARLES",Democrat,1,1,,,PSC PLACE 2 CHARLES MARTIN DEMOCRAT; THIS QUIET EFFECTIVE REGULATOR HAS EARNED ANOTHER TERM,0.95
AL,Birmingham Post Herald,100100,1990,COURT OF APPEALS,,Court of Civil Appeals,AL,"THIGPEN, CHARLES",Democrat,1,,,,COURT OF CIVIL APPEALS CHARLES THIGPEN DEMOCRAT; GREATER EXPERIENCE AS A JUDGE PROVIDES THE EDGE,0.95
AL,Birmingham Post Herald,100100,1990,SENATOR,,,AL,"HEFLIN, HOWELL",Democrat,1,1,,,US SENATOR HOWELL HEFLIN DEMOCRAT; IN A CONTEST BETWEEN TWO GOOD MEN HEFLINS EXPERIENCE WITH NATIONAL ISSUES MAKES HIM A NARROW CHOICE OVER CHALLENGER BILL CABANISS,0.95
AL,Birmingham Post Herald,100100,1990,H,6,,AL,"ERDREICH, BEN",Democrat,1,1,,,US HOUSE 6TH DISTRICT BEN ERDREICH DEMOCRAT; A HARD-WORKING CONGRESSMAN,0.95
AL,Birmingham Post Herald,100100,1990,H,7,,AL,"HARRIS, CLAUDE",Democrat,1,1,,,US HOUSE 7TH DISTRICT CLAUDE HARRIS DEMOCRAT; ANOTHER HARD-WORKING CONGRESSMAN WITH MODERATE VIEWS CLOSER TO THE MAINSTREAM OF HIS DISTRICT THAN THOSE OF HIS REPUBLICAN CHALLENGER,0.95
AL,Birmingham Post Herald,100100,1990,STATE BOARD OF ED,4,,AL,"HALL, ETHEL",Democrat,1,,,,STATE BOARD OF EDUCATION 4TH DISTRICT ETHEL HALL DEMOCRAT; EXPERIENCE ON THE BOARD GIVES THIS RECENTLY RETIRED PROFESSOR THE EDGE,0.95
AL,Birmingham Post Herald,100100,1990,STATE BOARD OF ED,6,,AL,"COLLINS, BETTYE FINE",Republican,1,,,,STATE BOARD OF EDUCATION 6TH DISTRICT BETTYE FINE COLLINS REPUBLICAN; MRS COLLINS IS ALWAYS WILLING TO ASK THE TOUGH QUESTIONS,0.95
AL,Birmingham Post Herald,100100,1990,STATE SENATOR,14,,AL,"ELLIS, BUTCH",Republican,1,,,,STATE SENATE DISTRICT 14 BUTCH ELLIS REPUBLICAN; A VASTLY SUPERIOR LEGISLATIVE RECORD MAKES ELLIS A CLEAR CHOICE OVER A FORMER LEGISLATOR,0.95
AL,Birmingham Post Herald,100100,1990,STATE SENATOR,15,,AL,"AMARI, JOHN",Republican,1,,,,STATE SENATE DISTRICT 15 JOHN AMARI REPUBLICAN; LEGISLATIVE EXPERIENCE GIVES AMARI THE EDGE OVER CHARLIE WALDREP A WORTHY OPPONENT,0.9
AL,Birmingham Post Herald,100100,1990,STATE SENATOR,17,,AL,"PARSONS, MAC",Democrat,1,,,,STATE SENATE DISTRICT 17 MAC PARSONS DEMOCRAT; FEW IF ANY PUBLIC OFFICIALS HAVE DONE AS MUCH TO MAKE GOVERNMENT ACCOUNTABLE TO THE PUBLIC IT SERVES,0.95
AL,Birmingham Post Herald,100100,1990,STATE REP,43,,AL,"BIDDLE, JACK",Republican,1,,,,STATE HOUSE DISTRICT 43 JACK BIDDLE REPUBLICAN; EXPERIENCE PROVIDES AN EDGE,0.95
AL,Birmingham Post Herald,100100,1990,STATE REP,44,,AL,"CLEMMONS, BARRY",Democrat,1,,,,STATE HOUSE DISTRICT 44 BARRY CLEMMONS DEMOCRAT; RESIDENTS OF THIS DISTRICT DESERVE BETTER REPRESENTATION THAN THEY HAVE NOW,0.95
AL,Birmingham Post Herald,100100,1990,STATE REP,47,,AL,"VOLKER, VIRGINIA",Democrat,1,,,,STATE HOUSE DISTRICT 47 VIRGINIA VOLKER DEMOCRAT; A LONG HISTORY OF CIVIC AND POLITICAL INVOLVEMENT MAKES HER A CLEAR CHOICE,0.95
AL,Birmingham Post Herald,100100,1990,STATE REP,49,,AL,"PETELOS, TONY",Republican,1,,1,,STATE HOUSE DISTRICT 49 TONY PETELOS REPUBLICAN; THIS RERUN OF FOUR YEARS AGO DESERVES THE SAME RESULT,0.95
AL,Birmingham Post Herald,100100,1990,STATE REP,50,,AL,"CURRY, JOHNNY",Republican,1,,1,,STATE HOUSE DISTRICT 50 JOHNNY CURRY REPUBLICAN; HARD WORK HAS EARNED RE-ELECTION,0.95
AL,Birmingham Post Herald,100100,1990,STATE REP,51,,AL,"SEALE, GARY",Republican,1,,,,STATE HOUSE DISTRICT 51 GARY SEALE REPUBLICAN; THIS RETIRED SECRET SERVICE AGENT DOES NOT HAVE HIS OPPONENTS POTENTIAL CONFLICT OF INTEREST,0.95
AL,Birmingham Post Herald,100100,1990,STATE REP,58,,AL,"PITTS, ELLIE HUGH",Republican,1,,,,STATE HOUSE DISTRICT 58 ELLIE HUGH PITTS REPUBLICAN; EXPERIENCE IN LOCAL GOVERNMENT PROVIDES AN EDGE,0.95
AL,Birmingham Post Herald,100100,1990,CNTY COMM,3,Jefferson County,AL,"BUCKELEW, MARY",Democrat,1,,,,JEFFERSON COUNTY COMMISSION DISTRICT 3 MARY BUCKELEW DEMOCRAT; COUNTY SCHOOL BOARD EXPERIENCE GIVES HER KNOWLEDGE OF THE COUNTYS DIVERSITY,0.95
AL,Birmingham Post Herald,100100,1990,CNTY COMM,4,Jefferson County,AL,"GUNTER, JIM",Republican,1,,1,,JEFFERSON COUNTY COMMISSION DISTRICT 4 JIM GUNTER REPUBLICAN; A HARD-WORKING INNOVATIVE COMMISSIONER IN HIS FIRST TERM GUNTER HAS EARNED A SECOND TERM,0.95
AL,Birmingham Post Herald,100100,1990,TAX ASSESSOR,,Jefferson County,AL,"CRIM, CHARLES",Democrat,1,1,,,TAX ASSESSOR CHARLES CRIM DEMOCRAT; AN EXPERIENCED HARD-WORKING MAN; CRIM DESERVES ANOTHER TERM,0.95
AL,Birmingham Post Herald,100100,1990,TAX COLLECTOR,,Jefferson County,AL,"MCGUIRE, JUDI",Republican,1,,,,TAX COLLECTOR JUDI MCGUIRE REPUBLICAN; THE CURRENT HOLDER OF THIS OFFICE DABBLES IN TOO MANY OUTSIDE ACTIVITIES,0.95
AL,Birmingham Post Herald,100100,1990,JUDGE,9,Circuit Court; Jefferson County,AL,"MONROE, ROGER",Democrat,1,,,,CIRCUIT JUDGE PLACE 9 ROGER MONROE DEMOCRAT; GREATER EXPERIENCE GIVES AN EDGE,0.95
AL,Birmingham Post Herald,100100,1992,PRESIDENT,,,AL,"BUSH, GEORGE",Republican,1,,1,,PRESIDENT GEORGE BUSH REPUBLICAN; BELIEVING THAT HE HAS LEARNED FROM PUBLIC DISSATISFACTION WITH HIS HANDLING OF DOMESTIC ISSUES WE THINK BUSH WILL FIND THE FOCUS AND RESOLVE THAT WILL MAKE HIS DOMESTIC LEADERSHIP IN A SECOND TERM THE MATCH OF HIS FIRST TERM LEADERSHIP IN INTERNATIONAL AFFAIRS,0.95
AL,Birmingham Post Herald,100100,1992,SENATOR,,,AL,"SHELBY, RICHARD",Democrat,1,1,,,US SENATE RICHARD SHELBY DEMOCRAT; SHELBY IS THE ONLY REALISTIC CHOICE ALTHOUGH TWO OTHER CANDIDATES ARE ON THE BALLOT,0.95
AL,Birmingham Post Herald,100100,1992,H,3,,AL,"BROWDER, GLEN",Democrat,1,1,,,US HOUSE 3RD DISTRICT GLEN BROWDER DEMOCRAT; HAS QUICKLY BECOME AN EFFECTIVE REPRESENTATIVE IN HIS LESS THAN TWO TERMS IN OFFICE,0.95
AL,Birmingham Post Herald,100100,1992,H,4,,AL,"BEVILL, TOM",Democrat,1,1,,,US HOUSE 4TH DISTRICT TOM BEVILL DEMOCRAT; HIS OPPONENTS OFFER NO COMPELLING REASONS TO DENY THE STATES MOST POWERFUL CONGRESSMAN ANOTHER TERM,0.95
AL,Birmingham Post Herald,100100,1992,H,6,,AL,"ERDREICH, BEN",Democrat,1,1,,,US HOUSE 6TH DISTRICT BEN ERDREICH DEMOCRAT; IN THIS RACE WHERE THE MAJOR PARTY CANDIDATES ARE BETTER THAN THEIR CAMPAIGNS HAVE BEEN WE BELIEVE ERDREICHS PROVEN ABILITY TO BRING TOGETHER DIVERGENT INTERESTS MAKES HIM A BETTER CHOICE THAN REPUBLICAN SPENCER BACHUS,0.95
AL,Birmingham Post Herald,100100,1992,H,7,,AL,"JONES, KERVIN",Republican,1,,,,US HOUSE 7TH DISTRICT KERVIN JONES REPUBLICAN AND DR JAMES M LEWIS INDEPENDENT LACK THE POLITICAL EXPERIENCE TO BE EFFECTIVE CONGRESSMEN BUT THEY ARE DECENT ALTERNATIVES FOR VOTERS WHO WISH TO AVOID ENDORSING THE RECORD AND CANDIDACY OF STATE SEN EARL HILLIARD DEMOCRAT WHO IS EXPECTED TO WIN EASILY,0.7
AL,Birmingham Post Herald,100100,1992,H,7,,AL,"LEWIS, JAMES M.",Independent,1,,,,US HOUSE 7TH DISTRICT DR JAMES M LEWIS INDEPENDENT AND KERVIN JONES REPUBLICAN LISTED AS DECENT ALTERNATIVES FOR VOTERS WHO WISH TO AVOID ENDORSING STATE SEN EARL HILLIARD DEMOCRAT,0.7
AL,Birmingham Post Herald,100100,1992,SUPREME COURT,1,,AL,"ALMON, R. P.",Democrat,1,1,,,ALABAMA SUPREME COURT PLACE 1 R P ALMON DEMOCRAT; IN HIS THREE TERMS ON THE COURT ALMON HAS SERVED WELL,0.95
AL,Birmingham Post Herald,100100,1992,SUPREME COURT,2,,AL,"SHORES, JANIE",Democrat,1,1,,,ALABAMA SUPREME COURT PLACE 2 JANIE SHORES DEMOCRAT; MRS SHORES IS ALSO A VETERAN JUSTICE WITH A SOLID RECORD,0.95
AL,Birmingham Post Herald,100100,1992,SUPREME COURT,3,,AL,"HOUSTON, J. GORMAN",Democrat,1,1,,,ALABAMA SUPREME COURT PLACE 3 J GORMAN HOUSTON DEMOCRAT; HOUSTON IS COMPLETING HIS FIRST FULL TERM ON THE COURT,0.95
AL,Birmingham Post Herald,100100,1992,COURT OF APPEALS,,Court of Civil Appeals,AL,"YATES, SHARON G.",Democrat,1,,,,COURT OF CIVIL APPEALS SHARON G YATES DEMOCRAT; THIS IS A CLOSE DECISION IN A RACE WHERE BOTH MRS YATES AND B J RUSSELL REPUBLICAN AND HOLDER OF THE POSITION BY APPOINTMENT ARE WELL QUALIFIED TO SERVE,0.95
AL,Birmingham Post Herald,100100,1992,PUBLIC SERVICE COMMISSION,,President,AL,"SULLIVAN, JIM",Democrat,1,1,,,PRESIDENT PSC JIM SULLIVAN DEMOCRAT; SULLIVANS RECORD ON THE PSC IS ONE OF OUTSTANDING ACHIEVEMENT,0.95
AL,Birmingham Post Herald,100100,1992,JUDGE,3,Circuit Court; Jefferson County,AL,"SMITHERMAN, CAROLE",Democrat,1,,,,CIRCUIT JUDGE PLACE 3 CRIMINAL CAROLE SMITHERMAN DEMOCRAT; ORIGINAL RECOMMENDATION WAS BASED ON HER EXPERIENCE AS A JUDGE; A JUDGE SHOULD NOT BE REJECTED FOR FOLLOWING THE LAW AND THE EVIDENCE WHICH FULLY SUPPORTS HER DECISION,0.95
AL,Birmingham Post Herald,100100,1992,JUDGE,23,Circuit Court; Jefferson County,AL,"PATE, GARY",Democrat,1,,,,CIRCUIT JUDGE PLACE 23 DOMESTIC RELATIONS GARY PATE DEMOCRAT; A LAWYER WITH CONSIDERABLE EXPERIENCE IN DOMESTIC RELATIONS LAW HAS IMPRESSED OBSERVERS SINCE BEING APPOINTED TO THIS JUDGESHIP AFTER WINNING THE DEMOCRATIC PRIMARY,0.95
AL,Birmingham Post Herald,100100,1992,SCHOOL BOARD,,Jefferson County,AL,"SURTEES, TOM",Republican,1,,,,COUNTY BOARD OF EDUCATION TOM SURTEES REPUBLICAN; EITHER SURTEES AND DEMOCRAT JIM FRANKLIN WOULD BE A SOUND ADDITION TO THE BOARD; WE GIVE SURTEES THE EDGE BECAUSE OF CONCERNS ABOUT THE GEOGRAPHICAL BALANCE OF THE BOARD,0.95
AL,Birmingham Post Herald,100100,1992,CNTY TREASURER,,Jefferson County,AL,"DOMINICK, CHARLOTTE LANE",Democrat,1,1,,,COUNTY TREASURER CHARLOTTE LANE DOMINICK DEMOCRAT,0.9
AL,Birmingham Post Herald,100100,1992,DEPUTY TREASURER,,Jefferson County Bessemer Cutoff,AL,"BRITTON, DORIS H.",Democrat,1,,,,DEPUTY TREASURER BESSEMER CUTOFF DORIS H BRITTON DEMOCRAT,0.9
AL,Birmingham Post Herald,100100,1992,CNTY COMM,1,Shelby County,AL,"LOWE, JOHNNY",Republican,1,,,,SHELBY COUNTY COMMISSION DISTRICT 1 JOHNNY LOWE REPUBLICAN,0.9
AL,Birmingham Post Herald,100100,1992,CNTY COMM,2,Shelby County,AL,"DAILEY, GEORGE",Democrat,1,,,,SHELBY COUNTY COMMISSION DISTRICT 2 GEORGE DAILEY DEMOCRAT,0.9
AL,Birmingham Post Herald,100100,1992,CNTY COMM,3,Shelby County,AL,"TEDFORD, SUE",Democrat,1,,,,SHELBY COUNTY COMMISSION DISTRICT 3 EITHER SUE TEDFORD DEMOCRAT OR PHILIP WALKER REPUBLICAN; DUAL RECOMMENDATION,0.85
AL,Birmingham Post Herald,100100,1992,CNTY COMM,3,Shelby County,AL,"WALKER, PHILIP",Republican,1,,,,SHELBY COUNTY COMMISSION DISTRICT 3 EITHER SUE TEDFORD DEMOCRAT OR PHILIP WALKER REPUBLICAN; DUAL RECOMMENDATION,0.85
AL,Birmingham Post Herald,100100,1992,CNTY COMM,8,Shelby County,AL,"ARCHER, LEON",Republican,1,,,,SHELBY COUNTY COMMISSION DISTRICT 8 LEON ARCHER REPUBLICAN,0.9
AL,Birmingham Post Herald,100100,1994,GOVERNOR,,,AL,"FOLSOM, JIM",Democrat,1,1,,,GOVERNOR JIM FOLSOM DEMOCRAT; HES NOT PERFECT BUT FOLSOM HAS MORE POTENTIAL THAN HIS CHALLENGER TO PROVIDE THE KIND OF LEADERSHIP ALABAMA NEEDS,0.95
AL,Birmingham Post Herald,100100,1994,LT GOVERNOR,,,AL,"SIEGELMAN, DON",Democrat,1,,,,LIEUTENANT GOVERNOR DON SIEGELMAN DEMOCRAT; IN A NASTY BATTLE OF FORMER ATTORNEYS GENERAL SIEGELMAN IS THE MORE LIKELY TO BRING ABOUT AN EFFECTIVE STATE SENATE,0.95
AL,Birmingham Post Herald,100100,1994,ATTORNEY GENERAL,,,AL,"EVANS, JIMMY",Democrat,1,,,,ATTORNEY GENERAL JIMMY EVANS DEMOCRAT; FUTURE HOLDERS OF THIS OFFICE NEED TO KNOW THE PUBLIC APPRECIATES AN ATTORNEY GENERAL WHO PROSECUTES CORRUPT PUBLIC OFFICIALS,0.95
AL,Birmingham Post Herald,100100,1994,SUPREME COURT,,(Chief Justice),AL,"HORNSBY, SONNY",Democrat,1,1,,,CHIEF JUSTICE SONNY HORNSBY DEMOCRAT; ALTHOUGH WE DISAGREE WITH HIM ON THE ISSUE OF PUTTING A CAP ON PUNITIVE DAMAGES HORNSBY IS THE BETTER SUITED FOR THIS POSITION BY TEMPERAMENT AND PAST PERFORMANCE,0.95
AL,Birmingham Post Herald,100100,1994,SUPREME COURT,2,,AL,"KENNEDY, MARK",Democrat,1,1,,,ASSOCIATE JUSTICE PLACE 2 MARK KENNEDY DEMOCRAT; HANDS-ON EXPERIENCE WITH ALABAMAS LEGAL SYSTEM GIVES HIM AN EDGE,0.95
AL,Birmingham Post Herald,100100,1994,SUPREME COURT,3,,AL,"COOK, RALPH",Democrat,1,,,,ASSOCIATE JUSTICE PLACE 3 RALPH COOK DEMOCRAT; HE HAS THE MOST POTENTIAL TO BE AN OUTSTANDING JUSTICE AMONG ALL THE SUPREME COURT CANDIDATES ON THIS BALLOT,0.95
AL,Birmingham Post Herald,100100,1994,SUPREME COURT,4,,AL,"BUTTS, TERRY",Democrat,1,,,,ASSOCIATE JUSTICE PLACE 4 TERRY BUTTS DEMOCRAT; HE IS AN EXPERIENCED TRIAL JUDGE,0.95
AL,Birmingham Post Herald,100100,1994,COURT OF APPEALS,3,Court of Civil Appeals,AL,"TURNER, WALTER",Democrat,1,,,,COURT OF CIVIL APPEALS PLACE 3 WALTER TURNER DEMOCRAT,0.9
AL,Birmingham Post Herald,100100,1994,COURT OF CRIMINAL APPEALS,1,,AL,"BOWEN, BILL",Democrat,1,,,,COURT OF CRIMINAL APPEALS PLACE 1 BILL BOWEN DEMOCRAT,0.9
AL,Birmingham Post Herald,100100,1994,COURT OF CRIMINAL APPEALS,2,,AL,"COBB, SUE BELL",Democrat,1,,,,COURT OF CRIMINAL APPEALS PLACE 2 SUE BELL COBB DEMOCRAT,0.9
AL,Birmingham Post Herald,100100,1994,SEC OF STATE,,,AL,"BENNETT, JIM",Democrat,1,,,,SECRETARY OF STATE JIM BENNETT DEMOCRAT,0.9
AL,Birmingham Post Herald,100100,1994,TREASURER,,,AL,"BAXLEY, LUCY",Democrat,1,,,,TREASURER LUCY BAXLEY DEMOCRAT,0.9
AL,Birmingham Post Herald,100100,1994,AUDITOR,,,AL,"DUNCAN, PAT",Republican,1,,,,AUDITOR PAT DUNCAN REPUBLICAN,0.9
AL,Birmingham Post Herald,100100,1994,AGRICULTURE COMMISSIONER,,,AL,"THOMPSON, JACK",Republican,1,,,,COMMISSIONER OF AGRICULTURE JACK THOMPSON REPUBLICAN,0.9
AL,Birmingham Post Herald,100100,1994,STATE BOARD OF ED,3,,AL,"CLECKLER, DAN",Democrat,1,,,,STATE BOARD OF EDUCATION DISTRICT 3 DAN CLECKLER DEMOCRAT,0.9
AL,Birmingham Post Herald,100100,1994,STATE BOARD OF ED,4,,AL,"HALL, ETHEL",Democrat,1,,,,STATE BOARD OF EDUCATION DISTRICT 4 ETHEL HALL DEMOCRAT,0.9
AL,Birmingham Post Herald,100100,1994,STATE BOARD OF ED,6,,AL,"BYERS, DAVID",Republican,1,,,,STATE BOARD OF EDUCATION DISTRICT 6 DAVID BYERS REPUBLICAN,0.9
AL,Birmingham Post Herald,100100,1994,STATE BOARD OF ED,7,,AL,"RAY, SANDRA",Democrat,1,,,,STATE BOARD OF EDUCATION DISTRICT 7 SANDRA RAY DEMOCRAT,0.9
AL,Birmingham Post Herald,100100,1994,STATE SENATOR,5,,AL,"WILSON, BOB",Democrat,1,,,,SENATE DISTRICT 5 BOB WILSON DEMOCRAT,0.9
AL,Birmingham Post Herald,100100,1994,STATE SENATOR,14,,AL,"ARMISTEAD, BILL",Republican,1,,,,SENATE DISTRICT 14 BILL ARMISTEAD REPUBLICAN,0.9
AL,Birmingham Post Herald,100100,1994,STATE SENATOR,18,,AL,"SMITHERMAN, RODGER",Democrat,1,,,,SENATE DISTRICT 18 RODGER SMITHERMAN DEMOCRAT,0.9
AL,Birmingham Post Herald,100100,1994,STATE REP,15,,AL,"CURRY, JOHNNY",Republican,1,,,,HOUSE DISTRICT 15 JOHNNY CURRY REPUBLICAN,0.9
AL,Birmingham Post Herald,100100,1994,STATE REP,40,,AL,"KNIGHT, AL",Republican,1,,,,HOUSE DISTRICT 40 AL KNIGHT REPUBLICAN,0.9
AL,Birmingham Post Herald,100100,1994,STATE REP,46,,AL,"CARNS, JIM",Republican,1,,,,HOUSE DISTRICT 46 JIM CARNS REPUBLICAN,0.9
AL,Birmingham Post Herald,100100,1994,STATE REP,48,,AL,"HAWKINS, JOHN H. JR.",Republican,1,,,,HOUSE DISTRICT 48 JOHN H HAWKINS JR REPUBLICAN,0.9
AL,Birmingham Post Herald,100100,1994,STATE REP,50,,AL,"TOWNSEND, JIM",Republican,1,,,,HOUSE DISTRICT 50 JIM TOWNSEND REPUBLICAN,0.9
AL,Birmingham Post Herald,100100,1994,STATE REP,51,,AL,"PETELOS, TONY",Republican,1,,1,,HOUSE DISTRICT 51 TONY PETELOS REPUBLICAN,0.9
AL,Birmingham Post Herald,100100,1994,STATE REP,53,,AL,"NEWTON, DEMETRIUS",Democrat,1,,,,HOUSE DISTRICT 53 DEMETRIUS NEWTON DEMOCRAT,0.9
AL,Birmingham Post Herald,100100,1994,STATE REP,54,,AL,"PERDUE, GEORGE",Democrat,1,,,,HOUSE DISTRICT 54 GEORGE PERDUE DEMOCRAT,0.9
AL,Birmingham Post Herald,100100,1994,STATE REP,55,,AL,"MINNIFIELD, WARREN",Democrat,1,,,,"HOUSE DISTRICT 55 WARREN MANSFIELD DEMOCRAT | V9 2026-06-21 subagent-OCR verify: NAME FIX MANSFIELD->MINNIFIELD per 1994 recap ""Warren Minnifield, Democrat.""",0.9
AL,Birmingham Post Herald,100100,1994,STATE REP,58,,AL,"JOHNSON, ERNEST",Democrat,1,,,,HOUSE DISTRICT 58 EARNEST JOHNSON DEMOCRAT,0.9
AL,Birmingham Post Herald,100100,1994,STATE REP,60,,AL,"KINCAID, BERNARD",Independent,1,,,,HOUSE DISTRICT 60 BERNARD KINCAID INDEPENDENT,0.9
AL,Birmingham Post Herald,100100,1994,JUDGE,5,Circuit Court; Jefferson County,AL,"VERIN, ANNETTA",Democrat,1,,,,JEFFERSON COUNTY CIRCUIT PLACE 5 ANNETTA VERIN DEMOCRAT,0.9
AL,Birmingham Post Herald,100100,1994,JUDGE,6,Circuit Court; Jefferson County,AL,"VOWELL, SCOTT",Democrat,1,,,,JEFFERSON COUNTY CIRCUIT PLACE 6 SCOTT VOWELL DEMOCRAT,0.9
AL,Birmingham Post Herald,100100,1994,JUDGE,7,Circuit Court; Jefferson County,AL,"MCCORMICK, MIKE",Democrat,1,,,,JEFFERSON COUNTY CIRCUIT PLACE 7 MIKE MCCORMICK DEMOCRAT,0.9
AL,Birmingham Post Herald,100100,1994,JUDGE,8,Circuit Court; Jefferson County,AL,"SMALLWOOD, TENNANT",Democrat,1,,,,JEFFERSON COUNTY CIRCUIT PLACE 8 TENNANT SMALLWOOD DEMOCRAT,0.9
AL,Birmingham Post Herald,100100,1994,JUDGE,13,Circuit Court; Jefferson County,AL,"OGLE, RICHARD",Democrat,1,,,,JEFFERSON COUNTY CIRCUIT PLACE 13 RICHARD OGLE DEMOCRAT,0.9
AL,Birmingham Post Herald,100100,1994,JUDGE,14,Circuit Court; Jefferson County,AL,"CARL, JACK",Republican,1,,,,JEFFERSON COUNTY CIRCUIT PLACE 14 JACK CARL REPUBLICAN,0.9
AL,Birmingham Post Herald,100100,1994,DISTRICT COURT JUDGE,4,District Court; Jefferson County,AL,"HUGHES, R. O.",Republican,1,,,,JEFFERSON COUNTY DISTRICT PLACE 4 R O HUGHES REPUBLICAN,0.9
AL,Birmingham Post Herald,100100,1994,DISTRICT COURT JUDGE,6,District Court; Jefferson County,AL,"CAHILL, BOB",Republican,1,,,,JEFFERSON COUNTY DISTRICT PLACE 6 BOB CAHILL REPUBLICAN,0.9
AL,Birmingham Post Herald,100100,1994,DISTRICT COURT JUDGE,7,District Court; Jefferson County,AL,"CRUSE, DONALD R.",Democrat,1,,,,JEFFERSON COUNTY DISTRICT PLACE 7 DONALD R CRUSE DEMOCRAT,0.9
AL,Birmingham Post Herald,100100,1994,DISTRICT COURT JUDGE,9,District Court; Jefferson County,AL,"BROWN, QUENTIN",Democrat,1,,,,JEFFERSON COUNTY DISTRICT PLACE 9 QUENTIN BROWN DEMOCRAT,0.9
AL,Birmingham Post Herald,100100,1994,SCHOOL BOARD,,Jefferson County,AL,"CATER, RONALD",Democrat,1,,,,JEFFERSON COUNTY BOARD OF EDUCATION VOTE FOR TWO RONALD CATER DEMOCRAT AND JACKIE DAVIDSON REPUBLICAN,0.9
AL,Birmingham Post Herald,100100,1994,SCHOOL BOARD,,Jefferson County,AL,"DAVIDSON, JACKIE",Republican,1,,,,JEFFERSON COUNTY BOARD OF EDUCATION VOTE FOR TWO RONALD CATER DEMOCRAT AND JACKIE DAVIDSON REPUBLICAN,0.9
AL,Birmingham Post Herald,100100,1994,SHERIFF,,Jefferson County,AL,"BAILEY, MEL",Democrat,1,,,,JEFFERSON COUNTY SHERIFF MEL BAILEY DEMOCRAT,0.9
AL,Birmingham Post Herald,100100,1994,CNTY COMM,2,Jefferson County,AL,"MCNAIR, CHRIS",Democrat,1,,,,JEFFERSON COUNTY COMMISSION DISTRICT 2 CHRIS MCNAIR DEMOCRAT,0.9
AL,Birmingham Post Herald,100100,1996,PRESIDENT,,,AL,"DOLE, BOB",Republican,1,,,,PRESIDENT BOB DOLE REPUBLICAN; EXPERIENCED DEMONSTRABLY CAPABLE AND SUITED FOR THIS OFFICE,0.95
AL,Birmingham Post Herald,100100,1996,SENATOR,,,AL,"BEDFORD, ROGER",Democrat,1,,,,US SENATE ROGER BEDFORD DEMOCRAT; WE DO NOT EXPECT GREAT THINGS FROM WHICHEVER CANDIDATE IS ELECTED BUT WE JUDGE BEDFORD THE MORE LIKELY TO BE A SENATOR WHO CAN HANDLE CONSTITUENT SERVICES COMPETENTLY AND WHOSE POLITICAL AGENDA WILL BE CLOSE TO THE AGENDA OF A MAJORITY OF ALABAMIANS,0.95
AL,Birmingham Post Herald,100100,1996,H,3,,AL,"LITTLE, TED",Democrat,1,,,,US HOUSE 3RD DISTRICT TED LITTLE DEMOCRAT; HAS A SOLID RECORD IN THE STATE LEGISLATURE AND SHOULD BE ABLE TO CONTINUE THE DISTRICTS TRADITION OF HAVING A QUIETLY BUT HIGHLY EFFECTIVE CONGRESSMAN,0.95
AL,Birmingham Post Herald,100100,1996,H,4,,AL,"WILSON, BOB JR.",Democrat,1,,,,US HOUSE 4TH DISTRICT BOB WILSON JR DEMOCRAT; HIS LEGISLATIVE SKILLS MAKE HIM MORE LIKELY TO BE AN EFFECTIVE ADVOCATE FOR THIS DISTRICTS INTERESTS,0.95
AL,Birmingham Post Herald,100100,1996,SUPREME COURT,,,AL,"SEE, HAROLD",Republican,1,,,,SUPREME COURT HAROLD SEE REPUBLICAN; NEITHER CANDIDATE HAS DISTINGUISHED HIMSELF ON A MUD-FILLED CAMPAIGN TRAIL BUT SEE CAN BRING A NEEDED FRESH PERSPECTIVE TO THIS COURT,0.95
AL,Birmingham Post Herald,100100,1996,COURT OF APPEALS,,Court of Civil Appeals,AL,"THIGPEN, CHARLES",Democrat,1,1,,,COURT OF CIVIL APPEALS CHARLES THIGPEN DEMOCRATIC INCUMBENT IS RECOMMENDED,0.95
AL,Birmingham Post Herald,100100,1996,COURT OF CRIMINAL APPEALS,1,,AL,"MCMILLAN, H. W.",Republican,1,,1,,COURT OF CRIMINAL APPEALS PLACE 1 H W BUCKY MCMILLAN REPUBLICAN INCUMBENT; HIS EXPERIENCE IS NEEDED ON THIS COURT WHERE TWO VETERAN JUDGES ARE RETIRING,0.95
AL,Birmingham Post Herald,100100,1996,COURT OF CRIMINAL APPEALS,2,,AL,"BASCHAB, PAMELA",Republican,1,,,,COURT OF CRIMINAL APPEALS PLACE 2 PAMELA BASCHAB REPUBLICAN; HER EXPERIENCE AS DISTRICT AND CIRCUIT JUDGE IN BALDWIN COUNTY MAKES HER THE BETTER CHOICE,0.95
AL,Birmingham Post Herald,100100,1996,COURT OF CRIMINAL APPEALS,3,,AL,"SORRELLS, TOM",Democrat,1,,,,COURT OF CRIMINAL APPEALS PLACE 3 TOM SORRELLS DEMOCRAT; A NARROW CHOICE OVER REPUBLICAN JEAN BROWN IN A RACE THAT THE PUBLIC CANT LOSE NO MATTER WHO IS ELECTED,0.95
AL,Birmingham Post Herald,100100,1996,PUBLIC SERVICE COMMISSION,,President,AL,"SULLIVAN, JIM",Republican,1,,1,,PRESIDENT PUBLIC SERVICE COMMISSION JIM SULLIVAN REPUBLICAN; HAS A PROVEN RECORD OF SERVICE IN THIS OFFICE,0.95
AL,Birmingham Post Herald,100100,1996,CNTY TREASURER,,Jefferson County,AL,"ISOM, HUGO",Democrat,1,,,,JEFFERSON COUNTY TREASURER HUGO ISOM DEMOCRAT; ALTHOUGH HE LACKS THE FINANCIAL QUALIFICATIONS OF REPUBLICAN BARRY STEPHENSON WE BELIEVE ISOMS INTENTION TO WORK FOR THE ABOLISHMENT OF THIS OFFICE MAKES HIM A BETTER CHOICE,0.95
AL,Birmingham Post Herald,100100,1996,TAX ASSESSOR,,Jefferson County,AL,"CRIM, CHARLIE",Democrat,1,1,,,TAX ASSESSOR VETERAN DEMOCRATIC INCUMBENT CHARLIE CRIM IS RECOMMENDED,0.95
AL,Birmingham Post Herald,100100,1996,TAX COLLECTOR,,Jefferson County,AL,"WILLIAMS, JACK",Republican,1,,1,,TAX COLLECTOR JACK WILLIAMS REPUBLICAN; HAS BROUGHT SOME WELCOME INNOVATION TO THIS OFFICE SINCE BEING APPOINTED TO FILL A VACANCY,0.95
AL,Birmingham Post Herald,100100,1996,DEPUTY TREASURER,,Jefferson County Bessemer Cutoff,AL,"BRITTON, DORIS",Democrat,1,1,,,JEFFERSON COUNTY BESSEMER CUT-OFF DEPUTY TREASURER DORIS BRITTON DEMOCRATIC INCUMBENT IS RECOMMENDED,0.95
AL,Birmingham Post Herald,100100,1996,ASSISTANT TAX ASSESSOR,,Jefferson County Bessemer Cutoff,AL,"TUCKER, KAREN",Republican,1,,1,,ASSISTANT TAX ASSESSOR KAREN TUCKER REPUBLICAN INCUMBENT IS HIGHLY RECOMMENDED,0.95
AL,Birmingham Post Herald,100100,1996,ASSISTANT TAX COLLECTOR,,Jefferson County Bessemer Cutoff,AL,"VINES, EDDIE",Republican,1,,1,,ASSISTANT TAX COLLECTOR EDDIE VINES REPUBLICAN INCUMBENT IS RECOMMENDED,0.95
AL,Birmingham Post Herald,100100,1996,CNTY COMM,2,Shelby County,AL,"DAILEY, GEORGE",Democrat,1,1,,,SHELBY COUNTY COMMISSION DISTRICT 2 GEORGE DAILEY DEMOCRATIC INCUMBENT IS RECOMMENDED,0.95
AL,Birmingham Post Herald,100100,1996,CNTY COMM,9,Shelby County,AL,"ARMSTRONG, DON",Republican,1,,1,,SHELBY COUNTY COMMISSION DISTRICT 9 DON ARMSTRONG REPUBLICAN INCUMBENT IS RECOMMENDED,0.95
AL,Birmingham Post Herald,100100,1998,GOVERNOR,,,AL,"SIEGELMAN, DON",Democrat,1,,,,"GOVERNOR DON SIEGELMAN DEMOCRAT; WE ARE NOT THRILLED WITH THE CHOICES AVAILABLE; BOTH FOB JAMES AND DON SIEGELMAN HAVE MANY FLAWS; HOWEVER THERE IS AT LEAST A SMALL DEGREE OF HOPE THAT SIEGELMAN CAN RISE ABOVE HIS PAST PERFORMANCE; THERE IS NO HOPE THAT JAMES MIGHT DO SO | V9 2026-06-21 subagent-OCR verify: PATTERN K FIX: removed r_inc=1 — Siegelman was the CHALLENGER (the R-incumbent was the opponent, per OCR); a challenger carries no incumbency flag.",0.95
AL,Birmingham Post Herald,100100,1998,LT GOVERNOR,,,AL,"WINDOM, STEVE",Republican,1,,,,LIEUTENANT GOVERNOR STEVE WINDOM REPUBLICAN,0.9
AL,Birmingham Post Herald,100100,1998,SEC OF STATE,,,AL,"BENNETT, JIM",Republican,1,,,,SECRETARY OF STATE JIM BENNETT REPUBLICAN,0.9
AL,Birmingham Post Herald,100100,1998,TREASURER,,,AL,"BAXLEY, LUCY",Democrat,1,1,,,TREASURER LUCY BAXLEY DEMOCRAT,0.9
AL,Birmingham Post Herald,100100,1998,AUDITOR,,,AL,"PARKER, SUSAN",Democrat,1,,,,AUDITOR SUSAN PARKER DEMOCRAT,0.9
AL,Birmingham Post Herald,100100,1998,AGRICULTURE COMMISSIONER,,,AL,"THOMPSON, JACK",Republican,1,,1,,COMMISSIONER OF AGRICULTURE AND INDUSTRY JACK THOMPSON REPUBLICAN,0.9
AL,Birmingham Post Herald,100100,1998,PUBLIC SERVICE COMMISSION,1,,AL,"WISE, KELLI",Republican,1,,,,PUBLIC SERVICE COMMISSION PLACE 1 KELLI WISE REPUBLICAN,0.9
AL,Birmingham Post Herald,100100,1998,PUBLIC SERVICE COMMISSION,2,,AL,"MARTIN, CHARLES",Democrat,1,1,,,PUBLIC SERVICE COMMISSION PLACE 2 CHARLES MARTIN DEMOCRAT,0.9
AL,Birmingham Post Herald,100100,1998,SUPREME COURT,1,,AL,"BROWN, JEAN",Republican,1,,,,SUPREME COURT PLACE 1 JEAN BROWN REPUBLICAN,0.9
AL,Birmingham Post Herald,100100,1998,SUPREME COURT,2,,AL,"HOUSTON, GORMAN",Republican,1,,1,,"SUPREME COURT PLACE 2 GORMAN HOUSTON REPUBLICAN; NOTE HOUSTON WAS DEMOCRAT IN 1992 NOW LISTED AS REPUBLICAN | V9 2026-06-21 subagent-OCR verify: PATTERN K FIX: d_inc->r_inc — Gorman Houston was the sitting Supreme Court justice (won 1988 as D, switched to R); as the current R incumbent the flag belongs on r_inc.",0.9
AL,Birmingham Post Herald,100100,1998,SUPREME COURT,3,,AL,"JOHNSTONE, DOUGLAS",Democrat,1,,,,SUPREME COURT PLACE 3 DOUGLAS JOHNSTONE DEMOCRAT,0.9
AL,Birmingham Post Herald,100100,1998,COURT OF APPEALS,,Court of Civil Appeals,AL,"YATES, SHARON",Democrat,1,1,,,COURT OF CIVIL APPEALS SHARON YATES DEMOCRAT,0.9
AL,Birmingham Post Herald,100100,1998,H,3,,AL,"TURNHAM, JOE",Democrat,1,,,,US HOUSE CONGRESSIONAL DISTRICT 3 JOE TURNHAM; THE ONLY RECOMMENDATION WE HAVE MADE IN THE ELECTIONS OF A US SENATOR AND SEVEN MEMBERS OF THE US HOUSE,0.9
AL,Birmingham Post Herald,100100,1998,STATE SENATOR,5,,AL,"LEE, CURT",Republican,1,,,,SENATE DISTRICT 5 LEE CURT REPUBLICAN,0.9
AL,Birmingham Post Herald,100100,1998,STATE SENATOR,14,,AL,"ARMISTEAD, BILL",Republican,1,,1,,SENATE DISTRICT 14 BILL ARMISTEAD REPUBLICAN,0.9
AL,Birmingham Post Herald,100100,1998,STATE SENATOR,16,,AL,"WAGGONER, JABO",Republican,1,,,,SENATE DISTRICT 16 JABO WAGGONER REPUBLICAN; NOTE WAGGONER WAS DEMOCRAT IN 1978 NOW REPUBLICAN,0.9
AL,Birmingham Post Herald,100100,1998,STATE SENATOR,20,,AL,"ESCOTT, SUNDRA",Democrat,1,,,,SENATE DISTRICT 20 SUNDRA ESCOTT DEMOCRAT,0.9
AL,Birmingham Post Herald,100100,1998,STATE REP,51,,AL,"HUMPHRYES, BOBBY",Republican,1,,,,HOUSE DISTRICT 51 BOBBY HUMPHRYES REPUBLICAN,0.9
AL,Birmingham Post Herald,100100,1998,STATE REP,54,,AL,"PERDUE, GEORGE",Democrat,1,1,,,HOUSE DISTRICT 54 GEORGE PERDUE DEMOCRAT,0.9
AL,Birmingham Post Herald,100100,1998,STATE REP,55,,AL,"MORTON, MICHAEL",Republican,1,,,,HOUSE DISTRICT 55 MICHAEL MORTON REPUBLICAN,0.9
AL,Birmingham Post Herald,100100,1998,JUDGE,19,Circuit Court; Jefferson County,AL,"MCDOUGAL, JACKIE",Republican,1,,,,CIRCUIT JUDGE PLACE 19 JACKIE MCDOUGAL REPUBLICAN,0.9
AL,Birmingham Post Herald,100100,1998,JUDGE,24,Circuit Court; Jefferson County,AL,"MAY, EDWARD",Democrat,1,,,,CIRCUIT JUDGE PLACE 24 EDWARD MAY DEMOCRAT,0.9
AL,Birmingham Post Herald,100100,1998,JUDGE,25,Circuit Court; Jefferson County,AL,"VERIN, EUGENE",Democrat,1,,,,CIRCUIT JUDGE PLACE 25 EUGENE VERIN DEMOCRAT,0.9
AL,Birmingham Post Herald,100100,1998,JUDGE,26,Circuit Court; Jefferson County,AL,"NAIL, TOMMY",Democrat,1,,,,CIRCUIT JUDGE PLACE 26 EITHER TOMMY NAIL DEMOCRAT OR VIRGINIA VINSON REPUBLICAN; DUAL RECOMMENDATION,0.85
AL,Birmingham Post Herald,100100,1998,JUDGE,26,Circuit Court; Jefferson County,AL,"VINSON, VIRGINIA",Republican,1,,,,CIRCUIT JUDGE PLACE 26 EITHER TOMMY NAIL DEMOCRAT OR VIRGINIA VINSON REPUBLICAN; DUAL RECOMMENDATION,0.85
AL,Birmingham Post Herald,100100,1998,DISTRICT COURT JUDGE,2,District Court; Jefferson County,AL,"JOHNSON, PETE",Democrat,1,,,,DISTRICT JUDGE PLACE 2 PETE JOHNSON DEMOCRAT,0.9
AL,Birmingham Post Herald,100100,1998,STATE BOARD OF ED,4,,AL,"HALL, ETHEL",Democrat,1,1,,,STATE SCHOOL BOARD DISTRICT 4 ETHEL HALL DEMOCRAT,0.9
AL,Birmingham Post Herald,100100,1998,STATE BOARD OF ED,6,,AL,"BYERS, DAVID",Republican,1,,1,,STATE SCHOOL BOARD DISTRICT 6 DAVID BYERS REPUBLICAN,0.9
AL,Birmingham Post Herald,100100,1998,SHERIFF,,Jefferson County,AL,"WOODWARD, JIM",Republican,1,,,,JEFFERSON COUNTY SHERIFF JIM WOODWARD REPUBLICAN,0.9
AL,Birmingham Post Herald,100100,1998,SCHOOL BOARD,JEFFERSON COUNTY CITIES SEAT,,AL,"SMITH, JACQUELINE",Democrat,1,,,,JEFFERSON COUNTY SCHOOL BOARD CITIES SEAT JACQUELINE SMITH DEMOCRAT,0.9
AL,Birmingham Post Herald,100100,1998,CNTY COMM,5,Jefferson County,AL,"WHITE, GARY",Republican,1,,,,JEFFERSON COUNTY COMMISSION DISTRICT 5 GARY WHITE REPUBLICAN,0.9
AL,Birmingham Post Herald,100100,1998,DEPUTY DISTRICT ATTORNEY,,Jefferson County Bessemer Cutoff,AL,"RUSSELL, SAM",Democrat,1,,,,DEPUTY DISTRICT ATTORNEY BESSEMER CUT-OFF SAM RUSSELL DEMOCRAT,0.9
AL,Birmingham Post Herald,100100,2000,PRESIDENT,,,AL,"BUSH, GEORGE W.",Republican,1,,,,PRESIDENT GEORGE W BUSH REPUBLICAN; HAS A PRACTICAL PRINCIPLED VIEW THAT THE FEDERAL GOVERNMENTS ROLE SHOULD BE RESTRAINED,0.95
AL,Birmingham Post Herald,100100,2000,PUBLIC SERVICE COMMISSION,,President,AL,"SULLIVAN, JIM",Republican,1,,1,,PUBLIC SERVICE COMMISSION PRESIDENT JIM SULLIVAN REPUBLICAN INCUMBENT; THE EXPERIENCE SHOULD BE INVALUABLE IN AN ERA WHEN SOME ASPECTS OF THE UTILITY INDUSTRY WILL BE DEREGULATED,0.95
AL,Birmingham Post Herald,100100,2000,SUPREME COURT,,(Chief Justice),AL,"YATES, SHARON",Democrat,1,,,,CHIEF JUSTICE OF ALABAMA SHARON YATES DEMOCRAT; IN TERMS OF QUALIFICATIONS APPEALS JUDGE SHARON YATES THE DEMOCRATIC NOMINEE RANKS FAR ABOVE HER OPPONENT,0.95
AL,Birmingham Post Herald,100100,2000,SUPREME COURT,1,,AL,"COOK, RALPH",Democrat,1,1,,,SUPREME COURT PLACE 1 RALPH COOK INCUMBENT DEMOCRAT,0.9
AL,Birmingham Post Herald,100100,2000,SUPREME COURT,2,,AL,"LYONS, CHAMP JR.",Republican,1,,1,,SUPREME COURT PLACE 2 CHAMP LYONS JR INCUMBENT REPUBLICAN,0.9
AL,Birmingham Post Herald,100100,2000,SUPREME COURT,3,,AL,"ENGLAND, JOHN",Democrat,1,1,,,SUPREME COURT PLACE 3 JOHN ENGLAND INCUMBENT DEMOCRAT,0.9
AL,Birmingham Post Herald,100100,2000,SUPREME COURT,4,,AL,"HARWOOD, BERNARD",Republican,1,,,,SUPREME COURT PLACE 4 BERNARD HARWOOD REPUBLICAN,0.9
AL,Birmingham Post Herald,100100,2000,COURT OF CRIMINAL APPEALS,1,,AL,"FRY, JAMES H.",Democrat,1,1,,,COURT OF CRIMINAL APPEALS PLACE 1 JAMES H FRY INCUMBENT DEMOCRAT,0.9
AL,Birmingham Post Herald,100100,2000,COURT OF CRIMINAL APPEALS,2,,AL,"FORD, AUBREY JR.",Democrat,1,,,,COURT OF CRIMINAL APPEALS PLACE 2 AUBREY FORD JR DEMOCRAT,0.9
AL,Birmingham Post Herald,100100,2000,COURT OF CRIMINAL APPEALS,3,,AL,"COBB, SUE BELL",Democrat,1,1,,,COURT OF CRIMINAL APPEALS PLACE 3 SUE BELL COBB INCUMBENT DEMOCRAT,0.9
AL,Birmingham Post Herald,100100,2000,COURT OF APPEALS,1,Court of Civil Appeals,AL,"MONROE, ROGER M.",Democrat,1,1,,,COURT OF CIVIL APPEALS PLACE 1 ROGER M MONROE INCUMBENT DEMOCRAT,0.9
AL,Birmingham Post Herald,100100,2000,COURT OF APPEALS,2,Court of Civil Appeals,AL,"STEAGALL, HENRY",Democrat,1,,,,COURT OF CIVIL APPEALS PLACE 2 HENRY STEAGALL DEMOCRAT,0.9
AL,Birmingham Post Herald,100100,2000,COURT OF APPEALS,3,Court of Civil Appeals,AL,"MURDOCK, GLENN",Republican,1,,,,COURT OF CIVIL APPEALS PLACE 3 GLENN MURDOCK REPUBLICAN,0.9
AL,Birmingham Post Herald,100100,2000,H,4,,AL,"FOLSOM, MARSHA",Democrat,1,,,,"US HOUSE OF REPRESENTATIVES DISTRICT 4 DEMOCRATIC CHALLENGER MARSHA FOLSOM | V9 2026-06-21 subagent-OCR verify: PATTERN K FIX: removed r_inc=1 — Folsom was the CHALLENGER (the R-incumbent was the opponent, per OCR); a challenger carries no incumbency flag.",0.95
AL,Birmingham Post Herald,100100,2000,H,7,,AL,"MARTIN, ED",Republican,1,,,,"US HOUSE OF REPRESENTATIVES DISTRICT 7 REPUBLICAN CHALLENGER ED MARTIN | V9 2026-06-21 subagent-OCR verify: PATTERN K FIX: removed d_inc=1 — Martin was the CHALLENGER (the D-incumbent was the opponent, per OCR); a challenger carries no incumbency flag.",0.95
AL,Birmingham Post Herald,100100,2000,JUDGE,1,Circuit Court; Jefferson County,AL,"BOOHAKER, JOSEPH",Democrat,1,,,,JEFFERSON COUNTY CIRCUIT COURT PLACE 1 JOSEPH BOOHAKER DEMOCRAT,0.9
AL,Birmingham Post Herald,100100,2000,JUDGE,4,Circuit Court; Jefferson County,AL,"ROGERS, DAN JR.",Democrat,1,1,,,JEFFERSON COUNTY CIRCUIT COURT PLACE 4 DAN ROGERS JR INCUMBENT DEMOCRAT,0.9
AL,Birmingham Post Herald,100100,2000,JUDGE,11,Circuit Court; Jefferson County,AL,"BROWN, HOUSTON",Democrat,1,1,,,JEFFERSON COUNTY CIRCUIT COURT PLACE 11 HOUSTON BROWN INCUMBENT DEMOCRAT,0.9
AL,Birmingham Post Herald,100100,2000,JUDGE,14,Circuit Court; Jefferson County,AL,"CARL, JACK D.",Republican,1,,1,,JEFFERSON COUNTY CIRCUIT COURT PLACE 14 JACK D CARL INCUMBENT REPUBLICAN,0.9
AL,Birmingham Post Herald,100100,2000,JUDGE,18,Circuit Court; Jefferson County,AL,"STORM, SANDRA ROSS",Republican,1,,1,,JEFFERSON COUNTY CIRCUIT COURT PLACE 18 FAMILY COURT SANDRA ROSS STORM INCUMBENT REPUBLICAN,0.9
AL,Birmingham Post Herald,100100,2000,JUDGE,27,Circuit Court; Jefferson County,AL,"VINSON, VIRGINIA",Republican,1,,,,JEFFERSON COUNTY CIRCUIT COURT PLACE 27 VIRGINIA VINSON REPUBLICAN,0.9
AL,Birmingham Post Herald,100100,2000,DISTRICT COURT JUDGE,7,District Court; Jefferson County,AL,"CRUSE, DONALD R.",Democrat,1,1,,,JEFFERSON COUNTY DISTRICT COURT PLACE 7 DONALD R CRUSE INCUMBENT DEMOCRAT,0.9
AL,Birmingham Post Herald,100100,2000,DISTRICT COURT JUDGE,8,District Court; Jefferson County,AL,"CHAPPELL, AGNES",Democrat,1,,,,JEFFERSON COUNTY DISTRICT COURT PLACE 8 FAMILY COURT AGNES CHAPPELL DEMOCRAT,0.9
AL,Birmingham Post Herald,100100,2000,DISTRICT COURT JUDGE,9,District Court; Jefferson County,AL,"LICHTENSTEIN, DAVID",Democrat,1,,,,JEFFERSON COUNTY DISTRICT COURT PLACE 9 DAVID LICHTENSTEIN DEMOCRAT,0.9
AL,Birmingham Post Herald,100100,2000,CIRCUIT CLERK,,Jefferson County,AL,"ADAMS, ANNE-MARIE",Democrat,1,,,,JEFFERSON COUNTY CIRCUIT CLERK ANNE-MARIE ADAMS DEMOCRAT,0.9
AL,Birmingham Post Herald,100100,2000,ASSISTANT CIRCUIT CLERK,JEFFERSON COUNTY BESSEMER DIVISION,,AL,"CARTER, EARL JR.",Democrat,1,1,,,JEFFERSON COUNTY ASSISTANT CIRCUIT CLERK BESSEMER DIVISION EARL CARTER JR INCUMBENT DEMOCRAT,0.9
AL,Birmingham Post Herald,100100,2000,PROBATE JUDGE,1,Jefferson County,AL,"BOLIN, MIKE",Republican,1,,,,JEFFERSON COUNTY PROBATE JUDGE PLACE 1 JUDGE MIKE BOLIN REPUBLICAN,0.9
AL,Birmingham Post Herald,100100,2000,PROBATE JUDGE,2,Jefferson County,AL,"KING, ALAN",Democrat,1,,,,JEFFERSON COUNTY PROBATE JUDGE PLACE 2 EITHER ALAN KING DEMOCRAT OR PAT MOORE REPUBLICAN; DUAL RECOMMENDATION,0.85
AL,Birmingham Post Herald,100100,2000,PROBATE JUDGE,2,Jefferson County,AL,"MOORE, PAT",Republican,1,,,,JEFFERSON COUNTY PROBATE JUDGE PLACE 2 EITHER ALAN KING DEMOCRAT OR PAT MOORE REPUBLICAN; DUAL RECOMMENDATION,0.85
AL,Birmingham Post Herald,100100,2002,SENATOR,,,AL,"PARKER, SUSAN",Democrat,1,,,,"US SENATOR SUSAN PARKER DEMOCRAT; SHE IS A CLEAR UNDERDOG BUT SHOULD SHE SUCCEED SHE IS LIKELY TO DEVELOP INTO A MUCH MORE POWERFUL SENATOR THAN BLAND INCUMBENT JEFF SESSIONS | V9 2026-06-21 subagent-OCR verify: PATTERN K FIX: removed r_inc=1 — Parker was the CHALLENGER (the R-incumbent was the opponent, per OCR); a challenger carries no incumbency flag.",0.95
AL,Birmingham Post Herald,100100,2002,GOVERNOR,,,AL,"SIEGELMAN, DON",Democrat,1,1,,,GOVERNOR DON SIEGELMAN DEMOCRAT; WITH LESS THAN FULL CONFIDENCE WE RECOMMEND THE RE-ELECTION OF DEMOCRAT DON SIEGELMAN; HIS CHALLENGERS BOB RILEY AND JOHN SOPHOCLEUS HAVE FAILED TO MAKE THE CASE THAT EITHER OF THEM WOULD BE AN IMPROVEMENT OVER THE FLAWED INCUMBENT,0.95
AL,Birmingham Post Herald,100100,2002,LT GOVERNOR,,,AL,"BAXLEY, LUCY",Democrat,1,,,,LIEUTENANT GOVERNOR LUCY BAXLEY DEMOCRAT; HAS THE ABILITY TO BE A FAIR PRESIDING OFFICER OVER THE STATE SENATE IN AN OFFICE THAT IS NO LONGER AS POWERFUL AS IT ONCE WAS,0.95
AL,Birmingham Post Herald,100100,2002,SUPREME COURT,,,AL,"SEE, HAROLD",Republican,1,,1,,SUPREME COURT HAROLD SEE REPUBLICAN INCUMBENT; FOUR REPUBLICAN INCUMBENTS DESERVE RE-ELECTION TO THEIR SEATS ON THE STATES APPELLATE COURTS,0.95
AL,Birmingham Post Herald,100100,2002,COURT OF APPEALS,,Court of Civil Appeals,AL,"THOMPSON, BILL",Republican,1,,1,,COURT OF CIVIL APPEALS BILL THOMPSON REPUBLICAN INCUMBENT; AMONG FOUR REPUBLICAN INCUMBENTS DESERVING RE-ELECTION ON APPELLATE COURTS,0.95
AL,Birmingham Post Herald,100100,2002,COURT OF CRIMINAL APPEALS,1,,AL,"MCMILLAN, BUCKY",Republican,1,,1,,COURT OF CRIMINAL APPEALS PLACE 1 BUCKY MCMILLAN REPUBLICAN INCUMBENT; AMONG FOUR REPUBLICAN INCUMBENTS DESERVING RE-ELECTION ON APPELLATE COURTS,0.95
AL,Birmingham Post Herald,100100,2002,COURT OF CRIMINAL APPEALS,2,,AL,"BASCHAB, PAM",Republican,1,,1,,COURT OF CRIMINAL APPEALS PLACE 2 PAM BASCHAB REPUBLICAN INCUMBENT; AMONG FOUR REPUBLICAN INCUMBENTS DESERVING RE-ELECTION ON APPELLATE COURTS,0.95
AL,Birmingham Post Herald,100100,2002,JUDGE,,Circuit Court,AL,"KING, TOM JR.",Democrat,1,1,,,JEFFERSON COUNTY CIRCUIT COURT TOM KING JR DEMOCRATIC INCUMBENT; DESERVES ELECTION TO A FULL TERM ON THE 10TH CIRCUIT COURT,0.95
AL,Birmingham Post Herald,100100,2002,ATTORNEY GENERAL,,,AL,"PRYOR, BILL",Republican,1,,1,,ATTORNEY GENERAL BILL PRYOR REPUBLICAN INCUMBENT; HAS RUN THIS OFFICE EFFICIENTLY AND FAIRLY,0.95
AL,Birmingham Post Herald,100100,2002,SEC OF STATE,,,AL,"WORLEY, NANCY",Democrat,1,,,,SECRETARY OF STATE NANCY WORLEY DEMOCRAT,0.9
AL,Birmingham Post Herald,100100,2002,TREASURER,,,AL,"IVEY, KAY",Republican,1,,,,TREASURER KAY IVEY REPUBLICAN,0.9
AL,Birmingham Post Herald,100100,2002,AUDITOR,,,AL,"GIBSON, CAROLYN",Democrat,1,,,,AUDITOR CAROLYN GIBSON DEMOCRAT,0.9
AL,Birmingham Post Herald,100100,2002,AGRICULTURE COMMISSIONER,,,AL,"ALLEY, LEE",Republican,1,,,,COMMISSIONER OF AGRICULTURE AND INDUSTRIES LEE ALLEY REPUBLICAN,0.9
AL,Birmingham Post Herald,100100,2002,PUBLIC SERVICE COMMISSION,1,,AL,"MARTIN, CHARLES",Republican,1,,,,PUBLIC SERVICE COMMISSION PLACE 1 CHARLES MARTIN NOW REPUBLICAN; FORMER COMMISSIONER IS THE BETTER CHOICE FOR PLACE 1 ON THIS REGULATORY BODY | V9 RECONCILIATION 2026-06-21 FLAG: party likely WRONG. Charles B. Martin was the longtime DEMOCRATIC PSC commissioner (the Birmingham News codes him Democrat). Verify — this Post-Herald record may need R->D.,0.6
AL,Birmingham Post Herald,100100,2002,PUBLIC SERVICE COMMISSION,2,,AL,"WALLACE, GEORGE JR.",Republican,1,,1,,PUBLIC SERVICE COMMISSION PLACE 2 GEORGE WALLACE JR REPUBLICAN INCUMBENT; HAS EARNED RE-ELECTION,0.95
AL,Birmingham Post Herald,100100,2002,SHERIFF,,Jefferson County,AL,"HALE, MIKE",Republican,1,,,,JEFFERSON COUNTY SHERIFF MIKE HALE REPUBLICAN,0.9
AL,Birmingham Post Herald,100100,2002,TAX ASSESSOR,,Jefferson County,AL,"CURRY, JOHNNY",Republican,1,,,,JEFFERSON COUNTY TAX ASSESSOR JOHNNY CURRY REPUBLICAN,0.9
AL,Birmingham Post Herald,100100,2002,TAX COLLECTOR,,Jefferson County,AL,"WILLIAMS, JACK",Republican,1,,1,,JEFFERSON COUNTY TAX COLLECTOR JACK WILLIAMS REPUBLICAN INCUMBENT,0.9
AL,Birmingham Post Herald,100100,2002,ASSISTANT TAX COLLECTOR,,Jefferson County Bessemer Cutoff,AL,"DUNN, GROVER",Democrat,1,1,,,ASSISTANT TAX COLLECTOR BESSEMER CUTOFF GROVER DUNN DEMOCRATIC INCUMBENT,0.9
AL,Birmingham Post Herald,100100,2002,CNTY COMM,2,Jefferson County,AL,"SMOOT, SHELIA",Democrat,1,,,,JEFFERSON COUNTY COMMISSION DISTRICT 2 SHELIA SMOOT DEMOCRAT,0.9
AL,Birmingham Post Herald,100100,2002,CNTY COMM,5,Jefferson County,AL,"WHITE, GARY",Republican,1,,1,,JEFFERSON COUNTY COMMISSION DISTRICT 5 GARY WHITE REPUBLICAN INCUMBENT,0.9
AL,Birmingham Post Herald,100100,2002,STATE SENATOR,5,,AL,"LEE, CURT",Republican,1,,1,,STATE SENATE DISTRICT 5 CURT LEE REPUBLICAN INCUMBENT OF JASPER; COVERS WALKER COUNTY LARGE PARTS OF TUSCALOOSA COUNTY AND MUCH OF WESTERN JEFFERSON COUNTY,0.95
AL,Birmingham Post Herald,100100,2002,STATE SENATOR,19,,AL,"MCCLAIN, E. B.",Democrat,1,1,,,STATE SENATE DISTRICT 19 E B MCCLAIN DEMOCRATIC INCUMBENT OF BRIGHTON; INCLUDES PARTS OF WESTERN BIRMINGHAM AND NEARBY SUBURBAN AREAS,0.95
AL,Birmingham Post Herald,100100,2002,STATE REP,41,,AL,"HILL, MIKE",Republican,1,,1,,STATE HOUSE DISTRICT 41 MIKE HILL REPUBLICAN INCUMBENT; COVERS MUCH OF CENTRAL AND SOUTHERN SHELBY COUNTY,0.95
AL,Birmingham Post Herald,100100,2002,STATE REP,50,,AL,"MCCLENDON, JIM",Republican,1,,,,STATE HOUSE DISTRICT 50 JIM MCCLENDON REPUBLICAN OF SPRINGVILLE; OPEN SEAT REPRESENTING PARTS OF WESTERN ST CLAIR COUNTY AND A SMALL PIECE OF EASTERN SHELBY COUNTY,0.95
AL,Birmingham Post Herald,100100,2004,PRESIDENT,,,AL,"BUSH, GEORGE W.",Republican,1,,1,,PRESIDENT GEORGE W BUSH REPUBLICAN; OUR SERIOUS CONCERNS ABOUT BOTH GEORGE W BUSH AND JOHN KERRY MAKE IT IMPOSSIBLE TO BE ENTHUSIASTIC ABOUT EITHER MAN; HOWEVER WE HAVE MORE DOUBTS ABOUT THE LIKELY IMPACT OF A KERRY PRESIDENCY THAN WE DO ABOUT A CONTINUATION OF THE BUSH PRESIDENCY,0.95
AL,Birmingham Post Herald,100100,2004,SUPREME COURT,1,,AL,"SMITH, ROBERT H.",Democrat,1,,,,SUPREME COURT PLACE 1 ROBERT H SMITH DEMOCRAT; TOM PARKERS LEGAL AND SOME OF HIS POLITICAL VIEWS ARE FAR OUTSIDE THE MAINSTREAM; ROBERT H SMITH IS A HIGHLY RESPECTED ATTORNEY IN MOBILE,0.95
AL,Birmingham Post Herald,100100,2004,SUPREME COURT,2,,AL,"MONROE, ROGER",Democrat,1,,,,SUPREME COURT PLACE 2 ROGER MONROE DEMOCRAT; BOTH ROGER MONROE AND PATTI M SMITH ARE EXPERIENCED JUDGES WHO APPEAR QUALIFIED; HOWEVER MONROES PRIOR EXPERIENCE AT THE APPELLATE LEVEL GIVES HIM THE EDGE,0.95
AL,Birmingham Post Herald,100100,2004,SUPREME COURT,3,,AL,"BOLIN, MIKE",Republican,1,,,,SUPREME COURT PLACE 3 MIKE BOLIN REPUBLICAN; ANOTHER CONTEST BETWEEN EXPERIENCED AND QUALIFIED JUDGES; BOLIN IS PROBATE JUDGE IN JEFFERSON COUNTY; JOHN ROCHESTER IS PRESIDING CIRCUIT JUDGE FOR CLAY AND COOSA COUNTIES,0.95
AL,Birmingham Post Herald,100100,2004,COURT OF APPEALS,,Court of Civil Appeals,AL,"YATES, SHARON",Democrat,1,1,,,COURT OF CIVIL APPEALS SHARON YATES DEMOCRAT; SHE IS PRESIDING JUDGE ON THE ALABAMA COURT OF CIVIL APPEALS WITH MORE THAN A DECADE ON THE COURT,0.95
AL,Birmingham Post Herald,100100,2004,STATE BOARD OF ED,3,,AL,"BELL, STEPHANIE",Republican,1,,,,STATE SCHOOL BOARD DISTRICT 3 STEPHANIE BELL REPUBLICAN; WE WISH THERE WERE A BETTER CHOICE,0.95
AL,Birmingham Post Herald,100100,2004,DA/PROSECUTOR,,Jefferson County,AL,"BARBER, DAVID",Republican,1,,,,JEFFERSON COUNTY DISTRICT ATTORNEY DAVID BARBER REPUBLICAN,0.9
AL,Birmingham Post Herald,100100,2004,CNTY TREASURER,,Jefferson County,AL,"STEPHENSON, BARRY",Republican,1,,,,JEFFERSON COUNTY TREASURER BARRY STEPHENSON REPUBLICAN,0.9
AL,Birmingham Post Herald,100100,2004,JUDGE,4,Circuit Court; Jefferson County,AL,"LEE, HELEN SHORES",Democrat,1,1,,,JEFFERSON COUNTY CIRCUIT COURT PLACE 4 HELEN SHORES LEE DEMOCRAT; INCUMBENT RECOMMENDED OVER CHALLENGER,0.9
AL,Birmingham Post Herald,100100,2004,JUDGE,14,Circuit Court; Jefferson County,AL,"JONES, CLYDE",Democrat,1,1,,,JEFFERSON COUNTY CIRCUIT COURT PLACE 14 CLYDE JONES DEMOCRAT; INCUMBENT RECOMMENDED OVER CHALLENGER,0.9
AL,Birmingham Post Herald,100100,2004,JUDGE,19,Circuit Court; Jefferson County,AL,"PARSONS, MAC",Democrat,1,1,,,JEFFERSON COUNTY CIRCUIT COURT PLACE 19 MAC PARSONS DEMOCRAT; INCUMBENT RECOMMENDED OVER CHALLENGER,0.9
AL,Birmingham Post Herald,100100,2004,JUDGE,22,Circuit Court; Jefferson County,AL,"PRIVETT, CARYL P.",Democrat,1,1,,,JEFFERSON COUNTY CIRCUIT COURT PLACE 22 CARYL P PRIVETT DEMOCRAT; INCUMBENT RECOMMENDED OVER CHALLENGER,0.9
AL,Birmingham Post Herald,100100,2004,JUDGE,24,Circuit Court; Jefferson County,AL,"SEXTON, STEVE",Democrat,1,,,,JEFFERSON COUNTY CIRCUIT COURT PLACE 24 STEVE SEXTON DEMOCRAT; EXCEPTION TO INCUMBENT ENDORSEMENTS; RECOMMENDED OVER INCUMBENT GLORIA BAHAKEL WHO IS SEEKING RE-ELECTION,0.95
AL,Birmingham Post Herald,100100,2004,DISTRICT COURT JUDGE,1,District Court; Jefferson County,AL,"ALSBROOKS, JOHN",Republican,1,,1,,"JEFFERSON COUNTY DISTRICT COURT PLACE 1 JOHN ALBROOKS REPUBLICAN; INCUMBENT RECOMMENDED OVER CHALLENGER | V9 2026-06-21 subagent-OCR verify: NAME FIX ALBROOKS->ALSBROOKS per 2004 recap ""George John Alsbrooks, Republican"" (District Court Place 1). | V9 2026-06-21 subagent-OCR verify: FLAG: Pattern K (R with d_inc=1); confirm incumbency. | V9 2026-06-21 PATTERN K RESOLVED: d_inc->r_inc. Both are Republican INCUMBENTS in 2004 (V1 note ""incumbent recommended over challenger""; Sheldon Watkins externally confirmed appointed to the Jefferson Co. District Court in April 2003 per Ballotpedia). Incumbency flag belongs on r_inc.",0.9
AL,Birmingham Post Herald,100100,2004,DISTRICT COURT JUDGE,4,District Court; Jefferson County,AL,"WATKINS, SHELDON",Republican,1,,1,,"JEFFERSON COUNTY DISTRICT COURT PLACE 4 SHELDON WATKINS REPUBLICAN; INCUMBENT RECOMMENDED OVER CHALLENGER | V9 2026-06-21 subagent-OCR verify: FLAG: Pattern K (R with d_inc=1). Could not confirm incumbency from garbled OCR; verify whether Watkins was the incumbent (→r_inc) or challenger (→remove). | V9 2026-06-21 PATTERN K RESOLVED: d_inc->r_inc. Both are Republican INCUMBENTS in 2004 (V1 note ""incumbent recommended over challenger""; Sheldon Watkins externally confirmed appointed to the Jefferson Co. District Court in April 2003 per Ballotpedia). Incumbency flag belongs on r_inc.",0.9
AL,Birmingham Post Herald,100100,2004,DISTRICT COURT JUDGE,7,District Court; Jefferson County,AL,"BYNON, BOBBY",Democrat,1,1,,,JEFFERSON COUNTY DISTRICT COURT PLACE 7 BOBBY BYNON DEMOCRAT; INCUMBENT RECOMMENDED OVER CHALLENGER,0.9
AL,Birmingham Post Herald,100100,1952,PRESIDENT,,,AL,"STEVENSON, ADLAI",Democrat,0,,,,ROUND 1 PATTERN A ADD: OPPOSED BY IMPLICATION. PAPER ENDORSED R PRESIDENTIAL CANDIDATE IN 1952.,0.75
AL,Birmingham Post Herald,100100,1956,PRESIDENT,,,AL,"STEVENSON, ADLAI",Democrat,0,,,,ROUND 1 PATTERN A ADD: OPPOSED BY IMPLICATION. PAPER ENDORSED R PRESIDENTIAL CANDIDATE IN 1956.,0.75
AL,Birmingham Post Herald,100100,1960,PRESIDENT,,,AL,"KENNEDY, JOHN F.",Democrat,0,,,,ROUND 1 PATTERN A ADD: OPPOSED BY IMPLICATION. PAPER ENDORSED R PRESIDENTIAL CANDIDATE IN 1960.,0.75
AL,Birmingham Post Herald,100100,1968,PRESIDENT,,,AL,"HUMPHREY, HUBERT H.",Democrat,0,,,,ROUND 1 PATTERN A ADD: OPPOSED BY IMPLICATION. PAPER ENDORSED R PRESIDENTIAL CANDIDATE IN 1968.,0.75
AL,Birmingham Post Herald,100100,1968,PRESIDENT,,,AL,"WALLACE, GEORGE",Independent,0,,,,ROUND 1 PATTERN A ADD: OPPOSED BY IMPLICATION. PAPER ENDORSED R PRESIDENTIAL CANDIDATE IN 1968.,0.75
AL,Birmingham Post Herald,100100,1972,PRESIDENT,,,AL,"MCGOVERN, GEORGE",Democrat,0,,,,ROUND 1 PATTERN A ADD: OPPOSED BY IMPLICATION. PAPER ENDORSED R PRESIDENTIAL CANDIDATE IN 1972.,0.75
AL,Birmingham Post Herald,100100,1976,PRESIDENT,,,AL,"CARTER, JIMMY",Democrat,0,,,,ROUND 1 PATTERN A ADD: OPPOSED BY IMPLICATION. PAPER ENDORSED R PRESIDENTIAL CANDIDATE IN 1976.,0.75
AL,Birmingham Post Herald,100100,1980,PRESIDENT,,,AL,"CARTER, JIMMY",Democrat,0,1,,,ROUND 1 PATTERN A ADD: OPPOSED BY IMPLICATION. PAPER ENDORSED R PRESIDENTIAL CANDIDATE IN 1980.,0.75
AL,Birmingham Post Herald,100100,1984,PRESIDENT,,,AL,"MONDALE, WALTER",Democrat,0,,,,ROUND 1 PATTERN A ADD: OPPOSED BY IMPLICATION. PAPER ENDORSED R PRESIDENTIAL CANDIDATE IN 1984.,0.75
AL,Birmingham Post Herald,100100,1988,PRESIDENT,,,AL,"DUKAKIS, MICHAEL",Democrat,0,,,,ROUND 1 PATTERN A ADD: OPPOSED BY IMPLICATION. PAPER ENDORSED R PRESIDENTIAL CANDIDATE IN 1988.,0.75
AL,Birmingham Post Herald,100100,1992,PRESIDENT,,,AL,"CLINTON, BILL",Democrat,0,,,,ROUND 1 PATTERN A ADD: OPPOSED BY IMPLICATION. PAPER ENDORSED R PRESIDENTIAL CANDIDATE IN 1992.,0.75
AL,Birmingham Post Herald,100100,1996,PRESIDENT,,,AL,"CLINTON, BILL",Democrat,0,1,,,ROUND 1 PATTERN A ADD: OPPOSED BY IMPLICATION. PAPER ENDORSED R PRESIDENTIAL CANDIDATE IN 1996.,0.75
AL,Birmingham Post Herald,100100,2000,PRESIDENT,,,AL,"GORE, AL",Democrat,0,,,,ROUND 1 PATTERN A ADD: OPPOSED BY IMPLICATION. PAPER ENDORSED R PRESIDENTIAL CANDIDATE IN 2000.,0.75
AL,Birmingham Post Herald,100100,2004,PRESIDENT,,,AL,"KERRY, JOHN",Democrat,0,,,,ROUND 1 PATTERN A ADD: OPPOSED BY IMPLICATION. PAPER ENDORSED R PRESIDENTIAL CANDIDATE IN 2004.,0.75
AL,Birmingham Post Herald,100100,1966,GOVERNOR,,,AL,"WALLACE, LURLEEN B.",Democrat,0,,,,"ROUND 2 PATTERN A ADD: OPPOSED PER 1966-11-07 OCR. PAPER ENDORSED MARTIN (R) AND EXPLICITLY OPPOSED MRS. WALLACE (""THE ISSUE IS HER HUSBAND, GOV. GEORGE WALLACE... IF SHE IS ELECTED HER HUSBAND WILL VIRTUALLY BE RUNNING THE OFFICE"").",0.9
AL,Birmingham Post Herald,100100,1966,PUBLIC SERVICE COMMISSION,,,AL,"POOL, SIBYL",Democrat,0,,,,"ROUND 2 PATTERN A ADD: OPPOSED PER 1966-11-07 OCR. PAPER ENDORSED CONNELL (R) AND CRITICIZED POOL (D INCUMBENT WHO ""TEAMED WITH PEPPER TO OVERRIDE FIRST JACK OWEN AND THEN EUGENE CONNOR""). PAPER WANTED HER ""RETIRED.""",0.85
AL,Birmingham Post Herald,100100,1986,GOVERNOR,,,AL,"HUNT, GUY",Republican,0,,,,"ROUND 2 PATTERN A ADD: PAPER ENDORSED BAXLEY D. OCR: ""IN COMPARISON TO GUY HUNT, THE REPUBLICAN NOMINEE, BAXLEY IS CLEARLY BETTER PREPARED AND MORE CAPABLE.""",0.9
AL,Birmingham Post Herald,100100,1986,SENATOR,,,AL,"DENTON, JEREMIAH",Republican,0,,1,,"ROUND 2 PATTERN A ADD: PAPER ENDORSED SHELBY D. OCR: ""MORE EFFECTIVE SENATOR FOR ALABAMA THAN THE REPUBLICAN INCUMBENT, JEREMIAH DENTON."" Denton was R incumbent.",0.9
AL,Birmingham Post Herald,100100,1986,H,7,,AL,"MCFARLAND, BILL",Republican,0,,,,"ROUND 2 PATTERN A ADD: PAPER ENDORSED HARRIS D. OCR: ""TWO GOOD MEN, DEMOCRAT CLAUDE HARRIS AND REPUBLICAN BILL MCFARLAND. WE BELIEVE HARRIS... HAS THE EDGE.""",0.9
AL,Birmingham Post Herald,100100,1998,GOVERNOR,,,AL,"JAMES, FOB",Republican,0,,1,,"ROUND 2 PATTERN A ADD: OPPOSED PER 1998-11-02 OCR. PAPER ENDORSED SIEGELMAN (D) AND EXPLICITLY OPPOSED JAMES R INCUMBENT (""THERE IS NO HOPE THAT JAMES MIGHT DO SO"" RISE ABOVE PAST PERFORMANCE).",0.9
AL,Birmingham Post Herald,100100,1990,GOVERNOR,,,AL,"HUNT, GUY",Republican,0,,1,,"ROUND 3 PATTERN A ADD: PAPER ENDORSED HUBBERT D. OCR 1990-11-05: ""ALABAMA NEEDS... LEADERSHIP FROM THE GOVERNOR'S OFFICE, WHICH IT HAS NOT RECEIVED DURING GUY HUNT'S TENURE."" HUNT WAS R INCUMBENT.",0.9
AL,Birmingham Post Herald,100100,1992,H,7,,AL,"HILLIARD, EARL",Democrat,0,,,,"ROUND 3 PATTERN A ADD: PAPER OPPOSED EARL HILLIARD. OCR 1992-11-02: ""AVOID ENDORSING THE RECORD AND CANDIDACY OF STATE SEN. EARL HILLIARD."" PAPER NOTED JONES R + LEWIS IND AS ALTERNATIVES.",0.9
AL,Birmingham Post Herald,100100,2002,SENATOR,,,AL,"SESSIONS, JEFF",Republican,0,,1,,"ROUND 3 PATTERN A ADD: PAPER ENDORSED PARKER D. OCR 2002-11-04: ""BLAND INCUMBENT JEFF SESSIONS."" SESSIONS WAS R INCUMBENT.",0.9
AL,Birmingham Post Herald,100100,2002,GOVERNOR,,,AL,"RILEY, BOB",Republican,0,,,,"ROUND 3 PATTERN A ADD: PAPER ENDORSED SIEGELMAN D. OCR 2002-11-04: ""BOB RILEY AND JOHN SOPHOCLEUS HAVE FAILED TO MAKE THE CASE THAT EITHER... WOULD BE AN IMPROVEMENT OVER THE FLAWED INCUMBENT.""",0.9
AL,Birmingham Post Herald,100100,2004,SUPREME COURT,1,,AL,"PARKER, TOM",Republican,0,,,,"ROUND 3 PATTERN A ADD: PAPER ENDORSED SMITH R OBERT H. D. OCR 2004-10-30: ""TOM PARKER'S LEGAL AND SOME OF HIS POLITICAL VIEWS ARE FAR OUTSIDE THE MAINSTREAM.""",0.9
AL,Birmingham Post Herald,100100,1982,GOVERNOR,,,AL,"WALLACE, GEORGE C.",Democrat,0,,,,"ROUND 4 PATTERN A ADD: PAPER ENDORSED FOLMAR R. OCR 1982-11-01: PAPER MADE FOLMAR ""THE CHOICE OVER GEORGE WALLACE.""",0.9
AL,Birmingham Post Herald,100100,1982,H,6,,AL,"SMITH, ALBERT LEE",Republican,0,,1,,"ROUND 4 PATTERN A ADD: PAPER ENDORSED ERDREICH D OVER ""RIGHT-WING INCUMBENT"" (Smith was R AL-06 incumbent 1981-1983).",0.9
AL,Birmingham Post Herald,100100,1984,SENATOR,,,AL,"SMITH, ALBERT LEE",Republican,0,,,,"ROUND 4 PATTERN A ADD: PAPER ENDORSED HEFLIN D. OCR 1984-11-05: ""ALBERT LEE SMITH, A REPUBLICAN WHO FOLLOWS A NARROW FAR-RIGHT IDEOLOGY.""",0.9
AL,Birmingham Post Herald,100100,1974,H,6,,AL,"MIGLIONICO, NINA",Democrat,1,,,,"ROUND 5 PATTERN J/A ADD: PAPER ENDORSED PER OCR 1974-11-04: ""WE HOPE THE VOTERS SEND HER TO CONGRESS TOMORROW."" NINA WAS BIRMINGHAM CITY COUNCIL MEMBER 11 YEARS.",0.95
AL,Birmingham Post Herald,100100,1974,H,6,,AL,"BUCHANAN, JOHN H. JR.",Republican,0,,1,,"ROUND 5 PATTERN J/A ADD: PAPER OPPOSED PER OCR 1974-11-04: PAPER NOTED BUCHANAN ""MANAGED USUALLY TO COME DOWN ON THE SIDE OF THE BIG INTERESTS WHENEVER THOSE INTERESTS SEEM TO BE IN CONFLICT WITH THE WELFARE OF THE MANY."" BUCHANAN WAS R AL-06 INCUMBENT 1965-1981.",0.95
AL,Birmingham Post Herald,100100,1954,GOVERNOR,,,AL,"FOLSOM, JIM",Democrat,0,,,,"ROUND 6 PATTERN A ADD: OPPOSED PER 1954-11-01 OCR. PAPER WROTE ""ELIMINATE MR. FOLSOM AND SEND TOM ABERNETHY TO MONTGOMERY AS GOVERNOR THE GOOD NEWS WOULD CAPTURE THE HEADLINES.""",0.9
