state_newspaper,newspaper,newspaper_id,year,office,dist,dname,state_election,cand_name,party,endorsed,d_inc,r_inc,o_inc,notes_endorse,extraction_confidence
NM,Albuquerque Journal,128401,1882,CNTY CLERK,,BERNALILLO COUNTY,NM,"PEREA, JOSE L. JR",Republican,1,,,,PROBATE CLERK.,0.9
NM,Albuquerque Journal,128401,1882,CNTY COMM,,BERNALILLO COUNTY,NM,"ARMIJO, JUSTO R.",Republican,1,,,,,0.9
NM,Albuquerque Journal,128401,1882,CNTY COMM,,BERNALILLO COUNTY,NM,"MADDEN, ELWOOD",Republican,1,,,,,0.9
NM,Albuquerque Journal,128401,1882,CNTY COMM,,BERNALILLO COUNTY,NM,"ORTIZ, ANTONIO",Republican,1,,,,,0.9
NM,Albuquerque Journal,128401,1882,CNTY TREASURER,,BERNALILLO COUNTY,NM,"WILSON, W. K. P.",Republican,1,,,,,0.9
NM,Albuquerque Journal,128401,1882,CORONER,,BERNALILLO COUNTY,NM,"GUTIERREZ, JOSE D.",Republican,1,,,,,0.85
NM,Albuquerque Journal,128401,1882,H,DELEGATE,,NM,"LUNA, TRANQUILINO",Republican,1,,,,DELEGATE IN CONGRESS (NM TERRITORY); 'OF VALENCIA COUNTY'.,0.92
NM,Albuquerque Journal,128401,1882,JUDGE,,BERNALILLO COUNTY,NM,"CHAVEZ, FRANCISCO 2D",Republican,1,,,,PROBATE JUDGE.,0.9
NM,Albuquerque Journal,128401,1882,RIVER COMM,,BERNALILLO COUNTY,NM,"APODACA, MANUEL",Republican,1,,,,,0.85
NM,Albuquerque Journal,128401,1882,RIVER COMM,,BERNALILLO COUNTY,NM,"ARMIJO, CRISTOVAL",Republican,1,,,,,0.85
NM,Albuquerque Journal,128401,1882,RIVER COMM,,BERNALILLO COUNTY,NM,"MONTOYA, ATANACIO",Republican,1,,,,,0.85
NM,Albuquerque Journal,128401,1882,SCHOOL BOARD,,BERNALILLO COUNTY,NM,"MARTIN, CRISTOVAL",Republican,1,,,,SCHOOL COMMISSIONER.,0.9
NM,Albuquerque Journal,128401,1882,SCHOOL BOARD,,BERNALILLO COUNTY,NM,"OTERO, MARIANO S.",Republican,1,,,,SCHOOL COMMISSIONER.,0.9
NM,Albuquerque Journal,128401,1882,SCHOOL BOARD,,BERNALILLO COUNTY,NM,"SPITZ, EDWARD",Republican,1,,,,SCHOOL COMMISSIONER.,0.9
NM,Albuquerque Journal,128401,1882,SHERIFF,,BERNALILLO COUNTY,NM,"BACA, SANTIAGO",Republican,1,,,,,0.92
NM,Albuquerque Journal,128401,1882,STATE REP,,BERNALILLO COUNTY,NM,"CHAVEZ, RAFAEL",Republican,1,,,,TERRITORIAL HOUSE OF REPRESENTATIVES.,0.9
NM,Albuquerque Journal,128401,1882,STATE REP,,BERNALILLO COUNTY,NM,"DE BACA, MARCUS C.",Republican,1,,,,TERRITORIAL HOUSE OF REPRESENTATIVES.,0.9
NM,Albuquerque Journal,128401,1882,STATE REP,,BERNALILLO COUNTY,NM,"WHITEMAN, W. H.",Republican,1,,,,TERRITORIAL HOUSE OF REPRESENTATIVES.,0.9
NM,Albuquerque Journal,128401,1882,STATE SENATOR,,BERNALILLO COUNTY,NM,"MCCOMAS, C. C.",Republican,1,,,,TERRITORIAL COUNCIL (UPPER HOUSE).,0.9
NM,Albuquerque Journal,128401,1882,STATE SENATOR,,BERNALILLO COUNTY,NM,"MONTOYA, JOSE MANUEL",Republican,1,,,,TERRITORIAL COUNCIL (UPPER HOUSE).,0.9
NM,Albuquerque Journal,128401,1882,STRAIGHT TICKET,,,NM,STRAIGHT TICKET,Republican,1,,,,REPUBLICAN TICKET PRINTED IN PAPER AS THE ENDORSED SLATE FOR BERNALILLO COUNTY (NM TERRITORY).,0.85
NM,Albuquerque Journal,128401,1886,ASSESSOR,,BERNALILLO COUNTY,NM,"LEWIS, C. W.",Democrat,1,,,,,0.9
NM,Albuquerque Journal,128401,1886,CNTY CLERK,,BERNALILLO COUNTY,NM,"HARRIS, HENRY V.",Democrat,1,,,,PROBATE CLERK.,0.9
NM,Albuquerque Journal,128401,1886,CNTY COMM,,BERNALILLO COUNTY,NM,"DIMAS, JOSE YGNACIO",Democrat,1,,,,,0.9
NM,Albuquerque Journal,128401,1886,CNTY COMM,,BERNALILLO COUNTY,NM,"JAFFA, HENRY N.",Democrat,1,,,,,0.9
NM,Albuquerque Journal,128401,1886,CNTY COMM,,BERNALILLO COUNTY,NM,"MILLER, JOHN",Democrat,1,,,,,0.9
NM,Albuquerque Journal,128401,1886,CNTY TREASURER,,BERNALILLO COUNTY,NM,"LANG, JAMES A.",Democrat,1,,,,,0.9
NM,Albuquerque Journal,128401,1886,CORONER,,BERNALILLO COUNTY,NM,"BAKER, C. C.",Democrat,1,,,,,0.9
NM,Albuquerque Journal,128401,1886,JUDGE,,BERNALILLO COUNTY,NM,"ARMIJO Y JARAMILLO, JESUS",Democrat,1,,,,PROBATE JUDGE.,0.9
NM,Albuquerque Journal,128401,1886,RIVER COMM,,BERNALILLO COUNTY,NM,"ARMIJO, RAFAEL",Democrat,1,,,,,0.9
NM,Albuquerque Journal,128401,1886,RIVER COMM,,BERNALILLO COUNTY,NM,"CASSELLS, J. R.",Democrat,1,,,,,0.9
NM,Albuquerque Journal,128401,1886,RIVER COMM,,BERNALILLO COUNTY,NM,"GUTIERREZ, GUADALUPE",Democrat,1,,,,,0.9
NM,Albuquerque Journal,128401,1886,RIVER COMM,,BERNALILLO COUNTY,NM,"METZGAR, W. H.",Democrat,1,,,,,0.9
NM,Albuquerque Journal,128401,1886,RIVER COMM,,BERNALILLO COUNTY,NM,"MEYERS, ERNEST",Democrat,1,,,,,0.9
NM,Albuquerque Journal,128401,1886,SCHOOL BOARD,,BERNALILLO COUNTY,NM,"BROWN, W. CAL",Democrat,1,,,,SUPT OF SCHOOLS.,0.9
NM,Albuquerque Journal,128401,1886,SHERIFF,,BERNALILLO COUNTY,NM,"BACA, SANTIAGO",Democrat,1,,,,,0.9
NM,Albuquerque Journal,128401,1886,STATE REP,,BERNALILLO COUNTY,NM,"CHAVEZ, JOSE DE LA LUZ",Democrat,1,,,,TERRITORIAL HOUSE.,0.9
NM,Albuquerque Journal,128401,1886,STATE REP,,BERNALILLO COUNTY,NM,"MARTINEZ, CANDELARIO",Democrat,1,,,,TERRITORIAL HOUSE.,0.9
NM,Albuquerque Journal,128401,1886,STATE REP,,BERNALILLO COUNTY,NM,"ROMERO, TEOFILO",Democrat,1,,,,TERRITORIAL HOUSE.,0.9
NM,Albuquerque Journal,128401,1886,STATE SENATOR,,BERNALILLO COUNTY,NM,"GUTIERREZ, THOMAS C.",Democrat,1,,,,TERRITORIAL SENATOR.,0.9
NM,Albuquerque Journal,128401,1886,STATE SENATOR,,BERNALILLO COUNTY,NM,"PEREA, FRANCISCO",Democrat,1,,,,TERRITORIAL SENATOR.,0.9
NM,Albuquerque Journal,128401,1886,STRAIGHT TICKET,,BERNALILLO COUNTY,NM,STRAIGHT TICKET,Democrat,1,,,,DEMOCRAT TICKET PRINTED IN PAPER AS THE ENDORSED SLATE FOR BERNALILLO COUNTY (NM TERRITORY); DEMOCRATIC BERNALILLO COUNTY TICKET.,0.85
NM,Albuquerque Journal,128401,1888,ASSESSOR,,BERNALILLO COUNTY,NM,"LEWIS, CHARLES W.",Democrat,1,,,,,0.9
NM,Albuquerque Journal,128401,1888,CNTY CLERK,,BERNALILLO COUNTY,NM,"HARRIS, HENRY V.",Democrat,1,,,,CLERK AND RECORDER.,0.9
NM,Albuquerque Journal,128401,1888,CNTY COMM,2,BERNALILLO COUNTY,NM,"DON VIDAL MORA Y LOBATO, JOSE",Democrat,1,,,,,0.7
NM,Albuquerque Journal,128401,1888,CNTY TREASURER,,BERNALILLO COUNTY,NM,"ROMERO, ANDRES",Democrat,1,,,,,0.9
NM,Albuquerque Journal,128401,1888,CORONER,,BERNALILLO COUNTY,NM,"OBANNON, LOUIS",Democrat,1,,,,,0.9
NM,Albuquerque Journal,128401,1888,H,DELEGATE,,NM,"JOSEPH, ANTONIO",Democrat,1,,,,DELEGATE TO CONGRESS; OF TAOS COUNTY.,0.9
NM,Albuquerque Journal,128401,1888,JUDGE,,BERNALILLO COUNTY,NM,"GUTIERREZ, GUADALUPE",Democrat,1,,,,PROBATE JUDGE.,0.9
NM,Albuquerque Journal,128401,1888,PRESIDENT,,,NM,"CLEVELAND, GROVER",Democrat,1,,,,OF NEW YORK.,0.9
NM,Albuquerque Journal,128401,1888,RIVER COMM,,BERNALILLO COUNTY,NM,"CHIRRGO, PABLO",Democrat,1,,,,,0.7
NM,Albuquerque Journal,128401,1888,RIVER COMM,,BERNALILLO COUNTY,NM,"DE LA, DEMETRIO",Democrat,1,,,,,0.6
NM,Albuquerque Journal,128401,1888,RIVER COMM,,BERNALILLO COUNTY,NM,"GONZALES, ANTONIO JOSE",Democrat,1,,,,,0.9
NM,Albuquerque Journal,128401,1888,RIVER COMM,,BERNALILLO COUNTY,NM,"LAVEORA, PERFILIO",Democrat,1,,,,,0.9
NM,Albuquerque Journal,128401,1888,RIVER COMM,,BERNALILLO COUNTY,NM,"POST, T. D.",Democrat,1,,,,,0.9
NM,Albuquerque Journal,128401,1888,SCHOOL BOARD,,BERNALILLO COUNTY,NM,"OBANNON, C.",Democrat,1,,,,SUPERINTENDENT OF PUBLIC INSTRUCTION.,0.7
NM,Albuquerque Journal,128401,1888,SHERIFF,,BERNALILLO COUNTY,NM,"SKINNER, LEONARD B.",Democrat,1,,,,COUNTY SHERIFF AND COLLECTOR.,0.9
NM,Albuquerque Journal,128401,1888,STATE REP,,BERNALILLO COUNTY,NM,"BACA, MARCELINO",Democrat,1,,,,,0.9
NM,Albuquerque Journal,128401,1888,STATE REP,,BERNALILLO COUNTY,NM,"GARCIA, GAVINO",Democrat,1,,,,,0.9
NM,Albuquerque Journal,128401,1888,STATE REP,,BERNALILLO COUNTY,NM,"KUCHENBRECKER, W. F.",Democrat,1,,,,,0.9
NM,Albuquerque Journal,128401,1888,STATE SENATOR,,BERNALILLO COUNTY,NM,"CHAVEZ, JOSE DE LA LUZ",Democrat,1,,,,,0.9
NM,Albuquerque Journal,128401,1888,STATE SENATOR,,BERNALILLO COUNTY,NM,"WARREN, HENRY L.",Democrat,1,,,,TERRITORIAL SENATOR (HONORABLE / JUDGE).,0.9
NM,Albuquerque Journal,128401,1888,STRAIGHT TICKET,,BERNALILLO COUNTY,NM,STRAIGHT TICKET,Democrat,1,,,,DEMOCRAT TICKET PRINTED IN PAPER AS THE ENDORSED SLATE FOR BERNALILLO COUNTY (NM TERRITORY); NATIONAL DEMOCRATIC TICKET + BERNALILLO COUNTY DEMOCRATIC TICKET.,0.85
NM,Albuquerque Journal,128401,1888,VICE PRESIDENT,,,NM,"THURMAN, ALLAN G.",Democrat,1,,,,OF OHIO.,0.9
NM,Albuquerque Journal,128401,1890,ASSESSOR,,BERNALILLO COUNTY,NM,"ROMERO, ANDRES",Democrat,1,,,,,0.9
NM,Albuquerque Journal,128401,1890,CNTY CLERK,,BERNALILLO COUNTY,NM,"HARRIS, HENRY V.",Democrat,1,,,,PROBATE CLERK.,0.9
NM,Albuquerque Journal,128401,1890,CNTY COMM,2,BERNALILLO COUNTY,NM,"MARTINEZ, NAZARIO",Democrat,1,,,,,0.9
NM,Albuquerque Journal,128401,1890,CNTY COMM,1,BERNALILLO COUNTY,NM,"MILL, J. W.",Democrat,1,,,,,0.9
NM,Albuquerque Journal,128401,1890,CNTY COMM,3,BERNALILLO COUNTY,NM,"REITZ, FRANK",Democrat,1,,,,,0.9
NM,Albuquerque Journal,128401,1890,CNTY TREASURER,,BERNALILLO COUNTY,NM,"LEE, JOHN A.",Democrat,1,,,,,0.9
NM,Albuquerque Journal,128401,1890,CORONER,,BERNALILLO COUNTY,NM,"HUNICK, LEONARDO",Democrat,1,,,,,0.9
NM,Albuquerque Journal,128401,1890,H,DELEGATE,,NM,"JOSEPH, ANTONIO",Democrat,1,,,,DELEGATE TO 52ND CONGRESS.,0.9
NM,Albuquerque Journal,128401,1890,JUDGE,,BERNALILLO COUNTY,NM,"GARCIA, GAVINO",Democrat,1,,,,PROBATE JUDGE.,0.9
NM,Albuquerque Journal,128401,1890,RIVER COMM,,BERNALILLO COUNTY,NM,"MONTANO Y CANDELARIA, JOSE",Democrat,1,,,,,0.9
NM,Albuquerque Journal,128401,1890,RIVER COMM,,BERNALILLO COUNTY,NM,"MONTOYA, ANTONIO",Democrat,1,,,,,0.9
NM,Albuquerque Journal,128401,1890,RIVER COMM,,BERNALILLO COUNTY,NM,"PADILLA, JESUS",Democrat,1,,,,,0.9
NM,Albuquerque Journal,128401,1890,RIVER COMM,,BERNALILLO COUNTY,NM,"PITTS, JAMES",Democrat,1,,,,,0.9
NM,Albuquerque Journal,128401,1890,RIVER COMM,,BERNALILLO COUNTY,NM,"POST, THOMAS D.",Democrat,1,,,,,0.9
NM,Albuquerque Journal,128401,1890,SCHOOL BOARD,,BERNALILLO COUNTY,NM,"OBANNON, FELIPE",Democrat,1,,,,SUPT OF SCHOOLS.,0.9
NM,Albuquerque Journal,128401,1890,SHERIFF,,BERNALILLO COUNTY,NM,"SKINNER, LEONARD B.",Democrat,1,,,,,0.9
NM,Albuquerque Journal,128401,1890,STATE REP,,BERNALILLO COUNTY,NM,"CHAVEZ, JOSE DE LA LUZ",Democrat,1,,,,,0.9
NM,Albuquerque Journal,128401,1890,STATE REP,,BERNALILLO COUNTY,NM,"MILLER, LORION",Democrat,1,,,,,0.9
NM,Albuquerque Journal,128401,1890,STATE REP,,BERNALILLO COUNTY,NM,"PEREA, FRANCISCO",Democrat,1,,,,,0.9
NM,Albuquerque Journal,128401,1890,STATE SENATOR,,BERNALILLO COUNTY,NM,"BACA, SANTIAGO",Democrat,1,,,,LEGISLATIVE COUNCIL.,0.9
NM,Albuquerque Journal,128401,1890,STATE SENATOR,,VALENCIA COUNTY,NM,"CHAVES, FELIPE",Democrat,1,,,,VALENCIA COUNTY DEMOCRATIC TICKET; LEGISLATIVE COUNCIL.,0.9
NM,Albuquerque Journal,128401,1890,STATE SENATOR,,BERNALILLO COUNTY,NM,"FIELD, NEILL B.",Democrat,1,,,,LEGISLATIVE COUNCIL.,0.9
NM,Albuquerque Journal,128401,1890,STRAIGHT TICKET,,BERNALILLO COUNTY,NM,STRAIGHT TICKET,Democrat,1,,,,DEMOCRAT TICKET PRINTED IN PAPER AS THE ENDORSED SLATE FOR BERNALILLO COUNTY (NM TERRITORY); DEMOCRATIC BERNALILLO COUNTY TICKET (with Valencia ticket also listed).,0.85
NM,Albuquerque Journal,128401,1892,CNTY COMM,3,BERNALILLO COUNTY,NM,"HALL, K. P.",Democrat,1,,,,,0.9
NM,Albuquerque Journal,128401,1892,CNTY COMM,2,BERNALILLO COUNTY,NM,"MORA Y LOBATO, VITAL",Democrat,1,,,,,0.9
NM,Albuquerque Journal,128401,1892,CNTY COMM,1,BERNALILLO COUNTY,NM,"ORTIZ, LUCIANO",Democrat,1,,,,,0.9
NM,Albuquerque Journal,128401,1892,H,DELEGATE,,NM,"JOSEPH, ANTONIO",Democrat,1,,,,DELEGATE TO CONGRESS.,0.9
NM,Albuquerque Journal,128401,1892,PRESIDENT,,,NM,"CLEVELAND, GROVER",Democrat,1,,,,OF NEW YORK; SEEKING TO SUCCEED BENJAMIN HARRISON.,0.9
NM,Albuquerque Journal,128401,1892,SHERIFF,,BERNALILLO COUNTY,NM,"YRISSARI, JACOBO",Democrat,1,,,,,0.9
NM,Albuquerque Journal,128401,1892,STATE REP,,BERNALILLO COUNTY,NM,"CHAVEZ, JOSE DE LA LUZ",Democrat,1,,,,,0.9
NM,Albuquerque Journal,128401,1892,STATE REP,,BERNALILLO COUNTY,NM,"KUCHENBECKER, F.",Democrat,1,,,,W. F. KUCHENBECKER (FIRST INITIAL OCR-DEGRADED).,0.9
NM,Albuquerque Journal,128401,1892,STATE REP,,BERNALILLO COUNTY,NM,"MEYERS, ERNEST",Democrat,1,,,,,0.9
NM,Albuquerque Journal,128401,1892,STATE SENATOR,,BERNALILLO COUNTY,NM,"HUBBELL, FRANK A.",Democrat,1,,,,TERRITORIAL COUNCIL.,0.9
NM,Albuquerque Journal,128401,1892,STATE SENATOR,,BERNALILLO COUNTY,NM,"SAINT, J. E.",Democrat,1,,,,TERRITORIAL COUNCIL.,0.9
NM,Albuquerque Journal,128401,1892,STRAIGHT TICKET,,BERNALILLO COUNTY,NM,STRAIGHT TICKET,Democrat,1,,,,DEMOCRAT TICKET PRINTED IN PAPER AS THE ENDORSED SLATE FOR BERNALILLO COUNTY (NM TERRITORY); DEMOCRATIC NATIONAL + BERNALILLO COUNTY TICKET.,0.85
NM,Albuquerque Journal,128401,1892,VICE PRESIDENT,,,NM,"STEVENSON, A. E.",Democrat,1,,,,OF ILLINOIS; SUCCESSOR TO LEVI E. MORTON.,0.9
NM,Albuquerque Journal,128401,1896,ASSESSOR,,BERNALILLO COUNTY,NM,"DODD, ED",Democrat,1,,,,,0.9
NM,Albuquerque Journal,128401,1896,CNTY CLERK,,BERNALILLO COUNTY,NM,"PEARCE, GORDON D.",Democrat,1,,,,PROBATE CLERK.,0.9
NM,Albuquerque Journal,128401,1896,CNTY COMM,,BERNALILLO COUNTY,NM,"ARMIJO, FERNANDO",Democrat,1,,,,,0.9
NM,Albuquerque Journal,128401,1896,CNTY COMM,,BERNALILLO COUNTY,NM,"MANN, JOHN",Democrat,1,,,,,0.9
NM,Albuquerque Journal,128401,1896,CNTY COMM,,BERNALILLO COUNTY,NM,"ROMERO, ESQUIPULO",Democrat,1,,,,,0.9
NM,Albuquerque Journal,128401,1896,CNTY TREASURER,,BERNALILLO COUNTY,NM,"KENT, F. H.",Democrat,1,,,,COLLECTOR.,0.9
NM,Albuquerque Journal,128401,1896,CNTY TREASURER,,BERNALILLO COUNTY,NM,"MCINTOSH, WILLIAM",Democrat,1,,,,,0.9
NM,Albuquerque Journal,128401,1896,H,DELEGATE,BERNALILLO COUNTY,NM,"FERGUSSON, H. B.",Democrat,1,,,,DELEGATE TO CONGRESS; OF ALBUQUERQUE. PEOPLE'S TICKET (FUSION D/POPULIST).,0.9
NM,Albuquerque Journal,128401,1896,JUDGE,,BERNALILLO COUNTY,NM,"ARMIJO Y JARAMILLO, JESUS",Democrat,1,,,,PROBATE JUDGE.,0.9
NM,Albuquerque Journal,128401,1896,PRESIDENT,,,NM,"BRYAN, WILLIAM J.",Democrat,1,,,,OF NEBRASKA. CROSS-NOMINATED BY DEMOCRATIC AND PEOPLE'S (POPULIST) PARTIES.,0.9
NM,Albuquerque Journal,128401,1896,SCHOOL BOARD,,BERNALILLO COUNTY,NM,"BURKE, W. S.",Democrat,1,,,,SCHOOL SUPERINTENDENT.,0.9
NM,Albuquerque Journal,128401,1896,SHERIFF,,BERNALILLO COUNTY,NM,"FARR, WILLIAM",Democrat,1,,,,,0.9
NM,Albuquerque Journal,128401,1896,STATE REP,,BERNALILLO COUNTY,NM,"BACA, DAVID",Democrat,1,,,,,0.9
NM,Albuquerque Journal,128401,1896,STATE REP,,BERNALILLO COUNTY,NM,"CARROLL, JOSEPH",Democrat,1,,,,,0.9
NM,Albuquerque Journal,128401,1896,STATE REP,,BERNALILLO COUNTY,NM,"SKINNER, J. M.",Democrat,1,,,,,0.9
NM,Albuquerque Journal,128401,1896,STATE SENATOR,,BERNALILLO COUNTY,NM,"BROCKMEIER, HENRY",Democrat,1,,,,TERRITORIAL COUNCIL.,0.9
NM,Albuquerque Journal,128401,1896,STATE SENATOR,,BERNALILLO COUNTY,NM,"FIELD, NEILL B.",Democrat,1,,,,TERRITORIAL COUNCIL.,0.9
NM,Albuquerque Journal,128401,1896,STRAIGHT TICKET,,BERNALILLO COUNTY,NM,STRAIGHT TICKET,Democrat,1,,,,DEMOCRAT TICKET PRINTED IN PAPER AS THE ENDORSED SLATE FOR BERNALILLO COUNTY (NM TERRITORY); DEMOCRATIC NATIONAL + PEOPLE'S BERNALILLO COUNTY FUSION TICKET (BRYAN/SEWALL CAMPAIGN).,0.85
NM,Albuquerque Journal,128401,1896,VICE PRESIDENT,,,NM,"SEWALL, ARTHUR",Democrat,1,,,,OF MAINE.,0.9
NM,Albuquerque Journal,128401,1898,ASSESSOR,,BERNALILLO COUNTY,NM,"ARMIJO Y JARAMILLO, JESUS",Democrat,1,,,,,0.9
NM,Albuquerque Journal,128401,1898,CNTY CLERK,,BERNALILLO COUNTY,NM,"DE BACA, DAVID C.",Democrat,1,,,,,0.9
NM,Albuquerque Journal,128401,1898,CNTY COMM,,BERNALILLO COUNTY,NM,"ARMIJO, PERFECTO",Democrat,1,,,,,0.9
NM,Albuquerque Journal,128401,1898,CNTY TREASURER,,BERNALILLO COUNTY,NM,"WHITCOMB, A. M.",Democrat,1,,,,TREASURER AND COLLECTOR.,0.9
NM,Albuquerque Journal,128401,1898,H,DELEGATE,,NM,"FERGUSSON, HARVEY B.",Democrat,1,,,,DELEGATE TO 56TH CONGRESS.,0.9
NM,Albuquerque Journal,128401,1898,JUDGE,,BERNALILLO COUNTY,NM,"MOORE, J. M.",Democrat,1,,,,PROBATE JUDGE.,0.9
NM,Albuquerque Journal,128401,1898,RIVER COMM,,BERNALILLO COUNTY,NM,"CARABAJAL, PESIDERIO",Democrat,1,,,,,0.9
NM,Albuquerque Journal,128401,1898,RIVER COMM,,BERNALILLO COUNTY,NM,"CHAVEZ, MELQUIADES",Democrat,1,,,,,0.9
NM,Albuquerque Journal,128401,1898,RIVER COMM,,BERNALILLO COUNTY,NM,"MARTINEZ, DAVIL",Democrat,1,,,,,0.9
NM,Albuquerque Journal,128401,1898,RIVER COMM,,BERNALILLO COUNTY,NM,"TAFOYA, EPIMENIO",Democrat,1,,,,,0.9
NM,Albuquerque Journal,128401,1898,SCHOOL BOARD,,BERNALILLO COUNTY,NM,"SECOR, W. O.",Democrat,1,,,,SCHOOL SUPERINTENDENT.,0.9
NM,Albuquerque Journal,128401,1898,SHERIFF,,BERNALILLO COUNTY,NM,"BROCKMEIER, HENRY",Democrat,1,,,,,0.9
NM,Albuquerque Journal,128401,1898,STATE REP,,BERNALILLO COUNTY,NM,"BARELA, K. P.",Democrat,1,,,,,0.9
NM,Albuquerque Journal,128401,1898,STATE REP,,BERNALILLO COUNTY,NM,"JOHNSON, BENJAMIN",Democrat,1,,,,,0.9
NM,Albuquerque Journal,128401,1898,STATE REP,,BERNALILLO COUNTY,NM,"OTERO, M. S.",Democrat,1,,,,,0.9
NM,Albuquerque Journal,128401,1898,STATE SENATOR,,BERNALILLO COUNTY,NM,"BOWIE, ALEX",Democrat,1,,,,TERRITORIAL COUNCIL.,0.9
NM,Albuquerque Journal,128401,1898,STATE SENATOR,,BERNALILLO COUNTY,NM,"DE BACA, SEVERINO C.",Democrat,1,,,,TERRITORIAL COUNCIL.,0.9
NM,Albuquerque Journal,128401,1898,STATE SENATOR,,BERNALILLO COUNTY,NM,"HENRY, L. L.",Democrat,1,,,,TERRITORIAL COUNCIL.,0.9
NM,Albuquerque Journal,128401,1898,STATE SENATOR,,BERNALILLO COUNTY,NM,"SANCHEZ, CARLOS P.",Democrat,1,,,,TERRITORIAL COUNCIL.,0.9
NM,Albuquerque Journal,128401,1898,STATE SENATOR,,BERNALILLO COUNTY,NM,"SPENCER, E. W.",Democrat,1,,,,TERRITORIAL COUNCIL.,0.9
NM,Albuquerque Journal,128401,1898,STRAIGHT TICKET,,BERNALILLO COUNTY,NM,STRAIGHT TICKET,Democrat,1,,,,DEMOCRAT TICKET PRINTED IN PAPER AS THE ENDORSED SLATE FOR BERNALILLO COUNTY (NM TERRITORY); DEMOCRATIC NOMINEES BERNALILLO COUNTY.,0.85
NM,Albuquerque Journal,128401,1898,SURVEYOR,,BERNALILLO COUNTY,NM,"MARTINEZ, BERNANDO",Democrat,1,,,,,0.9
NM,Albuquerque Journal,128401,1900,ASSESSOR,,BERNALILLO COUNTY,NM,"SANDOVAL, ALEJANDRO",Republican,1,,,,,0.9
NM,Albuquerque Journal,128401,1900,CNTY COMM,3,BERNALILLO COUNTY,NM,"HOPKINS, R. W.",Republican,1,,,,,0.9
NM,Albuquerque Journal,128401,1900,CNTY COMM,1,BERNALILLO COUNTY,NM,"MIERA, E. A.",Republican,1,,,,,0.9
NM,Albuquerque Journal,128401,1900,CNTY COMM,2,BERNALILLO COUNTY,NM,"MILLER, J. L.",Republican,1,,,,,0.9
NM,Albuquerque Journal,128401,1900,CNTY TREASURER,,BERNALILLO COUNTY,NM,"NEWHALL, K.",Republican,1,,,,TREASURER AND COLLECTOR.,0.8
NM,Albuquerque Journal,128401,1900,H,DELEGATE,,NM,"RODEY, BERNARD S.",Republican,1,,,,DELEGATE TO 57TH CONGRESS; OF BERNALILLO COUNTY (HONORABLE).,0.9
NM,Albuquerque Journal,128401,1900,JUDGE,,BERNALILLO COUNTY,NM,"BACA, ESQUIPULA",Republican,1,,,,PROBATE JUDGE.,0.9
NM,Albuquerque Journal,128401,1900,PRESIDENT,,,NM,"MCKINLEY, WILLIAM",Republican,1,,1,,OF OHIO; INCUMBENT.,0.9
NM,Albuquerque Journal,128401,1900,RIVER COMM,,BERNALILLO COUNTY,NM,"CHAVES, RAFAEL",Republican,1,,,,,0.9
NM,Albuquerque Journal,128401,1900,RIVER COMM,,BERNALILLO COUNTY,NM,"GABALDON, FRANCISCO",Republican,1,,,,,0.9
NM,Albuquerque Journal,128401,1900,RIVER COMM,,BERNALILLO COUNTY,NM,"GONZALES, FRANCISCO",Republican,1,,,,,0.9
NM,Albuquerque Journal,128401,1900,RIVER COMM,,BERNALILLO COUNTY,NM,"M Y APODACA, RUMALIDO",Republican,1,,,,,0.9
NM,Albuquerque Journal,128401,1900,RIVER COMM,,BERNALILLO COUNTY,NM,"TAFOYA, EPIMENIO",Republican,1,,,,,0.9
NM,Albuquerque Journal,128401,1900,SCHOOL BOARD,,BERNALILLO COUNTY,NM,"HUBBELL, FRANK A.",Republican,1,,,,SCHOOL SUPERINTENDENT.,0.9
NM,Albuquerque Journal,128401,1900,SHERIFF,,BERNALILLO COUNTY,NM,"HUBBELL, FRANK A.",Republican,1,,,,,0.7
NM,Albuquerque Journal,128401,1900,STATE REP,,BERNALILLO COUNTY,NM,"BOWIE, ALEX",Republican,1,,,,REPRESENTATIVE FOR BERNALILLO AND MCKINLEY COUNTIES.,0.9
NM,Albuquerque Journal,128401,1900,STATE REP,,BERNALILLO COUNTY,NM,"CHAVEZ, VENCESLAO",Republican,1,,,,,0.9
NM,Albuquerque Journal,128401,1900,STATE REP,,VALENCIA COUNTY,NM,"DALIES, CARL A.",Republican,1,,,,VALENCIA COUNTY REPUBLICAN TICKET.,0.9
NM,Albuquerque Journal,128401,1900,STATE REP,,BERNALILLO COUNTY,NM,"GUTIERREZ, EMILIANO L.",Republican,1,,,,,0.9
NM,Albuquerque Journal,128401,1900,STATE REP,,VALENCIA COUNTY,NM,"SANCHEZ, MARTIN",Republican,1,,,,VALENCIA COUNTY REPUBLICAN TICKET.,0.9
NM,Albuquerque Journal,128401,1900,STATE SENATOR,,VALENCIA COUNTY,NM,"CHAVEZ, J. FRANCISCO",Republican,1,,,,VALENCIA COUNTY REPUBLICAN TICKET; TERRITORIAL COUNCIL.,0.9
NM,Albuquerque Journal,128401,1900,STATE SENATOR,,BERNALILLO COUNTY,NM,"HARRISON, G. W.",Republican,1,,,,TERRITORIAL COUNCIL FOR BERNALILLO AND MCKINLEY COUNTIES (DR.).,0.9
NM,Albuquerque Journal,128401,1900,STATE SENATOR,,BERNALILLO COUNTY,NM,"HUGHES, THOMAS",Republican,1,,,,TERRITORIAL COUNCIL.,0.9
NM,Albuquerque Journal,128401,1900,STRAIGHT TICKET,,BERNALILLO COUNTY,NM,STRAIGHT TICKET,Republican,1,,,,REPUBLICAN TICKET PRINTED IN PAPER AS THE ENDORSED SLATE FOR BERNALILLO COUNTY (NM TERRITORY); NATIONAL REPUBLICAN TICKET + REPUBLICAN COUNTY TICKETS (BERNALILLO + VALENCIA).,0.85
NM,Albuquerque Journal,128401,1900,SURVEYOR,,BERNALILLO COUNTY,NM,"FARWELL, J. R.",Republican,1,,,,,0.9
NM,Albuquerque Journal,128401,1900,VICE PRESIDENT,,,NM,"ROOSEVELT, THEODORE",Republican,1,,,,OF NEW YORK.,0.9
NM,Albuquerque Journal,128401,1902,STRAIGHT TICKET,,BERNALILLO COUNTY,NM,STRAIGHT TICKET,Republican,1,,,,REPUBLICAN TICKET PRINTED IN PAPER AS THE ENDORSED SLATE FOR BERNALILLO COUNTY (NM TERRITORY); REPUBLICAN BERNALILLO COUNTY TICKET. CLIPPING SCAN HEAVILY DEGRADED; INDIVIDUAL CANDIDATES NOT RELIABLY EXTRACTABLE.,0.85
NM,Albuquerque Journal,128401,1906,ASSESSOR,,BERNALILLO COUNTY,NM,"GRUNSFELD, SIEGFRIED",Democrat,1,,,,,0.9
NM,Albuquerque Journal,128401,1906,CNTY CLERK,,BERNALILLO COUNTY,NM,"WALKER, ARTHUR E.",Democrat,1,,,,PROBATE CLERK.,0.9
NM,Albuquerque Journal,128401,1906,CNTY COMM,,BERNALILLO COUNTY,NM,"ARMIJO, POLICARPIO",Democrat,1,,,,,0.9
NM,Albuquerque Journal,128401,1906,CNTY COMM,,BERNALILLO COUNTY,NM,"SPRINGER, MANUEL R.",Democrat,1,,,,,0.9
NM,Albuquerque Journal,128401,1906,CNTY TREASURER,,BERNALILLO COUNTY,NM,"BEAVEN, JOHN S.",Democrat,1,,,,TREASURER AND COLLECTOR.,0.9
NM,Albuquerque Journal,128401,1906,DELEGATE,,BERNALILLO COUNTY,NM,"CHAVES, FREDERICO",Democrat,1,,,,DELEGATE TO CONSTITUTIONAL CONVENTION.,0.9
NM,Albuquerque Journal,128401,1906,DELEGATE,,BERNALILLO COUNTY,NM,"CLANCY, FRANK W.",Democrat,1,,,,DELEGATE TO CONSTITUTIONAL CONVENTION.,0.9
NM,Albuquerque Journal,128401,1906,DELEGATE,,BERNALILLO COUNTY,NM,"DURAN, TOMAS",Democrat,1,,,,DELEGATE TO CONSTITUTIONAL CONVENTION.,0.9
NM,Albuquerque Journal,128401,1906,DELEGATE,,BERNALILLO COUNTY,NM,"KLOCK, GEORGE S.",Democrat,1,,,,DELEGATE TO CONSTITUTIONAL CONVENTION.,0.9
NM,Albuquerque Journal,128401,1906,DELEGATE,,BERNALILLO COUNTY,NM,"STOVER, E. S.",Democrat,1,,,,DELEGATE TO CONSTITUTIONAL CONVENTION (NM TERRITORY).,0.9
NM,Albuquerque Journal,128401,1906,JUDGE,,BERNALILLO COUNTY,NM,"ROMERO, JESUS",Democrat,1,,,,PROBATE JUDGE.,0.9
NM,Albuquerque Journal,128401,1906,SCHOOL BOARD,,BERNALILLO COUNTY,NM,"STROUP, ANDREW B.",Democrat,1,,,,SCHOOL SUPERINTENDENT.,0.9
NM,Albuquerque Journal,128401,1906,SHERIFF,,BERNALILLO COUNTY,NM,"ARMIJO, PERFECTO",Democrat,1,,,,,0.9
NM,Albuquerque Journal,128401,1906,STATE REP,,BERNALILLO COUNTY,NM,"LUCERO Y MONTOYA, FRANCISCO",Democrat,1,,,,,0.9
NM,Albuquerque Journal,128401,1906,STATE REP,,BERNALILLO COUNTY,NM,"RUPPE, BERNARD",Democrat,1,,,,,0.9
NM,Albuquerque Journal,128401,1906,STATE SENATOR,,BERNALILLO COUNTY,NM,"SULZER, JOSEPH F.",Democrat,1,,,,TERRITORIAL COUNCIL.,0.85
NM,Albuquerque Journal,128401,1906,STRAIGHT TICKET,,BERNALILLO COUNTY,NM,STRAIGHT TICKET,Democrat,1,,,,DEMOCRAT TICKET PRINTED IN PAPER AS THE ENDORSED SLATE FOR BERNALILLO COUNTY (NM TERRITORY); THE PEOPLE'S TICKET — DEMOCRATIC FUSION; BERNALILLO COUNTY.,0.85
NM,Albuquerque Journal,128401,1906,SURVEYOR,,BERNALILLO COUNTY,NM,"ROSS, PITT",Democrat,1,,,,,0.9
NM,Albuquerque Journal,128401,1908,ASSESSOR,,BERNALILLO COUNTY,NM,"SUMMERS, M. R.",Republican,1,,,,ASSESSOR; YOUNG BUSINESSMAN OF ALBUQUERQUE.,0.9
NM,Albuquerque Journal,128401,1908,CNTY CLERK,,BERNALILLO COUNTY,NM,"WALKER, ARTHUR E.",Republican,1,,1,,PROBATE CLERK; INCUMBENT.,0.9
NM,Albuquerque Journal,128401,1908,CNTY COMM,,BERNALILLO COUNTY,NM,"GRUNSFELD, ALFRED",Republican,1,,1,,INCUMBENT (CHAIRMAN OF COUNTY COMMISSION); SEEKING REELECTION.,0.9
NM,Albuquerque Journal,128401,1908,CNTY COMM,,BERNALILLO COUNTY,NM,"SPRINGER, M. R.",Republican,1,,1,,INCUMBENT.,0.8
NM,Albuquerque Journal,128401,1908,CNTY TREASURER,,BERNALILLO COUNTY,NM,"PINNEY, EDWARD",Republican,1,,,,TREASURER; RAILROAD MAN.,0.9
NM,Albuquerque Journal,128401,1908,JUDGE,,BERNALILLO COUNTY,NM,"MORA, FILOMENO",Republican,1,,,,PROBATE JUDGE; FROM MOUNTAIN PRECINCTS.,0.9
NM,Albuquerque Journal,128401,1908,SCHOOL BOARD,,BERNALILLO COUNTY,NM,"STROUP, A. B.",Republican,1,,1,,COUNTY SCHOOL SUPERINTENDENT; INCUMBENT.,0.9
NM,Albuquerque Journal,128401,1908,SHERIFF,,BERNALILLO COUNTY,NM,"ROMERO, JESUS",Republican,1,,,,CURRENT PROBATE JUDGE RUNNING FOR SHERIFF; 'PIONEER OF THE MOVEMENT FOR GOOD GOVERNMENT IN THIS COUNTY'.,0.9
NM,Albuquerque Journal,128401,1908,STATE SENATOR,,BERNALILLO COUNTY,NM,HANLEY,Republican,1,,,,TERRITORIAL COUNCIL CANDIDATE; FAITHFUL CITY COUNCIL MEMBER. FIRST NAME NOT GIVEN.,0.7
NM,Albuquerque Journal,128401,1908,STRAIGHT TICKET,,BERNALILLO COUNTY,NM,STRAIGHT TICKET,Republican,1,,,,REPUBLICAN TICKET PRINTED IN PAPER AS THE ENDORSED SLATE FOR BERNALILLO COUNTY (NM TERRITORY); EDITORIAL ENDORSEMENT OF FULL REPUBLICAN COUNTY TICKET BERNALILLO COUNTY.,0.85
NM,Albuquerque Journal,128401,1908,SURVEYOR,,BERNALILLO COUNTY,NM,"OGLE, A. D.",Republican,1,,,,,0.9
NM,Albuquerque Journal,128401,1912,H,AT-LARGE,,NM,"FERGUSSON, H. B.",Democrat,1,,,,FIRST US REPRESENTATIVE FROM NM (POST-STATEHOOD); 'HONORABLE H. B. FERGUSSON... PEOPLE OF NEW MEXICO WILL SERVE THEIR INTERESTS BEST BY VOTING FOR' HIM.,0.9
NM,Albuquerque Journal,128401,1912,STRAIGHT TICKET,,BERNALILLO COUNTY,NM,STRAIGHT TICKET,Democrat,1,,,,DEMOCRAT TICKET PRINTED IN PAPER AS THE ENDORSED SLATE FOR BERNALILLO COUNTY (NM TERRITORY); EDITORIAL ENDORSING DEMOCRATIC TICKET FOR FIRST NM STATE ELECTION POST-STATEHOOD; CRITICIZES 'STANDPAT REPUBLICANS' AS 'GANG'-RUN PARTY.,0.85
NM,Albuquerque Journal,128401,1916,ASSESSOR,,BERNALILLO COUNTY,NM,"ROEHL, S. E.",Democrat,1,,,,,0.9
NM,Albuquerque Journal,128401,1916,ATTORNEY GENERAL,,CURRY COUNTY,NM,"PATTON, HARRY L.",Democrat,1,,,,,0.9
NM,Albuquerque Journal,128401,1916,AUDITOR,,SANTA FE COUNTY,NM,"OTERO, MIGUEL A.",Democrat,1,,,,,0.9
NM,Albuquerque Journal,128401,1916,CNTY CLERK,,BERNALILLO COUNTY,NM,"CHAVEZ, DENNIS",Democrat,1,,,,LATER LONG-SERVING US SENATOR FROM NM (1935-1962).,0.9
NM,Albuquerque Journal,128401,1916,CNTY COMM,,BERNALILLO COUNTY,NM,"BEAVEN, JOHN S.",Democrat,1,,,,,0.9
NM,Albuquerque Journal,128401,1916,CNTY COMM,,BERNALILLO COUNTY,NM,"GUTIERREZ, OFIMIANO",Democrat,1,,,,,0.9
NM,Albuquerque Journal,128401,1916,CNTY COMM,,BERNALILLO COUNTY,NM,"SANCHEZ, SEVERO",Democrat,1,,,,,0.9
NM,Albuquerque Journal,128401,1916,CNTY TREASURER,,BERNALILLO COUNTY,NM,"HARRIS, FRANK R.",Democrat,1,,,,,0.9
NM,Albuquerque Journal,128401,1916,DA/PROSECUTOR,,BERNALILLO-SANDOVAL-MCKINLEY,NM,"VIGIL, MANUEL U.",Democrat,1,,,,"DISTRICT ATTORNEY FOR BERNALILLO, SANDOVAL, MCKINLEY COUNTIES.",0.9
NM,Albuquerque Journal,128401,1916,GOVERNOR,,SAN MIGUEL COUNTY,NM,"DE BACA, E. C.",Democrat,1,,,,,0.9
NM,Albuquerque Journal,128401,1916,H,AT-LARGE,GRANT COUNTY,NM,"WALTON, W. B.",Democrat,1,,,,MEMBER OF CONGRESS.,0.9
NM,Albuquerque Journal,128401,1916,JUDGE,,BERNALILLO COUNTY,NM,"GARCIA Y SANCHEZ, J. A.",Democrat,1,,,,PROBATE JUDGE.,0.9
NM,Albuquerque Journal,128401,1916,LAND COMMISSIONER,,CHAVES COUNTY,NM,"DAVISON, GEORGE A.",Democrat,1,,,,COMMISSIONER OF PUBLIC LANDS.,0.9
NM,Albuquerque Journal,128401,1916,LT GOVERNOR,,LINCOLN COUNTY,NM,"MCDONALD, WM. C.",Democrat,1,,,,OUTGOING GOVERNOR (1912-1917) RUNNING FOR LT GOVERNOR ON SAME TICKET.,0.9
NM,Albuquerque Journal,128401,1916,PRESIDENTIAL ELECTOR,,VALENCIA COUNTY,NM,"CHAVES, JOSE G.",Democrat,1,,,,PRESIDENTIAL ELECTOR.,0.9
NM,Albuquerque Journal,128401,1916,PRESIDENTIAL ELECTOR,,RIO ARRIBA COUNTY,NM,"GARCIA, FELIX",Democrat,1,,,,PRESIDENTIAL ELECTOR.,0.9
NM,Albuquerque Journal,128401,1916,PRESIDENTIAL ELECTOR,,LUNA COUNTY,NM,"UPTON, JAMES N.",Democrat,1,,,,PRESIDENTIAL ELECTOR.,0.9
NM,Albuquerque Journal,128401,1916,RAILROAD COMMISSION,,SANDOVAL COUNTY,NM,"MONTOYA, BONIFACIO",Democrat,1,,,,CORPORATION COMMISSIONER.,0.9
NM,Albuquerque Journal,128401,1916,SEC OF STATE,,SAN MIGUEL COUNTY,NM,"LUCERO, ANTONIO",Democrat,1,,,,,0.9
NM,Albuquerque Journal,128401,1916,SENATOR,,SAN MIGUEL COUNTY,NM,"JONES, A. A.",Democrat,1,,,,US SENATOR.,0.9
NM,Albuquerque Journal,128401,1916,SHERIFF,,BERNALILLO COUNTY,NM,"GARCIA, RAFAEL",Democrat,1,,,,,0.9
NM,Albuquerque Journal,128401,1916,STATE REP,,BERNALILLO COUNTY,NM,"MALDONADO, JOSE D.",Democrat,1,,,,,0.9
NM,Albuquerque Journal,128401,1916,STATE REP,,BERNALILLO COUNTY,NM,"PASSMORE, T. J.",Democrat,1,,,,,0.9
NM,Albuquerque Journal,128401,1916,STATE REP,,BERNALILLO COUNTY,NM,"SEDILLO, MANUEL",Democrat,1,,,,,0.9
NM,Albuquerque Journal,128401,1916,STATE SENATOR,,BERNALILLO-SANDOVAL-SAN JUAN,NM,"BARTH, ISAAC",Democrat,1,,,,"SENATOR FROM DISTRICT COMPOSED OF BERNALILLO, SANDOVAL AND SAN JUAN COUNTIES.",0.9
NM,Albuquerque Journal,128401,1916,STATE SENATOR,,BERNALILLO COUNTY,NM,"ROMERO, ANDREAS",Democrat,1,,,,SENATOR FROM BERNALILLO COUNTY.,0.9
NM,Albuquerque Journal,128401,1916,STRAIGHT TICKET,,BERNALILLO COUNTY,NM,STRAIGHT TICKET,Democrat,1,,,,"DEMOCRAT TICKET PRINTED IN PAPER AS THE ENDORSED SLATE FOR BERNALILLO COUNTY (NM TERRITORY); DEMOCRATIC TICKET FOR NATIONAL, STATE, AND COUNTY OFFICES; ELECTION TUESDAY, NOV 7, 1916.",0.85
NM,Albuquerque Journal,128401,1916,SUPERINTENDENT,,SAN JUAN COUNTY,NM,"SWINNEY, J. L. C.",Democrat,1,,,,SUPT OF PUBLIC INSTRUCTION.,0.9
NM,Albuquerque Journal,128401,1916,SUPREME COURT,,BERNALILLO COUNTY,NM,"FIELD, NEILL B.",Democrat,1,,,,JUSTICE OF SUPREME COURT.,0.9
NM,Albuquerque Journal,128401,1916,SURVEYOR,,BERNALILLO COUNTY,NM,"ROSS, PITT",Democrat,1,,,,,0.9
NM,Albuquerque Journal,128401,1916,TREASURER,,RIO ARRIBA COUNTY,NM,"HALL, H. LEROY",Democrat,1,,,,,0.9
NM,Albuquerque Journal,128401,1920,GOVERNOR,,,NM,"MECHEM, MERRITT C.",Republican,1,,,,JUDGE MECHEM - REPUBLICAN GUBERNATORIAL CANDIDATE; PAPER REFERENCED HIM IN CONTEXT OF DEFENDING REPUBLICAN TICKET FROM EVENING PAPER ATTACKS.,0.8
NM,Albuquerque Journal,128401,1920,SENATOR,,,NM,"HANNA, RICHARD H.",Republican,1,,,,JUDGE HANNA - REPUBLICAN US SENATE CANDIDATE; PAPER DEFENDED HIM FROM EVENING PAPER'S 'PREJUDICE' CAMPAIGN. NOTE: HANNA LOST TO ANDRIEUS A. JONES (D).,0.85
NM,Albuquerque Journal,128401,1920,GOVERNOR,,,NM,HANNA,Democrat,1,,,,JUDGE HANNA NAMED IN POSITIVE CONTEXT; JOURNAL REPRESSED A SMEAR AGAINST HANNA: 'STATE DEMOCRATIC COMMITTEE DENOUNCED IT AS UNTRUE AND CARRIED THE FACT TO MOST CONSIDERATION.' EXPLICIT URGING TO 'SUPPORT... THE ENTIRE DEMOCRATIC TICKET.',0.85
NM,Albuquerque Journal,128401,1920,GOVERNOR,,,NM,MECHEM,Republican,0,,,,OPPONENT NAMED CRITICALLY: 'THROW MUD' AT 'JUDGE MECHEM'; JOURNAL DENIES SUPPORTING SMEAR AGAINST HANNA TO BENEFIT MECHEM.,0.85
NM,Albuquerque Journal,128401,1920,PRESIDENT,,,NM,"HARDING, WARREN G.",Republican,1,,,,A QUEER THEORY OF REPRESSION; 'WE URGE THE SUPPORT OF HARDING AND COOLIDGE AND THE ENTIRE DEMOCRATIC TICKET.' [JOURNAL OPPOSING SMEAR AGAINST HARDING.],0.95
NM,Albuquerque Journal,128401,1920,VICE PRESIDENT,,,NM,"COOLIDGE, CALVIN",Republican,1,,,,'WE URGE THE SUPPORT OF HARDING AND COOLIDGE AND THE ENTIRE DEMOCRATIC TICKET.',0.95
NM,Albuquerque Journal,128401,1924,SENATOR,,,NM,BURSUM,Republican,1,,,,SENATOR BURSUM (R) — 'A WORTHY LEADER'. PAPER PRAISES HIS 'FORCEFUL AND STRAIGHTFORWARD MANNER'.,0.9
NM,Albuquerque Journal,128401,1924,PRESIDENT,,,NM,"COOLIDGE, CALVIN",Republican,1,,1,,ELECTION 'CONCEDED'; PAPER URGES NM TO ALIGN WITH 'GREAT VICTORY'. INCUMBENT.,0.85
NM,Albuquerque Journal,128401,1924,SENATOR,,,NM,"BURSUM, HOLM O.",Republican,1,,,,"REPUBLICAN US SENATE CANDIDATE; PAPER URGED HIS ELECTION; 'CLEAN, DIGNIFIED CANVASS'.",0.9
NM,Albuquerque Journal,128401,1924,VICE PRESIDENT,,,NM,"DAWES, CHARLES G.",Republican,1,,,,ELECTION 'CONCEDED'.,0.85
NM,Albuquerque Journal,128401,1926,CNTY COMM,,BERNALILLO COUNTY,NM,"FRENCH, C. T.",Republican,1,,,,PAPER ENDORSES; 'DON'T ELECT CANDIDATES TO REFORM THEM; ELECT CANDIDATES ON THEIR PAST RECORD'.,0.95
NM,Albuquerque Journal,128401,1926,SHERIFF,,BERNALILLO COUNTY,NM,"HUBBELL, PHILIP",Republican,1,,,,ENDORSED OVER DEMOCRATIC OPPONENT; PROMISED TO CLOSE 'PETE CHAVEZ' GAMBLING RESORT'. PAPER OPPOSES INCUMBENT ZAMORA (D).,0.95
NM,Albuquerque Journal,128401,1926,SHERIFF,,BERNALILLO COUNTY,NM,ZAMORA,Democrat,0,1,,,INCUMBENT (D) — 'IF ZAMORA IS RE-ELECTED HE WILL BE MADE TO ENFORCE THE LAW. THAT PLEDGE WAS NOT KEPT'.,0.85
NM,Albuquerque Journal,128401,1928,SUPERINTENDENT,,,NM,"LUSK, GEORGIA L.",Democrat,1,,,,"MRS. GEORGIA L. LUSK - DEMOCRATIC CANDIDATE FOR SUPT OF PUBLIC INSTRUCTION; PAPER ENDORSES BASED ON HER QUALIFICATIONS, REGARDLESS OF PARTISAN VIEWS.",0.95
NM,Albuquerque Journal,128401,1928,SENATOR,,,NM,CUTTING,Republican,1,,1,,CUTTING'S CLEAN CAMPAIGN; 'SENATOR CUTTING HAS CONDUCTED AN HONEST AND CLEAN CAMPAIGN... SENATOR CUTTING'S ELECTION WILL INSURE THAT NEW MEXICO WILL BE LOOKED AFTER IN THE SENATE BY A MAN WHO STANDS FOR THE THINGS THIS STATE WANTS.',0.95
NM,Albuquerque Journal,128401,1928,SENATOR,,,NM,VAUGHT,Democrat,0,,,,OPPONENT CRITICIZED: 'CONTRAST THIS WITH THE POSITION OF HIS OPPONENT WHO PROFESSES TO BE A DRY... YET MR. VAUGHT APPEARS FOR THE ELECTION OF SMITH. WHAT A HYPOCRITICAL POSITION.',0.9
NM,Albuquerque Journal,128401,1928,PRESIDENT,,,NM,"HOOVER, HERBERT",Republican,1,,,,REPUBLICAN PRESIDENTIAL CANDIDATE; 'A NEW TYPE OF PRESIDENT... ELECTION PROMISES CONTINUED PROGRESS AND PROSPERITY'.,0.95
NM,Albuquerque Journal,128401,1928,SEC OF STATE,,,NM,"FORTUNE, JENNIE",Democrat,1,1,,,MISS JENNIE FORTUNE - DEMOCRAT - SECRETARY OF STATE INCUMBENT SEEKING RE-ELECTION. 'OFFICE HAS BEEN EFFICIENTLY CONDUCTED'.,0.95
NM,Albuquerque Journal,128401,1928,TREASURER,,,NM,BINGHAM,Democrat,1,,,,PAPER NOTES BINGHAM CAN QUALIFY THE NECESSARY $1 MILLION BOND REQUIRED BY LAW; ALSO MENTIONS PRIOR FIASCO WHEN PREDECESSOR COULD NOT QUALIFY.,0.7
NM,Albuquerque Journal,128401,1930,AUDITOR,,,NM,"ULLIBARI, VICTOR",Republican,1,,1,,REPUBLICAN INCUMBENT STATE AUDITOR; ENDORSED FOR RE-ELECTION ON INDIVIDUAL MERITS.,0.9
NM,Albuquerque Journal,128401,1930,AUDITOR,,,NM,"ULLABARI, VICTOR",Republican,1,,1,,SPELLING VARIANT OF ULLIBARI; SEE 19301103.,0.85
NM,Albuquerque Journal,128401,1930,GOVERNOR,,,NM,BOTTS,Republican,0,,,,REPUBLICAN GUBERNATORIAL CANDIDATE; PAPER OPPOSES BECAUSE 'TO ELECT MR. BOTTS AND THUS SAVE THE APPOINTIVE POWER AND EXECUTIVE OFFICE FOR THE OLD GUARD REPUBLICANS'.,0.85
NM,Albuquerque Journal,128401,1930,GOVERNOR,,,NM,"SELIGMAN, ARTHUR",Democrat,1,,,,DEMOCRATIC NOMINEE FOR GOVERNOR. 'THE DEMOCRATS WOULD BE POWERLESS TO DO ANYTHING FOR THE STATE WITHOUT THE ELECTION OF MR. SELIGMAN'. PAPER OPPOSES R OPPONENT BOTTS.,0.95
NM,Albuquerque Journal,128401,1930,AUDITOR,,,NM,"ULIBARRI, VICTOR",Republican,1,,1,,'TWO CANDIDATES ON THE REPUBLICAN TICKET STAND OUT AS HAVING NOT BEEN UNDER THE CONTROL OF THE OLD GUARD. THEY ARE MRS. PERRAULT AND VICTOR ULLABARI.',0.9
NM,Albuquerque Journal,128401,1930,SEC OF STATE,,,NM,PERRAULT,Republican,1,,1,,'TWO CANDIDATES ON THE REPUBLICAN TICKET STAND OUT AS HAVING NOT BEEN UNDER THE CONTROL OF THE OLD GUARD. THEY ARE MRS. PERRAULT AND VICTOR ULLABARI AND THEY HAVE MADE RECORDS THAT SHOULD ENTITLE THEM TO RE-ELECTION.',0.9
NM,Albuquerque Journal,128401,1932,CNTY COMM,,BERNALILLO COUNTY,NM,"KELEHER, TOM",Democrat,1,1,,,"INCUMBENT CHAIRMAN OF COUNTY BOARD; ENDORSED FOR RE-ELECTION; 'EFFICIENT, BUSINESSLIKE AND ECONOMICAL ADMINISTRATION'.",0.95
NM,Albuquerque Journal,128401,1932,CNTY COMM,,BERNALILLO COUNTY,NM,"LE FEBER, CHARLES",Democrat,1,1,,,INCUMBENT; ENDORSED FOR RE-ELECTION.,0.95
NM,Albuquerque Journal,128401,1932,CNTY COMM,,BERNALILLO COUNTY,NM,"NAPOLEONE, NICK",Democrat,1,1,,,INCUMBENT; ENDORSED FOR RE-ELECTION.,0.95
NM,Albuquerque Journal,128401,1934,ASSESSOR,,BERNALILLO COUNTY,NM,"GUTIERREZ, OFIMIANO",Republican,1,,,,OCR TRUNCATED MID-NAME ('OFIMIANO GUTIER-'); LIKELY GUTIERREZ.,0.7
NM,Albuquerque Journal,128401,1934,CNTY CLERK,,BERNALILLO COUNTY,NM,"STANTON, MERCEDES",Republican,1,,,,MRS. MERCEDES STANTON - COUNTY CLERK; ENDORSED.,0.92
NM,Albuquerque Journal,128401,1934,CNTY COMM,,BERNALILLO COUNTY,NM,"APODACA, WILLIAM",Republican,1,,,,ENDORSED FOR COUNTY COMMISSION; NEW CANDIDATE.,0.9
NM,Albuquerque Journal,128401,1934,CNTY TREASURER,,BERNALILLO COUNTY,NM,"JONES, JAY",Republican,1,,,,TREASURER; ENDORSED.,0.92
NM,Albuquerque Journal,128401,1934,SCHOOL BOARD,,BERNALILLO COUNTY,NM,"EASTERDAY, MARGARET",Republican,1,,,,COUNTY SCHOOL SUPERINTENDENT; ENDORSED.,0.92
NM,Albuquerque Journal,128401,1934,SHERIFF,,BERNALILLO COUNTY,NM,"HUBBELL, PHILIP",Republican,1,,,,PREVIOUS SHERIFF WITH RECORD OF LAW ENFORCEMENT IN PROHIBITION ERA. ENDORSED OVER ROSS SALAZAR (D).,0.95
NM,Albuquerque Journal,128401,1934,STRAIGHT TICKET,,BERNALILLO COUNTY,NM,STRAIGHT TICKET,Republican,1,,,,"EDITORIAL ENDORSING THE REPUBLICAN COUNTY TICKET AS A WHOLE; 'THE REPUBLICAN COUNTY TICKET, CANDIDATE FOR CANDIDATE, WE BELIEVE AVERAGES MUCH STRONGER THAN THE DEMOCRATIC TICKET'.",0.92
NM,Albuquerque Journal,128401,1934,CNTY COMM,,BERNALILLO COUNTY,NM,"CAMPBELL, ROY",Republican,1,,,,"'ROY CAMPBELL AND C. T. FRENCH, THE REPUBLICAN NOMINEES, HAVE MADE A SUCCESS OF THEIR OWN BUSINESSES AND HAVE HAD PREVIOUS EXPERIENCE.'",0.95
NM,Albuquerque Journal,128401,1934,CNTY COMM,,BERNALILLO COUNTY,NM,"FRENCH, C. T.",Republican,1,,,,"'ROY CAMPBELL AND C. T. FRENCH, THE REPUBLICAN NOMINEES, HAVE MADE A SUCCESS OF THEIR OWN BUSINESSES.'",0.95
NM,Albuquerque Journal,128401,1934,SHERIFF,,BERNALILLO COUNTY,NM,"SALAZAR, ROSS",Democrat,0,,,,OPPONENT CRITICIZED: 'HIS OPPONENT IN THIS CAMPAIGN [WAS] DEPUTY SHERIFF IN A PREVIOUS [ADMINISTRATION]; ROSS SALAZAR'S ACTIONS BROUGHT DOWN CENSURE ON THE [SHERIFF'S] OFFICE... SALAZAR IS NOT TEMPERAMENTLY FITTED.',0.9
NM,Albuquerque Journal,128401,1934,STATE REP,,BERNALILLO COUNTY,NM,ROGERS,Republican,1,,,,"REPUBLICAN HOUSE OF REPRESENTATIVES SLATE; 'ROGERS, YOUNG ATTORNEY, MRS. GEORGE RUOFF, [WOMAN'S] CLUB AND CIVIC LEADER, AND ORLANDO [WHO] FOUGHT THE SALES TAX IN THE LAST SESSION.'",0.8
NM,Albuquerque Journal,128401,1934,STATE REP,,BERNALILLO COUNTY,NM,"RUOFF, MRS. GEORGE",Republican,1,,,,"'MRS. GEORGE RUOFF, [WOMAN'S] CLUB AND CIVIC LEADER.'",0.9
NM,Albuquerque Journal,128401,1934,SUPERINTENDENT,,BERNALILLO COUNTY SCHOOLS,NM,"EASTERDAY, MARGARET",Republican,1,,,,REPUBLICAN COUNTY CANDIDATES; 'MARGARET EASTERDAY FOR COUNTY SCHOOL [SUPERINTENDENT].',0.9
NM,Albuquerque Journal,128401,1934,SURVEYOR,,BERNALILLO COUNTY,NM,"GALLEGOS, OFIMIANO",Republican,1,,,,'OFIMIANO [GALLEGOS] FOR SURVEYOR.',0.85
NM,Albuquerque Journal,128401,1934,ASSESSOR,,BERNALILLO COUNTY,NM,"CHACON, THEODORE JR.",Republican,1,,,,REPUBLICAN CANDIDATE; FORMER BANK EMPLOYEE NOW WITH CONSERVANCY DISTRICT; 'FROM TWO OF THE PIONEER FAMILIES OF THE STATE'; FULLY QUALIFIED.,0.95
NM,Albuquerque Journal,128401,1936,DA/PROSECUTOR,,BERNALILLO COUNTY,NM,"WAGGONER, HAROLD O.",Republican,1,,,,REPUBLICAN; FORMER ASSISTANT DA; 'FULLY CAPABLE AND WOULD MAKE AN HONEST AND EFFICIENT DISTRICT ATTORNEY'.,0.95
NM,Albuquerque Journal,128401,1936,SENATOR,,,NM,"CHAVEZ, DENNIS",Democrat,0,1,,,INCUMBENT D SENATOR; PAPER CRITICIZES AS 'PROUD TO BE A RUBBER STAMP IN CONGRESS FOR THE ROOSEVELT ADMINISTRATION'.,0.9
NM,Albuquerque Journal,128401,1936,SENATOR,,,NM,"OTERO, MIGUEL A.",Republican,1,,,,MIGUEL A. OTERO 'EASY CHOICE'; PAPER OPPOSES INCUMBENT D SEN. DENNIS CHAVEZ AS 'RUBBER STAMP' FOR ROOSEVELT ADMIN.,0.85
NM,Albuquerque Journal,128401,1936,SENATOR,,,NM,CHAVEZ,Democrat,0,1,,,CRITICIZED: 'SENATOR CHAVEZ KEEPS REITERATING THAT HE IS PROUD TO BE A 'RUBBER STAMP' IN CONGRESS FOR THE ROOSEVELT ADMINISTRATION. THAT IS ABOUT ALL THE CLAIM HE HAS MADE TO ELECTION TO AN OFFICE TO WHICH HE WAS APPOINTED.',0.92
NM,Albuquerque Journal,128401,1936,SENATOR,,,NM,"OTERO, M. A. JR.",Republican,1,,,,"OTERO AN EASY CHOICE; 'JUDGE M. A. OTERO JR., HAS EXHIBITED THIS QUALITY IN SERVING THE PEOPLE AS STATE AUDITOR, ATTORNEY GENERAL AND ON THE DISTRICT COURT BENCH.'",0.97
NM,Albuquerque Journal,128401,1936,GOVERNOR,,,NM,"MILLER, JAFFA",Republican,0,,,,REPUBLICAN GUBERNATORIAL CANDIDATE; FAILED 2 YEARS AGO. PAPER CRITICIZES HIM IN 1936 FOR REVERSING TAX POSITIONS.,0.7
NM,Albuquerque Journal,128401,1936,GOVERNOR,,,NM,"TINGLEY, CLYDE",Democrat,,1,,,INCUMBENT D GOVERNOR SEEKING RE-ELECTION; PAPER NOTES CHANGED ISSUES SINCE 1934. DIRECTION OF ENDORSEMENT NOT FULLY CLEAR FROM CAPTURED OCR.,0.6
NM,Albuquerque Journal,128401,1936,LAND COMMISSIONER,,,NM,"KENT, H.",Republican,1,,,,"DR. H. KENT, FOR STATE LAND COMMISSIONER; PAPER URGES ELECTION REGARDLESS OF PARTISAN CONSIDERATIONS.",0.8
NM,Albuquerque Journal,128401,1936,LAND COMMISSIONER,,,NM,KENT,,1,,,,"'JUSTICE KENT, FOR STATE LAND COMMISSIONER... SHOULD BE ELECTED REGARDLESS OF PARTISAN CONSIDERATIONS.'",0.85
NM,Albuquerque Journal,128401,1936,SUPREME COURT,,,NM,"WATSON, JOHN C.",,1,,,,"'JOHN C. WATSON, FOR SUPREME COURT JUSTICE... SHOULD BE ELECTED REGARDLESS OF PARTISAN CONSIDERATIONS.'",0.95
NM,Albuquerque Journal,128401,1938,GOVERNOR,,,NM,"MITCHELL, ALBERT K.",Republican,1,,,,"FORGET PARTY LINES; 'ALBERT K. MITCHELL, REPUBLICAN CANDIDATE FOR GOVERNOR, SHOULD BE ELECTED BY INDEPENDENT VOTING; THAT HE IS FREE OF ANY POLITICAL CROWD, IS CONSCIENTIOUS, HAS THE ABILITY AND BUSINESS TRAINING TO MAKE THE STATE THE BEST EXECUTIVE.'",0.97
NM,Albuquerque Journal,128401,1938,H,,AT-LARGE,NM,"DEMPSEY, J. J.",Democrat,1,1,,,'REP. J. J. DEMPSEY FOR RE-ELECTION ON HIS RECORD OF ACCOMPLISHMENTS FOR NEW MEXICO... THE JOURNAL STILL BELIEVES THAT MR. DEMPSEY WILL MAKE THE BETTER SERVANT IN CONGRESS.',0.97
NM,Albuquerque Journal,128401,1940,GOVERNOR,,,NM,"MIERA, MAURICE",Republican,1,,,,REPUBLICAN GUBERNATORIAL CANDIDATE; 'INTELLIGENT AND CONSTRUCTIVE CAMPAIGN'; SPOKE WITH SINCERITY; PROGRAM EMPHASIZES BUSINESS PRINCIPLES IN GOVERNMENT.,0.95
NM,Albuquerque Journal,128401,1940,LT GOVERNOR,,LAS VEGAS,NM,"QUINTANA, CEFERINO",Democrat,0,,,,DEMOCRATIC LT GOVERNOR NOMINEE; 'POLITICAL BOSS OF SAN MIGUEL COUNTY AND THE PRODUCT OF MACHINE POLITICS'; 'OPENLY DECLARED HIS OPPOSITION TO THE PRIMARY LAW AND TO THE HATCH ACT'.,0.95
NM,Albuquerque Journal,128401,1940,LT GOVERNOR,,,NM,"BOTTS, ROBERT",Republican,1,,,,"'THE SAFER COURSE WOULD BE TO ELECT ROBERT BOTTS, REPUBLICAN NOMINEE, BETTER QUALIFIED FOR BOTH LIEUTENANT GOVERNOR AND PRESIDENT PRO-TEM OF THE SENATE.'",0.97
NM,Albuquerque Journal,128401,1940,SENATOR,,,NM,"CHAVEZ, DENNIS",Democrat,0,1,,,"INCUMBENT (APPOINTED, THEN ELECTED FOR UNEXPIRED TERM); SEEKING FIRST FULL TERM. PAPER URGES ANALYSIS NOT PARTISANSHIP - IMPLIED OPPOSITION VIA ENDORSEMENT OF MITCHELL.",0.85
NM,Albuquerque Journal,128401,1940,SENATOR,,,NM,"MITCHELL, ALBERT K.",Republican,1,,,,"REPUBLICAN US SENATE CANDIDATE; 'LIFE-LONG RESIDENT OF NEW MEXICO, A SUCCESSFUL BUSINESS MAN, WHO HAS ACHIEVED NATIONAL PROMINENCE IN THE LIVESTOCK INDUSTRY'. CHALLENGER TO INCUMBENT D SEN DENNIS CHAVEZ.",0.92
NM,Albuquerque Journal,128401,1940,GOVERNOR,,,NM,"MILES, JOHN E.",Democrat,0,1,,,INCUMBENT D GOVERNOR; PAPER CRITICIZES ADMINISTRATION VIA MIERA'S 10-POINT INDICTMENT.,0.85
NM,Albuquerque Journal,128401,1940,GOVERNOR,,,NM,MIERA,,1,,,,'MR. MIERA IS A DIFFERENT TYPE OF MAN. HE'S NOT VACILLATING. HE PROMISES AND A DEFINITE PROGRAM FOR IMPROVEMENT OF STATE GOVERNMENT.' CONTRASTED WITH UNNAMED INCUMBENT GOVERNOR.,0.85
NM,Albuquerque Journal,128401,1942,GOVERNOR,,,NM,"DEMPSEY, J. J.",Democrat,1,,,,FORMER CONGRESSMAN J. J. DEMPSEY (D) - 'BEST QUALIFIED BY HIS RECORD AS A PUBLIC SERVANT' FOR GOVERNOR. PAPER ALSO RECOMMENDS INDEPENDENT VOTING ACROSS PARTY LINES THIS WAR-ERA ELECTION.,0.92
NM,Albuquerque Journal,128401,1944,GOVERNOR,,,NM,"DEMPSEY, J. J.",Democrat,0,1,,,INCUMBENT D GOVERNOR; PAPER OPPOSES (REVERSING ITS 1942 ENDORSEMENT). HEADLINE: 'WHY DEMPSEY SHOULD BE DEFEATED'. CRITICIZED AS 'BROOKLYNITE'.,0.92
NM,Albuquerque Journal,128401,1944,GOVERNOR,,,NM,"GUNDERSON, CARROLL G.",Republican,1,,,,REPUBLICAN GUBERNATORIAL CHALLENGER; PAPER ENDORSES OVER DEMPSEY.,0.92
NM,Albuquerque Journal,128401,1948,PRESIDENT,,,NM,"DEWEY, THOMAS E.",Republican,1,,,,GIVE DEWEY THE CONTROL — REPUBLICAN PRESIDENTIAL TICKET. PAPER ENDORSES DEWEY-WARREN.,0.95
NM,Albuquerque Journal,128401,1948,VICE PRESIDENT,,,NM,"WARREN, EARL",Republican,1,,,,DEWEY-WARREN REPUBLICAN VP TICKET.,0.95
NM,Albuquerque Journal,128401,1950,GOVERNOR,,,NM,"MECHEM, EDWIN L.",Republican,1,,,,ED MECHEM (R) FOR GOVERNOR; PLEDGES TO PLACE STATE INSURANCE BUSINESS ON COMPETITIVE BIDDING BASIS. PAPER OPPOSES OPPONENT MILES.,0.95
NM,Albuquerque Journal,128401,1950,GOVERNOR,,,NM,"MECHEM, ED",Republican,1,,,,"STATE INSURANCE; 'ED MECHEM THE REPUBLICAN GUBERNATORIAL CANDIDATE, PLEDGES THAT, AS GOVERNOR, HE WOULD PLACE ALL STATE INSURANCE BUSINESS STRICTLY ON A BIDDING BASIS.' CRITIQUES OPPONENT MILES.",0.95
NM,Albuquerque Journal,128401,1950,GOVERNOR,,,NM,"MILES, JOHN E.",Democrat,0,,,,CRITICIZED FOR DOING NOTHING DURING HIS 4 YEARS AS GOVERNOR TO PUT STATE INSURANCE ON BIDDING BASIS; 'WE CAN EXPECT NO RELIEF FROM THE STATE'S BIG INSURANCE BILL FROM MR. MILES.',0.95
NM,Albuquerque Journal,128401,1950,GOVERNOR,,,NM,"MECHEM, EDWIN",Republican,1,,,,"A FIGHTING CHANCE; 'REPUBLICAN CANDIDATE EDWIN MECHEM HAS WAGED A HARD CAMPAIGN, POINTING OUT THE FAILURES OF THE DEMOCRATIC ADMINISTRATIONS, AND MAKING SPECIFIC PLEDGES OF REFORMS.'",0.97
NM,Albuquerque Journal,128401,1952,GOVERNOR,,,NM,"GRANTHAM, EVERETT",Democrat,0,,,,FORMER US DA; D NOMINEE; 'CASE HAS NOT BEEN PRESENTED' AGAINST INCUMBENT MECHEM.,0.85
NM,Albuquerque Journal,128401,1952,GOVERNOR,,,NM,"MECHEM, EDWIN L.",Republican,1,,1,,STATE PRESS COMMENT EDITORIAL — INCUMBENT MECHEM; 'CASE [TO REPLACE HIM] HAS NOT BEEN PRESENTED' BY OPPONENT GRANTHAM. DEFENDS CLEAN-UP OF STATEHOUSE.,0.92
NM,Albuquerque Journal,128401,1952,SHERIFF,,BERNALILLO COUNTY,NM,"HUBBELL, HAROLD",Republican,1,,,,"REPUBLICAN; 'HONEST AND FEARLESS ENFORCEMENT OF THE LAWS'. WON SHERIFF'S OFFICE 1944, RE-ELECTED 1946; SERVED IN 200TH COAST ARTILLERY (PHILIPPINES, WW II).",0.95
NM,Albuquerque Journal,128401,1952,JUDGE,,BERNALILLO COUNTY,NM,"MURPHY, JOHN D.",Democrat,0,,,,DEMOCRATIC OPPONENT.,0.85
NM,Albuquerque Journal,128401,1952,JUDGE,,BERNALILLO COUNTY,NM,"ROGERS, WALDO",Republican,1,,,,REPUBLICAN JUDICIAL CANDIDATE; ENDORSED BY 101 LAWYERS OF BERNALILLO COUNTY (R AND D); 'HIGHEST EXAMPLE OF ETHICS AND FAIRNESS'. PAPER SUPPORTS OVER OPPONENT JOHN D. MURPHY (D).,0.95
NM,Albuquerque Journal,128401,1952,PRESIDENT,,,NM,"EISENHOWER, DWIGHT D.",Republican,1,,,,"'EISENHOWER CAN LEAD WAY'. PAPER ENDORSES; KEY ISSUES INCLUDE KOREA, CORRUPTION, INFLATION, COMMUNIST INFILTRATION, HIGH TAXES.",0.95
NM,Albuquerque Journal,128401,1952,PRESIDENT,,,NM,"STEVENSON, ADLAI",Democrat,0,,,,DEMOCRATIC NOMINEE; OVERSHADOWED BY TRUMAN ATTACKS ON IKE; 'JEKYLL AND HYDE PERFORMANCE'.,0.88
NM,Albuquerque Journal,128401,1952,PRESIDENT,,,NM,EISENHOWER,Republican,1,,,,"'GENERAL EISENHOWER... THE BEST BET IN THIS TRYING HOUR.' 'IT IS FORTUNATE THAT A MAN OF GENERAL EISENHOWER'S CALIBRE, INTEGRITY, HONESTY AND EXPERIENCE IN WORLD AFFAIRS, COMES ALONG TO TAKE THE REINS.' OVERHAULING CAN COME ONLY WITH A REPUBLICAN VICTORY.",0.97
NM,Albuquerque Journal,128401,1952,PRESIDENT,,,NM,STEVENSON,Democrat,0,,,,CRITICIZED: 'IT HAS FORCED MR. STEVENSON TO PUT ON A SORT OF JEKYLL AND HYDE PERFORMANCE.',0.9
NM,Albuquerque Journal,128401,1954,SUPREME COURT,,,NM,"SEYMOUR, AUGUSTUS T.",Republican,1,,,,"STATE PRESS COMMENT — STATE SUPREME COURT JUSTICE; APPOINTED 1953 (TO FILL VACANCY); 'GIVEN STATE'S HIGHEST COURT A NEW LOOK AND A NEW PERSPECTIVE'. ALBUQUERQUE LAWYER, AGE 47.",0.95
NM,Albuquerque Journal,128401,1954,CNTY COMM,,BERNALILLO COUNTY,NM,GOLIGHTLY,Republican,1,,,,'RE-ELECT COUNTY BOARD' EDITORIAL; PRESENT REPUBLICAN BOARD. FIRST NAME PARTIAL FROM OCR.,0.7
NM,Albuquerque Journal,128401,1954,SENATOR,,,NM,"MECHEM, EDWIN L.",Republican,1,,,,THE HERALD ENDORSEMENT REPRINTED IN JOURNAL — MECHEM (R) FOR US SENATE; 4 YEARS AS GOVERNOR; ASKS DEMOCRATIC VOTES TO ADD TO REPUBLICAN CONGRESSIONAL CONTROL.,0.92
NM,Albuquerque Journal,128401,1954,SENATOR,,,NM,"MECHEM, ED",Republican,1,,,,"REPRINTED FROM HOT SPRINGS HERALD: SUPPORTS MECHEM; 'STAND BY ED MECHEM, REPUBLICAN CANDIDATE FOR THE U.S. SENATE... NEW MEXICO NEEDS ED MECHEM.'",0.97
NM,Albuquerque Journal,128401,1956,PRESIDENT,,,NM,"EISENHOWER, DWIGHT D.",Republican,1,,1,,WHY WE'RE FOR EISENHOWER — INCUMBENT; 'A LONG PERIOD OF STABILITY AND A BETTER CHANCE TO MAINTAIN THE PEACE'.,0.95
NM,Albuquerque Journal,128401,1956,PRESIDENT,,,NM,"STEVENSON, ADLAI",Democrat,0,,,,DEMOCRATIC NOMINEE; CRITICIZED FOR ATTACK ON IKE'S FOREIGN POLICY.,0.85
NM,Albuquerque Journal,128401,1956,VICE PRESIDENT,,,NM,"NIXON, RICHARD M.",Republican,1,,1,,VICE-PRESIDENTIAL CANDIDATES EDITORIAL — DEFENDS NIXON; FIRST VP TO ACTUALLY WORK AT JOB; HOUSE AND SENATE EXPERIENCE; UNCOVERED ALGER HISS CASE.,0.92
NM,Albuquerque Journal,128401,1956,VICE PRESIDENT,,,NM,NIXON,Republican,1,,1,,VICE PRESIDENT CANDIDATES; DEFENSE OF VICE-PRESIDENT NIXON; CRITICIZES DEMOCRATIC ATTACKS AS 'ANTAGONISTS HAVE NEVER CEASED EFFORTS TO TARNISH HIM POLITICALLY.',0.85
NM,Albuquerque Journal,128401,1956,GOVERNOR,,,NM,"MECHEM, EDWIN L.",Republican,1,,,,MECHEM FOR GOVERNOR; PAPER OPPOSES INCUMBENT GOV. JOHN SIMMS (D) BASED ON BIG TRUCK LEGISLATION CONTROVERSY.,0.95
NM,Albuquerque Journal,128401,1956,GOVERNOR,,,NM,"SIMMS, JOHN",Democrat,0,1,,,INCUMBENT D GOVERNOR; CRITICIZED FOR BIG TRUCK LEGISLATION (PASSED WHILE GOV WAS STOCKHOLDER IN MAJOR TRUCK LINE) AND HIGHWAY DAMAGE.,0.92
NM,Albuquerque Journal,128401,1956,GOVERNOR,,,NM,"MECHEM, ED",Republican,1,,,,"REPRINTED FROM ROSWELL DAILY RECORD: 'ED MECHEM, REPUBLICAN CANDIDATE FOR GOVERNOR... BEST QUALIFIED TO LEAD... THE GOVERNOR FOR THE NEXT TWO YEARS.'",0.95
NM,Albuquerque Journal,128401,1956,PRESIDENT,,,NM,EISENHOWER,Republican,1,,1,,REPRINTED FROM ROSWELL DAILY RECORD: 'PRESIDENT EISENHOWER AND ED MECHEM ARE BEST QUALIFIED TO LEAD THE NATION AND STATE RESPECTIVELY.',0.95
NM,Albuquerque Journal,128401,1958,GOVERNOR,,,NM,"BURROUGHS, JOHN",Democrat,0,,,,OPPONENT CRITICIZED: 'JOHN BURROUGHS? WHO ARE HIS BACKERS? WHERE DO THE TREMENDOUS AMOUNTS OF MONEY COME FROM... IS HE A MACHINE CANDIDATE? WHAT DO NEW MEXICO VOTERS REALLY KNOW ABOUT JOHN BURROUGHS' QUALIFICATIONS?',0.95
NM,Albuquerque Journal,128401,1958,GOVERNOR,,,NM,"MECHEM, EDWIN L.",Republican,1,1,,,"REPRINTED FROM ROSWELL DAILY RECORD: MECHEM FOR GOVERNOR; 'EDWIN L. MECHEM, INCUMBENT WHO IS SERVING HIS THIRD TERM AS GOVERNOR... THIS NEWSPAPER BELIEVES THAT ED MECHEM SHOULD BE ELECTED TO A FOURTH TERM.'",0.97
NM,Albuquerque Journal,128401,1960,CNTY COMM,1,BERNALILLO COUNTY,NM,"ARMIJO, MANUEL",Democrat,0,1,,,INCUMBENT D; PAPER OPPOSES.,0.85
NM,Albuquerque Journal,128401,1960,CNTY COMM,2,BERNALILLO COUNTY,NM,"CORNELIUS, GERALD",Democrat,0,,,,DEMOCRATIC OPPONENT; SERVED ONE TERM IN LEGISLATURE.,0.8
NM,Albuquerque Journal,128401,1960,CNTY COMM,1,BERNALILLO COUNTY,NM,"KINNEY, HARRY E.",Republican,1,,,,ENDORSED OVER INCUMBENT MANUEL ARMIJO (D); 'SERVED PREVIOUSLY AS COMMISSIONER AND HAD A GOOD RECORD'.,0.95
NM,Albuquerque Journal,128401,1960,CNTY COMM,2,BERNALILLO COUNTY,NM,"LEGGETTE, REGINALD E.",Republican,1,,,,"ENDORSED OVER GERALD CORNELIUS (D); 'BUSINESS MAN, FORMER PRESIDENT OF THE DUKES BASEBALL TEAM'.",0.95
NM,Albuquerque Journal,128401,1960,PRESIDENT,,,NM,"KENNEDY, JOHN F.",Democrat,0,,,,OPPOSED; CRITICIZED FOR 'BIG SPENDING AND GOVERNMENT CONTROL'; 'EXPERIMENTAL MEASURES WHOLLY OUT OF LINE WITH... PRIVATE ENTERPRISE AND INITIATIVE'.,0.88
NM,Albuquerque Journal,128401,1960,PRESIDENT,,,NM,"NIXON, RICHARD M.",Republican,1,,,,NIXON IS SAFEST — VICE PRESIDENT NIXON OFFERS 'THE SAFEST COURSE FOR THE UNITED STATES'.,0.95
NM,Albuquerque Journal,128401,1960,GOVERNOR,,,NM,"BURROUGHS, JOHN",Democrat,0,1,,,INCUMBENT D GOVERNOR (1959-1961); PAPER CRITICIZES 'MEDIOCRE' RECORD.,0.85
NM,Albuquerque Journal,128401,1960,GOVERNOR,,,NM,"MECHEM, EDWIN L.",Republican,1,,,,"NEED TO RETURN MECHEM — 'GOOD, SOUND ECONOMICAL GOVERNMENT VS. EXTRAVAGANT, POLITICAL GOVERNMENT'. PREVIOUSLY 1950, 1952, 1956.",0.95
NM,Albuquerque Journal,128401,1962,JUDGE,,2ND JUDICIAL DISTRICT (BERNALILLO/SANDOVAL/VALENCIA),NM,"LARRAZOLO, PAUL",Republican,1,,,,REPUBLICAN; APPOINTED 14 MONTHS AGO; SEEKING FULL 6-YEAR TERM. 'BY FAR THE BETTER QUALIFIED... CHOICE OF MOST ATTORNEYS IN THE DISTRICT'.,0.95
NM,Albuquerque Journal,128401,1962,JUDGE,,,NM,"MARTINEZ, JOE",Democrat,0,,,,DEMOCRATIC OPPONENT.,0.85
NM,Albuquerque Journal,128401,1962,H,,,NM,"MONTOYA, JOSEPH M.",Democrat,0,1,,,INCUMBENT US REP; PAPER OPPOSES BASED ON 'FEDERAL FISCAL RESPONSIBILITY' CONCERNS.,0.9
NM,Albuquerque Journal,128401,1962,H,,,NM,"REDMAN, JACK",Republican,1,,,,DR. JACK REDMAN; OPPOSED INCUMBENT REP. JOE MONTOYA (D). 'VERY ACTIVE AND INFORMATIVE CAMPAIGN'.,0.92
NM,Albuquerque Journal,128401,1964,STATE REP,6,,NM,"LUCERO, ANTHONY A.",Democrat,,,,,"UNOPPOSED DEMOCRAT (NOT EXPLICITLY ENDORSED, JUST NOTED).",0.7
NM,Albuquerque Journal,128401,1964,STATE REP,2,,NM,"DURAN, PETER G.",Republican,1,,,,ENDORSED OVER BEN HERNANDEZ (D).,0.92
NM,Albuquerque Journal,128401,1964,STATE REP,8,,NM,"ECKERT, JOHN B.",Republican,1,,,,ENDORSED OVER DAN MARTINEZ (D).,0.92
NM,Albuquerque Journal,128401,1964,STATE REP,9,,NM,"MATHER, RICHARD F.",Republican,1,,,,ENDORSED OVER OSCAR T. DAVISON (D).,0.92
NM,Albuquerque Journal,128401,1964,STATE REP,5,,NM,"PORTER, FERN",Republican,1,,,,ENDORSED OVER MICHAEL ALARID (D).,0.92
NM,Albuquerque Journal,128401,1964,SHERIFF,,BERNALILLO COUNTY,NM,"HAY, MRS. LESTER",Republican,0,,,,WIFE OF INCUMBENT SHERIFF; PAPER OBJECTS TO NEPOTISM.,0.88
NM,Albuquerque Journal,128401,1964,SHERIFF,,BERNALILLO COUNTY,NM,"WILSON, JOE B.",Democrat,1,,,,"ENDORSED FOR SHERIFF; 23-YEAR VETERAN OF CITY POLICE FORCE (LIEUTENANT). OPPOSED MRS. LESTER HAY (R), WIFE OF INCUMBENT — PAPER OBJECTS TO 'SUBTERFUGE AND NEPOTISM'.",0.95
NM,Albuquerque Journal,128401,1964,CNTY COMM,,BERNALILLO COUNTY,NM,"BRUNACINI, VINCENT",Democrat,1,,,,ENDORSED FOR COUNTY COMMISSION; ALBUQUERQUE LONG-TIME RESIDENT IN CONSTRUCTION AND REAL ESTATE.,0.92
NM,Albuquerque Journal,128401,1964,DIRECTOR,,ALBUQUERQUE METROPOLITAN FLOOD CONTROL AUTHORITY,NM,"SWINBURNE, BERNARD H.",,1,,,1,ONLY INCUMBENT SEEKING RE-ELECTION TO AMAFCA BOARD; 'EXPERIENCE BADLY NEEDED'.,0.92
NM,Albuquerque Journal,128401,1964,H,,,NM,"REDMAN, JACK",Republican,1,,,,REITERATING 1962 ENDORSEMENT (CONTINUED FROM PRIOR EDITORIAL).,0.85
NM,Albuquerque Journal,128401,1964,FLOOD CONTROL BOARD,,,NM,"SWEINRUM, BERNARD H.",,1,,,,FLOOD CONTROL ELECTION. ONLY INCUMBENT ON ALBUQUERQUE METROPOLITAN FLOOD CONTROL AUTHORITY BOARD; JOURNAL ENDORSES.,0.6
NM,Albuquerque Journal,128401,1964,H,2,,NM,"REDMAN, JACK",Republican,1,,,,"LET'S ELECT REDMAN. YOUNG, WELL-LETTERED MAN; REPUBLICAN CANDIDATE FOR POSITION 2; SINCERITY AND BROAD GRASP OF NATIONAL ISSUES.",0.9
NM,Albuquerque Journal,128401,1964,SENATOR,,,NM,"MECHEM, EDWIN L.",Republican,1,,,,MECHEM NEEDED. NEW MEXICO AND NATION NEED REPUBLICAN MECHEM IN U.S. SENATE; MILITANT VOICE AGAINST INCREASED FEDERAL SPENDING; ACTIVE MINORITY MEMBERSHIP IN VIGOROUS MINORITY VITAL TO TWO-PARTY SYSTEM.,0.95
NM,Albuquerque Journal,128401,1966,GOVERNOR,,,NM,"LUSK, GENE",Democrat,1,,,,ENDORSED OVER REPUBLICAN DAVE CARGO; 'BEST PROSPECT FOR STABILITY IN GOVERNMENT'.,0.95
NM,Albuquerque Journal,128401,1966,H,1,,NM,"COOK, SCHUBLE C.",Republican,0,,,,REPUBLICAN OPPONENT.,0.85
NM,Albuquerque Journal,128401,1966,SENATOR,,,NM,"ANDERSON, CLINTON P.",Democrat,1,1,,,INCUMBENT D US SENATOR; ENDORSED OVER REPUBLICAN ANDERSON CARTER.,0.95
NM,Albuquerque Journal,128401,1966,ASSESSOR,,,NM,"BEACH, GEORGE W.",Republican,1,,,,BERNALILLO COUNTY ASSESSOR.,0.95
NM,Albuquerque Journal,128401,1966,AUDITOR,,,NM,"THOMPSON, HAROLD G.",Republican,1,,,,FAVOR FOR STATE AUDITOR.,0.95
NM,Albuquerque Journal,128401,1966,CNTY CLERK,,,NM,"JARAMILLO, LUCY",Republican,1,,,,BERNALILLO COUNTY CLERK.,0.95
NM,Albuquerque Journal,128401,1966,CNTY COMM,2,,NM,"BALCOMB, EDWARD V.",Republican,1,,,,"BERNALILLO COUNTY COMMISSIONER, DISTRICT 2.",0.95
NM,Albuquerque Journal,128401,1966,CNTY COMM,3,,NM,"BRUNACINI, VINCENT A.",Democrat,1,,,,"BERNALILLO COUNTY COMMISSIONER, DISTRICT 3.",0.95
NM,Albuquerque Journal,128401,1966,CNTY COMM,1,,NM,"GOODMAN, GERALD",Democrat,1,,,,"BERNALILLO COUNTY COMMISSIONER, DISTRICT 1.",0.95
NM,Albuquerque Journal,128401,1966,CNTY TREASURER,,,NM,"DEVOTI, ROSEMARY",Democrat,1,,,,BERNALILLO COUNTY TREASURER.,0.95
NM,Albuquerque Journal,128401,1966,GOVERNOR,,,NM,"CARGO, DAVE",Republican,0,,,,JOURNAL OPPOSES; PREFERS LUSK FOR STABILITY.,0.9
NM,Albuquerque Journal,128401,1966,H,1,,NM,"MORRIS, THOMAS G.",Democrat,1,1,,,BACK INCUMBENT MORRIS OVER SCHUBLE C. COOK FOR POSITION 1.,0.95
NM,Albuquerque Journal,128401,1966,JUDGE,,,NM,"LARRAZOLO, PAUL F.",Republican,1,,1,,URGE RE-ELECTION OF DIST. JUDGE; ONLY ONE OF SECOND JUDICIAL DISTRICT'S SIX JUDGES BEING OPPOSED.,0.95
NM,Albuquerque Journal,128401,1966,LAND COMMISSIONER,,,NM,"HAYS, GUYTON B.",Democrat,1,1,,,DEMOCRATIC INCUMBENT FOR LAND COMMISSIONER; FAVORED.,0.95
NM,Albuquerque Journal,128401,1966,PROBATE JUDGE,,,NM,"MABRY, SCOTT H.",Democrat,1,,,,BERNALILLO PROBATE JUDGE.,0.95
NM,Albuquerque Journal,128401,1966,SENATOR,,,NM,"CARTER, ANDERSON",Republican,0,,,,JOURNAL OPPOSES; PREFERS INCUMBENT ANDERSON.,0.9
NM,Albuquerque Journal,128401,1966,SHERIFF,,,NM,"WILSON, JOE B.",Democrat,1,,,,BERNALILLO COUNTY SHERIFF.,0.95
NM,Albuquerque Journal,128401,1966,SMALL CLAIMS JUDGE,,,NM,"KJELLSTROM, NILS T.",Republican,1,,,,BERNALILLO SMALL CLAIMS JUDGE.,0.95
NM,Albuquerque Journal,128401,1966,STATE CORPORATION COMMISSIONER,,,NM,"KEEVAMA, PRESTON",Republican,1,,,,FAVOR FOR SIX-YEAR TERM ON STATE CORPORATION COMMISSION.,0.85
NM,Albuquerque Journal,128401,1966,TREASURER,,,NM,"SANCHEZ, J. CHRIS",Democrat,1,,,,FAVOR FOR STATE TREASURER.,0.95
NM,Albuquerque Journal,128401,1966,STATE REP,18,,NM,"ALBERTS, DON E.",Republican,1,,,,,0.92
NM,Albuquerque Journal,128401,1966,STATE REP,6,,NM,"AMADOR, EDWARD LEE",Republican,1,,,,,0.92
NM,Albuquerque Journal,128401,1966,STATE REP,2,,NM,"ARAGON, BENNIE J.",Democrat,1,,,,,0.92
NM,Albuquerque Journal,128401,1966,STATE REP,13,,NM,"COHEN, OLIVER B.",Democrat,1,,,,,0.92
NM,Albuquerque Journal,128401,1966,STATE REP,1,,NM,"EAVES, JOHN",Democrat,1,1,,,INCUMBENT.,0.92
NM,Albuquerque Journal,128401,1966,STATE REP,7,,NM,"EDWARDS, RICHARD BERRY",Democrat,1,,,,,0.92
NM,Albuquerque Journal,128401,1966,STATE REP,15,,NM,"GASE, GEORGE R. SR.",Republican,1,,,,,0.92
NM,Albuquerque Journal,128401,1966,STATE REP,5,,NM,"HOLLAND, THOMAS E.",Democrat,1,,,,,0.92
NM,Albuquerque Journal,128401,1966,STATE REP,17,,NM,"HOOVER, THOMAS W.",Republican,1,,1,,INCUMBENT.,0.92
NM,Albuquerque Journal,128401,1966,STATE REP,11,,NM,"HUERTA, RAYMON",Democrat,1,,,,,0.92
NM,Albuquerque Journal,128401,1966,STATE REP,4,,NM,"JACKSON, GEORGE F.",Republican,1,,,,,0.92
NM,Albuquerque Journal,128401,1966,STATE REP,14,,NM,"MATTSON, JOHN B.",Republican,1,,1,,INCUMBENT.,0.92
NM,Albuquerque Journal,128401,1966,STATE REP,9,,NM,"MAUNEY, VANCEY",Democrat,1,,,,,0.92
NM,Albuquerque Journal,128401,1966,STATE REP,16,,NM,"PEIRCE, EUGENE W.",Republican,1,,1,,INCUMBENT.,0.92
NM,Albuquerque Journal,128401,1966,STATE REP,12,,NM,"PRINCE, BRADFORD H.",Republican,1,,1,,INCUMBENT.,0.92
NM,Albuquerque Journal,128401,1966,STATE REP,10,,NM,"STEWARD, GRAHAM D.",Democrat,1,1,,,INCUMBENT.,0.92
NM,Albuquerque Journal,128401,1966,STATE REP,8,,NM,"WAKEFIELD, RALPH W.",Republican,1,,,,,0.92
NM,Albuquerque Journal,128401,1966,STATE REP,3,,NM,"WORMAN, VERNON H.",Republican,1,,,,,0.92
NM,Albuquerque Journal,128401,1966,STATE SENATOR,34,,NM,"ALARID, MICHAEL",Democrat,1,,,,,0.92
NM,Albuquerque Journal,128401,1966,STATE SENATOR,33,,NM,"DAVIS, OSWALD L.",Democrat,1,,,,,0.92
NM,Albuquerque Journal,128401,1966,STATE SENATOR,32,,NM,"GRIEGO, ELOY A.",Democrat,1,,,,,0.92
NM,Albuquerque Journal,128401,1966,STATE SENATOR,39,,NM,"KORAN, GEORGE T.",Republican,1,,,,,0.92
NM,Albuquerque Journal,128401,1966,STATE SENATOR,35,,NM,"MARTINEZ, GEORGE R.",Republican,1,,,,,0.92
NM,Albuquerque Journal,128401,1966,STATE SENATOR,36,,NM,"NATIONS, WALTER W.",Republican,1,,,,,0.92
NM,Albuquerque Journal,128401,1966,STATE SENATOR,37,,NM,"PANAGAKOS, ANTHONY",Republican,1,,,,,0.92
NM,Albuquerque Journal,128401,1968,SUPREME COURT,,,NM,"ARMIJO, ROBERTO L.",Republican,1,,,,WE ENDORSE ARMIJO — REPUBLICAN; FINISHING TERM ON NM COURT OF APPEALS (APPOINTED 1967). ENDORSED OVER PAUL TACKETT (D).,0.95
NM,Albuquerque Journal,128401,1968,SUPREME COURT,,,NM,"TACKETT, PAUL",Democrat,0,,,,JUDGE IN 2ND JUDICIAL DISTRICT SINCE 1955; PRIOR DA. PAPER 'DISTURBED' BY SOME OF HIS ACTIONS BEING 'TINGED WITH' (CUT OFF).,0.85
NM,Albuquerque Journal,128401,1968,COURT OF APPEALS,,,NM,"HENDLEY, WILLIAM R.",Democrat,1,,,,NM COURT OF APPEALS 2-YEAR TERM; SEEKING SEAT VACATED BY ARMIJO.,0.95
NM,Albuquerque Journal,128401,1968,COURT OF APPEALS,,,NM,"OMAN, LAFEL",Democrat,1,1,,,NM COURT OF APPEALS 6-YEAR TERM; INCUMBENT (APPOINTED 1966).,0.95
NM,Albuquerque Journal,128401,1968,COURT OF APPEALS,,,NM,"SPIESS, WALDO",Democrat,1,1,,,NM COURT OF APPEALS 8-YEAR TERM; INCUMBENT (APPOINTED 1966).,0.95
NM,Albuquerque Journal,128401,1968,COURT OF APPEALS,,,NM,"WOOD, JOE W.",Democrat,1,1,,,NM COURT OF APPEALS 4-YEAR TERM; INCUMBENT (APPOINTED 1966).,0.95
NM,Albuquerque Journal,128401,1968,DA/PROSECUTOR,,2ND JUDICIAL DISTRICT (BERNALILLO/VALENCIA/SANDOVAL),NM,"SCERESSE, ALEXANDER F.",Democrat,1,1,,,INCUMBENT D DA; TWO TERMS COMPLETED; 'GOOD DISTRICT ATTORNEY'. ENDORSED OVER WILLIAM C. BOWERS (R) WHO IS 'SHORT OF LEGAL EXPERIENCE'.,0.95
NM,Albuquerque Journal,128401,1968,STATE REP,1,,NM,"MURRAY, ROBERT",Republican,1,,,,ENDORSED OVER J. CLELL MILLER (D).,0.92
NM,Albuquerque Journal,128401,1968,GOVERNOR,,,NM,"CARGO, DAVID F.",Republican,0,,1,,HAD HIS CHANCE AND MUFFED IT; DOESN'T MERIT ANOTHER TERM.,0.95
NM,Albuquerque Journal,128401,1968,GOVERNOR,,,NM,"CHAVEZ, FABIAN",Democrat,1,,,,NM NEEDS CHANGE; URGE ELECTION OF CHAVEZ; CARGO HAD HIS CHANCE AND MUFFED IT.,0.95
NM,Albuquerque Journal,128401,1968,H,1,,NM,"MORRIS, THOMAS G.",Democrat,1,1,,,REITERATE ENDORSEMENT OF DEMOCRATIC INCUMBENT; SERVED EFFECTIVELY.,0.95
NM,Albuquerque Journal,128401,1968,H,2,,NM,"WALKER, E. S. JOHNNY",Democrat,1,1,,,REITERATE ENDORSEMENT OF DEMOCRATIC INCUMBENT; SERVED EFFECTIVELY.,0.95
NM,Albuquerque Journal,128401,1968,PRESIDENT,,,NM,"HUMPHREY, HUBERT H.",Democrat,0,,,,WEAKNESS OF CANDIDACY RESTS UPON DISCREDITED RECORD OF JOHNSON-HUMPHREY ADMINISTRATION; HASN'T UNIFIED PARTY.,0.95
NM,Albuquerque Journal,128401,1968,PRESIDENT,,,NM,"NIXON, RICHARD M.",Republican,1,,,,"OUR CHOICES REPEATED. NEEDS A CHANGE OF ADMINISTRATION; NIXON HAS DEMONSTRATED LEADERSHIP, MORE CONCERNED ABOUT FISCAL RESPONSIBILITY.",0.98
NM,Albuquerque Journal,128401,1968,PRESIDENT,,,NM,"WALLACE, GEORGE",American Independent,0,,,,THIRD-PARTY CANDIDATE EXPLOITING PEOPLE'S FRUSTRATIONS WITH EASY ANSWERS THAT OFFER NO SOLUTIONS.,0.9
NM,Albuquerque Journal,128401,1970,RAILROAD COMMISSION,,,NM,"CROSS, FLOYD",,1,,,,STATE CORPORATION COMMISSIONER.,0.9
NM,Albuquerque Journal,128401,1970,SUPREME COURT,,,NM,"SISK, DANIEL A.",Democrat,1,,,,STATE SUPREME COURT 8-YEAR TERM.,0.9
NM,Albuquerque Journal,128401,1970,TREASURER,,,NM,"HESS, LAWRENCE BLAINE",Democrat,1,,,,STATE TREASURER.,0.9
NM,Albuquerque Journal,128401,1970,ATTORNEY GENERAL,,,NM,"NORVELL, DAVID",Democrat,1,,,,FOR ATTORNEY GENERAL.,0.95
NM,Albuquerque Journal,128401,1970,GOVERNOR,,,NM,"DOMENICI, PETE",Republican,1,,,,REITERATING OUR SUPPORT. POSITIVE COURSE FOR FUTURE DEVELOPMENT; LAWYER WITH EXPERIENCE AND BALANCE; AGGRESSIVE AND WISE LEADERSHIP.,0.97
NM,Albuquerque Journal,128401,1970,H,2,,NM,"FOREMAN, ED",Republican,1,,1,,U.S. CONGRESS 2ND DISTRICT.,0.95
NM,Albuquerque Journal,128401,1970,H,1,,NM,"LUJAN, MANUEL JR.",Republican,1,,1,,U.S. CONGRESS 1ST DISTRICT.,0.95
NM,Albuquerque Journal,128401,1970,JUDGE,,"STATE SUPREME COURT, 8 YEARS",NM,"SISK, DANIEL A.",,1,,,,"STATE SUPREME COURT, 8-YEAR TERM.",0.9
NM,Albuquerque Journal,128401,1970,LAND COMMISSIONER,,,NM,"ARMIJO, ALEX",Democrat,1,,,,FOR STATE LAND COMMISSIONER.,0.95
NM,Albuquerque Journal,128401,1970,LT GOVERNOR,,,NM,"SKEEN, JOE",Republican,1,,,,RANCHER ON GOVERNOR-LIEUTENANT GOVERNOR TEAM WITH DOMENICI; OFFERS EXPERIENCE AND BALANCE.,0.97
NM,Albuquerque Journal,128401,1970,SENATOR,,,NM,"MONTOYA, JOSEPH M.",Democrat,1,1,,,REITERATES EARLIER ENDORSEMENT FOR U.S. SENATE.,0.95
NM,Albuquerque Journal,128401,1970,STATE CORPORATION COMMISSIONER,,,NM,"CROSS, FLOYD",,1,,,,FOR STATE CORPORATION COMMISSIONER.,0.9
NM,Albuquerque Journal,128401,1970,STATE REP,14,,NM,"ABEYTA, ALEX",,1,,,,,0.92
NM,Albuquerque Journal,128401,1970,STATE REP,2,,NM,"ARAGON, BENNIE",Democrat,1,,,,,0.92
NM,Albuquerque Journal,128401,1970,STATE REP,5,,NM,"CINELLI, EUGENE",,1,,,,,0.92
NM,Albuquerque Journal,128401,1970,STATE REP,7,,NM,"DAVIDSON, BETTY",,1,,,,,0.92
NM,Albuquerque Journal,128401,1970,STATE REP,8,,NM,"LYON, DANIEL",,1,,,,,0.92
NM,Albuquerque Journal,128401,1970,STATE REP,9,,NM,"MALRY, LENTON",,1,,,,,0.92
NM,Albuquerque Journal,128401,1970,STATE REP,13,,NM,"RADOSEVICH, JOHN",,1,,,,,0.92
NM,Albuquerque Journal,128401,1970,STATE REP,4,,NM,"ROYBAL, BEN",,1,,,,,0.92
NM,Albuquerque Journal,128401,1970,STATE REP,6,,NM,"SAAVEDRA, CARLOS",,1,,,,,0.92
NM,Albuquerque Journal,128401,1970,STATE REP,1,,NM,"SANCHEZ, RAYMOND",,1,,,,,0.92
NM,Albuquerque Journal,128401,1970,STATE REP,10,,NM,"THOMPSON, DONALD L.",,1,,,,,0.92
NM,Albuquerque Journal,128401,1970,STATE REP,11,,NM,"WARREN, WILLIAM",,1,,,,,0.92
NM,Albuquerque Journal,128401,1970,STATE SENATOR,41,,NM,"ATKINS, BILL",,1,,,,,0.92
NM,Albuquerque Journal,128401,1970,STATE SENATOR,40,,NM,"BARTLETT, FRANK",,1,,,,,0.92
NM,Albuquerque Journal,128401,1970,STATE SENATOR,35,,NM,"MILLER, MALCOLM",,1,,,,,0.92
NM,Albuquerque Journal,128401,1970,STATE SENATOR,37,,NM,"SHAFFER, GEORGE",,1,,,,,0.92
NM,Albuquerque Journal,128401,1970,STATE SENATOR,39,,NM,"TRICK, JOHN",,1,,,,,0.92
NM,Albuquerque Journal,128401,1970,STATE SENATOR,33,,NM,"WALDROOP, EDWARD J.",,1,,,,,0.92
NM,Albuquerque Journal,128401,1972,CNTY COMM,2,BERNALILLO COUNTY,NM,"MCCULLOCH, L. A. ""SKEET""",Republican,1,,,,,0.92
NM,Albuquerque Journal,128401,1972,CNTY COMM,1,BERNALILLO COUNTY,NM,"MORRIS, JAMES P. ""CORKY""",Republican,1,,,,,0.92
NM,Albuquerque Journal,128401,1972,COURT OF APPEALS,,,NM,"SUTIN, LEWIS R.",Democrat,1,,,,,0.92
NM,Albuquerque Journal,128401,1972,DIRECTOR,,ALBUQUERQUE METRO ARROYO FLOOD CONTROL AUTHORITY (AMAFCA),NM,"CLOUGH, RICHARD H.",,1,,,1,INCUMBENT.,0.92
NM,Albuquerque Journal,128401,1972,DIRECTOR,,ALBUQUERQUE METRO ARROYO FLOOD CONTROL AUTHORITY (AMAFCA),NM,"MCCOY, FRANCES M.",,1,,,1,INCUMBENT.,0.92
NM,Albuquerque Journal,128401,1972,DISTRICT COURT JUDGE,2-2,,NM,"BACA, JOSEPH F.",Democrat,1,1,,,INCUMBENT.,0.92
NM,Albuquerque Journal,128401,1972,DISTRICT COURT JUDGE,2-5,,NM,"FOWLIE, GERALD D.",Republican,1,,1,,INCUMBENT.,0.92
NM,Albuquerque Journal,128401,1972,DISTRICT COURT JUDGE,2-7,,NM,"MALONEY, JAMES A.",Democrat,1,1,,,INCUMBENT.,0.92
NM,Albuquerque Journal,128401,1972,DISTRICT COURT JUDGE,2-3,,NM,"RYAN, JOSEPH C.",Republican,1,,,,,0.92
NM,Albuquerque Journal,128401,1972,DISTRICT COURT JUDGE,2-1,,NM,"STOWERS, HARRY E. JR.",Democrat,1,1,,,INCUMBENT.,0.92
NM,Albuquerque Journal,128401,1972,DISTRICT COURT JUDGE,2-4,,NM,"WALTERS, MARY C.",Democrat,1,1,,,INCUMBENT.,0.92
NM,Albuquerque Journal,128401,1972,JUDGE,,PROBATE JUDGE BERNALILLO COUNTY,NM,"CHRISTENSEN, ROBERT L.",Republican,1,,,,,0.92
NM,Albuquerque Journal,128401,1972,JUDGE,,SMALL CLAIMS COURT BERNALILLO COUNTY,NM,"SPEER, JOHN B.",Democrat,1,,,,,0.92
NM,Albuquerque Journal,128401,1972,PRESIDENT,,,NM,"NIXON, RICHARD M.",Republican,1,,1,,INCUMBENT.,0.95
NM,Albuquerque Journal,128401,1972,RAILROAD COMMISSION,,,NM,"FERGUSON, COLUMBUS",Democrat,1,,,,STATE CORPORATION COMMISSION.,0.92
NM,Albuquerque Journal,128401,1972,STATE BOARD OF ED,3,,NM,"COMSTOCK, FREDERICK G.",Republican,1,,,,,0.92
NM,Albuquerque Journal,128401,1972,STATE BOARD OF ED,1,,NM,"GARCIA, SHEILA P.",Republican,1,,,,,0.92
NM,Albuquerque Journal,128401,1972,STATE BOARD OF ED,2,,NM,"PRENTICE, BONNIE G.",Democrat,1,,,,MRS. BONNIE G. PRENTICE.,0.92
NM,Albuquerque Journal,128401,1972,STATE REP,26,,NM,"GRANT, PHILLIP ""BOB""",Republican,1,,1,,INCUMBENT.,0.92
NM,Albuquerque Journal,128401,1972,STATE REP,30,,NM,"OCKSRIDER, CHARLES",Republican,1,,,,,0.92
NM,Albuquerque Journal,128401,1972,STATE REP,21,,NM,"WARREN, WILLIAM",Democrat,1,1,,,INCUMBENT.,0.92
NM,Albuquerque Journal,128401,1972,STATE SENATOR,15,,NM,"PEIRONNET, JAMES",Republican,1,,,,,0.92
NM,Albuquerque Journal,128401,1972,SUPREME COURT,POSITION 2,,NM,"MONTOYA, SAMUEL Z.",Democrat,1,,,,,0.92
NM,Albuquerque Journal,128401,1972,SUPREME COURT,POSITION 1,,NM,"TANSEY, CHARLES M.",Republican,1,,,,,0.92
NM,Albuquerque Journal,128401,1972,VICE PRESIDENT,,,NM,"AGNEW, SPIRO T.",Republican,1,,1,,INCUMBENT.,0.95
NM,Albuquerque Journal,128401,1972,ASSESSOR,,,NM,"WORMAN, VERNON H.",Republican,1,,,,BERNALILLO COUNTY ASSESSOR.,0.95
NM,Albuquerque Journal,128401,1972,CNTY CLERK,,,NM,"GONZALES, EMMA J.",Republican,1,,,,BERNALILLO COUNTY CLERK.,0.95
NM,Albuquerque Journal,128401,1972,CNTY COMM,3,,NM,"FERNANDEZ, JOE S.",Democrat,1,,,,BERNALILLO COUNTY COMMISSION DIST 3.,0.95
NM,Albuquerque Journal,128401,1972,CNTY COMM,2,,NM,"MCCULLOCH, L. A. SKEET",Republican,1,,,,BERNALILLO COUNTY COMMISSION DIST 2.,0.95
NM,Albuquerque Journal,128401,1972,CNTY COMM,1,,NM,"MORRIS, JAMES P. (CORKY)",Republican,1,,,,BERNALILLO COUNTY COMMISSION DIST 1.,0.95
NM,Albuquerque Journal,128401,1972,CNTY TREASURER,,,NM,"HUFFMAN, LEO F.",Republican,1,,,,BERNALILLO COUNTY TREASURER.,0.95
NM,Albuquerque Journal,128401,1972,DA/PROSECUTOR,,,NM,"BRANDENBURG, JAMES L.",Democrat,1,,,,DISTRICT ATTORNEY.,0.95
NM,Albuquerque Journal,128401,1972,FLOOD CONTROL BOARD,,,NM,"CLOUGH, RICHARD H.",,1,,,,FLOOD CONTROL BOARD INCUMBENT (VOTE FOR TWO).,0.9
NM,Albuquerque Journal,128401,1972,FLOOD CONTROL BOARD,,,NM,"MCCOY, FRANCES M.",,1,,,,FLOOD CONTROL BOARD INCUMBENT (VOTE FOR TWO).,0.9
NM,Albuquerque Journal,128401,1972,H,1,,NM,"GALLEGOS, EUGENE",Democrat,0,,,,JOURNAL PREFERS LUJAN.,0.85
NM,Albuquerque Journal,128401,1972,H,1,,NM,"LUJAN, MANUEL",Republican,1,,1,,REPUBLICAN INCUMBENT; SLIGHT EDGE OVER DEMOCRAT EUGENE GALLEGOS; OUR CHOICE FOR FIRST DISTRICT.,0.97
NM,Albuquerque Journal,128401,1972,H,2,,NM,"RUNNELS, HAROLD",Democrat,1,1,,,RECOMMENDED INCUMBENT DEMOCRAT FOR SECOND CONGRESSIONAL DISTRICT.,0.95
NM,Albuquerque Journal,128401,1972,JUDGE,,DISTRICT JUDGE DIVISION II,NM,"BACA, JOSEPH F.",Democrat,1,,,,DISTRICT JUDGE DIVISION II.,0.95
NM,Albuquerque Journal,128401,1972,JUDGE,,DISTRICT JUDGE DIVISION V,NM,"FOWLIE, GERALD D.",Republican,1,,,,DISTRICT JUDGE DIVISION V.,0.95
NM,Albuquerque Journal,128401,1972,JUDGE,,DISTRICT JUDGE DIVISION VII,NM,"MALONEY, JAMES A.",Democrat,1,,,,DISTRICT JUDGE DIVISION VII.,0.95
NM,Albuquerque Journal,128401,1972,JUDGE,,SUPREME COURT POSITION 2,NM,"MONTOYA, SAMUEL Z.",Democrat,1,,,,SUPREME COURT JUSTICE POSITION 2.,0.95
NM,Albuquerque Journal,128401,1972,JUDGE,,DISTRICT JUDGE DIVISION III,NM,"RYAN, JOSEPH C.",Republican,1,,,,DISTRICT JUDGE DIVISION III.,0.95
NM,Albuquerque Journal,128401,1972,JUDGE,,DISTRICT JUDGE DIVISION I,NM,"STOWERS, HARRY E. JR.",Democrat,1,,,,DISTRICT JUDGE DIVISION I.,0.95
NM,Albuquerque Journal,128401,1972,JUDGE,,COURT OF APPEALS,NM,"SUTIN, LEWIS R.",Democrat,1,,,,COURT OF APPEALS.,0.95
NM,Albuquerque Journal,128401,1972,JUDGE,,SUPREME COURT POSITION 1,NM,"TANSEY, CHARLES M.",Republican,1,,,,SUPREME COURT JUSTICE POSITION 1.,0.95
NM,Albuquerque Journal,128401,1972,JUDGE,,DISTRICT JUDGE DIVISION IV,NM,"WALTERS, MARY C.",Democrat,1,,,,DISTRICT JUDGE DIVISION IV.,0.95
NM,Albuquerque Journal,128401,1972,PRESIDENT,,,NM,"NIXON, RICHARD",Republican,1,,1,,CHOICES REPEATED. SUPPORT FOR REELECTION ANNOUNCED TWO WEEKS AGO.,0.97
NM,Albuquerque Journal,128401,1972,PROBATE JUDGE,,,NM,"CHRISTENSEN, ROBERT L.",Republican,1,,,,BERNALILLO PROBATE JUDGE.,0.95
NM,Albuquerque Journal,128401,1972,SENATOR,,,NM,"DANIELS, JACK",Democrat,0,,,,JOURNAL PREFERS DOMENICI THOUGH BOTH WOULD REPRESENT STATE WITH DIGNITY.,0.85
NM,Albuquerque Journal,128401,1972,SENATOR,,,NM,"DOMENICI, PETE",Republican,1,,,,SLIGHT EDGE IN QUALIFICATIONS OVER DEMOCRAT JACK DANIELS; CHOICE FOR U.S. SENATE.,0.97
NM,Albuquerque Journal,128401,1972,SHERIFF,,,NM,"HAY, LESTER W.",Republican,1,,,,BERNALILLO COUNTY SHERIFF.,0.95
NM,Albuquerque Journal,128401,1972,SMALL CLAIMS JUDGE,,,NM,"SPEER, JOHN B.",Democrat,1,,,,BERNALILLO SMALL CLAIMS COURT JUDGE.,0.95
NM,Albuquerque Journal,128401,1972,STATE BOARD OF EDUCATION,3,,NM,"COMSTOCK, FREDERICK G.",Republican,1,,,,STATE BOARD OF EDUCATION DIST 3.,0.9
NM,Albuquerque Journal,128401,1972,STATE BOARD OF EDUCATION,1,,NM,"GARCIA, SHEILA P.",Republican,1,,,,STATE BOARD OF EDUCATION DIST 1.,0.9
NM,Albuquerque Journal,128401,1972,STATE BOARD OF EDUCATION,2,,NM,"PRENTICE, BONNIE G.",Democrat,1,,,,STATE BOARD OF EDUCATION DIST 2.,0.9
NM,Albuquerque Journal,128401,1972,STATE CORPORATION COMMISSION,,,NM,"FERGUSON, COLUMBUS",Democrat,1,,,,STATE CORPORATION COMMISSION.,0.95
NM,Albuquerque Journal,128401,1972,STATE REP,13,,NM,"ARAGON, BENNIE",Democrat,1,1,,,STATE HOUSE DIST 13.,0.95
NM,Albuquerque Journal,128401,1972,STATE REP,23,,NM,"BRANCH, TURNER",Republican,,,,,NO ENDORSEMENT IN DIST 23 BETWEEN BRENNAN AND BRANCH.,0.9
NM,Albuquerque Journal,128401,1972,STATE REP,23,,NM,"BRENNAN, DONALD",Democrat,,,,,NO ENDORSEMENT IN DIST 23 BETWEEN BRENNAN AND BRANCH.,0.9
NM,Albuquerque Journal,128401,1972,STATE REP,28,,NM,"CAUDELL, JAMES",Republican,1,,1,,STATE HOUSE DIST 28.,0.95
NM,Albuquerque Journal,128401,1972,STATE REP,17,,NM,"CHAVEZ, FRED",Democrat,1,1,,,STATE HOUSE DIST 17.,0.95
NM,Albuquerque Journal,128401,1972,STATE REP,24,,NM,"CURRY, RONALD",Democrat,1,,,,STATE HOUSE DIST 24.,0.95
NM,Albuquerque Journal,128401,1972,STATE REP,25,,NM,"DOW, ARTHUR",Democrat,1,1,,,STATE HOUSE DIST 25.,0.95
NM,Albuquerque Journal,128401,1972,STATE REP,16,,NM,"GARCIA, HARRY",Democrat,1,,,,STATE HOUSE DIST 16.,0.95
NM,Albuquerque Journal,128401,1972,STATE REP,12,,NM,"GARCIA, RAYMOND",Democrat,1,1,,,STATE HOUSE DIST 12.,0.95
NM,Albuquerque Journal,128401,1972,STATE REP,26,,NM,"GRANT, PHILLIP (BOB)",Republican,1,,1,,STATE HOUSE DIST 26.,0.95
NM,Albuquerque Journal,128401,1972,STATE REP,31,,NM,"HILL, STUART C.",Republican,1,,,,STATE HOUSE DIST 31.,0.95
NM,Albuquerque Journal,128401,1972,STATE REP,20,,NM,"JORDAN, ROBERT",Republican,1,,,,STATE HOUSE DIST 20.,0.95
NM,Albuquerque Journal,128401,1972,STATE REP,18,,NM,"MALRY, LENTON",Democrat,1,1,,,STATE HOUSE DIST 18.,0.95
NM,Albuquerque Journal,128401,1972,STATE REP,29,,NM,"MCBRIDE, ABEL",Democrat,1,,,,STATE HOUSE DIST 29.,0.95
NM,Albuquerque Journal,128401,1972,STATE REP,11,,NM,"MESSEC, JAMES TONY",Republican,1,,,,STATE HOUSE DIST 11.,0.95
NM,Albuquerque Journal,128401,1972,STATE REP,19,,NM,"PETERSON, JOYCE",Republican,1,,,,STATE HOUSE DIST 19.,0.95
NM,Albuquerque Journal,128401,1972,STATE REP,22,,NM,"RADOSEVICH, JOHN",Democrat,1,,,,STATE HOUSE DIST 22.,0.95
NM,Albuquerque Journal,128401,1972,STATE REP,15,,NM,"SANCHEZ, RAYMOND",Democrat,1,1,,,STATE HOUSE DIST 15.,0.95
NM,Albuquerque Journal,128401,1972,STATE SENATOR,13,,NM,"ARAGON, GILBERT G.",Republican,1,,,,STATE SENATE DIST 13.,0.95
NM,Albuquerque Journal,128401,1972,STATE SENATOR,22,,NM,"BECHT, PAUL",Republican,1,,,,STATE SENATE DIST 22.,0.95
NM,Albuquerque Journal,128401,1972,STATE SENATOR,16,,NM,"DAVIDSON, ROBERT C.",Republican,,,,,NO ENDORSEMENT IN DIST 16 BETWEEN RUTHERFORD AND DAVIDSON.,0.9
NM,Albuquerque Journal,128401,1972,STATE SENATOR,10,,NM,"DOW, LEO",Republican,1,,1,,STATE SENATE DIST 10. INCUMBENT.,0.95
NM,Albuquerque Journal,128401,1972,STATE SENATOR,21,,NM,"GROSS, FRED",Republican,1,,1,,STATE SENATE DIST 21. INCUMBENT.,0.95
NM,Albuquerque Journal,128401,1972,STATE SENATOR,12,,NM,"HOLLAND, RICHARD",Republican,1,,,,STATE SENATE DIST 12.,0.95
NM,Albuquerque Journal,128401,1972,STATE SENATOR,19,,NM,"HOUSTON, LESLIE",Democrat,1,,,,STATE SENATE DIST 19.,0.95
NM,Albuquerque Journal,128401,1972,STATE SENATOR,9,,NM,"ROBINSON, CARLOS",Republican,1,,,,STATE SENATE DIST 9.,0.95
NM,Albuquerque Journal,128401,1972,STATE SENATOR,16,,NM,"RUTHERFORD, THOMAS",Democrat,,,,,NO ENDORSEMENT IN DIST 16 BETWEEN RUTHERFORD AND DAVIDSON.,0.9
NM,Albuquerque Journal,128401,1972,STATE SENATOR,18,,NM,"SEGO, WILLIAM A.",Republican,1,,1,,STATE SENATE DIST 18. INCUMBENT.,0.95
NM,Albuquerque Journal,128401,1974,GOVERNOR,,,NM,"SKEEN, JOSEPH",Republican,1,,,,OUR CHOICE: JOSEPH SKEEN — REPUBLICAN; STRONG COMMITMENT TO PUBLIC SERVICE; FORMER MINORITY LEADER IN STATE SENATE.,0.95
NM,Albuquerque Journal,128401,1974,ASSESSOR,,,NM,"ARMIJO, MANUEL",Democrat,1,,,,BERNALILLO COUNTY ASSESSOR.,0.9
NM,Albuquerque Journal,128401,1974,ATTORNEY GENERAL,,,NM,"REYNAL, STEPHEN",Republican,1,,,,ATTORNEY GENERAL.,0.7
NM,Albuquerque Journal,128401,1974,AUDITOR,,,NM,"HUMPHREY, LARRY M.",Republican,1,,,,STATE AUDITOR.,0.95
NM,Albuquerque Journal,128401,1974,CNTY CLERK,,,NM,"DAVIDSON, INEZ G.",Democrat,1,,,,BERNALILLO COUNTY CLERK.,0.85
NM,Albuquerque Journal,128401,1974,CNTY COMM,4,,NM,"BEDINGFIELD, JIM",Republican,1,,,,BERNALILLO COUNTY COMMISSION DIST 4 (BOTH CANDIDATES REGARDED AS EQUALLY WELL-QUALIFIED).,0.7
NM,Albuquerque Journal,128401,1974,CNTY COMM,1,,NM,"GARCIA, JULIAN R.",Democrat,1,,,,BERNALILLO COUNTY COMMISSION DIST 1.,0.85
NM,Albuquerque Journal,128401,1974,CNTY COMM,3,,NM,"HAWK, ROBERT M.",Democrat,1,,,,BERNALILLO COUNTY COMMISSION DIST 3.,0.75
NM,Albuquerque Journal,128401,1974,CNTY COMM,5,,NM,"KEITH, BEN C.",Democrat,1,,,,BERNALILLO COUNTY COMMISSION DIST 5.,0.75
NM,Albuquerque Journal,128401,1974,CNTY COMM,5,,NM,"MORRIS, JAMES (CORKY)",Republican,1,,1,,BERNALILLO COUNTY COMMISSION DIST 5.,0.65
NM,Albuquerque Journal,128401,1974,CNTY COMM,2,,NM,"SANCHEZ, JUYEN G.",Democrat,1,,,,BERNALILLO COUNTY COMMISSION DIST 2.,0.7
NM,Albuquerque Journal,128401,1974,CNTY TREASURER,,,NM,"REED, HENRY C.",Republican,1,,,,BERNALILLO COUNTY TREASURER.,0.85
NM,Albuquerque Journal,128401,1974,FLOOD CONTROL DIRECTOR,,,NM,"HEREFORD, WILLIAM H.",,1,,,,"DIRECTOR, ALBUQUERQUE METROPOLITAN ARROYOS FLOOD CONTROL AUTHORITY; INCUMBENT.",0.85
NM,Albuquerque Journal,128401,1974,GOVERNOR,,,NM,"APODACA, JERRY",Democrat,0,,,,QUESTIONS APODACA'S CONTINUED ASSOCIATION WITH PROMINENT DEMOCRATS WHO ADEPT AT MANEUVERING IN PUBLIC ARENA; INFLUENCE-PEDDLING CONCERNS.,0.9
NM,Albuquerque Journal,128401,1974,GOVERNOR,,,NM,"SKEEN, JOSEPH R.",Republican,1,,,,"OUR CHOICE: JOSEPH SKEEN. STRONG COMMITMENT TO PUBLIC SERVICE; PUBLIC POSTURE FIRM, HONEST AND SINCERE; BEST MAN TO GUIDE STATE GIVEN ECONOMIC UNCERTAINTY.",0.97
NM,Albuquerque Journal,128401,1974,H,1,,NM,"LUJAN, MANUEL JR.",Republican,1,,1,,U.S. HOUSE 1ST DISTRICT.,0.97
NM,Albuquerque Journal,128401,1974,H,2,,NM,"RUNNELS, HAROLD",Democrat,1,1,,,U.S. HOUSE 2ND DISTRICT.,0.97
NM,Albuquerque Journal,128401,1974,JUDGE,,2ND JUDICIAL DISTRICT JUDGE DIVISION 1,NM,"SANCHEZ, MARIO A.",Democrat,1,,,,SECOND JUDICIAL DISTRICT JUDGE DIVISION 1.,0.85
NM,Albuquerque Journal,128401,1974,JUDGE,,COURT OF APPEALS POSITION 1,NM,"SUTIN, LEWIS R.",Democrat,1,,,,STATE COURT OF APPEALS POSITION 1.,0.95
NM,Albuquerque Journal,128401,1974,LAND COMMISSIONER,,,NM,"LUCERO, PHIL R.",Democrat,1,,,,COMMISSIONER OF PUBLIC LANDS.,0.9
NM,Albuquerque Journal,128401,1974,LT GOVERNOR,,,NM,"RHODES, VIRGIL D.",Republican,1,,,,JOURNAL RECOMMENDATIONS. RUNNING MATE TO SKEEN.,0.95
NM,Albuquerque Journal,128401,1974,MAGISTRATE,,BERNALILLO COUNTY MAGISTRATE DIVISION FOUR,NM,"MENDEL, SAMUEL",Democrat,1,,,,BERNALILLO COUNTY MAGISTRATE DIVISION FOUR.,0.85
NM,Albuquerque Journal,128401,1974,PROBATE JUDGE,,,NM,"CHRISTENSEN, ROBERT L.",Republican,1,,,,BERNALILLO COUNTY PROBATE JUDGE.,0.95
NM,Albuquerque Journal,128401,1974,SEC OF STATE,,,NM,"EVANS, ERNESTINE D.",Democrat,1,,,,REGARDED AS EQUALLY WELL-QUALIFIED ALONG WITH MARY ANN GOMEZ.,0.85
NM,Albuquerque Journal,128401,1974,SEC OF STATE,,,NM,"GOMEZ, MARY ANN",Republican,1,,,,REGARDED AS EQUALLY WELL-QUALIFIED ALONG WITH ERNESTINE EVANS.,0.85
NM,Albuquerque Journal,128401,1974,STATE CORPORATION COMMISSIONER,,,NM,"RUDOLPH, CHARLES R.",Democrat,1,,,,STATE CORPORATION COMMISSIONER.,0.9
NM,Albuquerque Journal,128401,1974,STATE REP,17,,NM,"ANDERSON, ANDY",Republican,1,,,,STATE HOUSE DIST 17.,0.85
NM,Albuquerque Journal,128401,1974,STATE REP,20,,NM,"APPELMAN, RUBY V.",Republican,1,,,,STATE HOUSE DIST 20.,0.85
NM,Albuquerque Journal,128401,1974,STATE REP,27,,NM,"CATES, C. BRAD",Republican,1,,,,STATE HOUSE DIST 27.,0.85
NM,Albuquerque Journal,128401,1974,STATE REP,28,,NM,"CAUDELL, JAMES A.",Republican,1,,1,,STATE HOUSE DIST 28.,0.9
NM,Albuquerque Journal,128401,1974,STATE REP,25,,NM,"CHAPLIN, RONALD L.",Republican,1,,,,STATE HOUSE DIST 25.,0.8
NM,Albuquerque Journal,128401,1974,STATE REP,14,,NM,"CINELLI, ADELE P.",Democrat,1,,,,STATE HOUSE DIST 14.,0.85
NM,Albuquerque Journal,128401,1974,STATE REP,31,,NM,"HAGEN, MARY R.",Democrat,1,,,,STATE HOUSE DIST 31.,0.6
NM,Albuquerque Journal,128401,1974,STATE REP,21,,NM,"HORAN, THOMAS",Democrat,1,,,,STATE HOUSE DIST 21.,0.85
NM,Albuquerque Journal,128401,1974,STATE REP,19,,NM,"KEEN, C. THOMAS",Republican,1,,,,STATE HOUSE DIST 19.,0.85
NM,Albuquerque Journal,128401,1974,STATE REP,18,,NM,"LAGER, ERNIE",Democrat,1,,,,STATE HOUSE DIST 18.,0.7
NM,Albuquerque Journal,128401,1974,STATE REP,16,,NM,"LUCERO, CHRIS M.",Democrat,1,,,,STATE HOUSE DIST 16.,0.85
NM,Albuquerque Journal,128401,1974,STATE REP,13,,NM,"LYON, DANIEL",Democrat,1,,,,STATE HOUSE DIST 13.,0.85
NM,Albuquerque Journal,128401,1974,STATE REP,29,,NM,"MCBRIDE, ABEL",Democrat,1,1,,,STATE HOUSE DIST 29.,0.9
NM,Albuquerque Journal,128401,1974,STATE REP,24,,NM,"MERCER, JOSEPH B.",Republican,1,,,,STATE HOUSE DIST 24.,0.85
NM,Albuquerque Journal,128401,1974,STATE REP,23,,NM,"PENN, DENNIS B.",Republican,1,,,,STATE HOUSE DIST 23.,0.65
NM,Albuquerque Journal,128401,1974,STATE REP,11,,NM,"ROYBAL, VIRGINIA RAY",Democrat,1,,,,STATE HOUSE DIST 11.,0.7
NM,Albuquerque Journal,128401,1974,STATE REP,26,,NM,"RUSSELL, WILLIAM B.",Democrat,1,,,,STATE HOUSE DIST 26.,0.8
NM,Albuquerque Journal,128401,1974,STATE REP,15,,NM,"SANCHEZ, RAYMOND G.",Democrat,1,,,,STATE HOUSE DIST 15.,0.95
NM,Albuquerque Journal,128401,1974,STATE REP,,,NM,"SNYDER, GARRET (MRS.)",Democrat,1,,,,STATE HOUSE; DISTRICT NUMBER NOT CLEARLY LEGIBLE.,0.6
NM,Albuquerque Journal,128401,1974,STATE REP,22,,NM,"WILLIAM, DENNIS B.",Democrat,1,,,,STATE HOUSE DIST 22.,0.6
NM,Albuquerque Journal,128401,1974,STATE SENATOR,16,,NM,"ARAGON, MAXEY M.",Democrat,1,,,,STATE SENATE DIST 16.,0.7
NM,Albuquerque Journal,128401,1974,STATE SENATOR,27,,NM,"EARNSHAW, JOHN R.",Republican,1,,,,STATE SENATE DIST 27.,0.85
NM,Albuquerque Journal,128401,1974,STATE SENATOR,14,,NM,"ROBINSON, KAY",Democrat,1,,,,STATE SENATE DIST 14.,0.85
NM,Albuquerque Journal,128401,1974,TREASURER,,,NM,"GIBBS, JOHN L.",Republican,1,,,,STATE TREASURER.,0.9
NM,Albuquerque Journal,128401,1980,CNTY COMM,2,BERNALILLO COUNTY,NM,"VIGIL, ORLANDO",Democrat,1,,,,"ENDORSED FOR DISTRICT 2 (SOUTH VALLEY); RECORD WITH COUNTY PLANNING COMMISSION, APS AREA ADVISORY COUNCIL, ACTION INC.",0.95
NM,Albuquerque Journal,128401,1980,CNTY CLERK,,BERNALILLO COUNTY,NM,"CULP, TENNY",Democrat,1,1,,,EMPHASIS ON INCUMBENCY — INCUMBENT D. CONTINUITY ADVANTAGE FOR VOTING MACHINE OPERATIONS.,0.92
NM,Albuquerque Journal,128401,1980,DA/PROSECUTOR,,BERNALILLO COUNTY,NM,"SCHIFF, STEVE",Republican,1,,,,ENDORSED FOR DA.,0.95
NM,Albuquerque Journal,128401,1980,JUDGE,,BERNALILLO COUNTY DISTRICT COURT,NM,"CARMODY, JOHN",Democrat,1,1,,,ENDORSED FOR DISTRICT JUDGE.,0.92
NM,Albuquerque Journal,128401,1980,STATE SENATOR,17,,NM,"THOMPSON, DONALD L.",Democrat,1,1,,,INCUMBENT D STATE SENATE; RETIRED SCHOOL TEACHER. ENDORSED OVER LOIS R. HALL (R).,0.92
NM,Albuquerque Journal,128401,1980,STATE SENATOR,15,,NM,"LEWIS, THOMAS E.",Republican,1,,,,"REPUBLICAN; YOUNG, INTENSE INTEREST. ENDORSED OVER JOHN M. RADOSEVICH (D).",0.92
NM,Albuquerque Journal,128401,1980,STATE REP,17,,NM,BYERS,,1,,,,BYERS IN DISTRICT 17; PARTY/FIRST NAME UNCLEAR.,0.65
NM,Albuquerque Journal,128401,1980,STATE REP,14,,NM,OTERO,,1,,,,OTERO IN DISTRICT 14; PARTY/FIRST NAME UNCLEAR FROM DEGRADED OCR.,0.65
NM,Albuquerque Journal,128401,1980,STATE REP,25,,NM,"THOMPSON, JOHN LEE",Democrat,1,1,,,REELECTION RECOMMENDED.,0.92
NM,Albuquerque Journal,128401,1980,PRESIDENT,,,NM,"CARTER, JIMMY",Democrat,0,1,,,"INCUMBENT D PRESIDENT; PAPER CRITICIZES AS 'STRANGER IN A STRANGE LAND'; 'WEAK, VACILLATING LEADER'.",0.9
NM,Albuquerque Journal,128401,1980,PRESIDENT,,,NM,"REAGAN, RONALD",Republican,1,,,,REAGAN FOR PRESIDENT.,0.95
NM,Albuquerque Journal,128401,1982,ASSESSOR,,BERNALILLO COUNTY,NM,"SLATER, ARTHUR JR.",Republican,1,,,,,0.85
NM,Albuquerque Journal,128401,1982,ATTORNEY GENERAL,,,NM,"BARDACKE, PAUL",Democrat,1,,,,,0.85
NM,Albuquerque Journal,128401,1982,AUDITOR,,,NM,"EMMONS, JACK",,1,,,,,0.85
NM,Albuquerque Journal,128401,1982,CNTY CLERK,,BERNALILLO COUNTY,NM,"GONZALES, IRMA J.",Republican,1,,,,,0.85
NM,Albuquerque Journal,128401,1982,CNTY COMM,5,BERNALILLO COUNTY,NM,"COTTRELL, MARION",Democrat,1,,,,,0.85
NM,Albuquerque Journal,128401,1982,CNTY COMM,1,BERNALILLO COUNTY,NM,"DAVIS, JOHN E.",Republican,1,,,,,0.85
NM,Albuquerque Journal,128401,1982,CNTY TREASURER,,BERNALILLO COUNTY,NM,"LEWIS, JAMES B.",Democrat,1,,,,,0.92
NM,Albuquerque Journal,128401,1982,GOVERNOR,,,NM,"IRICK, JOHN",Republican,1,,,,,0.92
NM,Albuquerque Journal,128401,1982,H,3,,NM,"CHAMBERS, MARJORIE BELL",Republican,1,,,,,0.9
NM,Albuquerque Journal,128401,1982,H,1,,NM,"LUJAN, MANUEL JR.",Republican,1,,1,,INCUMBENT.,0.92
NM,Albuquerque Journal,128401,1982,H,2,,NM,"SKEEN, JOE",Republican,1,,1,,INCUMBENT.,0.92
NM,Albuquerque Journal,128401,1982,LAND COMMISSIONER,,,NM,"BACA, JIM",Democrat,1,,,,,0.92
NM,Albuquerque Journal,128401,1982,RAILROAD COMMISSION,,,NM,"HUGHES, HERB",Republican,1,,,,STATE CORPORATION COMMISSION SIX-YEAR TERM.,0.9
NM,Albuquerque Journal,128401,1982,RAILROAD COMMISSION,,,NM,"PAYNE, LORD",Republican,1,,,,STATE CORPORATION COMMISSION TWO-YEAR TERM.,0.85
NM,Albuquerque Journal,128401,1982,SEC OF STATE,,,NM,"WHEAT, FRAN",Republican,1,,,,,0.85
NM,Albuquerque Journal,128401,1982,SENATOR,,,NM,"SCHMITT, HARRISON ""JACK""",Republican,1,,1,,INCUMBENT US SENATOR.,0.92
NM,Albuquerque Journal,128401,1982,SUPREME COURT,,,NM,"STOWERS, HARRY",Democrat,1,,,,,0.85
NM,Albuquerque Journal,128401,1982,TREASURER,,,NM,"MCEUEN, WILLIAM",Republican,1,,,,,0.85
NM,Albuquerque Journal,128401,1984,DA/PROSECUTOR,,BERNALILLO COUNTY,NM,"SCHIFF, STEVE",Republican,1,,,,,0.95
NM,Albuquerque Journal,128401,1984,DISTRICT COURT JUDGE,2-15,BERNALILLO COUNTY,NM,"CARMODY, JOHN J. JR.",Democrat,1,,,,,0.92
NM,Albuquerque Journal,128401,1984,DISTRICT COURT JUDGE,2-9,BERNALILLO COUNTY,NM,"JONES, VERNON D.",Democrat,1,,,,,0.92
NM,Albuquerque Journal,128401,1984,DISTRICT COURT JUDGE,2-17,BERNALILLO COUNTY,NM,"KASS, ANNE M.",Democrat,1,,,,,0.92
NM,Albuquerque Journal,128401,1984,DISTRICT COURT JUDGE,2-3,BERNALILLO COUNTY,NM,"STEINMETZ, ANN M.",Democrat,1,,,,,0.92
NM,Albuquerque Journal,128401,1984,DISTRICT COURT JUDGE,2-16,BERNALILLO COUNTY,NM,"THOMPSON, ROBERT L.",Democrat,1,,,,,0.92
NM,Albuquerque Journal,128401,1984,H,3,,NM,"GALLEGOS, LOUIS H.",Republican,1,,,,,0.92
NM,Albuquerque Journal,128401,1984,H,1,,NM,"LUJAN, MANUEL JR.",Republican,1,,1,,INCUMBENT.,0.95
NM,Albuquerque Journal,128401,1984,H,2,,NM,"SKEEN, JOE",Republican,1,,1,,INCUMBENT.,0.95
NM,Albuquerque Journal,128401,1984,JUDGE,,METROPOLITAN COURT DIV 4,NM,"BLACKMER, JAMES F.",Democrat,1,,,,,0.92
NM,Albuquerque Journal,128401,1984,JUDGE,,METROPOLITAN COURT DIV 1,NM,"JONES, GEORGE P.",Republican,1,,,,,0.92
NM,Albuquerque Journal,128401,1984,PRESIDENT,,,NM,"REAGAN, RONALD",Republican,1,,1,,INCUMBENT.,0.95
NM,Albuquerque Journal,128401,1984,RAILROAD COMMISSION,,,NM,"SERNA, ERIC",Democrat,1,,,,STATE CORPORATION COMMISSION.,0.92
NM,Albuquerque Journal,128401,1984,SENATOR,,,NM,"DOMENICI, PETE",Republican,1,,1,,INCUMBENT.,0.95
NM,Albuquerque Journal,128401,1984,STATE BOARD OF ED,3,,NM,"COMSTOCK, FRED",Republican,1,,,,,0.92
NM,Albuquerque Journal,128401,1984,STATE BOARD OF ED,4,,NM,"MCMANN, DAVID",Republican,1,,,,,0.92
NM,Albuquerque Journal,128401,1984,STATE BOARD OF ED,2,,NM,"POGNA, MILLIE",Republican,1,,,,,0.92
NM,Albuquerque Journal,128401,1984,STATE REP,26,,NM,"CAMP, WILLIAM C.",Republican,1,,,,,0.92
NM,Albuquerque Journal,128401,1984,STATE REP,44,,NM,"EISENSTADT, PAULINE",Democrat,1,,,,,0.92
NM,Albuquerque Journal,128401,1984,STATE REP,21,,NM,"ELLEFSON, JOHN R.",Democrat,1,,,,,0.92
NM,Albuquerque Journal,128401,1984,STATE REP,50,,NM,"GENTRY, RON",Democrat,1,,,,,0.92
NM,Albuquerque Journal,128401,1984,STATE REP,24,,NM,"GROTBECK, KAY M.",Democrat,1,,,,,0.92
NM,Albuquerque Journal,128401,1984,STATE REP,19,,NM,"HAWK, ROBERT M.",Democrat,1,,,,,0.92
NM,Albuquerque Journal,128401,1984,STATE REP,31,,NM,"HILL, STUART C.",Republican,1,,,,,0.92
NM,Albuquerque Journal,128401,1984,STATE REP,22,,NM,"HOOD, NORMA D.",Republican,1,,,,,0.92
NM,Albuquerque Journal,128401,1984,STATE REP,17,,NM,"JUSTIZ, ROBIN READ",Republican,1,,,,,0.92
NM,Albuquerque Journal,128401,1984,STATE REP,20,,NM,"LAMBERT, MARTHA L.",Republican,1,,,,,0.92
NM,Albuquerque Journal,128401,1984,STATE REP,30,,NM,"MCMULLAN, JOHN J.",Republican,1,,,,,0.92
NM,Albuquerque Journal,128401,1984,STATE REP,18,,NM,"MCSORLEY, CISCO A.",Democrat,1,,,,,0.92
NM,Albuquerque Journal,128401,1984,STATE REP,25,,NM,"MINZNER, DICK",Democrat,1,,,,,0.92
NM,Albuquerque Journal,128401,1984,STATE REP,11,,NM,"NUNEZ, FELIX",Democrat,1,,,,,0.92
NM,Albuquerque Journal,128401,1984,STATE REP,15,,NM,"SANCHEZ, RAYMOND G.",Democrat,1,,,,,0.92
NM,Albuquerque Journal,128401,1984,STATE REP,23,,NM,"SILVA, DON",Republican,1,,,,,0.92
NM,Albuquerque Journal,128401,1984,STATE REP,28,,NM,"SIMMS, GARTH",Republican,1,,,,,0.92
NM,Albuquerque Journal,128401,1984,STATE REP,29,,NM,"STRATTON, HAL",Republican,1,,,,,0.92
NM,Albuquerque Journal,128401,1984,STATE REP,27,,NM,"TYTLER, LINDA J.",Republican,1,,,,,0.92
NM,Albuquerque Journal,128401,1984,STATE SENATOR,19,,NM,"ALWIN, JERRY LEE",Republican,1,,,,,0.92
NM,Albuquerque Journal,128401,1984,STATE SENATOR,9,,NM,"CHAVEZ, DENNIS C.",Democrat,1,,,,,0.92
NM,Albuquerque Journal,128401,1984,STATE SENATOR,13,,NM,"CHAVEZ, TITO D.",Democrat,1,,,,,0.92
NM,Albuquerque Journal,128401,1984,STATE SENATOR,17,,NM,"COSNER, WENDELL E.",Republican,1,,,,,0.92
NM,Albuquerque Journal,128401,1984,STATE SENATOR,16,,NM,"DEVOTI, DONALD J.",Republican,1,,,,,0.92
NM,Albuquerque Journal,128401,1984,STATE SENATOR,22,,NM,"KING, GARY K.",Democrat,1,,,,,0.92
NM,Albuquerque Journal,128401,1984,STATE SENATOR,21,,NM,"MARSHALL, VICTOR R.",Republican,1,,,,,0.92
NM,Albuquerque Journal,128401,1984,STATE SENATOR,26,,NM,"NOLAND, PAUL D.",Democrat,1,,,,,0.92
NM,Albuquerque Journal,128401,1984,STATE SENATOR,20,,NM,"STAHL, JACK L.",Republican,1,,,,,0.92
NM,Albuquerque Journal,128401,1984,STATE SENATOR,15,,NM,"VERNON, LARRY S.",Republican,1,,,,,0.92
NM,Albuquerque Journal,128401,1984,SUPREME COURT,,,NM,"SOSA, DAN",Democrat,1,,,,SUPREME COURT JUSTICE.,0.95
NM,Albuquerque Journal,128401,1986,ATTORNEY GENERAL,,,NM,"STRATTON, HAL",Republican,1,,,,,0.85
NM,Albuquerque Journal,128401,1986,CNTY CLERK,,BERNALILLO COUNTY,NM,"MURPHY, EDWARD M. ""TED""",Democrat,1,,,,,0.92
NM,Albuquerque Journal,128401,1986,CNTY COMM,5,BERNALILLO COUNTY,NM,"COTTRELL, MARION",Democrat,1,1,,,INCUMBENT D.,0.85
NM,Albuquerque Journal,128401,1986,CNTY COMM,1,BERNALILLO COUNTY,NM,"KINNEY, HARRY",Republican,1,,,,,0.92
NM,Albuquerque Journal,128401,1986,GOVERNOR,,,NM,"CARRUTHERS, GARREY",Republican,1,,,,INCUMBENT (NOTE: FIRST GOVERNOR ELECTED 1986).,0.92
NM,Albuquerque Journal,128401,1986,JUDGE,,DISTRICT JUDGE,NM,"MURDOCH, ALBERT S.",Democrat,1,1,,,INCUMBENT.,0.85
NM,Albuquerque Journal,128401,1986,LT GOVERNOR,,,NM,"LEE, JACK L.",Republican,1,,,,,0.85
NM,Albuquerque Journal,128401,1986,SHERIFF,,BERNALILLO COUNTY,NM,"CAMPBELL, ALVIN J.",Republican,1,,1,,INCUMBENT.,0.92
NM,Albuquerque Journal,128401,1986,STATE REP,22,,NM,"HOOD, NORMA D.",Republican,1,,1,,INCUMBENT.,0.92
NM,Albuquerque Journal,128401,1986,STATE REP,20,,NM,"LAMBERT, MARTHA L.",Republican,1,,1,,INCUMBENT.,0.92
NM,Albuquerque Journal,128401,1986,STATE REP,18,,NM,"MCSORLEY, CISCO A.",Democrat,1,1,,,INCUMBENT.,0.92
NM,Albuquerque Journal,128401,1986,STATE REP,25,,NM,"MINZNER, DICK",Democrat,1,1,,,INCUMBENT.,0.92
NM,Albuquerque Journal,128401,1986,STATE REP,15,,NM,"SANCHEZ, RAYMOND G.",Democrat,1,1,,,INCUMBENT.,0.92
NM,Albuquerque Journal,128401,1986,STATE REP,13,,NM,"SILVA, DANIEL P.",Democrat,1,,,,,0.92
NM,Albuquerque Journal,128401,1986,SUPREME COURT,,,NM,RANSOM,Democrat,1,,,,POSITION 2.,0.85
NM,Albuquerque Journal,128401,1986,SUPREME COURT,,,NM,SCARBOROUGH,Democrat,1,,,,POSITION 1.,0.85
NM,Albuquerque Journal,128401,1988,H,3,,NM,"RICHARDSON, BILL",Democrat,1,1,,,INCUMBENT.,0.95
NM,Albuquerque Journal,128401,1988,H,1,,NM,"SCHIFF, STEVEN",Republican,1,,,,,0.95
NM,Albuquerque Journal,128401,1988,PRESIDENT,,,NM,"BUSH, GEORGE",Republican,1,,,,,0.95
NM,Albuquerque Journal,128401,1988,RAILROAD COMMISSION,,,NM,"MCDANIEL, JANNIE A.",,1,,,,CORPORATION COMMISSION.,0.9
NM,Albuquerque Journal,128401,1988,SENATOR,,,NM,"BINGAMAN, JEFF",Democrat,1,1,,,INCUMBENT D US SENATOR.,0.95
NM,Albuquerque Journal,128401,1988,STATE BOARD OF ED,4,,NM,"MOWRY, GLENDA",,1,,,,,0.9
NM,Albuquerque Journal,128401,1988,STATE REP,28,,NM,"CRANDALL, DOUG",,1,,,,,0.9
NM,Albuquerque Journal,128401,1988,STATE REP,44,,NM,"EISENSTADT, PAULINE",Democrat,1,,,,,0.9
NM,Albuquerque Journal,128401,1988,STATE REP,19,,NM,"HAWK, ROBERT",Democrat,1,,,,,0.9
NM,Albuquerque Journal,128401,1988,STATE REP,29,,NM,"HOCEVAR, GARY",,1,,,,,0.9
NM,Albuquerque Journal,128401,1988,STATE REP,14,,NM,"HOFFMAN, JOHN C.",,1,,,,,0.9
NM,Albuquerque Journal,128401,1988,STATE REP,26,,NM,"HUERTA, RAMON",Democrat,1,,,,,0.9
NM,Albuquerque Journal,128401,1988,STATE REP,50,,NM,"KING, GARY",Democrat,1,,,,,0.9
NM,Albuquerque Journal,128401,1988,STATE REP,8,,NM,"LUNA, FRED",,1,,,,,0.9
NM,Albuquerque Journal,128401,1988,STATE REP,65,,NM,"MADALENA, ROGER",,1,,,,,0.9
NM,Albuquerque Journal,128401,1988,STATE REP,30,,NM,"MCMULLAN, JOHN J.",Republican,1,,,,,0.9
NM,Albuquerque Journal,128401,1988,STATE REP,25,,NM,"MINZNER, DICK",Democrat,1,,,,,0.9
NM,Albuquerque Journal,128401,1988,STATE REP,15,,NM,"SANCHEZ, RAYMOND",Democrat,1,,,,,0.9
NM,Albuquerque Journal,128401,1988,STATE REP,22,,NM,"SHEPHERD, SHELLY M.",,1,,,,,0.9
NM,Albuquerque Journal,128401,1988,STATE REP,27,,NM,"TYTLER, LINN",Republican,1,,,,,0.9
NM,Albuquerque Journal,128401,1988,STATE SENATOR,14,,NM,"ARAGON, MANNY",,1,,,,,0.9
NM,Albuquerque Journal,128401,1988,STATE SENATOR,15,,NM,"ASBURY, CHARLES ""TED""",,1,,,,,0.9
NM,Albuquerque Journal,128401,1988,STATE SENATOR,26,,NM,"CHAVEZ, MARTIN",Democrat,1,,,,,0.9
NM,Albuquerque Journal,128401,1988,STATE SENATOR,17,,NM,"COSNER, WENDELL E.",Republican,1,,,,,0.9
NM,Albuquerque Journal,128401,1988,STATE SENATOR,22,,NM,"FLEMMING, ROGER",,1,,,,,0.9
NM,Albuquerque Journal,128401,1988,STATE SENATOR,18,,NM,"KENNEDY, RICHARD R.",,1,,,,,0.9
NM,Albuquerque Journal,128401,1988,STATE SENATOR,10,,NM,"PASTER, JANICE D.",,1,,,,,0.9
NM,Albuquerque Journal,128401,1988,STATE SENATOR,29,,NM,"WILLIAMS, ANTHONY J.",,1,,,,,0.9
NM,Albuquerque Journal,128401,1988,SUPREME COURT,,,NM,"BACA, JOSEPH F.",Democrat,1,,,,,0.95
NM,Albuquerque Journal,128401,1992,DA/PROSECUTOR,,2ND JUDICIAL DISTRICT,NM,"SCHWARTZ, BOB",Republican,1,,1,,RE-ELECT DA SCHWARTZ; 'EXPERIENCE AS A PROSECUTOR. THE JOURNAL RECOMMENDS HIS RE-ELECTION AS DISTRICT ATTORNEY IN THE SECOND JUDICIAL DISTRICT.',0.95
NM,Albuquerque Journal,128401,1992,JUDGE,,METRO COURT,NM,"KAVANAUGH, J. MICHAEL",Democrat,1,,,,KAVANAUGH FOR METRO JUDGE; APPOINTED TO THE SEAT FEB. [DATE].,0.95
NM,Albuquerque Journal,128401,1992,CNTY CLERK,,BERNALILLO COUNTY,NM,"WOODWARD, JUDY DOROTHY",Democrat,1,,,,,0.92
NM,Albuquerque Journal,128401,1992,CNTY COMM,4,BERNALILLO COUNTY,NM,"SEWARD, BARBARA J.",Republican,1,,,,,0.92
NM,Albuquerque Journal,128401,1992,CNTY COMM,2,BERNALILLO COUNTY,NM,"VALDEZ, ALBERT ""AL""",Democrat,1,,,,,0.92
NM,Albuquerque Journal,128401,1992,CNTY COMM,3,BERNALILLO COUNTY,NM,"YNTEMA, HESS",Republican,1,,,,,0.92
NM,Albuquerque Journal,128401,1992,CNTY TREASURER,,BERNALILLO COUNTY,NM,"FINE, H. R.",Republican,1,,,,,0.92
NM,Albuquerque Journal,128401,1992,COURT OF APPEALS,10,,NM,"FLORES, BENNY E.",Democrat,1,,,,,0.92
NM,Albuquerque Journal,128401,1992,COURT OF APPEALS,9,,NM,"PICKARD, LYNN",Democrat,1,,,,,0.92
NM,Albuquerque Journal,128401,1992,DISTRICT COURT JUDGE,2-3,,NM,"JEWELL, TOMMY",Democrat,1,,,,,0.92
NM,Albuquerque Journal,128401,1992,H,3,,NM,"RICHARDSON, BILL",Democrat,1,,,,,0.92
NM,Albuquerque Journal,128401,1992,H,1,,NM,"SCHIFF, STEVE",Republican,1,,,,,0.92
NM,Albuquerque Journal,128401,1992,H,2,,NM,"SKEEN, JOE",Republican,1,,,,,0.92
NM,Albuquerque Journal,128401,1992,PRESIDENT,,,NM,"BUSH, GEORGE",Republican,1,,1,,INCUMBENT.,0.92
NM,Albuquerque Journal,128401,1992,STATE REP,29,,NM,"BARBER, PAUL D.",Republican,1,,,,,0.92
NM,Albuquerque Journal,128401,1992,STATE REP,7,,NM,"GENTRY, RON",Democrat,1,,,,,0.92
NM,Albuquerque Journal,128401,1992,STATE REP,19,,NM,"HAWK, ROBERT M.",Democrat,1,,,,,0.92
NM,Albuquerque Journal,128401,1992,STATE REP,26,,NM,"HUERTA, RAMON",Democrat,1,,,,,0.92
NM,Albuquerque Journal,128401,1992,STATE REP,2,,NM,"INGERSOLL, ROBERT F.",Democrat,1,,,,,0.92
NM,Albuquerque Journal,128401,1992,STATE REP,50,,NM,"KING, GARY K.",Democrat,1,,,,,0.92
NM,Albuquerque Journal,128401,1992,STATE REP,60,,NM,"MARTINEZ, VINCE",Democrat,1,,,,,0.92
NM,Albuquerque Journal,128401,1992,STATE REP,30,,NM,"MCMULLAN, JOHN J.",Republican,1,,,,,0.92
NM,Albuquerque Journal,128401,1992,STATE REP,10,,NM,"SAAVEDRA, HENRY ""KIKI""",Democrat,1,,,,,0.92
NM,Albuquerque Journal,128401,1992,STATE REP,15,,NM,"SANCHEZ, RAYMOND G.",Democrat,1,,,,,0.92
NM,Albuquerque Journal,128401,1992,STATE REP,17,,NM,"SANDOVAL, EDWARD C.",Democrat,1,,,,,0.92
NM,Albuquerque Journal,128401,1992,STATE REP,28,,NM,"SIMMS, GARTH",Republican,1,,,,,0.92
NM,Albuquerque Journal,128401,1992,STATE REP,27,,NM,"TYTLER, LINN J.",Republican,1,,,,,0.92
NM,Albuquerque Journal,128401,1992,STATE REP,46,,NM,"VIGIL, ROLAND",Republican,1,,,,,0.92
NM,Albuquerque Journal,128401,1992,STATE SENATOR,10,,NM,"BARELA, JONATHAN ""JON"" L.",Republican,1,,,,,0.92
NM,Albuquerque Journal,128401,1992,STATE SENATOR,11,,NM,"BENAVIDES, TOM R.",Democrat,1,,,,,0.92
NM,Albuquerque Journal,128401,1992,STATE SENATOR,23,,NM,"CARRARO, JOSEPH J.",Republican,1,,,,,0.92
NM,Albuquerque Journal,128401,1992,STATE SENATOR,26,,NM,"CHAVEZ, MARTIN",Democrat,1,,,,,0.92
NM,Albuquerque Journal,128401,1992,STATE SENATOR,17,,NM,"KING, BROOKE",Libertarian,1,,,,,0.92
NM,Albuquerque Journal,128401,1992,STATE SENATOR,9,,NM,"RHODES, VIRGIL O.",Republican,1,,,,,0.92
NM,Albuquerque Journal,128401,1992,STATE SENATOR,18,,NM,"RILEY, ANN J.",Democrat,1,,,,,0.92
NM,Albuquerque Journal,128401,1992,STATE SENATOR,12,,NM,"ROMERO, RICHARD M.",Democrat,1,,,,,0.92
NM,Albuquerque Journal,128401,1992,STATE SENATOR,29,,NM,"SANCHEZ, MICHAEL",Democrat,1,,,,,0.92
NM,Albuquerque Journal,128401,1992,STATE SENATOR,19,,NM,"SCOTT, DUNCAN",Republican,1,,,,,0.92
NM,Albuquerque Journal,128401,1992,STATE SENATOR,16,,NM,"TAYLOR, GERRY G.",Republican,1,,,,,0.92
NM,Albuquerque Journal,128401,1992,STATE SENATOR,15,,NM,"VERNON, L. SKIP",Republican,1,,,,,0.92
NM,Albuquerque Journal,128401,1992,STATE SENATOR,22,,NM,"WALTERS, WALLY",Republican,1,,,,,0.92
NM,Albuquerque Journal,128401,1992,STATE SENATOR,20,,NM,"WIENER, MICHAEL C.",Republican,1,,,,,0.92
NM,Albuquerque Journal,128401,1992,SUPREME COURT,,,NM,"FROST, STANLEY F.",Democrat,1,,,,,0.92
NM,Albuquerque Journal,128401,1994,DISTRICT COURT JUDGE,,,NM,"BACA, TED",,1,,,,"TED BACA, THERESA BACA FOR DISTRICT COURT SEATS (HEADLINE).",0.85
NM,Albuquerque Journal,128401,1994,DISTRICT COURT JUDGE,,,NM,"BACA, THERESA",,1,,,,"TED BACA, THERESA BACA FOR DISTRICT COURT SEATS (HEADLINE).",0.85
NM,Albuquerque Journal,128401,1994,JUDGE,,METRO COURT,NM,CANDELARIA,,1,,,,METRO COURT CHOICES: CANDELARIA AND MARTINEZ (HEADLINE). FIRST NAME NOT VISIBLE.,0.7
NM,Albuquerque Journal,128401,1994,JUDGE,,METRO COURT,NM,MARTINEZ,,1,,,,METRO COURT CHOICES: CANDELARIA AND MARTINEZ (HEADLINE). FIRST NAME NOT VISIBLE.,0.7
NM,Albuquerque Journal,128401,1994,STATE BOARD OF ED,,,NM,RODRIGUEZ,,1,,,,"RE-ELECT SMITH, RODRIGUEZ TO STATE SCHOOL BOARD (HEADLINE).",0.7
NM,Albuquerque Journal,128401,1994,STATE BOARD OF ED,,,NM,SMITH,,1,,,,"RE-ELECT SMITH, RODRIGUEZ TO STATE SCHOOL BOARD (HEADLINE). OTHER OCR (APPEALS COURT RETENTION) TOO GARBLED TO EXTRACT.",0.7
NM,Albuquerque Journal,128401,1994,LAND COMMISSIONER,,,NM,POWELL,,1,,,,POWELL FOR LAND OFFICE (HEADLINE UNDER 'JOURNAL ENDORSEMENTS IN STATE OFFICE CAMPAIGNS'). FIRST NAME NOT VISIBLE IN OCR.,0.75
NM,Albuquerque Journal,128401,1994,ASSESSOR,,BERNALILLO COUNTY,NM,"ADAMSKO, LINDA M.",Democrat,1,,,,,0.92
NM,Albuquerque Journal,128401,1994,ATTORNEY GENERAL,,,NM,"UDALL, TOM",Democrat,1,,,,,0.92
NM,Albuquerque Journal,128401,1994,CNTY COMM,5,BERNALILLO COUNTY,NM,"CARRILLO, MARK J.",Democrat,1,,,,,0.92
NM,Albuquerque Journal,128401,1994,CNTY COMM,1,BERNALILLO COUNTY,NM,"MOORE, DUANE D.",Republican,1,,,,,0.92
NM,Albuquerque Journal,128401,1994,DISTRICT COURT JUDGE,2-7,,NM,"BACA, TED C.",Democrat,1,,,,,0.92
NM,Albuquerque Journal,128401,1994,DISTRICT COURT JUDGE,2-10,,NM,"BACA, THERESA M.",Democrat,1,,,,,0.92
NM,Albuquerque Journal,128401,1994,GOVERNOR,,,NM,"KING, BRUCE",Democrat,1,1,,,,0.92
NM,Albuquerque Journal,128401,1994,H,2,,NM,"CHAVEZ, BENJAMIN ANTHONY",Democrat,1,,,,,0.92
NM,Albuquerque Journal,128401,1994,H,3,,NM,"RICHARDSON, BILL",Democrat,1,,,,,0.92
NM,Albuquerque Journal,128401,1994,H,1,,NM,"SCHIFF, STEVEN H.",Republican,1,,,,,0.92
NM,Albuquerque Journal,128401,1994,JUDGE,,METRO COURT DIV 7,NM,"CANDELARIA, NEIL C.",Republican,1,,,,,0.92
NM,Albuquerque Journal,128401,1994,JUDGE,,METRO COURT DIV 15,NM,"MARTINEZ, ANNA G.",Democrat,1,,,,,0.92
NM,Albuquerque Journal,128401,1994,JUDGE,,PROBATE COURT,NM,"MESCALL, THOMAS J.",Republican,1,,,,,0.92
NM,Albuquerque Journal,128401,1994,LAND COMMISSIONER,,,NM,"POWELL, RAY",Democrat,1,,,,,0.92
NM,Albuquerque Journal,128401,1994,LT GOVERNOR,,,NM,"MADRID, PATRICIA A.",Democrat,1,,,,,0.92
NM,Albuquerque Journal,128401,1994,RAILROAD COMMISSION,,,NM,"TRISTANI, GLORIA",Democrat,1,,,,CORPORATION COMMISSION.,0.92
NM,Albuquerque Journal,128401,1994,SEC OF STATE,,,NM,"GONZALES, STEPHANIE",Democrat,1,,,,,0.92
NM,Albuquerque Journal,128401,1994,SENATOR,,,NM,"BINGAMAN, JEFF",Democrat,1,1,,,,0.92
NM,Albuquerque Journal,128401,1994,SHERIFF,,BERNALILLO COUNTY,NM,"BOWDICH, JOE H.",Democrat,1,,,,,0.92
NM,Albuquerque Journal,128401,1994,STATE BOARD OF ED,3,,NM,"RODRIGUEZ, EMMALOU",Democrat,1,,,,,0.92
NM,Albuquerque Journal,128401,1994,STATE BOARD OF ED,6,,NM,"SMITH, CATHERINE M.",Democrat,1,,,,,0.92
NM,Albuquerque Journal,128401,1994,STATE REP,18,,NM,"ARMIJO, ROBERTO C.",Republican,1,,,,,0.92
NM,Albuquerque Journal,128401,1994,STATE REP,30,,NM,"GUBBELS, PAULINE K.",Republican,1,,,,,0.92
NM,Albuquerque Journal,128401,1994,STATE REP,16,,NM,"GURULE, ALBERT",Democrat,1,,,,,0.92
NM,Albuquerque Journal,128401,1994,STATE REP,26,,NM,"HAWKINS, ARTHUR",Republican,1,,,,,0.92
NM,Albuquerque Journal,128401,1994,STATE REP,20,,NM,"INGERSOLL, ROBERT F.",Democrat,1,,,,,0.92
NM,Albuquerque Journal,128401,1994,STATE REP,50,,NM,"KING, GARY",Democrat,1,,,,,0.92
NM,Albuquerque Journal,128401,1994,STATE REP,27,,NM,"LARRANAGA, LORENZO A.",Republican,1,,,,,0.92
NM,Albuquerque Journal,128401,1994,STATE REP,29,,NM,"OBRIEN, RONDOLYN R.",Democrat,1,,,,,0.92
NM,Albuquerque Journal,128401,1994,STATE REP,25,,NM,"PICRAUX, DANICE R.",Democrat,1,,,,,0.92
NM,Albuquerque Journal,128401,1994,STATE REP,21,,NM,"STEWART, MIMI",Democrat,1,,,,,0.92
NM,Albuquerque Journal,128401,1994,STATE REP,28,,NM,"WEEKS, GERALD E.",Republican,1,,,,,0.92
NM,Albuquerque Journal,128401,1994,STATE REP,19,,NM,"YNTEMA, HESS",Republican,1,,,,,0.92
NM,Albuquerque Journal,128401,1994,STATE SENATOR,26,,NM,"LOVATO, TONY",Republican,1,,,,,0.92
NM,Albuquerque Journal,128401,1994,TREASURER,,,NM,"GARCIA, LORENZO G.",Green,1,,,,,0.92
NM,Albuquerque Journal,128401,1996,COURT OF APPEALS,POSITION 1,,NM,"ARMIJO, M. CHRISTINA",Republican,1,,,,,0.92
NM,Albuquerque Journal,128401,1996,COURT OF APPEALS,POSITION 2,,NM,"RIORDAN, WILLIAM F.",Republican,1,,,,,0.92
NM,Albuquerque Journal,128401,1996,COURT OF APPEALS,POSITION 3,,NM,"WECHSLER, JIM",Democrat,1,,,,,0.92
NM,Albuquerque Journal,128401,1996,DA/PROSECUTOR,,2ND JUDICIAL DISTRICT,NM,"ROMERO, JEFF",Democrat,1,,,,,0.92
NM,Albuquerque Journal,128401,1996,DISTRICT COURT JUDGE,2-21,,NM,"JEWELL, ANGELA",Democrat,1,,,,,0.92
NM,Albuquerque Journal,128401,1996,DISTRICT COURT JUDGE,2-15,,NM,"KNOWLES, RICHARD J.",Republican,1,,,,,0.92
NM,Albuquerque Journal,128401,1996,H,3,,NM,"RICHARDSON, BILL",Democrat,1,,,,,0.92
NM,Albuquerque Journal,128401,1996,H,1,,NM,"SCHIFF, STEVEN H.",Republican,1,,,,,0.92
NM,Albuquerque Journal,128401,1996,H,2,,NM,"SKEEN, JOE",Republican,1,,,,,0.92
NM,Albuquerque Journal,128401,1996,JUDGE,,METRO COURT DIV 9,NM,"GOMEZ, VICTORIA J.",Democrat,1,,,,,0.92
NM,Albuquerque Journal,128401,1996,PRESIDENT,,,NM,"DOLE, BOB",Republican,1,,,,,0.92
NM,Albuquerque Journal,128401,1996,RAILROAD COMMISSION,,,NM,"SERNA, ERIC",Democrat,1,,,,,0.92
NM,Albuquerque Journal,128401,1996,SENATOR,,,NM,"DOMENICI, PETE",Republican,1,,1,,,0.92
NM,Albuquerque Journal,128401,1996,STATE BOARD OF ED,1,,NM,"SANCHEZ, FLORA",Democrat,1,,,,,0.92
NM,Albuquerque Journal,128401,1996,SUPREME COURT,POSITION 2,,NM,"HARTZ, HARRIS",Republican,1,,,,,0.92
NM,Albuquerque Journal,128401,1996,SUPREME COURT,POSITION 1,,NM,"MINZNER, PAMELA D.",Democrat,1,,,,,0.92
NM,Albuquerque Journal,128401,1998,ATTORNEY GENERAL,,,NM,"MADRID, PATRICIA A.",Democrat,1,,,,,0.92
NM,Albuquerque Journal,128401,1998,GOVERNOR,,,NM,"JOHNSON, GARY E.",Republican,1,,1,,,0.92
NM,Albuquerque Journal,128401,1998,H,2,,NM,"SKEEN, JOE R.",Republican,1,,,,,0.92
NM,Albuquerque Journal,128401,1998,H,3,,NM,"UDALL, TOM",Democrat,1,,,,,0.92
NM,Albuquerque Journal,128401,1998,H,1,,NM,"WILSON, HEATHER A.",Republican,1,,,,,0.92
NM,Albuquerque Journal,128401,1998,LAND COMMISSIONER,,,NM,"POWELL, RAY",Democrat,1,,,,,0.92
NM,Albuquerque Journal,128401,1998,LT GOVERNOR,,,NM,"BRADLEY, WALTER D.",Republican,1,,,,,0.92
NM,Albuquerque Journal,128401,1998,SEC OF STATE,,,NM,"DURAN, DIANNA J.",Republican,1,,,,,0.92
NM,Albuquerque Journal,128401,1998,STATE REP,23,,NM,"BACA, STEPHEN S.",Democrat,1,,,,,0.92
NM,Albuquerque Journal,128401,1998,STATE REP,16,,NM,"BENNETT, RUSSELL J.",Republican,1,,,,,0.92
NM,Albuquerque Journal,128401,1998,STATE REP,29,,NM,"GARCIA, JOHN MARTIN",Democrat,1,,,,,0.92
NM,Albuquerque Journal,128401,1998,STATE REP,26,,NM,"HAWKINS, ART",Republican,1,,,,,0.92
NM,Albuquerque Journal,128401,1998,STATE REP,50,,NM,"KING, RHONDA S.",Democrat,1,,,,,0.92
NM,Albuquerque Journal,128401,1998,STATE REP,11,,NM,"MIERA, RICK",Democrat,1,,,,,0.92
NM,Albuquerque Journal,128401,1998,STATE REP,15,,NM,"SANCHEZ, RAYMOND G.",Democrat,1,,,,,0.92
NM,Albuquerque Journal,128401,1998,STATE REP,12,,NM,"TAYLOR, JAMES G.",Democrat,1,,,,,0.92
NM,Albuquerque Journal,128401,1998,STATE REP,44,,NM,"VANDERSTAR RUSSELL, JUDY",Republican,1,,,,,0.92
NM,Albuquerque Journal,128401,1998,STATE REP,28,,NM,"VARGAS-BRIMHALL, A. ROCIO",Democrat,1,,,,,0.92
NM,Albuquerque Journal,128401,1998,STATE REP,19,,NM,"WILLIAMS, SHERYL M.",Democrat,1,,,,,0.92
NM,Albuquerque Journal,128401,1998,SUPREME COURT,,,NM,"SCOTT, ROBERT H.",Republican,1,,,,,0.92
NM,Albuquerque Journal,128401,1998,TREASURER,,,NM,"GARCIA, LORENZO G.",Republican,1,,,,,0.92
NM,Albuquerque Journal,128401,2000,COURT OF APPEALS,POSITION 4,,NM,"CASTILLO, CELIA FOY",Democrat,1,,,,,0.92
NM,Albuquerque Journal,128401,2000,COURT OF APPEALS,POSITION 3,,NM,"ELLINGTON, T. GLENN",Republican,1,,,,,0.92
NM,Albuquerque Journal,128401,2000,COURT OF APPEALS,POSITION 2,,NM,"FRY, CYNTHIA A.",Democrat,1,,,,,0.92
NM,Albuquerque Journal,128401,2000,COURT OF APPEALS,POSITION 1,,NM,"SUTIN, JONATHAN B.",Republican,1,,,,,0.92
NM,Albuquerque Journal,128401,2000,H,2,,NM,"SKEEN, JOE",Republican,1,,1,,,0.92
NM,Albuquerque Journal,128401,2000,H,3,,NM,"UDALL, TOM",Democrat,1,1,,,,0.92
NM,Albuquerque Journal,128401,2000,H,1,,NM,"WILSON, HEATHER",Republican,1,,1,,,0.92
NM,Albuquerque Journal,128401,2000,PRESIDENT,,,NM,"BUSH, GEORGE W.",Republican,1,,,,,0.92
NM,Albuquerque Journal,128401,2000,SENATOR,,,NM,"BINGAMAN, JEFF",Democrat,1,1,,,,0.92
NM,Albuquerque Journal,128401,2000,STATE REP,11,,NM,"MIERA, RICK",Democrat,1,,,,,0.92
NM,Albuquerque Journal,128401,2000,STATE REP,10,,NM,"SAAVEDRA, HENRY ""KIKI""",Democrat,1,,,,,0.92
NM,Albuquerque Journal,128401,2000,STATE REP,13,,NM,"SILVA, DANIEL P.",Democrat,1,,,,,0.92
NM,Albuquerque Journal,128401,2000,STATE REP,12,,NM,"TAYLOR, JAMES G.",Democrat,1,,,,,0.92
NM,Albuquerque Journal,128401,2000,STATE SENATOR,23,,NM,"CARRARO, JOSEPH",Republican,1,,,,,0.92
NM,Albuquerque Journal,128401,2000,STATE SENATOR,17,,NM,"GILBERT, MARY A.",Republican,1,,,,,0.92
NM,Albuquerque Journal,128401,2000,STATE SENATOR,10,,NM,"GORHAM, RAMSAY",Republican,1,,,,,0.92
NM,Albuquerque Journal,128401,2000,STATE SENATOR,9,,NM,"KOMADINA, STEVE",Republican,1,,,,,0.92
NM,Albuquerque Journal,128401,2000,STATE SENATOR,11,,NM,"LOPEZ, LINDA M.",Democrat,1,,,,,0.92
NM,Albuquerque Journal,128401,2000,STATE SENATOR,14,,NM,"PAIZ, BILL",Republican,1,,,,,0.92
NM,Albuquerque Journal,128401,2000,STATE SENATOR,12,,NM,"ROMERO, RICHARD M.",Democrat,1,,,,,0.92
NM,Albuquerque Journal,128401,2000,STATE SENATOR,26,,NM,"SANCHEZ, BERNADETTE M.",Democrat,1,,,,,0.92
NM,Albuquerque Journal,128401,2000,STATE SENATOR,15,,NM,"SNYDER, HELEN DIANE",Republican,1,,,,,0.92
NM,Albuquerque Journal,128401,2002,ATTORNEY GENERAL,,,NM,"MADRID, PATRICIA A.",Democrat,1,1,,,,0.92
NM,Albuquerque Journal,128401,2002,AUDITOR,,,NM,"MARTINEZ, DOMINGO P.",Democrat,1,,,,,0.92
NM,Albuquerque Journal,128401,2002,COURT OF APPEALS,,,NM,"KENNEDY, RODERICK T.",Republican,1,,,,,0.92
NM,Albuquerque Journal,128401,2002,GOVERNOR,,,NM,"RICHARDSON, BILL",Democrat,1,,,,,0.92
NM,Albuquerque Journal,128401,2002,H,2,,NM,"PEARCE, STEVE",Republican,1,,,,,0.92
NM,Albuquerque Journal,128401,2002,H,1,,NM,"WILSON, HEATHER A.",Republican,1,,,,,0.92
NM,Albuquerque Journal,128401,2002,LAND COMMISSIONER,,,NM,"LYONS, PATRICK H.",Republican,1,,,,,0.92
NM,Albuquerque Journal,128401,2002,RAILROAD COMMISSION,5,,NM,"FOREMAN, HAROLD ""CHUB""",Republican,1,,,,PUBLIC REGULATION COMMISSION.,0.92
NM,Albuquerque Journal,128401,2002,SEC OF STATE,,,NM,"CLAHCHISCHILLIAGE, SHARON",Republican,1,,,,,0.92
NM,Albuquerque Journal,128401,2002,SENATOR,,,NM,"DOMENICI, PETE V.",Republican,1,,1,,,0.92
NM,Albuquerque Journal,128401,2002,STATE BOARD OF ED,3,,NM,"TRUJILLO, CHRISTINE",Democrat,1,,,,,0.92
NM,Albuquerque Journal,128401,2002,SUPREME COURT,,,NM,"BOSSON, RICHARD C.",Democrat,1,,,,,0.92
NM,Albuquerque Journal,128401,2004,STATE REP,?,,NM,"RUIZ, HARRIET",Democrat,1,,,,WEST SIDE DISTRICT; HOMEMAKER WITH BUSINESS/PARTY EXPERIENCE.,0.85
NM,Albuquerque Journal,128401,2004,STATE REP,14,,NM,"GARCIA, MIGUEL P.",Democrat,1,,,,HOUSE DISTRICT 14: MIGUEL P. GARCIA; 'DISTRICT 14 VOTERS SHOULD RE-ELECT MIGUEL P. GARCIA.',0.95
NM,Albuquerque Journal,128401,2004,STATE REP,16,,NM,"RUIZ, HARRIET",Democrat,1,,,,HOUSE DISTRICT 16: HARRIET RUIZ; 'HARRIET RUIZ WAS APPOINTED [OFFICIAL] BUT HER FAMILIARITY WITH ISSUES MAKE IT CLEAR THAT HIS POLITICAL CAREER WAS COMMUNITY PROPERTY.' (HUSBAND RAY RUIZ DIED LAST SPRING.),0.95
NM,Albuquerque Journal,128401,2004,STATE REP,13,,NM,"SILVA, DANIEL P.",,1,,,,STATE HOUSE PICKS - HOUSE DISTRICT 13: DANIEL P. SILVA; '18-YEAR INCUMBENT REP. DANIEL P. SILVA... CHAIRMAN OF THE HOUSE TRANSPORTATION COMMITTEE... THE JOURNAL ENDORSES DANIEL SILVA.',0.97
NM,Albuquerque Journal,128401,2004,STATE REP,15,,NM,"ZANETTI, TERESA",Republican,1,,,,HOUSE DISTRICT 15: TERESA ZANETTI; 'THE JOURNAL RECOMMENDS THE REELECTION OF TERESA ZANETTI HOUSE DISTRICT 15.',0.97
NM,Albuquerque Journal,128401,2004,STATE REP,26,,NM,"PARK, AL",Democrat,1,1,,,DEMOCRATIC INCUMBENT; SPONSORED 18 BILLS THAT BECAME LAW.,0.92
NM,Albuquerque Journal,128401,2004,STATE REP,23,,NM,"YOUNGBERG, ERIC",Republican,1,,1,,WEST SIDE; CPA AND LAWYER; FIRST-TERM. WORKED FOR DOMENICI ON US SENATE BUDGET COMMITTEE.,0.92
NM,Albuquerque Journal,128401,2004,CNTY CLERK,,BERNALILLO COUNTY,NM,"HERRERA, MARY",,1,,,,RETAIN MARY HERRERA IN THE CLERK'S OFFICE; 'BERNALILLO COUNTY VOTERS SHOULD RE-ELECT COUNTY CLERK MARY HERRERA TO A SECOND TERM.' THE JOURNAL ENDORSES MARY HERRERA FOR ANOTHER TERM AS COUNTY CLERK.,0.97
NM,Albuquerque Journal,128401,2004,H,2,,NM,"PEARCE, STEVE",Republican,1,,1,,ONE-TERM INCUMBENT; DECORATED VIETNAM AIR FORCE PILOT.,0.92
NM,Albuquerque Journal,128401,2004,H,3,,NM,"UDALL, TOM",Democrat,1,1,,,ELECTED 1998; SANTA FE LAWMAKER.,0.92
NM,Albuquerque Journal,128401,2004,H,1,,NM,"WILSON, HEATHER",Republican,1,,1,,THIRD-TERM INCUMBENT; RHODES SCHOLAR; AIR FORCE OFFICER.,0.92
NM,Albuquerque Journal,128401,2004,DIRECTOR,,ALBUQUERQUE METRO ARROYO FLOOD CONTROL AUTHORITY (AMAFCA) DIST 5,NM,"SAIERS, JANET W.",,1,,,1,6-YEAR TERM; FORMER CITY PARKS PLANNER.,0.92
NM,Albuquerque Journal,128401,2004,RAILROAD COMMISSION,1,,NM,"CAMP, H. WARD",Republican,1,,,,PUBLIC REGULATION COMMISSION; LAWYER WITH UTILITY REGULATION EXPERIENCE.,0.92
NM,Albuquerque Journal,128401,2004,DIRECTOR,1,PUBLIC REGULATION COMMISSION (PRC),NM,"CAMP, WARD",Republican,1,,,,"ELECT CAMP TO PRC SEAT FOR DISTRICT 1; 'WARD [CAMP], A REPUBLICAN... CAMP STRESSES HIS COMMITMENT TO AN ETHICAL, COST-EFFECTIVE COMMISSION.'",0.95
NM,Albuquerque Journal,128401,2004,DIRECTOR,5,AMAFCA (ALBUQUERQUE METROPOLITAN ARROYO FLOOD CONTROL AUTHORITY),NM,"SAIERS, JANET",,1,,,,AMAFCA DISTRICT 5 SEAT: JANET SAIERS; 'THE JOURNAL ENDORSES SAIERS FOR A SIX-YEAR TERM ON THE AMAFCA BOARD.',0.97
NM,Albuquerque Journal,128401,2004,PRESIDENT,,,NM,"BUSH, GEORGE W.",Republican,1,,1,,INCUMBENT; PAPER ENDORSES RE-ELECTION DESPITE 'TWISTS AND TURNS' POST-9/11; 'PUT AMERICA ON THE OFFENSIVE AGAINST A NEW KIND OF THREAT'.,0.92
NM,Albuquerque Journal,128401,2004,DISTRICT COURT JUDGE,2-3,,NM,"JARAMILLO, CRISTINA TERESA",,1,,,,Div. 3 Cristina Teresa Jaramillo,0.82
NM,Albuquerque Journal,128401,2004,DISTRICT COURT JUDGE,2-11,,NM,"LOPEZ, LORETTA R.",Democrat,1,,,,Div. 11 Loretta R. Lopez Democrat,0.88
NM,Albuquerque Journal,128401,2004,DISTRICT COURT JUDGE,2-?,,NM,"NASH, NAN G.",Democrat,1,,,,Div. 17 Nan G. Nash Democrat,0.88
NM,Albuquerque Journal,128401,2004,DISTRICT COURT JUDGE,2-1,,NM,"VALDEZ, VICTOR",Democrat,1,,,,Div. 1 Victor Valdez Democrat,0.85
NM,Albuquerque Journal,128401,2004,RAILROAD COMMISSION,3,,NM,"GONZALES, JOHN",Republican,1,,,,OCR mentions 'Roderick T.' as Court of Appeals retain,0.8
NM,Albuquerque Journal,128401,2004,STATE REP,29,,NM,"ANDERSON, THOMAS A.",,1,,,,,0.85
NM,Albuquerque Journal,128401,2004,STATE REP,31,,NM,"CORWIN, MICHAEL",Democrat,1,,,,,0.88
NM,Albuquerque Journal,128401,2004,STATE REP,17,,NM,"GILBERT, MARY A.",Republican,1,,,,,0.85
NM,Albuquerque Journal,128401,2004,STATE REP,60,,NM,"SWISSTACK, THOMAS",Democrat,1,,,,,0.9
NM,Albuquerque Journal,128401,2006,ATTORNEY GENERAL,,,NM,"KING, GARY K.",Democrat,1,,,,,0.92
NM,Albuquerque Journal,128401,2006,AUDITOR,,,NM,"GARCIA, LORENZO",Republican,1,,,,,0.92
NM,Albuquerque Journal,128401,2006,GOVERNOR,,,NM,"RICHARDSON, BILL",Democrat,1,1,,,,0.92
NM,Albuquerque Journal,128401,2006,H,2,,NM,"PEARCE, STEVE",Republican,1,,1,,,0.92
NM,Albuquerque Journal,128401,2006,H,3,,NM,"UDALL, TOM",Democrat,1,1,,,,0.92
NM,Albuquerque Journal,128401,2006,H,1,,NM,"WILSON, HEATHER A.",Republican,1,,1,,,0.92
NM,Albuquerque Journal,128401,2006,LAND COMMISSIONER,,,NM,"LYONS, PATRICK H.",Republican,1,,1,,,0.92
NM,Albuquerque Journal,128401,2006,LT GOVERNOR,,,NM,"DENISH, DIANE D.",Democrat,1,,,,,0.92
NM,Albuquerque Journal,128401,2006,SEC OF STATE,,,NM,"HERRERA, MARY",Democrat,1,,,,,0.92
NM,Albuquerque Journal,128401,2006,SENATOR,,,NM,"BINGAMAN, JEFF",Democrat,1,1,,,,0.92
NM,Albuquerque Journal,128401,2006,STATE REP,18,,NM,"CHASEY, GAIL",Democrat,1,,,,,0.92
NM,Albuquerque Journal,128401,2006,STATE REP,14,,NM,"GARCIA, MIGUEL P.",Democrat,1,1,,,,0.92
NM,Albuquerque Journal,128401,2006,STATE REP,16,,NM,"MAESTAS, ANTONIO ""MOE""",Democrat,1,,,,,0.92
NM,Albuquerque Journal,128401,2006,STATE REP,22,,NM,"MCCOY, KATHY",Republican,1,,,,,0.92
NM,Albuquerque Journal,128401,2006,STATE REP,19,,NM,"WILLIAMS STAPLETON, SHERYL M.",Democrat,1,,,,,0.92
NM,Albuquerque Journal,128401,2006,STATE REP,23,,NM,"YOUNGBERG, ERIC A.",Republican,1,,,,,0.92
NM,Albuquerque Journal,128401,2006,STATE REP,15,,NM,"ZANETTI, TERESA A.",Republican,1,,,,,0.92
NM,Albuquerque Journal,128401,2006,TREASURER,,,NM,"LEWIS, JAMES B.",Democrat,1,,,,,0.92
NM,Albuquerque Journal,128401,2008,H,3,,NM,"LUJAN, BEN R.",Democrat,1,,,,,0.92
NM,Albuquerque Journal,128401,2008,H,2,,NM,"TINSLEY, EDWARD",Republican,1,,,,,0.92
NM,Albuquerque Journal,128401,2008,H,1,,NM,"WHITE, DARREN",Republican,1,,,,,0.92
NM,Albuquerque Journal,128401,2008,PRESIDENT,,,NM,"MCCAIN, JOHN",Republican,1,,,,,0.92
NM,Albuquerque Journal,128401,2008,RAILROAD COMMISSION,3,,NM,"LASS, RICK",Green,1,,,,PRC.,0.92
NM,Albuquerque Journal,128401,2008,RAILROAD COMMISSION,1,,NM,"MARKS, JASON",Democrat,1,1,,,PRC INCUMBENT.,0.92
NM,Albuquerque Journal,128401,2008,SENATOR,,,NM,"UDALL, TOM",Democrat,1,,,,,0.92
NM,Albuquerque Journal,128401,2008,STATE REP,14,,NM,"GARCIA, MIGUEL",Democrat,1,1,,,,0.92
NM,Albuquerque Journal,128401,2008,STATE REP,22,,NM,"MCCOY, KATHY",Republican,1,,1,,,0.92
NM,Albuquerque Journal,128401,2008,STATE REP,26,,NM,"PARK, AL",Democrat,1,1,,,,0.92
NM,Albuquerque Journal,128401,2008,STATE REP,17,,NM,"SANDOVAL, EDWARD C.",Democrat,1,1,,,,0.92
NM,Albuquerque Journal,128401,2008,STATE REP,21,,NM,"STEWART, MIMI",Democrat,1,1,,,,0.92
NM,Albuquerque Journal,128401,2008,STATE REP,12,,NM,"WHEELER, CLYDE C.",Republican,1,,,,,0.92
NM,Albuquerque Journal,128401,2008,STATE REP,23,,NM,"YOUNGBERG, ERIC",Republican,1,,1,,,0.92
NM,Albuquerque Journal,128401,2008,STATE REP,15,,NM,"ZANETTI, TERESA",Republican,1,,1,,,0.92
NM,Albuquerque Journal,128401,2008,STATE SENATOR,19,,NM,"BEFFORT, SUE WILSON",Republican,1,,1,,,0.92
NM,Albuquerque Journal,128401,2008,STATE SENATOR,21,,NM,"CRAVENS, KENT L.",Republican,1,,1,,,0.92
NM,Albuquerque Journal,128401,2008,STATE SENATOR,9,,NM,"KOMADINA, STEVE",Republican,1,,1,,,0.92
NM,Albuquerque Journal,128401,2008,STATE SENATOR,10,,NM,"RYAN, JOHN C.",Republican,1,,1,,,0.92
NM,Albuquerque Journal,128401,2008,STATE SENATOR,26,,NM,"SANCHEZ, BERNADETTE M.",Democrat,1,1,,,,0.92
NM,Albuquerque Journal,128401,2008,STATE SENATOR,15,,NM,"SNYDER, H. DIANE",Republican,1,,1,,,0.92
NM,Albuquerque Journal,128401,2010,ATTORNEY GENERAL,,,NM,"CHANDLER, MATT",Republican,1,,,,,0.92
NM,Albuquerque Journal,128401,2010,AUDITOR,,,NM,"BALDERAS, HECTOR",Democrat,1,,,,,0.92
NM,Albuquerque Journal,128401,2010,COURT OF APPEALS,,,NM,"ROBLES, ROBERT",Democrat,1,,,,,0.92
NM,Albuquerque Journal,128401,2010,GOVERNOR,,,NM,"MARTINEZ, SUSANA",Republican,1,,,,,0.92
NM,Albuquerque Journal,128401,2010,H,1,,NM,"BARELA, JON",Republican,1,,,,,0.92
NM,Albuquerque Journal,128401,2010,H,3,,NM,"MULLINS, TOM",Republican,1,,,,,0.92
NM,Albuquerque Journal,128401,2010,H,2,,NM,"PEARCE, STEVE",Republican,1,,,,,0.92
NM,Albuquerque Journal,128401,2010,LAND COMMISSIONER,,,NM,"POWELL, RAY",Democrat,1,,,,,0.92
NM,Albuquerque Journal,128401,2010,SEC OF STATE,,,NM,"DURAN, DIANNA",Republican,1,,,,,0.92
NM,Albuquerque Journal,128401,2010,STATE REP,21,,NM,"BACA, ANTOINETTE MARIE",Republican,1,,,,,0.92
NM,Albuquerque Journal,128401,2010,STATE REP,12,,NM,"CHAVEZ, ERNEST",Democrat,1,,,,,0.92
NM,Albuquerque Journal,128401,2010,STATE REP,15,,NM,"HORWITZ, JUSTIN",Republican,1,,,,,0.92
NM,Albuquerque Journal,128401,2010,STATE REP,14,,NM,"PENA, CLARA",Republican,1,,,,,0.92
NM,Albuquerque Journal,128401,2010,STATE REP,19,,NM,"WILLIAMS STAPLETON, SHERYL",Democrat,1,,,,,0.92
NM,Albuquerque Journal,128401,2010,TREASURER,,,NM,"LEWIS, JAMES",Democrat,1,1,,,,0.92
NM,Albuquerque Journal,128401,2012,H,1,,NM,"LUJAN GRISHAM, MICHELLE",Democrat,1,,,,,0.92
NM,Albuquerque Journal,128401,2012,H,3,,NM,"LUJAN, BEN R.",Democrat,1,,,,,0.92
NM,Albuquerque Journal,128401,2012,H,2,,NM,"PEARCE, STEVE",Republican,1,,,,,0.92
NM,Albuquerque Journal,128401,2012,PRESIDENT,,,NM,"ROMNEY, MITT",Republican,1,,,,,0.92
NM,Albuquerque Journal,128401,2012,SENATOR,,,NM,"WILSON, HEATHER A.",Republican,1,,,,,0.92
NM,Albuquerque Journal,128401,2012,STATE REP,18,,NM,"CHASEY, GAIL",Democrat,1,,,,,0.92
NM,Albuquerque Journal,128401,2012,STATE REP,12,,NM,"CHAVEZ, ERNEST H.",Democrat,1,,,,,0.92
NM,Albuquerque Journal,128401,2012,STATE REP,19,,NM,"LANDRY, ERICA J.",,1,,,,,0.92
NM,Albuquerque Journal,128401,2012,STATE REP,13,,NM,"OROZCO, JOSE",,1,,,,,0.92
NM,Albuquerque Journal,128401,2012,STATE REP,14,,NM,"PENA, CLARA A.",Republican,1,,,,,0.92
NM,Albuquerque Journal,128401,2012,STATE REP,17,,NM,"SANDOVAL, EDWARD C.",Democrat,1,,,,,0.92
NM,Albuquerque Journal,128401,2012,STATE REP,15,,NM,"SAUCEDO, CHRISTOPHER T.",,1,,,,,0.92
NM,Albuquerque Journal,128401,2012,STATE SENATOR,9,,NM,"DOYLE, DAVID L.",,1,,,,,0.92
NM,Albuquerque Journal,128401,2012,STATE SENATOR,17,,NM,"KELLER, TIMOTHY M.",,1,,,,,0.92
NM,Albuquerque Journal,128401,2012,STATE SENATOR,21,,NM,"MOORES, MARK",Republican,1,,,,,0.92
NM,Albuquerque Journal,128401,2012,STATE SENATOR,14,,NM,"PADILLA, MICHAEL",Democrat,1,,,,,0.92
NM,Albuquerque Journal,128401,2012,STATE SENATOR,20,,NM,"PAYNE, WILLIAM H.",,1,,,,,0.92
NM,Albuquerque Journal,128401,2012,STATE SENATOR,10,,NM,"RYAN, JOHN CHRISTOPHER",Republican,1,,,,,0.92
NM,Albuquerque Journal,128401,2012,STATE SENATOR,15,,NM,"SNYDER, H. DIANE",Republican,1,,,,,0.92
NM,Albuquerque Journal,128401,2012,STATE SENATOR,18,,NM,"TORRACO, LISA",Republican,1,,,,,0.92
NM,Albuquerque Journal,128401,2014,ASSESSOR,,BERNALILLO COUNTY,NM,"TORRES, GEORGE E.",Republican,1,,,,,0.92
NM,Albuquerque Journal,128401,2014,ATTORNEY GENERAL,,,NM,"BALDERAS, HECTOR",Democrat,1,,,,,0.92
NM,Albuquerque Journal,128401,2014,AUDITOR,,,NM,"KELLER, TIMOTHY M.",Democrat,1,,,,,0.92
NM,Albuquerque Journal,128401,2014,CNTY COMM,5,BERNALILLO COUNTY,NM,"JOHNSON, WAYNE A.",Republican,1,,,,,0.92
NM,Albuquerque Journal,128401,2014,CNTY COMM,1,BERNALILLO COUNTY,NM,"OMALLEY, DEBBIE",Democrat,1,,,,,0.92
NM,Albuquerque Journal,128401,2014,COURT OF APPEALS,,,NM,"FRY, CYNTHIA A.",Democrat,1,,,,JUDICIAL RETENTION YES VOTE.,0.9
NM,Albuquerque Journal,128401,2014,COURT OF APPEALS,,,NM,"HANISEE, J. MILES",Republican,1,,,,,0.92
NM,Albuquerque Journal,128401,2014,COURT OF APPEALS,,,NM,"VANZI, LINDA M.",Democrat,1,,,,JUDICIAL RETENTION YES VOTE.,0.9
NM,Albuquerque Journal,128401,2014,COURT OF APPEALS,,,NM,"WECHSLER, JIM",Democrat,1,,,,JUDICIAL RETENTION YES VOTE.,0.9
NM,Albuquerque Journal,128401,2014,DISTRICT COURT JUDGE,2-23,,NM,"BACON, SHANNON",,1,,,,JUDICIAL RETENTION YES VOTE.,0.9
NM,Albuquerque Journal,128401,2014,DISTRICT COURT JUDGE,2-18,,NM,"BARELA-SHEPHERD, DENISE",,1,,,,JUDICIAL RETENTION YES VOTE.,0.9
NM,Albuquerque Journal,128401,2014,DISTRICT COURT JUDGE,2-26,,NM,"BROWN, CHARLES W.",,1,,,,JUDICIAL RETENTION YES VOTE.,0.9
NM,Albuquerque Journal,128401,2014,DISTRICT COURT JUDGE,2-16,,NM,"BUTKUS, CARL J.",,1,,,,JUDICIAL RETENTION YES VOTE.,0.9
NM,Albuquerque Journal,128401,2014,DISTRICT COURT JUDGE,2-19,,NM,"CHAVEZ, BENJAMIN",,1,,,,JUDICIAL RETENTION YES VOTE.,0.9
NM,Albuquerque Journal,128401,2014,DISTRICT COURT JUDGE,2-20,,NM,"FLORES, JACQUELINE DOLORES",,1,,,,JUDICIAL RETENTION YES VOTE.,0.9
NM,Albuquerque Journal,128401,2014,DISTRICT COURT JUDGE,2-?,,NM,"FRANCHINI, NANCY J.",Democrat,1,,,,,0.92
NM,Albuquerque Journal,128401,2014,DISTRICT COURT JUDGE,2-27,,NM,"FULLER, NED S.",Republican,1,,,,,0.92
NM,Albuquerque Journal,128401,2014,DISTRICT COURT JUDGE,2-21,,NM,"HADFIELD, ALISA ANN",,1,,,,JUDICIAL RETENTION YES VOTE.,0.9
NM,Albuquerque Journal,128401,2014,DISTRICT COURT JUDGE,2-?,,NM,"JARAMILLO, CRISTINA T.",Republican,1,,,,,0.92
NM,Albuquerque Journal,128401,2014,DISTRICT COURT JUDGE,2-?,,NM,"LOVELESS, BRETT",Republican,1,,,,,0.92
NM,Albuquerque Journal,128401,2014,DISTRICT COURT JUDGE,2-15,,NM,"MALOTT, ALAN M.",,1,,,,JUDICIAL RETENTION YES VOTE.,0.9
NM,Albuquerque Journal,128401,2014,DISTRICT COURT JUDGE,2-?,,NM,"NAKAMURA, JUDITH K.",Republican,1,,,,,0.92
NM,Albuquerque Journal,128401,2014,DISTRICT COURT JUDGE,2-17,,NM,"NASH, NAN G.",,1,,,,JUDICIAL RETENTION YES VOTE.,0.9
NM,Albuquerque Journal,128401,2014,DISTRICT COURT JUDGE,2-22,,NM,"WALKER, DEBORAH DAVIS",,1,,,,JUDICIAL RETENTION YES VOTE.,0.9
NM,Albuquerque Journal,128401,2014,DISTRICT COURT JUDGE,2-14,,NM,"WARD, MARIE",Democrat,1,,,,,0.92
NM,Albuquerque Journal,128401,2014,DISTRICT COURT JUDGE,2-25,,NM,"WHITEFIELD, ELIZABETH",,1,,,,JUDICIAL RETENTION YES VOTE.,0.9
NM,Albuquerque Journal,128401,2014,GOVERNOR,,,NM,"MARTINEZ, SUSANA",Republican,1,,1,,,0.92
NM,Albuquerque Journal,128401,2014,H,1,,NM,"LUJAN GRISHAM, MICHELLE",Democrat,1,1,,,,0.92
NM,Albuquerque Journal,128401,2014,H,3,,NM,"LUJAN, BEN RAY",Democrat,1,1,,,,0.92
NM,Albuquerque Journal,128401,2014,H,2,,NM,"PEARCE, STEVE",Republican,1,,1,,,0.92
NM,Albuquerque Journal,128401,2014,JUDGE,,BERNALILLO COUNTY METRO COURT,NM,"ALANIZ, HENRY A.",,1,,,,JUDICIAL RETENTION YES VOTE.,0.9
NM,Albuquerque Journal,128401,2014,JUDGE,,BERNALILLO COUNTY METRO COURT,NM,"ALLRED, ROSIE LAZCANO",,1,,,,JUDICIAL RETENTION YES VOTE.,0.9
NM,Albuquerque Journal,128401,2014,JUDGE,,BERNALILLO COUNTY METRO COURT,NM,"BENAVIDEZ, EDWARD L.",,1,,,,JUDICIAL RETENTION YES VOTE.,0.9
NM,Albuquerque Journal,128401,2014,JUDGE,,METRO COURT DIV 13,NM,"CASTILLO DOWLER, MICHELLE",Republican,1,,,,,0.92
NM,Albuquerque Journal,128401,2014,JUDGE,,BERNALILLO COUNTY METRO COURT,NM,"DOMINGUEZ, MARIA I.",,1,,,,JUDICIAL RETENTION YES VOTE.,0.9
NM,Albuquerque Journal,128401,2014,JUDGE,,METRO COURT,NM,"DURAN, JOHN",Republican,1,,,,,0.92
NM,Albuquerque Journal,128401,2014,JUDGE,,BERNALILLO COUNTY METRO COURT,NM,"ENGEL, SANDRA",,1,,,,JUDICIAL RETENTION YES VOTE.,0.9
NM,Albuquerque Journal,128401,2014,JUDGE,,BERNALILLO COUNTY METRO COURT,NM,"FITZWATER, KEVIN L.",,1,,,,JUDICIAL RETENTION YES VOTE.,0.9
NM,Albuquerque Journal,128401,2014,JUDGE,,BERNALILLO COUNTY METRO COURT,NM,"GONZALES, YVETTE K.",,1,,,,JUDICIAL RETENTION YES VOTE.,0.9
NM,Albuquerque Journal,128401,2014,JUDGE,,METRO COURT DIV 14,NM,"HOLGUIN, PEG A.",Republican,1,,,,,0.92
NM,Albuquerque Journal,128401,2014,JUDGE,,BERNALILLO COUNTY METRO COURT,NM,"RAMCZYK, DANIEL E.",,1,,,,JUDICIAL RETENTION YES VOTE.,0.9
NM,Albuquerque Journal,128401,2014,JUDGE,,BERNALILLO COUNTY METRO COURT,NM,"ROGERS, LINDA S.",,1,,,,JUDICIAL RETENTION YES VOTE.,0.9
NM,Albuquerque Journal,128401,2014,JUDGE,,METRO COURT DIV 4,NM,"SCHULTZ, CHRIS J.",Republican,1,,,,,0.92
NM,Albuquerque Journal,128401,2014,JUDGE,,BERNALILLO COUNTY METRO COURT,NM,"SEDILLO, FRANK A.",,1,,,,JUDICIAL RETENTION YES VOTE.,0.9
NM,Albuquerque Journal,128401,2014,JUDGE,,BERNALILLO COUNTY METRO COURT,NM,"VALDEZ, VICTOR E.",,1,,,,JUDICIAL RETENTION YES VOTE.,0.9
NM,Albuquerque Journal,128401,2014,JUDGE,,BERNALILLO COUNTY METRO COURT,NM,"WALTON, SHARON D.",,1,,,,JUDICIAL RETENTION YES VOTE.,0.9
NM,Albuquerque Journal,128401,2014,LAND COMMISSIONER,,,NM,"POWELL, RAY BENNETT",Democrat,1,,,,,0.92
NM,Albuquerque Journal,128401,2014,RAILROAD COMMISSION,5,,NM,"JONES, SANDY",Democrat,1,,,,,0.92
NM,Albuquerque Journal,128401,2014,SEC OF STATE,,,NM,"DURAN, DIANNA J.",Republican,1,,1,,,0.92
NM,Albuquerque Journal,128401,2014,SENATOR,,,NM,"UDALL, TOM",Democrat,1,1,,,,0.92
NM,Albuquerque Journal,128401,2014,SHERIFF,,BERNALILLO COUNTY,NM,"GONZALES, MANUEL III",Democrat,1,,,,,0.92
NM,Albuquerque Journal,128401,2014,STATE REP,29,,NM,"ADKINS, DAVID EDWARD",Republican,1,,,,,0.92
NM,Albuquerque Journal,128401,2014,STATE REP,14,,NM,"CHAVEZ, ROBERT W.",Republican,1,,,,,0.92
NM,Albuquerque Journal,128401,2014,STATE REP,20,,NM,"DINES, JAMES MITCHELL",Republican,1,,,,,0.92
NM,Albuquerque Journal,128401,2014,STATE REP,30,,NM,"GENTRY, NATE",Republican,1,,,,,0.92
NM,Albuquerque Journal,128401,2014,STATE REP,24,,NM,"JAMES, CONRAD D.",Republican,1,,,,,0.92
NM,Albuquerque Journal,128401,2014,STATE REP,27,,NM,"LARRANAGA, LORENZO A.",Republican,1,,,,,0.92
NM,Albuquerque Journal,128401,2014,STATE REP,26,,NM,"LOUIS, GEORGENE",Democrat,1,,,,,0.92
NM,Albuquerque Journal,128401,2014,STATE REP,15,,NM,"MAESTAS BARNES, SARAH",Republican,1,,,,,0.92
NM,Albuquerque Journal,128401,2014,STATE REP,16,,NM,"MAESTAS, ANTONIO ""MOE""",Democrat,1,,,,,0.92
NM,Albuquerque Journal,128401,2014,STATE REP,23,,NM,"PACHECO, PAUL A.",Republican,1,,,,,0.92
NM,Albuquerque Journal,128401,2014,STATE REP,22,,NM,"SMITH, JAMES E.",Republican,1,,,,,0.92
NM,Albuquerque Journal,128401,2014,STATE REP,25,,NM,"TRUJILLO, CHRISTINE",Democrat,1,,,,,0.92
NM,Albuquerque Journal,128401,2014,SUPREME COURT,,,NM,"CHAVEZ, EDWARD L.",Democrat,1,,,,JUDICIAL RETENTION YES VOTE.,0.9
NM,Albuquerque Journal,128401,2014,TREASURER,,,NM,"LOPEZ, RICK J.",Republican,1,,,,,0.92
NM,Albuquerque Journal,128401,2016,CNTY CLERK,,BERNALILLO COUNTY,NM,"ORTEGA-SAENZ, MARYELLEN",Republican,1,,,,,0.92
NM,Albuquerque Journal,128401,2016,CNTY COMM,2,BERNALILLO COUNTY,NM,"QUEZADA, STEVEN MICHAEL",Democrat,1,,,,,0.92
NM,Albuquerque Journal,128401,2016,CNTY TREASURER,,BERNALILLO COUNTY,NM,"BEARCE, NANCY MARIE",Democrat,1,,,,,0.92
NM,Albuquerque Journal,128401,2016,COURT OF APPEALS,,,NM,"FRENCH, STEPHEN G.",Republican,1,,,,,0.92
NM,Albuquerque Journal,128401,2016,DISTRICT COURT JUDGE,2-9,,NM,"WILLIAMS, DAVID N.",Republican,1,,,,,0.92
NM,Albuquerque Journal,128401,2016,H,1,,NM,"LUJAN GRISHAM, MICHELLE",Democrat,1,,,,,0.92
NM,Albuquerque Journal,128401,2016,H,3,,NM,"LUJAN, BEN R.",Democrat,1,,,,,0.92
NM,Albuquerque Journal,128401,2016,H,2,,NM,"PEARCE, STEVE",Republican,1,,,,,0.92
NM,Albuquerque Journal,128401,2016,JUDGE,,METRO COURT DIV 2,NM,"SCHULTZ, CHRIS J.",Republican,1,,,,,0.92
NM,Albuquerque Journal,128401,2016,SEC OF STATE,,,NM,"TOULOUSE OLIVER, MAGGIE",Democrat,1,,,,,0.92
NM,Albuquerque Journal,128401,2016,STATE REP,29,,NM,"ADKINS, DAVID E.",Republican,1,,1,,,0.92
NM,Albuquerque Journal,128401,2016,STATE REP,20,,NM,"DINES, JIM",Republican,1,,1,,,0.92
NM,Albuquerque Journal,128401,2016,STATE REP,30,,NM,"GENTRY, NATE",Republican,1,,1,,,0.92
NM,Albuquerque Journal,128401,2016,STATE REP,24,,NM,"HALL, CHRISTINA MARIE",Republican,1,,,,,0.92
NM,Albuquerque Journal,128401,2016,STATE REP,27,,NM,"LARRANAGA, LORENZO A.",Republican,1,,1,,,0.92
NM,Albuquerque Journal,128401,2016,STATE REP,15,,NM,"MAESTAS BARNES, SARAH",Republican,1,,1,,,0.92
NM,Albuquerque Journal,128401,2016,STATE REP,23,,NM,"PACHECO, PAUL A.",Republican,1,,1,,,0.92
NM,Albuquerque Journal,128401,2016,STATE REP,31,,NM,"REHM, WILLIAM R.",Republican,1,,1,,,0.92
NM,Albuquerque Journal,128401,2016,STATE REP,22,,NM,"SMITH, JAMES E.",Republican,1,,1,,,0.92
NM,Albuquerque Journal,128401,2016,STATE SENATOR,9,,NM,"ESPINOZA, DIEGO L.",Republican,1,,,,,0.92
NM,Albuquerque Journal,128401,2016,STATE SENATOR,15,,NM,"IVEY-SOTO, DANIEL A.",Democrat,1,1,,,,0.92
NM,Albuquerque Journal,128401,2016,STATE SENATOR,21,,NM,"MOORES, MARK DAVID",Republican,1,,1,,,0.92
NM,Albuquerque Journal,128401,2016,STATE SENATOR,13,,NM,"ONEILL, BILL B.",Democrat,1,1,,,,0.92
NM,Albuquerque Journal,128401,2016,STATE SENATOR,23,,NM,"RUE, SANDER",Republican,1,,1,,,0.92
NM,Albuquerque Journal,128401,2016,STATE SENATOR,10,,NM,"SIMON, DAVID J.",Democrat,1,,,,,0.92
NM,Albuquerque Journal,128401,2016,STATE SENATOR,18,,NM,"TORRACO, LISA",Republican,1,,1,,,0.92
NM,Albuquerque Journal,128401,2016,STATE SENATOR,19,,NM,"WHITE, JAMES P.",Republican,1,,1,,,0.92
NM,Albuquerque Journal,128401,2016,SUPREME COURT,,,NM,"NAKAMURA, JUDITH K.",Republican,1,,1,,,0.92
NM,Albuquerque Journal,128401,2016,CNTY CLERK,,BERNALILLO COUNTY,NM,"ORTEGA SAENZ, MARYELLEN",,1,,,,,0.85
NM,Albuquerque Journal,128401,2016,CNTY COMM,1,BERNALILLO COUNTY,NM,"HART STEBBINS, MAGGIE",,1,,,,Unopposed county race,0.9
NM,Albuquerque Journal,128401,2016,CNTY COMM,2,BERNALILLO COUNTY,NM,"SWEAT, STEVEN MICHAEL QUEZADA",Democrat,1,,,,,0.65
NM,Albuquerque Journal,128401,2016,CNTY COMM,5,BERNALILLO COUNTY,NM,"TALBERT, LONNIE C.",Republican,1,,,,Unopposed county race,0.9
NM,Albuquerque Journal,128401,2016,CNTY TREASURER,,BERNALILLO COUNTY,NM,"PEARCE, NANCY MARIE",Democrat,1,,,,,0.75
NM,Albuquerque Journal,128401,2016,COURT OF APPEALS,,,NM,"GARCIA, TIM",Democrat,1,,,,Judicial retention - Yes vote,0.9
NM,Albuquerque Journal,128401,2016,DISTRICT COURT JUDGE,2-9,,NM,"WILLIAMS, DAVID W.",Republican,1,,,,2nd Judicial District Court Division 9,0.9
NM,Albuquerque Journal,128401,2016,H,3,,NM,"LUJAN, BEN RAY",Democrat,1,1,,,,0.92
NM,Albuquerque Journal,128401,2016,JUDGE,,METRO COURT DIV 2,NM,"SCHULTZ, CHRIS",Republican,1,,,,,0.9
NM,Albuquerque Journal,128401,2016,STATE REP,29,,NM,"ADKINS, DAVID",Republican,1,,1,,,0.9
NM,Albuquerque Journal,128401,2016,STATE REP,17,,NM,"ARMSTRONG, DEBORAH A.",Democrat,1,,,,Unopposed area house race,0.9
NM,Albuquerque Journal,128401,2016,STATE REP,18,,NM,"CHASEY, GAIL",Democrat,1,,,,Unopposed area house race,0.9
NM,Albuquerque Journal,128401,2016,STATE REP,14,,NM,"GARCIA, MIGUEL P.",Democrat,1,,,,Unopposed area house race,0.9
NM,Albuquerque Journal,128401,2016,STATE REP,28,,NM,"HALL, JIMMIE",Republican,1,,,,Unopposed area house race; OCR shows 'Sm Hal',0.8
NM,Albuquerque Journal,128401,2016,STATE REP,26,,NM,"LOUIS, GEORGENE",Democrat,1,,,,Unopposed area house race,0.9
NM,Albuquerque Journal,128401,2016,STATE REP,16,,NM,"MAESTAS, ANTONIO ""MOE""",Democrat,1,,,,Unopposed area house race,0.9
NM,Albuquerque Journal,128401,2016,STATE REP,11,,NM,"MARTINEZ, JAVIER L.",Democrat,1,,,,Unopposed area house race,0.9
NM,Albuquerque Journal,128401,2016,STATE REP,,,NM,"REHM, BILL",Republican,1,,,,,0.75
NM,Albuquerque Journal,128401,2016,STATE REP,10,,NM,"ROMERO, G. ANDRES",Democrat,1,,,,Unopposed area house race,0.9
NM,Albuquerque Journal,128401,2016,STATE REP,13,,NM,"ROYBAL CABALLERO, PATRICIA",Democrat,1,,,,Unopposed area house race,0.85
NM,Albuquerque Journal,128401,2016,STATE REP,21,,NM,"SARINANA, DEBRA MARIE",Democrat,1,,,,Unopposed area house race,0.85
NM,Albuquerque Journal,128401,2016,STATE REP,25,,NM,"TRUJILLO, CHRISTINE",Democrat,1,,,,Unopposed area house race,0.9
NM,Albuquerque Journal,128401,2016,STATE REP,19,,NM,"WILLIAMS STAPLETON, SHERYL M.",Democrat,1,,,,Unopposed area house race,0.85
NM,Albuquerque Journal,128401,2016,STATE SENATOR,26,,NM,"CANDELARIA, JACOB",Democrat,1,,,,Unopposed area senate race,0.9
NM,Albuquerque Journal,128401,2016,STATE SENATOR,11,,NM,"LOPEZ, LINDA M.",Democrat,1,,,,Unopposed area senate race,0.9
NM,Albuquerque Journal,128401,2016,STATE SENATOR,12,,NM,"ORTIZ Y PINO, GERALD P.",Democrat,1,,,,Unopposed area senate race,0.9
NM,Albuquerque Journal,128401,2016,STATE SENATOR,20,,NM,"PAYNE, WILLIAM H.",Republican,1,,,,Unopposed area senate race,0.9
NM,Albuquerque Journal,128401,2016,STATE SENATOR,24,,NM,"RUE, SANDER",Republican,1,,,,,0.92
NM,Albuquerque Journal,128401,2016,STATE SENATOR,17,,NM,"STEWART, MIMI",Democrat,1,,,,Unopposed area senate race,0.9
NM,Albuquerque Journal,128401,2016,SUPREME COURT,,,NM,"VIGIL, BARBARA J.",Democrat,1,,,,Judicial retention - Yes vote,0.85
NM,Albuquerque Journal,128401,2018,ATTORNEY GENERAL,,,NM,"BALDERAS, HECTOR",Democrat,1,1,,,,0.92
NM,Albuquerque Journal,128401,2018,AUDITOR,,,NM,"COLON, BRIAN",Democrat,1,,,,,0.92
NM,Albuquerque Journal,128401,2018,CNTY COMM,5,BERNALILLO COUNTY,NM,"SMITH, JAMES",Republican,1,,,,,0.92
NM,Albuquerque Journal,128401,2018,COURT OF APPEALS,POSITION 1,,NM,"FRENCH, STEPHEN",Republican,1,,,,,0.92
NM,Albuquerque Journal,128401,2018,COURT OF APPEALS,POSITION 4,,NM,"GALLEGOS, DANIEL JOSE",Republican,1,,,,,0.92
NM,Albuquerque Journal,128401,2018,COURT OF APPEALS,POSITION 2,,NM,"MEDINA, JACQUELINE",Democrat,1,,,,,0.92
NM,Albuquerque Journal,128401,2018,COURT OF APPEALS,POSITION 3,,NM,"ZAMORA, BRIANA",Democrat,1,,,,,0.92
NM,Albuquerque Journal,128401,2018,GOVERNOR,,,NM,"PEARCE, STEVE",Republican,1,,,,,0.92
NM,Albuquerque Journal,128401,2018,H,1,,NM,"ARNOLD-JONES, JANICE",Republican,1,,,,,0.92
NM,Albuquerque Journal,128401,2018,H,2,,NM,"HERRELL, YVETTE",Republican,1,,,,,0.92
NM,Albuquerque Journal,128401,2018,H,3,,NM,"LUJAN, BEN RAY",Democrat,1,1,,,,0.92
NM,Albuquerque Journal,128401,2018,LAND COMMISSIONER,,,NM,"LYONS, PATRICK",Republican,1,,,,,0.92
NM,Albuquerque Journal,128401,2018,RAILROAD COMMISSION,5,,NM,"FISCHMANN, STEPHEN H.",Democrat,1,,,,,0.92
NM,Albuquerque Journal,128401,2018,RAILROAD COMMISSION,2,,NM,"SANDERS, KEVIN J.",Democrat,1,,,,,0.92
NM,Albuquerque Journal,128401,2018,SEC OF STATE,,,NM,"TOULOUSE OLIVER, MAGGIE",Democrat,1,1,,,,0.92
NM,Albuquerque Journal,128401,2018,SENATOR,,,NM,"HEINRICH, MARTIN",Democrat,1,1,,,,0.92
NM,Albuquerque Journal,128401,2018,SHERIFF,,BERNALILLO COUNTY,NM,"GOLSON, LOU",Republican,1,,,,,0.92
NM,Albuquerque Journal,128401,2018,STATE REP,29,,NM,"ADKINS, DAVID",Republican,1,,,,,0.92
NM,Albuquerque Journal,128401,2018,STATE REP,17,,NM,"ARMSTRONG, DEBORAH",Democrat,1,,,,,0.92
NM,Albuquerque Journal,128401,2018,STATE REP,20,,NM,"DINES, JIM",Republican,1,,,,,0.92
NM,Albuquerque Journal,128401,2018,STATE REP,23,,NM,"ELY, DAYMON",Democrat,1,,,,,0.92
NM,Albuquerque Journal,128401,2018,STATE REP,27,,NM,"GODSHALL, ROBERT",Republican,1,,,,,0.92
NM,Albuquerque Journal,128401,2018,STATE REP,28,,NM,"HALL, JIMMIE",Republican,1,,,,,0.92
NM,Albuquerque Journal,128401,2018,STATE REP,57,,NM,"HARPER, JASON",Republican,1,,,,,0.92
NM,Albuquerque Journal,128401,2018,STATE REP,30,,NM,"JONES, JOHN",Republican,1,,,,,0.92
NM,Albuquerque Journal,128401,2018,STATE REP,60,,NM,"LEWIS, TIM",Republican,1,,,,,0.92
NM,Albuquerque Journal,128401,2018,STATE REP,25,,NM,"MARENTES, JOAN ANTOINETTE",Republican,1,,,,,0.92
NM,Albuquerque Journal,128401,2018,STATE REP,24,,NM,"MORRIS, TREY STEPHEN",Republican,1,,,,,0.92
NM,Albuquerque Journal,128401,2018,STATE REP,44,,NM,"POWDRELL-CULBERT, JANE",Republican,1,,,,,0.92
NM,Albuquerque Journal,128401,2018,STATE REP,31,,NM,"REHM, WILLIAM",Republican,1,,,,,0.92
NM,Albuquerque Journal,128401,2018,STATE REP,22,,NM,"SCHMEDES, GREGG WILLIAM",Republican,1,,,,,0.92
NM,Albuquerque Journal,128401,2018,STATE REP,15,,NM,"WINTER, BRAD",Republican,1,,,,,0.92
NM,Albuquerque Journal,128401,2018,STATE REP,68,,NM,"YOUNGBLOOD, MONICA",Republican,1,,,,,0.92
NM,Albuquerque Journal,128401,2018,SUPREME COURT,,,NM,"CLINGMAN, GARY",Republican,1,,,,,0.92
NM,Albuquerque Journal,128401,2018,TREASURER,,,NM,"EICHENBERG, TIM",Democrat,1,,,,,0.92
NM,Albuquerque Journal,128401,2018,COURT OF APPEALS,1,,NM,"FRENCH, STEPHEN",Republican,1,,,,Position 1,0.92
NM,Albuquerque Journal,128401,2018,COURT OF APPEALS,4,,NM,"GALLEGOS, DANIEL JOSE",Republican,1,,,,Position 4,0.9
NM,Albuquerque Journal,128401,2018,COURT OF APPEALS,,,NM,"HANISEE, J. MILES",Republican,1,,,,Judicial Retention - Yes,0.92
NM,Albuquerque Journal,128401,2018,COURT OF APPEALS,2,,NM,"MEDINA, JACQUELINE",Democrat,1,,,,Position 2,0.92
NM,Albuquerque Journal,128401,2018,COURT OF APPEALS,3,,NM,"ZAMORA, BRIANA",Democrat,1,,,,Position 3,0.92
NM,Albuquerque Journal,128401,2018,H,1,,NM,"ARNOLD JONES, JANICE",Republican,1,,,,,0.92
NM,Albuquerque Journal,128401,2018,JUDGE,,METRO COURT DIV 17,NM,"ALANIZ, HENRY A.",,1,,,,Judicial Retention - Yes,0.92
NM,Albuquerque Journal,128401,2018,JUDGE,,METRO COURT DIV 18,NM,"ALLRED, ROSIE LAZCANO",,1,,,,Judicial Retention - Yes,0.92
NM,Albuquerque Journal,128401,2018,JUDGE,,METRO COURT DIV 10,NM,"BENAVIDEZ, EDWARD L.",,1,,,,Judicial Retention - Yes,0.92
NM,Albuquerque Journal,128401,2018,JUDGE,,METRO COURT DIV 13,NM,"CASTILLO DOWLER, MICHELLE",,1,,,,Judicial Retention - Yes,0.92
NM,Albuquerque Journal,128401,2018,JUDGE,,METRO COURT DIV 14,NM,"CHAVEZ, VIDALIA G.",,1,,,,Judicial Retention - Yes,0.92
NM,Albuquerque Journal,128401,2018,JUDGE,,METRO COURT,NM,"COSGROVE-AGUILAR, ROSEMARY",,1,,,,Judicial Retention - Yes,0.92
NM,Albuquerque Journal,128401,2018,JUDGE,,METRO COURT DIV 11,NM,"ENGEL, SANDRA",,1,,,,Judicial Retention - Yes,0.92
NM,Albuquerque Journal,128401,2018,JUDGE,,METRO COURT DIV 9,NM,"GONZALES, YVETTE K.",,1,,,,Judicial Retention - Yes,0.92
NM,Albuquerque Journal,128401,2018,JUDGE,,METRO COURT DIV 8,NM,"MARTINEZ, JILL M.",,1,,,,Judicial Retention - Yes,0.92
NM,Albuquerque Journal,128401,2018,JUDGE,,METRO COURT DIV 15,NM,"MONTOYA, KENNY C.",,1,,,,Judicial Retention - Yes,0.92
NM,Albuquerque Journal,128401,2018,JUDGE,,METRO COURT DIV 12,NM,"RAMCZYK, DANIEL E.",,1,,,,Judicial Retention - Yes,0.92
NM,Albuquerque Journal,128401,2018,JUDGE,,METRO COURT,NM,"RODRIGUEZ, CHRISTINE EVE",,1,,,,Judicial Retention - Yes,0.9
NM,Albuquerque Journal,128401,2018,JUDGE,,METRO COURT DIV 19,NM,"ROGERS, LINDA S.",,1,,,,Judicial Retention - Yes,0.92
NM,Albuquerque Journal,128401,2018,JUDGE,,METRO COURT DIV 5,NM,"SEDILLO, FRANK A.",,1,,,,Judicial Retention - Yes,0.92
NM,Albuquerque Journal,128401,2018,JUDGE,,METRO COURT DIV 3,NM,"TORRES, RENEE",,1,,,,Judicial Retention - Yes,0.92
NM,Albuquerque Journal,128401,2018,JUDGE,,METRO COURT DIV 1,NM,"VALDEZ, VICTOR E.",,1,,,,Judicial Retention - Yes,0.92
NM,Albuquerque Journal,128401,2018,JUDGE,,METRO COURT DIV 4,NM,"WEAKS, COURTNEY BRYN",,1,,,,Judicial Retention - Yes,0.92
NM,Albuquerque Journal,128401,2018,RAILROAD COMMISSION,,,NM,"FISCHMANN, STEPHEN H.",Democrat,1,,,,Public Regulation Commission,0.9
NM,Albuquerque Journal,128401,2018,RAILROAD COMMISSION,,,NM,"SANDERS, KEVIN J.",Democrat,1,,,,Public Regulation Commission,0.9
NM,Albuquerque Journal,128401,2018,STATE REP,,,NM,"ARMSTRONG, DEBORAH",Democrat,1,,,,,0.7
NM,Albuquerque Journal,128401,2018,STATE REP,,,NM,"MARET, JOAN ANTOINETTE",Republican,1,,,,House District (number partially obscured),0.75
NM,Albuquerque Journal,128401,2018,STATE REP,,,NM,"MORRIS, STEPHEN",Republican,1,,,,,0.7
NM,Albuquerque Journal,128401,2018,STATE REP,,,NM,"SCHMEDES, WILLIAM",Republican,1,,,,,0.7
NM,Albuquerque Journal,128401,2018,STATE REP,,,NM,"WINTER, BRAD",Republican,1,,,,,0.7
NM,Albuquerque Journal,128401,2020,CNTY COMM,4,BERNALILLO COUNTY,NM,"BENSON, GEORGE ""WALT""",Republican,1,,,,,0.92
NM,Albuquerque Journal,128401,2020,COURT OF APPEALS,POSITION 1,,NM,"IVES, ZACH",Democrat,1,,,,,0.92
NM,Albuquerque Journal,128401,2020,COURT OF APPEALS,POSITION 2,,NM,"LEE, GERTRUDE",Republican,1,,,,,0.92
NM,Albuquerque Journal,128401,2020,COURT OF APPEALS,POSITION 3,,NM,"YOHALEM, JANE B.",Democrat,1,,,,,0.92
NM,Albuquerque Journal,128401,2020,DISTRICT COURT JUDGE,2-15,,NM,"GALLEGOS, DANIEL J.",Republican,1,,,,,0.92
NM,Albuquerque Journal,128401,2020,H,1,,NM,"GARCIA HOLMES, MICHELLE",Republican,1,,,,,0.92
NM,Albuquerque Journal,128401,2020,H,3,,NM,"LEGER FERNANDEZ, TERESA",Democrat,1,,,,,0.92
NM,Albuquerque Journal,128401,2020,H,2,,NM,"TORRES SMALL, XOCHITL",Democrat,1,1,,,,0.92
NM,Albuquerque Journal,128401,2020,RAILROAD COMMISSION,1,,NM,"HALL, CYNTHIA B.",Democrat,1,,,,,0.92
NM,Albuquerque Journal,128401,2020,RAILROAD COMMISSION,3,,NM,"MAESTAS, JOSEPH",Democrat,1,,,,,0.92
NM,Albuquerque Journal,128401,2020,SENATOR,,,NM,"RONCHETTI, MARK",Republican,1,,,,,0.92
NM,Albuquerque Journal,128401,2020,STATE REP,17,,NM,"ARMSTRONG, DEBORAH",Democrat,1,,,,,0.92
NM,Albuquerque Journal,128401,2020,STATE REP,68,,NM,"COPPOLA, GIOVANNI",Republican,1,,,,,0.92
NM,Albuquerque Journal,128401,2020,STATE REP,12,,NM,"DE LA CRUZ, ART",Democrat,1,,,,,0.92
NM,Albuquerque Journal,128401,2020,STATE REP,29,,NM,"DE STITH, ADELIOUS",Republican,1,,,,,0.92
NM,Albuquerque Journal,128401,2020,STATE REP,23,,NM,"ELY, DAYMON",Democrat,1,,,,,0.92
NM,Albuquerque Journal,128401,2020,STATE REP,27,,NM,"GODSHALL, ROBERT",Republican,1,,,,,0.92
NM,Albuquerque Journal,128401,2020,STATE REP,57,,NM,"HARPER, JASON",Republican,1,,,,,0.92
NM,Albuquerque Journal,128401,2020,STATE REP,20,,NM,"HENDRICKS, MICHAEL",Republican,1,,,,,0.92
NM,Albuquerque Journal,128401,2020,STATE REP,15,,NM,"HOCHMAN-VIGIL, DAYAN ""DAY""",Democrat,1,,,,,0.92
NM,Albuquerque Journal,128401,2020,STATE REP,30,,NM,"JONES, JOHN L.",Republican,1,,,,,0.92
NM,Albuquerque Journal,128401,2020,STATE REP,16,,NM,"MAESTAS, ANTONIO ""MOE""",Democrat,1,,,,,0.92
NM,Albuquerque Journal,128401,2020,STATE REP,13,,NM,"MARSHALL, KAYLA RENEE",Republican,1,,,,,0.92
NM,Albuquerque Journal,128401,2020,STATE REP,44,,NM,"POWDRELL-CULBERT, JANE",Republican,1,,,,,0.92
NM,Albuquerque Journal,128401,2020,STATE REP,31,,NM,"REHM, BILL",Republican,1,,,,,0.92
NM,Albuquerque Journal,128401,2020,STATE REP,25,,NM,"RICH-JACKSON, SARAH",Republican,1,,,,,0.92
NM,Albuquerque Journal,128401,2020,STATE REP,10,,NM,"ROMERO, G. ANDRES",Democrat,1,,,,,0.92
NM,Albuquerque Journal,128401,2020,STATE REP,21,,NM,"SARINANA, DEBRA MARIE",Democrat,1,,,,,0.92
NM,Albuquerque Journal,128401,2020,STATE REP,28,,NM,"STANSBURY, MELANIE",Democrat,1,,,,,0.92
NM,Albuquerque Journal,128401,2020,STATE REP,24,,NM,"THOMSON, ELIZABETH ""LIZ""",Democrat,1,,,,,0.92
NM,Albuquerque Journal,128401,2020,STATE REP,11,,NM,"TRUJILLO SR., ADRIAN ANTHONY",Republican,1,,,,,0.92
NM,Albuquerque Journal,128401,2020,STATE REP,22,,NM,"VELASQUEZ, JESSICA",Democrat,1,,,,,0.92
NM,Albuquerque Journal,128401,2020,STATE SENATOR,26,,NM,"CANDELARIA, JACOB",Democrat,1,,,,,0.92
NM,Albuquerque Journal,128401,2020,STATE SENATOR,18,,NM,"CHAVEZ, RYAN ALEXANDRA",Republican,1,,,,,0.92
NM,Albuquerque Journal,128401,2020,STATE SENATOR,9,,NM,"CLARK, JOHN STAHLMAN",Republican,1,,,,,0.92
NM,Albuquerque Journal,128401,2020,STATE SENATOR,16,,NM,"FLANDERS, CHELSEA ANN",Republican,1,,,,,0.92
NM,Albuquerque Journal,128401,2020,STATE SENATOR,10,,NM,"GOULD, CANDACE",Republican,1,,,,,0.92
NM,Albuquerque Journal,128401,2020,STATE SENATOR,20,,NM,"HICKEY, MARTIN",Democrat,1,,,,,0.92
NM,Albuquerque Journal,128401,2020,STATE SENATOR,15,,NM,"IVEY-SOTO, DANIEL",Democrat,1,,,,,0.92
NM,Albuquerque Journal,128401,2020,STATE SENATOR,21,,NM,"MOORES, MARK",Republican,1,,,,,0.92
NM,Albuquerque Journal,128401,2020,STATE SENATOR,13,,NM,"ONEILL, BILL",Democrat,1,,,,,0.92
NM,Albuquerque Journal,128401,2020,STATE SENATOR,12,,NM,"ORTIZ Y PINO, GERALD",Democrat,1,,,,,0.92
NM,Albuquerque Journal,128401,2020,STATE SENATOR,14,,NM,"PADILLA, MICHAEL",Democrat,1,,,,,0.92
NM,Albuquerque Journal,128401,2020,STATE SENATOR,23,,NM,"RUE, SANDER",Republican,1,,,,,0.92
NM,Albuquerque Journal,128401,2020,STATE SENATOR,19,,NM,"SCHMEDES, GREGG",Republican,1,,,,,0.92
NM,Albuquerque Journal,128401,2020,STATE SENATOR,17,,NM,"STEWART, MIMI",Democrat,1,,,,,0.92
NM,Albuquerque Journal,128401,2020,SUPREME COURT,POSITION 1,,NM,"BACON, SHANNON",Democrat,1,,,,,0.92
NM,Albuquerque Journal,128401,2020,SUPREME COURT,POSITION 2,,NM,"MORRIS, KERRY J.",Republican,1,,,,,0.92
