state_newspaper,newspaper,newspaper_id,year,office,dist,dname,state_election,cand_name,party,endorsed,d_inc,r_inc,o_inc,notes_endorse,extraction_confidence
OH,Cincinnati Post,134750,1950,GOVERNOR,,,OH,"LAUSCHE, FRANK J.",Democrat,1,1,,,CROSS-PARTY ENDORSEMENT OF DEMOCRATIC GOVERNOR; LAUSCHE SEEKING RE-ELECTION; CLEARLY READABLE NAME WITH X MARK,0.88
OH,Cincinnati Post,134750,1950,SEC OF STATE,,,OH,"BROWN, TED W.",Republican,1,,1,,X MARK ENDORSEMENT; SPLIT TICKET WITH LAUSCHE (D) FOR GOVERNOR,0.85
OH,Cincinnati Post,134750,1950,AUDITOR,,,OH,"FERGUSON, JOSEPH T.",Democrat,1,1,,,X MARK ENDORSEMENT; DEMOCRATIC AUDITOR,0.85
OH,Cincinnati Post,134750,1950,TREASURER,,Hamilton,OH,"TRACY, ROGER W.",Republican,1,,1,,X MARK ENDORSEMENT; REPUBLICAN TREASURER; SPLIT TICKET; DNAME FILL: Hamilton County (R45),0.85
OH,Cincinnati Post,134750,1950,SUPREME COURT,CHIEF JUSTICE,,OH,"WEYGANDT, CARL V.",Nonpartisan,1,,,,NON-PARTISAN BALLOT; CHIEF JUSTICE OF SUPREME COURT; X MARK,0.7
OH,Cincinnati Post,134750,1951,CITY COUNCIL,,Cincinnati,OH,"PROCTOR, HARRY E.",Charter,1,,,,CHARTER CANDIDATE; LISTED FIRST AMONG POST'S FAVORED CANDIDATES; DNAME FILL: Cincinnati (R45 corrected),0.9
OH,Cincinnati Post,134750,1951,CITY COUNCIL,,Cincinnati,OH,"BERRY, THEODORE M.",Charter,1,,,,CHARTER CANDIDATE; PROMINENT AFRICAN AMERICAN POLITICAL LEADER IN CINCINNATI; DNAME FILL: Cincinnati (R45 corrected),0.9
OH,Cincinnati Post,134750,1951,CITY COUNCIL,,Cincinnati,OH,"ROBERTS, A. E.",Charter,1,,,,CHARTER CANDIDATE; FIRST NAME APPEARS AS INITIALS ONLY; DNAME FILL: Cincinnati (R45 corrected),0.88
OH,Cincinnati Post,134750,1951,CITY COUNCIL,,Cincinnati,OH,"GOLDSTEIN, HAROLD K.",Charter,1,,,,CHARTER CANDIDATE; DNAME FILL: Cincinnati (R45 corrected),0.9
OH,Cincinnati Post,134750,1951,CITY COUNCIL,,Cincinnati,OH,"DOLBEY, DOROTHY NICHOLS",Charter,1,,,,CHARTER CANDIDATE; PROMINENT CINCINNATI REFORMER; NAME PRINTED AS DOROTHY NICHOLS DOLBEY; DNAME FILL: Cincinnati (R45 corrected),0.9
OH,Cincinnati Post,134750,1951,CITY COUNCIL,,Cincinnati,OH,"CASH, ALBERT D.",Charter,1,,,,CHARTER CANDIDATE; DNAME FILL: Cincinnati (R45 corrected),0.9
OH,Cincinnati Post,134750,1951,CITY COUNCIL,,Cincinnati,OH,"WALDVOGEL, EDWARD N.",Charter,1,,,,CHARTER CANDIDATE; DNAME FILL: Cincinnati (R45 corrected),0.88
OH,Cincinnati Post,134750,1951,CITY COUNCIL,,Cincinnati,OH,"LEIS, SIMON L.",Republican,1,,,,REPUBLICAN; LISTED AS 'WELL QUALIFIED' ON THE REPUBLICAN SIDE; LEIS FAMILY PROMINENT IN HAMILTON COUNTY POLITICS; DNAME FILL: Cincinnati (R45 corrected),0.9
OH,Cincinnati Post,134750,1951,CITY COUNCIL,,Cincinnati,OH,"BAUER, CHARLES W.",Republican,1,,,,REPUBLICAN; LISTED AS 'WELL QUALIFIED'; DNAME FILL: Cincinnati (R45 corrected),0.9
OH,Cincinnati Post,134750,1951,CITY COUNCIL,,Cincinnati,OH,"STEWART, POTTER",Republican,1,,,,REPUBLICAN; LISTED AS 'WELL QUALIFIED'; POTTER STEWART LATER SERVED AS US SUPREME COURT JUSTICE (1958-1981); DNAME FILL: Cincinnati (R45 corrected),0.92
OH,Cincinnati Post,134750,1951,CITY COUNCIL,,Cincinnati,OH,"ALLEN, DOUGLASS M. JR.",Republican,1,,,,REPUBLICAN; LISTED AS 'WELL QUALIFIED'; DNAME FILL: Cincinnati (R45 corrected),0.88
OH,Cincinnati Post,134750,1952,PRESIDENT,,,OH,"EISENHOWER, DWIGHT D.",Republican,1,,,,LISTED FIRST; 1952 PRESIDENTIAL RACE,0.92
OH,Cincinnati Post,134750,1952,GOVERNOR,,,OH,"TAFT, CHARLES P.",Republican,1,,,,CHARLES PHELPS TAFT II; PROMINENT CINCINNATI REPUBLICAN; SON OF PRESIDENT TAFT; LOST GENERAL ELECTION TO LAUSCHE,0.9
OH,Cincinnati Post,134750,1952,SENATOR,,,OH,"BRICKER, JOHN W.",Republican,1,,1,,INCUMBENT REPUBLICAN SENATOR; FORMERLY GOVERNOR OF OHIO,0.9
OH,Cincinnati Post,134750,1952,LT GOVERNOR,,,OH,"NYE, GEORGE D.",Republican,1,,,,,0.78
OH,Cincinnati Post,134750,1952,SEC OF STATE,,,OH,"BROWN, TED W.",Republican,1,,1,,ALSO ENDORSED IN 1950,0.85
OH,Cincinnati Post,134750,1952,AUDITOR,,,OH,"RHODES, JAMES A.",Republican,1,,,,JAMES A. RHODES LATER SERVED AS FOUR-TERM GOVERNOR OF OHIO,0.85
OH,Cincinnati Post,134750,1952,TREASURER,,Hamilton,OH,"TRACY, ROGER W.",Republican,1,,1,,ALSO ENDORSED IN 1950; DNAME FILL: Hamilton County (R45),0.85
OH,Cincinnati Post,134750,1952,ATTORNEY GENERAL,,,OH,"O'NEILL, C. WILLIAM",Republican,1,,1,,,0.82
OH,Cincinnati Post,134750,1952,H,1,,OH,"SCHERER, GORDON H.",Republican,1,,,,CONGRESS 1ST DISTRICT,0.8
OH,Cincinnati Post,134750,1952,H,2,,OH,"WAGNER, EARL T.",Republican,1,,,,CONGRESS 2D DISTRICT,0.78
OH,Cincinnati Post,134750,1952,STATE SENATOR,,,OH,"HOFFHEIMER, HARRY M.",,1,,,,NO PARTY LISTED; DISTRICT NOT SPECIFIED,0.72
OH,Cincinnati Post,134750,1952,STATE SENATOR,,,OH,"DEDDENS, WILLIAM H.",,1,,,,NO PARTY LISTED; DISTRICT NOT SPECIFIED,0.72
OH,Cincinnati Post,134750,1952,STATE SENATOR,,,OH,"ROLF, DONALD H.",,1,,,,NAME FIX from 1952 OCR (R55): Rolf not Ebel,0.85
OH,Cincinnati Post,134750,1952,STATE REP,,,OH,"GRONEMAN, ROBERT F.",,1,,,,NO PARTY LISTED; DISTRICT NOT SPECIFIED; LAST NAME SPELLING UNCERTAIN; NAME FIX from 1952 OCR (R55): Groneman,0.85
OH,Cincinnati Post,134750,1952,STATE REP,,,OH,"JENNINGS, BYRON T.",,1,,,,NO PARTY LISTED; DISTRICT NOT SPECIFIED,0.78
OH,Cincinnati Post,134750,1952,STATE REP,,,OH,"KEESHAN, JOHN E.",,1,,,,NAME FIX from 1952 OCR (R55): Keeshan,0.85
OH,Cincinnati Post,134750,1952,STATE REP,,,OH,"MCCLURE, A. BRUCE",,1,,,,NO PARTY LISTED; DISTRICT NOT SPECIFIED,0.78
OH,Cincinnati Post,134750,1952,STATE REP,,,OH,"O'HARE, MARJORY J.",,1,,,,NAME FIX from 1952 OCR (R55): O'Hare,0.85
OH,Cincinnati Post,134750,1952,STATE REP,,,OH,"RECKMAN, ROBERT F.",,1,,,,NAME FIX from 1952 OCR (R55): Reckman not Rankin,0.85
OH,Cincinnati Post,134750,1952,STATE REP,,,OH,"BETTMAN, GILBERT",,1,,,,NAME FIX from 1952 OCR (R55): Bettman (well-known OH legislator),0.85
OH,Cincinnati Post,134750,1952,STATE REP,,,OH,"CLARK, JAMES R. JR.",,1,,,,NO PARTY LISTED; DISTRICT NOT SPECIFIED; APPEARS TO HAVE JR. SUFFIX,0.65
OH,Cincinnati Post,134750,1952,STATE REP,,,OH,"FREEMAN, CHARLES M.",,1,,,,NO PARTY LISTED; DISTRICT NOT SPECIFIED,0.72
OH,Cincinnati Post,134750,1952,CNTY COMM,,Hamilton,OH,"WEHKING, HOBART A.",,1,,,,NAME FIX from 1952 OCR (R55): Wehking Hobart,0.85
OH,Cincinnati Post,134750,1952,CNTY COMM,,Hamilton,OH,"MORR, FRED J.",,1,,,,NAME FIX from 1952 OCR (R55): Morr not Meier,0.85
OH,Cincinnati Post,134750,1952,DA/PROSECUTOR,,Hamilton,OH,"HOVER, C. WATSON",,1,,,,PROSECUTING ATTORNEY; HAMILTON COUNTY; DNAME FILL: Hamilton County (R45),0.78
OH,Cincinnati Post,134750,1952,CLERK OF COURTS,,Hamilton,OH,"HUNSICKER, ELMER F.",,1,,,,NAME FIX from 1952 OCR (R55): Hunsicker Elmer F,0.85
OH,Cincinnati Post,134750,1952,SHERIFF,,Hamilton,OH,"TEHAN, DAN",Republican,1,,,,CROSS-YEAR PARTY FILL; SHERIFF; HAMILTON COUNTY; DNAME FILL: Hamilton County (R45),0.82
OH,Cincinnati Post,134750,1952,RECORDER,,Hamilton,OH,"SHAVER, GILBERT J.",,1,,,,NAME FIX from 1952 OCR (R55): Shaver not Stover,0.85
OH,Cincinnati Post,134750,1952,CNTY TREASURER,,Hamilton,OH,"O'BRIEN, PAUL A.",,1,,,,COUNTY TREASURER; DNAME FILL: Hamilton County (R45),0.78
OH,Cincinnati Post,134750,1952,COUNTY ENGINEER,,Hamilton,OH,"LEMMEL, GEORGE M.",,1,,,,NAME FIX from 1952 OCR (R55): Lemmel not Lenard,0.85
OH,Cincinnati Post,134750,1952,CORONER,,Hamilton,OH,"LYLE, HERBERT P.",Nonpartisan,1,,,,CORONER; ALSO ENDORSED IN 1950 VOTER'S GUIDE; PARTY FILL: judicial/local nonpartisan; DNAME FILL: Hamilton County (R45),0.8
OH,Cincinnati Post,134750,1952,SUPREME COURT,,,OH,"ZIMMERMAN, CHARLES B.",Nonpartisan,1,,,,OHIO SUPREME COURT,0.82
OH,Cincinnati Post,134750,1952,SUPREME COURT,,,OH,"STEWART, JAMES GARFIELD",Nonpartisan,1,,,,OHIO SUPREME COURT,0.82
OH,Cincinnati Post,134750,1952,COURT OF APPEALS,1,,OH,"HILDEBRANT, RICHARD H.",Nonpartisan,1,,,,COURT OF APPEALS; LAST NAME SPELLING COULD BE HILDEBRANT OR HILDEBRANDT,0.72
OH,Cincinnati Post,134750,1952,COURT OF COMMON PLEAS,,,OH,"BALLOU, ISRAEL",Nonpartisan,1,,,,LISTED BELOW COURT OF APPEALS; NAME READING UNCERTAIN,0.55
OH,Cincinnati Post,134750,1953,CITY COUNCIL,,Cincinnati,OH,"BACHRACH, WALTON H.",Charter,1,,,,CHARTER CANDIDATE; LISTED ALPHABETICALLY FIRST; DNAME FILL: Cincinnati (R45 corrected),0.92
OH,Cincinnati Post,134750,1953,CITY COUNCIL,,Cincinnati,OH,"BERRY, THEODORE M.",Charter,1,,,1,CHARTER CANDIDATE; INCUMBENT FROM 1951 COUNCIL; PROMINENT AFRICAN AMERICAN POLITICAL LEADER; DNAME FILL: Cincinnati (R45 corrected),0.92
OH,Cincinnati Post,134750,1953,CITY COUNCIL,,Cincinnati,OH,"DOLBEY, DOROTHY N.",Charter,1,,,1,CHARTER CANDIDATE; INCUMBENT FROM 1951 COUNCIL; NAME PRINTED AS DOROTHY N. DOLBEY (1951 LISTED AS DOROTHY NICHOLS DOLBEY); DNAME FILL: Cincinnati (R45 corrected),0.92
OH,Cincinnati Post,134750,1953,CITY COUNCIL,,Cincinnati,OH,"GILLIGAN, JOHN J.",Charter,1,,,,CHARTER CANDIDATE; JOHN JOYCE GILLIGAN LATER SERVED AS GOVERNOR OF OHIO (1971-1975); DNAME FILL: Cincinnati (R45 corrected),0.92
OH,Cincinnati Post,134750,1953,CITY COUNCIL,,Cincinnati,OH,"GOLDSTEIN, HAROLD K.",Charter,1,,,1,CHARTER CANDIDATE; INCUMBENT FROM 1951 COUNCIL; DNAME FILL: Cincinnati (R45 corrected),0.92
OH,Cincinnati Post,134750,1953,CITY COUNCIL,,Cincinnati,OH,"JORDAN, ALBERT C.",Charter,1,,,,CHARTER CANDIDATE; DNAME FILL: Cincinnati (R45 corrected),0.92
OH,Cincinnati Post,134750,1953,CITY COUNCIL,,Cincinnati,OH,"KELLY, WILLIAM CODY",Charter,1,,,,CHARTER CANDIDATE; MIDDLE NAME IS CODY (NOT AN INITIAL); DNAME FILL: Cincinnati (R45 corrected),0.92
OH,Cincinnati Post,134750,1953,CITY COUNCIL,,Cincinnati,OH,"KOCH, GEORGE W.",Charter,1,,,,CHARTER CANDIDATE; DNAME FILL: Cincinnati (R45 corrected),0.92
OH,Cincinnati Post,134750,1953,CITY COUNCIL,,Cincinnati,OH,"WOOD, JOHN",Charter,1,,,,CHARTER CANDIDATE; NO MIDDLE NAME OR INITIAL GIVEN; DNAME FILL: Cincinnati (R45 corrected),0.9
OH,Cincinnati Post,134750,1954,SENATOR,,,OH,"BENDER, GEORGE",Republican,1,,,,GEORGE BENDER (R) WON 1954 SPECIAL ELECTION TO FILL TAFT'S SEAT,0.9
OH,Cincinnati Post,134750,1954,GOVERNOR,,,OH,"LAUSCHE, FRANK",Democrat,1,1,,,CROSS-PARTY ENDORSEMENT; DEMOCRATIC INCUMBENT GOVERNOR; ALSO ENDORSED IN 1950,0.92
OH,Cincinnati Post,134750,1954,H,1,,OH,"BECKER, HALE",Democrat,0,,,,"DIRECTION FIX (R55): paper endorsed Scherer R, Becker D was opp per 1954 OCR",0.85
OH,Cincinnati Post,134750,1954,H,1,,OH,"SCHERER, GORDON",Republican,1,,1,,FIRST 'CONGRESS' ENTRY; GORDON SCHERER (R) WAS INCUMBENT US REP OH-1 (1953-1963),0.88
OH,Cincinnati Post,134750,1954,H,2,,OH,"BOGART, STUART",Democrat,0,,,,"DIRECTION FIX (R55): paper endorsed Hess R, Bogart D was opp per 1954 OCR",0.85
OH,Cincinnati Post,134750,1954,H,2,,OH,"HESS, WILLIAM",Republican,1,,1,,SECOND 'CONGRESS' ENTRY; WILLIAM HESS (R) WAS INCUMBENT US REP OH-2 (1951-1961),0.85
OH,Cincinnati Post,134750,1954,LT GOVERNOR,,,OH,"NYE, GEORGE",Republican,1,,1,,LIEUTENANT GOVERNOR,0.8
OH,Cincinnati Post,134750,1954,SEC OF STATE,,,OH,"BROWN, TED",Republican,1,,1,,STATE SECRETARY; TED W. BROWN (R) LONGTIME OHIO SECRETARY OF STATE; ALSO ENDORSED IN 1950,0.88
OH,Cincinnati Post,134750,1954,ATTORNEY GENERAL,,,OH,"O'NEILL, C. WILLIAM",Republican,1,,1,,"C. WILLIAM O'NEILL (R) SERVED AS OH AG 1951-1957, LATER GOVERNOR 1957-1959",0.88
OH,Cincinnati Post,134750,1954,TREASURER,,Hamilton,OH,"TRACY, ROGER",Republican,1,,1,,ROGER W. TRACY (R) WAS OHIO STATE TREASURER; ALSO ENDORSED IN 1950,0.85
OH,Cincinnati Post,134750,1954,STATE SENATOR,,,OH,"DEDDENS, WILLIAM",,1,,,,STATE SENATOR,0.78
OH,Cincinnati Post,134750,1954,STATE SENATOR,,,OH,"BRADLEY, JAMES",,1,,,,STATE SENATOR,0.78
OH,Cincinnati Post,134750,1954,STATE REP,,,OH,"BETTMAN, GILBERT",,1,,,,NAME FIX from 1954 OCR (R55): Bettman Gilbert,0.85
OH,Cincinnati Post,134750,1954,STATE REP,,,OH,"BULLOCK, DON",,1,,,,STATE REPRESENTATIVE,0.72
OH,Cincinnati Post,134750,1954,STATE REP,,,OH,"FOX, BERNARD",Republican,1,,,,STATE REPRESENTATIVE; PARTY FILL: cross-year same name same office (R48),0.72
OH,Cincinnati Post,134750,1954,STATE REP,,,OH,"GLANDORF, AL",,1,,,,NAME FIX from 1954 OCR (R55): Glandorf,0.85
OH,Cincinnati Post,134750,1954,STATE REP,,,OH,"GRONEMAN, ROBERT",,1,,,,NAME FIX from 1954 OCR (R55): Groneman,0.85
OH,Cincinnati Post,134750,1954,STATE REP,,,OH,"RECKMAN, ROBERT",,1,,,,NAME FIX from 1954 OCR (R55): Reckman not Ratchford,0.85
OH,Cincinnati Post,134750,1954,STATE REP,,,OH,"ROBISON, EUGENE",,1,,,,STATE REPRESENTATIVE,0.65
OH,Cincinnati Post,134750,1954,STATE REP,,,OH,"TOFT, ROBERT JR.",,1,,,,STATE REPRESENTATIVE; LISTED AS ROBERT TOFT JR.,0.68
OH,Cincinnati Post,134750,1954,CNTY COMM,,Hamilton,OH,"CLARK, JAMES",,1,,,,COUNTY COMMISSIONER; DNAME FILL: Hamilton County (R45),0.78
OH,Cincinnati Post,134750,1954,CNTY COMM,,Hamilton,OH,"ROLF, DONALD",,1,,,,NAME FIX from 1954 OCR (R55): Rolf not Duff,0.85
OH,Cincinnati Post,134750,1954,SUPREME COURT,,,OH,"BELL, JAMES",Nonpartisan,1,,,,OHIO SUPREME COURT,0.78
OH,Cincinnati Post,134750,1954,SUPREME COURT,,,OH,"MATTHIAS, JOHN",Nonpartisan,1,,,,OHIO SUPREME COURT,0.78
OH,Cincinnati Post,134750,1954,JUDGE,,Hamilton,OH,"PECK, JOHN",Nonpartisan,1,,,,COMMON PLEAS COURT; DNAME FILL: Hamilton County (R45),0.78
OH,Cincinnati Post,134750,1954,JUDGE,,Hamilton,OH,"WEBER, CHARLES",Nonpartisan,1,,,,COMMON PLEAS COURT; DNAME FILL: Hamilton County (R45),0.78
OH,Cincinnati Post,134750,1955,SCHOOL BOARD,,Cincinnati,OH,"HEINGOLD, FRED",Nonpartisan,1,,,,LISTED AS DR. FRED HEINGOLD; PHOTO WITH CAPTION; DNAME FILL: Cincinnati Public Schools (R45 corrected),0.75
OH,Cincinnati Post,134750,1955,SCHOOL BOARD,,Cincinnati,OH,"MAGORIAN, MRS. IRVING",Nonpartisan,1,,,,LISTED AS MRS. IRVING MAGORIAN; COMMON 1950S CONVENTION OF USING HUSBAND'S NAME; PHOTO WITH CAPTION; DNAME FILL: Cincinnati Public Schools (R45 corrected),0.82
OH,Cincinnati Post,134750,1955,SCHOOL BOARD,,Cincinnati,OH,"WESTHEIMER, CHARLES",Nonpartisan,1,,,,PHOTO WITH CAPTION; WESTHEIMER FAMILY PROMINENT IN CINCINNATI; DNAME FILL: Cincinnati Public Schools (R45 corrected),0.88
OH,Cincinnati Post,134750,1956,PRESIDENT,,,OH,"EISENHOWER, DWIGHT D.",Republican,1,,1,,INCUMBENT PRESIDENT SEEKING RE-ELECTION,0.95
OH,Cincinnati Post,134750,1956,GOVERNOR,,,OH,"DISALLE, MICHAEL",Democrat,1,,,,CROSS-PARTY ENDORSEMENT; MICHAEL V. DISALLE (D) LOST TO C. WILLIAM O'NEILL (R) IN 1956; DISALLE LATER WON GOVERNORSHIP IN 1958,0.85
OH,Cincinnati Post,134750,1956,SENATOR,,,OH,"BENDER, GEORGE",Republican,1,,1,,INCUMBENT SENATOR; BENDER (R) LOST TO FRANK LAUSCHE (D) IN 1956; ALSO ENDORSED IN 1954,0.88
OH,Cincinnati Post,134750,1956,LT GOVERNOR,,,OH,"TAYLOR, JOHN",Republican,1,,,,LIEUTENANT GOVERNOR; FIRST NAME UNCERTAIN,0.85
OH,Cincinnati Post,134750,1956,SEC OF STATE,,,OH,"BROWN, TED W.",Republican,1,,1,,"LONGTIME OHIO SECRETARY OF STATE; ALSO ENDORSED 1950, 1954",0.9
OH,Cincinnati Post,134750,1956,AUDITOR,,,OH,"RHODES, JAMES A.",Republican,1,,1,,JIM RHODES (R) SERVED AS STATE AUDITOR 1953-1963; LATER FOUR-TERM GOVERNOR OF OHIO,0.88
OH,Cincinnati Post,134750,1956,TREASURER,,Hamilton,OH,"TRACY, ROGER W.",Republican,1,,1,,"ALSO ENDORSED 1950, 1954; DNAME FILL: Hamilton County (R45)",0.88
OH,Cincinnati Post,134750,1956,ATTORNEY GENERAL,,,OH,"YOUNG, STEPHEN M.",Democrat,1,,,,READING UNCERTAIN; STEPHEN M. YOUNG IS BETTER KNOWN AS A US SENATOR (1959-1971); MAY HAVE RUN FOR AG IN 1956 OR THIS NAME MAY BE MISREAD,0.85
OH,Cincinnati Post,134750,1956,H,1,,OH,"SCHERER, GORDON",Republican,1,,1,,CONGRESS 1ST DISTRICT; INCUMBENT; ALSO ENDORSED 1954,0.88
OH,Cincinnati Post,134750,1956,H,2,,OH,"HESS, WILLIAM E.",Republican,1,,1,,CONGRESS 2ND DISTRICT; INCUMBENT; ALSO ENDORSED 1954,0.88
OH,Cincinnati Post,134750,1956,STATE SENATOR,,,OH,"CHATFIELD, DAVID E.W.",,1,,,,STATE SENATOR; MIDDLE INITIALS UNCERTAIN,0.58
OH,Cincinnati Post,134750,1956,STATE SENATOR,,,OH,"DEDDENS, WILLIAM H.",,1,,,,STATE SENATOR; ALSO ENDORSED 1954; MIDDLE INITIAL H ADDED FROM THIS YEAR'S LISTING,0.82
OH,Cincinnati Post,134750,1956,STATE SENATOR,,,OH,"NIEHAUS, MAURICE A.",,1,,,,STATE SENATOR; LAST NAME UNCERTAIN; NAME FIX from 1956 OCR (R50): Niehaus not DiRosa,0.85
OH,Cincinnati Post,134750,1956,STATE REP,,,OH,"GROSSMAN, ROBERT T.",,1,,,,"STATE REPRESENTATIVE; MAY BE SAME PERSON AS 'GORESMAN, ROBERT' FROM 1954 — NAME NOW CLEARER AS GROSSMAN",0.65
OH,Cincinnati Post,134750,1956,STATE REP,,,OH,"MCCLURE, A. BRUCE",,1,,,,STATE REPRESENTATIVE; NAME FIX from 1956 OCR (R50): Bruce not Royce,0.85
OH,Cincinnati Post,134750,1956,STATE REP,,,OH,"OWINGS, GRANT D.",Republican,1,,,,CROSS-YEAR PARTY FILL; STATE REPRESENTATIVE; LAST NAME COULD BE OWINGS OR OWENS,0.58
OH,Cincinnati Post,134750,1956,STATE REP,,,OH,"RATCHFORD, ROBERT P.",,1,,,,STATE REPRESENTATIVE; ALSO ENDORSED 1954,0.7
OH,Cincinnati Post,134750,1956,STATE REP,,,OH,"ROGOFF, ALBERT A.",,1,,,,STATE REPRESENTATIVE,0.62
OH,Cincinnati Post,134750,1956,STATE REP,,,OH,"SEAHILL, JOHN P.",,1,,,,STATE REPRESENTATIVE; NAME FIX from 1956 OCR (R50): Seahill not Scotti,0.85
OH,Cincinnati Post,134750,1956,STATE REP,,,OH,"SCHNEIDER, LOUIS J. JR.",Republican,1,,,,STATE REPRESENTATIVE; PARTY FILL: cross-year same name same office (R48),0.62
OH,Cincinnati Post,134750,1956,STATE REP,,,OH,"TOFT, ROBERT JR.",,1,,,,STATE REPRESENTATIVE; ALSO ENDORSED 1954,0.7
OH,Cincinnati Post,134750,1956,CNTY COMM,,Hamilton,OH,"CLARK, JAMES E. JR.",,1,,,,"COUNTY COMMISSIONER; LIKELY SAME AS JAMES CLARK FROM 1954, NOW WITH FULLER NAME; DNAME FILL: Hamilton County (R45)",0.78
OH,Cincinnati Post,134750,1956,CNTY COMM,,Hamilton,OH,"MORR, FRED J.",,1,,,,COUNTY COMMISSIONER; LAST NAME COULD BE MOOR OR MOORE; DNAME FILL: Hamilton County (R45); NAME FIX from 1956 OCR (R50): Morr not Moor,0.85
OH,Cincinnati Post,134750,1956,DA/PROSECUTOR,,Hamilton,OH,"HOVER, C. WATSON",,1,,,,PROSECUTOR; NAME READING UNCERTAIN; DNAME FILL: Hamilton County (R45); NAME FIX from 1956 OCR (R50): Hover not Power,0.85
OH,Cincinnati Post,134750,1956,SHERIFF,,Hamilton,OH,"TEHAN, DAN",Republican,1,,1,,CROSS-YEAR PARTY FILL; SHERIFF; DNAME FILL: Hamilton County (R45),0.65
OH,Cincinnati Post,134750,1956,SUPREME COURT,CHIEF JUSTICE,,OH,"WEYGANDT, CARL V.",Nonpartisan,1,,,1,OHIO SUPREME COURT CHIEF JUSTICE; ALSO ENDORSED 1950; WEYGANDT SERVED AS CHIEF JUSTICE 1933-1962,0.85
OH,Cincinnati Post,134750,1956,SUPREME COURT,,,OH,"MATTHIAS, JOHN M.",Nonpartisan,1,,,,OHIO SUPREME COURT; ALSO ENDORSED 1954,0.8
OH,Cincinnati Post,134750,1956,SUPREME COURT,,,OH,"HERBERT, THOMAS J.",Nonpartisan,1,,,,OHIO SUPREME COURT; THOMAS J. HERBERT WAS FORMER OHIO GOVERNOR (1947-1949) BEFORE JOINING THE COURT,0.78
OH,Cincinnati Post,134750,1956,COURT OF APPEALS,,,OH,"LONG, BERT H.",Nonpartisan,1,,,,APPEALS COURT; NAME FIX from 1956 OCR (R50): Bert H. not Lee M.,0.85
OH,Cincinnati Post,134750,1956,JUDGE,,Hamilton,OH,"SCHWARTZ, BENJAMIN",Nonpartisan,1,,,,COMMON PLEAS COURT JUVENILE DIVISION; NAME READING UNCERTAIN; DNAME FILL: Hamilton County (R45),0.52
OH,Cincinnati Post,134750,1956,JUDGE,,Hamilton,OH,"RICH, CARL W.",Nonpartisan,1,,,,COMMON PLEAS COURT DOMESTIC RELATIONS DIVISION; DNAME FILL: Hamilton County (R45),0.58
OH,Cincinnati Post,134750,1956,JUDGE,,Hamilton,OH,"HESS, OTIS R.",Nonpartisan,1,,,,COMMON PLEAS COURT; DNAME FILL: Hamilton County (R45),0.6
OH,Cincinnati Post,134750,1956,JUDGE,,Hamilton,OH,"HOY, CARSON",Nonpartisan,1,,,,COMMON PLEAS COURT; DNAME FILL: Hamilton County (R45); NAME FIX from 1956 OCR (R50): Hoy Carson not Frey John,0.85
OH,Cincinnati Post,134750,1956,JUDGE,,Hamilton,OH,"WOESTE, JOSEPH",Nonpartisan,1,,,,COMMON PLEAS COURT; POSSIBLY SAME WEBER FAMILY AS CHARLES WEBER FROM 1954; DNAME FILL: Hamilton County (R45); NAME FIX from 1956 OCR (R50): Woeste not Weber,0.85
OH,Cincinnati Post,134750,1957,CITY COUNCIL,,Cincinnati,OH,"BACHRACH, WALTON M.",Nonpartisan,1,,,1,INCUMBENT; ALSO ENDORSED 1953; DNAME FILL: Cincinnati (R45 corrected),0.9
OH,Cincinnati Post,134750,1957,CITY COUNCIL,,Cincinnati,OH,"BECKMAN, VINCENT H.",Nonpartisan,1,,,,NEW CANDIDATE FOR COUNCIL; DNAME FILL: Cincinnati (R45 corrected),0.88
OH,Cincinnati Post,134750,1957,CITY COUNCIL,,Cincinnati,OH,"BERRY, THEODORE",Nonpartisan,1,,,1,"INCUMBENT; ALSO ENDORSED 1951, 1953; NO MIDDLE INITIAL LISTED THIS YEAR; DNAME FILL: Cincinnati (R45 corrected)",0.9
OH,Cincinnati Post,134750,1957,CITY COUNCIL,,Cincinnati,OH,"DAVMON, EARL",Nonpartisan,1,,,,LAST NAME COULD BE DAVMON OR DAMON; DNAME FILL: Cincinnati (R45 corrected),0.72
OH,Cincinnati Post,134750,1957,CITY COUNCIL,,Cincinnati,OH,"DOLBEY, DOROTHY",Nonpartisan,1,,,1,"LISTED AS MRS. DOROTHY DOLBEY; INCUMBENT; ALSO ENDORSED 1951, 1953; DNAME FILL: Cincinnati (R45 corrected)",0.92
OH,Cincinnati Post,134750,1957,CITY COUNCIL,,Cincinnati,OH,"GARVIN, PETER",Nonpartisan,1,,,,NEW CANDIDATE FOR COUNCIL; DNAME FILL: Cincinnati (R45 corrected),0.85
OH,Cincinnati Post,134750,1957,CITY COUNCIL,,Cincinnati,OH,"GILLIGAN, JOHN J.",Nonpartisan,1,,,1,INCUMBENT; ALSO ENDORSED 1953; LATER GOVERNOR OF OHIO (1971-1975); DNAME FILL: Cincinnati (R45 corrected),0.92
OH,Cincinnati Post,134750,1957,CITY COUNCIL,,Cincinnati,OH,"GUTWEILER, MARION",Nonpartisan,1,,,,LISTED AS MRS. MARION GUTWEILER; LAST NAME COULD BE GUTWEILER OR GUTSWEILER; DNAME FILL: Cincinnati (R45 corrected),0.78
OH,Cincinnati Post,134750,1957,CITY COUNCIL,,Cincinnati,OH,"TAFT, CHARLES P.",Nonpartisan,1,,,,CHARLES PHELPS TAFT II; SON OF PRESIDENT WILLIAM HOWARD TAFT; PROMINENT CINCINNATI CIVIC LEADER; LATER SERVED AS MAYOR; DNAME FILL: Cincinnati (R45 corrected),0.92
OH,Cincinnati Post,134750,1957,JUDGE,,Hamilton,OH,"BRADLEY, JAMES O.",Nonpartisan,1,,,,COUNTY JUDGE; DNAME FILL: Hamilton County (R45),0.82
OH,Cincinnati Post,134750,1957,JUDGE,,Hamilton,OH,"CHESTER, WILLIAM E.",Nonpartisan,1,,,,COUNTY JUDGE; LAST NAME COULD BE CHESTER OR CRESTER; DNAME FILL: Hamilton County (R45),0.68
OH,Cincinnati Post,134750,1957,JUDGE,,Hamilton,OH,"GARTNER, LEONARD C.",Nonpartisan,1,,,,COUNTY JUDGE; DNAME FILL: Hamilton County (R45),0.78
OH,Cincinnati Post,134750,1957,JUDGE,,Hamilton,OH,"GILDAY, PAUL E.",Nonpartisan,1,,,,COUNTY JUDGE; DNAME FILL: Hamilton County (R45),0.8
OH,Cincinnati Post,134750,1957,JUDGE,,Hamilton,OH,"MITTENDORF, RICHARD K.",Nonpartisan,1,,,,COUNTY JUDGE; DNAME FILL: Hamilton County (R45),0.78
OH,Cincinnati Post,134750,1957,JUDGE,,Hamilton,OH,"PALMER, GEORGE H.",Nonpartisan,1,,,,COUNTY JUDGE; DNAME FILL: Hamilton County (R45),0.8
OH,Cincinnati Post,134750,1957,JUDGE,,Hamilton,OH,"SHALLET, LEONARD H.",Nonpartisan,1,,,,COUNTY JUDGE; LAST NAME COULD BE SHALLET OR SHALLETT; DNAME FILL: Hamilton County (R45),0.7
OH,Cincinnati Post,134750,1957,JUDGE,,Hamilton,OH,"STOCKMEIER, ERNEST W.",Nonpartisan,1,,,,COUNTY JUDGE; DNAME FILL: Hamilton County (R45),0.78
OH,Cincinnati Post,134750,1957,SCHOOL BOARD,,Cincinnati,OH,"BECKER, EDWIN G.",Nonpartisan,1,,,,CINCINNATI SCHOOL BOARD; DNAME FILL: Cincinnati Public Schools (R45 corrected),0.85
OH,Cincinnati Post,134750,1957,SCHOOL BOARD,,Cincinnati,OH,"BRUCKINGTON, ALICE P.",Nonpartisan,1,,,,CINCINNATI SCHOOL BOARD; LAST NAME SPELLING UNCERTAIN; DNAME FILL: Cincinnati Public Schools (R45 corrected),0.68
OH,Cincinnati Post,134750,1957,SCHOOL BOARD,,Cincinnati,OH,"MCKIE, STANLEY G.",Nonpartisan,1,,,,CINCINNATI SCHOOL BOARD; DNAME FILL: Cincinnati Public Schools (R45 corrected),0.82
OH,Cincinnati Post,134750,1957,SCHOOL BOARD,,Cincinnati,OH,"TODD, SAMUEL P.",Nonpartisan,1,,,,CINCINNATI SCHOOL BOARD; DNAME FILL: Cincinnati Public Schools (R45 corrected),0.85
OH,Cincinnati Post,134750,1958,GOVERNOR,,,OH,"DISALLE, MICHAEL V.",Democrat,1,1,,,CROSS-PARTY ENDORSEMENT; DISALLE (D) WON IN 1958; ALSO ENDORSED BY POST IN 1956,0.9
OH,Cincinnati Post,134750,1958,LT GOVERNOR,,,OH,"DONAHEY, JOHN W.",Democrat,1,,,,PARTY FROM ENQ CROSS-PAPER LOOKUP; LIEUTENANT GOVERNOR; DONAHEY FAMILY PROMINENT IN OHIO POLITICS (VIC DONAHEY WAS GOVERNOR 1923-1929),0.85
OH,Cincinnati Post,134750,1958,SEC OF STATE,,,OH,"BROWN, TED W.",Republican,1,,1,,"ALSO ENDORSED 1950, 1954, 1956",0.9
OH,Cincinnati Post,134750,1958,TREASURER,,Hamilton,OH,"TRACY, ROGER W.",Republican,1,,1,,"ALSO ENDORSED 1950, 1954, 1956; DNAME FILL: Hamilton County (R45)",0.9
OH,Cincinnati Post,134750,1958,ATTORNEY GENERAL,,,OH,"SAXBE, WILLIAM",Republican,1,,1,,WILLIAM B. SAXBE (R); OHIO AG 1957-1969; LATER US SENATOR AND US ATTORNEY GENERAL UNDER NIXON,0.78
OH,Cincinnati Post,134750,1958,SENATOR,,,OH,"BRICKER, JOHN W.",Republican,1,,1,,INCUMBENT R SENATOR; BRICKER LOST TO STEPHEN M. YOUNG (D) IN 1958; BRICKER PREVIOUSLY SERVED AS OHIO GOVERNOR (1939-1945) AND 1944 VP NOMINEE,0.88
OH,Cincinnati Post,134750,1958,H,1,,OH,"SCHERER, GORDON H.",Republican,1,,1,,"CONGRESS FIRST DISTRICT; INCUMBENT; ALSO ENDORSED 1954, 1956; MIDDLE INITIAL H NOW VISIBLE",0.9
OH,Cincinnati Post,134750,1958,H,2,,OH,"HESS, WILLIAM E.",Republican,1,,1,,"CONGRESS SECOND DISTRICT; INCUMBENT; ALSO ENDORSED 1954, 1956",0.9
OH,Cincinnati Post,134750,1958,SUPREME COURT,,,OH,"ZIMMERMAN, CHARLES B.",Nonpartisan,1,,,,JUDGE OF THE SUPREME COURT,0.72
OH,Cincinnati Post,134750,1958,COURT OF APPEALS,,,OH,"HILDEBRANT, RICHARD H.",Nonpartisan,1,,,,JUDGE COURT OF APPEALS; NAME FIX from 1958 OCR (R51): Hildebrant not Wildman,0.85
OH,Cincinnati Post,134750,1958,STATE SENATOR,,,OH,"DEDDENS, WILLIAM H.",,1,,,1,"STATE SENATOR; ALSO ENDORSED 1954, 1956; INCUMBENT",0.88
OH,Cincinnati Post,134750,1958,STATE REP,,,OH,"GROSSMAN, ROBERT T.",,1,,,1,STATE REPRESENTATIVE; ALSO ENDORSED 1956; CONFIRMS GROSSMAN SPELLING (NOT GORESMAN AS IN 1954),0.78
OH,Cincinnati Post,134750,1958,STATE REP,,,OH,"OWINGS, GRANT D.",Republican,1,,1,1,PARTY FROM ENQ CROSS-PAPER LOOKUP; STATE REPRESENTATIVE; ALSO ENDORSED 1956,0.7
OH,Cincinnati Post,134750,1958,STATE REP,,,OH,"RATCHFORD, ROBERT P.",,1,,,1,"STATE REPRESENTATIVE; ALSO ENDORSED 1954, 1956",0.78
OH,Cincinnati Post,134750,1958,STATE REP,,,OH,"ROGOFF, ALBERT A.",,1,,,1,STATE REPRESENTATIVE; ALSO ENDORSED 1956,0.72
OH,Cincinnati Post,134750,1958,STATE REP,,,OH,"SWARTZ, ANDREW",,1,,,,STATE REPRESENTATIVE; FIRST NAME AND LAST NAME UNCERTAIN,0.55
OH,Cincinnati Post,134750,1958,STATE REP,,,OH,"SCHNEIDER, LOUIS J. JR.",Republican,1,,1,1,STATE REPRESENTATIVE; ALSO ENDORSED 1956; PARTY FILL: cross-year same name same office (R48),0.72
OH,Cincinnati Post,134750,1958,STATE REP,,,OH,"TOFT, ROBERT JR.",,1,,,1,"STATE REPRESENTATIVE; ALSO ENDORSED 1954, 1956",0.72
OH,Cincinnati Post,134750,1958,JUDGE,,Hamilton,OH,"KOHNEN, RALPH B.",Nonpartisan,1,,,,COMMON PLEAS COURT; DNAME FILL: Hamilton County (R45),0.62
OH,Cincinnati Post,134750,1958,CNTY COMM,,Hamilton,OH,"BALL, ERNEST H.",,1,,,,COUNTY COMMISSIONER; DNAME FILL: Hamilton County (R45),0.68
OH,Cincinnati Post,134750,1958,AUDITOR,,,OH,"SHOWELL, JEFFREY G.",Democrat,1,,,,PARTY FROM ENQ CROSS-PAPER LOOKUP; COUNTY AUDITOR; LAST NAME SPELLING UNCERTAIN,0.85
OH,Cincinnati Post,134750,1958,JUDGE,,Hamilton,OH,"CRESTER, WILLIAM E.",Nonpartisan,1,,,,"COUNTY COURT JUDGE; MAY BE SAME AS CHESTER, WILLIAM E. FROM 1957 — NAME CLEARER HERE; DNAME FILL: Hamilton County (R45)",0.65
OH,Cincinnati Post,134750,1958,JUDGE,,Hamilton,OH,"GILDAY, PAUL E.",Nonpartisan,1,,,1,COUNTY COURT JUDGE; ALSO ENDORSED 1957; DNAME FILL: Hamilton County (R45),0.82
OH,Cincinnati Post,134750,1958,JUDGE,,Hamilton,OH,"GORMAN, DAVID",Nonpartisan,1,,,,COUNTY COURT JUDGE; DNAME FILL: Hamilton County (R45),0.58
OH,Cincinnati Post,134750,1958,JUDGE,,Hamilton,OH,"MITTENDORF, NICHOLAS A.",Nonpartisan,1,,,,COUNTY COURT JUDGE; POSSIBLY RELATED TO RICHARD K. MITTENDORF FROM 1957; DNAME FILL: Hamilton County (R45),0.62
OH,Cincinnati Post,134750,1958,JUDGE,,Hamilton,OH,"MOHON, RUSSELL A.",Nonpartisan,1,,,,COUNTY COURT JUDGE; NAME HIGHLY UNCERTAIN; DNAME FILL: Hamilton County (R45),0.5
OH,Cincinnati Post,134750,1958,JUDGE,,Hamilton,OH,"STOCKMEIER, ERNEST W.",Nonpartisan,1,,,1,COUNTY COURT JUDGE; ALSO ENDORSED 1957; DNAME FILL: Hamilton County (R45),0.8
OH,Cincinnati Post,134750,1959,CITY COUNCIL,,Cincinnati,OH,"BACHRACH, WALTON A.",Nonpartisan,1,,,1,"INCUMBENT; ALSO ENDORSED 1953, 1957; MIDDLE INITIAL LISTED AS A HERE (WAS M IN 1953/1957); DNAME FILL: Cincinnati (R45 corrected)",0.92
OH,Cincinnati Post,134750,1959,CITY COUNCIL,,Cincinnati,OH,"CLANCY, DONALD D.",Nonpartisan,1,,,,DONALD D. CLANCY LATER SERVED AS US REPRESENTATIVE FOR OH-2 (1961-1977); DNAME FILL: Cincinnati (R45 corrected),0.92
OH,Cincinnati Post,134750,1959,CITY COUNCIL,,Cincinnati,OH,"DECOURCY, JOSEPH L.",Nonpartisan,1,,,,NEW CANDIDATE FOR COUNCIL; DNAME FILL: Cincinnati (R45 corrected),0.9
OH,Cincinnati Post,134750,1959,CITY COUNCIL,,Cincinnati,OH,"DOLBEY, DOROTHY M.",Nonpartisan,1,,,1,"INCUMBENT; ALSO ENDORSED 1951, 1953, 1957; MIDDLE INITIAL M HERE (WAS N IN 1951/1953); DNAME FILL: Cincinnati (R45 corrected)",0.92
OH,Cincinnati Post,134750,1959,CITY COUNCIL,,Cincinnati,OH,"GORSLER, FRANK J.",Nonpartisan,1,,,,NEW CANDIDATE FOR COUNCIL; DNAME FILL: Cincinnati (R45 corrected),0.88
OH,Cincinnati Post,134750,1959,CITY COUNCIL,,Cincinnati,OH,"JOHNSON, MORSE",Nonpartisan,1,,,,NEW CANDIDATE FOR COUNCIL; DNAME FILL: Cincinnati (R45 corrected),0.9
OH,Cincinnati Post,134750,1959,CITY COUNCIL,,Cincinnati,OH,"PURCELL, ALTON E.",Nonpartisan,1,,,,NEW CANDIDATE FOR COUNCIL; DNAME FILL: Cincinnati (R45 corrected),0.9
OH,Cincinnati Post,134750,1959,CITY COUNCIL,,Cincinnati,OH,"RYAN, ROBERT A.",Nonpartisan,1,,,,NEW CANDIDATE FOR COUNCIL; DNAME FILL: Cincinnati (R45 corrected),0.92
OH,Cincinnati Post,134750,1959,CITY COUNCIL,,Cincinnati,OH,"TAFT, CHARLES P.",Nonpartisan,1,,,1,INCUMBENT; ALSO ENDORSED 1957; DNAME FILL: Cincinnati (R45 corrected),0.92
OH,Cincinnati Post,134750,1959,JUDGE,,Hamilton,OH,"KEATING, WILLIAM",Nonpartisan,1,,,,MUNICIPAL COURT; DNAME FILL: Hamilton County (R45),0.9
OH,Cincinnati Post,134750,1959,JUDGE,,Hamilton,OH,"LUEBBERS, A. L.",Nonpartisan,1,,,,MUNICIPAL COURT; FIRST NAME GIVEN AS INITIALS ONLY; DNAME FILL: Hamilton County (R45),0.88
OH,Cincinnati Post,134750,1959,JUDGE,,Hamilton,OH,"SHANNON, RAYMOND",Nonpartisan,1,,,,MUNICIPAL COURT; DNAME FILL: Hamilton County (R45),0.9
OH,Cincinnati Post,134750,1959,JUDGE,,Hamilton,OH,"WOOD, ROBERT V.",Nonpartisan,1,,,,MUNICIPAL COURT; DNAME FILL: Hamilton County (R45),0.9
OH,Cincinnati Post,134750,1960,PRESIDENT,,,OH,"NIXON, RICHARD",Republican,1,,,,NIXON/LODGE TICKET; VICE PRESIDENT RUNNING FOR PRESIDENT,0.82
OH,Cincinnati Post,134750,1960,VICE PRESIDENT,,,OH,"LODGE, HENRY CABOT",Republican,1,,,,NIXON/LODGE TICKET,0.78
OH,Cincinnati Post,134750,1960,AUDITOR,,,OH,"RHODES, JAMES A.",Republican,1,,1,,STATE AUDITOR; ALSO ENDORSED 1956; INCUMBENT,0.88
OH,Cincinnati Post,134750,1960,H,1,,OH,"SCHERER, GORDON H.",Republican,1,,1,,"CONGRESS 1ST DISTRICT; INCUMBENT; ALSO ENDORSED 1954, 1956, 1958",0.82
OH,Cincinnati Post,134750,1960,H,2,,OH,"CLANCY, DONALD D.",Republican,1,,,,CONGRESS 2ND DISTRICT; CLANCY WAS ON CITY COUNCIL (ENDORSED 1959); NOW RUNNING FOR CONGRESS; WON AND SERVED 1961-1977,0.9
OH,Cincinnati Post,134750,1960,STATE SENATOR,,,OH,"HARTMAN, FRED L.",,1,,,,STATE SENATOR,0.68
OH,Cincinnati Post,134750,1960,STATE SENATOR,,,OH,"SPENCER, ELMER B.",,1,,,,STATE SENATOR; FIRST NAME COULD BE ELMER OR ELMO,0.62
OH,Cincinnati Post,134750,1960,STATE REP,,,OH,"CALLAHAN, WILLIAM M.",,1,,,,STATE REPRESENTATIVE; NAME UNCERTAIN,0.55
OH,Cincinnati Post,134750,1960,STATE REP,,,OH,"COLLEY, ROY C.",,1,,,,STATE REPRESENTATIVE,0.62
OH,Cincinnati Post,134750,1960,STATE REP,,,OH,"GROSSMAN, ROBERT T.",,1,,,1,"STATE REPRESENTATIVE; ALSO ENDORSED 1956, 1958; INCUMBENT",0.78
OH,Cincinnati Post,134750,1960,STATE REP,,,OH,"HOY, FULTON",,1,,,,STATE REPRESENTATIVE; NAME UNCERTAIN,0.55
OH,Cincinnati Post,134750,1960,STATE REP,,,OH,"MORELLI, ARNOLD",,1,,,,STATE REPRESENTATIVE,0.65
OH,Cincinnati Post,134750,1960,STATE REP,,,OH,"POTTENGER, THOMAS A.",Republican,1,,,,CROSS-YEAR PARTY FILL; STATE REPRESENTATIVE; LAST NAME UNCERTAIN,0.55
OH,Cincinnati Post,134750,1960,STATE REP,,,OH,"RATCHFORD, ROBERT P.",,1,,,1,"STATE REPRESENTATIVE; ALSO ENDORSED 1954, 1956, 1958; INCUMBENT",0.78
OH,Cincinnati Post,134750,1960,STATE REP,,,OH,"TOFT, ROBERT JR.",,1,,,1,"STATE REPRESENTATIVE; ALSO ENDORSED 1954, 1956, 1958; INCUMBENT",0.72
OH,Cincinnati Post,134750,1960,STATE REP,,,OH,"YOUNG, JOHN D.",Republican,1,,,,CROSS-YEAR PARTY FILL; STATE REPRESENTATIVE,0.68
OH,Cincinnati Post,134750,1960,CNTY COMM,,Hamilton,OH,"CLARK, JAMES E. JR.",,1,,,1,COUNTY COMMISSIONER; ALSO ENDORSED 1956; INCUMBENT; DNAME FILL: Hamilton County (R45),0.8
OH,Cincinnati Post,134750,1960,CNTY COMM,,Hamilton,OH,"SCHNEIDER, LOUIS J. JR.",,1,,,,"COUNTY COMMISSIONER; PREVIOUSLY ENDORSED AS STATE REP IN 1956, 1958; DNAME FILL: Hamilton County (R45)",0.68
OH,Cincinnati Post,134750,1960,DA/PROSECUTOR,,Hamilton,OH,"HOVER, C. WATSON",,1,,,1,PROSECUTING ATTORNEY; ALSO ENDORSED 1956; INCUMBENT; DNAME FILL: Hamilton County (R45); NAME FIX from 1960 OCR (R51): Hover not Power,0.85
OH,Cincinnati Post,134750,1960,CNTY CLERK,,Hamilton,OH,"HAYES, BEN",,1,,,,CLERK OF COURTS; DNAME FILL: Hamilton County (R45),0.65
OH,Cincinnati Post,134750,1960,SHERIFF,,Hamilton,OH,"TEHAN, DAN",Republican,1,,1,1,CROSS-YEAR PARTY FILL; SHERIFF; ALSO ENDORSED 1956; INCUMBENT; DNAME FILL: Hamilton County (R45),0.75
OH,Cincinnati Post,134750,1960,RECORDER,,Hamilton,OH,"DINEEN, JAMES J.",,1,,,,COUNTY RECORDER; NAME UNCERTAIN; DNAME FILL: Hamilton County (R45),0.58
OH,Cincinnati Post,134750,1960,TREASURER,,Hamilton,OH,"CLORE, ROBERT H.",Republican,1,,,,COUNTY TREASURER; DNAME FILL: Hamilton County (R45),0.85
OH,Cincinnati Post,134750,1960,SUPREME COURT,,,OH,"BELL, JAMES F.",Nonpartisan,1,,,,OHIO SUPREME COURT; POSSIBLY SAME BELL AS 1954,0.72
OH,Cincinnati Post,134750,1960,SUPREME COURT,,,OH,"PECK, JOHN W.",Nonpartisan,1,,,,OHIO SUPREME COURT; POSSIBLY SAME PECK AS COMMON PLEAS 1954,0.72
OH,Cincinnati Post,134750,1960,SUPREME COURT,,,OH,"TAFT, KINGSLEY A.",Nonpartisan,1,,,,OHIO SUPREME COURT; KINGSLEY A. TAFT — MEMBER OF THE TAFT POLITICAL FAMILY,0.7
OH,Cincinnati Post,134750,1960,COURT OF APPEALS,,,OH,"HILDEBRANT, RICHARD H.",Nonpartisan,1,,,,COURT OF APPEALS; LAST NAME SPELLING UNCERTAIN; NAME FIX from 1960 OCR (R51): Richard H. not Robert M.,0.85
OH,Cincinnati Post,134750,1960,JUDGE,,Hamilton,OH,"BAKER, FRED",Nonpartisan,1,,,,COMMON PLEAS COURT; DNAME FILL: Hamilton County (R45),0.7
OH,Cincinnati Post,134750,1960,JUDGE,,Hamilton,OH,"SCHNEIDER, LOUIS",Nonpartisan,1,,,,COMMON PLEAS COURT; DIFFERENT PERSON FROM LOUIS J. SCHNEIDER JR. (COUNTY COMMISSIONER); DNAME FILL: Hamilton County (R45),0.6
OH,Cincinnati Post,134750,1960,JUDGE,,Hamilton,OH,"BELL, CHARLES S.",Nonpartisan,1,,,,COMMON PLEAS COURT; DNAME FILL: Hamilton County (R45),0.68
OH,Cincinnati Post,134750,1960,JUDGE,,Hamilton,OH,"HELAN, CHESTER E.",Nonpartisan,1,,,,COMMON PLEAS COURT; LAST NAME UNCERTAIN; DNAME FILL: Hamilton County (R45),0.52
OH,Cincinnati Post,134750,1960,JUDGE,,Hamilton,OH,"LEIS, SIMON L.",Nonpartisan,1,,,,COMMON PLEAS COURT; SIMON L. LEIS — ALSO ENDORSED FOR CITY COUNCIL IN 1951 (AS REPUBLICAN); NOW RUNNING FOR JUDGE; DNAME FILL: Hamilton County (R45),0.8
OH,Cincinnati Post,134750,1960,JUDGE,,Hamilton,OH,"SARLE, JOHN W.",Nonpartisan,1,,,,COMMON PLEAS COURT; LAST NAME COULD BE SARLE OR SAYRE; DNAME FILL: Hamilton County (R45),0.55
OH,Cincinnati Post,134750,1960,JUDGE,,Hamilton,OH,"BLYTHE, PAUL R.",Nonpartisan,1,,,,COMMON PLEAS COURT; NAME UNCERTAIN; DNAME FILL: Hamilton County (R45),0.52
OH,Cincinnati Post,134750,1960,JUDGE,,Hamilton,OH,"GUSWEILER, FRANK M.",Nonpartisan,1,,,,COMMON PLEAS COURT; GUSWEILER FAMILY NAME PROMINENT IN HAMILTON COUNTY; POSSIBLY RELATED TO MRS. MARION GUTWEILER FROM 1957 COUNCIL; DNAME FILL: Hamilton County (R45),0.65
OH,Cincinnati Post,134750,1960,JUDGE,,Hamilton,OH,"CLARKE, CHASE M.",Nonpartisan,1,,,,PROBATE COURT; DNAME FILL: Hamilton County (R45),0.62
OH,Cincinnati Post,134750,1961,CITY COUNCIL,,Cincinnati,OH,"BACHRACH, WALTON H.",Nonpartisan,1,,,1,"INCUMBENT; ALSO ENDORSED 1953, 1957, 1959; MIDDLE INITIAL CONFIRMED AS H (1959 'A' WAS LIKELY A TYPO); DNAME FILL: Cincinnati (R45 corrected)",0.92
OH,Cincinnati Post,134750,1961,CITY COUNCIL,,Cincinnati,OH,"CASH, ALBERT D. JR.",Nonpartisan,1,,,,POSSIBLY SON OF ALBERT D. CASH WHO WAS ENDORSED FOR COUNCIL IN 1951; DNAME FILL: Cincinnati (R45 corrected),0.92
OH,Cincinnati Post,134750,1961,CITY COUNCIL,,Cincinnati,OH,"EVANS, BENJAMIN B.",Nonpartisan,1,,,,NEW CANDIDATE FOR COUNCIL; DNAME FILL: Cincinnati (R45 corrected),0.92
OH,Cincinnati Post,134750,1961,CITY COUNCIL,,Cincinnati,OH,"GRADISON, WILLIS D. JR.",Nonpartisan,1,,,,WILLIS D. GRADISON JR. LATER SERVED AS US REPRESENTATIVE OH-2 (1975-1993); DNAME FILL: Cincinnati (R45 corrected),0.92
OH,Cincinnati Post,134750,1961,CITY COUNCIL,,Cincinnati,OH,"JUDD, CHARLES M.",Nonpartisan,1,,,,NEW CANDIDATE FOR COUNCIL; DNAME FILL: Cincinnati (R45 corrected),0.92
OH,Cincinnati Post,134750,1961,CITY COUNCIL,,Cincinnati,OH,"MANNING, MARJORIE",Nonpartisan,1,,,,NEW CANDIDATE FOR COUNCIL; DNAME FILL: Cincinnati (R45 corrected),0.92
OH,Cincinnati Post,134750,1961,CITY COUNCIL,,Cincinnati,OH,"RYAN, ROBERT A.",Nonpartisan,1,,,1,INCUMBENT; ALSO ENDORSED 1959; DNAME FILL: Cincinnati (R45 corrected),0.92
OH,Cincinnati Post,134750,1961,CITY COUNCIL,,Cincinnati,OH,"TAFT, CHARLES P.",Nonpartisan,1,,,1,"INCUMBENT; ALSO ENDORSED 1957, 1959; DNAME FILL: Cincinnati (R45 corrected)",0.92
OH,Cincinnati Post,134750,1961,CITY COUNCIL,,Cincinnati,OH,"TRABERT, J. MARC",Nonpartisan,1,,,,NEW CANDIDATE FOR COUNCIL; DNAME FILL: Cincinnati (R45 corrected),0.9
OH,Cincinnati Post,134750,1961,JUDGE,,Hamilton,OH,"BETTMAN, GILBERT",Nonpartisan,1,,,,MUNICIPAL COURT; BETTMAN FAMILY PROMINENT IN CINCINNATI LAW AND POLITICS; DNAME FILL: Hamilton County (R45),0.9
OH,Cincinnati Post,134750,1961,JUDGE,,Hamilton,OH,"KEEFE, JOHN W.",Nonpartisan,1,,,,MUNICIPAL COURT; DNAME FILL: Hamilton County (R45),0.9
OH,Cincinnati Post,134750,1961,JUDGE,,Hamilton,OH,"DENNING, CLARENCE",Nonpartisan,1,,,,MUNICIPAL COURT; DNAME FILL: Hamilton County (R45),0.9
OH,Cincinnati Post,134750,1962,GOVERNOR,,,OH,"RHODES, JAMES A.",Republican,1,,,,RHODES (R) DEFEATED DISALLE (D) IN 1962; POST PREVIOUSLY ENDORSED DISALLE IN 1956/1958 BUT SWITCHED TO RHODES; RHODES PREVIOUSLY ENDORSED BY POST FOR STATE AUDITOR IN 1956/1960,0.85
OH,Cincinnati Post,134750,1962,LT GOVERNOR,,,OH,"BROWN, JOHN W.",Republican,1,,,,LIEUTENANT GOVERNOR; JOHN W. BROWN (R) RAN WITH RHODES,0.85
OH,Cincinnati Post,134750,1962,SEC OF STATE,,,OH,"BROWN, TED",Republican,1,,1,,"ALSO ENDORSED 1950, 1954, 1956, 1958; INCUMBENT",0.82
OH,Cincinnati Post,134750,1962,AUDITOR,,,OH,"CLOUD, ROGER",Republican,1,,,,STATE AUDITOR; ROGER CLOUD (R) SUCCEEDED RHODES AS AUDITOR,0.85
OH,Cincinnati Post,134750,1962,TREASURER,,Hamilton,OH,"HERBERT, JOHN D.",Republican,1,,,,PARTY FROM ENQ CROSS-PAPER LOOKUP; STATE TREASURER; TRACY NOT RUNNING — NEW CANDIDATE,0.85
OH,Cincinnati Post,134750,1962,ATTORNEY GENERAL,,,OH,"SAXBE, WILLIAM",Republican,1,,1,,ALSO ENDORSED 1958; INCUMBENT AG,0.75
OH,Cincinnati Post,134750,1962,SENATOR,,,OH,"LAUSCHE, FRANK",Democrat,1,1,,,"CROSS-PARTY ENDORSEMENT; LAUSCHE (D) INCUMBENT SENATOR; POST ALSO ENDORSED LAUSCHE FOR GOVERNOR IN 1950, 1954",0.85
OH,Cincinnati Post,134750,1962,H,AT-LARGE,,OH,"BOLTON, FRANCES",Republican,1,,,,CONGRESS AT-LARGE; FRANCES BOLTON (R) WAS LONGTIME REPRESENTATIVE; REDISTRICTING FORCED AT-LARGE RACE,0.85
OH,Cincinnati Post,134750,1962,H,1,,OH,"KEATING, CARL",Democrat,1,,,,PARTY FROM ENQ CROSS-PAPER LOOKUP; CONGRESS 1ST DISTRICT; NAME UNCERTAIN,0.85
OH,Cincinnati Post,134750,1962,H,2,,OH,"CLANCY, DONALD D.",Republican,1,,1,,CONGRESS 2ND DISTRICT; INCUMBENT; ALSO ENDORSED 1960,0.82
OH,Cincinnati Post,134750,1962,STATE SENATOR,,,OH,"SPENCER, ELMER B.",,1,,,,STATE SENATOR; ALSO ENDORSED 1960,0.62
OH,Cincinnati Post,134750,1962,STATE REP,,,OH,"BRADY, ROBERT A.",,1,,,,STATE REPRESENTATIVE,0.55
OH,Cincinnati Post,134750,1962,STATE REP,,,OH,"COLLEY, ROY C.",,1,,,1,STATE REPRESENTATIVE; ALSO ENDORSED 1960,0.62
OH,Cincinnati Post,134750,1962,STATE REP,,,OH,"GROSSMAN, ROBERT T.",,1,,,1,"STATE REPRESENTATIVE; ALSO ENDORSED 1956, 1958, 1960; INCUMBENT",0.72
OH,Cincinnati Post,134750,1962,STATE REP,,,OH,"MORELLI, ARNOLD",,1,,,1,STATE REPRESENTATIVE; ALSO ENDORSED 1960,0.6
OH,Cincinnati Post,134750,1962,STATE REP,,,OH,"RATCHFORD, ROBERT P.",,1,,,1,"STATE REPRESENTATIVE; ALSO ENDORSED 1954, 1956, 1958, 1960; INCUMBENT",0.72
OH,Cincinnati Post,134750,1962,STATE REP,,,OH,"SCHNEIDER, LOUIS J. JR.",Republican,1,,1,,STATE REPRESENTATIVE; RETURNING TO STATE REP AFTER COUNTY COMMISSION IN 1960; PARTY FILL: cross-year same name same office (R48),0.6
OH,Cincinnati Post,134750,1962,STATE REP,,,OH,"YOUNG, JOHN D.",Republican,1,,1,1,PARTY FROM ENQ CROSS-PAPER LOOKUP; STATE REPRESENTATIVE; ALSO ENDORSED 1960,0.62
OH,Cincinnati Post,134750,1962,SUPREME COURT,,,OH,"TAFT, KINGSLEY A.",Nonpartisan,1,,,1,OHIO SUPREME COURT; ALSO ENDORSED 1960; INCUMBENT,0.65
OH,Cincinnati Post,134750,1962,SUPREME COURT,,,OH,"RADCLIFF, LYNN B.",Nonpartisan,1,,,,OHIO SUPREME COURT; NAME UNCERTAIN,0.5
OH,Cincinnati Post,134750,1962,SUPREME COURT,,,OH,"GIBSON, ROBERT E.",Nonpartisan,1,,,,OHIO SUPREME COURT; NAME UNCERTAIN,0.5
OH,Cincinnati Post,134750,1962,COURT OF APPEALS,,,OH,"HILDEBRANT, ROBERT M.",Nonpartisan,1,,,1,COURT OF APPEALS; ALSO ENDORSED 1960,0.6
OH,Cincinnati Post,134750,1962,COURT OF APPEALS,,,OH,"LONG, LEE M.",Nonpartisan,1,,,1,COURT OF APPEALS; ALSO ENDORSED 1956,0.58
OH,Cincinnati Post,134750,1962,JUDGE,,Hamilton,OH,"LEIS, SIMON L.",Nonpartisan,1,,,1,COMMON PLEAS COURT; ALSO ENDORSED 1960; INCUMBENT; DNAME FILL: Hamilton County (R45),0.75
OH,Cincinnati Post,134750,1962,JUDGE,,Hamilton,OH,"GUSWEILER, FRANK M.",Nonpartisan,1,,,1,COMMON PLEAS COURT; ALSO ENDORSED 1960; INCUMBENT; DNAME FILL: Hamilton County (R45),0.65
OH,Cincinnati Post,134750,1962,JUDGE,,Hamilton,OH,"BAKER, FRED",Nonpartisan,1,,,1,COMMON PLEAS COURT; ALSO ENDORSED 1960; INCUMBENT; DNAME FILL: Hamilton County (R45),0.65
OH,Cincinnati Post,134750,1962,JUDGE,,Hamilton,OH,"HELAN, CHESTER E.",Nonpartisan,1,,,1,COMMON PLEAS COURT; ALSO ENDORSED 1960; INCUMBENT; DNAME FILL: Hamilton County (R45),0.55
OH,Cincinnati Post,134750,1962,CNTY COMM,,Hamilton,OH,"CLARK, JAMES E. JR.",,1,,,1,"COUNTY COMMISSIONER; ALSO ENDORSED 1956, 1960; INCUMBENT; DNAME FILL: Hamilton County (R45)",0.72
OH,Cincinnati Post,134750,1962,AUDITOR,,,OH,"SHOWELL, JEFFREY G.",Democrat,1,1,,1,PARTY FROM ENQ CROSS-PAPER LOOKUP; COUNTY AUDITOR; ALSO ENDORSED 1958; INCUMBENT,0.85
OH,Cincinnati Post,134750,1962,CNTY CLERK,,Hamilton,OH,"HAYES, BEN",,1,,,1,CLERK OF COURT; ALSO ENDORSED 1960; INCUMBENT; DNAME FILL: Hamilton County (R45),0.65
OH,Cincinnati Post,134750,1962,JUDGE,,Hamilton,OH,"GILDAY, PAUL E.",Nonpartisan,1,,,1,"COUNTY COURT JUDGE; ALSO ENDORSED 1957, 1958; INCUMBENT; DNAME FILL: Hamilton County (R45)",0.75
OH,Cincinnati Post,134750,1962,JUDGE,,Hamilton,OH,"STOCKMEIER, ERNEST W.",Nonpartisan,1,,,1,"COUNTY COURT JUDGE; ALSO ENDORSED 1957, 1958; INCUMBENT; DNAME FILL: Hamilton County (R45)",0.72
OH,Cincinnati Post,134750,1962,JUDGE,,Hamilton,OH,"PALMER, GEORGE H.",Nonpartisan,1,,,1,COUNTY COURT JUDGE; ALSO ENDORSED 1957; INCUMBENT; DNAME FILL: Hamilton County (R45),0.65
OH,Cincinnati Post,134750,1963,CITY COUNCIL,,Cincinnati,OH,"BACHRACH, WALTON H.",Nonpartisan,1,,,1,"INCUMBENT; ALSO ENDORSED 1953, 1957, 1959, 1961; DNAME FILL: Cincinnati (R45 corrected)",0.95
OH,Cincinnati Post,134750,1963,CITY COUNCIL,,Cincinnati,OH,"BERRY, THEODORE M.",Nonpartisan,1,,,,"RETURNING AFTER ABSENCE FROM 1961 SLATE; ALSO ENDORSED 1951, 1953, 1957; PROMINENT AFRICAN AMERICAN POLITICAL LEADER; DNAME FILL: Cincinnati (R45 corrected)",0.95
OH,Cincinnati Post,134750,1963,CITY COUNCIL,,Cincinnati,OH,"COLLINS, PHIL",Nonpartisan,1,,,,NEW CANDIDATE FOR COUNCIL; DNAME FILL: Cincinnati (R45 corrected),0.95
OH,Cincinnati Post,134750,1963,CITY COUNCIL,,Cincinnati,OH,"DOLBEY, DOROTHY",Nonpartisan,1,,,,"LISTED AS MRS. DOROTHY DOLBEY; RETURNING AFTER ABSENCE FROM 1961 SLATE; ALSO ENDORSED 1951, 1953, 1957, 1959; DNAME FILL: Cincinnati (R45 corrected)",0.95
OH,Cincinnati Post,134750,1963,CITY COUNCIL,,Cincinnati,OH,"GRADISON, WILLIS D. JR.",Nonpartisan,1,,,1,INCUMBENT; ALSO ENDORSED 1961; LATER US REPRESENTATIVE OH-2; DNAME FILL: Cincinnati (R45 corrected),0.95
OH,Cincinnati Post,134750,1963,CITY COUNCIL,,Cincinnati,OH,"HELD, JOHN",Nonpartisan,1,,,,NEW CANDIDATE FOR COUNCIL; DNAME FILL: Cincinnati (R45 corrected),0.95
OH,Cincinnati Post,134750,1963,CITY COUNCIL,,Cincinnati,OH,"RUEHLMANN, EUGENE P.",Nonpartisan,1,,,,NEW CANDIDATE; EUGENE P. RUEHLMANN LATER SERVED AS MAYOR OF CINCINNATI (1967-1971); DNAME FILL: Cincinnati (R45 corrected),0.95
OH,Cincinnati Post,134750,1963,CITY COUNCIL,,Cincinnati,OH,"SPRAUL, THOMAS C.",Nonpartisan,1,,,,NEW CANDIDATE FOR COUNCIL; DNAME FILL: Cincinnati (R45 corrected),0.95
OH,Cincinnati Post,134750,1963,CITY COUNCIL,,Cincinnati,OH,"TAFT, CHARLES P.",Nonpartisan,1,,,1,"INCUMBENT; ALSO ENDORSED 1957, 1959, 1961; DNAME FILL: Cincinnati (R45 corrected)",0.95
OH,Cincinnati Post,134750,1963,JUDGE,,Hamilton,OH,"KEEFE, JOHN W.",Nonpartisan,1,,,1,MUNICIPAL COURT; ALSO ENDORSED 1961; INCUMBENT; DNAME FILL: Hamilton County (R45),0.95
OH,Cincinnati Post,134750,1963,JUDGE,,Hamilton,OH,"WOOD, ROBERT V.",Nonpartisan,1,,,1,MUNICIPAL COURT; ALSO ENDORSED 1959; INCUMBENT; DNAME FILL: Hamilton County (R45),0.95
OH,Cincinnati Post,134750,1964,PRESIDENT,,,OH,"JOHNSON, LYNDON B.",Democrat,1,1,,,"CROSS-PARTY ENDORSEMENT; POST PREVIOUSLY ENDORSED EISENHOWER (R, 1956) AND NIXON (R, 1960); LBJ ENDORSEMENT CONSISTENT WITH MANY REPUBLICAN-LEANING PAPERS IN 1964 GOLDWATER YEAR",0.85
OH,Cincinnati Post,134750,1964,SENATOR,,,OH,"TAFT, ROBERT JR.",Republican,1,,,,ROBERT TAFT JR. (R) LOST TO STEPHEN M. YOUNG (D) IN 1964; TAFT FAMILY PROMINENT IN OHIO POLITICS; CHARLES P. TAFT (COUNCIL) IS HIS UNCLE,0.85
OH,Cincinnati Post,134750,1964,H,1,,OH,"MATHIAS, JOHN",Democrat,1,,,,PARTY FROM ENQ CROSS-PAPER LOOKUP; CONGRESSMAN; DISTRICT UNCERTAIN — MAY BE 1ST DISTRICT; NAME UNCERTAIN,0.85
OH,Cincinnati Post,134750,1964,H,1,,OH,"BURNS, WILLIAM P.",Democrat,1,,,,PARTY FROM ENQ CROSS-PAPER LOOKUP; CONGRESSMAN; APPEARS UNDER SAME HEADING AS PREVIOUS ENTRY; NAME HIGHLY UNCERTAIN,0.85
OH,Cincinnati Post,134750,1964,H,2,,OH,"CLANCY, DONALD D.",Republican,1,,1,,"CONGRESSMAN SECOND DISTRICT; INCUMBENT; ALSO ENDORSED 1960, 1962",0.8
OH,Cincinnati Post,134750,1964,STATE SENATOR,7,,OH,"JORDAN, ROBERT C.",,1,,,,STATE SENATOR; NAME UNCERTAIN; DIST FILL: cross-year from 1966 (R46),0.52
OH,Cincinnati Post,134750,1964,STATE SENATOR,8,,OH,"PFEIFER, PAUL W.",,1,,,,STATE SENATOR; NAME UNCERTAIN; DIST FILL: cross-year from 1966 (R46),0.5
OH,Cincinnati Post,134750,1964,STATE REP,,,OH,"COLLEY, ROY C.",,1,,,1,"STATE REPRESENTATIVE; ALSO ENDORSED 1960, 1962; INCUMBENT",0.62
OH,Cincinnati Post,134750,1964,STATE REP,,,OH,"GROSSMAN, ROBERT T.",,1,,,1,"STATE REPRESENTATIVE; ALSO ENDORSED 1956, 1958, 1960, 1962; INCUMBENT",0.68
OH,Cincinnati Post,134750,1964,STATE REP,,,OH,"RATCHFORD, ROBERT P.",,1,,,1,STATE REPRESENTATIVE; ALSO ENDORSED 1954-1962; INCUMBENT,0.68
OH,Cincinnati Post,134750,1964,STATE REP,,,OH,"MORELLI, ARNOLD",,1,,,1,"STATE REPRESENTATIVE; ALSO ENDORSED 1960, 1962; INCUMBENT",0.58
OH,Cincinnati Post,134750,1964,STATE REP,,,OH,"SCHNEIDER, LOUIS J. JR.",Republican,1,,1,,STATE REPRESENTATIVE; PARTY FILL: cross-year same name same office (R48),0.55
OH,Cincinnati Post,134750,1964,STATE REP,,,OH,"YOUNG, JOHN D.",Republican,1,,1,1,"CROSS-YEAR PARTY FILL; STATE REPRESENTATIVE; ALSO ENDORSED 1960, 1962; INCUMBENT",0.58
OH,Cincinnati Post,134750,1964,CNTY COMM,,Hamilton,OH,"BECKMAN, VINCENT H.",Republican,1,,,,PARTY FROM ENQ CROSS-PAPER LOOKUP; COUNTY COMMISSIONER; PREVIOUSLY ENDORSED FOR CITY COUNCIL IN 1957; DNAME FILL: Hamilton County (R45),0.6
OH,Cincinnati Post,134750,1964,CNTY COMM,,Hamilton,OH,"DIEHL, ROBERT A.",,1,,,,COUNTY COMMISSIONER; NAME UNCERTAIN; DNAME FILL: Hamilton County (R45),0.5
OH,Cincinnati Post,134750,1964,DA/PROSECUTOR,,Hamilton,OH,"LEIS, SIMON L. JR.",Republican,1,,,,"CROSS-YEAR PARTY FILL; PROSECUTING ATTORNEY; SIMON L. LEIS JR. — SON OF SIMON L. LEIS SR. (ENDORSED FOR COUNCIL 1951, JUDGE 1960/1962); LEIS JR. LATER BECAME PROMINENT HAMILTON COUNTY PROSECUTOR AND SHERIFF; DNAME FILL: Hamilton County (R45)",0.65
OH,Cincinnati Post,134750,1964,CNTY CLERK,,Hamilton,OH,"HAYES, BEN",,1,,,1,"CLERK COMMON PLEAS COURT; ALSO ENDORSED 1960, 1962; INCUMBENT; DNAME FILL: Hamilton County (R45)",0.68
OH,Cincinnati Post,134750,1964,SHERIFF,,Hamilton,OH,"TEHAN, DAN",Republican,1,,1,1,"PARTY FROM ENQ CROSS-PAPER LOOKUP; SHERIFF; ALSO ENDORSED 1956, 1960; INCUMBENT; DNAME FILL: Hamilton County (R45)",0.72
OH,Cincinnati Post,134750,1964,RECORDER,,Hamilton,OH,"DINEEN, JAMES J.",,1,,,1,COUNTY RECORDER; ALSO ENDORSED 1960; INCUMBENT; DNAME FILL: Hamilton County (R45),0.6
OH,Cincinnati Post,134750,1964,TREASURER,,Hamilton,OH,"CLORE, ROBERT H.",Republican,1,,1,1,COUNTY TREASURER; ALSO ENDORSED 1960; INCUMBENT; DNAME FILL: Hamilton County (R45),0.85
OH,Cincinnati Post,134750,1964,CORONER,,Hamilton,OH,"CLEVELAND, FRANK P.",Republican,1,,,,PARTY FROM ENQ CROSS-PAPER LOOKUP; CORONER; NAME UNCERTAIN; DNAME FILL: Hamilton County (R45),0.5
OH,Cincinnati Post,134750,1964,SUPREME COURT,,,OH,"TAFT, KINGSLEY A.",Nonpartisan,1,,,1,"OHIO SUPREME COURT; ALSO ENDORSED 1960, 1962; INCUMBENT",0.62
OH,Cincinnati Post,134750,1964,COURT OF APPEALS,,,OH,"SHANNON, RAYMOND",Nonpartisan,1,,,,COURT OF APPEALS; PREVIOUSLY ENDORSED FOR MUNICIPAL COURT IN 1959,0.6
OH,Cincinnati Post,134750,1964,JUDGE,,Hamilton,OH,"MORRISSEY, WILLIAM",Nonpartisan,1,,,,COMMON PLEAS COURT; NAME UNCERTAIN; DNAME FILL: Hamilton County (R45),0.52
OH,Cincinnati Post,134750,1964,JUDGE,,Hamilton,OH,"GILDAY, PAUL E.",Nonpartisan,1,,,1,"HAMILTON COUNTY COURT; ALSO ENDORSED 1957, 1958, 1962; INCUMBENT; DNAME FILL: Hamilton County (R45)",0.72
OH,Cincinnati Post,134750,1964,JUDGE,,Hamilton,OH,"STOCKMEIER, ERNEST W.",Nonpartisan,1,,,1,"HAMILTON COUNTY COURT; ALSO ENDORSED 1957, 1958, 1962; INCUMBENT; DNAME FILL: Hamilton County (R45)",0.68
OH,Cincinnati Post,134750,1964,JUDGE,,Hamilton,OH,"PALMER, GEORGE H.",Nonpartisan,1,,,1,"HAMILTON COUNTY COURT; ALSO ENDORSED 1957, 1962; INCUMBENT; DNAME FILL: Hamilton County (R45)",0.62
OH,Cincinnati Post,134750,1965,CITY COUNCIL,,Cincinnati,OH,"RUEHLMANN, EUGENE P.",Nonpartisan,1,,,1,INCUMBENT; ALSO ENDORSED 1963; LATER MAYOR OF CINCINNATI (1967-1971); DNAME FILL: Cincinnati (R45 corrected),0.9
OH,Cincinnati Post,134750,1965,CITY COUNCIL,,Cincinnati,OH,"GRADISON, WILLIS D. JR.",Nonpartisan,1,,,1,"INCUMBENT; ALSO ENDORSED 1961, 1963; LATER US REPRESENTATIVE; DNAME FILL: Cincinnati (R45 corrected)",0.9
OH,Cincinnati Post,134750,1965,CITY COUNCIL,,Cincinnati,OH,"HELD, JOHN E.",Nonpartisan,1,,,1,INCUMBENT; ALSO ENDORSED 1963; MIDDLE INITIAL E NOW VISIBLE; DNAME FILL: Cincinnati (R45 corrected),0.9
OH,Cincinnati Post,134750,1965,CITY COUNCIL,,Cincinnati,OH,"TAFT, CHARLES P.",Nonpartisan,1,,,1,INCUMBENT; ALSO ENDORSED 1957-1963; DNAME FILL: Cincinnati (R45 corrected),0.92
OH,Cincinnati Post,134750,1965,CITY COUNCIL,,Cincinnati,OH,"COLLINS, PHIL",Nonpartisan,1,,,1,INCUMBENT; ALSO ENDORSED 1963; DNAME FILL: Cincinnati (R45 corrected),0.9
OH,Cincinnati Post,134750,1965,CITY COUNCIL,,Cincinnati,OH,"PLASSMANN, JAMES J.",Nonpartisan,1,,,,NEW CANDIDATE FOR COUNCIL; LAST NAME UNCERTAIN; DNAME FILL: Cincinnati (R45 corrected),0.72
OH,Cincinnati Post,134750,1965,CITY COUNCIL,,Cincinnati,OH,"BACHRACH, WALTON H.",Nonpartisan,1,,,1,INCUMBENT; ENDORSED EVERY ODD-YEAR CYCLE 1953-1965; DNAME FILL: Cincinnati (R45 corrected),0.9
OH,Cincinnati Post,134750,1965,CITY COUNCIL,,Cincinnati,OH,"RUH, MYRON B.",Nonpartisan,1,,,,NEW CANDIDATE FOR COUNCIL; LAST NAME COULD BE RUH OR RUSH; DNAME FILL: Cincinnati (R45 corrected),0.78
OH,Cincinnati Post,134750,1965,CITY COUNCIL,,Cincinnati,OH,"LUKEN, THOMAS A.",Nonpartisan,1,,,,"NEW CANDIDATE; THOMAS A. LUKEN (D) LATER SERVED AS US REPRESENTATIVE OH-1 (1974-1975, 1977-1991); DNAME FILL: Cincinnati (R45 corrected)",0.88
OH,Cincinnati Post,134750,1965,JUDGE,,Hamilton,OH,"KEEFE, JOHN W.",Nonpartisan,1,,,1,"MUNICIPAL COURT; ALSO ENDORSED 1961, 1963; INCUMBENT; DNAME FILL: Hamilton County (R45)",0.88
OH,Cincinnati Post,134750,1965,JUDGE,,Hamilton,OH,"HARTE, GEORGE S.",Nonpartisan,1,,,,MUNICIPAL COURT; DNAME FILL: Hamilton County (R45),0.75
OH,Cincinnati Post,134750,1965,JUDGE,,Hamilton,OH,"ELLIOTT, ARTHUR C.",Nonpartisan,1,,,,MUNICIPAL COURT; DNAME FILL: Hamilton County (R45),0.82
OH,Cincinnati Post,134750,1965,JUDGE,,Hamilton,OH,"KRAFT, ROBERT L.",Nonpartisan,1,,,,MUNICIPAL COURT; DNAME FILL: Hamilton County (R45),0.8
OH,Cincinnati Post,134750,1965,JUDGE,,Hamilton,OH,"TREIN, ELTON",Nonpartisan,1,,,,MUNICIPAL COURT; NAME UNCERTAIN — LISTED IN PARENTHESES AS (ELTON TREIN) OR SIMILAR; DNAME FILL: Hamilton County (R45),0.55
OH,Cincinnati Post,134750,1965,JUDGE,,Hamilton,OH,"MATHEWS, WILLIAM S.",Nonpartisan,1,,,,MUNICIPAL COURT; DNAME FILL: Hamilton County (R45),0.75
OH,Cincinnati Post,134750,1965,SCHOOL BOARD,,Cincinnati,OH,"DAVIS, FRANK G.",Nonpartisan,1,,,,BOARD OF EDUCATION; DNAME FILL: Cincinnati Public Schools (R45 corrected),0.85
OH,Cincinnati Post,134750,1965,SCHOOL BOARD,,Cincinnati,OH,"FARRELL, JAMES W. JR.",Nonpartisan,1,,,,BOARD OF EDUCATION; DNAME FILL: Cincinnati Public Schools (R45 corrected),0.85
OH,Cincinnati Post,134750,1965,SCHOOL BOARD,,Cincinnati,OH,"HOPKINS, HENRY M.",Nonpartisan,1,,,,BOARD OF EDUCATION; DNAME FILL: Cincinnati Public Schools (R45 corrected),0.85
OH,Cincinnati Post,134750,1965,SCHOOL BOARD,,Cincinnati,OH,"WOLFE, JAMES E.",Nonpartisan,1,,,,BOARD OF EDUCATION; DNAME FILL: Cincinnati Public Schools (R45 corrected),0.85
OH,Cincinnati Post,134750,1965,STATE BOARD OF ED,,,OH,"JUDD, WILLIAM M.",Nonpartisan,1,,,,STATE SCHOOL BOARD,0.85
OH,Cincinnati Post,134750,1966,GOVERNOR,,,OH,"RHODES, JAMES A.",Republican,1,,1,,INCUMBENT GOVERNOR SEEKING RE-ELECTION; ALSO ENDORSED 1962,0.78
OH,Cincinnati Post,134750,1966,LT GOVERNOR,,,OH,"BROWN, JOHN",Republican,1,,1,,LIEUTENANT GOVERNOR; ALSO ENDORSED 1962; INCUMBENT,0.85
OH,Cincinnati Post,134750,1966,ATTORNEY GENERAL,,,OH,"SAXBE, WILLIAM",Republican,1,,1,,"ALSO ENDORSED 1958, 1962; INCUMBENT AG",0.75
OH,Cincinnati Post,134750,1966,AUDITOR,,,OH,"CLOUD, ROGER",Republican,1,,1,,STATE AUDITOR; ALSO ENDORSED 1962; INCUMBENT,0.85
OH,Cincinnati Post,134750,1966,SEC OF STATE,,,OH,"BROWN, TED",Republican,1,,1,,ALSO ENDORSED 1950-1962; PERENNIAL INCUMBENT,0.78
OH,Cincinnati Post,134750,1966,TREASURER,,Hamilton,OH,"HERBERT, JOHN D.",Republican,1,,1,,PARTY FROM ENQ CROSS-PAPER LOOKUP; STATE TREASURER; ALSO ENDORSED 1962,0.85
OH,Cincinnati Post,134750,1966,H,1,,OH,"KEATING, WILLIAM",Democrat,1,1,,,PARTY FROM ENQ CROSS-PAPER LOOKUP; CONGRESS 1ST DISTRICT; WILLIAM KEATING — PREVIOUSLY ENDORSED FOR MUNICIPAL COURT IN 1959; NOW RUNNING FOR CONGRESS,0.85
OH,Cincinnati Post,134750,1966,H,2,,OH,"CLANCY, DONALD D.",Republican,1,,1,,CONGRESS 2ND DISTRICT; INCUMBENT; ALSO ENDORSED 1960-1964,0.82
OH,Cincinnati Post,134750,1966,STATE SENATOR,7,,OH,"JORDAN, ROBERT C.",,1,,,,OHIO SENATE; DISTRICT NUMBER APPROXIMATE,0.52
OH,Cincinnati Post,134750,1966,STATE SENATOR,8,,OH,"PFEIFER, PAUL",,1,,,,OHIO SENATE; ALSO ENDORSED 1964; DISTRICT NUMBER APPROXIMATE,0.5
OH,Cincinnati Post,134750,1966,STATE REP,,,OH,"GROSSMAN, ROBERT T.",,1,,,1,HOUSE OF REPRESENTATIVES; ALSO ENDORSED 1956-1964; INCUMBENT,0.65
OH,Cincinnati Post,134750,1966,STATE REP,,,OH,"MORELLI, ARNOLD",,1,,,1,HOUSE OF REPRESENTATIVES; ALSO ENDORSED 1960-1964; INCUMBENT,0.58
OH,Cincinnati Post,134750,1966,STATE REP,,,OH,"YOUNG, JOHN D.",Republican,1,,1,1,CROSS-YEAR PARTY FILL; HOUSE OF REPRESENTATIVES; ALSO ENDORSED 1960-1964; INCUMBENT,0.58
OH,Cincinnati Post,134750,1966,CNTY COMM,,Hamilton,OH,"BECKMAN, VINCENT H.",Republican,1,,1,1,CROSS-YEAR PARTY FILL; COUNTY COMMISSIONER; ALSO ENDORSED 1964; INCUMBENT; DNAME FILL: Hamilton County (R45),0.62
OH,Cincinnati Post,134750,1966,AUDITOR,,,OH,"SHOWELL, JEFFREY G.",Democrat,1,1,,1,"PARTY FROM ENQ CROSS-PAPER LOOKUP; COUNTY AUDITOR; ALSO ENDORSED 1958, 1962; INCUMBENT",0.85
OH,Cincinnati Post,134750,1966,DA/PROSECUTOR,,Hamilton,OH,"LEIS, SIMON L. JR.",Republican,1,,1,1,CROSS-YEAR PARTY FILL; PROSECUTING ATTORNEY; ALSO ENDORSED 1964; INCUMBENT; DNAME FILL: Hamilton County (R45),0.65
OH,Cincinnati Post,134750,1966,SUPREME COURT,,,OH,"SCHNEIDER, LOUIS J.",Nonpartisan,1,,,,OHIO SUPREME COURT; POSSIBLY THE SAME LOUIS SCHNEIDER PREVIOUSLY ENDORSED AS STATE REP AND COMMON PLEAS JUDGE,0.55
OH,Cincinnati Post,134750,1966,SUPREME COURT,,,OH,"BROWN, PAUL W.",Nonpartisan,1,,,,OHIO SUPREME COURT,0.55
OH,Cincinnati Post,134750,1966,COURT OF APPEALS,,,OH,"SHANNON, RAYMOND",Nonpartisan,1,,,1,COURT OF APPEALS; ALSO ENDORSED 1964; INCUMBENT,0.62
OH,Cincinnati Post,134750,1966,JUDGE,,Hamilton,OH,"LEIS, SIMON L.",Nonpartisan,1,,,1,"COMMON PLEAS COURT; SIMON L. LEIS SR.; ALSO ENDORSED 1960, 1962; INCUMBENT; DNAME FILL: Hamilton County (R45)",0.68
OH,Cincinnati Post,134750,1967,CITY COUNCIL,,Cincinnati,OH,"BECKMAN, VINCENT H.",Nonpartisan,1,,,,"PREVIOUSLY ENDORSED FOR COUNCIL IN 1957, COUNTY COMMISSION IN 1964/1966; RETURNING TO COUNCIL SLATE; DNAME FILL: Cincinnati (R45 corrected)",0.88
OH,Cincinnati Post,134750,1967,CITY COUNCIL,,Cincinnati,OH,"RUH, MYRON B.",Nonpartisan,1,,,1,INCUMBENT; ALSO ENDORSED 1965; DNAME FILL: Cincinnati (R45 corrected),0.88
OH,Cincinnati Post,134750,1967,CITY COUNCIL,,Cincinnati,OH,"COLLINS, PHIL",Nonpartisan,1,,,1,"INCUMBENT; ALSO ENDORSED 1963, 1965; DNAME FILL: Cincinnati (R45 corrected)",0.9
OH,Cincinnati Post,134750,1967,CITY COUNCIL,,Cincinnati,OH,"GRADISON, WILLIS D. JR.",Nonpartisan,1,,,1,INCUMBENT; ALSO ENDORSED 1961-1965; DNAME FILL: Cincinnati (R45 corrected),0.9
OH,Cincinnati Post,134750,1967,CITY COUNCIL,,Cincinnati,OH,"HELD, JOHN E.",Nonpartisan,1,,,1,"INCUMBENT; ALSO ENDORSED 1963, 1965; DNAME FILL: Cincinnati (R45 corrected)",0.9
OH,Cincinnati Post,134750,1967,CITY COUNCIL,,Cincinnati,OH,"KEATING, WILLIAM J.",Nonpartisan,1,,,,PREVIOUSLY ENDORSED FOR MUNICIPAL COURT (1959) AND CONGRESS (1966); NOW ON COUNCIL SLATE; DNAME FILL: Cincinnati (R45 corrected),0.88
OH,Cincinnati Post,134750,1967,CITY COUNCIL,,Cincinnati,OH,"MAYFIELD, FRANK H. JR.",Nonpartisan,1,,,,NEW CANDIDATE FOR COUNCIL; DNAME FILL: Cincinnati (R45 corrected),0.82
OH,Cincinnati Post,134750,1967,CITY COUNCIL,,Cincinnati,OH,"RUEHLMANN, EUGENE P.",Nonpartisan,1,,,1,"INCUMBENT; ALSO ENDORSED 1963, 1965; BECAME MAYOR IN 1967; DNAME FILL: Cincinnati (R45 corrected)",0.9
OH,Cincinnati Post,134750,1967,CITY COUNCIL,,Cincinnati,OH,"TAFT, CHARLES P.",Nonpartisan,1,,,1,INCUMBENT; ALSO ENDORSED 1957-1965; DNAME FILL: Cincinnati (R45 corrected),0.92
OH,Cincinnati Post,134750,1967,JUDGE,,Hamilton,OH,"CORRENTI, THOMAS J.",Nonpartisan,1,,,,HAMILTON COUNTY MUNICIPAL COURT; SIX-YEAR TERM; DNAME FILL: Hamilton County (R45),0.78
OH,Cincinnati Post,134750,1967,JUDGE,,Hamilton,OH,"DOAN, RUPERT A.",Nonpartisan,1,,,,HAMILTON COUNTY MUNICIPAL COURT; SIX-YEAR TERM; DNAME FILL: Hamilton County (R45),0.78
OH,Cincinnati Post,134750,1967,JUDGE,,Hamilton,OH,"LESHER, JAMES B.",Nonpartisan,1,,,,HAMILTON COUNTY MUNICIPAL COURT; SIX-YEAR TERM; DNAME FILL: Hamilton County (R45),0.72
OH,Cincinnati Post,134750,1967,JUDGE,,Hamilton,OH,"MATHEWS, WILLIAM S.",Nonpartisan,1,,,1,HAMILTON COUNTY MUNICIPAL COURT; SIX-YEAR TERM; ALSO ENDORSED 1965; INCUMBENT; DNAME FILL: Hamilton County (R45),0.82
OH,Cincinnati Post,134750,1967,JUDGE,,Hamilton,OH,"HOLMES, OLIVE L.",Nonpartisan,1,,,,HAMILTON COUNTY MUNICIPAL COURT; UNEXPIRED TERM; DNAME FILL: Hamilton County (R45),0.82
OH,Cincinnati Post,134750,1967,SCHOOL BOARD,,Cincinnati,OH,"CONLIFFE, CALVIN H.",Nonpartisan,1,,,,CINCINNATI BOARD OF EDUCATION; DNAME FILL: Cincinnati Public Schools (R45 corrected),0.82
OH,Cincinnati Post,134750,1967,SCHOOL BOARD,,Cincinnati,OH,"SANNING, JOHN M.",Nonpartisan,1,,,,CINCINNATI BOARD OF EDUCATION; DNAME FILL: Cincinnati Public Schools (R45 corrected),0.78
OH,Cincinnati Post,134750,1967,SCHOOL BOARD,,Cincinnati,OH,"WOLFE, JAMES E.",Nonpartisan,1,,,1,CINCINNATI BOARD OF EDUCATION; ALSO ENDORSED 1965; INCUMBENT; DNAME FILL: Cincinnati Public Schools (R45 corrected),0.85
OH,Cincinnati Post,134750,1967,STATE BOARD OF ED,1,,OH,"JUDD, WILLIAM J.",Nonpartisan,1,,,1,OHIO BOARD OF EDUCATION FIRST DISTRICT; ALSO ENDORSED 1965 (AS WILLIAM M. JUDD — MIDDLE INITIAL DISCREPANCY); INCUMBENT,0.82
OH,Cincinnati Post,134750,1967,STATE BOARD OF ED,2,,OH,"HEISER, KARL P.",Nonpartisan,1,,,,OHIO BOARD OF EDUCATION SECOND DISTRICT,0.75
OH,Cincinnati Post,134750,1968,PRESIDENT,,,OH,"NIXON, RICHARD M.",Republican,1,,,,ALSO ENDORSED IN 1960; NIXON WON 1968 ELECTION,0.78
OH,Cincinnati Post,134750,1968,SENATOR,,,OH,"SAXBE, WILLIAM",Republican,1,,,,WILLIAM B. SAXBE (R); PREVIOUSLY ENDORSED AS AG IN 1958-1966; NOW RUNNING FOR US SENATE; WON IN 1968; DEFEATED JOHN GILLIGAN (D) WHOM THE POST HAD ENDORSED FOR COUNCIL IN 1953/1957,0.85
OH,Cincinnati Post,134750,1968,H,1,,OH,"TAFT, ROBERT JR.",Republican,1,,1,,CONGRESSMAN 1ST DISTRICT; ROBERT TAFT JR. (R) INCUMBENT; ALSO ENDORSED FOR US SENATE 1964; TAFT FAMILY,0.85
OH,Cincinnati Post,134750,1968,H,2,,OH,"CLANCY, DONALD D.",Republican,1,,1,,CONGRESSMAN 2ND DISTRICT; INCUMBENT; ALSO ENDORSED 1960-1966,0.8
OH,Cincinnati Post,134750,1968,STATE SENATOR,,,OH,"SPENCER, ELMER",,1,,,1,"STATE SENATOR; ALSO ENDORSED 1960, 1962; INCUMBENT",0.58
OH,Cincinnati Post,134750,1968,STATE REP,,,OH,"BALLARD, CARL A.",,1,,,,STATE REPRESENTATIVE,0.55
OH,Cincinnati Post,134750,1968,STATE REP,,,OH,"BOWERS, TONY",,1,,,,STATE REPRESENTATIVE,0.52
OH,Cincinnati Post,134750,1968,STATE REP,,,OH,"CRUSH, CHARLES T.",,1,,,,STATE REPRESENTATIVE; LAST NAME COULD BE CRUSH OR CURSH,0.5
OH,Cincinnati Post,134750,1968,STATE REP,,,OH,"GROSSMAN, ROBERT T.",,1,,,1,STATE REPRESENTATIVE; ALSO ENDORSED 1956-1966; INCUMBENT; REMARKABLY LONG RUN,0.65
OH,Cincinnati Post,134750,1968,STATE REP,,,OH,"MARTIN, LEOTUS M.",,1,,,,STATE REPRESENTATIVE,0.5
OH,Cincinnati Post,134750,1968,STATE REP,72,,OH,"MALLORY, WILLIAM L.",Democrat,1,,,,CROSS-YEAR PARTY FILL; STATE REPRESENTATIVE; WILLIAM L. MALLORY SR. — PROMINENT AFRICAN AMERICAN POLITICIAN IN CINCINNATI; DIST FILL: cross-year from 1970 (R46),0.58
OH,Cincinnati Post,134750,1968,CNTY COMM,,Hamilton,OH,"CLARK, JAMES E.",,1,,,,COUNTY COMMISSIONER; CONSISTENT WITH CLARK ENDORSED IN 1956-1962; DNAME FILL: Hamilton County (R45),0.65
OH,Cincinnati Post,134750,1968,DA/PROSECUTOR,,Hamilton,OH,"LEIS, SIMON L. JR.",Republican,1,,1,1,"CROSS-YEAR PARTY FILL; PROSECUTING ATTORNEY; ALSO ENDORSED 1964, 1966; INCUMBENT; DNAME FILL: Hamilton County (R45)",0.68
OH,Cincinnati Post,134750,1968,CNTY CLERK,,Hamilton,OH,"HAYES, BEN",,1,,,1,CLERK COMMON PLEAS COURT; ALSO ENDORSED 1960-1964; INCUMBENT; DNAME FILL: Hamilton County (R45),0.65
OH,Cincinnati Post,134750,1968,SHERIFF,,Hamilton,OH,"TEHAN, DAN",Republican,1,,1,1,PARTY FROM ENQ CROSS-PAPER LOOKUP; SHERIFF; ALSO ENDORSED 1956-1964; INCUMBENT; DNAME FILL: Hamilton County (R45),0.68
OH,Cincinnati Post,134750,1968,RECORDER,,Hamilton,OH,"DINEEN, JAMES",,1,,,1,"COUNTY RECORDER; ALSO ENDORSED 1960, 1964; INCUMBENT; DNAME FILL: Hamilton County (R45)",0.6
OH,Cincinnati Post,134750,1968,TREASURER,,Hamilton,OH,"CLORE, ROBERT",Republican,1,,1,1,"COUNTY TREASURER; ALSO ENDORSED 1960, 1964; INCUMBENT; DNAME FILL: Hamilton County (R45)",0.85
OH,Cincinnati Post,134750,1968,CORONER,,Hamilton,OH,"CLEVELAND, FRANK P.",Republican,1,,1,1,PARTY FROM ENQ CROSS-PAPER LOOKUP; CORONER; ALSO ENDORSED 1964; INCUMBENT; DNAME FILL: Hamilton County (R45),0.55
OH,Cincinnati Post,134750,1968,SUPREME COURT,,,OH,"BROWN, PAUL W.",Nonpartisan,1,,,1,OHIO SUPREME COURT; ALSO ENDORSED 1966; INCUMBENT,0.6
OH,Cincinnati Post,134750,1968,COURT OF APPEALS,,,OH,"SHANNON, RAYMOND",Nonpartisan,1,,,1,"COURT OF APPEALS; ALSO ENDORSED 1964, 1966; INCUMBENT",0.62
OH,Cincinnati Post,134750,1968,JUDGE,,Hamilton,OH,"BETTMAN, GILBERT",Nonpartisan,1,,,,COMMON PLEAS COURT; PREVIOUSLY ENDORSED FOR MUNICIPAL COURT IN 1961; DNAME FILL: Hamilton County (R45),0.58
OH,Cincinnati Post,134750,1968,JUDGE,,Hamilton,OH,"LEIS, SIMON L.",Nonpartisan,1,,,1,COMMON PLEAS COURT; SIMON LEIS SR.; ALSO ENDORSED 1960-1966; INCUMBENT; DNAME FILL: Hamilton County (R45),0.68
OH,Cincinnati Post,134750,1970,GOVERNOR,,,OH,"GILLIGAN, JOHN J.",Democrat,1,,,,"CROSS-PARTY ENDORSEMENT; GILLIGAN (D) PREVIOUSLY ENDORSED FOR CINCINNATI COUNCIL IN 1953 AND 1957; WON 1970 GUBERNATORIAL RACE; POST PRAISED HIS PHILOSOPHY ON EDUCATION, LAW ENFORCEMENT, HEALTH, ENVIRONMENT, URBAN AFFAIRS, AND TAX REFORM",0.95
OH,Cincinnati Post,134750,1970,SENATOR,,,OH,"METZENBAUM, HOWARD M.",Democrat,1,,,,CROSS-PARTY ENDORSEMENT; METZENBAUM (D) LOST TO ROBERT TAFT JR. (R) IN 1970; POST DESCRIBED HIM AS 'RUGGED ACTIVIST' WITH KEEN SENSE OF URBAN DILEMMA,0.95
OH,Cincinnati Post,134750,1970,H,1,,OH,"KEATING, WILLIAM J.",Republican,1,,1,,"PARTY FROM ENQ CROSS-PAPER LOOKUP; CONGRESS 1ST DISTRICT; DESCRIBED AS 'EXPERIENCED FORMER JUDGE, NOW A CINCINNATI CITY COUNCILMAN'; PREVIOUSLY ENDORSED FOR COUNCIL IN 1967; WON OH-1 IN 1970",0.95
OH,Cincinnati Post,134750,1970,H,2,,OH,"SPRINGER, GERALD N.",Democrat,1,,,,"CONGRESS 2ND DISTRICT; GERALD 'JERRY' SPRINGER (D); LOST TO DONALD CLANCY (R) IN 1970; LATER BECAME MAYOR OF CINCINNATI (1977) AND FAMOUS TV HOST; POST DESCRIBED HIM AS 'YOUNG, INTELLIGENT, ARTICULATE ATTORNEY'",0.95
OH,Cincinnati Post,134750,1970,LT GOVERNOR,,,OH,"BROWN, JOHN",Republican,1,,1,,"INCUMBENT; ALSO ENDORSED 1962, 1966",0.95
OH,Cincinnati Post,134750,1970,AUDITOR,,,OH,"TRACY, ROGER JR.",Republican,1,,1,,INCUMBENT; SON OF ROGER W. TRACY WHO WAS ENDORSED FOR TREASURER 1950-1958,0.92
OH,Cincinnati Post,134750,1970,SEC OF STATE,,,OH,"BROWN, TED W.",Republican,1,,1,,INCUMBENT; ENDORSED EVERY CYCLE 1950-1970 — TWENTY YEARS OF CONTINUOUS POST ENDORSEMENTS,0.95
OH,Cincinnati Post,134750,1970,TREASURER,,Hamilton,OH,"DONAHEY, GERTRUDE",Democrat,1,,,,LISTED AS MRS. GERTRUDE DONAHEY; DONAHEY FAMILY PROMINENT IN OHIO POLITICS; DNAME FILL: Hamilton County (R45),0.92
OH,Cincinnati Post,134750,1970,STATE SENATOR,5,,OH,"MALONEY, MICHAEL J.",Republican,1,,,,OHIO SENATE 5TH DISTRICT,0.92
OH,Cincinnati Post,134750,1970,STATE SENATOR,8,,OH,"BOWEN, WILLIAM F.",Democrat,1,,,,OHIO SENATE 8TH DISTRICT; EXPLICITLY LABELED DEMOCRAT — CONFIRMS ENQUIRER QA FIX THAT CORRECTED BOWEN'S PARTY FROM R TO D,0.95
OH,Cincinnati Post,134750,1970,STATE REP,65,,OH,"BECHTOLD, JOHN A.",Republican,1,,,,STATE REPRESENTATIVE 45TH DISTRICT; DIST FIX from 1970 OCR (45→65),0.92
OH,Cincinnati Post,134750,1970,STATE REP,66,,OH,"TRANTER, TERRY M.",Democrat,1,,,,STATE REPRESENTATIVE 46TH DISTRICT; DIST FIX from 1970 OCR (46→66),0.92
OH,Cincinnati Post,134750,1970,STATE REP,67,,OH,"MAYFIELD, FRANK H. JR.",Republican,1,,,,STATE REPRESENTATIVE 47TH DISTRICT; PREVIOUSLY ENDORSED FOR CITY COUNCIL IN 1967; DIST FIX from 1970 OCR (47→67),0.92
OH,Cincinnati Post,134750,1970,STATE REP,68,,OH,"KILEY, RICHARD L.",Democrat,1,,,,STATE REPRESENTATIVE 48TH DISTRICT; DIST FIX from 1970 OCR (48→68),0.92
OH,Cincinnati Post,134750,1970,STATE REP,69,,OH,"RANKIN, JAMES W.",Democrat,1,,,,STATE REPRESENTATIVE 49TH DISTRICT; DIST FIX from 1970 OCR (49→69),0.92
OH,Cincinnati Post,134750,1970,STATE REP,70,,OH,"MURDOCK, NORMAN A.",Republican,1,,,,STATE REPRESENTATIVE 50TH DISTRICT; DIST FIX from 1970 OCR (50→70),0.92
OH,Cincinnati Post,134750,1970,STATE REP,71,,OH,"SCHERER, GORDON H.",Republican,1,,,,STATE REPRESENTATIVE 71ST DISTRICT; GORDON SCHERER PREVIOUSLY SERVED AS US REPRESENTATIVE OH-1 (1953-1963) AND WAS ENDORSED BY POST FOR CONGRESS 1954-1960,0.95
OH,Cincinnati Post,134750,1970,STATE REP,72,,OH,"MALLORY, WILLIAM",Democrat,1,1,,,STATE REPRESENTATIVE 72ND DISTRICT; WILLIAM L. MALLORY SR.; ALSO ENDORSED 1968; PROMINENT AFRICAN AMERICAN POLITICIAN,0.95
OH,Cincinnati Post,134750,1970,STATE REP,73,,OH,"POTTENGER, THOMAS A.",Republican,1,,,,STATE REPRESENTATIVE 73RD DISTRICT; CONFIRMS POTTENGER SPELLING FROM 1960 EXTRACTION,0.95
OH,Cincinnati Post,134750,1970,AUDITOR,,,OH,"DECOURCY, JOSEPH L. JR.",Republican,1,,,,COUNTY AUDITOR; JOSEPH L. DECOURCY JR. — SAME DECOURCY ENDORSED FOR CITY COUNCIL IN 1959,0.92
OH,Cincinnati Post,134750,1970,CNTY COMM,,Hamilton,OH,"BECKMAN, ROBERT F.",Republican,1,,1,,COUNTY COMMISSIONER; ROBERT F. BECKMAN — DIFFERENT FROM VINCENT H. BECKMAN (COUNCIL/COMMISSIONER); DNAME FILL: Hamilton County (R45),0.92
OH,Cincinnati Post,134750,1970,SUPREME COURT,CHIEF JUSTICE,,OH,"O'NEILL, C. WILLIAM",Nonpartisan,1,,,,OHIO SUPREME COURT CHIEF JUSTICE; C. WILLIAM O'NEILL — PREVIOUSLY ENDORSED FOR AG IN 1954 AND POSSIBLY FOR GOVERNOR,0.95
OH,Cincinnati Post,134750,1970,SUPREME COURT,,,OH,"CORRIGAN, J. J. P.",Nonpartisan,1,,,,OHIO SUPREME COURT JUDGE,0.9
OH,Cincinnati Post,134750,1970,SUPREME COURT,,,OH,"DUNCAN, ROBERT M.",Nonpartisan,1,,,,NO ENDORSEMENT; POST MADE 'NO RECOMMENDATION' BETWEEN DUNCAN AND STERN; DIRECTION FILL: 1970 OCR shows endorsed (R47),0.9
OH,Cincinnati Post,134750,1970,SUPREME COURT,,,OH,"STERN, LEONARD J.",Nonpartisan,1,,,,NO ENDORSEMENT; POST MADE 'NO RECOMMENDATION' BETWEEN DUNCAN AND STERN; DIRECTION FILL: 1970 OCR shows endorsed (R47),0.9
OH,Cincinnati Post,134750,1970,COURT OF APPEALS,1,,OH,"SHANNON, RAYMOND E.",Nonpartisan,1,,,1,"COURT OF APPEALS FIRST DISTRICT; ALSO ENDORSED 1959 (MUNICIPAL), 1964-1968; INCUMBENT; FULL NAME NOW VISIBLE AS RAYMOND E. SHANNON",0.95
OH,Cincinnati Post,134750,1970,JUDGE,,Hamilton,OH,"CASTLE, LYLE W.",Nonpartisan,1,,,,COMMON PLEAS COURT; DESCRIBED AS 'EQUALLY QUALIFIED' ALONGSIDE PAUL GEORGE; DNAME FILL: Hamilton County (R45),0.9
OH,Cincinnati Post,134750,1970,JUDGE,,Hamilton,OH,"GEORGE, PAUL",Nonpartisan,1,,,,COMMON PLEAS COURT; DESCRIBED AS 'EQUALLY QUALIFIED' ALONGSIDE LYLE W. CASTLE; DNAME FILL: Hamilton County (R45),0.9
OH,Cincinnati Post,134750,1971,CITY COUNCIL,,Cincinnati,OH,"BERRY, THEODORE M.",Nonpartisan,1,,,,"ALSO ENDORSED 1949, 1951, 1953 (CHARTER PARTY ERA); RETURNS TO COUNCIL SLATE AFTER LONG ABSENCE; BECAME FIRST AFRICAN AMERICAN MAYOR OF CINCINNATI IN 1972; DNAME FILL: Cincinnati (R45 corrected)",0.9
OH,Cincinnati Post,134750,1971,CITY COUNCIL,,Cincinnati,OH,"BRUSH, THOMAS B.",Nonpartisan,1,,,,NEW CANDIDATE FOR COUNCIL; DNAME FILL: Cincinnati (R45 corrected),0.88
OH,Cincinnati Post,134750,1971,CITY COUNCIL,,Cincinnati,OH,"CHENAULT, WILLIAM J.",Nonpartisan,1,,,,NEW CANDIDATE FOR COUNCIL; DNAME FILL: Cincinnati (R45 corrected),0.85
OH,Cincinnati Post,134750,1971,CITY COUNCIL,,Cincinnati,OH,"GRADISON, WILLIS D. JR.",Nonpartisan,1,,,1,INCUMBENT; ALSO ENDORSED 1961-1967; LONG-RUNNING COUNCIL MEMBER; DNAME FILL: Cincinnati (R45 corrected),0.92
OH,Cincinnati Post,134750,1971,CITY COUNCIL,,Cincinnati,OH,"KOHNEN, RALPH B. JR.",Nonpartisan,1,,,,NEW CANDIDATE FOR COUNCIL; DNAME FILL: Cincinnati (R45 corrected),0.85
OH,Cincinnati Post,134750,1971,CITY COUNCIL,,Cincinnati,OH,"LUKEN, THOMAS A.",Nonpartisan,1,,,1,INCUMBENT; ALSO ENDORSED 1965; LATER US REPRESENTATIVE OH-1; DNAME FILL: Cincinnati (R45 corrected),0.9
OH,Cincinnati Post,134750,1971,CITY COUNCIL,,Cincinnati,OH,"SPRINGER, GERALD N.",Nonpartisan,1,,,,JERRY SPRINGER; NEW CANDIDATE FOR COUNCIL; WON IN 1971; LATER FAMOUS TV HOST; DNAME FILL: Cincinnati (R45 corrected),0.9
OH,Cincinnati Post,134750,1971,CITY COUNCIL,,Cincinnati,OH,"STERNE, BOBBIE",Nonpartisan,1,,,,LISTED AS '(MRS.) BOBBIE STERNE'; NEW CANDIDATE FOR COUNCIL; PROMINENT CINCINNATI PROGRESSIVE ACTIVIST; DNAME FILL: Cincinnati (R45 corrected),0.88
OH,Cincinnati Post,134750,1971,CITY COUNCIL,,Cincinnati,OH,"TAFT, CHARLES P.",Nonpartisan,1,,,1,INCUMBENT; ALSO ENDORSED 1957-1967; REMARKABLY LONG COUNCIL RUN; DNAME FILL: Cincinnati (R45 corrected),0.92
OH,Cincinnati Post,134750,1971,JUDGE,,Hamilton,OH,"GEORGE, PAUL J.",Nonpartisan,1,,,,"HAMILTON COUNTY MUNICIPAL COURT; FULL SIX-YEAR TERM COMMENCING JAN 1, 1972; DNAME FILL: Hamilton County (R45)",0.85
OH,Cincinnati Post,134750,1971,JUDGE,,Hamilton,OH,"MEEKIN, THOMAS D.",Nonpartisan,1,,,,HAMILTON COUNTY MUNICIPAL COURT; FULL SIX-YEAR TERM; DNAME FILL: Hamilton County (R45),0.82
OH,Cincinnati Post,134750,1971,JUDGE,,Hamilton,OH,"KLUSMEIER, HARRY T.",Nonpartisan,1,,,,HAMILTON COUNTY MUNICIPAL COURT; FULL SIX-YEAR TERM; DNAME FILL: Hamilton County (R45),0.78
OH,Cincinnati Post,134750,1971,JUDGE,,Hamilton,OH,"LUEBBERS, JOSEPH A.",Nonpartisan,1,,,,HAMILTON COUNTY MUNICIPAL COURT; FULL SIX-YEAR TERM; DNAME FILL: Hamilton County (R45),0.82
OH,Cincinnati Post,134750,1971,JUDGE,,Hamilton,OH,"MCGRAW, E. WOTHER",Nonpartisan,1,,,,HAMILTON COUNTY MUNICIPAL COURT; FULL SIX-YEAR TERM; FIRST NAME UNCERTAIN — READS AS 'E. WOTHER' OR 'E. WORTHER'; DNAME FILL: Hamilton County (R45),0.72
OH,Cincinnati Post,134750,1971,JUDGE,,Hamilton,OH,"MORFORD, DAVID G.",Nonpartisan,1,,,,"HAMILTON COUNTY MUNICIPAL COURT; UNEXPIRED TERM ENDING DEC 31, 1975; DNAME FILL: Hamilton County (R45)",0.82
OH,Cincinnati Post,134750,1971,SCHOOL BOARD,,Cincinnati,OH,"BROWN, ROBERT S.",Nonpartisan,1,,,,CINCINNATI BOARD OF EDUCATION; DNAME FILL: Cincinnati Public Schools (R45 corrected),0.88
OH,Cincinnati Post,134750,1971,SCHOOL BOARD,,Cincinnati,OH,"KISSON, HENRY C.",Nonpartisan,1,,,,"CINCINNATI BOARD OF EDUCATION; LAST NAME COULD BE KISSON, KESSEN, OR KIRSON; DNAME FILL: Cincinnati Public Schools (R45 corrected)",0.72
OH,Cincinnati Post,134750,1971,SCHOOL BOARD,,Cincinnati,OH,"TEMPLE, RONALD J.",Nonpartisan,1,,,,CINCINNATI BOARD OF EDUCATION; DNAME FILL: Cincinnati Public Schools (R45 corrected),0.85
OH,Cincinnati Post,134750,1972,PRESIDENT,,,OH,"NIXON, RICHARD M.",Republican,1,,1,,"INCUMBENT; ALSO ENDORSED 1960, 1968; NIXON LANDSLIDE 1972",0.9
OH,Cincinnati Post,134750,1972,H,1,,OH,"KEATING, WILLIAM J.",Republican,1,,1,,"PARTY FROM ENQ CROSS-PAPER LOOKUP; CONGRESSMAN; ALSO ENDORSED FOR CONGRESS 1966-1970, COUNCIL 1967, MUNICIPAL COURT 1959; INCUMBENT",0.85
OH,Cincinnati Post,134750,1972,H,2,,OH,"CLANCY, DONALD D.",Republican,1,,1,,PARTY FROM ENQ CROSS-PAPER LOOKUP; CONGRESSMAN; ALSO ENDORSED 1960-1970; INCUMBENT,0.85
OH,Cincinnati Post,134750,1972,H,,,OH,"BOWMAN, GRADY",,1,,,,CONGRESSMAN; DISTRICT UNCERTAIN DUE TO SMALL TEXT; NAME READS AS GRADY BOWMAN,0.58
OH,Cincinnati Post,134750,1972,H,,,OH,"SASSER, JOHN",,1,,,,"CONGRESSMAN; DISTRICT UNCERTAIN; NAME HIGHLY UNCERTAIN — COULD BE SASSER, LESSER, OR SIMILAR",0.45
OH,Cincinnati Post,134750,1972,STATE SENATOR,8,,OH,"ARONOFF, STANLEY J.",Republican,1,,,,PARTY FROM ENQ CROSS-PAPER LOOKUP; STATE SENATOR; STANLEY J. ARONOFF — LATER PRESIDENT OF OHIO SENATE; DIST FILL: from Cincinnati Enquirer (R60),0.78
OH,Cincinnati Post,134750,1972,STATE REP,,,OH,"MOONEY, THOMAS J.",,1,,,,STATE REPRESENTATIVE,0.72
OH,Cincinnati Post,134750,1972,STATE REP,,,OH,"GILLEY, RICHARD J.",,1,,,,STATE REPRESENTATIVE,0.65
OH,Cincinnati Post,134750,1972,STATE REP,,,OH,"WALKER, ROBERT L.",Republican,1,,,,STATE REPRESENTATIVE; PARTY FILL: cross-year same name same office (R48),0.68
OH,Cincinnati Post,134750,1972,STATE REP,72,,OH,"MALLORY, WILLIAM L.",Democrat,1,1,,,PARTY FROM ENQ CROSS-PAPER LOOKUP; STATE REPRESENTATIVE; ALSO ENDORSED 1968; INCUMBENT; PROMINENT AFRICAN AMERICAN POLITICIAN; DIST FILL: cross-year from 1970 (R46),0.75
OH,Cincinnati Post,134750,1972,STATE REP,,,OH,"BARFIELD, JOHN A.",,1,,,,STATE REPRESENTATIVE,0.6
OH,Cincinnati Post,134750,1972,STATE REP,,,OH,"HOFELD, EDITH H.",,1,,,,"STATE REPRESENTATIVE; NAME UNCERTAIN — COULD BE HOFELD, HOVELD, OR SIMILAR",0.5
OH,Cincinnati Post,134750,1972,STATE REP,,,OH,"JORDAN, DONALD W.",,1,,,,STATE REPRESENTATIVE,0.62
OH,Cincinnati Post,134750,1972,STATE REP,,,OH,"THOMAS, RICHARD N.",,1,,,,STATE REPRESENTATIVE,0.62
OH,Cincinnati Post,134750,1972,STATE REP,,,OH,"MINTON, GLENN N.",,1,,,,STATE REPRESENTATIVE; NAME COULD BE MINTON OR MINTURN,0.55
OH,Cincinnati Post,134750,1972,STATE REP,,,OH,"BUCHANAN, LEO P. JR.",,1,,,,STATE REPRESENTATIVE,0.58
OH,Cincinnati Post,134750,1972,STATE REP,,,OH,"ROACH, THEA",,1,,,,STATE REPRESENTATIVE; NAME HIGHLY UNCERTAIN,0.45
OH,Cincinnati Post,134750,1972,CNTY COMM,,Hamilton,OH,"DRAKE, RICHARD E.",,1,,,,COUNTY COMMISSIONER; DNAME FILL: Hamilton County (R45),0.68
OH,Cincinnati Post,134750,1972,CNTY COMM,,Hamilton,OH,"HEILE, NORBERT",,1,,,,"COUNTY COMMISSIONER; NAME UNCERTAIN — COULD BE HEILE, HEISE, OR SIMILAR; DNAME FILL: Hamilton County (R45)",0.55
OH,Cincinnati Post,134750,1972,DA/PROSECUTOR,,Hamilton,OH,"LEIS, SIMON L. JR.",Republican,1,,1,1,PARTY FROM ENQ CROSS-PAPER LOOKUP; PROSECUTING ATTORNEY; ALSO ENDORSED 1964-1968; INCUMBENT; DNAME FILL: Hamilton County (R45),0.72
OH,Cincinnati Post,134750,1972,CNTY CLERK,COURTS,Hamilton,OH,"JENNINGS, ROBERT D.",,1,,,,NAME FIX from 1972 OCR (R63): Jennings Robert D not Jerning Albert J,0.85
OH,Cincinnati Post,134750,1972,SHERIFF,,Hamilton,OH,"TEHAN, DAN",Republican,1,,1,1,CROSS-YEAR PARTY FILL; ALSO ENDORSED 1956-1968; INCUMBENT; REMARKABLY LONG TENURE IF STILL SERVING; DNAME FILL: Hamilton County (R45),0.68
OH,Cincinnati Post,134750,1972,CORONER,,Hamilton,OH,"CLEVELAND, FRANK P.",Republican,1,,1,1,"PARTY FROM ENQ CROSS-PAPER LOOKUP; ALSO ENDORSED 1964, 1968; INCUMBENT; DNAME FILL: Hamilton County (R45)",0.65
OH,Cincinnati Post,134750,1972,RECORDER,,Hamilton,OH,"SOMMER, GERALD C.",,1,,,,COUNTY RECORDER; NEW — REPLACES DINEEN FROM PRIOR YEARS; DNAME FILL: Hamilton County (R45),0.62
OH,Cincinnati Post,134750,1972,TREASURER,,Hamilton,OH,"WILKE, WAYNE F.",Republican,1,,,,NAME FIX from 1972 OCR (R63): Wilke not Riley,0.85
OH,Cincinnati Post,134750,1972,SURVEYOR,,Hamilton,OH,"POHL, LAWRENCE",Nonpartisan,1,,,,COUNTY ENGINEER/SURVEYOR; PARTY FILL: judicial/local nonpartisan; DNAME FILL: Hamilton County (R45),0.55
OH,Cincinnati Post,134750,1972,SUPREME COURT,,,OH,"CORRIGAN, JOHN V.",Nonpartisan,1,,,,OHIO SUPREME COURT; FIRST NAME/INITIAL READS AS JOHN V. OR SIMILAR,0.58
OH,Cincinnati Post,134750,1972,SUPREME COURT,,,OH,"STERN, LLOYD O.",Nonpartisan,1,,,,OHIO SUPREME COURT,0.55
OH,Cincinnati Post,134750,1972,SUPREME COURT,,,OH,"BROWN, PAUL W.",Nonpartisan,1,,1,,"OHIO SUPREME COURT; ALSO ENDORSED 1966, 1968; INCUMBENT",0.62
OH,Cincinnati Post,134750,1972,COURT OF APPEALS,,,OH,"KLUSMEIER, GEORGE E.",Nonpartisan,1,,,,COURT OF APPEALS; POSSIBLY RELATED TO HARRY T. KLUSMEIER ENDORSED FOR MUNICIPAL COURT IN 1971,0.58
OH,Cincinnati Post,134750,1972,JUDGE,,Hamilton,OH,"BETTMAN, GILBERT",Nonpartisan,1,,,1,COMMON PLEAS COURT; ALSO ENDORSED 1968; INCUMBENT; DNAME FILL: Hamilton County (R45),0.65
OH,Cincinnati Post,134750,1972,JUDGE,,Hamilton,OH,"CRUSH, CHARLES T.",Nonpartisan,1,,,,COMMON PLEAS COURT; PREVIOUSLY ENDORSED AS STATE REP IN 1968; DNAME FILL: Hamilton County (R45),0.58
OH,Cincinnati Post,134750,1972,JUDGE,,Hamilton,OH,"HOGAN, TIMOTHY S.",Nonpartisan,1,,,,COMMON PLEAS COURT; DNAME FILL: Hamilton County (R45),0.6
OH,Cincinnati Post,134750,1972,JUDGE,,Hamilton,OH,"LEIS, SIMON L.",Nonpartisan,1,,,1,COMMON PLEAS COURT; SIMON LEIS SR.; ALSO ENDORSED 1960-1968; INCUMBENT; DNAME FILL: Hamilton County (R45),0.68
OH,Cincinnati Post,134750,1972,JUDGE,,Hamilton,OH,"MORRISSEY, THOMAS J.",Nonpartisan,1,,,,COMMON PLEAS COURT; DNAME FILL: Hamilton County (R45),0.55
OH,Cincinnati Post,134750,1972,JUDGE,,Hamilton,OH,"WALSH, THOMAS O.",Nonpartisan,1,,,,COMMON PLEAS COURT; DNAME FILL: Hamilton County (R45),0.55
OH,Cincinnati Post,134750,1972,JUDGE,,Hamilton,OH,"PALMER, WILLIAM J.",Nonpartisan,1,,,,COMMON PLEAS COURT; DNAME FILL: Hamilton County (R45),0.52
OH,Cincinnati Post,134750,1972,JUDGE,,Hamilton,OH,"HEITZLER, WILLIAM J.",Nonpartisan,1,,,,COMMON PLEAS COURT; NAME HIGHLY UNCERTAIN; DNAME FILL: Hamilton County (R45),0.45
OH,Cincinnati Post,134750,1972,JUDGE,,Hamilton,OH,"HARCOURT, WILLIAM J.",Nonpartisan,1,,,,PROBATE DIVISION; NAME READS AS WILLIAM J. HARCOURT OR SIMILAR; DNAME FILL: Hamilton County (R45),0.5
OH,Cincinnati Post,134750,1972,JUDGE,,Hamilton,OH,"GRIESELDING, BENJAMIN",Nonpartisan,1,,,,JUVENILE DIVISION; NAME HIGHLY UNCERTAIN — READS AS GRIESELDING OR GRIESEDIECK; DNAME FILL: Hamilton County (R45),0.4
OH,Cincinnati Post,134750,1972,STATE BOARD OF ED,,,OH,"HEISER, KARL P.",Nonpartisan,1,,,,OHIO BOARD OF EDUCATION; ALSO ENDORSED 1967,0.65
OH,Cincinnati Post,134750,1972,STATE BOARD OF ED,,,OH,"SEYMOUR, GERALD",Nonpartisan,1,,,,OHIO BOARD OF EDUCATION; NAME UNCERTAIN,0.52
OH,Cincinnati Post,134750,1972,STATE BOARD OF ED,,,OH,"OLIVER, DANIEL",Nonpartisan,1,,,,OHIO BOARD OF EDUCATION; NAME HIGHLY UNCERTAIN,0.42
OH,Cincinnati Post,134750,1973,CITY COUNCIL,,Cincinnati,OH,"BERRY, THEODORE M.",Nonpartisan,1,,,1,"INCUMBENT; ALSO ENDORSED 1949-1953, 1971; FIRST AFRICAN AMERICAN MAYOR OF CINCINNATI (1972); DNAME FILL: Cincinnati (R45 corrected)",0.92
OH,Cincinnati Post,134750,1973,CITY COUNCIL,,Cincinnati,OH,"BRUSH, THOMAS B.",Nonpartisan,1,,,1,INCUMBENT; ALSO ENDORSED 1971; DNAME FILL: Cincinnati (R45 corrected),0.9
OH,Cincinnati Post,134750,1973,CITY COUNCIL,,Cincinnati,OH,"GRADISON, WILLIS D. JR.",Nonpartisan,1,,,1,INCUMBENT; ALSO ENDORSED 1961-1971; LATER US REPRESENTATIVE; DNAME FILL: Cincinnati (R45 corrected),0.92
OH,Cincinnati Post,134750,1973,CITY COUNCIL,,Cincinnati,OH,"GUCKENBERGER, GUY C.",Nonpartisan,1,,,,NEW CANDIDATE FOR COUNCIL; DNAME FILL: Cincinnati (R45 corrected),0.85
OH,Cincinnati Post,134750,1973,CITY COUNCIL,,Cincinnati,OH,"LUKEN, THOMAS A.",Nonpartisan,1,,,1,"INCUMBENT; ALSO ENDORSED 1965, 1971; LATER US REPRESENTATIVE OH-1; DNAME FILL: Cincinnati (R45 corrected)",0.92
OH,Cincinnati Post,134750,1973,CITY COUNCIL,,Cincinnati,OH,"MANN, DAVID",Nonpartisan,1,,,,NEW CANDIDATE FOR COUNCIL; DAVID MANN (D) LATER SERVED AS US REPRESENTATIVE OH-1 (1993-1995); DNAME FILL: Cincinnati (R45 corrected),0.9
OH,Cincinnati Post,134750,1973,CITY COUNCIL,,Cincinnati,OH,"SPRINGER, GERALD N.",Nonpartisan,1,,,1,JERRY SPRINGER; INCUMBENT; ALSO ENDORSED 1971; DNAME FILL: Cincinnati (R45 corrected),0.9
OH,Cincinnati Post,134750,1973,CITY COUNCIL,,Cincinnati,OH,"STERNE, BOBBIE",Nonpartisan,1,,,1,LISTED AS '(MRS.) BOBBIE STERNE'; INCUMBENT; ALSO ENDORSED 1971; DNAME FILL: Cincinnati (R45 corrected),0.9
OH,Cincinnati Post,134750,1973,CITY COUNCIL,,Cincinnati,OH,"TAFT, CHARLES P.",Nonpartisan,1,,,1,INCUMBENT; ALSO ENDORSED 1957-1971; LONGEST-RUNNING COUNCIL ENDORSEE IN POST HISTORY; DNAME FILL: Cincinnati (R45 corrected),0.92
OH,Cincinnati Post,134750,1973,JUDGE,,Hamilton,OH,"FUTTERHOFF, WILLIAM",Nonpartisan,1,,,,HAMILTON COUNTY MUNICIPAL COURT; FULL SIX-YEAR TERM BEGINNING JAN 1; LAST NAME COULD BE FUTTERHOFF OR PUTTERHOFF; DNAME FILL: Hamilton County (R45),0.72
OH,Cincinnati Post,134750,1973,JUDGE,,Hamilton,OH,"GORMAN, ROBERT H.",Nonpartisan,1,,,,HAMILTON COUNTY MUNICIPAL COURT; FULL SIX-YEAR TERM; DNAME FILL: Hamilton County (R45),0.82
OH,Cincinnati Post,134750,1973,JUDGE,,Hamilton,OH,"MATHIAS, MAURICE A.",Nonpartisan,1,,,,HAMILTON COUNTY MUNICIPAL COURT; FULL SIX-YEAR TERM; FIRST NAME COULD BE MAURICE OR MORRIS; DNAME FILL: Hamilton County (R45),0.78
OH,Cincinnati Post,134750,1973,JUDGE,,Hamilton,OH,"O'CONNOR, JOHN P.",Nonpartisan,1,,,,HAMILTON COUNTY MUNICIPAL COURT; FULL SIX-YEAR TERM; DNAME FILL: Hamilton County (R45),0.82
OH,Cincinnati Post,134750,1973,JUDGE,,Hamilton,OH,"SCHOTT, DONALD L.",Nonpartisan,1,,,,HAMILTON COUNTY MUNICIPAL COURT; FULL SIX-YEAR TERM; DNAME FILL: Hamilton County (R45),0.8
OH,Cincinnati Post,134750,1973,JUDGE,,Hamilton,OH,"RUNYON, GEORGE W. JR.",Nonpartisan,1,,,,"HAMILTON COUNTY MUNICIPAL COURT; UNEXPIRED TERM ENDING DEC 31, 1977; DNAME FILL: Hamilton County (R45)",0.78
OH,Cincinnati Post,134750,1973,SCHOOL BOARD,,Cincinnati,OH,"LINDBERG, CHARLES D.",Nonpartisan,1,,,,CINCINNATI BOARD OF EDUCATION; DNAME FILL: Cincinnati Public Schools (R45 corrected),0.85
OH,Cincinnati Post,134750,1973,SCHOOL BOARD,,Cincinnati,OH,"NICHOLAS, JAMES R.",Nonpartisan,1,,,,CINCINNATI BOARD OF EDUCATION; LISTED AS 'DR. JAMES R. NICHOLAS'; DNAME FILL: Cincinnati Public Schools (R45 corrected),0.85
OH,Cincinnati Post,134750,1973,SCHOOL BOARD,,Cincinnati,OH,"SCHLOSS, MARY T.",Nonpartisan,1,,,,CINCINNATI BOARD OF EDUCATION; LISTED AS 'MRS. MARY T. SCHLOSS'; DNAME FILL: Cincinnati Public Schools (R45 corrected),0.82
OH,Cincinnati Post,134750,1973,SCHOOL BOARD,,Cincinnati,OH,"SPIEZAR, MARIAN A.",Nonpartisan,1,,,,"CINCINNATI BOARD OF EDUCATION; LISTED AS 'MRS. MARIAN A. SPIEZAR'; LAST NAME COULD BE SPIEZAR, SPIEZER, SPENCER, OR SIMILAR; DNAME FILL: Cincinnati Public Schools (R45 corrected)",0.68
OH,Cincinnati Post,134750,1974,GOVERNOR,,,OH,"GILLIGAN, JOHN J.",Democrat,1,1,,,INCUMBENT GOVERNOR; ALSO ENDORSED FOR CITY COUNCIL 1953; LOST 1968 US SENATE RACE TO SAXBE; WON GOVERNORSHIP 1970; LOST RE-ELECTION 1974 TO RHODES,0.9
OH,Cincinnati Post,134750,1974,LT GOVERNOR,,,OH,"CELESTE, RICHARD",Democrat,1,,,,PARTY FROM ENQ CROSS-PAPER LOOKUP; RICHARD CELESTE; LATER GOVERNOR OF OHIO (1983-1991),0.85
OH,Cincinnati Post,134750,1974,ATTORNEY GENERAL,,,OH,"SMITH, GEORGE",Republican,1,,,,PARTY FROM ENQ CROSS-PAPER LOOKUP; ATTORNEY GENERAL,0.8
OH,Cincinnati Post,134750,1974,AUDITOR,,,OH,"TRACY, ROGER W. JR.",Republican,1,,1,,PARTY FROM ENQ CROSS-PAPER LOOKUP; STATE AUDITOR; ROGER W. TRACY JR. — CONSISTENT WITH ROGER W. TRACY ENDORSED IN 1950S-1960S (POSSIBLY SON),0.78
OH,Cincinnati Post,134750,1974,SEC OF STATE,,,OH,"HALL, TONY",Democrat,1,,,,PARTY FROM ENQ CROSS-PAPER LOOKUP; SECRETARY OF STATE; TONY HALL — LATER US REPRESENTATIVE OH-3 (1979-2002),0.88
OH,Cincinnati Post,134750,1974,TREASURER,,Hamilton,OH,"STANLEY, GERTRUDE",Democrat,1,,,,STATE TREASURER; GERTRUDE STANLEY OR DONAHEY — NAME PARTIALLY READABLE,0.85
OH,Cincinnati Post,134750,1974,SENATOR,,,OH,"GLENN, JOHN",Democrat,1,,,,PARTY FROM ENQ CROSS-PAPER LOOKUP; U.S. SENATE; JOHN GLENN — FORMER ASTRONAUT; WON 1974 ELECTION; SERVED 1975-1999,0.9
OH,Cincinnati Post,134750,1974,H,1,,OH,"GRADISON, WILLIS D. JR.",Republican,1,,,,PARTY FROM ENQ CROSS-PAPER LOOKUP; U.S. CONGRESS; LISTED UNDER 'FOUR DISTRICTS'; PREVIOUSLY ENDORSED FOR CITY COUNCIL 1961-1973; NOW RUNNING FOR CONGRESS; WON IN 1974; DIST FILL: from Cincinnati Enquirer (R60),0.85
OH,Cincinnati Post,134750,1974,H,1,,OH,"LUKEN, THOMAS A.",Democrat,1,,,,PARTY FROM ENQ CROSS-PAPER LOOKUP; U.S. CONGRESS; LISTED UNDER 'FOUR DISTRICTS'; PREVIOUSLY ENDORSED FOR CITY COUNCIL 1965-1973; ALSO ENDORSED FOR OHIO HOUSE IN THIS SAME CLIPPING — LIKELY RUNNING FOR CONGRESS; WON SPECIAL ELECTION 1974; DIST FILL: from Cincinnati Enquirer (R60),0.82
OH,Cincinnati Post,134750,1974,STATE SENATOR,5,,OH,"MALONEY, MICHAEL J.",Republican,1,,1,,PARTY FROM ENQ CROSS-PAPER LOOKUP; OHIO SENATE; DIST FILL: cross-year from 1970 (R46),0.78
OH,Cincinnati Post,134750,1974,STATE SENATOR,8,,OH,"BOWEN, WILLIAM F.",Democrat,1,1,,,PARTY FROM ENQ CROSS-PAPER LOOKUP; OHIO SENATE; WILLIAM F. BOWEN — ALSO ENDORSED FOR STATE SENATE IN 1970 (CONFIRMED DEMOCRAT IN THAT CLIPPING); DIST FILL: cross-year from 1970 (R46),0.82
OH,Cincinnati Post,134750,1974,STATE REP,,,OH,"FRASE, ROBERT R.",,1,,,,OHIO HOUSE,0.72
OH,Cincinnati Post,134750,1974,STATE REP,,,OH,"STINZIANO, JOHN P.",,1,,,,OHIO HOUSE; LAST NAME DISTINCTIVE — STINZIANO,0.75
OH,Cincinnati Post,134750,1974,STATE REP,,,OH,"HEDRICK, NORMA",,1,,,,OHIO HOUSE,0.68
OH,Cincinnati Post,134750,1974,STATE REP,,,OH,"PHELAN, JOSEPH L.",,1,,,,OHIO HOUSE,0.68
OH,Cincinnati Post,134750,1974,STATE REP,23,,OH,"MALLORY, WILLIAM L.",Democrat,1,1,,1,"PARTY FROM ENQ CROSS-PAPER LOOKUP; OHIO HOUSE; ALSO ENDORSED 1968, 1972; INCUMBENT; DIST FILL: cross-year from 1978 (R46)",0.78
OH,Cincinnati Post,134750,1974,STATE REP,34,,OH,"LUKEN, JAMES T.",Democrat,1,,,,PARTY FROM ENQ CROSS-PAPER LOOKUP; OHIO HOUSE; JAMES T. LUKEN — LIKELY RELATIVE OF THOMAS A. LUKEN; DIST FILL: from Cincinnati Enquirer (R60),0.75
OH,Cincinnati Post,134750,1974,STATE REP,69,,OH,"RANKIN, LARRY W.",Democrat,1,1,,,PARTY FROM ENQ CROSS-PAPER LOOKUP; OHIO HOUSE; DIST FILL: cross-year from 1970 (R46),0.68
OH,Cincinnati Post,134750,1974,STATE REP,28,,OH,"FIX, HELEN",Democrat,1,,,,PARTY FROM ENQ CROSS-PAPER LOOKUP; OHIO HOUSE; DIST FILL: cross-year from 1978 (R46),0.72
OH,Cincinnati Post,134750,1974,STATE REP,67,,OH,"MAYFIELD, FRANK H. JR.",Republican,1,,1,,PARTY FROM ENQ CROSS-PAPER LOOKUP; OHIO HOUSE; PREVIOUSLY ENDORSED FOR CITY COUNCIL IN 1967; DIST FILL: cross-year from 1970 (R46),0.75
OH,Cincinnati Post,134750,1974,CNTY COMM,,Hamilton,OH,"GOOD, JUDITH R.",,1,,,,COUNTY COMMISSIONER; DNAME FILL: Hamilton County (R45),0.78
OH,Cincinnati Post,134750,1974,AUDITOR,,,OH,"DECOURCY, JOSEPH L. JR.",Democrat,1,1,,,COUNTY AUDITOR; JOSEPH L. DECOURCY JR.,0.75
OH,Cincinnati Post,134750,1974,STATE BOARD OF ED,,,OH,"MECKLENBORG, JOHN R.",Nonpartisan,1,,,,STATE BOARD OF EDUCATION,0.75
OH,Cincinnati Post,134750,1974,SUPREME COURT,CHIEF JUSTICE,,OH,"O'NEILL, C. WILLIAM",Nonpartisan,1,,,,OHIO SUPREME COURT CHIEF JUSTICE; C. WILLIAM O'NEILL,0.82
OH,Cincinnati Post,134750,1974,SUPREME COURT,,,OH,"HERBERT, THOMAS M.",Nonpartisan,1,,,,OHIO SUPREME COURT,0.72
OH,Cincinnati Post,134750,1974,SUPREME COURT,,,OH,"TAFT, SHELDON",Nonpartisan,1,,,,OHIO SUPREME COURT; ANOTHER TAFT FAMILY MEMBER,0.78
OH,Cincinnati Post,134750,1974,COURT OF APPEALS,,,OH,"KEEFE, JOHN W.",Nonpartisan,1,,,,COURT OF APPEALS; PREVIOUSLY ENDORSED FOR MUNICIPAL COURT 1961-1965,0.78
OH,Cincinnati Post,134750,1974,JUDGE,,Hamilton,OH,"GRIESENBECK, FRED M.",Nonpartisan,1,,,,COMMON PLEAS COURT; NAME COULD BE GRIESENBECK OR GIESENBACK; DNAME FILL: Hamilton County (R45),0.62
OH,Cincinnati Post,134750,1974,JUDGE,,Hamilton,OH,"MATHEWS, WILLIAM S.",Nonpartisan,1,,,1,"COMMON PLEAS COURT; ALSO ENDORSED FOR MUNICIPAL COURT 1965, 1967; NOW COMMON PLEAS; INCUMBENT; DNAME FILL: Hamilton County (R45)",0.75
OH,Cincinnati Post,134750,1974,JUDGE,,Hamilton,OH,"HOPKINS, WILLIAM E.",Nonpartisan,1,,,,COMMON PLEAS COURT; DNAME FILL: Hamilton County (R45),0.68
OH,Cincinnati Post,134750,1974,JUDGE,,Hamilton,OH,"HOGAN, THOMAS D.",Nonpartisan,1,,,,COMMON PLEAS COURT; CONSISTENT WITH TIMOTHY S. HOGAN ENDORSED IN 1972 (POSSIBLY SAME PERSON WITH NAME VARIANT); DNAME FILL: Hamilton County (R45),0.68
OH,Cincinnati Post,134750,1974,JUDGE,,Hamilton,OH,"GRIESELDING, DAVID E.",Nonpartisan,1,,,,DOMESTIC COURT; CONSISTENT WITH BENJAMIN GRIESELDING ENDORSED FOR JUVENILE COURT 1972 (SAME FAMILY?); DNAME FILL: Hamilton County (R45),0.6
OH,Cincinnati Post,134750,1974,JUDGE,,Hamilton,OH,"GEORGE, PAUL J.",Nonpartisan,1,,,,DOMESTIC RELATIONS; PREVIOUSLY ENDORSED FOR MUNICIPAL COURT IN 1971; NOW DOMESTIC RELATIONS; DNAME FILL: Hamilton County (R45),0.78
OH,Cincinnati Post,134750,1975,CITY COUNCIL,,Cincinnati,OH,"BRUSH, THOMAS B.",Nonpartisan,1,,,1,"INCUMBENT; ALSO ENDORSED 1971, 1973; DNAME FILL: Cincinnati (R45 corrected)",0.88
OH,Cincinnati Post,134750,1975,CITY COUNCIL,,Cincinnati,OH,"GUCKENBERGER, GUY C.",Nonpartisan,1,,,1,INCUMBENT; ALSO ENDORSED 1973; DNAME FILL: Cincinnati (R45 corrected),0.88
OH,Cincinnati Post,134750,1975,CITY COUNCIL,,Cincinnati,OH,"MANN, DAVID",Nonpartisan,1,,,1,INCUMBENT; ALSO ENDORSED 1973; LATER US REPRESENTATIVE; DNAME FILL: Cincinnati (R45 corrected),0.9
OH,Cincinnati Post,134750,1975,CITY COUNCIL,,Cincinnati,OH,"SPENCER, DONALD",Nonpartisan,1,,,,NEW CANDIDATE FOR COUNCIL; NAME READS AS DONALD SPENCER; DNAME FILL: Cincinnati (R45 corrected),0.78
OH,Cincinnati Post,134750,1975,CITY COUNCIL,,Cincinnati,OH,"STERNE, BOBBIE M.",Nonpartisan,1,,,1,"INCUMBENT; ALSO ENDORSED 1971, 1973; MIDDLE INITIAL M NOW VISIBLE; DNAME FILL: Cincinnati (R45 corrected)",0.88
OH,Cincinnati Post,134750,1975,CITY COUNCIL,,Cincinnati,OH,"TAFT, CHARLES P.",Nonpartisan,1,,,1,INCUMBENT; ALSO ENDORSED 1957-1973; LONGEST-RUNNING COUNCIL ENDORSEE; DNAME FILL: Cincinnati (R45 corrected),0.92
OH,Cincinnati Post,134750,1975,CITY COUNCIL,,Cincinnati,OH,"DELANEY, MARIAN",Nonpartisan,1,,,,NEW CANDIDATE FOR COUNCIL; FIRST NAME COULD BE MARIAN OR MARTIN; DNAME FILL: Cincinnati (R45 corrected),0.72
OH,Cincinnati Post,134750,1975,CITY COUNCIL,,Cincinnati,OH,"LUKEN, JAMES T.",Nonpartisan,1,,,,PREVIOUSLY ENDORSED FOR OHIO HOUSE IN 1974; NOW RUNNING FOR COUNCIL; RELATIVE OF THOMAS A. LUKEN; DNAME FILL: Cincinnati (R45 corrected),0.82
OH,Cincinnati Post,134750,1975,CITY COUNCIL,,Cincinnati,OH,"BERRY, THEODORE M.",Nonpartisan,1,,,1,"INCUMBENT; ALSO ENDORSED 1949-1953, 1971, 1973; FORMER MAYOR; DNAME FILL: Cincinnati (R45 corrected)",0.88
OH,Cincinnati Post,134750,1975,SCHOOL BOARD,,Cincinnati,OH,"BENSON, J. ROBERT",Nonpartisan,1,,,,SCHOOL BOARD; DNAME FILL: Cincinnati Public Schools (R45 corrected),0.82
OH,Cincinnati Post,134750,1975,SCHOOL BOARD,,Cincinnati,OH,"GARCIA, EDWARD",Nonpartisan,1,,,,SCHOOL BOARD; DNAME FILL: Cincinnati Public Schools (R45 corrected),0.82
OH,Cincinnati Post,134750,1975,SCHOOL BOARD,,Cincinnati,OH,"RAY, ORRIN E.",Nonpartisan,1,,,,SCHOOL BOARD; DNAME FILL: Cincinnati Public Schools (R45 corrected),0.78
OH,Cincinnati Post,134750,1975,JUDGE,,Hamilton,OH,"WILLIAMS, JOE",Nonpartisan,1,,,,MUNICIPAL JUDGE; ONLY ONE JUDICIAL ENDORSEMENT THIS YEAR; DNAME FILL: Hamilton County (R45),0.8
OH,Cincinnati Post,134750,1976,PRESIDENT,,,OH,"FORD, GERALD",Republican,1,,1,,INCUMBENT PRESIDENT; GERALD FORD (R) VS JIMMY CARTER (D),0.9
OH,Cincinnati Post,134750,1976,SENATOR,,,OH,"TAFT, ROBERT JR.",Republican,0,,,,U.S. SENATE; ROBERT TAFT JR. (R) INCUMBENT; ALSO ENDORSED FOR CONGRESS 1962-1968; LOST 1976 TO METZENBAUM; PATTERN L #6 direction fix from 1976 OCR (R65): paper endorsed Metzenbaum D over Taft R,0.85
OH,Cincinnati Post,134750,1976,H,1,,OH,"GRADISON, WILLIS D. JR.",Republican,1,,1,,"PARTY FROM ENQ CROSS-PAPER LOOKUP; FIRST DISTRICT; INCUMBENT; ALSO ENDORSED FOR COUNCIL 1961-1973, CONGRESS 1974",0.85
OH,Cincinnati Post,134750,1976,H,2,,OH,"LUKEN, THOMAS A.",Democrat,1,,,1,"PARTY FROM ENQ CROSS-PAPER LOOKUP; SECOND DISTRICT; INCUMBENT; ALSO ENDORSED FOR COUNCIL 1965-1973, CONGRESS 1974",0.85
OH,Cincinnati Post,134750,1976,H,,,OH,"BROWN, EARLE",,1,,,,U.S. CONGRESS; DISTRICT UNCERTAIN; NAME READS AS EARLE BROWN; SUSPECT: BROWN EARLE not in 1976 OCR — may be extraction error,0.58
OH,Cincinnati Post,134750,1976,H,8,,OH,"KINDNESS, THOMAS N.",Republican,1,,,,"U.S. CONGRESS; THOMAS N. KINDNESS (R) — SERVED OH-8, 1975-1987; DIST FIX from 1976 OCR (R65): 8th District",0.72
OH,Cincinnati Post,134750,1976,STATE SENATOR,,,OH,"MALONEY, MICHAEL J.",Republican,1,,1,1,CROSS-YEAR PARTY FILL; OHIO SENATE; ALSO ENDORSED 1974; INCUMBENT,0.78
OH,Cincinnati Post,134750,1976,STATE SENATOR,7,,OH,"ARONOFF, STANLEY J.",Republican,1,,1,1,PARTY FROM ENQ CROSS-PAPER LOOKUP; OHIO SENATE; ALSO ENDORSED 1972; INCUMBENT; DIST FILL: cross-year from 1978 (R46),0.78
OH,Cincinnati Post,134750,1976,STATE REP,26,,OH,"CUNNINGHAM, RICHARD H.",Republican,1,,,,PARTY FROM ENQ CROSS-PAPER LOOKUP; OHIO HOUSE; DIST FILL: cross-year from 1978 (R46),0.68
OH,Cincinnati Post,134750,1976,STATE REP,,,OH,"MUELLER, JOSEPH L.",,1,,,,OHIO HOUSE; LAST NAME COULD BE MUELLER OR MULLER,0.62
OH,Cincinnati Post,134750,1976,STATE REP,23,,OH,"MALLORY, WILLIAM L.",Democrat,1,1,,1,PARTY FROM ENQ CROSS-PAPER LOOKUP; OHIO HOUSE; ALSO ENDORSED 1968-1974; INCUMBENT; DIST FILL: cross-year from 1978 (R46),0.78
OH,Cincinnati Post,134750,1976,STATE REP,25,,OH,"TRANTER, TERRY",Democrat,1,,,,PARTY FROM ENQ CROSS-PAPER LOOKUP; OHIO HOUSE; DIST FILL: cross-year from 1978 (R46),0.65
OH,Cincinnati Post,134750,1976,STATE REP,,,OH,"PHELAN, JOSEPH L.",,1,,,1,OHIO HOUSE; ALSO ENDORSED 1974; INCUMBENT,0.68
OH,Cincinnati Post,134750,1976,STATE REP,,,OH,"CALVERT, JAMES E.",,1,,,,OHIO HOUSE,0.62
OH,Cincinnati Post,134750,1976,STATE REP,65,,OH,"TAFT, ROBERT A. II",Democrat,1,,,,PARTY FROM ENQ CROSS-PAPER LOOKUP; OHIO HOUSE; ROBERT A. TAFT II — ANOTHER TAFT FAMILY MEMBER; LATER GOVERNOR OF OHIO (1999-2007); DIST FILL: cross-year from 1978 (R46),0.78
OH,Cincinnati Post,134750,1976,SUPREME COURT,,,OH,"LEACH, PAUL",Nonpartisan,1,,,,OHIO SUPREME COURT,0.62
OH,Cincinnati Post,134750,1976,SUPREME COURT,,,OH,"LOCHER, RALPH",Nonpartisan,1,,,,OHIO SUPREME COURT; RALPH LOCHER — FORMER MAYOR OF CLEVELAND,0.65
OH,Cincinnati Post,134750,1976,COURT OF APPEALS,,,OH,"CASTLEBERRY, RAYMOND",Nonpartisan,1,,,,COURT OF APPEALS,0.58
OH,Cincinnati Post,134750,1976,COURT OF APPEALS,,,OH,"BLACK, ROBERT JR.",Nonpartisan,1,,,,COURT OF APPEALS,0.6
OH,Cincinnati Post,134750,1976,COURT OF APPEALS,,,OH,"SHANNON, ALEX",Nonpartisan,1,,,,COURT OF APPEALS; NAME READS AS ALEX SHANNON — POSSIBLY RELATED TO RAYMOND SHANNON ENDORSED IN 1960S,0.55
OH,Cincinnati Post,134750,1976,JUDGE,,Hamilton,OH,"CARTOLANO, FRED",Nonpartisan,1,,,,COURT OF COMMON PLEAS; DNAME FILL: Hamilton County (R45),0.68
OH,Cincinnati Post,134750,1976,CNTY COMM,,Hamilton,OH,"HENNESSEY, BRIAN",,1,,,,HAMILTON COUNTY COMMISSIONER; DNAME FILL: Hamilton County (R45),0.62
OH,Cincinnati Post,134750,1976,DA/PROSECUTOR,,Hamilton,OH,"SIEVERT, KEN",,1,,,,HAMILTON COUNTY PROSECUTOR; NEW — LEIS JR. NOT LISTED (MAY HAVE MOVED TO SHERIFF); DNAME FILL: Hamilton County (R45),0.58
OH,Cincinnati Post,134750,1976,SHERIFF,,Hamilton,OH,"LEIS, SIMON JR.",Republican,1,,,,HAMILTON COUNTY SHERIFF; SIMON LEIS JR. MOVES FROM PROSECUTOR TO SHERIFF; PREVIOUSLY ENDORSED AS PROSECUTOR 1964-1972; DNAME FILL: Hamilton County (R45); PARTY FILL: cross-year same name same office (R48),0.72
OH,Cincinnati Post,134750,1976,CNTY CLERK,,Hamilton,OH,"LUEBBERS, JOSEPH A.",,1,,,,CLERK OF COURTS; PREVIOUSLY ENDORSED FOR MUNICIPAL COURT IN 1971; DNAME FILL: Hamilton County (R45),0.65
OH,Cincinnati Post,134750,1976,RECORDER,,Hamilton,OH,"CONOVER, P.",,1,,,,COUNTY RECORDER; NAME HIGHLY UNCERTAIN; DNAME FILL: Hamilton County (R45),0.45
OH,Cincinnati Post,134750,1976,TREASURER,,Hamilton,OH,"RILEY, WAYNE F.",Republican,1,,1,1,COUNTY TREASURER; ALSO ENDORSED 1972; INCUMBENT; DNAME FILL: Hamilton County (R45),0.85
OH,Cincinnati Post,134750,1976,CORONER,,Hamilton,OH,"CLEVELAND, FRANK P.",Republican,1,,1,1,PARTY FROM ENQ CROSS-PAPER LOOKUP; CORONER; ALSO ENDORSED 1964-1972; INCUMBENT; REMARKABLY LONG TENURE; DNAME FILL: Hamilton County (R45),0.65
OH,Cincinnati Post,134750,1976,SURVEYOR,,Hamilton,OH,"REIL, ALBERT",Nonpartisan,1,,,,COUNTY ENGINEER; NAME UNCERTAIN; PARTY FILL: judicial/local nonpartisan; DNAME FILL: Hamilton County (R45),0.48
OH,Cincinnati Post,134750,1977,CITY COUNCIL,,Cincinnati,OH,"BASFORD, WILLIAM A.",Nonpartisan,1,,,,ENDORSED FOR HIS DETAIL AND WILLINGNESS TO LEARN; NEW CANDIDATE; DNAME FILL: Cincinnati (R45 corrected),0.82
OH,Cincinnati Post,134750,1977,CITY COUNCIL,,Cincinnati,OH,"BLACKWELL, J. KENNETH",Nonpartisan,1,,,,NEW CANDIDATE; J. KENNETH BLACKWELL — LATER OHIO SECRETARY OF STATE (2003-2007) AND 2006 REPUBLICAN GUBERNATORIAL NOMINEE; DNAME FILL: Cincinnati (R45 corrected),0.88
OH,Cincinnati Post,134750,1977,CITY COUNCIL,,Cincinnati,OH,"BORCHERT, CHRISTOPHER J.",Nonpartisan,1,,,,NEW CANDIDATE; ENDORSED FOR HIS CREDENTIALS AND RECORD OF STRONG COMMITMENT TO CITY SERVICE; DNAME FILL: Cincinnati (R45 corrected),0.72
OH,Cincinnati Post,134750,1977,CITY COUNCIL,,Cincinnati,OH,"BORTZ, ARNOLD",Nonpartisan,1,,,,NEW CANDIDATE; ENDORSED FOR HIS EARNESTLY STATED GOALS; KEEP CITY MANAGEABLE IN SIZE AND SCOPE; DNAME FILL: Cincinnati (R45 corrected),0.82
OH,Cincinnati Post,134750,1977,CITY COUNCIL,,Cincinnati,OH,"BRUSH, THOMAS B.",Nonpartisan,1,,,1,INCUMBENT; ALSO ENDORSED 1971-1975; DNAME FILL: Cincinnati (R45 corrected),0.9
OH,Cincinnati Post,134750,1977,CITY COUNCIL,,Cincinnati,OH,"GUCKENBERGER, GUY C.",Nonpartisan,1,,,1,INCUMBENT; ALSO ENDORSED 1973-1975; ENDORSED FOR HIS UNDERSTANDING OF CITY PROBLEMS; DNAME FILL: Cincinnati (R45 corrected),0.88
OH,Cincinnati Post,134750,1977,CITY COUNCIL,,Cincinnati,OH,"LUKEN, JAMES T.",Nonpartisan,1,,,1,"INCUMBENT; ALSO ENDORSED FOR OHIO HOUSE 1974, COUNCIL 1975; DNAME FILL: Cincinnati (R45 corrected)",0.88
OH,Cincinnati Post,134750,1977,CITY COUNCIL,,Cincinnati,OH,"MANN, DAVID S.",Nonpartisan,1,,,1,INCUMBENT; ALSO ENDORSED 1973-1975; MIDDLE INITIAL S NOW VISIBLE; DNAME FILL: Cincinnati (R45 corrected),0.9
OH,Cincinnati Post,134750,1977,CITY COUNCIL,,Cincinnati,OH,"STERNE, BOBBIE",Nonpartisan,1,,,1,INCUMBENT; ALSO ENDORSED 1971-1975; ENDORSED FOR HER EXPERIENCE IN LEGISLATIVE PROCESS; DNAME FILL: Cincinnati (R45 corrected),0.9
OH,Cincinnati Post,134750,1977,JUDGE,,Hamilton,OH,"BECKWITH, SANDRA S.",Nonpartisan,1,,,,HAMILTON COUNTY MUNICIPAL COURT; SANDRA S. BECKWITH — LATER U.S. DISTRICT JUDGE (APPOINTED 1992); ENDORSED FOR BEING THE BEST ON THE BALLOT AND AROUND FOR A LONG TIME; DNAME FILL: Hamilton County (R45),0.85
OH,Cincinnati Post,134750,1977,JUDGE,,Hamilton,OH,"HARROW, STEPHEN T.",Nonpartisan,1,,,,HAMILTON COUNTY MUNICIPAL COURT; ENDORSED FOR INTEGRITY AND ABILITY; NAME COULD BE HARROW OR MARHOW; DNAME FILL: Hamilton County (R45),0.72
OH,Cincinnati Post,134750,1977,JUDGE,,Hamilton,OH,"BLACKMON, ROBERT W.",Nonpartisan,1,,,,HAMILTON COUNTY MUNICIPAL COURT; NAME READS AS ROBERT W. BLACKMON OR BLACKMORE; DNAME FILL: Hamilton County (R45),0.72
OH,Cincinnati Post,134750,1977,JUDGE,,Hamilton,OH,"LUEBBERS, JOSEPH A.",Nonpartisan,1,,,1,HAMILTON COUNTY MUNICIPAL COURT; ALSO ENDORSED 1971; INCUMBENT; ENDORSED FOR EXPERIENCE AND BACKGROUND IN LAW; DNAME FILL: Hamilton County (R45),0.85
OH,Cincinnati Post,134750,1977,JUDGE,,Hamilton,OH,"O'CONNOR, JOHN P.",Nonpartisan,1,,,1,HAMILTON COUNTY MUNICIPAL COURT; ALSO ENDORSED 1973; INCUMBENT; DNAME FILL: Hamilton County (R45),0.85
OH,Cincinnati Post,134750,1977,JUDGE,,Hamilton,OH,"PANIOTO, RONALD A.",Nonpartisan,1,,,,HAMILTON COUNTY MUNICIPAL COURT; ENDORSED FOR EXPERIENCE WITH CIVIL AND CRIMINAL PRACTICE; LAST NAME COULD BE PANIOTO OR PANIOTTO; DNAME FILL: Hamilton County (R45),0.75
OH,Cincinnati Post,134750,1977,JUDGE,,Hamilton,OH,"ROSEN, JACK",Nonpartisan,1,,,,HAMILTON COUNTY MUNICIPAL COURT; ENDORSED FOR EXPERIENCE AND GOOD RECORD WITH COURTS; DNAME FILL: Hamilton County (R45),0.82
OH,Cincinnati Post,134750,1977,SCHOOL BOARD,,Cincinnati,OH,"HOWE, HELEN C.",Nonpartisan,1,,,,CINCINNATI BOARD OF EDUCATION; ENDORSED AS A SENSIBLE VOICE FOR PUBLIC SCHOOLS AND COMMUNITY EDUCATION; DNAME FILL: Cincinnati Public Schools (R45 corrected),0.85
OH,Cincinnati Post,134750,1977,SCHOOL BOARD,,Cincinnati,OH,"KEYS, JAMES O. JR.",Nonpartisan,1,,,,CINCINNATI BOARD OF EDUCATION; ENDORSED FOR HIS EXPERIENCE IN EDUCATION AND COMMITMENT; DNAME FILL: Cincinnati Public Schools (R45 corrected),0.82
OH,Cincinnati Post,134750,1977,SCHOOL BOARD,,Cincinnati,OH,"SCHILLING, MARY T.",Nonpartisan,1,,,,CINCINNATI BOARD OF EDUCATION; ENDORSED FOR HER TRACK RECORD WITH SCHOOL POLICY; DNAME FILL: Cincinnati Public Schools (R45 corrected),0.82
OH,Cincinnati Post,134750,1977,SCHOOL BOARD,,Cincinnati,OH,"SUNDERMANN, J. HOWARD",Nonpartisan,1,,,,CINCINNATI BOARD OF EDUCATION; ENDORSED FOR HIS EXPERIENCE AND VALUE FOR PRUDENT MANAGEMENT; DNAME FILL: Cincinnati Public Schools (R45 corrected),0.8
OH,Cincinnati Post,134750,1978,GOVERNOR,,,OH,"RHODES, JAMES A.",Republican,1,,,,"ENDORSED OVER RICHARD F. CELESTE (D); RHODES PREVIOUSLY ENDORSED 1962, 1966; WON 1978",0.78
OH,Cincinnati Post,134750,1978,LT GOVERNOR,,,OH,"VOINOVICH, GEORGE V.",Republican,1,,,,ENDORSED OVER MICHAEL J. DORNAN (D); GEORGE V. VOINOVICH — LATER GOVERNOR (1991-1998) AND US SENATOR (1999-2011),0.78
OH,Cincinnati Post,134750,1978,ATTORNEY GENERAL,,,OH,"BROWN, WILLIAM J.",Democrat,1,,,,PARTY FROM ENQ CROSS-PAPER LOOKUP; ATTORNEY GENERAL; ENDORSED OVER GEORGE C. SMITH,0.85
OH,Cincinnati Post,134750,1978,AUDITOR,,,OH,"FERGUSON, THOMAS E.",Democrat,1,,,,PARTY FROM ENQ CROSS-PAPER LOOKUP; STATE AUDITOR; ENDORSED OVER DONALD E. LUKENS,0.85
OH,Cincinnati Post,134750,1978,SEC OF STATE,,,OH,"CELEBREZZE, A. J. JR.",Democrat,1,,,,PARTY FROM ENQ CROSS-PAPER LOOKUP; SECRETARY OF STATE; A.J. CELEBREZZE JR.,0.85
OH,Cincinnati Post,134750,1978,TREASURER,,Hamilton,OH,"BROWN, TED W.",Republican,1,,,,"STATE TREASURER; IF THIS IS THE SAME TED W. BROWN, ENDORSED SINCE 1950 — 28 CONSECUTIVE YEARS. NAME READS UNDER TREASURER LINE",0.85
OH,Cincinnati Post,134750,1978,H,1,,OH,"GRADISON, WILLIS D. JR.",Republican,1,,1,,FIRST DISTRICT CONGRESS; INCUMBENT; ENDORSED OVER GEORGE C. ROGERS,0.82
OH,Cincinnati Post,134750,1978,H,2,,OH,"LUKEN, THOMAS A.",Democrat,1,1,,,SECOND DISTRICT CONGRESS; INCUMBENT; ENDORSED SINCE 1965 (COUNCIL) THEN 1974 (CONGRESS),0.82
OH,Cincinnati Post,134750,1978,STATE SENATOR,7,,OH,"ARONOFF, STANLEY J.",Republican,1,,1,1,"CROSS-YEAR PARTY FILL; STATE SENATE SEVENTH DISTRICT; ENDORSED OVER DONALD E. LUKENS; ALSO ENDORSED 1972, 1976; INCUMBENT",0.75
OH,Cincinnati Post,134750,1978,STATE SENATOR,9,,OH,"FINAN, RICHARD H.",Republican,1,,,,PARTY FROM ENQ CROSS-PAPER LOOKUP; STATE SENATE NINTH DISTRICT; ENDORSED OVER JOSIAH WESSENBAUM OR SIMILAR,0.68
OH,Cincinnati Post,134750,1978,STATE REP,19,,OH,"KORTE, WILLIAM L.",,1,,,,19TH HOUSE DISTRICT,0.62
OH,Cincinnati Post,134750,1978,STATE REP,20,,OH,"VAN VYVEN, DALE",Republican,1,,,,PARTY FROM ENQ CROSS-PAPER LOOKUP; 20TH HOUSE DISTRICT; NAME READS AS DALE VAN VYVEN,0.58
OH,Cincinnati Post,134750,1978,STATE REP,21,,OH,"POTTENGER, THOMAS A.",Republican,1,,,,PARTY FROM ENQ CROSS-PAPER LOOKUP; 21ST HOUSE DISTRICT; POTTENGER SPELLING CONSISTENT WITH 1970 ENDORSEMENT,0.68
OH,Cincinnati Post,134750,1978,STATE REP,22,,OH,"GRINSTEAD, RAYMOND C.",,1,,,,22ND HOUSE DISTRICT; NAME READS AS RAYMOND C. GRINSTEAD,0.58
OH,Cincinnati Post,134750,1978,STATE REP,22,,OH,"AYRES, ERIN P.",,1,,,,22ND HOUSE DISTRICT; TWO SEATS IN THIS DISTRICT; NAME COULD BE AYRES OR AMES,0.52
OH,Cincinnati Post,134750,1978,STATE REP,23,,OH,"MALLORY, WILLIAM L.",Democrat,1,1,,1,PARTY FROM ENQ CROSS-PAPER LOOKUP; 23RD HOUSE DISTRICT; ALSO ENDORSED 1968-1976; INCUMBENT; DISTRICT NUMBER NOW CONFIRMED,0.78
OH,Cincinnati Post,134750,1978,STATE REP,24,,OH,"HAYNES, ANN",,1,,,,24TH HOUSE DISTRICT; NAME READS AS ANN HAYNES OR HAYNS,0.55
OH,Cincinnati Post,134750,1978,STATE REP,25,,OH,"TRANTER, TERRY A.",Democrat,1,1,,1,PARTY FROM ENQ CROSS-PAPER LOOKUP; 25TH HOUSE DISTRICT; ALSO ENDORSED 1976; INCUMBENT,0.65
OH,Cincinnati Post,134750,1978,STATE REP,26,,OH,"ALBANESE, DAVID J.",Republican,1,,,,CROSS-YEAR PARTY FILL; 26TH HOUSE DISTRICT,0.62
OH,Cincinnati Post,134750,1978,STATE REP,28,,OH,"FIX, HELEN M.",Republican,1,,1,1,PARTY FROM ENQ CROSS-PAPER LOOKUP; 28TH HOUSE DISTRICT; ENDORSED OVER WILLIAM D. CUNNINGHAM; ALSO ENDORSED 1974 (AS HELEN FIX); INCUMBENT,0.68
OH,Cincinnati Post,134750,1978,STATE REP,65,,OH,"TAFT, ROBERT A. II",Republican,1,,1,1,PARTY FROM ENQ CROSS-PAPER LOOKUP; 65TH HOUSE DISTRICT; ENDORSED OVER BARRON M. HENNING; ALSO ENDORSED 1976; INCUMBENT; LATER GOVERNOR 1999-2007,0.78
OH,Cincinnati Post,134750,1978,CNTY COMM,,Hamilton,OH,"MURDOCK, NORMA A.",Republican,1,,,,CROSS-YEAR PARTY FILL; HAMILTON COUNTY COMMISSIONER; ENDORSED OVER RUTH MOEDE/MOEN; DNAME FILL: Hamilton County (R45),0.62
OH,Cincinnati Post,134750,1978,AUDITOR,,,OH,"DECOURCY, JOSEPH L. JR.",Democrat,1,1,,1,PARTY FROM ENQ CROSS-PAPER LOOKUP; HAMILTON COUNTY AUDITOR; ALSO ENDORSED 1974; INCUMBENT; ENDORSED OVER JAMES A. BROWN,0.85
OH,Cincinnati Post,134750,1978,SUPREME COURT,,,OH,"CELEBREZZE, FRANK D.",Nonpartisan,1,,,,OHIO SUPREME COURT; ENDORSED OVER THOMAS M. HERBERT,0.65
OH,Cincinnati Post,134750,1978,SUPREME COURT,,,OH,"BROWN, WILLIAM B.",Nonpartisan,1,,,,OHIO SUPREME COURT; ENDORSED OVER RICHARD M. HARRIS OR MARKS,0.6
OH,Cincinnati Post,134750,1978,SUPREME COURT,,,OH,"BROWN, PAUL W.",Nonpartisan,1,,,1,OHIO SUPREME COURT; ENDORSED OVER CLIFFORD T. BROWN; ALSO ENDORSED 1966-1972; INCUMBENT,0.65
OH,Cincinnati Post,134750,1978,COURT OF APPEALS,,,OH,"PAINTER, GEORGE N.",Nonpartisan,1,,,,COURT OF APPEALS; ENDORSED OVER JOHN H. BANE OR RANE,0.6
OH,Cincinnati Post,134750,1978,JUDGE,,Hamilton,OH,"MORRISSEY, WM. J.",Nonpartisan,1,,,,COURT OF COMMON PLEAS; ENDORSED OVER GARY L. SCHNEIDER; DNAME FILL: Hamilton County (R45),0.58
OH,Cincinnati Post,134750,1978,JUDGE,,Hamilton,OH,"KIPP, DAVID J.",Nonpartisan,1,,,,COURT OF COMMON PLEAS; ENDORSED OVER PETER OUTCALT OR SIMILAR; DNAME FILL: Hamilton County (R45),0.55
OH,Cincinnati Post,134750,1978,JUDGE,,Hamilton,OH,"KISSINGER, HARRY T.",Nonpartisan,1,,,,COURT OF COMMON PLEAS; ENDORSED OVER JAMES R. SULLIVAN; DNAME FILL: Hamilton County (R45),0.55
OH,Cincinnati Post,134750,1978,JUDGE,,Hamilton,OH,"CARTOLANO, FRED J.",Nonpartisan,1,,,1,COURT OF COMMON PLEAS; ALSO ENDORSED 1976; INCUMBENT; ENDORSED OVER ROBERT V. WOOD; DNAME FILL: Hamilton County (R45),0.65
OH,Cincinnati Post,134750,1978,JUDGE,,Hamilton,OH,"KRAFT, ROBERT S.",Nonpartisan,1,,,,COURT OF COMMON PLEAS; ENDORSED OVER JOHN J. HOGAN; DNAME FILL: Hamilton County (R45),0.55
OH,Cincinnati Post,134750,1978,JUDGE,,Hamilton,OH,"GORMAN, ROBERT H.",Nonpartisan,1,,,1,COURT OF COMMON PLEAS; ALSO ENDORSED FOR MUNICIPAL COURT 1973; INCUMBENT; DNAME FILL: Hamilton County (R45),0.62
OH,Cincinnati Post,134750,1978,JUDGE,,Hamilton,OH,"DOAN, JOHN A.",Nonpartisan,1,,,,COURT OF COMMON PLEAS; NAME COULD BE RELATED TO RUPERT A. DOAN FROM 1967 MUNICIPAL COURT; DNAME FILL: Hamilton County (R45),0.55
OH,Cincinnati Post,134750,1978,JUDGE,,Hamilton,OH,"CRUSH, THOMAS",Nonpartisan,1,,,,COURT OF COMMON PLEAS; CONSISTENT WITH CRUSH FAMILY IN 1968/1972 ENDORSEMENTS; DNAME FILL: Hamilton County (R45),0.55
OH,Cincinnati Post,134750,1978,JUDGE,,Hamilton,OH,"FEIERTAG, WILLIAM H.",Nonpartisan,1,,,,COMMON PLEAS JUVENILE DIVISION; ENDORSED OVER THOMAS GREEN OR SIMILAR; DNAME FILL: Hamilton County (R45),0.52
OH,Cincinnati Post,134750,1978,JUDGE,,Hamilton,OH,"O'CONNOR, JOHN P.",Nonpartisan,1,,,,"COMMON PLEAS PROBATE DIVISION; PREVIOUSLY ENDORSED FOR MUNICIPAL COURT 1973, 1977; NOW PROBATE; ENDORSED OVER NICHOLAS J. PATEL/PANEL; DNAME FILL: Hamilton County (R45)",0.65
OH,Cincinnati Post,134750,1978,STATE BOARD OF ED,,,OH,"BAKER, KEVIN R.",Nonpartisan,1,,,,STATE BOARD OF EDUCATION; ENDORSED OVER STUART YOHN,0.55
OH,Cincinnati Post,134750,1979,CITY COUNCIL,,Cincinnati,OH,"BLACKWELL, J. KENNETH",Nonpartisan,1,,,1,"INCUMBENT; ALSO ENDORSED 1977; ENDORSED FOR POLITICAL SAVVY, BALANCED JUDGMENT, AND DEMONSTRATED QUALITIES OF LEADERSHIP; DNAME FILL: Cincinnati (R45 corrected)",0.88
OH,Cincinnati Post,134750,1979,CITY COUNCIL,,Cincinnati,OH,"BORTZ, ARNOLD",Nonpartisan,1,,,1,"INCUMBENT; ALSO ENDORSED 1977; ENDORSED FOR FRESH AND THOUGHTFUL KNOWLEDGE OF CITY, ENTHUSIASM AND DETERMINATION TO GET THE CITY MOVING IN NEW DIRECTIONS; DNAME FILL: Cincinnati (R45 corrected)",0.88
OH,Cincinnati Post,134750,1979,CITY COUNCIL,,Cincinnati,OH,"GUCKENBERGER, GUY C.",Nonpartisan,1,,,1,INCUMBENT; ALSO ENDORSED 1973-1977; ENDORSED FOR EXPERIENCE AND DEDICATION TO IMPROVED TRANSIT AND INTEGRITY; DNAME FILL: Cincinnati (R45 corrected),0.82
OH,Cincinnati Post,134750,1979,CITY COUNCIL,,Cincinnati,OH,"LUKEN, JAMES T.",Nonpartisan,1,,,1,INCUMBENT; ALSO ENDORSED 1975-1977; ENDORSED FOR EXPERIENCE AS MAJORITY LEADER ON COUNCIL; DNAME FILL: Cincinnati (R45 corrected),0.82
OH,Cincinnati Post,134750,1979,CITY COUNCIL,,Cincinnati,OH,"MANN, DAVID S.",Nonpartisan,1,,,1,INCUMBENT; ALSO ENDORSED 1973-1977; ENDORSED FOR COMMON SENSE APPROACH TO CITY PROBLEMS AND REASONED MANAGEMENT OF COMMUNITY RELATIONS; DNAME FILL: Cincinnati (R45 corrected),0.88
OH,Cincinnati Post,134750,1979,CITY COUNCIL,,Cincinnati,OH,"STERNE, BOBBIE",Nonpartisan,1,,,1,INCUMBENT; ALSO ENDORSED 1971-1977; ENDORSED FOR YEARS OF EXPERIENCE IN POLITICAL LIFE AND SPECIAL CONCERN FOR COMMUNITY; DNAME FILL: Cincinnati (R45 corrected),0.88
OH,Cincinnati Post,134750,1979,CITY COUNCIL,,Cincinnati,OH,"STRAUSS, PETER J.",Nonpartisan,1,,,,NEW CANDIDATE; ENDORSED FOR HIS CAPABILITY OF BECOMING A REAL LEADER IN COUNCIL AND MATURE UNDERSTANDING OF NEW DIRECTIONS THE CITY NEEDS TO TAKE; DNAME FILL: Cincinnati (R45 corrected),0.82
OH,Cincinnati Post,134750,1979,CITY COUNCIL,,Cincinnati,OH,"SPENCER, DONALD",Nonpartisan,1,,,1,INCUMBENT; ALSO ENDORSED 1975; ENDORSED FOR EXPERIENCE AND SERVED ON SCHOOL BOARD; DNAME FILL: Cincinnati (R45 corrected),0.72
OH,Cincinnati Post,134750,1979,CITY COUNCIL,,Cincinnati,OH,"BRUSH, THOMAS B.",Nonpartisan,1,,,1,INCUMBENT; ALSO ENDORSED 1971-1977; NINTH SEAT ON COUNCIL SLATE; DNAME FILL: Cincinnati (R45 corrected),0.65
OH,Cincinnati Post,134750,1979,JUDGE,,Hamilton,OH,"FELLERHOFF, WILLIAM A.",Nonpartisan,1,,,,HAMILTON COUNTY MUNICIPAL COURT; SIX-YEAR TERM; ENDORSED FOR FAIRNESS AND COMPASSION AND PRACTICE OF SEEKING REMEDIES THAT WILL PREVENT FUTURE PROBLEMS; DNAME FILL: Hamilton County (R45),0.78
OH,Cincinnati Post,134750,1979,JUDGE,,Hamilton,OH,"LARSEN, RITA",Nonpartisan,1,,,,HAMILTON COUNTY MUNICIPAL COURT; SIX-YEAR TERM; ENDORSED FOR BACKGROUND IN LEGAL AID AND KNOWLEDGE OF THE LAW; DNAME FILL: Hamilton County (R45),0.8
OH,Cincinnati Post,134750,1979,JUDGE,,Hamilton,OH,"NADEL, NORBERT A.",Nonpartisan,1,,,,HAMILTON COUNTY MUNICIPAL COURT; SIX-YEAR TERM; ENDORSED FOR REGARD FOR FAIRNESS AND JUSTICE AND WILLINGNESS TO SEARCH OUT NEW WAYS TO DISPENSE JUSTICE; DNAME FILL: Hamilton County (R45),0.82
OH,Cincinnati Post,134750,1979,JUDGE,,Hamilton,OH,"SCHOTT, DONALD E.",Nonpartisan,1,,,,"HAMILTON COUNTY MUNICIPAL COURT; SIX-YEAR TERM; ENDORSED BECAUSE HE IS HARDWORKING, DIRECT, DECISIVE; ALSO ENDORSED 1973; DNAME FILL: Hamilton County (R45)",0.85
OH,Cincinnati Post,134750,1979,JUDGE,,Hamilton,OH,"SHERMAN, M. L. JR.",Nonpartisan,1,,,,"HAMILTON COUNTY MUNICIPAL COURT; TWO-YEAR TERM; ENDORSED FOR KEENNESS OF MIND, REVERENCE FOR THE LAW, AND COMPOSURE OF TEMPERAMENT; DNAME FILL: Hamilton County (R45)",0.75
OH,Cincinnati Post,134750,1979,JUDGE,,Hamilton,OH,"MORRISSEY, THOMAS",Nonpartisan,1,,,,"HAMILTON COUNTY MUNICIPAL COURT; TWO-YEAR TERM; ENDORSED BECAUSE HE IS WELL-INFORMED, BALANCED, AND IMPARTIALLY MINDED; NAME UNCERTAIN — COULD BE MORRISSEY OR SIMILAR; DNAME FILL: Hamilton County (R45)",0.65
OH,Cincinnati Post,134750,1979,JUDGE,,Hamilton,OH,"WINKLER, RALPH",Nonpartisan,1,,,,HAMILTON COUNTY MUNICIPAL COURT; TWO-YEAR TERM; ENDORSED FOR REPUTATION FOR ATTENTION TO DETAIL AND EFFICIENTLY MANAGED COURTROOM; DNAME FILL: Hamilton County (R45),0.82
OH,Cincinnati Post,134750,1979,SCHOOL BOARD,,Cincinnati,OH,"BROWN, HERBERT R.",Nonpartisan,1,,,,CINCINNATI BOARD OF EDUCATION; FOUR-YEAR TERM; DNAME FILL: Cincinnati Public Schools (R45 corrected),0.82
OH,Cincinnati Post,134750,1979,SCHOOL BOARD,,Cincinnati,OH,"GRIFFIN, VIRGINIA N.",Nonpartisan,1,,,,CINCINNATI BOARD OF EDUCATION; FOUR-YEAR TERM; DNAME FILL: Cincinnati Public Schools (R45 corrected),0.82
OH,Cincinnati Post,134750,1979,SCHOOL BOARD,,Cincinnati,OH,"RUE, JOHN S.",Nonpartisan,1,,,,CINCINNATI BOARD OF EDUCATION; TWO-YEAR TERM; DNAME FILL: Cincinnati Public Schools (R45 corrected),0.82
OH,Cincinnati Post,134750,1980,PRESIDENT,,,OH,"REAGAN, RONALD",Republican,1,,,,"ENDORSED OVER JIMMY CARTER (D INCUMBENT), JOHN ANDERSON (INDEPENDENT), ED CLARK (LIBERTARIAN), BARRY COMMONER (CITIZENS PARTY)",0.88
OH,Cincinnati Post,134750,1980,SENATOR,,,OH,"GLENN, JOHN",Democrat,1,1,,,U.S. SENATE; INCUMBENT; ALSO ENDORSED 1974; ENDORSED OVER JAMES E. BETTS (R),0.82
OH,Cincinnati Post,134750,1980,H,1,,OH,"GRADISON, WILLIS D. JR.",Republican,1,,1,,FIRST DISTRICT; INCUMBENT; ALSO ENDORSED 1974-1978,0.85
OH,Cincinnati Post,134750,1980,H,2,,OH,"LUKEN, THOMAS A.",Democrat,1,1,,,SECOND DISTRICT; INCUMBENT; ENDORSED OVER RONALD J. ZWICK; ALSO ENDORSED 1974-1978,0.85
OH,Cincinnati Post,134750,1980,STATE SENATOR,7,,OH,"ARONOFF, STANLEY J.",Republican,1,,1,1,PARTY FROM ENQ CROSS-PAPER LOOKUP; STATE SENATE; ALSO ENDORSED 1972-1978; INCUMBENT; ENDORSED OVER TOM KROUSE; DIST FILL: cross-year from 1978 (R46),0.8
OH,Cincinnati Post,134750,1980,STATE REP,27,,OH,"VAN VYVEN, DALE S.",Republican,1,,,1,PARTY FROM ENQ CROSS-PAPER LOOKUP; STATE REPRESENTATIVE; ALSO ENDORSED 1978; INCUMBENT; ENDORSED OVER GEORGE BRANDENBURG; DIST FILL: cross-year from 1982 (R46),0.72
OH,Cincinnati Post,134750,1980,STATE REP,20,,OH,"POTTENGER, THOMAS A.",Republican,1,,,1,"PARTY FROM ENQ CROSS-PAPER LOOKUP; STATE REPRESENTATIVE; ALSO ENDORSED 1970, 1978; INCUMBENT; ENDORSED OVER WILLIAM E. MOSER; DIST FILL: cross-year from 1978 (R46)",0.72
OH,Cincinnati Post,134750,1980,STATE REP,21,,OH,"CLARK, MARY T.",,1,,,,21ST DISTRICT STATE REPRESENTATIVE; ENDORSED OVER JEROME C. LUEBBERS; NAME UNCERTAIN,0.55
OH,Cincinnati Post,134750,1980,STATE REP,22,,OH,"GUTFREUND, JOHN H.",,1,,,,22ND DISTRICT; NAME COULD BE GUTFREUND OR GUTTFREUND,0.55
OH,Cincinnati Post,134750,1980,STATE REP,23,,OH,"MALLORY, WILLIAM L.",Democrat,1,1,,1,PARTY FROM ENQ CROSS-PAPER LOOKUP; 23RD DISTRICT; ALSO ENDORSED 1968-1978; INCUMBENT,0.78
OH,Cincinnati Post,134750,1980,STATE REP,24,,OH,"TRANTER, TERRY N.",Democrat,1,,,1,PARTY FROM ENQ CROSS-PAPER LOOKUP; 24TH DISTRICT; ALSO ENDORSED 1976-1978; INCUMBENT,0.68
OH,Cincinnati Post,134750,1980,STATE REP,,,OH,"SHAW, ALICE",,1,,,,STATE REPRESENTATIVE; NAME HIGHLY UNCERTAIN,0.45
OH,Cincinnati Post,134750,1980,STATE REP,,,OH,"STAUTBERG, TIM",,1,,,,STATE REPRESENTATIVE; NAME READS AS TIM STAUTBERG,0.58
OH,Cincinnati Post,134750,1980,STATE REP,26,,OH,"FIX, HELEN",Republican,1,,,1,PARTY FROM ENQ CROSS-PAPER LOOKUP; 26TH DISTRICT; ALSO ENDORSED 1974-1978; INCUMBENT; ENDORSED OVER NORMAN J. BROOKS,0.68
OH,Cincinnati Post,134750,1980,STATE REP,,,OH,"WISEMAN, KEVIN",,1,,,,STATE REPRESENTATIVE; NAME READS AS KEVIN WISEMAN,0.52
OH,Cincinnati Post,134750,1980,STATE REP,,,OH,"DIRIENZO, JOHN",,1,,,,"STATE REPRESENTATIVE; NAME HIGHLY UNCERTAIN — COULD BE DIRIENZO, DIRRIM, OR SIMILAR",0.42
OH,Cincinnati Post,134750,1980,STATE BOARD OF ED,,,OH,"LINDNER, MARY S.",Nonpartisan,1,,,,STATE BOARD OF EDUCATION; NAME READS AS MARY S. LINDNER,0.65
OH,Cincinnati Post,134750,1980,STATE BOARD OF ED,,,OH,"MECKLENBORG, JOHN R.",Nonpartisan,1,,,1,STATE BOARD OF EDUCATION; ALSO ENDORSED 1974; INCUMBENT,0.68
OH,Cincinnati Post,134750,1980,SUPREME COURT,CHIEF JUSTICE,,OH,"CELEBREZZE, FRANK D.",Nonpartisan,1,,,1,OHIO SUPREME COURT CHIEF JUSTICE; ALSO ENDORSED 1978; INCUMBENT; ENDORSED OVER JAMES J. HARPER,0.72
OH,Cincinnati Post,134750,1980,SUPREME COURT,,,OH,"SWEENEY, JAMES P.",Nonpartisan,1,,,,OHIO SUPREME COURT ASSOCIATE JUSTICE; NAME UNCERTAIN,0.55
OH,Cincinnati Post,134750,1980,COURT OF APPEALS,,,OH,"DOAN, ROBERT T.",Nonpartisan,1,,,,COURT OF APPEALS; ENDORSED OVER DAVID G. DOANE JR. OR SIMILAR,0.55
OH,Cincinnati Post,134750,1980,COURT OF APPEALS,,,OH,"KEEFE, JOHN W.",Nonpartisan,1,,,1,COURT OF APPEALS; ALSO ENDORSED 1961-1974; LONG-RUNNING JUDICIAL ENDORSEMENT; INCUMBENT,0.68
OH,Cincinnati Post,134750,1980,JUDGE,,Hamilton,OH,"MATHEWS, WILLIAM S.",Nonpartisan,1,,,1,COURT OF COMMON PLEAS; ALSO ENDORSED 1965-1974; INCUMBENT; DNAME FILL: Hamilton County (R45),0.65
OH,Cincinnati Post,134750,1980,JUDGE,,Hamilton,OH,"BETTMAN, GILBERT",Nonpartisan,1,,,1,"COURT OF COMMON PLEAS; ALSO ENDORSED 1968, 1972; INCUMBENT; DNAME FILL: Hamilton County (R45)",0.62
OH,Cincinnati Post,134750,1980,JUDGE,,Hamilton,OH,"SULLIVAN, JAMES B.",Nonpartisan,1,,,,COURT OF COMMON PLEAS; DNAME FILL: Hamilton County (R45),0.55
OH,Cincinnati Post,134750,1980,JUDGE,,Hamilton,OH,"BAUER, JOHN G.",Nonpartisan,1,,,,COMMON PLEAS JUVENILE DIVISION; ENDORSED OVER DAVID L. STAMMER; DNAME FILL: Hamilton County (R45),0.55
OH,Cincinnati Post,134750,1980,JUDGE,,Hamilton,OH,"FELLERHOFF, WILLIAM",Nonpartisan,1,,,,COMMON PLEAS DOMESTIC RELATIONS; CONSISTENT WITH FELLERHOFF FROM MUNICIPAL COURT 1979; DNAME FILL: Hamilton County (R45),0.58
OH,Cincinnati Post,134750,1980,JUDGE,,Hamilton,OH,"PANIOTO, RONALD A.",Nonpartisan,1,,,1,MUNICIPAL COURT; ALSO ENDORSED 1977; INCUMBENT; DNAME FILL: Hamilton County (R45),0.65
OH,Cincinnati Post,134750,1980,JUDGE,,Hamilton,OH,"NADEL, NORBERT",Nonpartisan,1,,,1,MUNICIPAL COURT; ALSO ENDORSED 1979; INCUMBENT; DNAME FILL: Hamilton County (R45),0.68
OH,Cincinnati Post,134750,1980,CNTY COMM,,Hamilton,OH,"ANDERSON, TIM",,1,,,,COUNTY COMMISSIONER; ENDORSED OVER ROBERT A. WOOD; DNAME FILL: Hamilton County (R45),0.6
OH,Cincinnati Post,134750,1980,CNTY COMM,,Hamilton,OH,"HAMMEROCK, JOHN",,1,,,,COUNTY COMMISSIONER; ENDORSED OVER ROBERT S. TAFT OR SIMILAR; NAME UNCERTAIN; DNAME FILL: Hamilton County (R45),0.52
OH,Cincinnati Post,134750,1980,DA/PROSECUTOR,,Hamilton,OH,"LARSON, EVERETT",,1,,,,COUNTY PROSECUTOR; ENDORSED OVER SIMON L. LEIS JR. — LEIS RUNNING FOR PROSECUTOR AGAIN?; DNAME FILL: Hamilton County (R45),0.55
OH,Cincinnati Post,134750,1980,CNTY CLERK,,Hamilton,OH,"RUSSELL, HARRIET",,1,,,,CLERK OF COURTS; ENDORSED OVER ROBERT B. JENNINGS; DNAME FILL: Hamilton County (R45),0.58
OH,Cincinnati Post,134750,1980,TREASURER,,Hamilton,OH,"BROWN, CALEB JR.",Republican,1,,1,,COUNTY TREASURER; ENDORSED OVER WAYNE F. RILEY (OR SIMILAR); DNAME FILL: Hamilton County (R45),0.85
OH,Cincinnati Post,134750,1980,SURVEYOR,,Hamilton,OH,"BALLHEIM, TOM",Nonpartisan,1,,,,COUNTY SURVEYOR; ENDORSED OVER LINCOLN J. STOKES; PARTY FILL: judicial/local nonpartisan; DNAME FILL: Hamilton County (R45),0.52
OH,Cincinnati Post,134750,1980,SHERIFF,,Hamilton,OH,"BOLTON, EVE",,1,,,,COUNTY SHERIFF; EVE BOLTON — A WOMAN ENDORSED FOR SHERIFF IS NOTABLE; DNAME FILL: Hamilton County (R45),0.62
OH,Cincinnati Post,134750,1980,CORONER,,Hamilton,OH,"CLEVELAND, FRANK",Republican,1,,1,1,PARTY FROM ENQ CROSS-PAPER LOOKUP; COUNTY CORONER; ALSO ENDORSED 1964-1976; INCUMBENT; REMARKABLY LONG TENURE — 16+ YEARS OF ENDORSEMENTS; DNAME FILL: Hamilton County (R45),0.68
OH,Cincinnati Post,134750,1981,CITY COUNCIL,,Cincinnati,OH,"BLACKWELL, J. KENNETH",Nonpartisan,1,,,1,INCUMBENT; ALSO ENDORSED 1977-1979; DNAME FILL: Cincinnati (R45 corrected),0.92
OH,Cincinnati Post,134750,1981,CITY COUNCIL,,Cincinnati,OH,"BOLTON, EVE",Nonpartisan,1,,,,NEW TO COUNCIL SLATE; PREVIOUSLY ENDORSED FOR SHERIFF IN 1980; DNAME FILL: Cincinnati (R45 corrected),0.92
OH,Cincinnati Post,134750,1981,CITY COUNCIL,,Cincinnati,OH,"BORTZ, ARNOLD",Nonpartisan,1,,,1,INCUMBENT; ALSO ENDORSED 1977-1979; DNAME FILL: Cincinnati (R45 corrected),0.92
OH,Cincinnati Post,134750,1981,CITY COUNCIL,,Cincinnati,OH,"GRIFFIN, VIRGINIA K.",Nonpartisan,1,,,,NEW TO COUNCIL SLATE; NAME LISTED ON SCHOOL BOARD 1979 (AS VIRGINIA N. GRIFFIN) — MIDDLE INITIAL DISCREPANCY K VS N; DNAME FILL: Cincinnati (R45 corrected),0.9
OH,Cincinnati Post,134750,1981,CITY COUNCIL,,Cincinnati,OH,"GUCKENBERGER, GUY C.",Nonpartisan,1,,,1,INCUMBENT; ALSO ENDORSED 1973-1979; DNAME FILL: Cincinnati (R45 corrected),0.92
OH,Cincinnati Post,134750,1981,CITY COUNCIL,,Cincinnati,OH,"LUKEN, CHARLES J.",Nonpartisan,1,,,,"NEW CANDIDATE; CHARLES J. LUKEN — SON OF THOMAS A. LUKEN (US REPRESENTATIVE); LATER MAYOR OF CINCINNATI (1984-1991, 1999-2005); DNAME FILL: Cincinnati (R45 corrected)",0.92
OH,Cincinnati Post,134750,1981,CITY COUNCIL,,Cincinnati,OH,"MANN, DAVID",Nonpartisan,1,,,1,INCUMBENT; ALSO ENDORSED 1973-1979; DNAME FILL: Cincinnati (R45 corrected),0.92
OH,Cincinnati Post,134750,1981,CITY COUNCIL,,Cincinnati,OH,"STERNE, BOBBIE",Nonpartisan,1,,,1,INCUMBENT; ALSO ENDORSED 1971-1979; LONGEST-RUNNING CURRENT COUNCIL ENDORSEE; DNAME FILL: Cincinnati (R45 corrected),0.92
OH,Cincinnati Post,134750,1981,CITY COUNCIL,,Cincinnati,OH,"STRAUSS, PETER",Nonpartisan,1,,,1,INCUMBENT; ALSO ENDORSED 1979; DNAME FILL: Cincinnati (R45 corrected),0.92
OH,Cincinnati Post,134750,1981,JUDGE,,Hamilton,OH,"BECKWITH, SANDRA S.",Nonpartisan,1,,,1,"HAMILTON COUNTY MUNICIPAL COURT; FULL 6-YEAR TERM BEGINNING JAN 2, 1982; ALSO ENDORSED 1977; INCUMBENT; LATER US DISTRICT JUDGE; DNAME FILL: Hamilton County (R45)",0.92
OH,Cincinnati Post,134750,1981,JUDGE,,Hamilton,OH,"DONNELLON, EDWARD J.",Nonpartisan,1,,,,"HAMILTON COUNTY MUNICIPAL COURT; FULL 6-YEAR TERM BEGINNING JAN 3, 1982; ENDORSED OVER F. DAVID ALBANESE; DNAME FILL: Hamilton County (R45)",0.9
OH,Cincinnati Post,134750,1981,JUDGE,,Hamilton,OH,"MESTEMAKER, ALBERT",Nonpartisan,1,,,,"HAMILTON COUNTY MUNICIPAL COURT; UNEXPIRED TERM ENDING DEC 31, 1983; TWO TO BE ELECTED; DNAME FILL: Hamilton County (R45)",0.88
OH,Cincinnati Post,134750,1981,JUDGE,,Hamilton,OH,"SHEA, CLAYTON E.",Nonpartisan,1,,,,"HAMILTON COUNTY MUNICIPAL COURT; UNEXPIRED TERM ENDING DEC 31, 1983; TWO TO BE ELECTED; DNAME FILL: Hamilton County (R45)",0.88
OH,Cincinnati Post,134750,1981,JUDGE,,Hamilton,OH,"BAYLEN, KENNETH B.",Nonpartisan,1,,,,"HAMILTON COUNTY MUNICIPAL COURT; UNEXPIRED TERM ENDING DEC 31, 1985; THREE TO BE ELECTED; DNAME FILL: Hamilton County (R45)",0.88
OH,Cincinnati Post,134750,1981,JUDGE,,Hamilton,OH,"DAVIS, DAVID P.",Nonpartisan,1,,,,"HAMILTON COUNTY MUNICIPAL COURT; UNEXPIRED TERM ENDING DEC 31, 1985; THREE TO BE ELECTED; DNAME FILL: Hamilton County (R45)",0.88
OH,Cincinnati Post,134750,1981,JUDGE,,Hamilton,OH,"HAIR, DEIDRA",Nonpartisan,1,,,,"HAMILTON COUNTY MUNICIPAL COURT; UNEXPIRED TERM ENDING DEC 31, 1985; THREE TO BE ELECTED; DNAME FILL: Hamilton County (R45)",0.88
OH,Cincinnati Post,134750,1981,JUDGE,,Hamilton,OH,"HOGAN, TIMOTHY S.",Nonpartisan,1,,,,"HAMILTON COUNTY MUNICIPAL COURT; UNEXPIRED TERM ENDING DEC 31, 1985; THREE TO BE ELECTED; ALSO ENDORSED FOR COMMON PLEAS 1972; DNAME FILL: Hamilton County (R45)",0.88
OH,Cincinnati Post,134750,1981,SCHOOL BOARD,,Cincinnati,OH,"O'DONNELL, LORENA M.",Nonpartisan,1,,,,CINCINNATI BOARD OF EDUCATION; FOUR TO BE ELECTED; DNAME FILL: Cincinnati Public Schools (R45 corrected),0.9
OH,Cincinnati Post,134750,1981,SCHOOL BOARD,,Cincinnati,OH,"SAFER, L. ARTHUR",Nonpartisan,1,,,,CINCINNATI BOARD OF EDUCATION; FOUR TO BE ELECTED; DNAME FILL: Cincinnati Public Schools (R45 corrected),0.9
OH,Cincinnati Post,134750,1981,SCHOOL BOARD,,Cincinnati,OH,"SCHERING, G. DAVID",Nonpartisan,1,,,,CINCINNATI BOARD OF EDUCATION; FOUR TO BE ELECTED; DNAME FILL: Cincinnati Public Schools (R45 corrected),0.9
OH,Cincinnati Post,134750,1981,SCHOOL BOARD,,Cincinnati,OH,"SCHLOSS, MARY T.",Nonpartisan,1,,,1,CINCINNATI BOARD OF EDUCATION; FOUR TO BE ELECTED; ALSO ENDORSED 1973 (AS MRS. MARY T. SCHLOSS); INCUMBENT; DNAME FILL: Cincinnati Public Schools (R45 corrected),0.9
OH,Cincinnati Post,134750,1982,GOVERNOR,,,OH,"CELESTE, RICHARD F.",Democrat,1,,,,ENDORSED OVER CLARENCE J. BROWN (R); CELESTE ENDORSED FOR LT. GOVERNOR IN 1974 BUT PASSED OVER FOR GOVERNOR IN 1978 WHEN POST ENDORSED RHODES; WON 1982,0.85
OH,Cincinnati Post,134750,1982,ATTORNEY GENERAL,,,OH,"CELEBREZZE, ANTHONY J. JR.",Democrat,1,,,,PARTY FROM ENQ CROSS-PAPER LOOKUP; ENDORSED OVER CHARLES R. SAXBE; PREVIOUSLY ENDORSED FOR SECRETARY OF STATE 1978,0.82
OH,Cincinnati Post,134750,1982,AUDITOR,,,OH,"FERGUSON, THOMAS E.",Democrat,1,1,,1,PARTY FROM ENQ CROSS-PAPER LOOKUP; STATE AUDITOR; ALSO ENDORSED 1978; INCUMBENT; ENDORSED OVER VINCENT C. CAMPANELLA,0.85
OH,Cincinnati Post,134750,1982,SEC OF STATE,,,OH,"BROWN, VIRGIL L.",Republican,1,,,,PARTY FROM ENQ CROSS-PAPER LOOKUP; SECRETARY OF STATE; ENDORSED OVER SHERROD BROWN (D — LATER US SENATOR 2007-PRESENT); NAME READS AS VIRGIL L. BROWN,0.85
OH,Cincinnati Post,134750,1982,TREASURER,,Hamilton,OH,"WITHROW, MARY ELLEN",Democrat,1,,,,PARTY FROM ENQ CROSS-PAPER LOOKUP; STATE TREASURER; ENDORSED OVER DONNA B. REINHART,0.75
OH,Cincinnati Post,134750,1982,SENATOR,,,OH,"PFEIFER, PAUL E.",Republican,1,,,,U.S. SENATE; ENDORSED OVER HOWARD M. METZENBAUM (D INCUMBENT); PFEIFER LOST 1982; NOTE: A PAUL PFEIFER WAS ALSO ENDORSED FOR STATE SENATE IN 1966,0.78
OH,Cincinnati Post,134750,1982,H,1,,OH,"LUKEN, THOMAS A.",Democrat,1,1,,,FIRST DISTRICT CONGRESS; INCUMBENT; REDISTRICTED FROM OH-2 TO OH-1; ALSO ENDORSED 1974-1980,0.85
OH,Cincinnati Post,134750,1982,H,2,,OH,"GRADISON, WILLIS D.",Republican,1,,1,,SECOND DISTRICT CONGRESS; INCUMBENT; REDISTRICTED FROM OH-1 TO OH-2; ALSO ENDORSED 1974-1980,0.82
OH,Cincinnati Post,134750,1982,SUPREME COURT,,,OH,"MCCORMAC, JOHN P.",Nonpartisan,1,,,,OHIO SUPREME COURT; ENDORSED OVER A. WILLIAM SWEENEY,0.62
OH,Cincinnati Post,134750,1982,SUPREME COURT,,,OH,"LOCHER, RALPH S.",Nonpartisan,1,,,,OHIO SUPREME COURT; ALSO ENDORSED 1976; FORMER MAYOR OF CLEVELAND,0.65
OH,Cincinnati Post,134750,1982,SUPREME COURT,,,OH,"CELEBREZZE, JAMES P.",Nonpartisan,1,,,,OHIO SUPREME COURT,0.62
OH,Cincinnati Post,134750,1982,COURT OF APPEALS,,,OH,"DOAN, RUPERT A.",Nonpartisan,1,,,,COURT OF APPEALS; PREVIOUSLY ENDORSED FOR MUNICIPAL COURT 1967; NOW COURT OF APPEALS,0.65
OH,Cincinnati Post,134750,1982,COURT OF APPEALS,,,OH,"LUGARDO, HARRY T.",Nonpartisan,1,,,,COURT OF APPEALS; UNOPPOSED; NAME COULD BE LUGARDO OR LUGARDI,0.55
OH,Cincinnati Post,134750,1982,COURT OF APPEALS,,,OH,"BLACK, ROBERT L. JR.",Nonpartisan,1,,,1,COURT OF APPEALS; UNOPPOSED; ALSO ENDORSED 1976; INCUMBENT,0.62
OH,Cincinnati Post,134750,1982,STATE SENATOR,7,,OH,"BRANDENBURG, GEORGE",Democrat,1,,,,CROSS-YEAR PARTY FILL; 7TH SENATE DISTRICT; ENDORSED OVER RICHARD H. FINAN,0.65
OH,Cincinnati Post,134750,1982,STATE SENATOR,8,,OH,"HARRIS, CALVIN S.",Republican,1,,,,8TH SENATE DISTRICT; PARTY FILL: cross-year same name same office (R48),0.58
OH,Cincinnati Post,134750,1982,STATE REP,20,,OH,"POTTENGER, THOMAS A.",Republican,1,,1,1,PARTY FROM ENQ CROSS-PAPER LOOKUP; 20TH HOUSE DISTRICT; ALSO ENDORSED 1970-1980; INCUMBENT,0.72
OH,Cincinnati Post,134750,1982,STATE REP,21,,OH,"CLARK, SCOTTY I.",,1,,,,21ST HOUSE DISTRICT; NAME READS AS SCOTTY I. CLARK,0.58
OH,Cincinnati Post,134750,1982,STATE REP,22,,OH,"GUTFREUND, JOHN H.",,1,,,1,22ND HOUSE DISTRICT; ALSO ENDORSED 1980; INCUMBENT,0.62
OH,Cincinnati Post,134750,1982,STATE REP,23,,OH,"MALLORY, WILLIAM L.",Democrat,1,1,,1,PARTY FROM ENQ CROSS-PAPER LOOKUP; 23RD HOUSE DISTRICT; ALSO ENDORSED 1968-1980; INCUMBENT,0.78
OH,Cincinnati Post,134750,1982,STATE REP,24,,OH,"FLAGG, ESTELL M.",Republican,1,,,,PARTY FROM ENQ CROSS-PAPER LOOKUP; 24TH HOUSE DISTRICT; NAME READS AS ESTELL M. FLAGG OR FLAGG; POSSIBLY FIRST NAME CATHY,0.52
OH,Cincinnati Post,134750,1982,STATE REP,25,,OH,"O'BRIEN, JOHN",Republican,1,,,,PARTY FROM ENQ CROSS-PAPER LOOKUP; 25TH HOUSE DISTRICT,0.58
OH,Cincinnati Post,134750,1982,STATE REP,27,,OH,"VAN VYVEN, DALE H.",Republican,1,,1,1,PARTY FROM ENQ CROSS-PAPER LOOKUP; 27TH HOUSE DISTRICT; ALSO ENDORSED 1978-1980; INCUMBENT,0.68
OH,Cincinnati Post,134750,1982,JUDGE,,Hamilton,OH,"BOYD, DAVID J.",Nonpartisan,1,,,,MUNICIPAL COURT; 2 TO BE ELECTED; DNAME FILL: Hamilton County (R45),0.72
OH,Cincinnati Post,134750,1982,JUDGE,,Hamilton,OH,"LEIS, SIMON",Nonpartisan,1,,,,MUNICIPAL COURT; 2 TO BE ELECTED; COULD BE SIMON LEIS SR. OR JR.; DNAME FILL: Hamilton County (R45),0.65
OH,Cincinnati Post,134750,1982,JUDGE,,Hamilton,OH,"SCHOTT, DONALD L.",Nonpartisan,1,,,,"COURT OF COMMON PLEAS; PREVIOUSLY ENDORSED FOR MUNICIPAL COURT 1973, 1979; DNAME FILL: Hamilton County (R45)",0.68
OH,Cincinnati Post,134750,1982,JUDGE,,Hamilton,OH,"SAND, ROBERT G.",Nonpartisan,1,,,,DOMESTIC RELATIONS DIVISION; ENDORSED OVER DONALD A. PANIOTO (WHO WAS ENDORSED FOR MUNICIPAL COURT 1977-1980); DNAME FILL: Hamilton County (R45),0.62
OH,Cincinnati Post,134750,1982,CNTY COMM,,Hamilton,OH,"MURDOCK, NORMA A.",Republican,1,,,1,PARTY FROM ENQ CROSS-PAPER LOOKUP; COUNTY COMMISSIONER; ALSO ENDORSED 1978; INCUMBENT; DNAME FILL: Hamilton County (R45),0.68
OH,Cincinnati Post,134750,1982,AUDITOR,,,OH,"DECOURCY, JOSEPH L. JR.",Democrat,1,1,,1,PARTY FROM ENQ CROSS-PAPER LOOKUP; COUNTY AUDITOR; ALSO ENDORSED 1974-1978; INCUMBENT,0.85
OH,Cincinnati Post,134750,1982,STATE BOARD OF ED,,,OH,"SIEAY, THOMAS L.",Nonpartisan,1,,,,"STATE BOARD OF EDUCATION; NAME HIGHLY UNCERTAIN — COULD BE SIEAY, SIEBERT, OR SIMILAR",0.42
OH,Cincinnati Post,134750,1982,STATE BOARD OF ED,1,,OH,"PRICE, BRIAN C.",Nonpartisan,1,,,,STATE BOARD OF EDUCATION FIRST DISTRICT,0.55
OH,Cincinnati Post,134750,1982,STATE BOARD OF ED,2,,OH,"LAPRADE, MARK F.",Nonpartisan,1,,,,STATE BOARD OF EDUCATION SECOND DISTRICT; UNOPPOSED,0.55
OH,Cincinnati Post,134750,1983,CITY COUNCIL,,Cincinnati,OH,"BLACKWELL, J. KENNETH",Nonpartisan,1,,,1,INCUMBENT; ALSO ENDORSED 1977-1981; DNAME FILL: Cincinnati (R45 corrected),0.92
OH,Cincinnati Post,134750,1983,CITY COUNCIL,,Cincinnati,OH,"BORTZ, ARNOLD",Nonpartisan,1,,,1,INCUMBENT; ALSO ENDORSED 1977-1981; DNAME FILL: Cincinnati (R45 corrected),0.92
OH,Cincinnati Post,134750,1983,CITY COUNCIL,,Cincinnati,OH,"CHABOT, STEVE",Nonpartisan,1,,,,"NEW CANDIDATE; STEVE CHABOT — LATER US REPRESENTATIVE OH-1 (1995-2009, 2011-2023); DNAME FILL: Cincinnati (R45 corrected)",0.92
OH,Cincinnati Post,134750,1983,CITY COUNCIL,,Cincinnati,OH,"GUCKENBERGER, GUY C.",Nonpartisan,1,,,1,INCUMBENT; ALSO ENDORSED 1973-1981; DNAME FILL: Cincinnati (R45 corrected),0.92
OH,Cincinnati Post,134750,1983,CITY COUNCIL,,Cincinnati,OH,"KOHNEN, NANCY S.",Nonpartisan,1,,,,NEW CANDIDATE; POSSIBLY RELATED TO RALPH B. KOHNEN JR. ENDORSED FOR COUNCIL IN 1971; DNAME FILL: Cincinnati (R45 corrected),0.9
OH,Cincinnati Post,134750,1983,CITY COUNCIL,,Cincinnati,OH,"LUKEN, CHARLES J.",Nonpartisan,1,,,1,INCUMBENT; ALSO ENDORSED 1981; SON OF THOMAS A. LUKEN; LATER MAYOR; DNAME FILL: Cincinnati (R45 corrected),0.92
OH,Cincinnati Post,134750,1983,CITY COUNCIL,,Cincinnati,OH,"MANN, DAVID",Nonpartisan,1,,,1,INCUMBENT; ALSO ENDORSED 1973-1981; DNAME FILL: Cincinnati (R45 corrected),0.92
OH,Cincinnati Post,134750,1983,CITY COUNCIL,,Cincinnati,OH,"STERNE, BOBBIE",Nonpartisan,1,,,1,INCUMBENT; ALSO ENDORSED 1971-1981; LONGEST-RUNNING CURRENT COUNCIL ENDORSEE (7 CONSECUTIVE CYCLES); DNAME FILL: Cincinnati (R45 corrected),0.92
OH,Cincinnati Post,134750,1983,CITY COUNCIL,,Cincinnati,OH,"STRAUSS, PETER",Nonpartisan,1,,,1,INCUMBENT; ALSO ENDORSED 1979-1981; DNAME FILL: Cincinnati (R45 corrected),0.92
OH,Cincinnati Post,134750,1983,JUDGE,,Hamilton,OH,"DONNELLON, EDWARD J.",Nonpartisan,1,,,1,HAMILTON COUNTY MUNICIPAL COURT; FULL TERM BEGINNING JAN 1; FIVE TO BE ELECTED; ALSO ENDORSED 1981; INCUMBENT; DNAME FILL: Hamilton County (R45),0.88
OH,Cincinnati Post,134750,1983,JUDGE,,Hamilton,OH,"LUEBBERS, JOSEPH A.",Nonpartisan,1,,,1,HAMILTON COUNTY MUNICIPAL COURT; FULL TERM BEGINNING JAN 1; FIVE TO BE ELECTED; ALSO ENDORSED 1971-1977; INCUMBENT; DNAME FILL: Hamilton County (R45),0.88
OH,Cincinnati Post,134750,1983,JUDGE,,Hamilton,OH,"MESTEMAKER, ALBERT",Nonpartisan,1,,,1,HAMILTON COUNTY MUNICIPAL COURT; FULL TERM BEGINNING JAN 1; FIVE TO BE ELECTED; ALSO ENDORSED 1981; INCUMBENT; DNAME FILL: Hamilton County (R45),0.88
OH,Cincinnati Post,134750,1983,JUDGE,,Hamilton,OH,"PAINTER, MARK P.",Nonpartisan,1,,,,HAMILTON COUNTY MUNICIPAL COURT; FULL TERM BEGINNING JAN 1; FIVE TO BE ELECTED; DNAME FILL: Hamilton County (R45),0.85
OH,Cincinnati Post,134750,1983,JUDGE,,Hamilton,OH,"ROSEN, JACK",Nonpartisan,1,,,1,HAMILTON COUNTY MUNICIPAL COURT; FULL TERM BEGINNING JAN 1; FIVE TO BE ELECTED; ALSO ENDORSED 1977; INCUMBENT; DNAME FILL: Hamilton County (R45),0.88
OH,Cincinnati Post,134750,1983,JUDGE,,Hamilton,OH,"NOACK, HARRY D.",Nonpartisan,1,,,,HAMILTON COUNTY MUNICIPAL COURT; FULL TERM BEGINNING JAN 5; DNAME FILL: Hamilton County (R45),0.82
OH,Cincinnati Post,134750,1983,JUDGE,,Hamilton,OH,"SHERMAN, JACK JR.",Nonpartisan,1,,,,HAMILTON COUNTY MUNICIPAL COURT; FULL TERM BEGINNING JAN 6; CONSISTENT WITH M.L. SHERMAN JR. FROM 1979 (JACK COULD BE NICKNAME); DNAME FILL: Hamilton County (R45),0.82
OH,Cincinnati Post,134750,1983,JUDGE,,Hamilton,OH,"HEATON, SYLVIA SIEVE",Nonpartisan,1,,,,"HAMILTON COUNTY MUNICIPAL COURT; UNEXPIRED TERM ENDING DEC 31, 1985; ENDORSED OVER WALTER WURSTER; DNAME FILL: Hamilton County (R45)",0.82
OH,Cincinnati Post,134750,1983,SCHOOL BOARD,,Cincinnati,OH,"BROWN, HERBERT J.",Nonpartisan,1,,,1,CINCINNATI BOARD OF EDUCATION; THREE TO BE ELECTED; ALSO ENDORSED 1979 (AS HERBERT R. BROWN — MIDDLE INITIAL DISCREPANCY J VS R); INCUMBENT; DNAME FILL: Cincinnati Public Schools (R45 corrected),0.88
OH,Cincinnati Post,134750,1983,SCHOOL BOARD,,Cincinnati,OH,"GRIFFIN, VIRGINIA C.",Nonpartisan,1,,,1,"CINCINNATI BOARD OF EDUCATION; THREE TO BE ELECTED; ALSO ENDORSED FOR SCHOOL BOARD 1979 AND COUNCIL 1981 (MIDDLE INITIAL VARIES: K, N, C); INCUMBENT; DNAME FILL: Cincinnati Public Schools (R45 corrected)",0.88
OH,Cincinnati Post,134750,1983,SCHOOL BOARD,,Cincinnati,OH,"RUDY, JOHN F.",Nonpartisan,1,,,,CINCINNATI BOARD OF EDUCATION; THREE TO BE ELECTED; DNAME FILL: Cincinnati Public Schools (R45 corrected),0.88
OH,Cincinnati Post,134750,1984,PRESIDENT,,,OH,"REAGAN, RONALD",Republican,1,,1,,ENDORSED OVER MONDALE; REAGAN RE-ELECTION; ALSO ENDORSED 1980,0.92
OH,Cincinnati Post,134750,1984,H,1,,OH,"LUKEN, THOMAS A.",Democrat,1,1,,,"FIRST DISTRICT; INCUMBENT; ALSO ENDORSED FOR CONGRESS 1976-1982 (FORMERLY OH-2, NOW OH-1 AFTER REDISTRICTING)",0.92
OH,Cincinnati Post,134750,1984,H,2,,OH,"GRADISON, BILL",Republican,1,,1,,"SECOND DISTRICT; INCUMBENT; ALSO ENDORSED 1974-1982 (FORMERLY OH-1, NOW OH-2 AFTER REDISTRICTING); LISTED AS BILL D. GRADISON",0.92
OH,Cincinnati Post,134750,1984,SUPREME COURT,,,OH,"WRIGHT, CRAIG",Nonpartisan,1,,,,OHIO SUPREME COURT; ONE OF MULTIPLE SEATS,0.68
OH,Cincinnati Post,134750,1984,SUPREME COURT,,,OH,"DOUGLAS, ANDREW",Nonpartisan,1,,,,"OHIO SUPREME COURT; SECOND SEAT; NAME FIX from 1984 OCR (R71): Andrew Douglas was endorsed, not Sweeney",0.85
OH,Cincinnati Post,134750,1984,COURT OF APPEALS,1,,OH,"HILDEBRANDT, CURT H. JR.",Nonpartisan,1,,,,1ST APPELLATE DISTRICT; COURT OF APPEALS,0.72
OH,Cincinnati Post,134750,1984,STATE SENATOR,8,,OH,"ARONOFF, STANLEY J.",Republican,0,,1,,8TH DISTRICT; INCUMBENT; ALSO ENDORSED 1972-1982; LATER OHIO SENATE PRESIDENT; LISTED AS STEWART J. ARONOFF ON BALLOT BUT KNOWN AS STANLEY; PATTERN L #7 direction fix from 1984 OCR (R71): paper endorsed Wagner D over Aronoff R,0.85
OH,Cincinnati Post,134750,1984,STATE REP,21,,OH,"MOYER, DONALD J.",,1,,,,21ST DISTRICT,0.72
OH,Cincinnati Post,134750,1984,STATE REP,21,,OH,"POTTENGER, THOMAS A.",Republican,1,,,1,CROSS-YEAR PARTY FILL; 21ST DISTRICT; TWO TO BE ELECTED; INCUMBENT; ALSO ENDORSED 1970-1982,0.82
OH,Cincinnati Post,134750,1984,STATE REP,22,,OH,"LUEBBERS, JEROME F.",Democrat,1,,,1,PARTY FROM ENQ CROSS-PAPER LOOKUP; 22ND DISTRICT; INCUMBENT; ALSO ENDORSED 1978-1982,0.8
OH,Cincinnati Post,134750,1984,STATE REP,22,,OH,"SCHULTZ, LAURENCE",,1,,,,22ND DISTRICT; TWO TO BE ELECTED,0.62
OH,Cincinnati Post,134750,1984,STATE REP,23,,OH,"GUTHMAN, JOHN H.",,1,,,,23RD DISTRICT; REPLACES WILLIAM L. MALLORY IN ENDORSEMENT SLATE,0.55
OH,Cincinnati Post,134750,1984,STATE REP,23,,OH,"BUDISH, BURTON W. JR.",,1,,,,23RD DISTRICT; TWO TO BE ELECTED,0.5
OH,Cincinnati Post,134750,1984,STATE REP,24,,OH,"MALLORY, WILLIAM L.",Democrat,1,1,,,24TH DISTRICT; INCUMBENT; ALSO ENDORSED 1968-1982; NOTE: MOVED FROM 23RD TO 24TH DISTRICT,0.78
OH,Cincinnati Post,134750,1984,STATE REP,24,,OH,"BACHMAN, RICHARD H.",Republican,1,,,,CROSS-YEAR PARTY FILL; 24TH DISTRICT; TWO TO BE ELECTED,0.6
OH,Cincinnati Post,134750,1984,STATE REP,25,,OH,"BECKHAM, THOMAS J.",,1,,,,25TH DISTRICT,0.58
OH,Cincinnati Post,134750,1984,STATE REP,27,,OH,"STINZIANO, JERRY S.",,1,,,,27TH DISTRICT,0.55
OH,Cincinnati Post,134750,1984,STATE REP,27,,OH,"STOKES, JOHN",,1,,,,27TH DISTRICT; TWO TO BE ELECTED,0.5
OH,Cincinnati Post,134750,1984,JUDGE,,Hamilton,OH,"HENDON, WILLIAM A. MCCLAIN",Nonpartisan,1,,,,HAMILTON COUNTY COMMON PLEAS COURT; FULL TERM; DNAME FILL: Hamilton County (R45),0.55
OH,Cincinnati Post,134750,1984,JUDGE,,Hamilton,OH,"KINSLEY, MICHAEL A.",Nonpartisan,1,,,,HAMILTON COUNTY COMMON PLEAS COURT; DNAME FILL: Hamilton County (R45),0.5
OH,Cincinnati Post,134750,1984,JUDGE,,Hamilton,OH,"HAID, ROBERT A.",Nonpartisan,1,,,,HAMILTON COUNTY COMMON PLEAS COURT; DNAME FILL: Hamilton County (R45),0.55
OH,Cincinnati Post,134750,1984,JUDGE,,Hamilton,OH,"MORRISSEY, NADINE",Nonpartisan,1,,,,HAMILTON COUNTY COMMON PLEAS COURT; POSSIBLY RELATED TO THOMAS MORRISSEY ENDORSED 1979 FOR MUNICIPAL COURT; DNAME FILL: Hamilton County (R45),0.55
OH,Cincinnati Post,134750,1984,JUDGE,,Hamilton,OH,"KRAFT, ROBERT S.",Nonpartisan,1,,,,HAMILTON COUNTY COMMON PLEAS COURT; DNAME FILL: Hamilton County (R45),0.55
OH,Cincinnati Post,134750,1984,JUDGE,,Hamilton,OH,"DINKENS, THOMAS",Nonpartisan,1,,,,HAMILTON COUNTY COMMON PLEAS COURT; DNAME FILL: Hamilton County (R45),0.5
OH,Cincinnati Post,134750,1984,JUDGE,,Hamilton,OH,"NURRE, THOMAS C.",Nonpartisan,1,,,,HAMILTON COUNTY COMMON PLEAS COURT; DNAME FILL: Hamilton County (R45),0.6
OH,Cincinnati Post,134750,1984,JUDGE,,Hamilton,OH,"DILLMAN, DENNIS",Nonpartisan,1,,,,JUVENILE DIVISION; JUVENILE COURT JUDGE; DNAME FILL: Hamilton County (R45),0.55
OH,Cincinnati Post,134750,1984,JUDGE,,Hamilton,OH,"ALBANESE, F. DAVID",Nonpartisan,1,,,,DOMESTIC RELATIONS DIVISION; ALSO RAN FOR MUNICIPAL COURT 1981 (LOST TO DONNELLON); DNAME FILL: Hamilton County (R45),0.62
OH,Cincinnati Post,134750,1984,JUDGE,,Hamilton,OH,"WOOD, HARRY A.",Nonpartisan,1,,,,PROBATE DIVISION; DNAME FILL: Hamilton County (R45),0.58
OH,Cincinnati Post,134750,1984,CNTY COMM,,Hamilton,OH,"DEATRICK, DOROTHY M.",,1,,,,HAMILTON COUNTY COMMISSIONER; ONE OF TWO SEATS; DNAME FILL: Hamilton County (R45),0.68
OH,Cincinnati Post,134750,1984,CNTY COMM,,Hamilton,OH,"TAFT, ROBERT A. II",Republican,1,,,,HAMILTON COUNTY COMMISSIONER; ROBERT A. TAFT II MOVING FROM STATE REP TO COUNTY COMMISSIONER; LATER GOVERNOR OF OHIO (1999-2007); ALSO ENDORSED FOR STATE REP 1976-1982; DNAME FILL: Hamilton County (R45),0.72
OH,Cincinnati Post,134750,1984,DA/PROSECUTOR,,Hamilton,OH,"DINSMORE, ARTHUR M. JR.",,1,,,,PROSECUTING ATTORNEY; ALSO ENDORSED 1976-1982; DNAME FILL: Hamilton County (R45),0.72
OH,Cincinnati Post,134750,1984,CNTY CLERK,,Hamilton,OH,"CAMPBELL, EARL L.",,1,,,,CLERK OF COURTS; DNAME FILL: Hamilton County (R45),0.62
OH,Cincinnati Post,134750,1984,SHERIFF,,Hamilton,OH,"LEIS, SIMON L. JR.",Republican,1,,1,,INCUMBENT; ALSO ENDORSED FOR SHERIFF 1980-1982; FORMERLY ENDORSED FOR PROSECUTOR 1968-1976; DNAME FILL: Hamilton County (R45),0.78
OH,Cincinnati Post,134750,1984,RECORDER,,Hamilton,OH,"HILD, DAVID S.",,1,,,,COUNTY RECORDER; DNAME FILL: Hamilton County (R45),0.6
OH,Cincinnati Post,134750,1984,AUDITOR,,,OH,"WULF, BEATRICE T.",Republican,1,,,,COUNTY AUDITOR; ALSO ENDORSED 1980,0.85
OH,Cincinnati Post,134750,1984,COUNTY ENGINEER,,Hamilton,OH,"SCHWAMM, DONALD C.",,1,,,,COUNTY ENGINEER; DNAME FILL: Hamilton County (R45),0.58
OH,Cincinnati Post,134750,1984,CORONER,,Hamilton,OH,"VOLLMER, FRANK P.",Nonpartisan,1,,,,CORONER; NEW NAME — REPLACES FRANK CLEVELAND WHO HELD POST 1964-1980; PARTY FILL: judicial/local nonpartisan; DNAME FILL: Hamilton County (R45),0.58
OH,Cincinnati Post,134750,1985,CITY COUNCIL,,Cincinnati,OH,"BLACKWELL, J. KENNETH",Nonpartisan,1,,,1,INCUMBENT; ALSO ENDORSED 1977-1983; DNAME FILL: Cincinnati (R45 corrected),0.92
OH,Cincinnati Post,134750,1985,CITY COUNCIL,,Cincinnati,OH,"BORTZ, ARN",Nonpartisan,1,,,1,INCUMBENT; ALSO ENDORSED 1977-1983; LISTED AS 'ARN' RATHER THAN 'ARNOLD' — LIKELY SAME PERSON; DNAME FILL: Cincinnati (R45 corrected),0.92
OH,Cincinnati Post,134750,1985,CITY COUNCIL,,Cincinnati,OH,"CHABOT, STEVE",Nonpartisan,1,,,1,INCUMBENT; ALSO ENDORSED 1983; LATER US REPRESENTATIVE OH-1; DNAME FILL: Cincinnati (R45 corrected),0.92
OH,Cincinnati Post,134750,1985,CITY COUNCIL,,Cincinnati,OH,"GUCKENBERGER, GUY C.",Nonpartisan,1,,,1,INCUMBENT; ALSO ENDORSED 1973-1983; DNAME FILL: Cincinnati (R45 corrected),0.92
OH,Cincinnati Post,134750,1985,CITY COUNCIL,,Cincinnati,OH,"LUKEN, CHARLES",Nonpartisan,1,,,1,INCUMBENT; ALSO ENDORSED 1981-1983; LATER MAYOR OF CINCINNATI; DNAME FILL: Cincinnati (R45 corrected),0.92
OH,Cincinnati Post,134750,1985,CITY COUNCIL,,Cincinnati,OH,"MANN, DAVID",Nonpartisan,1,,,1,INCUMBENT; ALSO ENDORSED 1973-1983; LATER US REPRESENTATIVE OH-1; DNAME FILL: Cincinnati (R45 corrected),0.92
OH,Cincinnati Post,134750,1985,CITY COUNCIL,,Cincinnati,OH,"STERNE, BOBBIE",Nonpartisan,1,,,1,INCUMBENT; ALSO ENDORSED 1971-1983; 8TH CONSECUTIVE COUNCIL ENDORSEMENT CYCLE; DNAME FILL: Cincinnati (R45 corrected),0.92
OH,Cincinnati Post,134750,1985,CITY COUNCIL,,Cincinnati,OH,"YATES, TYRONE",Nonpartisan,1,,,,NEW CANDIDATE; REPLACES PETER STRAUSS ON SLATE; DNAME FILL: Cincinnati (R45 corrected),0.88
OH,Cincinnati Post,134750,1985,CITY COUNCIL,,Cincinnati,OH,"KOHNEN, NANCY S.",Nonpartisan,1,,,1,INCUMBENT; ALSO ENDORSED 1983; NINTH ENDORSED CANDIDATE — NEED TO VERIFY WHICH IS THE 9TH FILLED CIRCLE; DNAME FILL: Cincinnati (R45 corrected),0.72
OH,Cincinnati Post,134750,1985,JUDGE,,Hamilton,OH,"HOGAN, TIMOTHY S.",Nonpartisan,1,,,1,"HAMILTON COUNTY MUNICIPAL COURT; FULL TERM BEGINNING JAN 1, 1986; FIVE TO BE ELECTED; INCUMBENT; ALSO ENDORSED 1972, 1981; DNAME FILL: Hamilton County (R45)",0.88
OH,Cincinnati Post,134750,1985,JUDGE,,Hamilton,OH,"BURKE, DANIEL F. JR.",Nonpartisan,1,,,,"HAMILTON COUNTY MUNICIPAL COURT; FULL TERM BEGINNING JAN 1, 1986; FIVE TO BE ELECTED; DNAME FILL: Hamilton County (R45)",0.82
OH,Cincinnati Post,134750,1985,JUDGE,,Hamilton,OH,"DAVIS, DAVID P.",Nonpartisan,1,,,1,"HAMILTON COUNTY MUNICIPAL COURT; FULL TERM BEGINNING JAN 1, 1986; FIVE TO BE ELECTED; INCUMBENT; ALSO ENDORSED 1981; DNAME FILL: Hamilton County (R45)",0.85
OH,Cincinnati Post,134750,1985,JUDGE,,Hamilton,OH,"HAIR, DEIDRA LORNE",Nonpartisan,1,,,1,"HAMILTON COUNTY MUNICIPAL COURT; FULL TERM BEGINNING JAN 1, 1986; FIVE TO BE ELECTED; INCUMBENT; ALSO ENDORSED 1981 (AS DEIDRA HAIR); DNAME FILL: Hamilton County (R45)",0.85
OH,Cincinnati Post,134750,1985,JUDGE,,Hamilton,OH,"HENDON, SYLVIA S.",Nonpartisan,1,,,,"HAMILTON COUNTY MUNICIPAL COURT; FULL TERM BEGINNING JAN 1, 1986; FIVE TO BE ELECTED; DNAME FILL: Hamilton County (R45)",0.82
OH,Cincinnati Post,134750,1985,JUDGE,,Hamilton,OH,"SUNDERMANN, J. HOWARD JR.",Nonpartisan,1,,,,"HAMILTON COUNTY MUNICIPAL COURT; FULL TERM BEGINNING JAN 1, 1986; FIVE TO BE ELECTED; SIXTH FILLED CIRCLE VISIBLE — MAY BE ALTERNATE READING; DNAME FILL: Hamilton County (R45)",0.75
OH,Cincinnati Post,134750,1985,JUDGE,,Hamilton,OH,"ALLEN, NADINE",Nonpartisan,1,,,,"HAMILTON COUNTY MUNICIPAL COURT; UNEXPIRED TERM ENDING JAN 3, 1990; ONE TO BE ELECTED; DNAME FILL: Hamilton County (R45)",0.85
OH,Cincinnati Post,134750,1985,SCHOOL BOARD,,Cincinnati,OH,"O'DONNELL, LORENA M.",Nonpartisan,1,,,1,CINCINNATI BOARD OF EDUCATION; FOUR TO BE ELECTED; INCUMBENT; ALSO ENDORSED 1981; DNAME FILL: Cincinnati Public Schools (R45 corrected),0.88
OH,Cincinnati Post,134750,1985,SCHOOL BOARD,,Cincinnati,OH,"RHODES, VIRGINIA L.",Nonpartisan,1,,,,CINCINNATI BOARD OF EDUCATION; FOUR TO BE ELECTED; DNAME FILL: Cincinnati Public Schools (R45 corrected),0.85
OH,Cincinnati Post,134750,1985,SCHOOL BOARD,,Cincinnati,OH,"SCHERING, G. DAVID",Nonpartisan,1,,,1,CINCINNATI BOARD OF EDUCATION; FOUR TO BE ELECTED; INCUMBENT; ALSO ENDORSED 1981; DNAME FILL: Cincinnati Public Schools (R45 corrected),0.88
OH,Cincinnati Post,134750,1985,SCHOOL BOARD,,Cincinnati,OH,"LAWSON, JERRY H.",Nonpartisan,1,,,,CINCINNATI BOARD OF EDUCATION; FOUR TO BE ELECTED; DNAME FILL: Cincinnati Public Schools (R45 corrected),0.82
OH,Cincinnati Post,134750,1986,GOVERNOR,,,OH,"RHODES, JAMES",Republican,1,,,,ENDORSED WITH ROBERT TAFT II AS LT. GOVERNOR; RHODES SEEKING RETURN TO GOVERNORSHIP; ALSO ENDORSED 1978,0.88
OH,Cincinnati Post,134750,1986,LT GOVERNOR,,,OH,"TAFT, ROBERT A. II",Republican,1,,,,RUNNING WITH RHODES; PREVIOUSLY ENDORSED FOR STATE REP 1976-1982 AND COUNTY COMMISSIONER 1984; LATER GOVERNOR (1999-2007),0.88
OH,Cincinnati Post,134750,1986,ATTORNEY GENERAL,,,OH,"CELEBREZZE, ANTHONY JR.",Democrat,1,1,,,INCUMBENT; SON OF FRANK CELEBREZZE (OHIO SUPREME COURT),0.85
OH,Cincinnati Post,134750,1986,AUDITOR,,,OH,"ROSE, BEN",Republican,1,,,,PARTY FROM ENQ CROSS-PAPER LOOKUP; ENDORSED OVER THOMAS FERGUSON,0.82
OH,Cincinnati Post,134750,1986,SEC OF STATE,,,OH,"CAMPANELLA, VINCENT",Republican,1,,,,ENDORSED OVER SHERROD BROWN (D); BROWN ALSO NOT ENDORSED IN 1982,0.8
OH,Cincinnati Post,134750,1986,TREASURER,,Hamilton,OH,"WITHROW, MARY ELLEN",Democrat,1,1,,,INCUMBENT; LATER US TREASURER UNDER CLINTON; DNAME FILL: Hamilton County (R45),0.85
OH,Cincinnati Post,134750,1986,SENATOR,,,OH,"GLENN, JOHN",Democrat,1,1,,,"INCUMBENT; ALSO ENDORSED 1974, 1980; THIRD CONSECUTIVE SENATE ENDORSEMENT",0.9
OH,Cincinnati Post,134750,1986,SUPREME COURT,CHIEF JUSTICE,,OH,"MOYER, THOMAS",Nonpartisan,1,,,,"CHIEF JUSTICE, OHIO SUPREME COURT; ENDORSED OVER FRANK CELEBREZZE",0.85
OH,Cincinnati Post,134750,1986,SUPREME COURT,,,OH,"HOLMES, ROBERT",Nonpartisan,1,,,,"JUSTICE, OHIO SUPREME COURT; ONE OF TWO SEATS",0.72
OH,Cincinnati Post,134750,1986,SUPREME COURT,,,OH,"DOUGLAS, ANDY",Nonpartisan,1,,,,"JUSTICE, OHIO SUPREME COURT; SECOND SEAT; NAME COULD BE 'ANDREW DOUGLAS' OR SIMILAR",0.62
OH,Cincinnati Post,134750,1986,H,1,,OH,"LUKEN, THOMAS",Democrat,1,1,,,FIRST DISTRICT; INCUMBENT; ALSO ENDORSED 1974-1984,0.92
OH,Cincinnati Post,134750,1986,H,2,,OH,"GRADISON, WILLIS JR.",Republican,1,,1,,SECOND DISTRICT; INCUMBENT; ALSO ENDORSED 1974-1984; LISTED AS WILLIS GRADISON JR.,0.92
OH,Cincinnati Post,134750,1986,STATE SENATOR,7,,OH,"FINAN, RICHARD",Republican,1,,,,PARTY FROM ENQ CROSS-PAPER LOOKUP; 7TH DISTRICT,0.78
OH,Cincinnati Post,134750,1986,STATE SENATOR,9,,OH,"NEWBERRY, GREG",Republican,1,,,,CROSS-YEAR PARTY FILL; 9TH DISTRICT; MERGED: PATTERN A from 1986 OCR (paper endorsed Bowen D; ROUND 19),0.68
OH,Cincinnati Post,134750,1986,STATE REP,20,,OH,"BRISTOW, STEPHEN",,1,,,,20TH DISTRICT; ENDORSED OVER THOMAS POTTENGER,0.72
OH,Cincinnati Post,134750,1986,STATE REP,21,,OH,"LUEBBERS, JEROME",Democrat,1,,,1,PARTY FROM ENQ CROSS-PAPER LOOKUP; 21ST DISTRICT; INCUMBENT; ALSO ENDORSED 1978-1984,0.8
OH,Cincinnati Post,134750,1986,STATE REP,22,,OH,"BLESSING, LOUIS JR.",Republican,1,,,,PARTY FROM ENQ CROSS-PAPER LOOKUP; 22ND DISTRICT,0.68
OH,Cincinnati Post,134750,1986,STATE REP,23,,OH,"MALLORY, WILLIAM",Democrat,1,1,,,23RD DISTRICT; INCUMBENT; ALSO ENDORSED 1968-1984; NOTE: BACK TO 23RD DISTRICT (WAS 24TH IN 1984),0.82
OH,Cincinnati Post,134750,1986,STATE REP,24,,OH,"TRANTER, TERRY",Democrat,1,,,,PARTY FROM ENQ CROSS-PAPER LOOKUP; 24TH DISTRICT,0.68
OH,Cincinnati Post,134750,1986,STATE REP,25,,OH,"RANKIN, HELEN",Democrat,1,,,,PARTY FROM ENQ CROSS-PAPER LOOKUP; 25TH DISTRICT,0.72
OH,Cincinnati Post,134750,1986,STATE REP,26,,OH,"ANDERSON, JANE",Democrat,1,,,,CROSS-YEAR PARTY FILL; 26TH DISTRICT,0.72
OH,Cincinnati Post,134750,1986,STATE REP,27,,OH,"VAN VYVEN, DALE",Republican,1,,1,,PARTY FROM ENQ CROSS-PAPER LOOKUP; 27TH DISTRICT; ENDORSED; NAME READING UNCERTAIN,0.62
OH,Cincinnati Post,134750,1986,CNTY COMM,,Hamilton,OH,"MONTIOK, NORMAN",,1,,,,COUNTY COMMISSIONER; NAME UNCERTAIN — MONTIOK OR MONTJOY; DNAME FILL: Hamilton County (R45),0.58
OH,Cincinnati Post,134750,1986,AUDITOR,,,OH,"FERGUSON, THOMAS",Democrat,0,1,,,"PARTY FROM ENQ CROSS-PAPER LOOKUP; COUNTY AUDITOR; NAME UNCERTAIN — DECAMP or DECHAMP; NAME+DIRECTION FIX from 1986 OCR (R66): Ferguson D was opposed, not DeCamp (Pattern A pair with Rose R endorsed)",0.85
OH,Cincinnati Post,134750,1986,COURT OF APPEALS,1,,OH,"MCFAUN, HARRY",Nonpartisan,1,,,,"JUDGE, COURT OF APPEALS; 1ST APPELLATE DISTRICT",0.62
OH,Cincinnati Post,134750,1986,JUDGE,,Hamilton,OH,"MATHEWS, WILLIAM",Nonpartisan,1,,,,HAMILTON COUNTY COMMON PLEAS COURT; DNAME FILL: Hamilton County (R45),0.58
OH,Cincinnati Post,134750,1986,JUDGE,,Hamilton,OH,"STAUTBERG, ROBERT",Nonpartisan,1,,,,HAMILTON COUNTY COMMON PLEAS COURT; DNAME FILL: Hamilton County (R45),0.58
OH,Cincinnati Post,134750,1986,JUDGE,,Hamilton,OH,"BETTMAN, GILBERT",Nonpartisan,1,,,,HAMILTON COUNTY COMMON PLEAS COURT; DNAME FILL: Hamilton County (R45),0.62
OH,Cincinnati Post,134750,1986,JUDGE,,Hamilton,OH,"CRUSH, THOMAS",Nonpartisan,1,,,,HAMILTON COUNTY COMMON PLEAS COURT; DNAME FILL: Hamilton County (R45),0.55
OH,Cincinnati Post,134750,1986,JUDGE,,Hamilton,OH,"GREENSTEIN, JEROLD",Nonpartisan,1,,,,"JUDGE, JUVENILE DIVISION; DNAME FILL: Hamilton County (R45)",0.62
OH,Cincinnati Post,134750,1986,JUDGE,,Hamilton,OH,"POSTON, RONALD",Nonpartisan,1,,,,"JUDGE, DOMESTIC RELATIONS DIVISION; DNAME FILL: Hamilton County (R45)",0.58
OH,Cincinnati Post,134750,1986,JUDGE,,Hamilton,OH,"BECKWITH, SANDRA",Nonpartisan,1,,,,"JUDGE, DOMESTIC RELATIONS DIVISION; PREVIOUSLY ENDORSED FOR MUNICIPAL COURT 1977, 1981; LATER US DISTRICT JUDGE; DNAME FILL: Hamilton County (R45)",0.72
OH,Cincinnati Post,134750,1987,CITY COUNCIL,,Cincinnati,OH,"BLACKWELL, J. KENNETH",Nonpartisan,1,,,1,INCUMBENT; ALSO ENDORSED 1977-1985; 6TH CONSECUTIVE CYCLE; DNAME FILL: Cincinnati (R45 corrected),0.92
OH,Cincinnati Post,134750,1987,CITY COUNCIL,,Cincinnati,OH,"BORTZ, ARN",Nonpartisan,1,,,1,INCUMBENT; ALSO ENDORSED 1977-1985; LISTED AS ARN (NOT ARNOLD); DNAME FILL: Cincinnati (R45 corrected),0.92
OH,Cincinnati Post,134750,1987,CITY COUNCIL,,Cincinnati,OH,"CHABOT, STEVE",Nonpartisan,1,,,1,INCUMBENT; ALSO ENDORSED 1983-1985; LATER US REPRESENTATIVE OH-1; DNAME FILL: Cincinnati (R45 corrected),0.92
OH,Cincinnati Post,134750,1987,CITY COUNCIL,,Cincinnati,OH,"GUCKENBERGER, GUY C.",Nonpartisan,1,,,1,INCUMBENT; ALSO ENDORSED 1973-1985; LONGEST-RUNNING CURRENT COUNCIL ENDORSEE (8 CONSECUTIVE CYCLES); DNAME FILL: Cincinnati (R45 corrected),0.92
OH,Cincinnati Post,134750,1987,CITY COUNCIL,,Cincinnati,OH,"LUKEN, CHARLES",Nonpartisan,1,,,1,INCUMBENT; ALSO ENDORSED 1981-1985; LATER MAYOR OF CINCINNATI; DNAME FILL: Cincinnati (R45 corrected),0.92
OH,Cincinnati Post,134750,1987,CITY COUNCIL,,Cincinnati,OH,"MIRLISENA, JOHN",Nonpartisan,1,,,,NEW TO ENDORSED SLATE; WAS AN UNENDORSED CANDIDATE IN 1985; DNAME FILL: Cincinnati (R45 corrected),0.85
OH,Cincinnati Post,134750,1987,CITY COUNCIL,,Cincinnati,OH,"POWER, ANNE",Nonpartisan,1,,,,NEW CANDIDATE; DNAME FILL: Cincinnati (R45 corrected),0.82
OH,Cincinnati Post,134750,1987,CITY COUNCIL,,Cincinnati,OH,"QUINN, MAGGIE",Nonpartisan,1,,,,NEW CANDIDATE; DNAME FILL: Cincinnati (R45 corrected),0.82
OH,Cincinnati Post,134750,1987,CITY COUNCIL,,Cincinnati,OH,"YATES, TYRONE K.",Nonpartisan,1,,,1,INCUMBENT; ALSO ENDORSED 1985; DNAME FILL: Cincinnati (R45 corrected),0.88
OH,Cincinnati Post,134750,1987,JUDGE,,Hamilton,OH,"MCWAIN, HARRY H.",Nonpartisan,1,,,,"HAMILTON COUNTY MUNICIPAL COURT; FULL TERM BEGINNING JAN 2, 1988; DNAME FILL: Hamilton County (R45)",0.78
OH,Cincinnati Post,134750,1987,JUDGE,,Hamilton,OH,"BUNYAN, GEORGE JR.",Nonpartisan,1,,,,"HAMILTON COUNTY MUNICIPAL COURT; FULL TERM BEGINNING JAN 3, 1988; DNAME FILL: Hamilton County (R45)",0.75
OH,Cincinnati Post,134750,1987,JUDGE,,Hamilton,OH,"ALLEN, NADINE",Nonpartisan,1,,,1,"HAMILTON COUNTY MUNICIPAL COURT; UNEXPIRED TERM ENDING JAN 4, 1990; INCUMBENT; ALSO ENDORSED 1985; DNAME FILL: Hamilton County (R45)",0.85
OH,Cincinnati Post,134750,1987,SCHOOL BOARD,,Cincinnati,OH,"BOND, HOWARD H.",Nonpartisan,1,,,,CINCINNATI BOARD OF EDUCATION; FOUR TO BE ELECTED; DNAME FILL: Cincinnati Public Schools (R45 corrected),0.82
OH,Cincinnati Post,134750,1987,SCHOOL BOARD,,Cincinnati,OH,"GRIFFIN, VIRGINIA K.",Nonpartisan,1,,,1,"CINCINNATI BOARD OF EDUCATION; FOUR TO BE ELECTED; INCUMBENT; ALSO ENDORSED FOR COUNCIL 1981 AND SCHOOL BOARD 1979, 1983; MIDDLE INITIAL K THIS TIME (VARIED: N, K, C); DNAME FILL: Cincinnati Public Schools (R45 corrected)",0.85
OH,Cincinnati Post,134750,1987,SCHOOL BOARD,,Cincinnati,OH,"HUGHES, CHARLES D.",Nonpartisan,1,,,,CINCINNATI BOARD OF EDUCATION; FOUR TO BE ELECTED; WAS UNENDORSED CANDIDATE IN 1985; DNAME FILL: Cincinnati Public Schools (R45 corrected),0.82
OH,Cincinnati Post,134750,1987,SCHOOL BOARD,,Cincinnati,OH,"RUDY, JOHN F.",Nonpartisan,1,,,1,CINCINNATI BOARD OF EDUCATION; FOUR TO BE ELECTED; INCUMBENT; ALSO ENDORSED 1983; DNAME FILL: Cincinnati Public Schools (R45 corrected),0.85
OH,Cincinnati Post,134750,1988,PRESIDENT,,,OH,"BUSH, GEORGE",Republican,1,,,,GEORGE BUSH AND DAN QUAYLE ENDORSED OVER MICHAEL S. DUKAKIS AND LLOYD BENTSEN,0.92
OH,Cincinnati Post,134750,1988,SENATOR,,,OH,"VOINOVICH, GEORGE V.",Republican,1,,,,ENDORSED OVER HOWARD METZENBAUM (D INCUMBENT); VOINOVICH PREVIOUSLY ENDORSED FOR LT. GOVERNOR 1978; LATER GOVERNOR (1991-1998) AND US SENATOR (1999-2011),0.9
OH,Cincinnati Post,134750,1988,H,1,,OH,"CHABOT, STEVE",Republican,1,,,,1ST CONGRESSIONAL DISTRICT; CHABOT CHALLENGING THOMAS A. LUKEN; POST ENDORSES CHABOT OVER LUKEN — FIRST TIME LUKEN NOT ENDORSED SINCE 1974; CHABOT LOSES THIS RACE BUT WINS OH-1 IN 1994,0.85
OH,Cincinnati Post,134750,1988,H,2,,OH,"GRADISON, WILLIS D. JR.",Republican,1,,1,,2ND DISTRICT; INCUMBENT; ALSO ENDORSED 1974-1986; LISTED AS WILLIS D. GRADISON JR.,0.9
OH,Cincinnati Post,134750,1988,STATE SENATOR,8,,OH,"ARONOFF, STANLEY J.",Republican,1,,1,,8TH DISTRICT; INCUMBENT; ALSO ENDORSED 1972-1986; OHIO SENATE PRESIDENT,0.82
OH,Cincinnati Post,134750,1988,STATE SENATOR,9,,OH,"COLE, CHARLES H. JR.",Democrat,1,,,,CROSS-YEAR PARTY FILL; 9TH DISTRICT,0.65
OH,Cincinnati Post,134750,1988,STATE SENATOR,14,,OH,"SNYDER, COOPER",Republican,1,,,,PARTY FROM ENQ CROSS-PAPER LOOKUP; DISTRICT UNCERTAIN; SEPARATE LINE FROM ARONOFF AND COLE; DIST FILL: from Cincinnati Enquirer (R60),0.65
OH,Cincinnati Post,134750,1988,STATE REP,20,,OH,"BRINKER, STEPHEN G.",Democrat,1,,,,20TH DISTRICT; PARTY FILL: cross-year same name same office (R48),0.68
OH,Cincinnati Post,134750,1988,STATE REP,21,,OH,"LUEBBERS, JEROME F.",Democrat,1,1,,1,PARTY FROM ENQ CROSS-PAPER LOOKUP; 21ST DISTRICT; INCUMBENT; ALSO ENDORSED 1978-1986,0.78
OH,Cincinnati Post,134750,1988,STATE REP,22,,OH,"BLESSING, LOUIS W. JR.",Republican,1,,1,1,PARTY FROM ENQ CROSS-PAPER LOOKUP; 22ND DISTRICT; INCUMBENT; ALSO ENDORSED 1986,0.72
OH,Cincinnati Post,134750,1988,STATE REP,23,,OH,"MALLORY, WILLIAM L.",Democrat,1,1,,,23RD DISTRICT; INCUMBENT; ALSO ENDORSED 1968-1986; BACK IN 23RD DISTRICT,0.8
OH,Cincinnati Post,134750,1988,STATE REP,24,,OH,"TRANTER, TERRY W.",Democrat,0,1,,1,"PARTY FROM ENQ CROSS-PAPER LOOKUP; 24TH DISTRICT; INCUMBENT; ALSO ENDORSED 1986; DIRECTION FIX from 1988 OCR (R67): Tranter D was opposed, Meyung R endorsed",0.85
OH,Cincinnati Post,134750,1988,STATE REP,25,,OH,"AHRENS, DANIEL M.",Republican,1,,,,24TH DISTRICT; TWO TO BE ELECTED; NAME+DIST FIX from 1988 OCR (R67): Ahrens R D 25 endorsed,0.55
OH,Cincinnati Post,134750,1988,STATE REP,25,,OH,"LAZARUS, THOMAS P.",,1,,,,25TH DISTRICT,0.58
OH,Cincinnati Post,134750,1988,STATE REP,26,,OH,"O'BRIEN, JACQUELINE S.",Republican,1,,,,PARTY FROM ENQ CROSS-PAPER LOOKUP; 26TH DISTRICT,0.62
OH,Cincinnati Post,134750,1988,STATE REP,27,,OH,"VAN VYVEN, DALE A.",Republican,1,,1,1,PARTY FROM ENQ CROSS-PAPER LOOKUP; 27TH DISTRICT; INCUMBENT; ALSO ENDORSED 1986,0.65
OH,Cincinnati Post,134750,1988,STATE REP,,,OH,"MOTICHKA, ROBERT",,1,,,,DISTRICT UNCERTAIN; ADDITIONAL STATE REP LISTED NEAR BOTTOM,0.45
OH,Cincinnati Post,134750,1988,SUPREME COURT,,,OH,"RESNICK, ALICE ROBIE",Nonpartisan,1,,,,OHIO SUPREME COURT; TWO SEATS,0.68
OH,Cincinnati Post,134750,1988,SUPREME COURT,,,OH,"STALLS, PAUL R.",Nonpartisan,1,,,,OHIO SUPREME COURT; SECOND SEAT; NAME UNCERTAIN,0.5
OH,Cincinnati Post,134750,1988,COURT OF APPEALS,1,,OH,"SHANNON, RAYMOND E.",Nonpartisan,1,,,,"COURT OF APPEALS, 1ST DISTRICT; TERM BEGINNING 2/9/88",0.65
OH,Cincinnati Post,134750,1988,COURT OF APPEALS,1,,OH,"MCSWAIN, DAVID R.",Nonpartisan,1,,,,"COURT OF APPEALS, 1ST DISTRICT; DIFFERENT TERM",0.55
OH,Cincinnati Post,134750,1988,COURT OF APPEALS,1,,OH,"BURKE, DANIEL F. JR.",Nonpartisan,1,,,,"COURT OF APPEALS, 1ST DISTRICT; PREVIOUSLY ENDORSED FOR MUNICIPAL COURT 1985",0.62
OH,Cincinnati Post,134750,1988,COURT OF APPEALS,1,,OH,"GORMAN, ROBERT H.",Nonpartisan,1,,,,"COURT OF APPEALS, 1ST DISTRICT",0.62
OH,Cincinnati Post,134750,1988,JUDGE,,Hamilton,OH,"SUNDERMANN, J. HOWARD JR.",Nonpartisan,1,,,,HAMILTON COUNTY COMMON PLEAS; PREVIOUSLY ENDORSED FOR MUNICIPAL COURT 1985; DNAME FILL: Hamilton County (R45),0.68
OH,Cincinnati Post,134750,1988,JUDGE,,Hamilton,OH,"RUEHLMAN, ROBERT P.",Nonpartisan,1,,,,HAMILTON COUNTY COMMON PLEAS; DNAME FILL: Hamilton County (R45),0.55
OH,Cincinnati Post,134750,1988,JUDGE,,Hamilton,OH,"DLOTT, SUSAN J.",Nonpartisan,1,,,,HAMILTON COUNTY COMMON PLEAS; LATER US DISTRICT JUDGE; DNAME FILL: Hamilton County (R45),0.55
OH,Cincinnati Post,134750,1988,JUDGE,,Hamilton,OH,"SHERMAN, JACK JR.",Nonpartisan,1,,,,HAMILTON COUNTY COMMON PLEAS; PREVIOUSLY ENDORSED FOR MUNICIPAL COURT 1983; DNAME FILL: Hamilton County (R45),0.58
OH,Cincinnati Post,134750,1988,CNTY COMM,,Hamilton,OH,"LAMENT, LARYL",,1,,,,HAMILTON COUNTY COMMISSIONER; NAME VERY UNCERTAIN; DNAME FILL: Hamilton County (R45),0.42
OH,Cincinnati Post,134750,1988,CNTY COMM,,Hamilton,OH,"NEASE, PERRY",,1,,,,HAMILTON COUNTY COMMISSIONER; DNAME FILL: Hamilton County (R45),0.5
OH,Cincinnati Post,134750,1988,CNTY CLERK,,Hamilton,OH,"PIROLLO, VIRGINIA",,1,,,,CLERK OF COURTS; DNAME FILL: Hamilton County (R45),0.55
OH,Cincinnati Post,134750,1988,DA/PROSECUTOR,,Hamilton,OH,"NEY, ARTHUR M. JR.",Republican,1,,,,PARTY FROM ENQ CROSS-PAPER LOOKUP; PROSECUTING ATTORNEY; REPLACES DINSMORE; DNAME FILL: Hamilton County (R45),0.62
OH,Cincinnati Post,134750,1988,SHERIFF,,Hamilton,OH,"LEIS, SIMON L. JR.",Republican,1,,1,,INCUMBENT; ALSO ENDORSED FOR SHERIFF 1980-1986; PREVIOUSLY ENDORSED FOR PROSECUTOR 1968-1976; DNAME FILL: Hamilton County (R45),0.78
OH,Cincinnati Post,134750,1988,TREASURER,,Hamilton,OH,"STATON, STEPHEN R.",Republican,1,,,,COUNTY TREASURER; DNAME FILL: Hamilton County (R45),0.85
OH,Cincinnati Post,134750,1988,COUNTY ENGINEER,,Hamilton,OH,"KEATS, KEVIN L.",,1,,,,COUNTY ENGINEER; DNAME FILL: Hamilton County (R45),0.55
OH,Cincinnati Post,134750,1988,CORONER,,Hamilton,OH,"LINDHAM, EDWARD J.",Nonpartisan,1,,,,CORONER; NAME UNCERTAIN — LINDHAM or LINDNER; PARTY FILL: judicial/local nonpartisan; DNAME FILL: Hamilton County (R45),0.5
OH,Cincinnati Post,134750,1988,RECORDER,,Hamilton,OH,"SCHRAMM, DONALD S.",,1,,,,COUNTY RECORDER; DNAME FILL: Hamilton County (R45),0.55
OH,Cincinnati Post,134750,1988,AUDITOR,,,OH,"CLEVELAND, FRANK P.",Republican,1,,,,COUNTY AUDITOR; FRANK CLEVELAND — PREVIOUSLY ENDORSED FOR CORONER 1964-1980; NOW RUNNING FOR AUDITOR,0.85
OH,Cincinnati Post,134750,1988,CNTY COMM,,Hamilton,OH,"TAFT, ROBERT A. II",Republican,1,,1,,HAMILTON COUNTY COMMISSIONER; INCUMBENT; ALSO ENDORSED 1984; LATER GOVERNOR; LISTED UNDER COUNTY OFFICES; DNAME FILL: Hamilton County (R45),0.7
OH,Cincinnati Post,134750,1989,CITY COUNCIL,,Cincinnati,OH,"ALTMAN, DAVE",Nonpartisan,1,,,,NEW CANDIDATE; DNAME FILL: Cincinnati (R45 corrected),0.9
OH,Cincinnati Post,134750,1989,CITY COUNCIL,,Cincinnati,OH,"BOOTH, PAUL M.",Nonpartisan,1,,,,NEW CANDIDATE; DNAME FILL: Cincinnati (R45 corrected),0.9
OH,Cincinnati Post,134750,1989,CITY COUNCIL,,Cincinnati,OH,"CHABOT, STEVE",Nonpartisan,1,,,1,INCUMBENT; ALSO ENDORSED 1983-1987; LATER US REPRESENTATIVE OH-1; DNAME FILL: Cincinnati (R45 corrected),0.92
OH,Cincinnati Post,134750,1989,CITY COUNCIL,,Cincinnati,OH,"GUCKENBERGER, GUY C.",Nonpartisan,1,,,1,INCUMBENT; ALSO ENDORSED 1973-1987; 9TH CONSECUTIVE COUNCIL ENDORSEMENT CYCLE — LONGEST RUN IN THE SERIES; DNAME FILL: Cincinnati (R45 corrected),0.92
OH,Cincinnati Post,134750,1989,CITY COUNCIL,,Cincinnati,OH,"LUKEN, CHARLES",Nonpartisan,1,,,1,INCUMBENT; ALSO ENDORSED 1981-1987; LATER MAYOR OF CINCINNATI; DNAME FILL: Cincinnati (R45 corrected),0.92
OH,Cincinnati Post,134750,1989,CITY COUNCIL,,Cincinnati,OH,"MANN, DAVID",Nonpartisan,1,,,1,RETURNS TO ENDORSED SLATE AFTER 1987 ABSENCE; PREVIOUSLY ENDORSED 1973-1985 (8 CONSECUTIVE CYCLES); INCUMBENT; LATER US REPRESENTATIVE OH-1; DNAME FILL: Cincinnati (R45 corrected),0.92
OH,Cincinnati Post,134750,1989,CITY COUNCIL,,Cincinnati,OH,"QUALLS, ROSANNE",Nonpartisan,1,,,,"NEW TO ENDORSED SLATE; WAS UNENDORSED CANDIDATE IN 1985, 1987; DNAME FILL: Cincinnati (R45 corrected)",0.88
OH,Cincinnati Post,134750,1989,CITY COUNCIL,,Cincinnati,OH,"REISE, TIM",Nonpartisan,1,,,,NEW CANDIDATE; NAME COULD BE REISE OR RIESE; DNAME FILL: Cincinnati (R45 corrected),0.78
OH,Cincinnati Post,134750,1989,CITY COUNCIL,,Cincinnati,OH,"STRAUSS, PETER",Nonpartisan,1,,,,RETURNS TO ENDORSED SLATE AFTER 1985-1987 ABSENCE; PREVIOUSLY ENDORSED 1979-1983; DNAME FILL: Cincinnati (R45 corrected),0.88
OH,Cincinnati Post,134750,1989,JUDGE,,Hamilton,OH,"MESTEMAKER, ALBERT J.",Nonpartisan,1,,,1,"HAMILTON COUNTY MUNICIPAL COURT; FULL TERM BEGINNING JAN 1990; FIVE TO BE ELECTED; INCUMBENT; ALSO ENDORSED 1981, 1983; DNAME FILL: Hamilton County (R45)",0.85
OH,Cincinnati Post,134750,1989,JUDGE,,Hamilton,OH,"DONNELLON, EDWARD J.",Nonpartisan,1,,,1,"HAMILTON COUNTY MUNICIPAL COURT; FIVE TO BE ELECTED; INCUMBENT; ALSO ENDORSED 1981, 1983; DNAME FILL: Hamilton County (R45)",0.85
OH,Cincinnati Post,134750,1989,JUDGE,,Hamilton,OH,"HANNON, MIKE",Nonpartisan,1,,,,HAMILTON COUNTY MUNICIPAL COURT; FIVE TO BE ELECTED; DNAME FILL: Hamilton County (R45),0.82
OH,Cincinnati Post,134750,1989,JUDGE,,Hamilton,OH,"PAINTER, MARK P.",Nonpartisan,1,,,1,HAMILTON COUNTY MUNICIPAL COURT; FIVE TO BE ELECTED; INCUMBENT; ALSO ENDORSED 1983; DNAME FILL: Hamilton County (R45),0.85
OH,Cincinnati Post,134750,1989,JUDGE,,Hamilton,OH,"MARSH, MELBA",Nonpartisan,1,,,,HAMILTON COUNTY MUNICIPAL COURT; FIVE TO BE ELECTED; DNAME FILL: Hamilton County (R45),0.82
OH,Cincinnati Post,134750,1989,JUDGE,,Hamilton,OH,"HEMRICK, DENNIS S.",Nonpartisan,1,,,,HAMILTON COUNTY MUNICIPAL COURT; TERM BEGINNING 1/5/90(?); DNAME FILL: Hamilton County (R45),0.75
OH,Cincinnati Post,134750,1989,JUDGE,,Hamilton,OH,"HILDEBRANDT, DOLORES J.",Nonpartisan,1,,,,HAMILTON COUNTY MUNICIPAL COURT; TERM BEGINNING 1/5/90; SEPARATE SEAT FROM HEMRICK; DNAME FILL: Hamilton County (R45),0.72
OH,Cincinnati Post,134750,1989,JUDGE,,Hamilton,OH,"BLACK, TIMOTHY S.",Nonpartisan,1,,,,HAMILTON COUNTY MUNICIPAL COURT; ADDITIONAL TERM; DNAME FILL: Hamilton County (R45),0.78
OH,Cincinnati Post,134750,1989,JUDGE,,Hamilton,OH,"ALLEN, NADINE",Nonpartisan,1,,,1,"HAMILTON COUNTY MUNICIPAL COURT; UNEXPIRED TERM ENDING 1991(?); INCUMBENT; ALSO ENDORSED 1985, 1987; 3RD CONSECUTIVE ENDORSEMENT; DNAME FILL: Hamilton County (R45)",0.85
OH,Cincinnati Post,134750,1989,SCHOOL BOARD,,Cincinnati,OH,"LAWSON, JERRY H.",Nonpartisan,1,,,1,CINCINNATI BOARD OF EDUCATION; FOUR TO BE ELECTED; INCUMBENT; ALSO ENDORSED 1985; DNAME FILL: Cincinnati Public Schools (R45 corrected),0.85
OH,Cincinnati Post,134750,1989,SCHOOL BOARD,,Cincinnati,OH,"O'DONNELL, LORENA M.",Nonpartisan,1,,,1,"CINCINNATI BOARD OF EDUCATION; FOUR TO BE ELECTED; INCUMBENT; ALSO ENDORSED 1981, 1985; DNAME FILL: Cincinnati Public Schools (R45 corrected)",0.85
OH,Cincinnati Post,134750,1989,SCHOOL BOARD,,Cincinnati,OH,"RHODES, VIRGINIA",Nonpartisan,1,,,1,CINCINNATI BOARD OF EDUCATION; FOUR TO BE ELECTED; INCUMBENT; ALSO ENDORSED 1985; DNAME FILL: Cincinnati Public Schools (R45 corrected),0.85
OH,Cincinnati Post,134750,1989,SCHOOL BOARD,,Cincinnati,OH,"SEITZ, WILLIAM J.",Nonpartisan,1,,,,CINCINNATI BOARD OF EDUCATION; FOUR TO BE ELECTED; NEW; DNAME FILL: Cincinnati Public Schools (R45 corrected),0.82
OH,Cincinnati Post,134750,1990,SUPREME COURT,,,OH,"HAFFEY, J. ROSS",Nonpartisan,0,,,,DIRECTION FILL (R53): Haffey appears unmarked in 1990 OCR ballot (opposed/3rd-party),0.85
OH,Cincinnati Post,134750,1990,GOVERNOR,,,OH,"VOINOVICH, GEORGE V.",Republican,1,,,,WITH MICHAEL DEWINE AS LT. GOVERNOR; ALSO ENDORSED FOR SENATE 1988; LATER GOVERNOR 1991-1998 AND US SENATOR 1999-2011,0.92
OH,Cincinnati Post,134750,1990,LT GOVERNOR,,,OH,"DEWINE, MICHAEL",Republican,1,,,,RUNNING WITH VOINOVICH; LATER US SENATOR AND OHIO ATTORNEY GENERAL AND GOVERNOR,0.92
OH,Cincinnati Post,134750,1990,ATTORNEY GENERAL,,,OH,"PFEIFER, PAUL E.",Republican,1,,,,ENDORSED OVER LEE FISHER (D); ALSO ENDORSED FOR SENATE 1982,0.85
OH,Cincinnati Post,134750,1990,AUDITOR,,,OH,"PETRO, JAMES M.",Republican,1,,,,OHIO AUDITOR; ENDORSED OVER THOMAS E. FERGUSON (D),0.85
OH,Cincinnati Post,134750,1990,SEC OF STATE,,,OH,"TAFT, ROBERT A. II",Republican,1,,,,"SECRETARY OF STATE; ENDORSED OVER SHERROD BROWN; TAFT PREVIOUSLY ENDORSED FOR STATE REP 1976-1982, COUNTY COMMISSIONER 1984, LT. GOVERNOR 1986; LATER GOVERNOR (1999-2007); BROWN NOT ENDORSED FOR 3RD TIME (1982, 1986, 1990)",0.88
OH,Cincinnati Post,134750,1990,TREASURER,,Hamilton,OH,"WITHROW, MARY ELLEN",Democrat,1,1,,,"INCUMBENT; ALSO ENDORSED 1986; CROSS-PARTY ENDORSEMENT (R GOVERNOR, D TREASURER); DNAME FILL: Hamilton County (R45)",0.85
OH,Cincinnati Post,134750,1990,SUPREME COURT,,,OH,"DOUGLAS, ANDREW",Nonpartisan,1,,,,OHIO SUPREME COURT; TERM ENDING 1/1/93; ALSO ENDORSED 1986,0.82
OH,Cincinnati Post,134750,1990,SUPREME COURT,,,OH,"WRIGHT, CRAIG",Nonpartisan,0,,,,OHIO SUPREME COURT; TERM ENDING 1/1/91; ALSO ENDORSED 1984; DIRECTION FIX (R53): paper endorsed JONES not WRIGHT per 1990 OCR ballot mark,0.85
OH,Cincinnati Post,134750,1990,STATE SENATOR,7,,OH,"FINAN, RICHARD F.",Republican,1,,1,,7TH DISTRICT; INCUMBENT; ALSO ENDORSED 1986,0.85
OH,Cincinnati Post,134750,1990,STATE SENATOR,9,,OH,"BOWEN, WILLIAM F.",Democrat,1,1,,,9TH DISTRICT; ALSO ENDORSED 1966-1970; LONG-RUNNING STATE SENATOR,0.8
OH,Cincinnati Post,134750,1990,STATE REP,20,,OH,"BRINKER, STEVE",Democrat,1,1,,,20TH DISTRICT; INCUMBENT; ALSO ENDORSED 1988,0.8
OH,Cincinnati Post,134750,1990,STATE REP,21,,OH,"LUEBBERS, JEROME",Democrat,1,1,,,21ST DISTRICT; INCUMBENT; ALSO ENDORSED 1978-1988,0.82
OH,Cincinnati Post,134750,1990,STATE REP,22,,OH,"BLESSING, LOUIS W.",Republican,1,,1,,22ND DISTRICT; INCUMBENT; ALSO ENDORSED 1986-1988,0.8
OH,Cincinnati Post,134750,1990,STATE REP,23,,OH,"MALLORY, WILLIAM L.",Democrat,1,1,,,23RD DISTRICT; INCUMBENT; ALSO ENDORSED 1968-1988; LONGEST-RUNNING STATE REP ENDORSEMENT IN SERIES,0.85
OH,Cincinnati Post,134750,1990,STATE REP,24,,OH,"TRANTER, TERRY M.",Democrat,1,1,,,24TH DISTRICT; INCUMBENT; ALSO ENDORSED 1986-1988,0.8
OH,Cincinnati Post,134750,1990,STATE REP,25,,OH,"RANKIN, HELEN",Democrat,1,1,,,25TH DISTRICT; INCUMBENT; ALSO ENDORSED 1986,0.8
OH,Cincinnati Post,134750,1990,STATE REP,26,,OH,"O'BRIEN, JACQUELINE",Republican,1,,1,,26TH DISTRICT; INCUMBENT; ALSO ENDORSED 1988; LISTED WITH (R) LABEL — PREVIOUSLY UNCONFIRMED PARTY,0.78
OH,Cincinnati Post,134750,1990,STATE REP,27,,OH,"VAN VYVEN, DALE N.",Republican,1,,1,,27TH DISTRICT; LISTED WITH MIDDLE INITIAL N.; INCUMBENT; ALSO ENDORSED 1986-1988,0.78
OH,Cincinnati Post,134750,1990,H,1,,OH,"BLACKWELL, J. KENNETH",Republican,1,,,,Endorsed for U.S. House OH-1 over Charles Luken (D),0.97
OH,Cincinnati Post,134750,1990,H,2,,OH,"GRADISON, WILLIS D.",Republican,1,,1,,"Endorsed for U.S. House OH-2, incumbent Republican",0.97
OH,Cincinnati Post,134750,1990,CNTY COMM,,Hamilton,OH,"CHABOT, STEVE",Republican,1,,,,HAMILTON COUNTY COMMISSIONER; CHABOT MOVES FROM COUNCIL TO COUNTY COMMISSIONER; ENDORSED OVER JOHN MIRLISENA (D); PREVIOUSLY ENDORSED FOR COUNCIL 1983-1989; DNAME FILL: Hamilton County (R45),0.85
OH,Cincinnati Post,134750,1990,CNTY COMM,,Hamilton,OH,"BECKWITH, NORMA S.",Republican,1,,,,HAMILTON COUNTY COMMISSIONER; SECOND SEAT; ENDORSED OVER PETER M. RYDOLT (D); NOT SAME AS SANDRA BECKWITH (JUDGE); DNAME FILL: Hamilton County (R45),0.78
OH,Cincinnati Post,134750,1990,AUDITOR,,Hamilton,OH,"RHODES, DUSTY",Democrat,1,,,,OCR SHOWS 'SAOUSTY ROSES (D)' — DUSTY RHODES (D) ENDORSED FOR HAMILTON COUNTY AUDITOR.; OFFICE STANDARDIZED: CNTY AUDITOR→AUDITOR (formal QA),0.78
OH,Cincinnati Post,134750,1990,JUDGE,,Hamilton,OH,"NEWMAN, ROBERT",Nonpartisan,1,,,,"Endorsed for Court of Common Pleas, term commencing 1/1/91; DNAME FILL: Hamilton County (R45)",0.93
OH,Cincinnati Post,134750,1990,JUDGE,,Hamilton,OH,"BURKE, DANIEL F.",Nonpartisan,1,,,,"Endorsed for Court of Common Pleas, term commencing 1/2/91; DNAME FILL: Hamilton County (R45)",0.93
OH,Cincinnati Post,134750,1990,JUDGE,,Hamilton,OH,"NADEL, NORBERT A.",Nonpartisan,1,,,,COURT OF COMMON PLEAS; PREVIOUSLY ENDORSED FOR MUNICIPAL COURT 1979; DNAME FILL: Hamilton County (R45),0.72
OH,Cincinnati Post,134750,1990,JUDGE,,Hamilton,OH,"WINKLER, RALPH",Nonpartisan,1,,,,"Endorsed for Court of Common Pleas, term commencing 2/9/91 (unopposed indicated); DNAME FILL: Hamilton County (R45)",0.9
OH,Cincinnati Post,134750,1990,JUDGE,,Hamilton,OH,"CARTOLANO, FRED J.",Nonpartisan,1,,,,"Endorsed for Court of Common Pleas, term commencing 2/10/91; DNAME FILL: Hamilton County (R45)",0.93
OH,Cincinnati Post,134750,1990,JUDGE,,Hamilton,OH,"KRAFT, ROBERT S.",Nonpartisan,1,,,,"Endorsed for Court of Common Pleas, term commencing 2/11/91 (unopposed indicated); DNAME FILL: Hamilton County (R45)",0.9
OH,Cincinnati Post,134750,1990,JUDGE,,Hamilton,OH,"TRACEY, ANN MARIE",Nonpartisan,1,,,,"Endorsed for Court of Common Pleas, term commencing 2/12/91; DNAME FILL: Hamilton County (R45)",0.93
OH,Cincinnati Post,134750,1990,JUDGE,,Hamilton,OH,"NURRE, THOMAS C.",Nonpartisan,1,,,,"Endorsed for Court of Common Pleas, term commencing 2/13/91 (unopposed indicated); DNAME FILL: Hamilton County (R45)",0.9
OH,Cincinnati Post,134750,1990,JUDGE,,Hamilton,OH,"O'CONNOR, JOHN P.",Nonpartisan,1,,,,"Endorsed for Juvenile Court, term commencing 2/24/91; DNAME FILL: Hamilton County (R45)",0.93
OH,Cincinnati Post,134750,1990,JUDGE,,Hamilton,OH,"WILES, WAYNE F.",Nonpartisan,1,,,,PROBATE COURT; DNAME FILL: Hamilton County (R45),0.65
OH,Cincinnati Post,134750,1990,JUDGE,,Hamilton,OH,"DINKELACKER, PATRICK T.",Nonpartisan,1,,,,"Endorsed for Domestic Relations Court, term commencing 7/1/91 (unopposed indicated); DNAME FILL: Hamilton County (R45)",0.9
OH,Cincinnati Post,134750,1990,JUDGE,,Hamilton,OH,"GARCIA, DEBORAH K.",Nonpartisan,1,,,,DOMESTIC RELATIONS COURT; SEPARATE SEAT; DNAME FILL: Hamilton County (R45),0.68
OH,Cincinnati Post,134750,1990,COURT OF APPEALS,1,,OH,"MANES, M. PENNY",Nonpartisan,1,,,,"Endorsed for Court of Appeals, 1st District",0.93
OH,Cincinnati Post,134750,1990,H,1,,OH,"LUKEN, CHARLES",Democrat,1,,,,OCR SHOWS 'CHEATS LUKEN (D)' — CHARLES LUKEN ENDORSED FOR US HOUSE.,0.78
OH,Cincinnati Post,134750,1990,STATE REP,,,OH,"YATES, TYRONE",Democrat,1,,,,OCR SHOWS 'TYRONE YATES (D)'.,0.78
OH,Cincinnati Post,134750,1990,CNTY COMM,,Hamilton,OH,"REBEL, PETER M.",,1,,,,OCR SHOWS 'PETER M. REBEL' IN HAMILTON COUNTY SECTION.; DNAME FILL: Hamilton County (R45),0.7
OH,Cincinnati Post,134750,1990,AUDITOR,,Hamilton,OH,"MOLONEY, MICHAEL J.",Republican,0,,,,OCR SHOWS 'MICHAEL J. MOLONEY (R)' AS OPPONENT TO RHODES.; OFFICE STANDARDIZED: CNTY AUDITOR→AUDITOR (formal QA),0.78
OH,Cincinnati Post,134750,1990,JUDGE,,Hamilton,OH,"NEWNAN, ROBERT",Nonpartisan,1,,,,OCR SHOWS 'ROBERT NEWNAN' FOR COURT OF COMMON PLEAS.; DNAME FILL: Hamilton County (R45),0.75
OH,Cincinnati Post,134750,1990,JUDGE,,Hamilton,OH,"DUGAN, RICHARD T.",Nonpartisan,1,,,,OCR SHOWS 'RENARD T. DUGAN' (RICHARD T. DUGAN) FOR JUVENILE COURT.; DNAME FILL: Hamilton County (R45),0.78
OH,Cincinnati Post,134750,1991,CITY COUNCIL,,Cincinnati,OH,"GUCKENBERGER, GUY C.",Nonpartisan,1,,,1,INCUMBENT; ALSO ENDORSED 1973-1989; 10TH CONSECUTIVE COUNCIL ENDORSEMENT CYCLE — ALL-TIME RECORD IN THE SERIES; DNAME FILL: Cincinnati (R45 corrected),0.92
OH,Cincinnati Post,134750,1991,CITY COUNCIL,,Cincinnati,OH,"QUALLS, ROSANNE",Nonpartisan,1,,,1,INCUMBENT; ALSO ENDORSED 1989; DNAME FILL: Cincinnati (R45 corrected),0.92
OH,Cincinnati Post,134750,1991,CITY COUNCIL,,Cincinnati,OH,"RHODES, VIRGINIA",Nonpartisan,1,,,,"NEW TO COUNCIL SLATE; PREVIOUSLY ENDORSED FOR SCHOOL BOARD 1985, 1989; DNAME FILL: Cincinnati (R45 corrected)",0.9
OH,Cincinnati Post,134750,1991,CITY COUNCIL,,Cincinnati,OH,"STRAUSS, PETER",Nonpartisan,1,,,1,"INCUMBENT; ALSO ENDORSED 1979-1983, 1989 (RETURNED AFTER 1985-1987 ABSENCE); DNAME FILL: Cincinnati (R45 corrected)",0.9
OH,Cincinnati Post,134750,1991,CITY COUNCIL,,Cincinnati,OH,"SURBER, NEIL",Nonpartisan,1,,,,NEW CANDIDATE; DNAME FILL: Cincinnati (R45 corrected),0.88
OH,Cincinnati Post,134750,1991,CITY COUNCIL,,Cincinnati,OH,"TILLERY, DWIGHT",Nonpartisan,1,,,,NEW CANDIDATE; DNAME FILL: Cincinnati (R45 corrected),0.88
OH,Cincinnati Post,134750,1991,CITY COUNCIL,,Cincinnati,OH,"VEHR, NICHOLAS J.",Nonpartisan,1,,,,NEW CANDIDATE; DNAME FILL: Cincinnati (R45 corrected),0.85
OH,Cincinnati Post,134750,1991,CITY COUNCIL,,Cincinnati,OH,"AL'UPTAH, WILLIAM M.",Nonpartisan,1,,,,NEW CANDIDATE; UNUSUAL SURNAME — SPELLING UNCERTAIN; MAY BE AL UPTAH OR ALUPTAH; DNAME FILL: Cincinnati (R45 corrected),0.65
OH,Cincinnati Post,134750,1991,CITY COUNCIL,,Cincinnati,OH,"WADE, MARTIN",Nonpartisan,1,,,,9TH ENDORSED CANDIDATE; IDENTIFIED BY PROCESS OF ELIMINATION FROM VISIBLE BOLD/FILLED-CIRCLE NAMES; DNAME FILL: Cincinnati (R45 corrected),0.6
OH,Cincinnati Post,134750,1991,SCHOOL BOARD,,Cincinnati,OH,"BATTLE, LYNWOOD L. JR.",Nonpartisan,1,,,,CINCINNATI BOARD OF EDUCATION; THREE TO BE ELECTED; DNAME FILL: Cincinnati Public Schools (R45 corrected),0.82
OH,Cincinnati Post,134750,1991,SCHOOL BOARD,,Cincinnati,OH,"GRIFFIN, VIRGINIA K.",Nonpartisan,1,,,1,"CINCINNATI BOARD OF EDUCATION; THREE TO BE ELECTED; INCUMBENT; ALSO ENDORSED FOR SCHOOL BOARD 1979, 1983, 1987; FOR COUNCIL 1981; MIDDLE INITIAL K AGAIN; DNAME FILL: Cincinnati Public Schools (R45 corrected)",0.85
OH,Cincinnati Post,134750,1991,SCHOOL BOARD,,Cincinnati,OH,"MUETHING, JOHN L.",Nonpartisan,1,,,,CINCINNATI BOARD OF EDUCATION; THREE TO BE ELECTED; DNAME FILL: Cincinnati Public Schools (R45 corrected),0.82
OH,Cincinnati Post,134750,1992,PRESIDENT,,,OH,"BUSH, GEORGE",Republican,1,,1,,Endorsed for President; incumbent,0.98
OH,Cincinnati Post,134750,1992,SENATOR,,,OH,"GLENN, JOHN",Democrat,1,1,,,Endorsed for U.S. Senate; incumbent Democrat,0.98
OH,Cincinnati Post,134750,1992,H,1,,OH,"MANN, DAVID",Democrat,1,,,,Endorsed for U.S. House OH-1,0.96
OH,Cincinnati Post,134750,1992,H,2,,OH,"GRADISON, WILLIS D., JR.",Republican,1,,1,,Endorsed for U.S. House OH-2; incumbent Republican,0.97
OH,Cincinnati Post,134750,1992,H,6,,OH,"STRICKLAND, TED",Democrat,1,,,,Endorsed for U.S. House OH-6,0.96
OH,Cincinnati Post,134750,1992,H,8,,OH,"BOEHNER, JOHN",Republican,1,,1,,Endorsed for U.S. House OH-8; incumbent Republican,0.96
OH,Cincinnati Post,134750,1992,STATE SENATOR,8,,OH,"ARONOFF, STANLEY J.",Republican,1,,1,,Endorsed for Ohio Senate 8th District; longtime incumbent,0.94
OH,Cincinnati Post,134750,1992,SUPREME COURT,,,OH,"GORMAN, ROBERT",Nonpartisan,1,,,,Endorsed for Ohio Supreme Court Chief Justice over incumbent Moyer,0.93
OH,Cincinnati Post,134750,1992,SUPREME COURT,,,OH,"HAFLEY, ALICE ROBIE",Nonpartisan,1,,,,OHIO SUPREME COURT; SIMILAR TO ALICE ROBIE RESNICK — POSSIBLE NAME VARIATION,0.55
OH,Cincinnati Post,134750,1992,SUPREME COURT,,,OH,"PAINTER, MARK P.",Nonpartisan,1,,,,"Endorsed for Ohio Supreme Court justice, term beginning 1/1/93",0.93
OH,Cincinnati Post,134750,1992,SUPREME COURT,,,OH,"RESNICK, FRANCIS E.",Nonpartisan,1,,,,"OHIO SUPREME COURT; NAME UNCERTAIN — COULD BE SWEENEY, FRANCIS E.",0.45
OH,Cincinnati Post,134750,1992,COURT OF APPEALS,1,,OH,"BETTMAN, MARIANNA",Nonpartisan,1,,,,"Endorsed for Court of Appeals 1st District, term beginning 2/9/93",0.93
OH,Cincinnati Post,134750,1992,JUDGE,,Hamilton,OH,"O'CONNOR, JOHN P.",Nonpartisan,1,,,,"Endorsed for Hamilton County Court of Common Pleas, term beginning 1/4/93; DNAME FILL: Hamilton County (R45)",0.93
OH,Cincinnati Post,134750,1992,JUDGE,,Hamilton,OH,"NURRE, T.",Nonpartisan,1,,,,"HAMILTON COUNTY COMMON PLEAS; LIKELY THOMAS C. NURRE, ENDORSED 1984, 1990; DNAME FILL: Hamilton County (R45)",0.55
OH,Cincinnati Post,134750,1992,CNTY COMM,,Hamilton,OH,"CHABOT, STEVE",Republican,1,,1,,HAMILTON COUNTY COMMISSIONER; INCUMBENT; ALSO ENDORSED 1990; TERM BEGINNING 1/3/93; DNAME FILL: Hamilton County (R45),0.85
OH,Cincinnati Post,134750,1992,CNTY COMM,,Hamilton,OH,"DOWLIN, JOHN",Republican,1,,,,PARTY FROM ENQ CROSS-PAPER LOOKUP; HAMILTON COUNTY COMMISSIONER; TERM BEGINNING 1/3/93; DIFFERENT SEAT FROM CHABOT; DNAME FILL: Hamilton County (R45),0.68
OH,Cincinnati Post,134750,1992,CNTY COMM,,Hamilton,OH,"GUCKENBERGER, GUY",Republican,1,,,,"Endorsed for Hamilton County Commissioner, term ending 12/31/94; DNAME FILL: Hamilton County (R45)",0.9
OH,Cincinnati Post,134750,1992,CNTY CLERK,,Hamilton,OH,"NOLAN, GREGORY M.",Republican,1,,,,CROSS-YEAR PARTY FILL; CLERK OF COURTS; MERGED: Opposed for Hamilton County Clerk of Courts; DNAME FILL: Hamilton County (R45),0.65
OH,Cincinnati Post,134750,1992,DA/PROSECUTOR,,Hamilton,OH,"DETERS, JOSEPH T.",Republican,1,,,,Endorsed for Hamilton County Prosecutor; DNAME FILL: Hamilton County (R45),0.93
OH,Cincinnati Post,134750,1992,SHERIFF,,Hamilton,OH,"LEIS, SIMON L., JR.",Republican,1,,1,,Endorsed for Hamilton County Sheriff; incumbent; DNAME FILL: Hamilton County (R45),0.93
OH,Cincinnati Post,134750,1992,TREASURER,,Hamilton,OH,"GOERING, ROBERT A.",Republican,1,,,,Endorsed for Hamilton County Treasurer; DNAME FILL: Hamilton County (R45),0.93
OH,Cincinnati Post,134750,1992,RECORDER,,Hamilton,OH,"BOLTON, EVE",Democrat,1,,,,Endorsed for Hamilton County Recorder; DNAME FILL: Hamilton County (R45),0.93
OH,Cincinnati Post,134750,1992,COUNTY ENGINEER,,Hamilton,OH,"LINDHOLM, EDWARD J.",Democrat,1,,,,CROSS-YEAR PARTY FILL; COUNTY ENGINEER; ALSO ENDORSED 1988; DNAME FILL: Hamilton County (R45),0.6
OH,Cincinnati Post,134750,1992,CORONER,,Hamilton,OH,"CLEVELAND, FRANK P.",Democrat,1,,,,"Endorsed for Hamilton County Coroner, M.D.; DNAME FILL: Hamilton County (R45)",0.93
OH,Cincinnati Post,134750,1992,STATE BOARD OF ED,4,,OH,"PRICE, EDWIN TED",Nonpartisan,1,,,,"STATE BOARD OF EDUCATION, 4TH DISTRICT",0.62
OH,Cincinnati Post,134750,1993,CITY COUNCIL,,Cincinnati,OH,"KEARNEY, ERIC H.",Nonpartisan,1,,,,NEW CANDIDATE; DNAME FILL: Cincinnati (R45 corrected),0.85
OH,Cincinnati Post,134750,1993,CITY COUNCIL,,Cincinnati,OH,"LUKEN, THOMAS A.",Nonpartisan,1,,,,THOMAS A. LUKEN RETURNING TO COUNCIL AFTER CONGRESSIONAL CAREER; PREVIOUSLY ENDORSED FOR CONGRESS 1974-1990 (OH-1/OH-2); ORIGINALLY ON COUNCIL 1971 AND EARLIER; DNAME FILL: Cincinnati (R45 corrected),0.8
OH,Cincinnati Post,134750,1993,CITY COUNCIL,,Cincinnati,OH,"QUALLS, ROSANNE",Nonpartisan,1,,,1,"INCUMBENT; ALSO ENDORSED 1989, 1991; DNAME FILL: Cincinnati (R45 corrected)",0.9
OH,Cincinnati Post,134750,1993,CITY COUNCIL,,Cincinnati,OH,"RHODES, VIRGINIA",Nonpartisan,1,,,1,INCUMBENT; ALSO ENDORSED 1991; DNAME FILL: Cincinnati (R45 corrected),0.9
OH,Cincinnati Post,134750,1993,CITY COUNCIL,,Cincinnati,OH,"SURBER, NEIL S.",Nonpartisan,1,,,1,INCUMBENT; ALSO ENDORSED 1991; DNAME FILL: Cincinnati (R45 corrected),0.88
OH,Cincinnati Post,134750,1993,CITY COUNCIL,,Cincinnati,OH,"TILLERY, DWIGHT",Nonpartisan,1,,,1,INCUMBENT; ALSO ENDORSED 1991; DNAME FILL: Cincinnati (R45 corrected),0.88
OH,Cincinnati Post,134750,1993,CITY COUNCIL,,Cincinnati,OH,"WAKO, SHARON",Nonpartisan,1,,,,NEW CANDIDATE; NAME COULD BE WAKO OR WADE; DNAME FILL: Cincinnati (R45 corrected),0.72
OH,Cincinnati Post,134750,1993,CITY COUNCIL,,Cincinnati,OH,"SELLERS, BOBBIE",Nonpartisan,1,,,,"NEW CANDIDATE; NAME UNCERTAIN — COULD BE BOBBIE SELLERS OR BOBBIE STERNE RETURNING; IF STERNE, THIS WOULD BE A RETURN AFTER 1985 (LAST ENDORSED 1971-1985); DNAME FILL: Cincinnati (R45 corrected)",0.6
OH,Cincinnati Post,134750,1993,CITY COUNCIL,,Cincinnati,OH,"STERNE, BOBBIE",Nonpartisan,0,,,,LISTED AS UNENDORSED CANDIDATE ON BALLOT; BOBBIE STERNE VISIBLE IN LIST BUT ○ MARKER — UNLESS THE ● NAME ABOVE IS ACTUALLY STERNE; DNAME FILL: Cincinnati (R45 corrected),0.45
OH,Cincinnati Post,134750,1993,JUDGE,,Hamilton,OH,"MALLORY, WILLIAM L. JR.",Nonpartisan,1,,,,HAMILTON COUNTY MUNICIPAL COURT; DISTRICT 1; TERM BEGINNING 1/1/94; WILLIAM L. MALLORY JR. — SON OF WILLIAM L. MALLORY (STATE REP 1968-1992); DNAME FILL: Hamilton County (R45),0.82
OH,Cincinnati Post,134750,1993,JUDGE,,Hamilton,OH,"GAINES, LESLIE ISAIAH",Nonpartisan,1,,,,HAMILTON COUNTY MUNICIPAL COURT; DISTRICT 1; UNEXPIRED TERM ENDING 1/1/96; DNAME FILL: Hamilton County (R45),0.78
OH,Cincinnati Post,134750,1993,JUDGE,,Hamilton,OH,"MARSH, MELBA D.",Nonpartisan,1,,,1,HAMILTON COUNTY MUNICIPAL COURT; DISTRICT 2; TERM BEGINNING 1/1/94; INCUMBENT; ALSO ENDORSED 1989; DNAME FILL: Hamilton County (R45),0.82
OH,Cincinnati Post,134750,1993,JUDGE,,Hamilton,OH,"HAIR, DEIDRA",Nonpartisan,1,,,,"HAMILTON COUNTY MUNICIPAL COURT; DISTRICT 3; PREVIOUSLY ENDORSED 1981, 1985; DNAME FILL: Hamilton County (R45)",0.78
OH,Cincinnati Post,134750,1993,JUDGE,,Hamilton,OH,"BLACK, TIMOTHY S.",Nonpartisan,1,,,1,HAMILTON COUNTY MUNICIPAL COURT; DISTRICT 4; INCUMBENT; ALSO ENDORSED 1989; DNAME FILL: Hamilton County (R45),0.82
OH,Cincinnati Post,134750,1993,JUDGE,,Hamilton,OH,"DAVIS, DAVID P.",Nonpartisan,1,,,,"HAMILTON COUNTY MUNICIPAL COURT; DISTRICT 5; PREVIOUSLY ENDORSED 1981, 1985; MOVED FROM FULL-TERM TO DISTRICT FORMAT; DNAME FILL: Hamilton County (R45)",0.72
OH,Cincinnati Post,134750,1993,JUDGE,,Hamilton,OH,"HOGAN, TIMOTHY E.",Nonpartisan,1,,,1,"HAMILTON COUNTY MUNICIPAL COURT; DISTRICT 6; INCUMBENT; ALSO ENDORSED 1972, 1981, 1985; LONGEST-RUNNING JUDICIAL ENDORSEE IN THE SERIES (4 CYCLES); DNAME FILL: Hamilton County (R45)",0.82
OH,Cincinnati Post,134750,1993,JUDGE,,Hamilton,OH,"ALLEN, MICHAEL K.",Nonpartisan,1,,,,HAMILTON COUNTY MUNICIPAL COURT; DISTRICT 7; ENDORSED OVER JAMES M. CARROLL; DNAME FILL: Hamilton County (R45),0.75
OH,Cincinnati Post,134750,1993,SCHOOL BOARD,,Cincinnati,OH,"MERCER, JOYCE",Nonpartisan,1,,,,CINCINNATI BOARD OF EDUCATION; FOUR TO BE ELECTED; DNAME FILL: Cincinnati Public Schools (R45 corrected),0.78
OH,Cincinnati Post,134750,1993,SCHOOL BOARD,,Cincinnati,OH,"HOPKINS, ROBERTA LONG JR.",Nonpartisan,1,,,,CINCINNATI BOARD OF EDUCATION; FOUR TO BE ELECTED; NAME UNCERTAIN — COULD BE ROBERTA LONG HOPKINS OR SIMILAR; DNAME FILL: Cincinnati Public Schools (R45 corrected),0.62
OH,Cincinnati Post,134750,1993,SCHOOL BOARD,,Cincinnati,OH,"ENGEL, CATHERINE",Nonpartisan,1,,,,CINCINNATI BOARD OF EDUCATION; FOUR TO BE ELECTED; DNAME FILL: Cincinnati Public Schools (R45 corrected),0.72
OH,Cincinnati Post,134750,1993,SCHOOL BOARD,,Cincinnati,OH,"SULLIVAN, DENNIS JR.",Nonpartisan,1,,,,CINCINNATI BOARD OF EDUCATION; FOUR TO BE ELECTED; DNAME FILL: Cincinnati Public Schools (R45 corrected),0.78
OH,Cincinnati Post,134750,1994,GOVERNOR,,,OH,"VOINOVICH, GEORGE V.",Republican,1,,1,,"INCUMBENT; WITH NANCY P. HOLLISTER AS LT. GOVERNOR; ALSO ENDORSED 1988 (SENATE), 1990 (GOVERNOR)",0.9
OH,Cincinnati Post,134750,1994,LT GOVERNOR,,,OH,"HOLLISTER, NANCY P.",Republican,1,,,,RUNNING WITH VOINOVICH; LATER BRIEFLY GOVERNOR (DEC 1998-JAN 1999),0.85
OH,Cincinnati Post,134750,1994,SENATOR,,,OH,"DEWINE, MIKE",Republican,1,,,,ENDORSED OVER JOEL HYATT (D); DEWINE PREVIOUSLY ENDORSED AS LT. GOVERNOR 1990; LATER OHIO ATTORNEY GENERAL AND GOVERNOR,0.85
OH,Cincinnati Post,134750,1994,ATTORNEY GENERAL,,,OH,"MONTGOMERY, BETTY",Republican,0,,,,DIRECTION REVERSAL FIX - paper actually endorsed Fisher D per OCR (Round 13); cross-party endorsement; ENDORSED,0.82
OH,Cincinnati Post,134750,1994,SEC OF STATE,,,OH,"TAFT, BOB",Republican,1,,1,,INCUMBENT; ROBERT A. TAFT II LISTED AS BOB TAFT; ALSO ENDORSED 1990; LATER GOVERNOR (1999-2007),0.85
OH,Cincinnati Post,134750,1994,AUDITOR,,,OH,"PETRO, JIM",Republican,1,,1,,INCUMBENT; ALSO ENDORSED 1990,0.78
OH,Cincinnati Post,134750,1994,H,1,,OH,"CHABOT, STEVE",Republican,1,,,,"1ST CONGRESSIONAL DISTRICT; CHABOT ENDORSED OVER DAVID MANN (D INCUMBENT); CHABOT WINS THIS RACE AND BEGINS LONG CONGRESSIONAL CAREER (1995-2009, 2011-2023); ALSO ENDORSED FOR COUNCIL 1983-1989, COUNTY COMMISSIONER 1990-1992, AND CONGRESS (CHALLENGER) 1988",0.82
OH,Cincinnati Post,134750,1994,H,2,,OH,"PORTMAN, ROB",Republican,1,,,,"2ND CONGRESSIONAL DISTRICT; REPLACES WILLIS GRADISON (WHO RESIGNED 1993); LATER US TRADE REPRESENTATIVE, OMB DIRECTOR, AND US SENATOR (2011-2023)",0.8
OH,Cincinnati Post,134750,1994,H,6,,OH,"STRICKLAND, TED",Democrat,1,1,,,6TH CONGRESSIONAL DISTRICT; INCUMBENT; ALSO ENDORSED 1992; LATER GOVERNOR (2007-2011),0.85
OH,Cincinnati Post,134750,1994,STATE SENATOR,8,,OH,"NASS, RICHARD H.",,1,,,,8TH DISTRICT; REPLACES ARONOFF(?),0.58
OH,Cincinnati Post,134750,1994,COURT OF APPEALS,1,,OH,"PAINTER, MARK P.",Nonpartisan,1,,,,"COURT OF APPEALS, 1ST DISTRICT; PREVIOUSLY ENDORSED FOR MUNICIPAL COURT 1983, 1989 AND SUPREME COURT 1992",0.68
OH,Cincinnati Post,134750,1994,CNTY COMM,,Hamilton,OH,"GUCKENBERGER, GUY",Republican,1,,1,,HAMILTON COUNTY COMMISSIONER; INCUMBENT; ALSO ENDORSED 1992; DNAME FILL: Hamilton County (R45),0.75
OH,Cincinnati Post,134750,1994,AUDITOR,,,OH,"RHODES, DUSTY",Democrat,1,1,,,HAMILTON COUNTY AUDITOR; INCUMBENT; ALSO ENDORSED 1990; CROSS-PARTY ENDORSEMENT,0.85
OH,Cincinnati Post,134750,1994,DA/PROSECUTOR,,Hamilton,OH,"DETERS, JOSEPH T.",Republican,1,,1,1,CROSS-YEAR PARTY FILL; PROSECUTING ATTORNEY; INCUMBENT; ALSO ENDORSED 1992; DNAME FILL: Hamilton County (R45),0.68
OH,Cincinnati Post,134750,1994,SHERIFF,,Hamilton,OH,"LEIS, SIMON L. JR.",Republican,1,,1,,INCUMBENT; ALSO ENDORSED 1980-1992; 8TH CONSECUTIVE SHERIFF ENDORSEMENT; DNAME FILL: Hamilton County (R45),0.78
OH,Cincinnati Post,134750,1994,JUDGE,,Hamilton,OH,"SUNDERMANN, J. HOWARD",Nonpartisan,1,,,,"COMMON PLEAS; ALSO ENDORSED 1985, 1988; DNAME FILL: Hamilton County (R45)",0.6
OH,Cincinnati Post,134750,1994,JUDGE,,Hamilton,OH,"ROSEN, JACK",Nonpartisan,1,,,,"COMMON PLEAS; PREVIOUSLY ENDORSED FOR MUNICIPAL COURT 1977, 1983; DNAME FILL: Hamilton County (R45)",0.55
OH,Cincinnati Post,134750,1994,JUDGE,,Hamilton,OH,"MORRISSEY, NADINE",Nonpartisan,1,,,,COMMON PLEAS; PREVIOUSLY ENDORSED 1984; NAME UNCERTAIN; DNAME FILL: Hamilton County (R45),0.5
OH,Cincinnati Post,134750,1994,STATE BOARD OF ED,4,,OH,"BINKLEY, BILL",Nonpartisan,1,,,,"STATE BOARD OF EDUCATION, 4TH DISTRICT",0.5
OH,Cincinnati Post,134750,1995,CITY COUNCIL,,Cincinnati,OH,"COOPER, MINETTE",Nonpartisan,1,,,,NEW TO ENDORSED SLATE; DNAME FILL: Cincinnati (R45 corrected),0.78
OH,Cincinnati Post,134750,1995,CITY COUNCIL,,Cincinnati,OH,"HEINRICH, PHIL",Nonpartisan,1,,,,NEW TO ENDORSED SLATE; NAME UNCERTAIN — COULD BE PHIL HEINRICH OR SIMILAR; DNAME FILL: Cincinnati (R45 corrected),0.68
OH,Cincinnati Post,134750,1995,CITY COUNCIL,,Cincinnati,OH,"PORTUNE, TODD",Nonpartisan,1,,,,"NEW TO ENDORSED SLATE; WAS UNENDORSED CANDIDATE IN 1991, 1993; LATER HAMILTON COUNTY COMMISSIONER; DNAME FILL: Cincinnati (R45 corrected)",0.9
OH,Cincinnati Post,134750,1995,CITY COUNCIL,,Cincinnati,OH,"QUALLS, ROSANNE",Nonpartisan,1,,,1,INCUMBENT; ALSO ENDORSED 1989-1993; 4TH CONSECUTIVE CYCLE; DNAME FILL: Cincinnati (R45 corrected),0.92
OH,Cincinnati Post,134750,1995,CITY COUNCIL,,Cincinnati,OH,"STERNE, BOBBIE",Nonpartisan,1,,,,"RETURNS TO ENDORSED SLATE; LAST ENDORSED 1971-1985 (8 CONSECUTIVE CYCLES), DROPPED 1987-1993, NOW BACK; EXTRAORDINARY CAREER SPANNING 1971-1995; DNAME FILL: Cincinnati (R45 corrected)",0.88
OH,Cincinnati Post,134750,1995,CITY COUNCIL,,Cincinnati,OH,"TILLERY, DWIGHT",Nonpartisan,1,,,1,INCUMBENT; ALSO ENDORSED 1991-1993; DNAME FILL: Cincinnati (R45 corrected),0.9
OH,Cincinnati Post,134750,1995,CITY COUNCIL,,Cincinnati,OH,"VEHR, NICK",Nonpartisan,1,,,1,INCUMBENT; ALSO ENDORSED 1991; LISTED AS NICK (NOT NICHOLAS J.); DNAME FILL: Cincinnati (R45 corrected),0.88
OH,Cincinnati Post,134750,1995,CITY COUNCIL,,Cincinnati,OH,"WINBURN, CHARLES",Nonpartisan,1,,,,"NEW TO ENDORSED SLATE; WAS UNENDORSED CANDIDATE IN 1991, 1993; DNAME FILL: Cincinnati (R45 corrected)",0.88
OH,Cincinnati Post,134750,1995,CITY COUNCIL,,Cincinnati,OH,"YATES, TYRONE K.",Nonpartisan,1,,,,"RETURNS TO ENDORSED SLATE; PREVIOUSLY ENDORSED 1985-1987, THEN DROPPED; WAS UNENDORSED 1989-1993; DNAME FILL: Cincinnati (R45 corrected)",0.88
OH,Cincinnati Post,134750,1995,JUDGE,,Hamilton,OH,"GRADY, KARLA J.",Nonpartisan,1,,,,HAMILTON COUNTY MUNICIPAL COURT; DISTRICT 3; FULL TERM BEGINNING 1/5/96; DNAME FILL: Hamilton County (R45),0.82
OH,Cincinnati Post,134750,1995,JUDGE,,Hamilton,OH,"STOCKDALE, DAVID C.",Nonpartisan,1,,,,HAMILTON COUNTY MUNICIPAL COURT; DISTRICT 3; UNEXPIRED TERM ENDING 1/01/99; DNAME FILL: Hamilton County (R45),0.82
OH,Cincinnati Post,134750,1995,JUDGE,,Hamilton,OH,"HEMRICK, DENNIS S.",Nonpartisan,1,,,1,HAMILTON COUNTY MUNICIPAL COURT; DISTRICT 4; FULL TERM BEGINNING 1/5/96; INCUMBENT; ALSO ENDORSED 1989; DNAME FILL: Hamilton County (R45),0.82
OH,Cincinnati Post,134750,1995,JUDGE,,Hamilton,OH,"MATTINGLY, BETH",Nonpartisan,1,,,,HAMILTON COUNTY MUNICIPAL COURT; DISTRICT 6; FULL TERM BEGINNING 1/5/96; DNAME FILL: Hamilton County (R45),0.8
OH,Cincinnati Post,134750,1995,JUDGE,,Hamilton,OH,"KENNEY, JAMES PATRICK",Nonpartisan,1,,,,HAMILTON COUNTY MUNICIPAL COURT; DISTRICT 7; FULL TERM BEGINNING 1/5/96; DNAME FILL: Hamilton County (R45),0.82
OH,Cincinnati Post,134750,1995,SCHOOL BOARD,,Cincinnati,OH,"BATTLE, LYNWOOD JR.",Nonpartisan,1,,,1,CINCINNATI BOARD OF EDUCATION; THREE TO BE ELECTED; INCUMBENT; ALSO ENDORSED 1991; DNAME FILL: Cincinnati Public Schools (R45 corrected),0.82
OH,Cincinnati Post,134750,1995,SCHOOL BOARD,,Cincinnati,OH,"GRIFFIN, VIRGINIA",Nonpartisan,1,,,1,CINCINNATI BOARD OF EDUCATION; THREE TO BE ELECTED; INCUMBENT; ALSO ENDORSED 1979-1991; LONGEST-RUNNING SCHOOL BOARD ENDORSEE; DNAME FILL: Cincinnati Public Schools (R45 corrected),0.85
OH,Cincinnati Post,134750,1995,SCHOOL BOARD,,Cincinnati,OH,"HULL, ARTHUR JR.",Nonpartisan,1,,,,CINCINNATI BOARD OF EDUCATION; THREE TO BE ELECTED; DNAME FILL: Cincinnati Public Schools (R45 corrected),0.78
OH,Cincinnati Post,134750,1996,PRESIDENT,,,OH,"DOLE, BOB",Republican,1,,,,"DOLE/KEMP ENDORSED OVER CLINTON/GORE AND PEROT/CHOATE; 5TH CONSECUTIVE REPUBLICAN PRESIDENTIAL ENDORSEMENT (REAGAN 1980/1984, BUSH 1988/1992, DOLE 1996)",0.82
OH,Cincinnati Post,134750,1996,H,1,,OH,"CHABOT, STEVE",Republican,1,,1,,"1ST DISTRICT; INCUMBENT; ALSO ENDORSED 1988, 1994; LISTED WITH (R)",0.85
OH,Cincinnati Post,134750,1996,H,2,,OH,"PORTMAN, ROB",Republican,1,,1,,2ND DISTRICT; INCUMBENT; ALSO ENDORSED 1994,0.82
OH,Cincinnati Post,134750,1996,H,4,,OH,"OXLEY, JOHN S.",Republican,1,,1,,4TH DISTRICT; NAME UNCERTAIN — COULD BE JOHN S. OXLEY OR SIMILAR; LISTED WITH NICK P. LONGABAUGH (D) AS OPPONENT,0.85
OH,Cincinnati Post,134750,1996,H,6,,OH,"CREMEANS, FRANK",Republican,0,,1,,6TH DISTRICT; INCUMBENT; REPLACED TED STRICKLAND IN 1994 WAVE; NAME UNCERTAIN; DIRECTION REVERSAL FIX - paper actually endorsed Strickland D per OCR (Round 9); originally extracted with wrong direction,0.85
OH,Cincinnati Post,134750,1996,STATE SENATOR,8,,OH,"BAKER, WILLIAM",Republican,1,,,,8TH DISTRICT; (R) LABEL VISIBLE,0.55
OH,Cincinnati Post,134750,1996,CNTY COMM,,Hamilton,OH,"MCMEEN, JOHN R.",Democrat,1,,,,HAMILTON COUNTY COMMISSIONER; ONE OF MULTIPLE SEATS; NAME UNCERTAIN; DNAME FILL: Hamilton County (R45),0.5
OH,Cincinnati Post,134750,1996,CNTY COMM,,Hamilton,OH,"SUNDERLAND, JAMES R.",Democrat,1,,,,HAMILTON COUNTY COMMISSIONER; DIFFERENT SEAT; DNAME FILL: Hamilton County (R45),0.48
OH,Cincinnati Post,134750,1996,TREASURER,,Hamilton,OH,"GOERING, ROBERT A.",Republican,1,,1,,HAMILTON COUNTY TREASURER; INCUMBENT; ALSO ENDORSED 1992; DNAME FILL: Hamilton County (R45),0.85
OH,Cincinnati Post,134750,1996,JUDGE,,Hamilton,OH,"HILDEBRANDT, CURT JR.",Nonpartisan,1,,,,COMMON PLEAS; PREVIOUSLY ENDORSED FOR COURT OF APPEALS 1984; DNAME FILL: Hamilton County (R45),0.55
OH,Cincinnati Post,134750,1996,JUDGE,,Hamilton,OH,"NADEL, NORBERT A.",Nonpartisan,1,,,,"COMMON PLEAS; ALSO ENDORSED 1979, 1990; DNAME FILL: Hamilton County (R45)",0.55
OH,Cincinnati Post,134750,1996,JUDGE,,Hamilton,OH,"RUEHLMAN, ROBERT P.",Nonpartisan,1,,,,COMMON PLEAS; ALSO ENDORSED 1988; DNAME FILL: Hamilton County (R45),0.55
OH,Cincinnati Post,134750,1996,JUDGE,,Hamilton,OH,"KRAFT, ROBERT S.",Nonpartisan,1,,,,"COMMON PLEAS; ALSO ENDORSED 1984, 1990; DNAME FILL: Hamilton County (R45)",0.55
OH,Cincinnati Post,134750,1996,JUDGE,,Hamilton,OH,"WILES, RALPH A.",Nonpartisan,1,,,,COMMON PLEAS; DNAME FILL: Hamilton County (R45),0.5
OH,Cincinnati Post,134750,1997,CITY COUNCIL,,Cincinnati,OH,"QUALLS, ROXANNE",Nonpartisan,1,,,1,INCUMBENT; ALSO ENDORSED 1989-1995; 5TH CONSECUTIVE CYCLE; LISTED AS 'ROXANNE' (PREVIOUSLY 'ROSANNE') — LIKELY SAME PERSON; DNAME FILL: Cincinnati (R45 corrected),0.88
OH,Cincinnati Post,134750,1997,CITY COUNCIL,,Cincinnati,OH,"PORTUNE, TODD",Nonpartisan,1,,,1,INCUMBENT; ALSO ENDORSED 1995; DNAME FILL: Cincinnati (R45 corrected),0.85
OH,Cincinnati Post,134750,1997,CITY COUNCIL,,Cincinnati,OH,"YATES, TYRONE K.",Nonpartisan,1,,,1,"INCUMBENT; ALSO ENDORSED 1985-1987, 1995; DNAME FILL: Cincinnati (R45 corrected)",0.88
OH,Cincinnati Post,134750,1997,CITY COUNCIL,,Cincinnati,OH,"WINBURN, CHARLES",Nonpartisan,1,,,1,INCUMBENT; ALSO ENDORSED 1995; DNAME FILL: Cincinnati (R45 corrected),0.88
OH,Cincinnati Post,134750,1997,CITY COUNCIL,,Cincinnati,OH,"BEDINGHAUS, ROBERT L.",Nonpartisan,1,,,,NEW CANDIDATE; NAME UNCERTAIN — BEDINGHAUS OR BECKLEY; LATER HAMILTON COUNTY COMMISSIONER; DNAME FILL: Cincinnati (R45 corrected),0.6
OH,Cincinnati Post,134750,1997,CITY COUNCIL,,Cincinnati,OH,"REECE, JOHN",Nonpartisan,1,,,,NEW CANDIDATE; NAME UNCERTAIN; DNAME FILL: Cincinnati (R45 corrected),0.55
OH,Cincinnati Post,134750,1997,CITY COUNCIL,,Cincinnati,OH,"SMITH, JASON",Nonpartisan,1,,,,NEW CANDIDATE; NAME UNCERTAIN — COULD BE DIFFERENT NAME ENTIRELY; DNAME FILL: Cincinnati (R45 corrected),0.45
OH,Cincinnati Post,134750,1997,CITY COUNCIL,,Cincinnati,OH,"WRIGHT, CHARLIE",Nonpartisan,1,,,,NEW CANDIDATE; NAME UNCERTAIN; DNAME FILL: Cincinnati (R45 corrected),0.45
OH,Cincinnati Post,134750,1997,CITY COUNCIL,,Cincinnati,OH,"PEPPER, PAT",Nonpartisan,1,,,,9TH ENDORSED CANDIDATE; NAME VERY UNCERTAIN; DNAME FILL: Cincinnati (R45 corrected),0.4
OH,Cincinnati Post,134750,1997,SCHOOL BOARD,,Cincinnati,OH,"INGRAM, CLARENCE",Nonpartisan,1,,,,CINCINNATI CITY SCHOOL DISTRICT BOARD OF EDUCATION; FIVE TO BE ELECTED; DNAME FILL: Cincinnati Public Schools (R45 corrected),0.68
OH,Cincinnati Post,134750,1997,SCHOOL BOARD,,Cincinnati,OH,"MCKELL, ERIC",Nonpartisan,1,,,,CINCINNATI BOARD OF EDUCATION; FIVE TO BE ELECTED; DNAME FILL: Cincinnati Public Schools (R45 corrected),0.62
OH,Cincinnati Post,134750,1997,SCHOOL BOARD,,Cincinnati,OH,"BEAVERS, LISA",Nonpartisan,1,,,,CINCINNATI BOARD OF EDUCATION; FIVE TO BE ELECTED; DNAME FILL: Cincinnati Public Schools (R45 corrected),0.6
OH,Cincinnati Post,134750,1997,SCHOOL BOARD,,Cincinnati,OH,"O'NEAL, FLORENCE A.",Nonpartisan,1,,,,CINCINNATI BOARD OF EDUCATION; FIVE TO BE ELECTED; DNAME FILL: Cincinnati Public Schools (R45 corrected),0.58
OH,Cincinnati Post,134750,1997,SCHOOL BOARD,,Cincinnati,OH,"NELMS, SCOTT",Nonpartisan,1,,,,CINCINNATI BOARD OF EDUCATION; FIVE TO BE ELECTED; DNAME FILL: Cincinnati Public Schools (R45 corrected),0.55
OH,Cincinnati Post,134750,1997,JUDGE,,Hamilton,OH,"HENDON, FANON",Nonpartisan,1,,,,"HAMILTON COUNTY MUNICIPAL COURT; DISTRICT 1; UNEXPIRED TERM ENDING DEC 31, 1999; DNAME FILL: Hamilton County (R45)",0.65
OH,Cincinnati Post,134750,1997,JUDGE,,Hamilton,OH,"STATON, TIMOTHY",Nonpartisan,1,,,,HAMILTON COUNTY MUNICIPAL COURT; DISTRICT 5; DNAME FILL: Hamilton County (R45),0.6
OH,Cincinnati Post,134750,1997,JUDGE,,Hamilton,OH,"GUSWEILER, TED",Nonpartisan,1,,,,"HAMILTON COUNTY MUNICIPAL COURT; DISTRICT 6; UNEXPIRED TERM ENDING DEC 31, 1999; DNAME FILL: Hamilton County (R45)",0.62
OH,Cincinnati Post,134750,1997,JUDGE,,Hamilton,OH,"PHIPPS, BERNARD T.",Nonpartisan,1,,,,HAMILTON COUNTY MUNICIPAL COURT; ADDITIONAL SEAT; DNAME FILL: Hamilton County (R45),0.58
OH,Cincinnati Post,134750,1998,SENATOR,,,OH,"VOINOVICH, GEORGE",Republican,1,,,,"OPEN SEAT; VOINOVICH LEAVING GOVERNORSHIP TO RUN FOR SENATE; PREVIOUSLY ENDORSED FOR SENATE 1988 (LOST TO METZENBAUM), GOVERNOR 1990/1994; LISTED WITH (R)",0.85
OH,Cincinnati Post,134750,1998,H,1,,OH,"CHABOT, STEVE",Republican,1,,1,,"INCUMBENT; ALSO ENDORSED 1985-1988 (COUNCIL/COMMISSIONER/CONGRESS), 1994, 1996; OPPONENT IS ROXANNE QUALLS (D) — QUALLS PREVIOUSLY ENDORSED FOR CITY COUNCIL 1989-1997",0.85
OH,Cincinnati Post,134750,1998,H,2,,OH,"PORTMAN, ROB",Republican,1,,1,,"INCUMBENT; ALSO ENDORSED 1994, 1996; 3RD CONSECUTIVE ENDORSEMENT",0.82
OH,Cincinnati Post,134750,1998,H,3,,OH,"HALL, TONY P.",Democrat,1,1,,,DAYTON AREA; INCUMBENT DEMOCRAT; LONG-SERVING CONGRESSMAN; LISTED WITH (D),0.85
OH,Cincinnati Post,134750,1998,H,6,,OH,"STRICKLAND, TED",Democrat,1,1,,,SOUTHEASTERN OHIO; INCUMBENT; WON SEAT BACK IN 1996 AFTER LOSING TO CREMEANS IN 1994; LISTED WITH (D); ENDORSEMENT DIRECTION UNCERTAIN — APPEARS TO BE STRICKLAND ENDORSED BUT VERY HARD TO READ,0.85
OH,Cincinnati Post,134750,1998,GOVERNOR,,,OH,"TAFT, BOB",Republican,1,,,,"PREVIOUSLY ENDORSED FOR COUNTY COMMISSIONER 1984, LT GOVERNOR 1986, SECRETARY OF STATE 1994; GRANDSON OF ROBERT TAFT SR.; RUNNING AGAINST LEE FISHER (D)",0.82
OH,Cincinnati Post,134750,1998,ATTORNEY GENERAL,,,OH,"MONTGOMERY, BETTY",Republican,1,,1,,INCUMBENT; LISTED WITH (R),0.85
OH,Cincinnati Post,134750,1998,AUDITOR,,,OH,"PETRO, JIM",Republican,1,,1,,STATE AUDITOR; LISTED WITH (R),0.85
OH,Cincinnati Post,134750,1998,SEC OF STATE,,,OH,"BLACKWELL, KEN",Republican,1,,,,PREVIOUSLY ENDORSED FOR US HOUSE OH-1 1990; NOW RUNNING FOR SECRETARY OF STATE; LISTED WITH (R),0.85
OH,Cincinnati Post,134750,1998,TREASURER,,Hamilton,OH,"DETERS, JOSEPH",Republican,1,,,,STATE TREASURER; LISTED WITH (R),0.85
OH,Cincinnati Post,134750,1998,SUPREME COURT,CHIEF JUSTICE,,OH,"MOYER, THOMAS",Nonpartisan,1,,,1,"CHIEF JUSTICE, OHIO SUPREME COURT; INCUMBENT",0.62
OH,Cincinnati Post,134750,1998,SUPREME COURT,,,OH,"STRATTON, EVELYN LUNDBERG",Nonpartisan,1,,,,"JUSTICE, OHIO SUPREME COURT; ONE OF TWO JUSTICE SEATS",0.52
OH,Cincinnati Post,134750,1998,SUPREME COURT,,,OH,"PFEIFER, PAUL",Nonpartisan,1,,,1,"JUSTICE, OHIO SUPREME COURT; INCUMBENT; SECOND JUSTICE SEAT",0.5
OH,Cincinnati Post,134750,1998,STATE SENATOR,7,,OH,"FINAN, RICHARD H.",Republican,1,,1,,PRESIDENT OF THE OHIO SENATE; LONG-SERVING STATE SENATOR FROM CINCINNATI AREA; LISTED WITH (R),0.6
OH,Cincinnati Post,134750,1998,AUDITOR,,,OH,"RHODES, DUSTY",Democrat,1,1,,,HAMILTON COUNTY AUDITOR; NAME VERY UNCERTAIN — DUSTY RHODES WAS LONG-SERVING HAMILTON COUNTY AUDITOR; COULD BE DIFFERENT NAME,0.85
OH,Cincinnati Post,134750,1999,SCHOOL BOARD,,Cincinnati,OH,"HULL, ART",Nonpartisan,1,,,,CINCINNATI BOARD OF EDUCATION; SAME AS ARTHUR HULL JR. ENDORSED IN 1995; PHOTO WITH NAME 'ART HULL' VISIBLE; DNAME FILL: Cincinnati Public Schools (R45 corrected),0.85
OH,Cincinnati Post,134750,1999,SCHOOL BOARD,,Cincinnati,OH,"WILLIAMS, NICK",Nonpartisan,1,,,,"CINCINNATI BOARD OF EDUCATION; NAME APPEARS AS TWO LINES UNDER MIDDLE PHOTO — FIRST LINE MAY READ 'BRASHONDA' OR SIMILAR, SECOND LINE 'NICK WILLIAMS'; COULD BE ONE PERSON WITH FULL NAME OR NICKNAME; DNAME FILL: Cincinnati Public Schools (R45 corrected)",0.58
OH,Cincinnati Post,134750,1999,SCHOOL BOARD,,Cincinnati,OH,"NEWELL, FLORENCE",Nonpartisan,1,,,,CINCINNATI BOARD OF EDUCATION; DNAME FILL: Cincinnati Public Schools (R45 corrected),0.72
OH,Cincinnati Post,134750,1999,CITY COUNCIL,,Cincinnati,OH,"BOOTH, PAUL",Nonpartisan,1,,,,"NEW TO ENDORSED SLATE; ROW 1, POSITION 1; DNAME FILL: Cincinnati (R45 corrected)",0.82
OH,Cincinnati Post,134750,1999,CITY COUNCIL,,Cincinnati,OH,"BUCKLEY, TERESA",Nonpartisan,1,,,,"NEW TO ENDORSED SLATE; ROW 1, POSITION 2; FIRST NAME UNCERTAIN — COULD BE TERESA, TORESSA, OR SIMILAR; SURNAME BUCKLEY CLEAR; DNAME FILL: Cincinnati (R45 corrected)",0.62
OH,Cincinnati Post,134750,1999,CITY COUNCIL,,Cincinnati,OH,"DEWINE, PAT",Nonpartisan,1,,,,"NEW TO ENDORSED SLATE; SON OF SENATOR MIKE DEWINE (ENDORSED FOR LT GOVERNOR 1990, SENATOR 1994); LATER HAMILTON COUNTY COMMISSIONER AND OHIO SUPREME COURT JUSTICE; ROW 1, POSITION 3; DNAME FILL: Cincinnati (R45 corrected)",0.85
OH,Cincinnati Post,134750,1999,CITY COUNCIL,,Cincinnati,OH,"GOLDSMITH, DIANE",Nonpartisan,1,,,,"NEW TO ENDORSED SLATE; ROW 2, POSITION 1; FIRST NAME UNCERTAIN — COULD BE DIANE, DAVE, OR SIMILAR; DNAME FILL: Cincinnati (R45 corrected)",0.55
OH,Cincinnati Post,134750,1999,CITY COUNCIL,,Cincinnati,OH,"HEIMLICH, PHIL",Nonpartisan,1,,,,"NEW TO ENDORSED SLATE; ROW 2, POSITION 2; DNAME FILL: Cincinnati (R45 corrected)",0.85
OH,Cincinnati Post,134750,1999,CITY COUNCIL,,Cincinnati,OH,"LUKEN, CHARLIE",Nonpartisan,1,,,,"NEW TO COUNCIL ENDORSED SLATE; SON OF THOMAS A. LUKEN (ENDORSED FOR CONGRESS 1974-1990, COUNCIL 1993); CHARLIE LUKEN PREVIOUSLY SERVED IN CONGRESS OH-1 (1991-1993); LATER MAYOR OF CINCINNATI (2001-2005); ROW 2, POSITION 3; DNAME FILL: Cincinnati (R45 corrected)",0.88
OH,Cincinnati Post,134750,1999,CITY COUNCIL,,Cincinnati,OH,"PORTUNE, TODD",Nonpartisan,1,,,1,"INCUMBENT; ALSO ENDORSED 1995, 1997; 3RD CONSECUTIVE COUNCIL ENDORSEMENT; ONLY CONTINUING MEMBER FROM 1997 SLATE; LATER HAMILTON COUNTY COMMISSIONER; ROW 3, POSITION 1; DNAME FILL: Cincinnati (R45 corrected)",0.9
OH,Cincinnati Post,134750,1999,CITY COUNCIL,,Cincinnati,OH,"REECE, ALICIA",Nonpartisan,1,,,,"NEW TO ENDORSED SLATE; DIFFERENT FROM JOHN REECE (ENDORSED 1997); LATER STATE SENATOR AND HAMILTON COUNTY COMMISSIONER; ROW 3, POSITION 2; DNAME FILL: Cincinnati (R45 corrected)",0.85
OH,Cincinnati Post,134750,1999,CITY COUNCIL,,Cincinnati,OH,"TARBELL, JIM",Nonpartisan,1,,,,"NEW TO ENDORSED SLATE; ROW 3, POSITION 3; DNAME FILL: Cincinnati (R45 corrected)",0.82
OH,Cincinnati Post,134750,2000,PRESIDENT,,,OH,"BUSH, GEORGE W.",Republican,1,,,,"BUSH ENDORSED OVER GORE, NADER, BUCHANAN, BROWNE, HAGELIN; 6TH CONSECUTIVE REPUBLICAN PRESIDENTIAL ENDORSEMENT (REAGAN 1980/1984, BUSH 1988/1992, DOLE 1996, BUSH 2000)",0.9
OH,Cincinnati Post,134750,2000,SENATOR,,,OH,"DEWINE, MIKE",Republican,1,,1,,"INCUMBENT; ALSO ENDORSED FOR LT GOVERNOR 1990, SENATOR 1994; 3RD STATEWIDE ENDORSEMENT; OPPONENT TED CELESTE (D)",0.88
OH,Cincinnati Post,134750,2000,H,1,,OH,"CHABOT, STEVE",Republican,1,,1,,"INCUMBENT; ALSO ENDORSED 1985 (COUNCIL), 1988 (CONGRESS), 1990 (COMMISSIONER), 1994-1998 (CONGRESS); OPPONENT JOHN CRANLEY (D) — CRANLEY LATER MAYOR OF CINCINNATI (2013-2021)",0.88
OH,Cincinnati Post,134750,2000,H,2,,OH,"PORTMAN, ROB",Republican,1,,1,,INCUMBENT; ALSO ENDORSED 1994-1998; 4TH CONSECUTIVE CONGRESSIONAL ENDORSEMENT; OPPONENT CHARLES SANDERS (D),0.88
OH,Cincinnati Post,134750,2000,SUPREME COURT,,,OH,"COOK, DEBORAH",Republican,1,,1,,"INCUMBENT JUSTICE; CHALLENGED BY TIM BLACK (MUNICIPAL COURT JUDGE FROM CINCINNATI — PREVIOUSLY ENDORSED FOR MUNICIPAL COURT 1989, 1993); EDITORIAL NOTES UGLY CAMPAIGN",0.82
OH,Cincinnati Post,134750,2000,SUPREME COURT,,,OH,"O'DONNELL, TERRENCE",Republican,1,,,,CLEVELAND APPEALS COURT JUDGE; CHALLENGING INCUMBENT JUSTICE ALICE ROBIE RESNICK (D); EDITORIAL CONFIRMS THIS RACE,0.8
OH,Cincinnati Post,134750,2000,STATE SENATOR,8,,OH,"BLESSING, LOUIS",Republican,1,,1,,"PREVIOUSLY ENDORSED FOR STATE REP 1986-1996 (DISTRICTS 24/21); NOW RUNNING FOR STATE SENATE; OPPONENT SCOTT MANNING (D), STEPHEN SCHULTE (LIBERTARIAN)",0.78
OH,Cincinnati Post,134750,2000,STATE REP,30,,OH,"BRITTON, SAMUEL",Democrat,1,1,,,30TH DISTRICT; NAME UNCERTAIN; LISTED WITH (DEMOCRAT); ONE OPPONENT LISTED,0.48
OH,Cincinnati Post,134750,2000,STATE REP,31,,OH,"BARRETT, CATHERINE",Democrat,1,1,,,"31ST DISTRICT; OPPONENTS INCLUDE JOANNE KERSTETTER (R), MARVIN MADDER (LIBERTARIAN), MARY LYNNE SICKINGER (NATURAL LAW)",0.72
OH,Cincinnati Post,134750,2000,STATE REP,32,,OH,"COATES, WAYNE",Democrat,1,,,,32ND DISTRICT; NAME UNCERTAIN; OPPONENTS INCLUDE JIM RAUSSEN (R); LISTED WITH (DEMOCRAT),0.48
OH,Cincinnati Post,134750,2000,STATE REP,33,,OH,"COMBS, TOM",Republican,1,,,,33RD DISTRICT; NAME VERY UNCERTAIN; LISTED WITH (REPUBLICAN); OPPONENTS INCLUDE DEMOCRAT AND LIBERTARIAN CANDIDATES,0.42
OH,Cincinnati Post,134750,2000,STATE REP,34,,OH,"SEITZ, BILL",Republican,1,,,,34TH DISTRICT; LATER PROMINENT OHIO STATE SENATOR; LISTED WITH (REPUBLICAN),0.72
OH,Cincinnati Post,134750,2000,STATE REP,35,,OH,"CLANCY, PATRICIA",Republican,1,,1,,35TH DISTRICT; POSSIBLY RELATED TO CLANCY POLITICAL FAMILY (PATRICK M. CLANCY ENDORSED FOR 26TH DIST 1996); LISTED WITH (REPUBLICAN),0.68
OH,Cincinnati Post,134750,2000,STATE REP,36,,OH,"SCHNEIDER, MICHELLE",Republican,1,,,,36TH DISTRICT; LISTED WITH (REPUBLICAN),0.62
OH,Cincinnati Post,134750,2000,STATE REP,37,,OH,"MANN, LEE",Democrat,1,,,,37TH DISTRICT; ENDORSED OVER TOM BRINKMAN JR. (R) AND JIM DAVIDSON (NATURAL LAW); NAME AND ENDORSEMENT DIRECTION UNCERTAIN,0.45
OH,Cincinnati Post,134750,2000,CNTY COMM,,Hamilton,OH,"BEDINGHAUS, BOB",Republican,1,,1,,INCUMBENT; ALSO ENDORSED FOR CITY COUNCIL 1997 (AS ROBERT L. BEDINGHAUS); ENDORSED OVER TODD PORTUNE (D) — PORTUNE PREVIOUSLY ENDORSED FOR COUNCIL 1995-1999; EDITORIAL CONFIRMS THIS RACE; ALLIED WITH STADIUM PROJECT; DNAME FILL: Hamilton County (R45),0.85
OH,Cincinnati Post,134750,2000,CNTY COMM,,Hamilton,OH,"SMITH, JOHN",Republican,1,,,,"HAMILTON COUNTY COMMISSIONER; SECOND SEAT; NAME VERY UNCERTAIN — COULD BE JOHN SMITH, JOHN DOWLIN, OR DIFFERENT NAME ENTIRELY; DNAME FILL: Hamilton County (R45)",0.38
OH,Cincinnati Post,134750,2000,CNTY CLERK,,Hamilton,OH,"CISSELL, JAMES",Republican,1,,,,HAMILTON COUNTY CLERK OF COURTS; DNAME FILL: Hamilton County (R45),0.62
OH,Cincinnati Post,134750,2000,RECORDER,,Hamilton,OH,"PREM GROPPE, REBECCA",Republican,1,,,,COUNTY RECORDER; NAME UNUSUAL — PREM GROPPE APPEARS TO BE COMPOUND SURNAME; DNAME FILL: Hamilton County (R45),0.58
OH,Cincinnati Post,134750,2000,TREASURER,,Hamilton,OH,"GOERING, ROBERT",Republican,1,,1,,"INCUMBENT; ALSO ENDORSED 1992, 1996; 3RD CONSECUTIVE TREASURER ENDORSEMENT; DNAME FILL: Hamilton County (R45)",0.85
OH,Cincinnati Post,134750,2000,CORONER,,Hamilton,OH,"PARROTT, CARL",Republican,1,,,,COUNTY CORONER; DNAME FILL: Hamilton County (R45),0.58
OH,Cincinnati Post,134750,2001,MAYOR,,Cincinnati,OH,"LUKEN, CHARLIE",Nonpartisan,1,,,,"FIRST DIRECTLY-ELECTED MAYOR IN CINCINNATI IN 75 YEARS; PREVIOUSLY ENDORSED FOR CITY COUNCIL 1999; SON OF THOMAS A. LUKEN (ENDORSED FOR CONGRESS 1974-1990, COUNCIL 1993); PREVIOUSLY SERVED IN CONGRESS OH-1 (1991-1993); DNAME FILL: Cincinnati (R45 corrected)",0.92
OH,Cincinnati Post,134750,2001,CITY COUNCIL,,Cincinnati,OH,"CRANLEY, JOHN",Nonpartisan,1,,,,NEW TO COUNCIL SLATE; RAN FOR OH-1 CONGRESS IN 2000 AS DEMOCRAT AGAINST CHABOT (NOT ENDORSED THEN); LATER MAYOR OF CINCINNATI (2013-2021); ROW 1; DNAME FILL: Cincinnati (R45 corrected),0.88
OH,Cincinnati Post,134750,2001,CITY COUNCIL,,Cincinnati,OH,"CROWLEY, DAVID",Nonpartisan,1,,,,NEW TO ENDORSED SLATE; ROW 1; DNAME FILL: Cincinnati (R45 corrected),0.85
OH,Cincinnati Post,134750,2001,CITY COUNCIL,,Cincinnati,OH,"DEWINE, PAT",Nonpartisan,1,,,1,INCUMBENT; ALSO ENDORSED 1999; SON OF SENATOR MIKE DEWINE; ROW 1; DNAME FILL: Cincinnati (R45 corrected),0.88
OH,Cincinnati Post,134750,2001,CITY COUNCIL,,Cincinnati,OH,"JONES, TOM",Nonpartisan,1,,,,NEW TO ENDORSED SLATE; ROW 1; NAME PARTIALLY READABLE — COULD BE TOM JONES OR SIMILAR; DNAME FILL: Cincinnati (R45 corrected),0.72
OH,Cincinnati Post,134750,2001,CITY COUNCIL,,Cincinnati,OH,"PEPPER, DAVID",Nonpartisan,1,,,,NEW TO ENDORSED SLATE; LATER CHAIRMAN OF OHIO DEMOCRATIC PARTY (2019-2024); ROW 2; DNAME FILL: Cincinnati (R45 corrected),0.85
OH,Cincinnati Post,134750,2001,CITY COUNCIL,,Cincinnati,OH,"REECE, ALICIA",Nonpartisan,1,,,1,INCUMBENT; ALSO ENDORSED 1999; LATER STATE SENATOR AND HAMILTON COUNTY COMMISSIONER; ROW 2; DNAME FILL: Cincinnati (R45 corrected),0.88
OH,Cincinnati Post,134750,2001,CITY COUNCIL,,Cincinnati,OH,"TARBELL, JIM",Nonpartisan,1,,,1,INCUMBENT; ALSO ENDORSED 1999; ROW 2; DNAME FILL: Cincinnati (R45 corrected),0.85
OH,Cincinnati Post,134750,2001,CITY COUNCIL,,Cincinnati,OH,"WARD, TODD",Nonpartisan,1,,,,NEW TO ENDORSED SLATE; ROW 2; DNAME FILL: Cincinnati (R45 corrected),0.78
OH,Cincinnati Post,134750,2001,CITY COUNCIL,,Cincinnati,OH,"WILLIAMS, CLARENCE",Nonpartisan,1,,,,NEW TO ENDORSED SLATE; ROW 2; DNAME FILL: Cincinnati (R45 corrected),0.78
OH,Cincinnati Post,134750,2001,SCHOOL BOARD,,Cincinnati,OH,"BATES, MELANIE",Nonpartisan,1,,,,CINCINNATI BOARD OF EDUCATION; 4 OF 7 SEATS UP; 8 CANDIDATES RUNNING; 3 INCUMBENTS AMONG THE 8; DNAME FILL: Cincinnati Public Schools (R45 corrected),0.8
OH,Cincinnati Post,134750,2001,SCHOOL BOARD,,Cincinnati,OH,"INGRAM, CATHERINE",Nonpartisan,1,,,,CINCINNATI BOARD OF EDUCATION; DIFFERENT FROM CLARENCE INGRAM (ENDORSED 1997); MAY BE RELATED; DNAME FILL: Cincinnati Public Schools (R45 corrected),0.82
OH,Cincinnati Post,134750,2001,SCHOOL BOARD,,Cincinnati,OH,"RUSSELL, HARRIET",Nonpartisan,1,,,,CINCINNATI BOARD OF EDUCATION; DNAME FILL: Cincinnati Public Schools (R45 corrected),0.78
OH,Cincinnati Post,134750,2001,SCHOOL BOARD,,Cincinnati,OH,"WARNER, SALLY",Nonpartisan,1,,,,CINCINNATI BOARD OF EDUCATION; DNAME FILL: Cincinnati Public Schools (R45 corrected),0.78
OH,Cincinnati Post,134750,2001,JUDGE,,Hamilton,OH,"GRADY, KARLA",Nonpartisan,1,,,1,HAMILTON COUNTY MUNICIPAL COURT; DISTRICT 3; ALSO ENDORSED 1995; INCUMBENT; DNAME FILL: Hamilton County (R45),0.82
OH,Cincinnati Post,134750,2001,JUDGE,,Hamilton,OH,"COOPER, ELMA MARIE",Nonpartisan,1,,,,HAMILTON COUNTY MUNICIPAL COURT; DISTRICT 4; NAME PARTIALLY READABLE — FIRST NAME MAY BE ELMA OR ALMA; DNAME FILL: Hamilton County (R45),0.72
OH,Cincinnati Post,134750,2001,JUDGE,,Hamilton,OH,"GREEN KAMINE, DARLENE",Nonpartisan,1,,,,HAMILTON COUNTY MUNICIPAL COURT; DISTRICT 5; COMPOUND SURNAME GREEN KAMINE; DNAME FILL: Hamilton County (R45),0.68
OH,Cincinnati Post,134750,2001,JUDGE,,Hamilton,OH,"KENNEY, JAMES PATRICK",Nonpartisan,1,,,1,HAMILTON COUNTY MUNICIPAL COURT; DISTRICT 7; ALSO ENDORSED 1995; INCUMBENT; DNAME FILL: Hamilton County (R45),0.82
OH,Cincinnati Post,134750,2002,GOVERNOR,,,OH,"TAFT, BOB",Republican,1,,1,,INCUMBENT; ALSO ENDORSED 1998; OPPONENTS BOB HAGAN AND JOHN EASTMAN,0.88
OH,Cincinnati Post,134750,2002,ATTORNEY GENERAL,,,OH,"PETRO, JIM",Republican,1,,,,PREVIOUSLY ENDORSED FOR STATE AUDITOR 1998; NOW RUNNING FOR AG; OPPONENT LEIGH HERINGTON,0.78
OH,Cincinnati Post,134750,2002,AUDITOR,,,OH,"MONTGOMERY, BETTY",Republican,1,,,,PREVIOUSLY ENDORSED FOR AG 1998; NOW RUNNING FOR STATE AUDITOR; OPPONENT IRENE KAEGI SMITH OR SIMILAR,0.85
OH,Cincinnati Post,134750,2002,SEC OF STATE,,,OH,"BLACKWELL, J. KENNETH",Republican,1,,1,,INCUMBENT; ALSO ENDORSED 1998; OPPONENT BRIAN FLANNERY,0.78
OH,Cincinnati Post,134750,2002,TREASURER,,Hamilton,OH,"BRADLEY, JENNETTE",Republican,1,,,,STATE TREASURER; NAME UNCERTAIN — JENNETTE BRADLEY WAS THE 2002 R TREASURER CANDIDATE; FIRST AFRICAN AMERICAN WOMAN TO HOLD OHIO STATEWIDE OFFICE,0.85
OH,Cincinnati Post,134750,2002,SUPREME COURT,,,OH,"O'CONNOR, MAUREEN",Nonpartisan,1,,,,"JUSTICE, OHIO SUPREME COURT; FIRST OF TWO SEATS; NAME UNCERTAIN; LATER CHIEF JUSTICE",0.48
OH,Cincinnati Post,134750,2002,SUPREME COURT,,,OH,"STRATTON, EVELYN",Nonpartisan,1,,1,,"JUSTICE, OHIO SUPREME COURT; SECOND SEAT; ALSO ENDORSED 1998; INCUMBENT",0.48
OH,Cincinnati Post,134750,2002,H,1,,OH,"CHABOT, STEVE",Republican,1,,1,,INCUMBENT; ENDORSED CONTINUOUSLY SINCE 1994 FOR CONGRESS; OPPONENTS INCLUDE GREG HARRIS (D),0.88
OH,Cincinnati Post,134750,2002,H,2,,OH,"PORTMAN, ROB",Republican,1,,1,,INCUMBENT; ALSO ENDORSED 1994-2000; 5TH CONSECUTIVE CONGRESSIONAL ENDORSEMENT; OPPONENT CHARLES SANDERS,0.85
OH,Cincinnati Post,134750,2002,STATE SENATOR,,,OH,"NIEHAUS, TOM",Republican,1,,,,"OHIO SENATE; NAME VERY UNCERTAIN — COULD BE TOM NIEHAUS, TOM HACKETT, OR DIFFERENT NAME; ONLY ONE SENATE RACE VISIBLE",0.4
OH,Cincinnati Post,134750,2002,STATE REP,28,,OH,"RAUSSEN, JIM",Republican,1,,,,NAME FILL from 2002 OCR (R35); Wayne Coates D was opp,0.35
OH,Cincinnati Post,134750,2002,STATE REP,29,,OH,"CLANCY, PATRICIA",Republican,1,,1,,29TH DISTRICT; ALSO ENDORSED FOR 35TH DISTRICT 2000 (REDISTRICTED); OPPONENT CONNIE KENNEDY,0.72
OH,Cincinnati Post,134750,2002,STATE REP,30,,OH,"SEITZ, BILL",Republican,1,,,,NAME FILL from 2002 OCR (R35); Bob Klug was opp,0.35
OH,Cincinnati Post,134750,2002,STATE REP,31,,OH,"DRIEHAUS, STEVE",Democrat,1,,,,NAME FILL from 2002 OCR (R35); cross-party endorsement; Sheryl Ross R was opp,0.35
OH,Cincinnati Post,134750,2002,STATE REP,32,,OH,"BARRETT, CATHERINE",Democrat,1,1,,,32ND DISTRICT; ALSO ENDORSED FOR 31ST DISTRICT 2000 (REDISTRICTED); INCUMBENT,0.72
OH,Cincinnati Post,134750,2002,STATE REP,33,,OH,"HALL, QUINETTA SCOTT",,1,,,,33RD DISTRICT; NAME VERY UNCERTAIN,0.38
OH,Cincinnati Post,134750,2002,STATE REP,34,,OH,"BRINKMAN, TOM JR.",Republican,1,,,,34TH DISTRICT; NAME VISIBLE BUT ENDORSEMENT DIRECTION UNCERTAIN — BRINKMAN LISTED WITH ANOTHER CANDIDATE; ☑ POSITION HARD TO DETERMINE; BRINKMAN WAS CONSERVATIVE REPUBLICAN STATE REP,0.42
OH,Cincinnati Post,134750,2002,CNTY COMM,,Hamilton,OH,"HEIMLICH, PHIL",Republican,1,,,,HAMILTON COUNTY COMMISSIONER; PREVIOUSLY ENDORSED FOR CITY COUNCIL 1999; NAME UNCERTAIN — COULD BE PHIL HEIMLICH OR DIFFERENT NAME; DNAME FILL: Hamilton County (R45),0.48
OH,Cincinnati Post,134750,2002,JUDGE,,Hamilton,OH,"HENNEY, MARK",Nonpartisan,1,,,,"JUDGE, HAMILTON COUNTY COMMON PLEAS COURT; FIRST OF TWO SEATS; NAME VERY UNCERTAIN; DNAME FILL: Hamilton County (R45)",0.4
OH,Cincinnati Post,134750,2002,JUDGE,,Hamilton,OH,"WHITMAN, BRUCE",Nonpartisan,1,,,,"JUDGE, HAMILTON COUNTY COMMON PLEAS COURT; SECOND SEAT; NAME VERY UNCERTAIN; DNAME FILL: Hamilton County (R45)",0.4
OH,Cincinnati Post,134750,2003,CITY COUNCIL,,Cincinnati,OH,"CRANLEY, JOHN",Nonpartisan,1,,,1,INCUMBENT; ALSO ENDORSED 2001; LATER MAYOR OF CINCINNATI (2013-2021); ROW 1; DNAME FILL: Cincinnati (R45 corrected),0.9
OH,Cincinnati Post,134750,2003,CITY COUNCIL,,Cincinnati,OH,"CROWLEY, DAVID C.",Nonpartisan,1,,,1,INCUMBENT; ALSO ENDORSED 2001; MIDDLE INITIAL C. NOW VISIBLE; ROW 1; DNAME FILL: Cincinnati (R45 corrected),0.88
OH,Cincinnati Post,134750,2003,CITY COUNCIL,,Cincinnati,OH,"DEWINE, PAT",Nonpartisan,1,,,1,"INCUMBENT; ALSO ENDORSED 1999, 2001; 3RD CONSECUTIVE COUNCIL ENDORSEMENT; SON OF SENATOR MIKE DEWINE; ROW 1; DNAME FILL: Cincinnati (R45 corrected)",0.9
OH,Cincinnati Post,134750,2003,CITY COUNCIL,,Cincinnati,OH,"MONZEL, CHRIS",Nonpartisan,1,,,1,INCUMBENT; NEW TO POST ENDORSED SLATE (NOT ENDORSED 2001 BUT APPARENTLY WON SEAT); LATER HAMILTON COUNTY COMMISSIONER; ROW 1; DNAME FILL: Cincinnati (R45 corrected),0.85
OH,Cincinnati Post,134750,2003,CITY COUNCIL,,Cincinnati,OH,"PEPPER, DAVID",Nonpartisan,1,,,1,INCUMBENT; ALSO ENDORSED 2001; LATER CHAIRMAN OF OHIO DEMOCRATIC PARTY (2019-2024); ROW 1; DNAME FILL: Cincinnati (R45 corrected),0.88
OH,Cincinnati Post,134750,2003,CITY COUNCIL,,Cincinnati,OH,"REECE, ALICIA",Nonpartisan,1,,,1,"INCUMBENT; ALSO ENDORSED 1999, 2001; 3RD CONSECUTIVE COUNCIL ENDORSEMENT; LATER STATE SENATOR AND HAMILTON COUNTY COMMISSIONER; ROW 2; DNAME FILL: Cincinnati (R45 corrected)",0.88
OH,Cincinnati Post,134750,2003,CITY COUNCIL,,Cincinnati,OH,"SCHLAGETTER, JOHN F.",Nonpartisan,1,,,,NEW CHALLENGER; SOCIAL WORKER WHO LIVES IN EAST PRICE HILL (PER EDITORIAL); ROW 2; DNAME FILL: Cincinnati (R45 corrected),0.82
OH,Cincinnati Post,134750,2003,CITY COUNCIL,,Cincinnati,OH,"SMITHERMAN, CHRISTOPHER",Nonpartisan,1,,,,NEW CHALLENGER; FINANCIAL CONSULTANT WHO LIVES IN NORTH AVONDALE (PER EDITORIAL); LATER COUNCIL MEMBER AND VICE MAYOR; ROW 2; DNAME FILL: Cincinnati (R45 corrected),0.85
OH,Cincinnati Post,134750,2003,CITY COUNCIL,,Cincinnati,OH,"TARBELL, JIM",Nonpartisan,1,,,1,"INCUMBENT; ALSO ENDORSED 1999, 2001; 3RD CONSECUTIVE COUNCIL ENDORSEMENT; ROW 2; DNAME FILL: Cincinnati (R45 corrected)",0.88
OH,Cincinnati Post,134750,2003,SCHOOL BOARD,,Cincinnati,OH,"GILLIGAN, JOHN J.",Nonpartisan,1,,,1,INCUMBENT SCHOOL BOARD MEMBER; FORMER GOVERNOR OF OHIO (1971-1975); EXTRAORDINARY LATE-CAREER CIVIC SERVICE; EDITORIAL CONFIRMS IDENTITY; DNAME FILL: Cincinnati Public Schools (R45 corrected),0.88
OH,Cincinnati Post,134750,2003,SCHOOL BOARD,,Cincinnati,OH,"KILLINS, ROBERT JR.",Nonpartisan,1,,,,NEWCOMER; EXECUTIVE WITH PROCTER & GAMBLE CO. (PER EDITORIAL); 3 OF 6 CANDIDATES TO BE ELECTED; DNAME FILL: Cincinnati Public Schools (R45 corrected),0.82
OH,Cincinnati Post,134750,2003,SCHOOL BOARD,,Cincinnati,OH,"WILLIAMS, RICK",Nonpartisan,1,,,,COMMUNITY PLANNER AND PRESIDENT OF HOME OWNERSHIP CENTER OF GREATER CINCINNATI (PER EDITORIAL); 3 OF 6 CANDIDATES TO BE ELECTED; DNAME FILL: Cincinnati Public Schools (R45 corrected),0.82
OH,Cincinnati Post,134750,2004,PRESIDENT,,,OH,"BUSH, GEORGE W.",Republican,1,,1,,"INCUMBENT; 7TH CONSECUTIVE REPUBLICAN PRESIDENTIAL ENDORSEMENT (REAGAN 80/84, BUSH 88/92, DOLE 96, BUSH 00/04); OPPONENT JOHN KERRY",0.95
OH,Cincinnati Post,134750,2004,SENATOR,,,OH,"VOINOVICH, GEORGE",Republican,1,,1,,"INCUMBENT; ALSO ENDORSED 1988 (SENATE LOSS), 1990/1994 (GOVERNOR), 1998/2000 (SENATE); OPPONENT ERIC FINGERHUT",0.95
OH,Cincinnati Post,134750,2004,H,1,,OH,"CHABOT, STEVE",Republican,1,,1,,INCUMBENT; ENDORSED CONTINUOUSLY FOR CONGRESS SINCE 1994; 6TH CONSECUTIVE CONGRESSIONAL ENDORSEMENT; OPPONENT GREG HARRIS,0.95
OH,Cincinnati Post,134750,2004,H,2,,OH,"PORTMAN, ROB",Republican,1,,1,,INCUMBENT; ALSO ENDORSED 1994-2002; 6TH CONSECUTIVE CONGRESSIONAL ENDORSEMENT; OPPONENT CHARLES SANDERS; PORTMAN'S LAST RACE BEFORE BECOMING US TRADE REP (2005),0.95
OH,Cincinnati Post,134750,2004,SUPREME COURT,CHIEF JUSTICE,,OH,"MOYER, TOM",Nonpartisan,1,,,1,INCUMBENT CHIEF JUSTICE; ALSO ENDORSED 1998; OPPONENT C. ELLEN CONNALLY,0.95
OH,Cincinnati Post,134750,2004,SUPREME COURT,,,OH,"LANZINGER, JUDITH",Nonpartisan,1,,,,"JUSTICE, OHIO SUPREME COURT; FIRST SEAT; OPPONENT NANCY FUERST",0.92
OH,Cincinnati Post,134750,2004,SUPREME COURT,,,OH,"PFEIFER, PAUL",Nonpartisan,1,,,1,"JUSTICE, OHIO SUPREME COURT; UNOPPOSED; ALSO ENDORSED 1998; INCUMBENT",0.95
OH,Cincinnati Post,134750,2004,SUPREME COURT,,,OH,"O'DONNELL, TERRENCE",Nonpartisan,1,,,1,"JUSTICE, OHIO SUPREME COURT; ALSO ENDORSED 2000; INCUMBENT; OPPONENT WILLIAM O'NEILL",0.95
OH,Cincinnati Post,134750,2004,CNTY COMM,,Hamilton,OH,"PORTUNE, TODD",Democrat,1,,,,CROSS-YEAR PARTY FILL; HAMILTON COUNTY COMMISSIONER; PREVIOUSLY ENDORSED FOR CITY COUNCIL 1995-1999; NOT ENDORSED FOR COMMISSIONER IN 2000 (BEDINGHAUS ENDORSED OVER HIM); NOW ENDORSED; OPPONENT DAVID GROSSMANN; DNAME FILL: Hamilton County (R45),0.95
OH,Cincinnati Post,134750,2004,CNTY COMM,,Hamilton,OH,"DEWINE, PAT",,1,,,,HAMILTON COUNTY COMMISSIONER; PREVIOUSLY ENDORSED FOR CITY COUNCIL 1999-2003; MOVING FROM COUNCIL TO COMMISSIONER; SON OF SENATOR MIKE DEWINE; OPPONENT EVE BOLTON; DNAME FILL: Hamilton County (R45),0.95
OH,Cincinnati Post,134750,2004,JUDGE,,Hamilton,OH,"RUCKER, FANON",Nonpartisan,1,,,,"PROSECUTING ATTORNEY; ENDORSED AS WRITE-IN CANDIDATE OVER JOE DETERS (DETERS PREVIOUSLY ENDORSED FOR STATE TREASURER 1998); DNAME FILL: Hamilton County (R45); OFFICE FIX from 2004 OCR (R80): Rucker was judicial candidate, not prosecutor",0.92
OH,Cincinnati Post,134750,2004,RECORDER,,Hamilton,OH,"BRINKER, STEVE",,1,,,,COUNTY RECORDER; ENDORSED OVER REBECCA PREM GROPPE (WHO WAS ENDORSED FOR RECORDER IN 2000); DNAME FILL: Hamilton County (R45),0.92
OH,Cincinnati Post,134750,2004,TREASURER,,Hamilton,OH,"GOERING, ROBERT",Republican,1,,1,1,"INCUMBENT; ALSO ENDORSED 1992, 1996, 2000; 4TH CONSECUTIVE TREASURER ENDORSEMENT; OPPONENT BOB DRAKE; DNAME FILL: Hamilton County (R45)",0.95
OH,Cincinnati Post,134750,2004,CORONER,,Hamilton,OH,"PARROTT, CARL",Republican,1,,1,1,CROSS-YEAR PARTY FILL; INCUMBENT; ALSO ENDORSED 2000; OPPONENT O'DELL OWENS; DNAME FILL: Hamilton County (R45),0.95
OH,Cincinnati Post,134750,2004,CNTY CLERK,,Hamilton,OH,"HARTMANN, GREG",,1,,,,CLERK OF COURTS; OPPONENT MARTHA GOOD; DNAME FILL: Hamilton County (R45),0.92
OH,Cincinnati Post,134750,2005,MAYOR,,Cincinnati,OH,"PEPPER, DAVID",Nonpartisan,1,,,,"PREVIOUSLY ENDORSED FOR CITY COUNCIL 2001, 2003; LATER CHAIRMAN OF OHIO DEMOCRATIC PARTY; OPPONENT MARK MALLORY (SON OF WILLIAM L. MALLORY, STATE REP 1968-1992); MALLORY WON AND BECAME FIRST DIRECTLY-ELECTED BLACK MAYOR; DNAME FILL: Cincinnati (R45 corrected)",0.95
OH,Cincinnati Post,134750,2005,SCHOOL BOARD,,Cincinnati,OH,"CRANLEY, SUSAN",Nonpartisan,1,,,,CINCINNATI BOARD OF EDUCATION; POSSIBLY RELATED TO JOHN CRANLEY (COUNCIL MEMBER); DNAME FILL: Cincinnati Public Schools (R45 corrected),0.92
OH,Cincinnati Post,134750,2005,SCHOOL BOARD,,Cincinnati,OH,"HAASE, WILLIAM",Nonpartisan,1,,,,CINCINNATI BOARD OF EDUCATION; DNAME FILL: Cincinnati Public Schools (R45 corrected),0.92
OH,Cincinnati Post,134750,2005,SCHOOL BOARD,,Cincinnati,OH,"INGRAM, CATHERINE",Nonpartisan,1,,,1,CINCINNATI BOARD OF EDUCATION; INCUMBENT; ALSO ENDORSED 2001; DNAME FILL: Cincinnati Public Schools (R45 corrected),0.92
OH,Cincinnati Post,134750,2005,SCHOOL BOARD,,Cincinnati,OH,"REED, EILEEN COOPER",Nonpartisan,1,,,,CINCINNATI BOARD OF EDUCATION; DNAME FILL: Cincinnati Public Schools (R45 corrected),0.92
OH,Cincinnati Post,134750,2005,JUDGE,,Hamilton,OH,"GRANT, CHERYL",Nonpartisan,1,,,,HAMILTON COUNTY MUNICIPAL COURT; DISTRICT 2; OPPONENT ROSALIND FLOREZ; DNAME FILL: Hamilton County (R45),0.92
OH,Cincinnati Post,134750,2005,JUDGE,,Hamilton,OH,"STOCKDALE, DAVID",Nonpartisan,1,,,,HAMILTON COUNTY MUNICIPAL COURT; DISTRICT 3 FULL TERM; ALSO ENDORSED 1995; RETURNS AFTER 10 YEARS; OPPONENT FANON RUCKER (ENDORSED AS WRITE-IN PROSECUTOR 2004); DNAME FILL: Hamilton County (R45),0.92
OH,Cincinnati Post,134750,2005,JUDGE,,Hamilton,OH,"COES, KENDAL",Nonpartisan,1,,,,"HAMILTON COUNTY MUNICIPAL COURT; DISTRICT 3 UNEXPIRED TERM; OPPONENT TED BERRY (GRANDSON OF THEODORE BERRY, FIRST BLACK MAYOR); DNAME FILL: Hamilton County (R45)",0.92
OH,Cincinnati Post,134750,2005,JUDGE,,Hamilton,OH,"MOCK, RUSSELL",Nonpartisan,1,,,,HAMILTON COUNTY MUNICIPAL COURT; DISTRICT 4 FULL TERM; UNCONTESTED IN ENDORSEMENT (NO OPPONENT LISTED); DNAME FILL: Hamilton County (R45),0.92
OH,Cincinnati Post,134750,2005,JUDGE,,Hamilton,OH,"STAUTBERG, JULIE",Nonpartisan,1,,,,HAMILTON COUNTY MUNICIPAL COURT; DISTRICT 4 UNEXPIRED TERM; OPPONENT JERRY METZ; DNAME FILL: Hamilton County (R45),0.92
OH,Cincinnati Post,134750,2005,JUDGE,,Hamilton,OH,"ALLEN, LISA",Nonpartisan,1,,,,HAMILTON COUNTY MUNICIPAL COURT; DISTRICT 7; OPPONENT JONATHAN DAMERON; DNAME FILL: Hamilton County (R45),0.92
OH,Cincinnati Post,134750,2007,GOVERNOR,,,KY,"BESHEAR, STEVE",Democrat,1,,,,"KENTUCKY GOVERNOR; DEMOCRAT WHO DEFEATED INCUMBENT REPUBLICAN ERNIE FLETCHER; EDITORIAL STATES 'THE POST'S EDITORIAL BOARD HAS ENDORSED BESHEAR, AS HAS EVERY OTHER MAJOR NEWSPAPER IN THE COMMONWEALTH'; BESHEAR DESCRIBED AS HAVING 'BI-PARTISAN APPROACH' AND 'CLEAR AND PRAGMATIC SENSE OF WHERE HE WANTS TO TAKE KENTUCKY'; CROSS-STATE ENDORSEMENT FROM OHIO NEWSPAPER COVERING TRI-STATE AREA",0.9
OH,Cincinnati Post,134750,2007,JUDGE,KENTON CIRCUIT,,KY,"SHEEHAN, MARTIN",Nonpartisan,1,,,,"KENTON CIRCUIT COURT; NORTHERN KENTUCKY; OPEN SEAT; THREE-WAY RACE; ENDORSED OVER ZALLA AND ANN BARTLET; EDITORIAL STATES 'SHEEHAN, IN OUR VIEW, IS THE BEST CHOICE'; SHEEHAN IS A DISTRICT COURT JUDGE",0.85
OH,Cincinnati Post,134750,1990,H,2,,OH,"YATES, TYRONE K.",Democrat,0,,,,Opposed for U.S. House OH-2,0.95
OH,Cincinnati Post,134750,1990,CNTY COMM,,Hamilton,OH,"MIRLISENA, JOHN",Democrat,1,,,,"Endorsed for Hamilton County commissioner, unexpired term ending 1/1/93; DNAME FILL: Hamilton County (R45)",0.95
OH,Cincinnati Post,134750,1990,CNTY COMM,,Hamilton,OH,"BECKWITH, SANDRA S.",Republican,1,,1,,"Endorsed for Hamilton County commissioner, term commencing 1/1/91; DNAME FILL: Hamilton County (R45)",0.95
OH,Cincinnati Post,134750,1990,CNTY COMM,,Hamilton,OH,"REBOLD, PETER M.",Democrat,0,,,,"Opposed for Hamilton County commissioner, term commencing 1/1/91; DNAME FILL: Hamilton County (R45)",0.95
OH,Cincinnati Post,134750,1990,JUDGE,,Hamilton,OH,"MORRISEY, WILLIAM J., JR.",Nonpartisan,0,,,,"Opposed for Court of Common Pleas, term commencing 1/1/91; DNAME FILL: Hamilton County (R45)",0.93
OH,Cincinnati Post,134750,1990,JUDGE,,Hamilton,OH,"KENNEY, JAMES PATRICK",Nonpartisan,0,,,,"Opposed for Court of Common Pleas, term commencing 2/10/91; DNAME FILL: Hamilton County (R45)",0.93
OH,Cincinnati Post,134750,1990,JUDGE,,Hamilton,OH,"PECK, DAVID W.",Nonpartisan,0,,,,"Opposed for Court of Common Pleas, term commencing 2/12/91; DNAME FILL: Hamilton County (R45)",0.93
OH,Cincinnati Post,134750,1990,JUDGE,,Hamilton,OH,"WILKE, WAYNE F.",Nonpartisan,1,,,,"Endorsed for Probate Court, term commencing 2/9/91; DNAME FILL: Hamilton County (R45)",0.93
OH,Cincinnati Post,134750,1990,JUDGE,,Hamilton,OH,"BOYD, DAVID J.",Nonpartisan,0,,,,"Opposed for Probate Court, term commencing 2/9/91; DNAME FILL: Hamilton County (R45)",0.93
OH,Cincinnati Post,134750,1990,JUDGE,,Hamilton,OH,"GAINES, DEBORAH K.",Nonpartisan,1,,,,"Endorsed for Domestic Relations Court, unexpired term ending 1/15/93 (unopposed indicated); DNAME FILL: Hamilton County (R45)",0.9
OH,Cincinnati Post,134750,1990,COURT OF APPEALS,1,,OH,"HILDEBRANT, LEE H.",Nonpartisan,0,,,,"Opposed for Court of Appeals, 1st District",0.93
OH,Cincinnati Post,134750,1992,VICE PRESIDENT,,,OH,"QUAYLE, DAN",Republican,1,,1,,Endorsed for VP on Bush ticket; incumbent,0.98
OH,Cincinnati Post,134750,1992,PRESIDENT,,,OH,"CLINTON, BILL",Democrat,0,,,,Not endorsed for President,0.97
OH,Cincinnati Post,134750,1992,VICE PRESIDENT,,,OH,"GORE, AL",Democrat,0,,,,Not endorsed for VP on Clinton ticket,0.97
OH,Cincinnati Post,134750,1992,PRESIDENT,,,OH,"PEROT, ROSS",Independent,0,,,,Not endorsed for President,0.97
OH,Cincinnati Post,134750,1992,VICE PRESIDENT,,,OH,"STOCKDALE, JAMES",Independent,0,,,,Not endorsed for VP on Perot ticket,0.97
OH,Cincinnati Post,134750,1992,SENATOR,,,OH,"DEWINE, MICHAEL",Republican,0,,,,Opposed for U.S. Senate,0.97
OH,Cincinnati Post,134750,1992,H,1,,OH,"GROTE, STEVE",Republican,0,,,,Opposed for U.S. House OH-1,0.93
OH,Cincinnati Post,134750,1992,H,1,,OH,"BERNS, JIM",Independent,0,,,,Opposed for U.S. House OH-1; third-party/Libertarian,0.9
OH,Cincinnati Post,134750,1992,H,2,,OH,"CHANDLER, THOMAS",Democrat,0,,,,Opposed for U.S. House OH-2,0.95
OH,Cincinnati Post,134750,1992,H,6,,OH,"MCEWEN, BOB",Republican,0,,1,,Opposed for U.S. House OH-6; incumbent Republican,0.95
OH,Cincinnati Post,134750,1992,H,8,,OH,"SENNET, FRED",Democrat,0,,,,Opposed for U.S. House OH-8,0.93
OH,Cincinnati Post,134750,1992,STATE SENATOR,8,,OH,"PORTUNE, TODD",Democrat,0,,,,Opposed for Ohio Senate 8th District,0.93
OH,Cincinnati Post,134750,1992,STATE REP,30,,OH,"RANKIN, HELEN",Democrat,1,,,,Endorsed for Ohio House 30th District,0.93
OH,Cincinnati Post,134750,1992,STATE REP,30,,OH,"CARNEY, STEPHEN",Republican,0,,,,Opposed for Ohio House 30th District,0.9
OH,Cincinnati Post,134750,1992,STATE REP,31,,OH,"MALLORY, WILLIAM L.",Democrat,1,,,,Endorsed for Ohio House 31st District,0.93
OH,Cincinnati Post,134750,1992,STATE REP,31,,OH,"WALKER, SHANNON A.",Republican,0,,,,Opposed for Ohio House 31st District,0.9
OH,Cincinnati Post,134750,1992,STATE REP,32,,OH,"VAN VYVEN, DALE L.",Republican,1,,,,Endorsed for Ohio House 32nd District,0.93
OH,Cincinnati Post,134750,1992,STATE REP,32,,OH,"TRANTER, TERRY M.",Democrat,0,,,,Opposed for Ohio House 32nd District,0.9
OH,Cincinnati Post,134750,1992,STATE REP,33,,OH,"LUEBBERS, JEROME F.",Democrat,1,,,,Endorsed for Ohio House 33rd District,0.93
OH,Cincinnati Post,134750,1992,STATE REP,33,,OH,"BEDINGHAUS, ROBERT A.",Republican,0,,,,Opposed for Ohio House 33rd District,0.9
OH,Cincinnati Post,134750,1992,STATE REP,34,,OH,"WINKLER, CHERYL J.",Republican,1,,,,Endorsed for Ohio House 34th District,0.93
OH,Cincinnati Post,134750,1992,STATE REP,34,,OH,"ANDERSON, THOMAS E.",Democrat,0,,,,Opposed for Ohio House 34th District,0.9
OH,Cincinnati Post,134750,1992,STATE REP,35,,OH,"BLESSING, LOUIS, JR.",Republican,1,,,,Endorsed for Ohio House 35th District; unopposed,0.95
OH,Cincinnati Post,134750,1992,STATE REP,36,,OH,"SCHULER, ROBERT L.",Republican,1,,,,Endorsed for Ohio House 36th District,0.93
OH,Cincinnati Post,134750,1992,STATE REP,36,,OH,"STIDHAM, CHUCK R.",Democrat,0,,,,Opposed for Ohio House 36th District,0.9
OH,Cincinnati Post,134750,1992,STATE REP,37,,OH,"O'BRIEN, JACQUELYN K.",Republican,1,,,,Endorsed for Ohio House 37th District,0.93
OH,Cincinnati Post,134750,1992,STATE REP,37,,OH,"JOHNSON, DONALD L.",Democrat,0,,,,Opposed for Ohio House 37th District,0.9
OH,Cincinnati Post,134750,1992,SUPREME COURT,,,OH,"MOYER, THOMAS",Nonpartisan,0,,,,Opposed for Ohio Supreme Court Chief Justice; incumbent,0.92
OH,Cincinnati Post,134750,1992,SUPREME COURT,,,OH,"HAFFEY, J. ROSS",Nonpartisan,0,,,,Opposed for Ohio Supreme Court Chief Justice,0.92
OH,Cincinnati Post,134750,1992,SUPREME COURT,,,OH,"SWEENEY, FRANCIS E.",Nonpartisan,0,,,,"Opposed for Ohio Supreme Court justice, term beginning 1/1/93",0.92
OH,Cincinnati Post,134750,1992,SUPREME COURT,,,OH,"PFEIFER, PAUL E.",Nonpartisan,1,,,,"Endorsed for Ohio Supreme Court justice, term beginning 1/2/93",0.93
OH,Cincinnati Post,134750,1992,SUPREME COURT,,,OH,"PATTON, JOHN T.",Nonpartisan,0,,,,"Opposed for Ohio Supreme Court justice, term beginning 1/2/93",0.92
OH,Cincinnati Post,134750,1992,COURT OF APPEALS,1,,OH,"UTZ, EUGENE",Nonpartisan,0,,,,"Opposed for Court of Appeals 1st District, term beginning 2/9/93",0.92
OH,Cincinnati Post,134750,1992,JUDGE,,Hamilton,OH,"NAMEI, F.T.",Nonpartisan,0,,,,"Opposed for Hamilton County Court of Common Pleas, term beginning 1/4/93; DNAME FILL: Hamilton County (R45)",0.92
OH,Cincinnati Post,134750,1992,CNTY COMM,,Hamilton,OH,"SYKES, JOE",Independent,1,,,,"Endorsed for Hamilton County Commissioner, term begins 1/2/93; DNAME FILL: Hamilton County (R45)",0.9
OH,Cincinnati Post,134750,1992,CNTY COMM,,Hamilton,OH,"MIRLISENA, JOHN",Democrat,0,1,,,"Opposed for Hamilton County Commissioner, term begins 1/2/93; DNAME FILL: Hamilton County (R45)",0.9
OH,Cincinnati Post,134750,1992,CNTY COMM,,Hamilton,OH,"STRAUSS, PETER",Democrat,1,,,,"Endorsed for Hamilton County Commissioner, term beginning 1/3/93; DNAME FILL: Hamilton County (R45)",0.9
OH,Cincinnati Post,134750,1992,CNTY COMM,,Hamilton,OH,"MAGNESS, NANCY",Democrat,0,,,,"Opposed for Hamilton County Commissioner, term ending 12/31/94; DNAME FILL: Hamilton County (R45)",0.9
OH,Cincinnati Post,134750,1992,CNTY CLERK,,Hamilton,OH,"CISSELL, JAMES C.",Democrat,1,,,,Endorsed for Hamilton County Clerk of Courts; DNAME FILL: Hamilton County (R45),0.93
OH,Cincinnati Post,134750,1992,DA/PROSECUTOR,,Hamilton,OH,"GUTZWILLER, ROBERT",Democrat,0,,,,Opposed for Hamilton County Prosecutor; DNAME FILL: Hamilton County (R45),0.9
OH,Cincinnati Post,134750,1992,SHERIFF,,Hamilton,OH,"PIPER, GEORGE W., SR.",Democrat,0,,,,Opposed for Hamilton County Sheriff; DNAME FILL: Hamilton County (R45),0.9
OH,Cincinnati Post,134750,1992,TREASURER,,Hamilton,OH,"FELLERHOFF, SALLY",Democrat,0,,,,Opposed for Hamilton County Treasurer; DNAME FILL: Hamilton County (R45),0.9
OH,Cincinnati Post,134750,1992,RECORDER,,Hamilton,OH,"WOOD, ROBERT A.",Republican,0,,,,Opposed for Hamilton County Recorder; DNAME FILL: Hamilton County (R45),0.9
OH,Cincinnati Post,134750,1992,COUNTY ENGINEER,,Hamilton,OH,"BRAYSHAW, WILLIAM W.",Republican,1,,,,Endorsed for Hamilton County Engineer; DNAME FILL: Hamilton County (R45),0.85
OH,Cincinnati Post,134750,1992,CORONER,,Hamilton,OH,"CHEEK, RONALD C.",Republican,0,,,,"Opposed for Hamilton County Coroner, M.D.; DNAME FILL: Hamilton County (R45)",0.9
OH,Cincinnati Post,134750,1992,SCHOOL BOARD,4,Cincinnati,OH,"PRICE, EDWIN TED",Nonpartisan,1,,,,"Endorsed for State Board of Education, 4th District; DNAME FILL: Cincinnati Public Schools (R45 corrected)",0.93
OH,Cincinnati Post,134750,1992,SCHOOL BOARD,4,Cincinnati,OH,"HAHN, JUDI",Nonpartisan,0,,,,"Opposed for State Board of Education, 4th District; DNAME FILL: Cincinnati Public Schools (R45 corrected)",0.9
OH,Cincinnati Post,134750,1992,SCHOOL BOARD,4,Cincinnati,OH,"HUBBELL, FRED",Nonpartisan,0,,,,"Opposed for State Board of Education, 4th District; DNAME FILL: Cincinnati Public Schools (R45 corrected)",0.9
OH,Cincinnati Post,134750,1976,PRESIDENT,,,OH,"CARTER, JIMMY",Democrat,0,,,,"PATTERN A from notes on FORD, GERALD (ROUND 1)",0.9
OH,Cincinnati Post,134750,1978,GOVERNOR,,,OH,"CELESTE, RICHARD F",Democrat,0,,,,"PATTERN A from notes on RHODES, JAMES A. (ROUND 1)",0.9
OH,Cincinnati Post,134750,1978,LT GOVERNOR,,,OH,"DORNAN, MICHAEL J",Democrat,0,,,,"PATTERN A from notes on VOINOVICH, GEORGE V. (ROUND 1)",0.9
OH,Cincinnati Post,134750,1980,SENATOR,,,OH,"BETTS, JAMES E",Republican,0,,,,"PATTERN A from notes on GLENN, JOHN (ROUND 1)",0.9
OH,Cincinnati Post,134750,1982,GOVERNOR,,,OH,"BROWN, CLARENCE J",Republican,0,,,,"PATTERN A from notes on CELESTE, RICHARD F. (ROUND 1)",0.9
OH,Cincinnati Post,134750,1986,SEC OF STATE,,,OH,"BROWN, SHERROD",Democrat,0,1,,,"PATTERN A from notes on CAMPANELLA, VINCENT (ROUND 1)",0.9
OH,Cincinnati Post,134750,1990,ATTORNEY GENERAL,,,OH,"FISHER, LEE",Democrat,0,,,,"PATTERN A from notes on PFEIFER, PAUL E. (ROUND 1)",0.9
OH,Cincinnati Post,134750,1990,AUDITOR,,,OH,"FERGUSON, THOMAS E",Democrat,0,,,,"PATTERN A from notes on PETRO, JAMES M. (ROUND 1)",0.9
OH,Cincinnati Post,134750,1990,CNTY COMM,,Hamilton,OH,"RYDOLT, PETER M",Democrat,0,,,,"PATTERN A from notes on BECKWITH, NORMA S. (ROUND 1); DNAME FILL: Hamilton County (R45)",0.9
OH,Cincinnati Post,134750,1994,SENATOR,,,OH,"HYATT, JOEL",Democrat,0,,,,"PATTERN A from notes on DEWINE, MIKE (ROUND 1)",0.9
OH,Cincinnati Post,134750,2000,STATE REP,37,,OH,"BRINKMAN, TOM JR.",Republican,0,,,,"PATTERN A from notes on MANN, LEE (ROUND 1)",0.9
OH,Cincinnati Post,134750,2000,CNTY COMM,,Hamilton,OH,"PORTUNE, TODD",Democrat,0,,,,"PATTERN A from notes on BEDINGHAUS, BOB (ROUND 1); DNAME FILL: Hamilton County (R45)",0.9
OH,Cincinnati Post,134750,1952,PRESIDENT,,,OH,"STEVENSON, ADLAI E.",Democrat,0,,,,PATTERN A - PAPER ENDORSED IKE R (ROUND 2),0.9
OH,Cincinnati Post,134750,1956,PRESIDENT,,,OH,"STEVENSON, ADLAI E.",Democrat,0,,,,PATTERN A - PAPER ENDORSED IKE R inc (ROUND 2),0.9
OH,Cincinnati Post,134750,1960,PRESIDENT,,,OH,"KENNEDY, JOHN F.",Democrat,0,,,,PATTERN A - PAPER ENDORSED NIXON R (ROUND 2),0.9
OH,Cincinnati Post,134750,1964,PRESIDENT,,,OH,"GOLDWATER, BARRY M.",Republican,0,,,,PATTERN A - PAPER ENDORSED LBJ D (Post crossed party for LBJ; ROUND 2),0.9
OH,Cincinnati Post,134750,1968,PRESIDENT,,,OH,"HUMPHREY, HUBERT H.",Democrat,0,,,,PATTERN A - PAPER ENDORSED NIXON R (ROUND 2),0.9
OH,Cincinnati Post,134750,1968,PRESIDENT,,,OH,"WALLACE, GEORGE C.",American Independent,0,,,,PATTERN A 3-way 1968 race (ROUND 2),0.85
OH,Cincinnati Post,134750,1972,PRESIDENT,,,OH,"MCGOVERN, GEORGE",Democrat,0,,,,PATTERN A - PAPER ENDORSED NIXON R inc (ROUND 2),0.9
OH,Cincinnati Post,134750,1980,PRESIDENT,,,OH,"CARTER, JIMMY",Democrat,0,1,,,PATTERN A - PAPER ENDORSED REAGAN R (Carter D inc; ROUND 2),0.9
OH,Cincinnati Post,134750,1984,PRESIDENT,,,OH,"MONDALE, WALTER F.",Democrat,0,,,,PATTERN A - PAPER ENDORSED REAGAN R inc (ROUND 2),0.9
OH,Cincinnati Post,134750,1988,PRESIDENT,,,OH,"DUKAKIS, MICHAEL S.",Democrat,0,,,,PATTERN A - PAPER ENDORSED BUSH R (ROUND 2),0.9
OH,Cincinnati Post,134750,1996,PRESIDENT,,,OH,"CLINTON, BILL",Democrat,0,1,,,PATTERN A - PAPER ENDORSED DOLE R (Clinton D inc; ROUND 2),0.9
OH,Cincinnati Post,134750,2000,PRESIDENT,,,OH,"GORE, AL",Democrat,0,,,,PATTERN A - PAPER ENDORSED BUSH R (ROUND 2),0.9
OH,Cincinnati Post,134750,2004,PRESIDENT,,,OH,"KERRY, JOHN",Democrat,0,,,,PATTERN A - PAPER ENDORSED BUSH R inc (ROUND 2),0.9
OH,Cincinnati Post,134750,1952,VICE PRESIDENT,,,OH,"NIXON, RICHARD M.",Republican,1,,,,PAPER ENDORSED IKE/NIXON R (ROUND 2),0.9
OH,Cincinnati Post,134750,1952,VICE PRESIDENT,,,OH,"SPARKMAN, JOHN",Democrat,0,,,,PATTERN A - PAPER ENDORSED IKE R (ROUND 2),0.9
OH,Cincinnati Post,134750,1956,VICE PRESIDENT,,,OH,"NIXON, RICHARD M.",Republican,1,,1,,PAPER ENDORSED IKE/NIXON R inc (ROUND 2),0.9
OH,Cincinnati Post,134750,1956,VICE PRESIDENT,,,OH,"KEFAUVER, ESTES",Democrat,0,,,,PATTERN A - PAPER ENDORSED IKE R inc (ROUND 2),0.9
OH,Cincinnati Post,134750,1960,VICE PRESIDENT,,,OH,"JOHNSON, LYNDON B.",Democrat,0,,,,PATTERN A - PAPER ENDORSED LODGE R (ROUND 2),0.9
OH,Cincinnati Post,134750,1964,VICE PRESIDENT,,,OH,"HUMPHREY, HUBERT H.",Democrat,1,,,,PAPER ENDORSED LBJ/HUMPHREY D (ROUND 2),0.9
OH,Cincinnati Post,134750,1964,VICE PRESIDENT,,,OH,"MILLER, WILLIAM E.",Republican,0,,,,PATTERN A - PAPER ENDORSED LBJ D (ROUND 2),0.9
OH,Cincinnati Post,134750,1968,VICE PRESIDENT,,,OH,"AGNEW, SPIRO T.",Republican,1,,,,PAPER ENDORSED NIXON/AGNEW R (ROUND 2),0.9
OH,Cincinnati Post,134750,1968,VICE PRESIDENT,,,OH,"MUSKIE, EDMUND S.",Democrat,0,,,,PATTERN A - PAPER ENDORSED NIXON R (ROUND 2),0.9
OH,Cincinnati Post,134750,1972,VICE PRESIDENT,,,OH,"AGNEW, SPIRO T.",Republican,1,,1,,PAPER ENDORSED NIXON/AGNEW R inc (ROUND 2),0.9
OH,Cincinnati Post,134750,1972,VICE PRESIDENT,,,OH,"SHRIVER, R. SARGENT",Democrat,0,,,,PATTERN A - PAPER ENDORSED NIXON R (ROUND 2),0.9
OH,Cincinnati Post,134750,1976,VICE PRESIDENT,,,OH,"DOLE, ROBERT",Republican,1,,,,PAPER ENDORSED FORD/DOLE R (ROUND 2),0.9
OH,Cincinnati Post,134750,1976,VICE PRESIDENT,,,OH,"MONDALE, WALTER F.",Democrat,0,,,,PATTERN A - PAPER ENDORSED FORD R (ROUND 2),0.9
OH,Cincinnati Post,134750,1980,VICE PRESIDENT,,,OH,"BUSH, GEORGE",Republican,1,,,,PAPER ENDORSED REAGAN/BUSH R (ROUND 2),0.9
OH,Cincinnati Post,134750,1980,VICE PRESIDENT,,,OH,"MONDALE, WALTER F.",Democrat,0,1,,,PATTERN A - PAPER ENDORSED REAGAN R (Mondale D inc; ROUND 2),0.9
OH,Cincinnati Post,134750,1984,VICE PRESIDENT,,,OH,"BUSH, GEORGE",Republican,1,,1,,PAPER ENDORSED REAGAN/BUSH R inc (ROUND 2),0.9
OH,Cincinnati Post,134750,1984,VICE PRESIDENT,,,OH,"FERRARO, GERALDINE",Democrat,0,,,,PATTERN A - PAPER ENDORSED REAGAN R (ROUND 2),0.9
OH,Cincinnati Post,134750,1988,VICE PRESIDENT,,,OH,"QUAYLE, DAN",Republican,1,,,,PAPER ENDORSED BUSH/QUAYLE R (ROUND 2),0.9
OH,Cincinnati Post,134750,1988,VICE PRESIDENT,,,OH,"BENTSEN, LLOYD",Democrat,0,,,,PATTERN A - PAPER ENDORSED BUSH R (ROUND 2),0.9
OH,Cincinnati Post,134750,1996,VICE PRESIDENT,,,OH,"KEMP, JACK",Republican,1,,,,PAPER ENDORSED DOLE/KEMP R (ROUND 2),0.9
OH,Cincinnati Post,134750,1996,VICE PRESIDENT,,,OH,"GORE, AL",Democrat,0,1,,,PATTERN A - PAPER ENDORSED DOLE R (Gore D inc; ROUND 2),0.9
OH,Cincinnati Post,134750,2000,VICE PRESIDENT,,,OH,"CHENEY, DICK",Republican,1,,,,PAPER ENDORSED BUSH/CHENEY R (ROUND 2),0.9
OH,Cincinnati Post,134750,2000,VICE PRESIDENT,,,OH,"LIEBERMAN, JOSEPH",Democrat,0,,,,PATTERN A - PAPER ENDORSED BUSH R (ROUND 2),0.9
OH,Cincinnati Post,134750,2004,VICE PRESIDENT,,,OH,"CHENEY, DICK",Republican,1,,1,,PAPER ENDORSED BUSH/CHENEY R inc (ROUND 2),0.9
OH,Cincinnati Post,134750,2004,VICE PRESIDENT,,,OH,"EDWARDS, JOHN",Democrat,0,,,,PATTERN A - PAPER ENDORSED BUSH R inc (ROUND 2),0.9
OH,Cincinnati Post,134750,1952,SENATOR,,,OH,"BURKE, THOMAS A.",Democrat,0,,,,PATTERN A - PAPER ENDORSED BRICKER R (Burke D won; ROUND 3),0.85
OH,Cincinnati Post,134750,1954,SENATOR,,,OH,"BURKE, THOMAS A.",Democrat,0,1,,,PATTERN A - PAPER ENDORSED BENDER R (Burke D inc lost; ROUND 3),0.9
OH,Cincinnati Post,134750,1956,SENATOR,,,OH,"LAUSCHE, FRANK J.",Democrat,0,,,,PATTERN A - PAPER ENDORSED BENDER R inc (Lausche D won; ROUND 3),0.85
OH,Cincinnati Post,134750,1958,SENATOR,,,OH,"YOUNG, STEPHEN M.",Democrat,0,,,,PATTERN A - PAPER ENDORSED BRICKER R inc (Young D won; ROUND 3),0.9
OH,Cincinnati Post,134750,1962,SENATOR,,,OH,"BRIGGS, JOHN MARSHALL",Republican,0,,,,PATTERN A - PAPER ENDORSED LAUSCHE D inc (ROUND 3),0.85
OH,Cincinnati Post,134750,1964,SENATOR,,,OH,"YOUNG, STEPHEN M.",Democrat,0,1,,,PATTERN A - PAPER ENDORSED TAFT R (Young D inc; ROUND 3),0.9
OH,Cincinnati Post,134750,1968,SENATOR,,,OH,"GILLIGAN, JOHN J.",Democrat,0,,,,PATTERN A - PAPER ENDORSED SAXBE R (ROUND 3),0.9
OH,Cincinnati Post,134750,1970,SENATOR,,,OH,"TAFT, ROBERT JR.",Republican,0,,,,PATTERN A - PAPER ENDORSED METZENBAUM D (Taft R won; Post crossed party for Metzenbaum D; ROUND 3),0.9
OH,Cincinnati Post,134750,1974,SENATOR,,,OH,"PERK, RALPH J.",Republican,0,,,,PATTERN A - PAPER ENDORSED GLENN D (ROUND 3),0.85
OH,Cincinnati Post,134750,1976,SENATOR,,,OH,"METZENBAUM, HOWARD M.",Democrat,1,,,,PATTERN A - PAPER ENDORSED TAFT R inc (Metzenbaum D won; ROUND 3); PATTERN L #6 direction fix from 1976 OCR (R65): paper endorsed Metzenbaum D,0.9
OH,Cincinnati Post,134750,1982,SENATOR,,,OH,"METZENBAUM, HOWARD M.",Democrat,0,1,,,PATTERN A - PAPER ENDORSED PFEIFER R (Metzenbaum D inc; ROUND 3),0.9
OH,Cincinnati Post,134750,1986,SENATOR,,,OH,"KINDNESS, THOMAS N.",Republican,0,,,,PATTERN A - PAPER ENDORSED GLENN D inc (ROUND 3),0.85
OH,Cincinnati Post,134750,1988,SENATOR,,,OH,"METZENBAUM, HOWARD M.",Democrat,0,1,,,PATTERN A - PAPER ENDORSED VOINOVICH R (Metzenbaum D inc won; ROUND 3),0.9
OH,Cincinnati Post,134750,1998,SENATOR,,,OH,"BOYLE, MARY",Democrat,0,,,,PATTERN A - PAPER ENDORSED VOINOVICH R (ROUND 3),0.85
OH,Cincinnati Post,134750,2000,SENATOR,,,OH,"CELESTE, TED",Democrat,0,,,,PATTERN A - PAPER ENDORSED DEWINE R inc (ROUND 3),0.85
OH,Cincinnati Post,134750,2004,SENATOR,,,OH,"FINGERHUT, ERIC",Democrat,0,,,,PATTERN A - PAPER ENDORSED VOINOVICH R inc (ROUND 3),0.85
OH,Cincinnati Post,134750,1950,GOVERNOR,,,OH,"EBRIGHT, DON H.",Republican,0,,,,PATTERN A - PAPER ENDORSED LAUSCHE D (ROUND 3),0.85
OH,Cincinnati Post,134750,1952,GOVERNOR,,,OH,"LAUSCHE, FRANK J.",Democrat,0,1,,,PATTERN A - PAPER ENDORSED TAFT C R (Lausche D inc won; ROUND 3),0.9
OH,Cincinnati Post,134750,1954,GOVERNOR,,,OH,"BROWN, JAMES A.",Republican,0,,,,PATTERN A - PAPER ENDORSED LAUSCHE D inc (ROUND 3),0.85
OH,Cincinnati Post,134750,1956,GOVERNOR,,,OH,"O'NEILL, C. WILLIAM",Republican,0,,,,PATTERN A - PAPER ENDORSED DISALLE D (O'Neill R won; ROUND 3),0.85
OH,Cincinnati Post,134750,1958,GOVERNOR,,,OH,"O'NEILL, C. WILLIAM",Republican,0,,1,,PATTERN A - PAPER ENDORSED DISALLE D (O'Neill R inc lost; ROUND 3),0.9
OH,Cincinnati Post,134750,1962,GOVERNOR,,,OH,"DISALLE, MICHAEL V.",Democrat,0,1,,,PATTERN A - PAPER ENDORSED RHODES R (DiSalle D inc lost; ROUND 3),0.9
OH,Cincinnati Post,134750,1966,GOVERNOR,,,OH,"REAMS, FRAZIER JR.",Democrat,0,,,,PATTERN A - PAPER ENDORSED RHODES R inc (ROUND 3),0.85
OH,Cincinnati Post,134750,1970,GOVERNOR,,,OH,"CLOUD, ROGER",Republican,0,,,,PATTERN A - PAPER ENDORSED GILLIGAN D (ROUND 3),0.9
OH,Cincinnati Post,134750,1974,GOVERNOR,,,OH,"RHODES, JAMES A.",Republican,0,,,,PATTERN A - PAPER ENDORSED GILLIGAN D inc (Rhodes R won; ROUND 3),0.9
OH,Cincinnati Post,134750,1986,GOVERNOR,,,OH,"CELESTE, RICHARD F.",Democrat,0,1,,,PATTERN A - PAPER ENDORSED RHODES R (Celeste D inc won; ROUND 3),0.9
OH,Cincinnati Post,134750,1990,GOVERNOR,,,OH,"CELEBREZZE, ANTHONY J. JR.",Democrat,0,,,,PATTERN A - PAPER ENDORSED VOINOVICH R (ROUND 3),0.9
OH,Cincinnati Post,134750,1994,GOVERNOR,,,OH,"BURCH, ROBERT L.",Democrat,0,,,,PATTERN A - PAPER ENDORSED VOINOVICH R inc (ROUND 3),0.85
OH,Cincinnati Post,134750,1998,GOVERNOR,,,OH,"FISHER, LEE",Democrat,0,,,,PATTERN A - PAPER ENDORSED TAFT R (ROUND 3),0.9
OH,Cincinnati Post,134750,2002,GOVERNOR,,,OH,"HAGAN, TIM",Democrat,0,,,,PATTERN A - PAPER ENDORSED TAFT R inc (ROUND 3),0.85
OH,Cincinnati Post,134750,1958,ATTORNEY GENERAL,,,OH,"DUFFY, BLAKE",Democrat,0,,,,PATTERN A - PAPER ENDORSED SAXBE R (ROUND 4),0.8
OH,Cincinnati Post,134750,1962,ATTORNEY GENERAL,,,OH,"HARSHMAN, MARK",Democrat,0,,,,PATTERN A - PAPER ENDORSED SAXBE R inc (ROUND 4),0.8
OH,Cincinnati Post,134750,1966,ATTORNEY GENERAL,,,OH,"SWEENEY, ROBERT F.",Democrat,0,,,,PATTERN A - PAPER ENDORSED SAXBE R inc (ROUND 4),0.85
OH,Cincinnati Post,134750,1974,ATTORNEY GENERAL,,,OH,"BROWN, WILLIAM J.",Democrat,0,,,,PATTERN A - PAPER ENDORSED SMITH R (Brown D won; ROUND 4),0.9
OH,Cincinnati Post,134750,1978,ATTORNEY GENERAL,,,OH,"MOYER, THOMAS J.",Republican,0,,,,PATTERN A - PAPER ENDORSED BROWN D inc (ROUND 4),0.85
OH,Cincinnati Post,134750,1982,ATTORNEY GENERAL,,,OH,"SAXBE, CHARLES R.",Republican,0,,,,PATTERN A - PAPER ENDORSED CELEBREZZE D (ROUND 4),0.9
OH,Cincinnati Post,134750,1986,ATTORNEY GENERAL,,,OH,"LEVEY, BARRY",Republican,0,,,,PATTERN A - PAPER ENDORSED CELEBREZZE D inc (ROUND 4),0.85
OH,Cincinnati Post,134750,1994,ATTORNEY GENERAL,,,OH,"FISHER, LEE",Democrat,1,1,,,DIRECTION REVERSAL FIX - paper actually endorsed Fisher D cross-party per OCR (Round 13); PATTERN A - PAPER ENDORSED MONTGOMERY R (Fisher D inc; ROUND 4),0.9
OH,Cincinnati Post,134750,1998,ATTORNEY GENERAL,,,OH,"LECLAIR, RICHARD F.",Democrat,0,,,,PATTERN A - PAPER ENDORSED MONTGOMERY R inc (ROUND 4),0.85
OH,Cincinnati Post,134750,2002,ATTORNEY GENERAL,,,OH,"RESNICK, LEIGH",Democrat,0,,,,PATTERN A - PAPER ENDORSED PETRO R (ROUND 4),0.8
OH,Cincinnati Post,134750,1974,SEC OF STATE,,,OH,"BROWN, TED W.",Republican,0,,1,,PATTERN A - PAPER ENDORSED HALL D (Brown R longtime inc; ROUND 4),0.85
OH,Cincinnati Post,134750,1978,SEC OF STATE,,,OH,"BROWN, TED W.",Republican,0,,1,,PATTERN A - PAPER ENDORSED CELEBREZZE D (Brown R inc retiring; ROUND 4),0.85
OH,Cincinnati Post,134750,1982,SEC OF STATE,,,OH,"CELEBREZZE, ANTHONY J. JR.",Democrat,0,1,,,PATTERN A - PAPER ENDORSED BROWN R (Celebrezze D inc; ROUND 4),0.9
OH,Cincinnati Post,134750,1990,SEC OF STATE,,,OH,"BROWN, SHERROD",Democrat,0,,,,"NAME FIX from 1990 OCR (R86): Sherrod Brown D was opposed, not Sheehan",0.85
OH,Cincinnati Post,134750,1994,SEC OF STATE,,,OH,"HARPSTER, DAN",Democrat,0,,,,PATTERN A - PAPER ENDORSED TAFT R inc (ROUND 4),0.8
OH,Cincinnati Post,134750,1998,SEC OF STATE,,,OH,"RAGAS, CHARLEEN",Democrat,0,,,,PATTERN A - PAPER ENDORSED BLACKWELL R (ROUND 4),0.8
OH,Cincinnati Post,134750,2002,SEC OF STATE,,,OH,"STEINER, BRYAN F.",Democrat,0,,,,PATTERN A - PAPER ENDORSED BLACKWELL R inc (ROUND 4),0.8
OH,Cincinnati Post,134750,1980,H,1,,OH,"ZWICK, DONALD J.",Democrat,0,,,,PATTERN A from OCR - paper endorsed Gradison R (ROUND 6),0.9
OH,Cincinnati Post,134750,1980,H,2,,OH,"ATKINS, TOM",Republican,0,,,,PATTERN A from OCR - paper endorsed Luken D (ROUND 6),0.9
OH,Cincinnati Post,134750,1980,STATE SENATOR,8,,OH,"FARRISH, KELLY",Democrat,0,,,,PATTERN A from OCR - paper endorsed Aronoff R (ROUND 6),0.9
OH,Cincinnati Post,134750,1980,STATE REP,19,,OH,"BRANDENBURG, GEORGE",Democrat,0,,,,PATTERN A from OCR - paper endorsed Van Vyven R (ROUND 6),0.9
OH,Cincinnati Post,134750,1980,STATE REP,20,,OH,"HADERS, WILLIAM D.",Democrat,0,,,,PATTERN A from OCR - paper endorsed Pottenger R (ROUND 6),0.9
OH,Cincinnati Post,134750,1980,STATE REP,21,,OH,"LUEBBERS, JEROME F.",Democrat,0,,,,PATTERN A from OCR - paper endorsed Clear R (ROUND 6),0.9
OH,Cincinnati Post,134750,1980,STATE REP,22,,OH,"GUTZWILLER, JOHN H.",Democrat,0,,,,PATTERN A from OCR - paper endorsed Mayer R (ROUND 6),0.9
OH,Cincinnati Post,134750,1980,STATE REP,23,,OH,"HANKE, ANN M.",Republican,0,,,,PATTERN A from OCR - paper endorsed Mallory D (ROUND 6),0.9
OH,Cincinnati Post,134750,1980,STATE REP,24,,OH,"GROTE, RICHARD G.",Republican,0,,,,PATTERN A from OCR - paper endorsed Tranter D (ROUND 6),0.9
OH,Cincinnati Post,134750,1980,STATE REP,25,,OH,"DEARDORFF, TIM",Republican,0,,,,PATTERN A from OCR - paper endorsed Rankin D (ROUND 6),0.9
OH,Cincinnati Post,134750,1980,STATE REP,26,,OH,"BROOKS, HERMAN J.",Democrat,0,,,,PATTERN A from OCR - paper endorsed Fix R (ROUND 6),0.9
OH,Cincinnati Post,134750,1980,STATE REP,65,,OH,"VEENEMAN, KEVIN",Democrat,0,,,,PATTERN A from OCR - paper endorsed O'Brien R (ROUND 6),0.9
OH,Cincinnati Post,134750,2000,H,1,,OH,"CRANLEY, JOHN",Democrat,0,,,,PATTERN A from OCR - paper endorsed Chabot R (ROUND 7),0.95
OH,Cincinnati Post,134750,2000,H,2,,OH,"SANDERS, CHARLES",Democrat,0,,,,PATTERN A from OCR - paper endorsed Portman R (ROUND 7),0.95
OH,Cincinnati Post,134750,2000,SUPREME COURT,,,OH,"BLACK, TIM",Democrat,0,,,,PATTERN A from OCR - paper endorsed Cook R (ROUND 7),0.95
OH,Cincinnati Post,134750,2000,SUPREME COURT,,,OH,"RESNICK, ALICE ROBIE",Democrat,0,1,,,PATTERN A from OCR - paper endorsed O'Donnell R (Resnick D inc; ROUND 7),0.95
OH,Cincinnati Post,134750,2000,STATE SENATOR,8,,OH,"MANNING, STUART",Democrat,0,,,,PATTERN A from OCR - paper endorsed Blessing R (ROUND 7),0.95
OH,Cincinnati Post,134750,2000,STATE REP,30,,OH,"EKSTRUM, DAVE",Libertarian,0,,,,PATTERN A from OCR - paper endorsed Britton D (ROUND 7),0.9
OH,Cincinnati Post,134750,2000,STATE REP,31,,OH,"KEMMERER, JOANNE",Republican,0,,,,PATTERN A from OCR - paper endorsed Barrett D (ROUND 7),0.95
OH,Cincinnati Post,134750,2000,STATE REP,32,,OH,"RAUSSEN, JIM",Republican,0,,,,PATTERN A from OCR - paper endorsed Coates D (ROUND 7),0.95
OH,Cincinnati Post,134750,2000,STATE REP,36,,OH,"SMITH, JOHN",Democrat,0,,,,PATTERN A from OCR - paper endorsed Schneider R (ROUND 7),0.95
OH,Cincinnati Post,134750,2000,CNTY CLERK,,Hamilton,OH,"BOLTON, EVE",Democrat,0,,,,PATTERN A from OCR - paper endorsed Cissell R (ROUND 7); DNAME FILL: Hamilton County (R45),0.95
OH,Cincinnati Post,134750,2000,RECORDER,,Hamilton,OH,"BATES, MELANIE",Democrat,0,,,,PATTERN A from OCR - paper endorsed Groppe R (ROUND 7); DNAME FILL: Hamilton County (R45),0.95
OH,Cincinnati Post,134750,2000,TREASURER,,Hamilton,OH,"DRAKE, BOB",Democrat,0,,,,PATTERN A from OCR - paper endorsed Goering R (ROUND 7); DNAME FILL: Hamilton County (R45),0.95
OH,Cincinnati Post,134750,2000,CORONER,,Hamilton,OH,"CHEEK, RONALD",Democrat,0,,,,PATTERN A from OCR - paper endorsed Parrott R (ROUND 7); DNAME FILL: Hamilton County (R45),0.95
OH,Cincinnati Post,134750,1996,H,6,,OH,"STRICKLAND, TED",Democrat,1,1,,,ADDED FROM OCR - paper endorsed Strickland D for OH H 6 1996 (cross-party endorsement; ROUND 9),0.9
OH,Cincinnati Post,134750,1996,H,1,,OH,"HALLEY, JOHN G.",Natural Law,0,,,,PATTERN A from OCR - paper endorsed Chabot R (ROUND 10),0.9
OH,Cincinnati Post,134750,1996,H,1,,OH,"LONGABAUGH, MARK P.",Democrat,0,,,,PATTERN A from OCR - paper endorsed Chabot R (ROUND 10),0.95
OH,Cincinnati Post,134750,1996,H,2,,OH,"CHANDLER, THOMAS R.",Democrat,0,,,,PATTERN A from OCR - paper endorsed Portman R (ROUND 10),0.95
OH,Cincinnati Post,134750,1996,H,2,,OH,"MCKNIGHT, KATHLEEN M.",Natural Law,0,,,,PATTERN A from OCR - paper endorsed Portman R (ROUND 10),0.85
OH,Cincinnati Post,134750,1996,H,8,,OH,"BAKER, WILLIAM",Natural Law,0,,,,PATTERN A from OCR - paper endorsed Boehner R (ROUND 10),0.85
OH,Cincinnati Post,134750,1996,H,8,,OH,"KITCHEN, JEFFREY",Democrat,0,,,,PATTERN A from OCR - paper endorsed Boehner R (ROUND 10),0.95
OH,Cincinnati Post,134750,1996,STATE SENATOR,8,,OH,"ALLEN, NICHOLAS J.",Natural Law,0,,,,PATTERN A from OCR - paper endorsed Blessing R (ROUND 10),0.85
OH,Cincinnati Post,134750,1996,STATE SENATOR,8,,OH,"SCHNELLE, JASON C.",Democrat,0,,,,PATTERN A from OCR - paper endorsed Blessing R (ROUND 10),0.95
OH,Cincinnati Post,134750,1996,STATE REP,32,,OH,"BARRETT, CATHERINE L.",Democrat,0,,,,PATTERN A from OCR - paper endorsed Van Vyven R (ROUND 10),0.95
OH,Cincinnati Post,134750,1996,STATE REP,33,,OH,"FOSTER, THOMAS C.",Republican,0,,,,PATTERN A from OCR - paper endorsed Luebbers D (ROUND 10),0.95
OH,Cincinnati Post,134750,1996,STATE REP,34,,OH,"GOEDL, KATHLEEN M.",Democrat,0,,,,PATTERN A from OCR - paper endorsed Winkler R (ROUND 10),0.95
OH,Cincinnati Post,134750,1996,STATE REP,35,,OH,"CLANCY, PATRICIA M.",Republican,0,,,,PATTERN A from OCR - paper endorsed Brooks D (ROUND 10),0.95
OH,Cincinnati Post,134750,1996,STATE REP,35,,OH,"KIRBY, KATHY",Natural Law,0,,,,PATTERN A from OCR - paper endorsed Brooks D (ROUND 10),0.85
OH,Cincinnati Post,134750,1996,STATE REP,36,,OH,"MITCHELL, ROBERT H.",Democrat,0,,,,PATTERN A from OCR - paper endorsed Schuler R (ROUND 10),0.95
OH,Cincinnati Post,134750,1996,STATE REP,36,,OH,"KIRBY, MARK THOMAS",Natural Law,0,,,,PATTERN A from OCR - paper endorsed Schuler R (ROUND 10),0.85
OH,Cincinnati Post,134750,1996,STATE REP,37,,OH,"HUFFMAN, STEVEN C.",Democrat,0,,,,PATTERN A from OCR - paper endorsed O'Brien R (ROUND 10),0.95
OH,Cincinnati Post,134750,1996,CNTY COMM,,Hamilton,OH,"WOLTERMAN, JOSEPH R.",Democrat,0,,,,PATTERN A from OCR - paper endorsed Bedinghaus R (ROUND 10); DNAME FILL: Hamilton County (R45),0.95
OH,Cincinnati Post,134750,1996,CNTY COMM,,Hamilton,OH,"GROSSMAN, JOANNE B.",Democrat,0,,,,PATTERN A from OCR - paper endorsed Dowlin R (ROUND 10); DNAME FILL: Hamilton County (R45),0.95
OH,Cincinnati Post,134750,1996,CNTY CLERK,,Hamilton,OH,"DAVID, MARK M.",Democrat,0,,,,PATTERN A from OCR - paper endorsed Cissell R (ROUND 10); DNAME FILL: Hamilton County (R45),0.95
OH,Cincinnati Post,134750,1996,RECORDER,,Hamilton,OH,"GROPPE, REBECCA PREM",Republican,0,,,,PATTERN A from OCR - paper endorsed Bolton D (cross-party; ROUND 10); DNAME FILL: Hamilton County (R45),0.95
OH,Cincinnati Post,134750,1996,RECORDER,,Hamilton,OH,"BOLTON, EVE",Democrat,1,1,,,MISSING - paper endorsed Bolton D for Recorder (cross-party; ROUND 10); DNAME FILL: Hamilton County (R45),0.95
OH,Cincinnati Post,134750,1996,TREASURER,,Hamilton,OH,"RAMBO, DEBORAH PRICE",Democrat,0,,,,PATTERN A from OCR - paper endorsed Goering R (ROUND 10); DNAME FILL: Hamilton County (R45),0.95
OH,Cincinnati Post,134750,1996,SUPREME COURT,,,OH,"DOUGLAS, ANDREW",Nonpartisan,1,,,,PAPER ENDORSED Douglas for SC (per OCR; ROUND 10),0.95
OH,Cincinnati Post,134750,1996,SUPREME COURT,,,OH,"BETTMAN, MARIANNA BROWN",Nonpartisan,1,,,,PAPER ENDORSED Bettman D for SC (cross-party; ROUND 10),0.95
OH,Cincinnati Post,134750,1996,SUPREME COURT,,,OH,"SIKORA, PETER M.",Nonpartisan,0,,,,PATTERN A from OCR - paper endorsed Douglas (ROUND 10),0.95
OH,Cincinnati Post,134750,1996,SUPREME COURT,,,OH,"STRATTON, EVELYN L.",Nonpartisan,0,,,,PATTERN A from OCR - paper endorsed Bettman (ROUND 10),0.95
OH,Cincinnati Post,134750,1996,COURT OF APPEALS,1,,OH,"MANN, DAVID",Nonpartisan,1,,,,PAPER ENDORSED Mann D for Court of Appeals (cross-party; ROUND 10),0.9
OH,Cincinnati Post,134750,1996,COURT OF APPEALS,1,,OH,"HILDEBRANDT, LEE H. JR.",Nonpartisan,0,,,,PATTERN A from OCR - paper endorsed Mann (ROUND 10),0.9
OH,Cincinnati Post,134750,1998,STATE SENATOR,9,,OH,"HOWARD, JANET",Republican,1,,,,ENDORSED per OCR - replaces UNKNOWN (ROUND 11),0.95
OH,Cincinnati Post,134750,1998,STATE SENATOR,9,,OH,"MALLORY, MARK",Democrat,0,,,,PATTERN A from OCR (ROUND 11),0.95
OH,Cincinnati Post,134750,1998,STATE REP,30,,OH,"BRITTON, SAM",Democrat,1,1,,,ENDORSED per OCR (cross-party; paper endorsed Britton D not R; ROUND 11),0.95
OH,Cincinnati Post,134750,1998,STATE REP,30,,OH,"ANDERSON, KEN",Independent,0,,,,PATTERN A from OCR (ROUND 11),0.9
OH,Cincinnati Post,134750,1998,STATE REP,31,,OH,"BARRETT, CATHERINE",Democrat,1,,,,ENDORSED per OCR (cross-party; ROUND 11),0.95
OH,Cincinnati Post,134750,1998,STATE REP,31,,OH,"WARREN, BETTY",Republican,0,,,,PATTERN A from OCR (ROUND 11),0.95
OH,Cincinnati Post,134750,1998,STATE REP,32,,OH,"VAN VYVEN, DALE",Republican,1,,1,,ENDORSED per OCR - replaces UNKNOWN (ROUND 11),0.95
OH,Cincinnati Post,134750,1998,STATE REP,32,,OH,"KUMLER, JEAN",Democrat,0,,,,PATTERN A from OCR (ROUND 11),0.95
OH,Cincinnati Post,134750,1998,STATE REP,33,,OH,"OTT, LAURIE",Republican,0,,,,PATTERN A from OCR - paper endorsed Luebbers D (ROUND 11),0.95
OH,Cincinnati Post,134750,1998,STATE REP,34,,OH,"WINKLER, CHERYL",Republican,1,,1,,ENDORSED per OCR (ROUND 11),0.95
OH,Cincinnati Post,134750,1998,STATE REP,34,,OH,"CONNER, MISTY DANI",Democrat,0,,,,PATTERN A from OCR (ROUND 11),0.9
OH,Cincinnati Post,134750,1998,STATE REP,35,,OH,"CLANCY, PATRICIA M.",Republican,1,,,,ENDORSED per OCR (ROUND 11),0.95
OH,Cincinnati Post,134750,1998,STATE REP,35,,OH,"HARRISON, JEANETTE",Democrat,0,,,,PATTERN A from OCR (ROUND 11),0.95
OH,Cincinnati Post,134750,1998,STATE REP,36,,OH,"SCHULER, ROBERT",Republican,1,,1,,ENDORSED per OCR (ROUND 11),0.95
OH,Cincinnati Post,134750,1998,STATE REP,36,,OH,"ROBERTS, CHRISTOPHER",Democrat,0,,,,PATTERN A from OCR (ROUND 11),0.95
OH,Cincinnati Post,134750,1998,STATE REP,37,,OH,"O'BRIEN, JACQUELYN",Republican,1,,1,,ENDORSED per OCR (ROUND 11),0.95
OH,Cincinnati Post,134750,1998,STATE REP,37,,OH,"WILKINSON, GEORGE",Democrat,0,,,,PATTERN A from OCR (ROUND 11),0.95
OH,Cincinnati Post,134750,1998,CNTY COMM,,Hamilton,OH,"NEYER, TOM",Republican,1,,,,ENDORSED per OCR (ROUND 11); DNAME FILL: Hamilton County (R45),0.95
OH,Cincinnati Post,134750,1998,CNTY COMM,,Hamilton,OH,"HYLAND, MARILYN",Democrat,0,,,,PATTERN A from OCR (ROUND 11); DNAME FILL: Hamilton County (R45),0.95
OH,Cincinnati Post,134750,1998,AUDITOR,,,OH,"CHRISTIE, MARY ANNE",Republican,0,,,,PATTERN A from OCR - paper endorsed Rhodes D cross-party (ROUND 11),0.95
OH,Cincinnati Post,134750,1998,STATE BOARD OF ED,,,OH,"BATES, MELANIE",Nonpartisan,1,,,,ENDORSED per OCR (ROUND 11),0.9
OH,Cincinnati Post,134750,1998,COURT OF APPEALS,1,,OH,"BETTMAN, MARIANNA BROWN",Nonpartisan,1,,,,ENDORSED per OCR - cross-party Court of Appeals (ROUND 11),0.9
OH,Cincinnati Post,134750,1998,COURT OF APPEALS,1,,OH,"WINKLER, RALPH",Nonpartisan,0,,,,PATTERN A from OCR (ROUND 11),0.9
OH,Cincinnati Post,134750,1998,JUDGE,,Hamilton,OH,"BURLEW, JOHN",Nonpartisan,1,,,,ENDORSED per OCR (ROUND 11); OFFICE STANDARDIZED: JUVENILE COURT→JUDGE (formal QA),0.9
OH,Cincinnati Post,134750,1998,JUDGE,,Hamilton,OH,"LIPPS, THOMAS",Nonpartisan,0,,,,PATTERN A from OCR (ROUND 11); OFFICE STANDARDIZED: JUVENILE COURT→JUDGE (formal QA),0.9
OH,Cincinnati Post,134750,1998,H,1,,OH,"QUALLS, ROXANNE",Democrat,0,,,,PATTERN A from OCR (ROUND 11),0.95
OH,Cincinnati Post,134750,1998,H,2,,OH,"SANDERS, CHARLES",Democrat,0,,,,PATTERN A from OCR (ROUND 11),0.95
OH,Cincinnati Post,134750,1998,H,6,,OH,"HOLLISTER, NANCY",Republican,0,,,,PATTERN A from OCR (ROUND 11),0.95
OH,Cincinnati Post,134750,1998,SUPREME COURT,CHIEF JUSTICE,,OH,"TYACK, GARY",Nonpartisan,0,,,,PATTERN A from OCR (ROUND 11),0.9
OH,Cincinnati Post,134750,1998,SUPREME COURT,,,OH,"POWELL, STEPHEN W.",Nonpartisan,1,,,,ENDORSED per OCR (ROUND 11),0.95
OH,Cincinnati Post,134750,1998,SUPREME COURT,,,OH,"SWEENEY, FRANCIS",Nonpartisan,0,,,,PATTERN A from OCR (ROUND 11),0.95
OH,Cincinnati Post,134750,1998,SUPREME COURT,,,OH,"SUSTER, RONALD",Nonpartisan,0,,,,PATTERN A from OCR - paper endorsed Pfeifer (ROUND 11),0.95
OH,Cincinnati Post,134750,1998,TREASURER,,Hamilton,OH,"DONOFRIO, JOHN",Democrat,0,,,,PATTERN A from OCR (ROUND 11); DNAME FILL: Hamilton County (R45),0.95
OH,Cincinnati Post,134750,1994,TREASURER,,Hamilton,OH,"BLACKWELL, J. KENNETH",Republican,1,,,,MISSING - paper endorsed Blackwell R for Treasurer (per OCR; ROUND 13); DNAME FILL: Hamilton County (R45),0.95
OH,Cincinnati Post,134750,1994,TREASURER,,Hamilton,OH,"LICHT, EDWARD",Democrat,0,,,,PATTERN A from OCR (ROUND 13); DNAME FILL: Hamilton County (R45),0.9
OH,Cincinnati Post,134750,1994,TREASURER,,Hamilton,OH,"SYKES, BARBARA",Natural Law,0,,,,PATTERN A from OCR (ROUND 13); DNAME FILL: Hamilton County (R45),0.85
OH,Cincinnati Post,134750,1994,GOVERNOR,,,OH,"INMON, BILLY R.",Independent,0,,,,PATTERN A from OCR - 3-way race (ROUND 13),0.9
OH,Cincinnati Post,134750,1994,SENATOR,,,OH,"SLOVENEC, JOSEPH J.",Natural Law,0,,,,PATTERN A from OCR (ROUND 13),0.85
OH,Cincinnati Post,134750,1994,H,1,,OH,"MANN, DAVID",Democrat,0,1,,,PATTERN A from OCR - Mann D inc (lost; ROUND 13),0.95
OH,Cincinnati Post,134750,1994,H,2,,OH,"MANN, LES",Democrat,0,,,,PATTERN A from OCR (ROUND 13),0.9
OH,Cincinnati Post,134750,1994,STATE SENATOR,7,,OH,"BURKE, TARA K.",Democrat,0,,,,PATTERN A from OCR - paper endorsed Finan R (ROUND 13),0.95
OH,Cincinnati Post,134750,1994,STATE SENATOR,9,,OH,"HOWARD, JANET C.",Republican,0,,,,PATTERN A from OCR - paper endorsed Yates D (ROUND 13),0.95
OH,Cincinnati Post,134750,1994,STATE SENATOR,9,,OH,"YATES, TYRONE K.",Democrat,1,,,,MISSING - paper endorsed Yates D for State Sen 9 (ROUND 13),0.95
OH,Cincinnati Post,134750,1994,STATE REP,30,,OH,"AL'UQDAH, WILLIAM M.",Republican,1,,,,MISSING - paper endorsed AL'UQDAH for State Rep 30 (cross-party; ROUND 13),0.95
OH,Cincinnati Post,134750,1994,STATE REP,30,,OH,"BRITTON, SAM",Democrat,0,,,,PATTERN A from OCR (ROUND 13),0.95
OH,Cincinnati Post,134750,1994,STATE REP,31,,OH,"MALLORY, MARK L.",Democrat,1,1,,,MISSING - paper endorsed Mallory D for State Rep 31 (ROUND 13),0.95
OH,Cincinnati Post,134750,1994,STATE REP,31,,OH,"BERNS, JIM",Independent,0,,,,PATTERN A from OCR (ROUND 13),0.9
OH,Cincinnati Post,134750,1994,STATE REP,31,,OH,"MOON, RALPH L. III",Republican,0,,,,PATTERN A from OCR (ROUND 13),0.85
OH,Cincinnati Post,134750,1994,STATE REP,32,,OH,"VAN VYVEN, DALE N.",Republican,1,,1,,MISSING - paper endorsed Van Vyven R for State Rep 32 (ROUND 13),0.95
OH,Cincinnati Post,134750,1994,STATE REP,32,,OH,"COATES, WAYNE",Democrat,0,,,,PATTERN A from OCR (ROUND 13),0.95
OH,Cincinnati Post,134750,1994,STATE REP,33,,OH,"RILEY, ARDETTE K.",Republican,0,,,,PATTERN A from OCR - paper endorsed Luebbers D (ROUND 13),0.9
OH,Cincinnati Post,134750,1994,STATE REP,34,,OH,"SWEENEY, GARY K.",Independent,0,,,,PATTERN A from OCR - paper endorsed Kessen D (ROUND 13),0.85
OH,Cincinnati Post,134750,1994,STATE REP,34,,OH,"WINKLER, CHERYL J.",Republican,0,,1,,PATTERN A from OCR - paper endorsed Kessen D (ROUND 13),0.9
OH,Cincinnati Post,134750,1994,STATE REP,34,,OH,"KESSEN, STEPHEN C.",Democrat,1,,,,MISSING - paper endorsed Kessen D for State Rep 34 (cross-party; ROUND 13),0.95
OH,Cincinnati Post,134750,1994,STATE REP,35,,OH,"MCFARLIN, GWEN",Democrat,0,,,,PATTERN A from OCR - paper endorsed Blessing R (ROUND 13); NAME FIX from 1994 OCR (R92): McFarlin Gwen,0.9
OH,Cincinnati Post,134750,1994,STATE REP,36,,OH,"CASSADY, PETER L.",Democrat,0,,,,PATTERN A from OCR - paper endorsed Schuler R (ROUND 13),0.9
OH,Cincinnati Post,134750,1994,STATE REP,37,,OH,"CHANDLER, THOMAS R.",Democrat,0,,,,PATTERN A from OCR - paper endorsed O'Brien R (ROUND 13),0.9
OH,Cincinnati Post,134750,1994,STATE REP,37,,OH,"O'BRIEN, JACQUELYN K.",Republican,1,,1,,MISSING - paper endorsed O'Brien R for State Rep 37 (ROUND 13),0.95
OH,Cincinnati Post,134750,1994,CNTY COMM,,Hamilton,OH,"CHAPMAN, CHRISTOPHER P.",Democrat,0,,,,PATTERN A from OCR - paper endorsed Guckenberger R (ROUND 13); DNAME FILL: Hamilton County (R45),0.95
OH,Cincinnati Post,134750,1994,SUPREME COURT,,,OH,"HAFFEY, J. ROSS",Nonpartisan,0,,,,PATTERN A from OCR - paper endorsed Cook (ROUND 13),0.9
OH,Cincinnati Post,134750,1994,SUPREME COURT,,,OH,"RESNICK, ALICE ROBIE",Nonpartisan,1,,,,MISSING - paper endorsed Resnick for SC (per OCR; ROUND 13),0.95
OH,Cincinnati Post,134750,1994,SUPREME COURT,,,OH,"HARPER, SARA J.",Nonpartisan,0,,,,PATTERN A from OCR (ROUND 13),0.9
OH,Cincinnati Post,134750,1994,COURT OF APPEALS,1,,OH,"BROWN, CALEB JR.",Nonpartisan,0,,,,PATTERN A from OCR (ROUND 13),0.85
OH,Cincinnati Post,134750,1994,COURT OF APPEALS,1,,OH,"SUNDERMAN, J. HOWARD JR.",Nonpartisan,1,,,,MISSING - paper endorsed Sunderman (per OCR; ROUND 13),0.9
OH,Cincinnati Post,134750,1994,COURT OF APPEALS,1,,OH,"MANES, MARLENE PENNY",Nonpartisan,0,,,,PATTERN A from OCR (ROUND 13),0.85
OH,Cincinnati Post,134750,1994,COURT OF COMMON PLEAS,,,OH,"HOGAN, TIMOTHY S.",Nonpartisan,1,,,,MISSING - paper endorsed Hogan (per OCR; ROUND 13),0.9
OH,Cincinnati Post,134750,1994,COURT OF COMMON PLEAS,,,OH,"KEYS, JAMES G. JR.",Nonpartisan,0,,,,PATTERN A from OCR (ROUND 13),0.85
OH,Cincinnati Post,134750,1994,COURT OF COMMON PLEAS,,,OH,"GRADY, KARLA J.",Nonpartisan,1,,,,MISSING - paper endorsed Grady (per OCR; ROUND 13),0.9
OH,Cincinnati Post,134750,1994,COURT OF COMMON PLEAS,,,OH,"NAMEI, F. T.",Nonpartisan,0,,,,PATTERN A from OCR (ROUND 13),0.85
OH,Cincinnati Post,134750,1994,COURT OF COMMON PLEAS,,,OH,"NEY, ARTHUR M. JR.",Nonpartisan,1,,,,MISSING - paper endorsed Ney (per OCR; ROUND 13),0.9
OH,Cincinnati Post,134750,1994,COURT OF COMMON PLEAS,,,OH,"NIEHAUS, RICHARD A.",Nonpartisan,0,,,,PATTERN A from OCR - paper endorsed Ney (ROUND 13),0.9
OH,Cincinnati Post,134750,1994,AUDITOR,,,OH,"WADE, MARTIN",Republican,0,,,,PATTERN A from OCR - paper endorsed Rhodes D cross-party (ROUND 13),0.9
OH,Cincinnati Post,134750,1988,H,1,,OH,"LUKEN, THOMAS A.",Democrat,0,1,,,PATTERN A from 1988 OCR (Luken D was inc; ROUND 16),0.95
OH,Cincinnati Post,134750,1988,H,2,,OH,"STIDHAM, CHUCK R.",Democrat,0,,,,PATTERN A from 1988 OCR (ROUND 16),0.95
OH,Cincinnati Post,134750,1988,STATE SENATOR,8,,OH,"COLE, CHARLES H. JR.",Democrat,0,,,,PATTERN A from 1988 OCR (ROUND 16),0.95
OH,Cincinnati Post,134750,1988,STATE SENATOR,14,,OH,"STEVENS, DAN",Democrat,0,,,,PATTERN A from 1988 OCR (ROUND 16),0.9
OH,Cincinnati Post,134750,1988,STATE REP,20,,OH,"POTTENGER, THOMAS A.",Republican,0,,,,PATTERN A from 1988 OCR (paper endorsed Brinker D; ROUND 16),0.9
OH,Cincinnati Post,134750,1988,STATE REP,20,,OH,"MILLER, JASON C. J.",Democrat,0,,,,PATTERN A from 1988 OCR (3-way; ROUND 16),0.85
OH,Cincinnati Post,134750,1988,STATE REP,21,,OH,"CARROLL, THOMAS N.",Republican,0,,,,PATTERN A from 1988 OCR (ROUND 16),0.9
OH,Cincinnati Post,134750,1988,STATE REP,22,,OH,"BOLTON, EVE",Democrat,0,,,,PATTERN A from 1988 OCR (ROUND 16),0.9
OH,Cincinnati Post,134750,1988,STATE REP,23,,OH,"FOX, MARTIN",Republican,0,,,,PATTERN A from 1988 OCR (ROUND 16),0.85
OH,Cincinnati Post,134750,1988,STATE REP,24,,OH,"TRANTER, TERRY M.",Democrat,0,1,,,PATTERN A from 1988 OCR (ROUND 16),0.9
OH,Cincinnati Post,134750,1988,STATE REP,25,,OH,"RANKIN, HELEN",Democrat,0,1,,,PATTERN A from 1988 OCR (ROUND 16),0.9
OH,Cincinnati Post,134750,1988,STATE REP,26,,OH,"LANDERS, THOMAS P.",Democrat,0,,,,PATTERN A from 1988 OCR (ROUND 16),0.9
OH,Cincinnati Post,134750,1988,STATE REP,27,,OH,"WAVRA-MOUCH, BOBBIE",Democrat,0,,,,PATTERN A from 1988 OCR (ROUND 16),0.9
OH,Cincinnati Post,134750,1988,COURT OF APPEALS,1,,OH,"MCILWAIN, CAROL N.",Nonpartisan,0,,,,PATTERN A from 1988 OCR (ROUND 16),0.85
OH,Cincinnati Post,134750,1988,COURT OF APPEALS,1,,OH,"DEARDORFF, TIMOTHY J.",Nonpartisan,0,,,,PATTERN A from 1988 OCR (ROUND 16),0.85
OH,Cincinnati Post,134750,1984,H,1,,OH,"MURDOCK, NORMAN A.",Republican,0,,,,PATTERN A from 1984 OCR (ROUND 18),0.9
OH,Cincinnati Post,134750,1984,H,1,,OH,"DENNY, KATHLEEN M.",Independent,0,,,,PATTERN A from 1984 OCR (ROUND 18),0.85
OH,Cincinnati Post,134750,1984,H,2,,OH,"PORTER, THOMAS J.",Democrat,0,,,,PATTERN A from 1984 OCR (ROUND 18),0.9
OH,Cincinnati Post,134750,1984,SUPREME COURT,,,OH,"CORRIGAN, JOHN C.",Nonpartisan,0,,,,PATTERN A from 1984 OCR (ROUND 18),0.85
OH,Cincinnati Post,134750,1984,SUPREME COURT,,,OH,"CELEBREZZE, JAMES P.",Nonpartisan,0,,,,PATTERN A from 1984 OCR (ROUND 18),0.85
OH,Cincinnati Post,134750,1984,COURT OF APPEALS,1,,OH,"HILDEBRANDT, LEE H. JR.",Nonpartisan,0,,,,PATTERN A from 1984 OCR (ROUND 18),0.85
OH,Cincinnati Post,134750,1984,STATE SENATOR,8,,OH,"WAGNER, MARILYN",Democrat,1,,,,PATTERN A from 1984 OCR (ROUND 18); PATTERN L #7 direction fix from 1984 OCR (R71): paper endorsed Wagner D,0.9
OH,Cincinnati Post,134750,1984,STATE REP,20,,OH,"POTTENGER, THOMAS A.",Republican,0,,1,,PATTERN A from 1984 OCR (paper endorsed Meyer D; ROUND 18),0.9
OH,Cincinnati Post,134750,1984,STATE REP,21,,OH,"SCHMOLT, LAURENCE",Republican,0,,,,PATTERN A from 1984 OCR (paper endorsed Luebbers D; ROUND 18),0.9
OH,Cincinnati Post,134750,1984,STATE REP,22,,OH,"GUTZWILLER, JOHN H.",Democrat,0,,,,PATTERN A from 1984 OCR (paper endorsed Blessing R; ROUND 18),0.9
OH,Cincinnati Post,134750,1984,STATE REP,23,,OH,"BALDWIN, ARTHUR",Republican,0,,,,PATTERN A from 1984 OCR (ROUND 18),0.85
OH,Cincinnati Post,134750,1984,STATE REP,25,,OH,"RANKIN, HELEN",Democrat,0,,,,PATTERN A from 1984 OCR (paper endorsed Beckham R; ROUND 18),0.9
OH,Cincinnati Post,134750,1984,STATE REP,26,,OH,"BENNINGTON, GEOFF G.",Democrat,0,,,,PATTERN A from 1984 OCR (ROUND 18),0.85
OH,Cincinnati Post,134750,1984,STATE REP,27,,OH,"BROOKS, HERMAN J.",Democrat,0,,,,PATTERN A from 1984 OCR (ROUND 18),0.85
OH,Cincinnati Post,134750,1986,H,1,,OH,"MORR, FRED",Republican,0,,,,PATTERN A from 1986 OCR (paper endorsed Luken D; ROUND 19),0.9
OH,Cincinnati Post,134750,1986,H,2,,OH,"STINEMAN, WILLIAM",Democrat,0,,,,PATTERN A from 1986 OCR (ROUND 19),0.9
OH,Cincinnati Post,134750,1986,STATE SENATOR,7,,OH,"ROECKERS, BERNIE",Democrat,0,,,,PATTERN A from 1986 OCR (ROUND 19),0.9
OH,Cincinnati Post,134750,1986,STATE REP,20,,OH,"POTTENGER, THOMAS",Republican,0,,,,PATTERN A from 1986 OCR (ROUND 19),0.9
OH,Cincinnati Post,134750,1986,STATE REP,21,,OH,"SCHMOLT, LAURENCE",Republican,0,,,,PATTERN A from 1986 OCR (ROUND 19),0.85
OH,Cincinnati Post,134750,1986,STATE REP,22,,OH,"DUNN, DELORES",Democrat,0,,,,PATTERN A from 1986 OCR (ROUND 19),0.9
OH,Cincinnati Post,134750,1986,STATE REP,22,,OH,"BERNS, JAMES",Independent,0,,,,PATTERN A from 1986 OCR (ROUND 19),0.85
OH,Cincinnati Post,134750,1986,STATE REP,23,,OH,"BROOKS, HAROLD",Republican,0,,,,PATTERN A from 1986 OCR (ROUND 19),0.85
OH,Cincinnati Post,134750,1986,STATE REP,24,,OH,"MUSEKAMP, ERIC",Republican,0,,,,PATTERN A from 1986 OCR (ROUND 19),0.85
OH,Cincinnati Post,134750,1986,STATE REP,25,,OH,"O'DONNELL, RICHARD",Republican,0,,,,PATTERN A from 1986 OCR (ROUND 19),0.85
OH,Cincinnati Post,134750,1986,STATE REP,27,,OH,"JERNIGAN, JOSEPH",Democrat,0,,,,PATTERN A from 1986 OCR (ROUND 19),0.85
OH,Cincinnati Post,134750,1986,CNTY COMM,,Hamilton,OH,"HARRIS, RONALD",Democrat,0,,,,PATTERN A from 1986 OCR (ROUND 19); DNAME FILL: Hamilton County (R45),0.9
OH,Cincinnati Post,134750,1986,AUDITOR,,Hamilton,OH,"GREEN, JUDITH",Democrat,0,,,,PATTERN A from 1986 OCR (ROUND 19); OFFICE STANDARDIZED: CNTY AUDITOR→AUDITOR (formal QA),0.9
OH,Cincinnati Post,134750,1986,SUPREME COURT,,,OH,"CELEBREZZE, FRANK",Nonpartisan,0,1,,,PATTERN A from 1986 OCR (ROUND 19),0.9
OH,Cincinnati Post,134750,1986,SUPREME COURT,,,OH,"SWEENEY, FRANCIS",Nonpartisan,0,,,,PATTERN A from 1986 OCR (ROUND 19),0.85
OH,Cincinnati Post,134750,1986,SUPREME COURT,,,OH,"BROWN, HERBERT",Nonpartisan,0,,,,PATTERN A from 1986 OCR (ROUND 19),0.85
OH,Cincinnati Post,134750,1990,STATE SENATOR,7,,OH,"MOSER, JOAN",Democrat,0,,,,PATTERN A from 1990 OCR (ROUND 20),0.85
OH,Cincinnati Post,134750,1990,STATE SENATOR,9,,OH,"HARRIS, RALPH E.",Republican,0,,,,PATTERN A from 1990 OCR - paper endorsed Bowen D (ROUND 20),0.9
OH,Cincinnati Post,134750,1990,STATE REP,20,,OH,"WINKLER, CHERYL",Republican,0,,,,PATTERN A from 1990 OCR (paper endorsed Brinker D; ROUND 20),0.9
OH,Cincinnati Post,134750,1990,STATE REP,21,,OH,"LUNSFORD, DONNA S.",Republican,0,,,,PATTERN A from 1990 OCR (paper endorsed Luebbers D; ROUND 20),0.85
OH,Cincinnati Post,134750,1990,STATE REP,22,,OH,"BERNS, JAMES A.",Independent,0,,,,PATTERN A from 1990 OCR (ROUND 20),0.85
OH,Cincinnati Post,134750,1990,STATE REP,23,,OH,"BROWN, ALBERT T.",Republican,0,,,,PATTERN A from 1990 OCR (paper endorsed Mallory D inc; ROUND 20),0.85
OH,Cincinnati Post,134750,1990,STATE REP,24,,OH,"JENNY, WILLIAM A.",Republican,0,,,,PATTERN A from 1990 OCR (paper endorsed Tranter D inc; ROUND 20),0.85
OH,Cincinnati Post,134750,1990,STATE REP,25,,OH,"SCOTT, LUCILLE G.",Republican,0,,,,PATTERN A from 1990 OCR (paper endorsed Rankin D inc; ROUND 20),0.85
OH,Cincinnati Post,134750,1990,STATE REP,26,,OH,"ROECKERS, BERNARD W.",Democrat,0,,,,PATTERN A from 1990 OCR (ROUND 20),0.85
OH,Cincinnati Post,134750,1990,STATE REP,27,,OH,"COATES, WAYNE",Democrat,0,,,,PATTERN A from 1990 OCR (paper endorsed Van Vyven R; ROUND 20),0.85
OH,Cincinnati Post,134750,1990,SUPREME COURT,,,OH,"BANKS, STUART J.",Nonpartisan,0,,,,PATTERN A from 1990 OCR (ROUND 20),0.85
OH,Cincinnati Post,134750,1990,SUPREME COURT,,,OH,"JONES, STEPHANIE TUBBS",Nonpartisan,1,,,,MISSING - paper endorsed Jones (per OCR; ROUND 20),0.9
OH,Cincinnati Post,134750,1982,H,1,,OH,"HELD, JOHN E.",Republican,0,,,,PATTERN A from 1982 OCR (paper endorsed Luken D; ROUND 25),0.9
OH,Cincinnati Post,134750,1982,H,2,,OH,"LUTTMER, WILLIAM J.",Democrat,0,,,,PATTERN A from 1982 OCR (ROUND 25),0.9
OH,Cincinnati Post,134750,1982,SUPREME COURT,,,OH,"SWEENEY, A. WILLIAM",Nonpartisan,0,,,,PATTERN A from 1982 OCR (ROUND 25),0.85
OH,Cincinnati Post,134750,1982,SUPREME COURT,,,OH,"MCCORMAC, JOHN W.",Nonpartisan,1,,,,MISSING - paper endorsed McCormac for SC (ROUND 25),0.9
OH,Cincinnati Post,134750,1982,SUPREME COURT,,,OH,"MCCRONE, WILLIAM J.",Nonpartisan,1,,,,MISSING - paper endorsed McCrone for SC (ROUND 25),0.9
OH,Cincinnati Post,134750,1982,SUPREME COURT,,,OH,"KRUPANSKY, BLANCHE",Nonpartisan,1,,,,MISSING - paper endorsed Krupansky for SC (ROUND 25),0.9
OH,Cincinnati Post,134750,1982,STATE SENATOR,9,,OH,"HARRIS, RALPH E.",Republican,0,,,,PATTERN A from 1982 OCR (ROUND 25),0.9
OH,Cincinnati Post,134750,1982,STATE REP,21,,OH,"CLEAR, RORY T.",Republican,0,,,,PATTERN A from 1982 OCR (paper endorsed Luebbers D; ROUND 25),0.85
OH,Cincinnati Post,134750,1982,STATE REP,22,,OH,"GUTZWILLER, JOHN H.",Democrat,0,,,,PATTERN A from 1982 OCR (ROUND 25),0.85
OH,Cincinnati Post,134750,1982,STATE REP,23,,OH,"CLIFTON, W. DEEMS",Republican,0,,,,PATTERN A from 1982 OCR (ROUND 25),0.85
OH,Cincinnati Post,134750,1982,STATE REP,24,,OH,"MANN, LESLIE B. JR.",Republican,0,,,,PATTERN A from 1982 OCR (ROUND 25),0.85
OH,Cincinnati Post,134750,1982,STATE REP,25,,OH,"FLAGG, CATHY L.",Republican,0,,,,PATTERN A from 1982 OCR (ROUND 25),0.85
OH,Cincinnati Post,134750,1982,STATE REP,26,,OH,"MAXWELL, MARY JOSEPH",Democrat,0,,,,PATTERN A from 1982 OCR (ROUND 25),0.85
OH,Cincinnati Post,134750,1978,H,1,,OH,"BURKE, TONY M.",Democrat,0,,,,PATTERN A from 1978 OCR (paper endorsed Gradison R; ROUND 26),0.9
OH,Cincinnati Post,134750,1978,H,2,,OH,"ARONOFF, STANLEY J.",Republican,0,,,,PATTERN A from 1978 OCR (paper endorsed Luken D; ROUND 26),0.9
OH,Cincinnati Post,134750,1978,STATE SENATOR,7,,OH,"WIESENHAHN, JEROME",Democrat,0,,,,PATTERN A from 1978 OCR (ROUND 26),0.85
OH,Cincinnati Post,134750,1978,STATE SENATOR,9,,OH,"GREENBERG, ROBERT",Republican,0,,,,PATTERN A from 1978 OCR (ROUND 26),0.85
OH,Cincinnati Post,134750,1978,STATE REP,19,,OH,"KOLLE, WILLIS J.",Democrat,0,,,,PATTERN A from 1978 OCR (paper endorsed Van Vyven R; ROUND 26),0.85
OH,Cincinnati Post,134750,1978,STATE REP,20,,OH,"POTTENGER, THOMAS A.",Republican,0,,,,PATTERN A from 1978 OCR (paper endorsed Rebold D; ROUND 26),0.85
OH,Cincinnati Post,134750,1978,STATE REP,21,,OH,"GRONEMAN, RAYMOND C.",Republican,0,,,,PATTERN A from 1978 OCR (paper endorsed Luebbers D; ROUND 26),0.85
OH,Cincinnati Post,134750,1978,STATE REP,22,,OH,"GUTZWILLER, JOHN H.",Democrat,0,,,,PATTERN A from 1978 OCR (paper endorsed Mayer R; ROUND 26),0.85
OH,Cincinnati Post,134750,1978,STATE REP,23,,OH,"HANKE, ANN",Republican,0,,,,PATTERN A from 1978 OCR (paper endorsed Mallory D; ROUND 26),0.85
OH,Cincinnati Post,134750,1978,STATE REP,24,,OH,"VISNIC, NICK",Republican,0,,,,PATTERN A from 1978 OCR (paper endorsed Tranter D; ROUND 26),0.85
OH,Cincinnati Post,134750,1978,STATE REP,25,,OH,"ALBANESE, DAVID J.",Republican,0,,,,PATTERN A from 1978 OCR (paper endorsed Rankin D; ROUND 26),0.85
OH,Cincinnati Post,134750,1978,STATE REP,26,,OH,"CUNNINGHAM, WILLIS D.",Democrat,0,1,,,PATTERN A from 1978 OCR (paper endorsed Fix R; ROUND 26),0.85
OH,Cincinnati Post,134750,1978,STATE REP,65,,OH,"NIEHAUS, BARRON M.",Democrat,0,,,,PATTERN A from 1978 OCR (paper endorsed Taft R; ROUND 26),0.85
OH,Cincinnati Post,134750,1978,CNTY COMM,,Hamilton,OH,"MURDOCK, NORMAN A.",Republican,0,,1,,PATTERN A from 1978 OCR (paper endorsed Rhodes D; ROUND 26); DNAME FILL: Hamilton County (R45),0.85
OH,Cincinnati Post,134750,1978,AUDITOR,,Hamilton,OH,"BROWN, JAMES M.",Democrat,0,,,,PATTERN A from 1978 OCR (paper endorsed DeCourcy R; ROUND 26); OFFICE STANDARDIZED: CNTY AUDITOR→AUDITOR (formal QA),0.85
OH,Cincinnati Post,134750,1978,SUPREME COURT,,,OH,"BROWN, CLIFFORD F.",Nonpartisan,0,,,,PATTERN A from 1978 OCR (ROUND 26),0.85
OH,Cincinnati Post,134750,1978,COURT OF APPEALS,1,,OH,"RANZ, JOHN H.",Nonpartisan,0,,,,PATTERN A from 1978 OCR (ROUND 26),0.85
OH,Cincinnati Post,134750,2002,STATE REP,28,,OH,"COATES, WAYNE",Democrat,0,,,,PATTERN A from 2002 OCR (R35),0.9
OH,Cincinnati Post,134750,2002,STATE REP,29,,OH,"KENNEWEG, DANNY",Democrat,0,,,,PATTERN A from 2002 OCR (R35),0.85
OH,Cincinnati Post,134750,2002,STATE REP,30,,OH,"KLUG, BOB",Democrat,0,,,,PATTERN A from 2002 OCR (R35); party inferred from R-endorsement pattern,0.8
OH,Cincinnati Post,134750,2002,STATE REP,31,,OH,"ROSS, SHERYL",Republican,0,,,,PATTERN A from 2002 OCR (R35); party inferred — opposed cross-party D endorsement,0.8
OH,Cincinnati Post,134750,2002,STATE REP,32,,OH,"BARETT, CATHERINE",Democrat,0,,,,PATTERN A from 2002 OCR (R35); paper endorsed Schaff R,0.85
OH,Cincinnati Post,134750,2002,H,1,,OH,"HARRIS, GREG",Democrat,0,,,,PATTERN A from 2002 OCR (R35); paper endorsed Chabot R; OFFICE STANDARDIZED: U.S. HOUSE→H (formal QA),0.85
OH,Cincinnati Post,134750,2002,SUPREME COURT,,,OH,"BLACK, TIM",Nonpartisan,1,,,,MISSING - paper endorsed Black for SC (R35),0.9
OH,Cincinnati Post,134750,2002,SUPREME COURT,,,OH,"BURNSIDE, JANET",Nonpartisan,0,,,,PATTERN A from 2002 OCR (R35),0.85
OH,Cincinnati Post,134750,1968,JUDGE,,Hamilton,OH,"JENNINGS, ROBERT D.",Nonpartisan,1,,,,Clerk Common Pleas Court endorsed (R38 from 1968 OCR); DNAME FILL: Hamilton County (R45),0.85
OH,Cincinnati Post,134750,1968,RECORDER,,Hamilton,OH,"HOY, JUDSON",Nonpartisan,1,,,,County Recorder endorsed (R38 from 1968 OCR); DNAME FILL: Hamilton County (R45),0.85
OH,Cincinnati Post,134750,1968,TREASURER,,Hamilton,OH,"JACOBS, ROBERT E.",Nonpartisan,1,,,,County Treasurer endorsed (R38 from 1968 OCR); DNAME FILL: Hamilton County (R45),0.85
OH,Cincinnati Post,134750,1968,COUNTY ENGINEER,,Hamilton,OH,"ROLLINS, KENT W.",Nonpartisan,1,,,,County Engineer endorsed (R38 from 1968 OCR); DNAME FILL: Hamilton County (R45),0.85
OH,Cincinnati Post,134750,1968,SUPREME COURT,,,OH,"TOFT, KINGSLEY A.",Nonpartisan,1,,,,Chief Justice OH SC endorsed (R38 from 1968 OCR),0.85
OH,Cincinnati Post,134750,1968,SUPREME COURT,,,OH,"MATTHIAS, JOHN M.",Nonpartisan,1,,,,OH SC Judge endorsed (R38 from 1968 OCR),0.85
OH,Cincinnati Post,134750,1968,SUPREME COURT,,,OH,"HERBERT, THOMAS M.",Nonpartisan,1,,,,OH SC Judge endorsed (R38 from 1968 OCR),0.85
OH,Cincinnati Post,134750,1968,COURT OF APPEALS,,,OH,"HESS, LEWIS R.",Nonpartisan,1,,,,COA endorsed (R38 from 1968 OCR),0.85
OH,Cincinnati Post,134750,1968,COURT OF APPEALS,,,OH,"GUSWEILER, FRANK M.",Nonpartisan,1,,,,COA endorsed (R38 from 1968 OCR),0.85
OH,Cincinnati Post,134750,1968,JUDGE,,Hamilton,OH,"CASTLE, LYLE W.",Nonpartisan,1,,,,Common Pleas Court Judge endorsed (R38 from 1968 OCR); DNAME FILL: Hamilton County (R45),0.85
OH,Cincinnati Post,134750,1968,JUDGE,,Hamilton,OH,"MORRISSEY, WILLIAM J.",Nonpartisan,1,,,,Common Pleas Court Judge endorsed (R38 from 1968 OCR); DNAME FILL: Hamilton County (R45),0.85
OH,Cincinnati Post,134750,1968,JUDGE,,Hamilton,OH,"SCHWARTE, BENJAMIN",Nonpartisan,1,,,,Juvenile Division Judge endorsed (R38 from 1968 OCR); DNAME FILL: Hamilton County (R45),0.85
OH,Cincinnati Post,134750,1968,JUDGE,,Hamilton,OH,"HOLMES, OLIVE L.",Nonpartisan,1,,,,Domestic Relations Judge endorsed (R38 from 1968 OCR); DNAME FILL: Hamilton County (R45),0.85
OH,Cincinnati Post,134750,1968,JUDGE,,Hamilton,OH,"HEITZLER, GEORGE S.",Nonpartisan,1,,,,Domestic Relations Judge endorsed (R38 from 1968 OCR); DNAME FILL: Hamilton County (R45),0.85
OH,Cincinnati Post,134750,1964,H,AL,,OH,"BOLTON, OLIVER P.",Republican,1,,,,At Large Congressman endorsed (R41 from 1964 OCR),0.85
OH,Cincinnati Post,134750,1964,SUPREME COURT,,,OH,"ZIMMERMAN, CHARLES B.",Nonpartisan,1,,,,OH SC endorsed (R41 from 1964 OCR),0.85
OH,Cincinnati Post,134750,1964,SUPREME COURT,,,OH,"O'NEILL, C. WILLIAM",Nonpartisan,1,,,,OH SC endorsed (R41 from 1964 OCR),0.85
OH,Cincinnati Post,134750,1964,COURT OF APPEALS,,,OH,"HOVER, C. WATSON",Nonpartisan,1,,,,COA endorsed (R41 from 1964 OCR),0.85
OH,Cincinnati Post,134750,1964,JUDGE,,Hamilton,OH,"KEATING, WILLIAM J.",Nonpartisan,1,,,,Common Pleas Judge endorsed (R41 from 1964 OCR); DNAME FILL: Hamilton County (R45),0.85
OH,Cincinnati Post,134750,1956,STATE REP,,,OH,"ROSS, NORMA L.",Republican,1,,,,MISSING from 1956 OCR (R50),0.85
OH,Cincinnati Post,134750,1956,STATE REP,,,OH,"RECKMAN, ROBERT F.",Republican,1,,,,MISSING from 1956 OCR (R50),0.85
OH,Cincinnati Post,134750,1954,STATE REP,,,OH,"SPRAUL, THOMAS",,1,,,,MISSING from 1954 OCR (R56),0.85
OH,Cincinnati Post,134750,1972,H,8,,OH,"RUPPERT, JAMES",Republican,1,,,,MISSING from 1972 OCR (R63) - 8th District,0.85
OH,Cincinnati Post,134750,1972,STATE REP,,,OH,"PANDILIDIS, PETER",,0,,,,PATTERN A from 1972 OCR (R63) - paper endorsed Brandenburg over Pandilidis,0.85
OH,Cincinnati Post,134750,1972,COUNTY ENGINEER,,Hamilton,OH,"SCHRAMM, DONALD C.",Nonpartisan,1,,,,MISSING from 1972 OCR (R63),0.85
OH,Cincinnati Post,134750,1972,JUDGE,,Hamilton,OH,"BECKMAN, PAUL",Nonpartisan,1,,,,MISSING from 1972 OCR (R63) - Probate Division,0.85
OH,Cincinnati Post,134750,1976,H,6,,OH,"STRICKLAND, TED",Democrat,1,,,,MISSING from 1976 OCR (R65) - paper endorsed Strickland H 6,0.9
OH,Cincinnati Post,134750,1976,JUDGE,,Hamilton,OH,"GORMAN, ROBERT",Nonpartisan,1,,,,MISSING from 1976 OCR (R65) - Common Pleas Court,0.85
OH,Cincinnati Post,134750,1976,JUDGE,,Hamilton,OH,"DOAN, RUPERT",Nonpartisan,1,,,,MISSING from 1976 OCR (R65) - Common Pleas Court,0.85
OH,Cincinnati Post,134750,1988,STATE REP,24,,OH,"MEYUNG, DENNIS A.",Republican,1,,,,MISSING from 1988 OCR (R67) - paper endorsed Meyung R H 24,0.85
OH,Cincinnati Post,134750,1988,JUDGE,,Hamilton,OH,"BUNYAN, GEORGE",Nonpartisan,1,,,,MISSING from 1988 OCR (R67) - Common Pleas Court,0.85
OH,Cincinnati Post,134750,1994,SUPREME COURT,,,OH,"COOK, DEBORAH",Nonpartisan,1,,,,MISSING from 1994 OCR (R76): Cook endorsed for term beginning 1/1/95,0.9
OH,Cincinnati Post,134750,2004,DA/PROSECUTOR,,Hamilton,OH,"DETERS, JOE",Republican,1,,,,MISSING from 2004 OCR (R80) - paper endorsed Deters as write-in for Prosecuting Attorney,0.85
OH,Cincinnati Post,134750,1996,STATE REP,35,,OH,"BROOKS, DANIEL R.",Democrat,1,,,,MISSING from 1996 OCR (R81) - paper endorsed Brooks D over Clancy R for OH H 35,0.9
OH,Cincinnati Post,134750,1996,STATE REP,30,,OH,"BRITTON, SAM",Democrat,1,,,,MISSING from 1996 OCR (R91),0.9
OH,Cincinnati Post,134750,1996,STATE REP,31,,OH,"MALLORY, MARK L.",Democrat,1,1,,,MISSING from 1996 OCR (R91) - unopposed,0.9
OH,Cincinnati Post,134750,1996,STATE REP,32,,OH,"VAN VYVEN, DALE N.",Republican,1,,1,,MISSING from 1996 OCR (R91),0.9
OH,Cincinnati Post,134750,1996,STATE REP,33,,OH,"LUEBBERS, JEROME F.",Democrat,1,1,,,MISSING from 1996 OCR (R91),0.9
OH,Cincinnati Post,134750,1996,STATE REP,34,,OH,"WINKLER, CHERYL",Republican,1,,,,MISSING from 1996 OCR (R91),0.9
OH,Cincinnati Post,134750,1996,STATE REP,36,,OH,"SCHULER, ROBERT L.",Republican,1,,1,,MISSING from 1996 OCR (R91),0.9
OH,Cincinnati Post,134750,1996,STATE REP,37,,OH,"O'BRIEN, JACQUELYN K.",Republican,1,,1,,MISSING from 1996 OCR (R91),0.9
OH,Cincinnati Post,134750,1996,STATE SENATOR,8,,OH,"BLESSING, LOUIS W. JR.",Republican,1,,,,"MISSING from 1996 OCR (R91) - Blessing was OH Senate D 8, not OH H D 21",0.9
OH,Cincinnati Post,134750,1994,STATE REP,33,,OH,"LUEBBERS, JEROME F.",Democrat,1,1,,,MISSING from 1994 OCR (R92),0.85
OH,Cincinnati Post,134750,1994,STATE REP,35,,OH,"BLESSING, LOUIS W. JR.",Republican,1,,1,,MISSING from 1994 OCR (R92) - over McFarlin,0.85
OH,Cincinnati Post,134750,1994,STATE REP,36,,OH,"SCHULER, ROBERT L.",Republican,1,,1,,MISSING from 1994 OCR (R92) - over Cassady,0.85
OH,Cincinnati Post,134750,1998,STATE REP,33,,OH,"LUEBBERS, JEROME F.",Democrat,1,1,,,MISSING from 1998 OCR (R95) - paper consistently endorsed Luebbers D 33 1986-2000,0.85
