state_newspaper,newspaper,newspaper_id,year,office,dist,dname,state_election,cand_name,party,endorsed,d_inc,r_inc,o_inc,notes_endorse,extraction_confidence
PA,PITTSBURGH POST-GAZETTE,141250,1940,H,30,,PA,"CORBETT, ROBERT J.",Republican,1,,1,,POST-GAZETTE ENDORSES CORBETT FOR THIRTIETH DISTRICT; HAS SERVED ONE TERM IN THE HOUSE,0.95
PA,PITTSBURGH POST-GAZETTE,141250,1940,H,31,,PA,"MCDOWELL, JOHN",Republican,1,,1,,POST-GAZETTE ENDORSES MCDOWELL FOR THIRTY-FIRST DISTRICT; HAS SERVED ONE TERM IN THE HOUSE,0.95
PA,PITTSBURGH POST-GAZETTE,141250,1940,H,32,,PA,"JACKSON, SAMUEL M.",Republican,1,,,,POST-GAZETTE ENDORSES JACKSON FOR THIRTY-SECOND DISTRICT; YOUNG REPUBLICAN MOVEMENT LEADER IN ALLEGHENY COUNTY,0.95
PA,PITTSBURGH POST-GAZETTE,141250,1940,H,33,,PA,"MARSH, JAMES I.",Republican,1,,,,POST-GAZETTE ENDORSES MARSH FOR THIRTY-THIRD DISTRICT; FORMER ASSISTANT US ATTORNEY WHO PROSECUTED VOTE FRAUD CASES OF 1932,0.95
PA,PITTSBURGH POST-GAZETTE,141250,1940,H,34,,PA,"MCKINLEY, ROBERT B.",Republican,1,,,,POST-GAZETTE ENDORSES MCKINLEY FOR THIRTY-FOURTH DISTRICT; YOUNG REPUBLICAN LEADER; NARROWLY MISSED ELECTION TWO YEARS AGO,0.95
PA,PITTSBURGH POST-GAZETTE,141250,1940,PRESIDENT,,,PA,"ROOSEVELT, FRANKLIN D.",Democrat,0,1,,,POST-GAZETTE OPPOSES ROOSEVELT; ACCUSES HIM OF CLASS HATRED APPEALS AND TRYING TO DIVIDE AMERICAN PEOPLE; SAYS HE IS SPOKESMAN OF A CLASS AND IMPLACABLE ENEMY OF CERTAIN GROUPS,0.97
PA,PITTSBURGH POST-GAZETTE,141250,1940,PRESIDENT,,,PA,"WILLKIE, WENDELL",Republican,1,,,,POST-GAZETTE ENDORSES WILLKIE FOR PRESIDENT ON ELECTION DAY; HEADLINE 'THE END OF THE 1940 CAMPAIGN'; PRAISES HIS GOSPEL OF UNITY; SAYS CITIZENS WILL VOTE FOR WILLKIE TO MAKE AMERICA STRONG AND FREE,0.97
PA,PITTSBURGH POST-GAZETTE,141250,1940,SENATOR,,,PA,"COOKE, JAY",Republican,1,,,,POST-GAZETTE ENDORSES COOKE FOR US SENATE; VOTING FOR COOKE SHOULD BE A PLEASURE TO BOTH REPUBLICANS AND INDEPENDENT DEMOCRATS,0.95
PA,PITTSBURGH POST-GAZETTE,141250,1940,SENATOR,,,PA,"GUFFEY, JOSEPH F.",Democrat,0,1,,,POST-GAZETTE OPPOSES SENATOR GUFFEY; REPRESENTS ALL THINGS WORST IN THE NEW DEAL; SERVILITY ARROGANCE CORRUPT POLITICAL MACHINES AND DELINQUENT INCOME TAXES,0.95
PA,PITTSBURGH POST-GAZETTE,141250,1942,H,24,,PA,"SNYDER, J. BUELL",Democrat,0,1,,,POST-GAZETTE OPPOSES SNYDER FOR RE-ELECTION; HEADLINE 'GROUNDS FOR NON-SUPPORT'; CRITICIZES HIM FOR INSTRUCTING POSTMASTERS TO CIRCUMVENT HATCH ACT; SAYS A BETTER IDEA WOULD BE TO SIDETRACK THE CONGRESSMAN; REPRESENTS GREENE FAYETTE AND SOMERSET COUNTIES,0.9
PA,PITTSBURGH POST-GAZETTE,141250,1944,H,29,,PA,"CAMPBELL, HOWARD",Republican,1,,,,POST-GAZETTE ENDORSES CAMPBELL FOR 29TH DISTRICT; FRESHMAN IN POLITICS BUT PRESIDENT OF PITTSBURGH REAL ESTATE BOARD; 70 YEARS OLD; CONTRACTOR AND MEAT INSPECTOR,0.92
PA,PITTSBURGH POST-GAZETTE,141250,1944,H,30,,PA,"CORBETT, ROBERT J.",Republican,1,,,,POST-GAZETTE GIVES EDGE TO CORBETT FOR 30TH DISTRICT; FORMERLY MEMBER OF CONGRESS; HAS RECANTED ISOLATIONIST LEANINGS AND GIVEN FULL ENDORSEMENT TO INTERNATIONAL COOPERATION; UNQUESTIONABLY CAPABLE,0.93
PA,PITTSBURGH POST-GAZETTE,141250,1944,H,30,,PA,"SCANLON, THOMAS E.",Democrat,0,1,,,POST-GAZETTE OPPOSES SCANLON FOR 30TH DISTRICT; INCUMBENT DEMOCRAT; LIKEABLE AND SINCERE BUT POST-GAZETTE GIVES EDGE TO CORBETT,0.93
PA,PITTSBURGH POST-GAZETTE,141250,1944,H,32,,PA,"LIDDLE, RAY A.",Republican,1,,,,POST-GAZETTE ENDORSES LIDDLE FOR 32ND DISTRICT; YOUNG ATTORNEY WHO HAS SHOWN MORE INTEREST IN PUBLIC AFFAIRS; WOULD TAKE BROADER VIEW OF DUTIES OF A CONGRESSMAN; POST-GAZETTE WOULD CAST A VOTE FOR LIDDLE,0.93
PA,PITTSBURGH POST-GAZETTE,141250,1944,H,32,,PA,"WEISS, SAMUEL A.",Democrat,0,1,,,POST-GAZETTE OPPOSES WEISS FOR 32ND DISTRICT; INCUMBENT; WELL-KNOWN AND GENERALLY POPULAR BUT DESCRIBED AS BEST 10-YARD DASH MAN IN POLITICS WHO STARTS OUT LIKE A FLASH BUT DOES NOT ALWAYS FINISH; PROVIDED EXAMPLE OF TRIMMING BY SWALLOWING TWO OF EARLES GAG LAWS,0.93
PA,PITTSBURGH POST-GAZETTE,141250,1944,H,33,,PA,"EBERHARTER, HERMAN P.",Democrat,1,1,,,POST-GAZETTE SOFT ENDORSEMENT OF EBERHARTER FOR 33RD DISTRICT; INCUMBENT DEMOCRAT; DISTRICT CAPABLY REPRESENTED BY EBERHARTER; HAS ACHIEVED RESULTS ON POWERFUL WAYS AND MEANS COMMITTEE; DISTRICT WEIGHTED HEAVILY DEMOCRATIC,0.85
PA,PITTSBURGH POST-GAZETTE,141250,1944,PRESIDENT,,,PA,"DEWEY, THOMAS E.",Republican,1,,,,POST-GAZETTE REAFFIRMS PREFERENCE FOR GOVERNOR DEWEY FOR PRESIDENT; PRAISES HIS POSITIVE AND UNEQUIVOCAL CHAMPIONING OF POSTWAR ORGANIZATION TO MAINTAIN PEACE; SAYS COUNTRY IS TIRED OF PRESENT ADMINISTRATION AND DISTRUSTFUL OF LONG TENURE IN OFFICE,0.97
PA,PITTSBURGH POST-GAZETTE,141250,1944,PRESIDENT,,,PA,"ROOSEVELT, FRANKLIN D.",Democrat,0,1,,,POST-GAZETTE OPPOSES ROOSEVELTS FOURTH TERM; DOES NOT FEAR HE WOULD BE DICTATOR BUT SAYS NOT SOUND PHILOSOPHY TO ASSUME GREAT PEOPLE CAN ONLY BE EXPRESSED THROUGH ONE INDIVIDUAL; TIRED OF CYNICISM IN WASHINGTON; FEELS HOUSECLEANING IS OVERDUE,0.97
PA,PITTSBURGH POST-GAZETTE,141250,1944,SENATOR,,,PA,"DAVIS, JAMES J.",Republican,1,,1,,POST-GAZETTE ENDORSES DAVIS FOR US SENATE; SAYS HE HAS REASONED HIS POSTWAR POSITION INCLUDING SUPPORT OF POSTWAR COLLABORATION AND USE OF FORCE TO PRESERVE PEACE; ALL THINGS CONSIDERED WOULD FAVOR HIS RE-ELECTION,0.93
PA,PITTSBURGH POST-GAZETTE,141250,1944,SENATOR,,,PA,"MYERS, FRANCIS J.",Democrat,0,,,,POST-GAZETTE OPPOSES MYERS FOR SENATE; SAYS DAVIS ON BASIS OF ISOLATIONIST RECORD HAS VOTES FOR ACROSS ON OTHER SIDE BUT MYERS HAS AN UNDISTINGUISHED RUBBER-STAMP RECORD; PHILADELPHIA DEMOCRATIC MACHINE CANDIDATE,0.93
PA,PITTSBURGH POST-GAZETTE,141250,1946,GOVERNOR,,,PA,"DUFF, JAMES H.",Republican,1,,,,POST-GAZETTE UNQUALIFIEDLY ENDORSES ATTORNEY GENERAL DUFF FOR GOVERNOR; ABLEST OF ALL STATE CANDIDATES FOR MAJOR OFFICE; WOULD NOT BE SUBJECT TO DICTATION FROM ANY SOURCE,0.97
PA,PITTSBURGH POST-GAZETTE,141250,1946,GOVERNOR,,,PA,"RICE, JOHN S.",Democrat,0,,,,POST-GAZETTE OPPOSES RICE FOR GOVERNOR; HIS RECORD INCLUDES OUTSTANDING INSTANCE OF POLITICAL SUBSERVIENCE INCLUDING SUPPORT OF INFAMOUS GAG LAWS IN 1938,0.97
PA,PITTSBURGH POST-GAZETTE,141250,1946,H,29,,PA,"DAVENPORT, HARRY J.",Democrat,1,,,,POST-GAZETTE FAVORS DAVENPORT FOR 29TH DISTRICT OVER REPUBLICAN MCDOWELL; CROSS-PARTY ENDORSEMENT,0.95
PA,PITTSBURGH POST-GAZETTE,141250,1946,H,29,,PA,"MCDOWELL, JOHN",Republican,0,,,,POST-GAZETTE OPPOSES MCDOWELL FOR 29TH DISTRICT; HIS RECORD IN CONGRESS AND PUBLIC UTTERANCES SINCE LEAVING CONGRESS STAMP HIM AS UNCOMPROMISING MEMBER OF PARTYS EXTREME RIGHT WING,0.95
PA,PITTSBURGH POST-GAZETTE,141250,1946,H,30,,PA,"CORBETT, ROBERT J.",Republican,1,,1,,POST-GAZETTE RECOMMENDS RE-ELECTION OF CORBETT IN 30TH DISTRICT; ONE OF FOUR INCUMBENTS ENDORSED ACROSS PARTY LINES,0.97
PA,PITTSBURGH POST-GAZETTE,141250,1946,H,31,,PA,"FULTON, JAMES G.",Republican,1,,1,,POST-GAZETTE RECOMMENDS RE-ELECTION OF FULTON IN 31ST DISTRICT; ONE OF FOUR INCUMBENTS ENDORSED ACROSS PARTY LINES,0.97
PA,PITTSBURGH POST-GAZETTE,141250,1946,H,32,,PA,"EBERHARTER, HERMAN P.",Democrat,1,1,,,POST-GAZETTE RECOMMENDS RE-ELECTION OF EBERHARTER IN 32ND DISTRICT; ONE OF FOUR INCUMBENTS ENDORSED ACROSS PARTY LINES,0.97
PA,PITTSBURGH POST-GAZETTE,141250,1946,H,33,,PA,"BUCHANAN, FRANK D.",Democrat,1,1,,,POST-GAZETTE RECOMMENDS RE-ELECTION OF BUCHANAN IN 33RD DISTRICT; ONE OF FOUR INCUMBENTS ENDORSED ACROSS PARTY LINES,0.97
PA,PITTSBURGH POST-GAZETTE,141250,1946,LT GOVERNOR,,,PA,"STRICKLER, DANIEL R.",Republican,1,,,,POST-GAZETTE FAVORS ELECTION OF DUFFS RUNNING MATE STRICKLER AS LIEUTENANT GOVERNOR,0.95
PA,PITTSBURGH POST-GAZETTE,141250,1946,SENATOR,,,PA,"GUFFEY, JOSEPH F.",Democrat,0,1,,,POST-GAZETTE OPPOSES GUFFEY FOR US SENATE; SAYS HIS RECORD AS A RUBBER STAMP FOR THE LAST 12 YEARS DISQUALIFIES HIM FOR FURTHER PUBLIC SERVICE,0.97
PA,PITTSBURGH POST-GAZETTE,141250,1946,SENATOR,,,PA,"MARTIN, EDWARD",Republican,1,,,,POST-GAZETTE RECOMMENDS ELECTION OF GOVERNOR EDWARD MARTIN FOR US SENATE OVER DEMOCRATIC INCUMBENT GUFFEY,0.97
PA,PITTSBURGH POST-GAZETTE,141250,1946,STATE SENATOR,,,PA,"GELTZ, JAMES A.",Republican,1,,1,,POST-GAZETTE RECOMMENDS RE-ELECTION OF GELTZ AS ONE OF FOUR STATE SENATE INCUMBENTS FROM ALLEGHENY COUNTY; REPUTABLE AND ABLE SPOKESMAN,0.95
PA,PITTSBURGH POST-GAZETTE,141250,1946,STATE SENATOR,,,PA,"HOLLAND, ELMER J.",Democrat,1,1,,,POST-GAZETTE RECOMMENDS RE-ELECTION OF HOLLAND AS ONE OF FOUR STATE SENATE INCUMBENTS FROM ALLEGHENY COUNTY; REPUTABLE AND ABLE SPOKESMAN,0.95
PA,PITTSBURGH POST-GAZETTE,141250,1946,STATE SENATOR,,,PA,"MCGINNIS, B. B.",Democrat,1,1,,,POST-GAZETTE RECOMMENDS RE-ELECTION OF MCGINNIS AS ONE OF FOUR STATE SENATE INCUMBENTS FROM ALLEGHENY COUNTY; REPUTABLE AND ABLE SPOKESMAN,0.95
PA,PITTSBURGH POST-GAZETTE,141250,1946,STATE SENATOR,,,PA,"WALKER, JOHN M.",Republican,1,,1,,POST-GAZETTE RECOMMENDS RE-ELECTION OF WALKER AS ONE OF FOUR STATE SENATE INCUMBENTS FROM ALLEGHENY COUNTY; REPUTABLE AND ABLE SPOKESMAN,0.95
PA,PITTSBURGH POST-GAZETTE,141250,1948,H,29,,PA,"DAVENPORT, HARRY J.",Democrat,1,,,,POST-GAZETTE ENDORSES DAVENPORT TO SUCCEED MCDOWELL IN CONGRESS; URGES VOTERS OF 29TH DISTRICT TO ASSERT DISAPPROVAL OF MCDOWELLS UN-AMERICAN PRACTICES BY ELECTING DAVENPORT,0.95
PA,PITTSBURGH POST-GAZETTE,141250,1948,H,29,,PA,"MCDOWELL, JOHN",Republican,0,,1,,POST-GAZETTE STRONGLY OPPOSES MCDOWELL FOR RE-ELECTION IN 29TH DISTRICT; HEADLINE MCDOWELLS MAJOR OFFENSE; CRITICIZES HIS CONDUCT ON HOUSE UN-AMERICAN ACTIVITIES COMMITTEE AS GUILT BY ASSOCIATION DEFAMATION OF CHARACTER AND CONTEMPT FOR DUE PROCESS; SAYS HIS ATTACKS MOTIVATED BY DESIRE FOR PERSONAL PUBLICITY OR PARTY GAIN RATHER THAN PROTECTION OF THE REPUBLIC; RECKLESS WITCH HUNTS,0.95
PA,PITTSBURGH POST-GAZETTE,141250,1952,PRESIDENT,,,PA,"EISENHOWER, DWIGHT D.",Republican,1,,,,POST-GAZETTE REAFFIRMS SUPPORT FOR EISENHOWER FOR PRESIDENT; URGED HIS NOMINATION IN PRIMARY AND NOW GLAD TO REAFFIRM; SAYS COUNTRY IS BADLY IN NEED OF CHANGE OF PARTY CONTROL AND THE GENERAL HAS SHOWN HE IS A GREAT MAN TO HEAD IT UP; DEMOCRATS HAVE BEEN IN POWER 20 YEARS,0.97
PA,PITTSBURGH POST-GAZETTE,141250,1952,PRESIDENT,,,PA,"STEVENSON, ADLAI",Democrat,0,,,,POST-GAZETTE OPPOSES STEVENSON; FEARS IF DEMOCRATS RETURNED TO OFFICE CHASM BETWEEN LEFT-WING AND CONSERVATIVE ELEMENTS WILL WIDEN AND VOICE OF PARTYS MODERATES WILL BE SILENCED; ANOTHER REPUBLICAN DEFEAT WOULD LEAVE PARTY SO DISGRUNTLED IRRESPONSIBLE RIGHT-WING ELEMENT COULD SEIZE CONTROL,0.95
PA,PITTSBURGH POST-GAZETTE,141250,1952,SENATOR,,,PA,"BARD, GUY K.",Democrat,0,,,,POST-GAZETTE OPPOSES BARD FOR US SENATE; OLD LINE NEW DEAL FAIR DEAL POLITICIAN WHO HAS LABORED IN DEMOCRATIC VINEYARD; UNSPECTACULAR PARTY WHEELHORSE NOTED PRINCIPALLY FOR PARTY REGULARITY; SURRENDERED FEDERAL BENCH JOB TO RUN,0.92
PA,PITTSBURGH POST-GAZETTE,141250,1952,SENATOR,,,PA,"MARTIN, EDWARD",Republican,1,,1,,POST-GAZETTE RELUCTANTLY ENDORSES MARTIN FOR US SENATE RE-ELECTION; CALLS RACE CHOICE BETWEEN SPINACH AND RUTABAGA; SAYS LITTLE REASON ON THE RECORD TO SUPPORT HIM BUT LARGER CONSIDERATION OF PROVIDING CONGRESSIONAL MAJORITY FOR EISENHOWER; MARTIN IS 73 YEARS OLD AND LOYAL TO OLD GUARD FACTION; REDBOOK CALLED HIM AMERICAN EQUIVALENT OF COLONEL BLIMP; ENDORSEMENT DRIVEN BY PARTY REGULARITY AND NEED FOR REPUBLICAN SENATE MAJORITY,0.92
PA,PITTSBURGH POST-GAZETTE,141250,1952,SUPREME COURT,,,PA,"ARNOLD, JOHN C.",Democrat,0,,,,POST-GAZETTE OPPOSES JUDGE ARNOLD OF CLEARFIELD FOR STATE SUPREME COURT; AT 64 LACKS THE YOUTHFUL VIGOR NECESSARY FOR RIGORS OF THE SUPREME COURT,0.93
PA,PITTSBURGH POST-GAZETTE,141250,1952,SUPREME COURT,,,PA,"MONTGOMERY, HARRY M.",Republican,1,,,,POST-GAZETTE ENDORSES COMMON PLEAS JUDGE MONTGOMERY FOR PENNSYLVANIA SUPREME COURT; ALLEGHENY COUNTY JURIST; WELL QUALIFIED BY TRAINING AND TEMPERAMENT; FIRST WON ADMIRATION ON ALLEGHENY COUNTY COURT FOR CLARIFYING AMBIGUOUS STATE LIQUOR LAWS; ELEVATED TO COMMON PLEAS BENCH; AGE 50 WITH NINE YEARS ON BENCH PLUS PRIVATE PRACTICE AND ASSISTANT COUNTY SOLICITOR EXPERIENCE,0.95
PA,PITTSBURGH POST-GAZETTE,141250,1954,COURT OF APPEALS,,,PA,"RHODES, CHESTER H.",Democrat,1,1,,,POST-GAZETTE RECOMMENDS RE-ELECTION OF PRESIDENT JUDGE RHODES FOR SUPERIOR COURT; IN LINE WITH SITTING JUDGE PRINCIPLE TO KEEP BENCH FREE OF POLITICS; ENDORSED BY PENNSYLVANIA BAR ASSOCIATION,0.95
PA,PITTSBURGH POST-GAZETTE,141250,1954,COURT OF APPEALS,,,PA,"ROSS, F. CLAIR",Democrat,1,1,,,POST-GAZETTE RECOMMENDS RE-ELECTION OF JUDGE ROSS FOR SUPERIOR COURT; IN LINE WITH SITTING JUDGE PRINCIPLE; ENDORSED BY PENNSYLVANIA BAR ASSOCIATION,0.95
PA,PITTSBURGH POST-GAZETTE,141250,1954,COURT OF APPEALS,,,PA,"WOODSIDE, ROBERT E.",Republican,1,,,,POST-GAZETTE RECOMMENDS ELECTION OF JUDGE WOODSIDE FOR SUPERIOR COURT; HAS SERVED ONE YEAR BY APPOINTMENT; ENDORSED BY PENNSYLVANIA BAR ASSOCIATION,0.95
PA,PITTSBURGH POST-GAZETTE,141250,1954,GOVERNOR,,,PA,"WOOD, LLOYD H.",Republican,1,,,,POST-GAZETTE ENDORSES LIEUTENANT GOVERNOR WOOD FOR GOVERNOR; REPUBLICANS OFFER BEST HOPE OF FINANCIAL RESPONSIBILITY; GOP WILL RETAIN SALES TAX IF NECESSARY FOR PUBLIC SCHOOLS WHILE DEMOCRATS PLEDGE ABOLITION WITH NO SOUND ALTERNATIVE,0.95
PA,PITTSBURGH POST-GAZETTE,141250,1954,H,27,,PA,"FULTON, JAMES G.",Republican,1,,1,,POST-GAZETTE ENDORSES FULTON FOR CONGRESS; ONE OF FOUR GOOD CONGRESSMEN FROM ALLEGHENY COUNTY WHO SERVE CONSTITUENTS WELL AND DESERVE ANOTHER TWO YEARS IN WASHINGTON,0.95
PA,PITTSBURGH POST-GAZETTE,141250,1954,H,28,,PA,"EBERHARTER, HERMAN P.",Democrat,1,1,,,POST-GAZETTE ENDORSES EBERHARTER FOR CONGRESS; ONE OF FOUR GOOD CONGRESSMEN FROM ALLEGHENY COUNTY WHO SERVE CONSTITUENTS WELL AND DESERVE ANOTHER TWO YEARS IN WASHINGTON,0.95
PA,PITTSBURGH POST-GAZETTE,141250,1954,H,29,,PA,"CORBETT, ROBERT J.",Republican,1,,1,,POST-GAZETTE ENDORSES CORBETT FOR CONGRESS; ONE OF FOUR GOOD CONGRESSMEN FROM ALLEGHENY COUNTY WHO SERVE CONSTITUENTS WELL AND DESERVE ANOTHER TWO YEARS IN WASHINGTON,0.95
PA,PITTSBURGH POST-GAZETTE,141250,1954,H,30,,PA,"BUCHANAN, VERA",Democrat,1,1,,,POST-GAZETTE ENDORSES BUCHANAN FOR CONGRESS; ONE OF FOUR GOOD CONGRESSMEN FROM ALLEGHENY COUNTY WHO SERVE CONSTITUENTS WELL AND DESERVE ANOTHER TWO YEARS IN WASHINGTON; SUCCEEDED HER LATE HUSBAND FRANK D. BUCHANAN,0.93
PA,PITTSBURGH POST-GAZETTE,141250,1956,AUDITOR,,,PA,"SMITH, CHARLES C.",Republican,1,,,,POST-GAZETTE ENDORSES SMITH OF PHILADELPHIA FOR AUDITOR GENERAL; REPUBLICAN MINORITY LEADER OF STATE HOUSE; FULLY QUALIFIED BY EXPERIENCE; DESIRABLE TO HAVE OPPOSITION MEMBER AS WATCHDOG OVER PARTY IN POWER,0.95
PA,PITTSBURGH POST-GAZETTE,141250,1956,COURT OF APPEALS,,,PA,"WATKINS, G. HAROLD",Republican,1,,,,POST-GAZETTE ENDORSES WATKINS OF SCHUYLKILL COUNTY FOR SUPERIOR COURT; IMPRESSES AS MUCH THE BETTER OF THE TWO CANDIDATES,0.95
PA,PITTSBURGH POST-GAZETTE,141250,1956,H,,,PA,"CORBETT, ROBERT J",Republican,1,,1,,Allegheny County Representative recommended for new term,0.90
PA,PITTSBURGH POST-GAZETTE,141250,1956,H,,,PA,"FULTON, JAMES G",Republican,1,,1,,Allegheny County Representative recommended for new term,0.90
PA,PITTSBURGH POST-GAZETTE,141250,1956,H,,,PA,"HOLLAND, ELMER J",Democrat,1,1,,,Allegheny County Representative recommended for new term,0.90
PA,PITTSBURGH POST-GAZETTE,141250,1956,H,,,PA,"WITT, RICHARD C",Republican,1,,,,Endorsed to succeed Herman P. Eberharter,0.90
PA,PITTSBURGH POST-GAZETTE,141250,1956,H,27,,PA,"FULTON, JAMES G.",Republican,1,,1,,POST-GAZETTE ENDORSES FULTON FOR RE-ELECTION TO CONGRESS; ONE OF THREE ALLEGHENY COUNTY REPRESENTATIVES ENDORSED FOR NEW TERMS,0.95
PA,PITTSBURGH POST-GAZETTE,141250,1956,H,28,,PA,"WITT, RICHARD C.",Republican,1,,,,POST-GAZETTE ENDORSES WITT TO SUCCEED HERMAN P. EBERHARTER IN FOURTH ALLEGHENY COUNTY CONGRESSIONAL SEAT; REPUBLICAN CANDIDATE,0.93
PA,PITTSBURGH POST-GAZETTE,141250,1956,H,29,,PA,"CORBETT, ROBERT J.",Republican,1,,1,,POST-GAZETTE ENDORSES CORBETT FOR RE-ELECTION TO CONGRESS; ONE OF THREE ALLEGHENY COUNTY REPRESENTATIVES ENDORSED FOR NEW TERMS,0.95
PA,PITTSBURGH POST-GAZETTE,141250,1956,H,30,,PA,"HOLLAND, ELMER J.",Democrat,1,1,,,POST-GAZETTE ENDORSES DEMOCRAT HOLLAND FOR RE-ELECTION TO CONGRESS; ONE OF THREE ALLEGHENY COUNTY REPRESENTATIVES ENDORSED FOR NEW TERMS,0.93
PA,PITTSBURGH POST-GAZETTE,141250,1956,PRESIDENT,,,PA,"EISENHOWER, DWIGHT D.",Republican,1,,1,,POST-GAZETTE SUPPORTS EISENHOWER AND NIXON FOR RE-ELECTION; ADMINISTRATION HAS KEPT MIDDLE OF THE ROAD POLICY NURTURED ECONOMIC STRENGTH AND KEPT DEFENSES STRONG; PRESIDENT HAS CONTINUED TO WORK FOR PEACE AND BY VIRTUE OF HIS UNIQUE STATURE AS WORLD-WIDE LEADER CAN DO MORE THAN ANY AMERICAN,0.97
PA,PITTSBURGH POST-GAZETTE,141250,1956,SENATOR,,,PA,"CLARK, JOSEPH S.",Democrat,1,,,,POST-GAZETTE ENDORSES CLARK FOR US SENATE; FORMER MAYOR OF PHILADELPHIA; HAS THE VIGOR IMAGINATION AND INTELLIGENCE TO BECOME AN OUTSTANDING MEMBER OF THE SENATE; CROSS-PARTY ENDORSEMENT BY REPUBLICAN-LEANING PAPER,0.97
PA,PITTSBURGH POST-GAZETTE,141250,1956,STATE REP,,,PA,"GOLDSTEIN, MAURICE H.",Republican,1,,1,,POST-GAZETTE SINGLES OUT GOLDSTEIN AS HARD-WORKING REPUBLICAN STATE REPRESENTATIVE PARTICULARLY DESERVING OF RE-ELECTION,0.93
PA,PITTSBURGH POST-GAZETTE,141250,1956,STATE REP,,,PA,"RIGBY, JOSEPH P.",Republican,1,,1,,POST-GAZETTE SINGLES OUT RIGBY AS HARD-WORKING REPUBLICAN STATE REPRESENTATIVE PARTICULARLY DESERVING OF RE-ELECTION,0.93
PA,PITTSBURGH POST-GAZETTE,141250,1956,STATE SENATOR,,,PA,"SARRAF, GEORGE J.",Democrat,1,,,,POST-GAZETTE RECOMMENDS PROMOTION OF VETERAN DEMOCRATIC STATE REPRESENTATIVE DR. SARRAF TO STATE SENATE; CROSS-PARTY ENDORSEMENT,0.93
PA,PITTSBURGH POST-GAZETTE,141250,1956,SUPREME COURT,,,PA,"COHEN, HERBERT B",Democrat,1,,,,Unopposed; assured of election,0.85
PA,PITTSBURGH POST-GAZETTE,141250,1956,SUPREME COURT,,,PA,"JONES, BENJAMIN R",Republican,1,,,,Unopposed; assured of election,0.85
PA,PITTSBURGH POST-GAZETTE,141250,1956,TREASURER,,,PA,"KNOX, JAMES W.",Democrat,1,,,,POST-GAZETTE ENDORSES KNOX FOR STATE TREASURER; YOUNG DEMOCRAT WHO HAS SERVED TWO TERMS AS CONTROLLER OF ALLEGHENY COUNTY; WELL QUALIFIED BY EXPERIENCE; CROSS-PARTY ENDORSEMENT,0.95
PA,PITTSBURGH POST-GAZETTE,141250,1956,VICE PRESIDENT,,,PA,"NIXON, RICHARD",Republican,1,,1,,Supported for re-election alongside Eisenhower,0.97
PA,PITTSBURGH POST-GAZETTE,141250,1958,GOVERNOR,,,PA,"LAWRENCE, DAVID L.",Democrat,1,,,,POST-GAZETTE ENDORSES PITTSBURGHS MAYOR LAWRENCE FOR GOVERNOR; EXPERIENCE DRIVE AND QUALITIES OF LEADERSHIP SHOULD RESULT IN ONE OF BEST ADMINISTRATIONS STATE HAS HAD; NOT WITHIN MANY YEARS HAS A MAN SO WELL QUALIFIED SOUGHT THIS OFFICE; CROSS-PARTY ENDORSEMENT,0.97
PA,PITTSBURGH POST-GAZETTE,141250,1958,H,,,PA,"CORBETT, ROBERT J",Republican,1,,1,,Allegheny County congressman; should be re-elected,0.95
PA,PITTSBURGH POST-GAZETTE,141250,1958,H,,,PA,"FULTON, JAMES G",Republican,1,,1,,Allegheny County congressman; should be re-elected,0.95
PA,PITTSBURGH POST-GAZETTE,141250,1958,H,,,PA,"HOLLAND, ELMER J",Democrat,1,1,,,Allegheny County congressman; should be re-elected,0.95
PA,PITTSBURGH POST-GAZETTE,141250,1958,H,27,,PA,"FULTON, JAMES G.",Republican,1,,1,,POST-GAZETTE ENDORSES FULTON FOR RE-ELECTION TO CONGRESS; ONE OF THREE ALLEGHENY COUNTY CONGRESSMEN ENDORSED,0.95
PA,PITTSBURGH POST-GAZETTE,141250,1958,H,28,,PA,"MOORHEAD, WILLIAM S.",Democrat,1,,,,POST-GAZETTE FAVORS MOORHEAD IN 28TH DISTRICT TO SUCCEED THE LATE HERMAN P. EBERHARTER,0.95
PA,PITTSBURGH POST-GAZETTE,141250,1958,H,29,,PA,"CORBETT, ROBERT J.",Republican,1,,1,,POST-GAZETTE ENDORSES CORBETT FOR RE-ELECTION TO CONGRESS; ONE OF THREE ALLEGHENY COUNTY CONGRESSMEN ENDORSED,0.95
PA,PITTSBURGH POST-GAZETTE,141250,1958,H,30,,PA,"HOLLAND, ELMER J.",Democrat,1,1,,,POST-GAZETTE ENDORSES HOLLAND FOR RE-ELECTION TO CONGRESS; ONE OF THREE ALLEGHENY COUNTY CONGRESSMEN ENDORSED,0.95
PA,PITTSBURGH POST-GAZETTE,141250,1958,SENATOR,,,PA,"LEADER, GEORGE M.",Democrat,0,,,,POST-GAZETTE OPPOSES GOVERNOR LEADER FOR US SENATE; ACKNOWLEDGES HE IS A GOOD CHOICE BUT PREFERS SCOTT,0.93
PA,PITTSBURGH POST-GAZETTE,141250,1958,SENATOR,,,PA,"SCOTT, HUGH",Republican,1,,,,POST-GAZETTE ENDORSES CONGRESSMAN SCOTT OF PHILADELPHIA FOR US SENATE; PREFERABLE ON BASIS OF CONGRESSIONAL EXPERIENCE TEMPERAMENT AND MORE CONSERVATIVE OUTLOOK,0.95
PA,PITTSBURGH POST-GAZETTE,141250,1958,STATE REP,,,PA,"DONALDSON, LEE A.",Republican,1,,1,,POST-GAZETTE MAKES EXCEPTION FOR REPUBLICAN REPRESENTATIVE DONALDSON DESPITE ENDORSING DEMOCRATIC LEGISLATIVE MAJORITY,0.93
PA,PITTSBURGH POST-GAZETTE,141250,1958,STATE REP,,,PA,"GIBB, LAURENCE V.",Republican,1,,1,,POST-GAZETTE MAKES EXCEPTION FOR REPUBLICAN REPRESENTATIVE GIBB DESPITE ENDORSING DEMOCRATIC LEGISLATIVE MAJORITY,0.93
PA,PITTSBURGH POST-GAZETTE,141250,1958,STATE REP,,,PA,"GOLDSTEIN, MAURICE H.",Republican,1,,1,,POST-GAZETTE MAKES EXCEPTION FOR REPUBLICAN REPRESENTATIVE GOLDSTEIN DESPITE ENDORSING DEMOCRATIC LEGISLATIVE MAJORITY,0.93
PA,PITTSBURGH POST-GAZETTE,141250,1958,STATE REP,,,PA,"RIGBY, JOSEPH P.",Republican,1,,1,,POST-GAZETTE MAKES EXCEPTION FOR REPUBLICAN REPRESENTATIVE RIGBY DESPITE ENDORSING DEMOCRATIC LEGISLATIVE MAJORITY,0.93
PA,PITTSBURGH POST-GAZETTE,141250,1958,STATE REP,,,PA,"WILT, RAYMOND E.",Republican,1,,1,,POST-GAZETTE MAKES EXCEPTION FOR REPUBLICAN REPRESENTATIVE WILT DESPITE ENDORSING DEMOCRATIC LEGISLATIVE MAJORITY,0.93
PA,PITTSBURGH POST-GAZETTE,141250,1958,STATE SENATOR,,,PA,"FLEMING, ROBERT D.",Republican,1,,1,,POST-GAZETTE MAKES EXCEPTION FOR REPUBLICAN SENATOR FLEMING DESPITE ENDORSING DEMOCRATIC LEGISLATIVE MAJORITY; DESERVING OF RE-ELECTION,0.93
PA,PITTSBURGH POST-GAZETTE,141250,1958,SUPREME COURT,,,PA,"BOK, CURTIS",Democrat,,,,,Mentioned as well qualified; either candidate acceptable,0.70
PA,PITTSBURGH POST-GAZETTE,141250,1958,SUPREME COURT,,,PA,"WOODSIDE, ROBERT E",Republican,,,,,Mentioned as well qualified; either candidate acceptable,0.70
PA,PITTSBURGH POST-GAZETTE,141250,1960,AUDITOR,,,PA,"KENT, ROBERT F.",Republican,1,,,,POST-GAZETTE ENDORSES INCUMBENT TREASURER KENT FOR AUDITOR GENERAL; REPUBLICAN OFFICIALS BARRED FROM SECOND TERMS SHOULD BE PERMITTED TO EXCHANGE OFFICES; DEMONSTRATED VALUE AS EFFICIENT WATCHDOGS,0.95
PA,PITTSBURGH POST-GAZETTE,141250,1960,COURT OF APPEALS,,,PA,"GUNTHER, BLAIR F",,1,,,,PA Superior Court; sitting judge principle; should be re-elected for another 10-year term; from Fox Chapel,0.92
PA,PITTSBURGH POST-GAZETTE,141250,1960,COURT OF APPEALS,,,PA,"GUNTHER, BLAIR F.",Republican,1,,1,,POST-GAZETTE RECOMMENDS RE-ELECTION OF JUDGE GUNTHER OF FOX CHAPEL FOR ANOTHER 10-YEAR TERM ON SUPERIOR COURT; ENDORSED ON SITTING JUDGE PRINCIPLE AND ON BASIS OF HIS SERVICE AND DEVOTION TO OFFICE,0.93
PA,PITTSBURGH POST-GAZETTE,141250,1960,H,,,PA,"CORBETT, ROBERT J",Republican,1,,1,,Allegheny County congressman; earned reelection through attendance and service,0.95
PA,PITTSBURGH POST-GAZETTE,141250,1960,H,,,PA,"FULTON, JAMES G",Republican,1,,1,,Allegheny County congressman; earned reelection through attendance and service,0.95
PA,PITTSBURGH POST-GAZETTE,141250,1960,H,,,PA,"HOLLAND, ELMER J",Democrat,1,,,,Allegheny County congressman; earned reelection through attendance and service,0.95
PA,PITTSBURGH POST-GAZETTE,141250,1960,H,,,PA,"MOORHEAD, WILLIAM S",Democrat,1,,,,Allegheny County congressman; earned reelection through attendance and service,0.95
PA,PITTSBURGH POST-GAZETTE,141250,1960,H,27,,PA,"FULTON, JAMES G.",Republican,1,,1,,POST-GAZETTE ENDORSES FULTON FOR RE-ELECTION; ATTENDANCE RECORDS AND SERVICE TO CONSTITUENTS HAVE EARNED REELECTION,0.95
PA,PITTSBURGH POST-GAZETTE,141250,1960,H,28,,PA,"MOORHEAD, WILLIAM S.",Democrat,1,1,,,POST-GAZETTE ENDORSES MOORHEAD FOR RE-ELECTION; ATTENDANCE RECORDS AND SERVICE TO CONSTITUENTS HAVE EARNED REELECTION,0.95
PA,PITTSBURGH POST-GAZETTE,141250,1960,H,29,,PA,"CORBETT, ROBERT J.",Republican,1,,1,,POST-GAZETTE ENDORSES CORBETT FOR RE-ELECTION; ATTENDANCE RECORDS AND SERVICE TO CONSTITUENTS HAVE EARNED REELECTION,0.95
PA,PITTSBURGH POST-GAZETTE,141250,1960,H,30,,PA,"HOLLAND, ELMER J.",Democrat,1,1,,,POST-GAZETTE ENDORSES HOLLAND FOR RE-ELECTION; ATTENDANCE RECORDS AND SERVICE TO CONSTITUENTS HAVE EARNED REELECTION,0.95
PA,PITTSBURGH POST-GAZETTE,141250,1960,PRESIDENT,,,PA,"KENNEDY, JOHN F.",Democrat,1,,,,POST-GAZETTE ENDORSES SENATOR KENNEDY FOR PRESIDENT; HIS ELECTION MOST LIKELY TO ENABLE UNITED STATES TO GO FORWARD AT HOME AND ABROAD ASSURE PEACE AND WELFARE AND BRING TO WHITE HOUSE A DECISIVENESS OF LEADERSHIP IT HAS LACKED LATELY; HISTORIC FIRST DEMOCRATIC PRESIDENTIAL ENDORSEMENT BY THIS REPUBLICAN-LEANING PAPER,0.97
PA,PITTSBURGH POST-GAZETTE,141250,1960,STATE REP,1,,PA,"IRVIS, K. LEROY",Democrat,1,1,,,POST-GAZETTE LISTS AS REPRESENTATIVE DESERVING SPECIAL MENTION IN SUMMARY ENDORSEMENT LIST,0.9
PA,PITTSBURGH POST-GAZETTE,141250,1960,STATE REP,10,,PA,"LEONARD, LOUIS",Democrat,1,1,,,POST-GAZETTE LISTS AS REPRESENTATIVE DESERVING SPECIAL MENTION IN SUMMARY ENDORSEMENT LIST,0.9
PA,PITTSBURGH POST-GAZETTE,141250,1960,STATE REP,11,,PA,"MIHM, MARTIN C.",Democrat,1,1,,,POST-GAZETTE LISTS AS REPRESENTATIVE DESERVING SPECIAL MENTION IN SUMMARY ENDORSEMENT LIST,0.9
PA,PITTSBURGH POST-GAZETTE,141250,1960,STATE REP,13,,PA,"WALSH, JOHN T.",Democrat,1,1,,,POST-GAZETTE LISTS AS REPRESENTATIVE DESERVING SPECIAL MENTION IN SUMMARY ENDORSEMENT LIST,0.9
PA,PITTSBURGH POST-GAZETTE,141250,1960,STATE REP,14,,PA,"BOIES, DAVID M",Democrat,1,,,,14th District; deserving special mention,0.85
PA,PITTSBURGH POST-GAZETTE,141250,1960,STATE REP,14,,PA,"BOLES, DAVID M.",Democrat,1,1,,,POST-GAZETTE LISTS AS REPRESENTATIVE DESERVING SPECIAL MENTION IN SUMMARY ENDORSEMENT LIST,0.9
PA,PITTSBURGH POST-GAZETTE,141250,1960,STATE REP,14,,PA,"FILO, JULES",Democrat,1,1,,,POST-GAZETTE LISTS AS REPRESENTATIVE DESERVING SPECIAL MENTION IN SUMMARY ENDORSEMENT LIST; SAME DISTRICT AS BOLES,0.9
PA,PITTSBURGH POST-GAZETTE,141250,1960,STATE REP,15,,PA,"EWING, EDWIN C.",Republican,1,,1,,POST-GAZETTE LISTS AS REPRESENTATIVE DESERVING SPECIAL MENTION IN SUMMARY ENDORSEMENT LIST,0.9
PA,PITTSBURGH POST-GAZETTE,141250,1960,STATE REP,15,,PA,"HAUDENSHIELD, GEORGE K.",Republican,1,,1,,POST-GAZETTE LISTS AS REPRESENTATIVE DESERVING SPECIAL MENTION IN SUMMARY ENDORSEMENT LIST; SAME DISTRICT AS EWING,0.88
PA,PITTSBURGH POST-GAZETTE,141250,1960,STATE REP,15,,PA,"THOMPSON, RONALD L.",Republican,1,,1,,POST-GAZETTE LISTS AS REPRESENTATIVE DESERVING SPECIAL MENTION IN SUMMARY ENDORSEMENT LIST; SAME DISTRICT AS EWING AND HAUDENSHILD,0.9
PA,PITTSBURGH POST-GAZETTE,141250,1960,STATE REP,16,,PA,"MACK, DAWSON A.",Republican,1,,1,,POST-GAZETTE LISTS AS REPRESENTATIVE DESERVING SPECIAL MENTION IN SUMMARY ENDORSEMENT LIST,0.9
PA,PITTSBURGH POST-GAZETTE,141250,1960,STATE REP,17,,PA,"AGNEW, WILLARD F. JR.",Republican,1,,1,,POST-GAZETTE LISTS AS REPRESENTATIVE DESERVING SPECIAL MENTION IN SUMMARY ENDORSEMENT LIST,0.9
PA,PITTSBURGH POST-GAZETTE,141250,1960,STATE REP,17,,PA,"DONALDSON, LEE A. JR.",Republican,1,,1,,POST-GAZETTE LISTS AS REPRESENTATIVE DESERVING SPECIAL MENTION IN SUMMARY ENDORSEMENT LIST,0.9
PA,PITTSBURGH POST-GAZETTE,141250,1960,STATE REP,17,,PA,"GIBB, LAURENCE V.",Republican,1,,1,,POST-GAZETTE LISTS AS REPRESENTATIVE DESERVING SPECIAL MENTION IN SUMMARY ENDORSEMENT LIST,0.9
PA,PITTSBURGH POST-GAZETTE,141250,1960,STATE REP,17,,PA,"WILT, RAYMOND E.",Republican,1,,1,,POST-GAZETTE LISTS AS REPRESENTATIVE DESERVING SPECIAL MENTION IN SUMMARY ENDORSEMENT LIST,0.9
PA,PITTSBURGH POST-GAZETTE,141250,1960,STATE REP,3,,PA,"KAMYK, WALTER T",Democrat,1,,,,3rd District; deserving special mention,0.85
PA,PITTSBURGH POST-GAZETTE,141250,1960,STATE REP,3,,PA,"KANSY, WALTER T.",Democrat,1,1,,,POST-GAZETTE LISTS AS REPRESENTATIVE DESERVING SPECIAL MENTION IN SUMMARY ENDORSEMENT LIST,0.9
PA,PITTSBURGH POST-GAZETTE,141250,1960,STATE REP,4,,PA,"RIGBY, JOSEPH P.",Republican,1,,1,,POST-GAZETTE ENDORSES RIGBY IN 4TH DISTRICT; DESERVES RECOGNITION FOR SERVICE AND ATTENDANCE,0.97
PA,PITTSBURGH POST-GAZETTE,141250,1960,STATE REP,5,,PA,"MCLAUGHLIN, LEO J.",Democrat,1,1,,,POST-GAZETTE LISTS AS REPRESENTATIVE DESERVING SPECIAL MENTION IN SUMMARY ENDORSEMENT LIST,0.9
PA,PITTSBURGH POST-GAZETTE,141250,1960,STATE REP,6,,PA,"GOLDSTEIN, MAURICE H.",Republican,1,,1,,POST-GAZETTE SPECIFICALLY ENDORSES GOLDSTEIN IN 6TH DISTRICT SQUIRREL HILL; OUTSTANDING LEGISLATOR NOT AFRAID TO RISK PARTY CENSURE TO VOTE FOR WHAT HE BELIEVES IS RIGHT; ABLE AND INDEPENDENT,0.97
PA,PITTSBURGH POST-GAZETTE,141250,1960,STATE SENATOR,35,,PA,"HALUSKA, JOHN J.",Democrat,0,1,,,POST-GAZETTE OPPOSES HALUSKA FOR RE-ELECTION IN 35TH DISTRICT; FORMER STATE SENATOR; CONNECTION WITH NOTORIOUS ROSSEY CANCER CLINIC WHICH FEDERAL GOVERNMENT PUT OUT OF BUSINESS; USED SENATE TO SHILL FOR FAKE CANCER CURE,0.95
PA,PITTSBURGH POST-GAZETTE,141250,1960,STATE SENATOR,35,,PA,"ROSE, WALTER S.",Republican,1,,,,POST-GAZETTE ENDORSES FORMER JOHNSTOWN MAYOR ROSE FOR STATE SENATE IN 35TH CAMBRIA COUNTY DISTRICT OVER INCUMBENT HALUSKA,0.95
PA,PITTSBURGH POST-GAZETTE,141250,1960,STATE SENATOR,40,,PA,"KOPRIVER, FRANK JR",Republican,0,,1,,40th district incumbent; obstructionist for applause; too many irons in the fire as florist/mayor/senator,0.90
PA,PITTSBURGH POST-GAZETTE,141250,1960,STATE SENATOR,40,,PA,"STAISEY, LEONARD C",Democrat,1,,,,40th Allegheny County district; urged election against Republican incumbent Kopriver,0.93
PA,PITTSBURGH POST-GAZETTE,141250,1960,STATE SENATOR,42,,PA,"DEVLIN, JOHN H.",Democrat,1,,,,POST-GAZETTE ENDORSES STATE REP DEVLIN FOR SENATE IN 42ND DISTRICT; ASSISTANT DISTRICT ATTORNEY; BY TRAINING AND EXPERIENCE AS HOUSE MEMBER MORE ELIGIBLE FOR SENATE THAN REPUBLICAN OPPONENT,0.95
PA,PITTSBURGH POST-GAZETTE,141250,1960,STATE SENATOR,42,,PA,"GLUNT, DONALD F.",Republican,0,,,,POST-GAZETTE OPPOSES GLUNT FOR SENATE IN 42ND DISTRICT; BUSINESSMAN LESS ELIGIBLE THAN DEVLIN BY TRAINING AND EXPERIENCE,0.93
PA,PITTSBURGH POST-GAZETTE,141250,1960,STATE SENATOR,43,,PA,"DEVLIN, JOHN H",Democrat,1,,,,43rd District; State Rep and assistant DA; more eligible than Republican opponent Glunt,0.92
PA,PITTSBURGH POST-GAZETTE,141250,1960,STATE SENATOR,45,,PA,"KOPRIVER, FRANK JR.",Republican,0,,1,,POST-GAZETTE OPPOSES KOPRIVER FOR RE-ELECTION IN 44TH DISTRICT; OBSTRUCTIONIST FOR SAKE OF APPLAUSE; BLOCKING TACTICS COULD HAVE HURT WORTHWHILE LEGISLATION; HAS TOO MANY IRONS IN THE FIRE AS HOTEL OWNER MAYOR AND SENATOR,0.95
PA,PITTSBURGH POST-GAZETTE,141250,1960,STATE SENATOR,45,,PA,"STAISEY, LEONARD C.",Democrat,1,,,,POST-GAZETTE URGES ELECTION OF STAISEY OVER REPUBLICAN INCUMBENT KOPPNER IN 44TH ALLEGHENY COUNTY DISTRICT,0.95
PA,PITTSBURGH POST-GAZETTE,141250,1960,TREASURER,,,PA,"SMITH, CHARLES C.",Republican,1,,,,POST-GAZETTE ENDORSES PRESENT AUDITOR GENERAL SMITH FOR STATE TREASURER; REPUBLICAN OFFICIALS BARRED FROM SECOND TERMS SHOULD BE PERMITTED TO EXCHANGE OFFICES; DEMONSTRATED VALUE AS EFFICIENT WATCHDOGS OVER STATES FISCAL AFFAIRS,0.95
PA,PITTSBURGH POST-GAZETTE,141250,1962,GOVERNOR,,,PA,"DILWORTH, RICHARDSON",Democrat,1,,,,"Long public service; mayor of Philadelphia; will work for industrial expansion, public education, fiscally sound administration",0.95
PA,PITTSBURGH POST-GAZETTE,141250,1962,H,14,,PA,"MOORHEAD, WILLIAM S",Democrat,1,1,,,14th District; seeking third term; hardworking conscientious public official,0.95
PA,PITTSBURGH POST-GAZETTE,141250,1962,H,18,,PA,"COOKE, EDWARD F",Democrat,0,,,,Able strong Democratic challenger; associate professor at Pitt; not endorsed,0.85
PA,PITTSBURGH POST-GAZETTE,141250,1962,H,18,,PA,"CORBETT, ROBERT J",Republican,1,1,,,18th District; ranking Republican on Post Office and Civil Service Committee; long experience gives him edge,0.95
PA,PITTSBURGH POST-GAZETTE,141250,1962,H,20,,PA,"HOLLAND, ELMER J",Democrat,1,1,,,20th District; former CIO official; co-author of manpower retraining act,0.95
PA,PITTSBURGH POST-GAZETTE,141250,1962,H,27,,PA,"FULTON, JAMES G",Republican,1,1,,,27th District; middle-of-the-roader; working on $3M Federal space center for Pittsburgh,0.95
PA,PITTSBURGH POST-GAZETTE,141250,1962,SENATOR,,,PA,"CLARK, JOSEPH S",Democrat,1,1,,,Clearly superior candidate; principal sponsor of legislation helpful to industrially distressed areas,0.97
PA,PITTSBURGH POST-GAZETTE,141250,1962,STATE REP,,,PA,"GOLDSTEIN, MAURICE H",Republican,1,,1,,"Squirrel Hill; political independent in voting; led fight for public schools, reform of minor judiciary, strict control of strip mining; urge re-election",0.95
PA,PITTSBURGH POST-GAZETTE,141250,1962,STATE REP,1,,PA,"CLARKE, JAMES F",Democrat,1,,,,First District; deserving of support without regard to party affiliation,0.85
PA,PITTSBURGH POST-GAZETTE,141250,1962,STATE REP,1,,PA,"IRVIS, K LEROY",Democrat,1,,,,First District; deserving of support without regard to party affiliation,0.88
PA,PITTSBURGH POST-GAZETTE,141250,1962,STATE REP,11,,PA,"FENRICH, ANDREW T",Democrat,1,,,,Eleventh District; deserving of support without regard to party affiliation,0.85
PA,PITTSBURGH POST-GAZETTE,141250,1962,STATE REP,12,,PA,"FOERSTER, THOMAS J",Democrat,1,,,,Twelfth District; deserving of support without regard to party affiliation,0.85
PA,PITTSBURGH POST-GAZETTE,141250,1962,STATE REP,14,,PA,"BOIES, DAVID M",Democrat,1,,,,Fourteenth District; deserving of support without regard to party affiliation,0.85
PA,PITTSBURGH POST-GAZETTE,141250,1962,STATE REP,14,,PA,"BOISE, DAVID M",Democrat,1,,,,Fourteenth District; spelled BOISE in this clipping (also seen as BOLES/BOIES).,0.80
PA,PITTSBURGH POST-GAZETTE,141250,1962,STATE REP,14,,PA,"FILO, JULES",Democrat,1,,,,Fourteenth District; deserving of support without regard to party affiliation,0.85
PA,PITTSBURGH POST-GAZETTE,141250,1962,STATE REP,15,,PA,"EWING, EDWIN C",Republican,1,,,,Fifteenth District; deserving of support without regard to party affiliation,0.85
PA,PITTSBURGH POST-GAZETTE,141250,1962,STATE REP,15,,PA,"HAUDENSHIELD, GEORGE K",Republican,1,,,,Fifteenth District; deserving of support without regard to party affiliation,0.85
PA,PITTSBURGH POST-GAZETTE,141250,1962,STATE REP,15,,PA,"THOMPSON, RONALD L",Republican,1,,,,Fifteenth District; deserving of support without regard to party affiliation,0.85
PA,PITTSBURGH POST-GAZETTE,141250,1962,STATE REP,15,,PA,"ZAMOS, DANIEL T",Republican,1,,,,Fifteenth District; deserving of support without regard to party affiliation,0.85
PA,PITTSBURGH POST-GAZETTE,141250,1962,STATE REP,16,,PA,"MURRAY, JOHN J",Republican,1,,,,Sixteenth District; deserving of support without regard to party affiliation,0.85
PA,PITTSBURGH POST-GAZETTE,141250,1962,STATE REP,16,,PA,"SULLIVAN, THOMAS D",Republican,1,,,,Sixteenth District; deserving of support without regard to party affiliation,0.85
PA,PITTSBURGH POST-GAZETTE,141250,1962,STATE REP,17,,PA,"DONALDSON, LEE A JR",Republican,1,,,,Seventeenth District; deserving of support without regard to party affiliation,0.85
PA,PITTSBURGH POST-GAZETTE,141250,1962,STATE REP,17,,PA,"ESLER, JAMES A",Republican,1,,,,Seventeenth District; deserving of support without regard to party affiliation,0.85
PA,PITTSBURGH POST-GAZETTE,141250,1962,STATE REP,17,,PA,"GIBB, LAURENCE V",Republican,1,,,,Seventeenth District; deserving of support without regard to party affiliation,0.85
PA,PITTSBURGH POST-GAZETTE,141250,1962,STATE REP,2,,PA,"KRAMER, HARRY A",Democrat,1,,,,Second District; deserving of support without regard to party affiliation,0.85
PA,PITTSBURGH POST-GAZETTE,141250,1962,STATE REP,3,,PA,"KAMYK, WALTER T",Democrat,1,,,,Third District; deserving of support without regard to party affiliation,0.85
PA,PITTSBURGH POST-GAZETTE,141250,1962,STATE REP,4,,PA,"CAULEY, THOMAS H",Democrat,1,1,,,Democratic incumbent; defeated Rigby two years ago; proved to be good legislator; toss-up,0.85
PA,PITTSBURGH POST-GAZETTE,141250,1962,STATE REP,4,,PA,"RIGBY, JOSEPH P",Republican,1,,,,Fourth District; experience in Legislature; alderman since 1945; toss-up with Cauley,0.85
PA,PITTSBURGH POST-GAZETTE,141250,1962,STATE REP,5,,PA,"FREELAND, WENDELL G",Republican,1,,,,Fifth District; able young attorney; served as Assistant DA 1952-57; would make a good legislator,0.92
PA,PITTSBURGH POST-GAZETTE,141250,1962,STATE REP,5,,PA,"MCLAUGHLIN, LEO J",Democrat,0,1,,,Democratic incumbent; supervisor tax assessor for Allegheny County; ought to be kept at home for those duties,0.85
PA,PITTSBURGH POST-GAZETTE,141250,1962,STATE REP,6,,PA,"GOLDSTEIN, MAURICE H",Republican,1,,1,,6th District,0.95
PA,PITTSBURGH POST-GAZETTE,141250,1962,STATE REP,9,,PA,"LAMB, THOMAS F",Democrat,1,,,,Ninth District; deserving of support without regard to party affiliation,0.85
PA,PITTSBURGH POST-GAZETTE,141250,1962,STATE SENATOR,,,PA,"FLEMING, ROBERT D",Republican,1,1,,,Incumbent; good word said,0.85
PA,PITTSBURGH POST-GAZETTE,141250,1962,STATE SENATOR,,,PA,"MCGINNIS, BERNARD B",Democrat,1,1,,,Incumbent; good word said,0.85
PA,PITTSBURGH POST-GAZETTE,141250,1962,STATE SENATOR,,,PA,"SARRAF, GEORGE J",Democrat,1,1,,,Incumbent; good word said,0.85
PA,PITTSBURGH POST-GAZETTE,141250,1962,STATE SENATOR,44,,PA,"MCGREGOR, JACK",Republican,1,,,,44th Senatorial District; exceptionally well qualified,0.95
PA,PITTSBURGH POST-GAZETTE,141250,1962,SUPREME COURT,,,PA,"KEIM, EARL S",,0,,,,From Youngwood; less qualified than Roberts,0.85
PA,PITTSBURGH POST-GAZETTE,141250,1962,SUPREME COURT,,,PA,"ROBERTS, SAMUEL J",,1,,,,Common Pleas Court of Erie; better qualified than Keim; would use court influence to achieve better court administration,0.92
PA,PITTSBURGH POST-GAZETTE,141250,1964,AUDITOR,,,PA,"HELM, W STUART",Republican,0,,,,From Kittanning; veteran legislator and Speaker; acceptable but Sloan preferred for partisan balance,0.85
PA,PITTSBURGH POST-GAZETTE,141250,1964,AUDITOR,,,PA,"SLOAN, GRACE M",Democrat,1,,,,Auditor General; from Clarion; served capably as Treasurer; well qualified,0.95
PA,PITTSBURGH POST-GAZETTE,141250,1964,COURT OF APPEALS,,,PA,"HOFFMAN, J SYDNEY",Democrat,1,,,,PA Superior Court; best qualified,0.93
PA,PITTSBURGH POST-GAZETTE,141250,1964,COURT OF APPEALS,,,PA,"WOODSIDE, ROBERT E",Republican,1,1,,,PA Superior Court; incumbent jurist; best qualified,0.93
PA,PITTSBURGH POST-GAZETTE,141250,1964,H,,,PA,"CORBETT, ROBERT J",Republican,1,1,,,Allegheny County incumbent; serves faithfully,0.95
PA,PITTSBURGH POST-GAZETTE,141250,1964,H,,,PA,"FULTON, JAMES G",Republican,1,1,,,Allegheny County incumbent; serves faithfully,0.95
PA,PITTSBURGH POST-GAZETTE,141250,1964,H,,,PA,"HOLLAND, ELMER J",Democrat,1,1,,,Allegheny County incumbent; serves faithfully,0.95
PA,PITTSBURGH POST-GAZETTE,141250,1964,H,,,PA,"MOORHEAD, WILLIAM S",Democrat,1,1,,,Allegheny County incumbent; serves faithfully,0.95
PA,PITTSBURGH POST-GAZETTE,141250,1964,PRESIDENT,,,PA,"GOLDWATER, BARRY",Republican,0,,,,"Election would be disastrous; ultra-rightist, negative, racist, fearful appeal; trigger-happy on foreign affairs",0.97
PA,PITTSBURGH POST-GAZETTE,141250,1964,PRESIDENT,,,PA,"JOHNSON, LYNDON B",Democrat,1,1,,,"Already a good President; responsible, progressive, humane; reaffirm support",0.97
PA,PITTSBURGH POST-GAZETTE,141250,1964,SENATOR,,,PA,"SCOTT, HUGH D",Republican,1,1,,,22 years of congressional service; constructive public service; earned second term,0.97
PA,PITTSBURGH POST-GAZETTE,141250,1964,STATE REP,1,,PA,"FENRICH, ANDREW T",Democrat,1,,,,1st District,0.90
PA,PITTSBURGH POST-GAZETTE,141250,1964,STATE REP,1,,PA,"FOERSTER, THOMAS J",Democrat,1,,,,1st District,0.90
PA,PITTSBURGH POST-GAZETTE,141250,1964,STATE REP,10,,PA,"SMITH, FRANK H",Republican,1,,,,10th District,0.90
PA,PITTSBURGH POST-GAZETTE,141250,1964,STATE REP,14,,PA,"APPLETON, WILLIAM M",Republican,1,,,,14th District,0.90
PA,PITTSBURGH POST-GAZETTE,141250,1964,STATE REP,14,,PA,"DONALDSON, LEE A JR",Republican,1,,,,14th District,0.90
PA,PITTSBURGH POST-GAZETTE,141250,1964,STATE REP,14,,PA,"FILO, JULES",Democrat,1,,,,14th District,0.90
PA,PITTSBURGH POST-GAZETTE,141250,1964,STATE REP,14,,PA,"GIBB, LAURENCE V",Republican,1,,,,14th District,0.90
PA,PITTSBURGH POST-GAZETTE,141250,1964,STATE REP,14,,PA,"WILT, RAYMOND E",Republican,1,,,,14th District,0.90
PA,PITTSBURGH POST-GAZETTE,141250,1964,STATE REP,15,,PA,"HAUDENSHIELD, GEORGE K",Republican,1,,,,15th District,0.90
PA,PITTSBURGH POST-GAZETTE,141250,1964,STATE REP,15,,PA,"SMITH, JAMES K K",Republican,1,,,,15th District,0.90
PA,PITTSBURGH POST-GAZETTE,141250,1964,STATE REP,15,,PA,"THOMPSON, RONALD L",Republican,1,,,,15th District,0.90
PA,PITTSBURGH POST-GAZETTE,141250,1964,STATE REP,16,,PA,"DARDANELL, EDWARD L",Democrat,1,,,,16th District,0.90
PA,PITTSBURGH POST-GAZETTE,141250,1964,STATE REP,16,,PA,"MACK, DAWSON A",Republican,1,,,,16th District,0.90
PA,PITTSBURGH POST-GAZETTE,141250,1964,STATE REP,16,,PA,"WALKER, EARL S",Republican,1,,,,16th District,0.90
PA,PITTSBURGH POST-GAZETTE,141250,1964,STATE REP,4,,PA,"RIGBY, JOSEPH P",Republican,1,,,,4th District,0.90
PA,PITTSBURGH POST-GAZETTE,141250,1964,STATE REP,5,,PA,"GARRETT, MOLLY YARD",Democrat,1,,,,5th District,0.90
PA,PITTSBURGH POST-GAZETTE,141250,1964,STATE REP,6,,PA,"LAMB, THOMAS F",Democrat,1,,,,6th District,0.90
PA,PITTSBURGH POST-GAZETTE,141250,1964,STATE REP,7,,PA,"CLARKE, JAMES F",Democrat,1,,,,7th District,0.90
PA,PITTSBURGH POST-GAZETTE,141250,1964,STATE REP,7,,PA,"IRVIS, K LEROY",Democrat,1,,,,7th District,0.90
PA,PITTSBURGH POST-GAZETTE,141250,1964,STATE REP,9,,PA,"BAIR, DONALD O",Republican,1,,,,9th District,0.90
PA,PITTSBURGH POST-GAZETTE,141250,1964,STATE REP,9,,PA,"ZORD, JOSEPH V JR",Republican,1,,,,9th District,0.90
PA,PITTSBURGH POST-GAZETTE,141250,1964,STATE SENATOR,37,,PA,"EWING, EDWIN C",Republican,1,,,,37th District; veteran Republican House member,0.93
PA,PITTSBURGH POST-GAZETTE,141250,1964,STATE SENATOR,43,,PA,"DEVLIN, JOHN H",Democrat,1,1,,,43rd District incumbent,0.93
PA,PITTSBURGH POST-GAZETTE,141250,1964,STATE SENATOR,45,,PA,"STAISEY, LEONARD C",Democrat,1,1,,,45th District incumbent,0.93
PA,PITTSBURGH POST-GAZETTE,141250,1964,TREASURER,,,PA,"FLEMING, ROBERT D",Republican,1,,,,PA State Senator from Allegheny County; endorsed for Treasurer,0.95
PA,PITTSBURGH POST-GAZETTE,141250,1964,VICE PRESIDENT,,,PA,"HUMPHREY, HUBERT",Democrat,1,,,,"Energetic, avid learner, capacity for growth in positions of responsibility",0.95
PA,PITTSBURGH POST-GAZETTE,141250,1964,VICE PRESIDENT,,,PA,"MILLER, WILLIAM E",Republican,0,,,,Obscure congressman with no qualification for nation's highest office,0.95
PA,PITTSBURGH POST-GAZETTE,141250,1966,COURT OF APPEALS,,,PA,"SPAULDING, THEODORE O",,1,1,,,PA Superior Court; sitting judge principle,0.90
PA,PITTSBURGH POST-GAZETTE,141250,1966,COURT OF APPEALS,,,PA,"WATKINS, G HAROLD",,1,1,,,PA Superior Court; sitting judge principle,0.90
PA,PITTSBURGH POST-GAZETTE,141250,1966,GOVERNOR,,,PA,"SHAFER, RAYMOND P",Republican,1,,,,"Lt. Gov.; experienced, vigorous public official; would be mistake to alter Scranton Administration's course",0.97
PA,PITTSBURGH POST-GAZETTE,141250,1966,GOVERNOR,,,PA,"SHAPP, MILTON",Democrat,0,,,,No government experience; less credible than Shafer,0.92
PA,PITTSBURGH POST-GAZETTE,141250,1966,H,,,PA,"CORBETT, ROBERT J",Republican,1,1,,,Allegheny County incumbent; earned another term,0.95
PA,PITTSBURGH POST-GAZETTE,141250,1966,H,,,PA,"FULTON, JAMES G",Republican,1,1,,,Allegheny County incumbent; earned another term,0.95
PA,PITTSBURGH POST-GAZETTE,141250,1966,H,,,PA,"MOORHEAD, WILLIAM S",Democrat,1,1,,,Allegheny County incumbent; earned another term,0.95
PA,PITTSBURGH POST-GAZETTE,141250,1966,H,14,,PA,"MOORHEAD, WILLIAM S",Democrat,1,1,,,Democrat; incumbent; earned re-election.,0.90
PA,PITTSBURGH POST-GAZETTE,141250,1966,H,18,,PA,"CORBETT, ROBERT J",Republican,1,,1,,Allegheny County incumbent; earned re-election by diligence and voting record.,0.90
PA,PITTSBURGH POST-GAZETTE,141250,1966,H,20,,PA,"HOLLAND, ELMER J",Democrat,0,1,,,Incumbent; age 72 and declining health argue for his retirement,0.92
PA,PITTSBURGH POST-GAZETTE,141250,1966,H,20,,PA,"SABOL, JOSEPH JR",Republican,1,,,,20th District (Monongahela Valley); favored over incumbent Holland,0.92
PA,PITTSBURGH POST-GAZETTE,141250,1966,H,27,,PA,"FULTON, JAMES G",Republican,1,,1,,Allegheny County incumbent; earned re-election.,0.90
PA,PITTSBURGH POST-GAZETTE,141250,1966,LT GOVERNOR,,,PA,"BRODERICK, RAYMOND J",Republican,1,,,,Shafer's running mate; endorsed for ticket consistency,0.92
PA,PITTSBURGH POST-GAZETTE,141250,1966,SEC OF STATE,,,PA,"TABOR, JOHN K",Republican,1,,,,Secretary of Internal Affairs; from Pittsburgh; current Secretary of Commerce; earned promotion,0.93
PA,PITTSBURGH POST-GAZETTE,141250,1966,STATE REP,17,,PA,"FOERSTER, THOMAS J",Democrat,1,,,,17th District,0.90
PA,PITTSBURGH POST-GAZETTE,141250,1966,STATE REP,18,,PA,"FENRICH, ANDREW T",Democrat,1,,,,18th District,0.90
PA,PITTSBURGH POST-GAZETTE,141250,1966,STATE REP,19,,PA,"IRVIS, K LEROY",Democrat,1,,,,19th District,0.90
PA,PITTSBURGH POST-GAZETTE,141250,1966,STATE REP,21,,PA,"RIGBY, JOSEPH P",Republican,1,,,,21st District; toss-up with Tive,0.85
PA,PITTSBURGH POST-GAZETTE,141250,1966,STATE REP,21,,PA,"TIVE, RALPH D",Democrat,1,,,,21st District; toss-up with Rigby,0.85
PA,PITTSBURGH POST-GAZETTE,141250,1966,STATE REP,22,,PA,"CLARKE, JAMES F",Democrat,1,,,,22nd District,0.90
PA,PITTSBURGH POST-GAZETTE,141250,1966,STATE REP,23,,PA,"MARKOVITZ, HARRY",Democrat,1,,,,23rd District,0.90
PA,PITTSBURGH POST-GAZETTE,141250,1966,STATE REP,24,,PA,"JOHNSON, THEODORE",Democrat,1,,,,24th District,0.90
PA,PITTSBURGH POST-GAZETTE,141250,1966,STATE REP,25,,PA,"LUTTY, PAUL F",Democrat,1,,,,25th District,0.90
PA,PITTSBURGH POST-GAZETTE,141250,1966,STATE REP,26,,PA,"CAPUTO, CHARLES",Democrat,1,,,,26th District,0.90
PA,PITTSBURGH POST-GAZETTE,141250,1966,STATE REP,28,,PA,"APPLETON, WILLIAM M",Republican,1,,,,28th District,0.90
PA,PITTSBURGH POST-GAZETTE,141250,1966,STATE REP,29,,PA,"WILT, RAYMOND E",Republican,1,,,,29th District,0.90
PA,PITTSBURGH POST-GAZETTE,141250,1966,STATE REP,30,,PA,"DONALDSON, LEE A",Republican,1,,,,30th District,0.90
PA,PITTSBURGH POST-GAZETTE,141250,1966,STATE REP,31,,PA,"DONALDSON, LEE A JR",Republican,1,,,,31st District.,0.85
PA,PITTSBURGH POST-GAZETTE,141250,1966,STATE REP,31,,PA,"SMITH, JOHN H",Republican,1,,,,31st District,0.90
PA,PITTSBURGH POST-GAZETTE,141250,1966,STATE REP,32,,PA,"DARDANELL, EDWARD L",Democrat,1,,,,32nd District,0.90
PA,PITTSBURGH POST-GAZETTE,141250,1966,STATE REP,32,,PA,"SMITH, JOHN H",,1,,,,32nd District.,0.80
PA,PITTSBURGH POST-GAZETTE,141250,1966,STATE REP,34,,PA,"DARDANELL, EDWARD L",,1,,,,34th District.,0.80
PA,PITTSBURGH POST-GAZETTE,141250,1966,STATE REP,34,,PA,"WALKER, EARL S",Republican,1,,,,34th District,0.90
PA,PITTSBURGH POST-GAZETTE,141250,1966,STATE REP,37,,PA,"MESSNER, ROBERT T",Republican,1,,,,37th District,0.90
PA,PITTSBURGH POST-GAZETTE,141250,1966,STATE REP,37,,PA,"WALKER, EARL S",Republican,1,1,,,37th District.,0.85
PA,PITTSBURGH POST-GAZETTE,141250,1966,STATE REP,38,,PA,"FILO, JULES",Democrat,1,,,,38th District,0.90
PA,PITTSBURGH POST-GAZETTE,141250,1966,STATE REP,38,,PA,"MESSNER, ROBERT T",,1,,,,38th District.,0.80
PA,PITTSBURGH POST-GAZETTE,141250,1966,STATE REP,39,,PA,"FILO, JULES",Democrat,1,,,,39th District.,0.80
PA,PITTSBURGH POST-GAZETTE,141250,1966,STATE REP,39,,PA,"ZEMPRELLI, EDWARD P",Democrat,1,,,,39th District,0.90
PA,PITTSBURGH POST-GAZETTE,141250,1966,STATE REP,40,,PA,"ZEMPRELLI, EDWARD P",Democrat,1,,,,40th District.,0.80
PA,PITTSBURGH POST-GAZETTE,141250,1966,STATE REP,41,,PA,"ZORD, JOSEPH V JR",Republican,1,,,,41st District,0.90
PA,PITTSBURGH POST-GAZETTE,141250,1966,STATE REP,43,,PA,"HAUDENSHIELD, GEORGE K",Republican,1,,,,43rd District,0.90
PA,PITTSBURGH POST-GAZETTE,141250,1966,STATE REP,45,,PA,"HOMER, MAX H",Republican,1,,,,45th District,0.90
PA,PITTSBURGH POST-GAZETTE,141250,1966,STATE SENATOR,37,,PA,"EWING, EDWIN C",Republican,1,1,,,"37th District; from Mt. Lebanon; veteran, skilled in ways of the Legislature",0.95
PA,PITTSBURGH POST-GAZETTE,141250,1966,STATE SENATOR,38,,PA,"MUROVICH, VINCENT C JR",Republican,1,,,,38th District; special assistant to Deputy AG; energetic campaign; would not be disappointed if he won,0.85
PA,PITTSBURGH POST-GAZETTE,141250,1966,STATE SENATOR,38,,PA,"MUSEVICH, VINCENT C JR",Republican,0,,,,38th District; some legislative experience; would not be disappointed if he won.,0.70
PA,PITTSBURGH POST-GAZETTE,141250,1966,STATE SENATOR,38,,PA,"NOSZKA, STANLEY M",Democrat,,,,,38th District; City Council Clerk; mentioned but not endorsed,0.70
PA,PITTSBURGH POST-GAZETTE,141250,1966,STATE SENATOR,40,,PA,"FLEMING, ROBERT D",Republican,1,,1,,40th District; 28 years legislative experience; chairman Appropriations Committee; pioneering work for community colleges,0.95
PA,PITTSBURGH POST-GAZETTE,141250,1966,STATE SENATOR,42,,PA,"LAMB, THOMAS F",Democrat,1,,,,42nd District; State Rep; chairman of House Education Committee; deserving of promotion,0.95
PA,PITTSBURGH POST-GAZETTE,141250,1966,STATE SENATOR,43,,PA,"DEVLIN, JOHN H",Democrat,1,1,,,"43rd District; minority leader; hard work, supports progressive measures",0.95
PA,PITTSBURGH POST-GAZETTE,141250,1966,STATE SENATOR,44,,PA,"MCGREGOR, JACK",Republican,1,,1,,"44th District; intelligent, industrious, honest; supports constitutional reform",0.95
PA,PITTSBURGH POST-GAZETTE,141250,1966,STATE SENATOR,45,,PA,"GAYDOS, JOSEPH M",Democrat,1,,,,45th District; lawyer with long experience; former Deputy AG; best qualified,0.93
PA,PITTSBURGH POST-GAZETTE,141250,1966,STATE SENATOR,45,,PA,"LEKOS, JOSEPH",Republican,0,,,,45th District; Republican challenger; Gaydos better qualified.,0.75
PA,PITTSBURGH POST-GAZETTE,141250,1968,AUDITOR,,,PA,"CASEY, ROBERT P",Democrat,1,,,,Auditor General; former state senator and gubernatorial candidate,0.95
PA,PITTSBURGH POST-GAZETTE,141250,1968,AUDITOR,,,PA,"DEPUY, WARNER",Republican,0,,,,Current State Secretary of Revenue; should not be transferred where he could audit his own books,0.90
PA,PITTSBURGH POST-GAZETTE,141250,1968,COURT OF APPEALS,,,PA,"CERCONE, WILLIAM F",,1,,,,PA Superior Court; Allegheny County Common Pleas Judge; 12 years on bench,0.93
PA,PITTSBURGH POST-GAZETTE,141250,1968,H,14,,PA,"MOORHEAD, WILLIAM S",Democrat,1,1,,,14th District; sixth term; seniority and experience in social welfare legislation,0.95
PA,PITTSBURGH POST-GAZETTE,141250,1968,H,18,,PA,"CORBETT, ROBERT J",Republican,1,1,,,18th District; experienced incumbent over lackluster opponent,0.95
PA,PITTSBURGH POST-GAZETTE,141250,1968,H,20,,PA,"GAYDOS, JOSEPH M",Democrat,1,,,,20th District; lawyer and state senator; to fill unexpired term of late Holland and full two-year term,0.95
PA,PITTSBURGH POST-GAZETTE,141250,1968,H,21,,PA,"LEWIS, JOSEPH I",Democrat,1,,,,21st district; year-old steel company executive; Democrat.,0.75
PA,PITTSBURGH POST-GAZETTE,141250,1968,H,27,,PA,"COSETTI, JOSEPH L",Democrat,1,,,,27th District; steel company economist; effective constitutional convention delegate; would make better Rep than Fulton,0.93
PA,PITTSBURGH POST-GAZETTE,141250,1968,H,27,,PA,"FULTON, JAMES G",Republican,0,1,,,Incumbent; 24 years in Congress notably unproductive,0.90
PA,PITTSBURGH POST-GAZETTE,141250,1968,PRESIDENT,,,PA,"HUMPHREY, HUBERT H",Democrat,1,,,,Better choice than Republican nominee Nixon; demonstrated capacity for office; selection of Sen. Edmund S. Muskie of Maine as VP running mate.,0.90
PA,PITTSBURGH POST-GAZETTE,141250,1968,PRESIDENT,,,PA,"NIXON, RICHARD",Republican,0,,,,Record as Representative and Senator essentially empty and negative; no major bills,0.95
PA,PITTSBURGH POST-GAZETTE,141250,1968,SENATOR,,,PA,"CLARK, JOSEPH S",Democrat,1,1,,,"12 years in capital; reformer, innovator, fighter for integrity; deserves re-election",0.97
PA,PITTSBURGH POST-GAZETTE,141250,1968,SENATOR,,,PA,"SCHWEIKER, RICHARD S",Republican,0,,,,Pedestrian performance in House does not justify election to Senate,0.92
PA,PITTSBURGH POST-GAZETTE,141250,1968,STATE REP,17,,PA,"SCANLON, EUGENE F",Democrat,1,,,,17th District; elected last fall to short term,0.90
PA,PITTSBURGH POST-GAZETTE,141250,1968,STATE REP,18,,PA,"FENRICH, ANDREW T",Democrat,1,1,,,18th District; incumbent,0.90
PA,PITTSBURGH POST-GAZETTE,141250,1968,STATE REP,19,,PA,"IRVIS, K LEROY",Democrat,1,1,,,19th District; House minority whip,0.95
PA,PITTSBURGH POST-GAZETTE,141250,1968,STATE REP,21,,PA,"LUTTY, PAUL F",Democrat,1,1,,,21st district; incumbent.,0.80
PA,PITTSBURGH POST-GAZETTE,141250,1968,STATE REP,23,,PA,"KAUFMAN, GERALD",Democrat,1,1,,,23rd District; demonstrated leadership,0.93
PA,PITTSBURGH POST-GAZETTE,141250,1968,STATE REP,25,,PA,"LUTTY, PAUL F",Democrat,1,1,,,25th District; incumbent,0.90
PA,PITTSBURGH POST-GAZETTE,141250,1968,STATE REP,27,,PA,"BATTERY, JAMES J",Democrat,1,,,,27th district; teacher seeking first term.,0.70
PA,PITTSBURGH POST-GAZETTE,141250,1968,STATE REP,27,,PA,"RAFFERTY, JAMES J",,1,,,,27th District; teacher seeking first term,0.85
PA,PITTSBURGH POST-GAZETTE,141250,1968,STATE REP,28,,PA,"APPLETON, WILLIAM M",Republican,1,1,,,28th District; incumbent,0.90
PA,PITTSBURGH POST-GAZETTE,141250,1968,STATE REP,29,,PA,"WILT, RAYMOND E",Republican,1,1,,,29th District; demonstrated leadership,0.93
PA,PITTSBURGH POST-GAZETTE,141250,1968,STATE REP,30,,PA,"DONALDSON, LEE A JR",Republican,1,1,,,30th District; House majority leader,0.95
PA,PITTSBURGH POST-GAZETTE,141250,1968,STATE REP,31,,PA,"MALONEY, WILLIAM J",,1,,,,31st District; seeking first term,0.85
PA,PITTSBURGH POST-GAZETTE,141250,1968,STATE REP,32,,PA,"BURKARDT, ROBERT F",Republican,1,,,,32nd district; former candidate for judge and county commissioner.,0.80
PA,PITTSBURGH POST-GAZETTE,141250,1968,STATE REP,32,,PA,"BURKHARDT, ROBERT F",,1,,,,32nd District; former candidate for judge and county commissioner,0.85
PA,PITTSBURGH POST-GAZETTE,141250,1968,STATE REP,33,,PA,"BONETTO, JOSEPH F",Democrat,1,1,,,33rd District; incumbent,0.90
PA,PITTSBURGH POST-GAZETTE,141250,1968,STATE REP,34,,PA,"NOLAN, THOMAS M",,1,,,,34th District; seeking first term,0.85
PA,PITTSBURGH POST-GAZETTE,141250,1968,STATE REP,35,,PA,"SIMON, WILLIAM H",,1,,,,35th District; seeking first term,0.85
PA,PITTSBURGH POST-GAZETTE,141250,1968,STATE REP,36,,PA,"PIGOTT, JAMES P",,1,,,,36th District; seeking first term,0.85
PA,PITTSBURGH POST-GAZETTE,141250,1968,STATE REP,37,,PA,"WEDEL, JAMES F",Republican,1,,,,37th district; seeking first term.,0.70
PA,PITTSBURGH POST-GAZETTE,141250,1968,STATE REP,37,,PA,"WEDEL, JOHN F",,1,,,,37th District; seeking first term,0.85
PA,PITTSBURGH POST-GAZETTE,141250,1968,STATE REP,39,,PA,"LEWIS, JOHN P",Democrat,1,,,,39th district; seeking first term.,0.70
PA,PITTSBURGH POST-GAZETTE,141250,1968,STATE REP,40,,PA,"LEWIS, JOSEPH T",,1,,,,40th District; seeking first term,0.85
PA,PITTSBURGH POST-GAZETTE,141250,1968,STATE REP,40,,PA,"ZORD, JOSEPH V JR",Republican,1,1,,,40th district; allied first term.,0.75
PA,PITTSBURGH POST-GAZETTE,141250,1968,STATE REP,41,,PA,"ZORD, JOSEPH V JR",Republican,1,1,,,41st District; incumbent,0.90
PA,PITTSBURGH POST-GAZETTE,141250,1968,STATE REP,42,,PA,"PARKER, H SHELDON JR",Republican,1,1,,,42nd District; incumbent,0.90
PA,PITTSBURGH POST-GAZETTE,141250,1968,STATE REP,43,,PA,"HAUDENSHIELD, GEORGE K",Republican,1,1,,,43rd District; demonstrated leadership,0.93
PA,PITTSBURGH POST-GAZETTE,141250,1968,STATE REP,44,,PA,"AURENTZ, JOHN J",Republican,1,,,,44th district.,0.70
PA,PITTSBURGH POST-GAZETTE,141250,1968,STATE REP,44,,PA,"MCGRAW, ANDREW",Democrat,1,1,,,44th District; incumbent,0.90
PA,PITTSBURGH POST-GAZETTE,141250,1968,STATE REP,45,,PA,"HOMER, MAX H",Democrat,1,1,,,45th District; incumbent,0.90
PA,PITTSBURGH POST-GAZETTE,141250,1968,STATE REP,46,,PA,"GREVE, ANDREW M",Republican,1,,,,46th district; incumbent.,0.70
PA,PITTSBURGH POST-GAZETTE,141250,1968,STATE REP,48,,PA,"HOMER, MAX H",Democrat,1,1,,,48th district; incumbent.,0.70
PA,PITTSBURGH POST-GAZETTE,141250,1968,STATE SENATOR,37,,PA,"EWING, WAYNE S",Republican,1,1,,,37th District incumbent,0.92
PA,PITTSBURGH POST-GAZETTE,141250,1968,STATE SENATOR,41,,PA,"KURTZ, ALAN MAX",Republican,1,,,,41st district; backed by Republican challenger; young attractive candidate; better choice over incumbent Snyder.,0.85
PA,PITTSBURGH POST-GAZETTE,141250,1968,STATE SENATOR,43,,PA,"KURTZ, ALAN DALE",Republican,1,,,,"43rd District; young, attractive challenger; far better than self-seeking incumbent Mazzei",0.92
PA,PITTSBURGH POST-GAZETTE,141250,1968,STATE SENATOR,43,,PA,"MAZZEI, FRANK",Democrat,0,1,,,Incumbent; self-seeking ward politician,0.90
PA,PITTSBURGH POST-GAZETTE,141250,1968,STATE SENATOR,43,,PA,"SNYDER, FRANK MASON",Democrat,1,1,,,43rd district; we have based called; election of self-seeking ward politician; in 43rd district.,0.70
PA,PITTSBURGH POST-GAZETTE,141250,1968,STATE SENATOR,45,,PA,"ZEMPRELLI, EDWARD P",Democrat,1,,,,45th District; legislator of proven effectiveness in the House,0.92
PA,PITTSBURGH POST-GAZETTE,141250,1968,TREASURER,,,PA,"PASQUERILLA, FRANK J",Republican,1,,,,Construction company president; impressive business record; constitutional convention delegate,0.95
PA,PITTSBURGH POST-GAZETTE,141250,1968,VICE PRESIDENT,,,PA,"AGNEW, SPIRO T",Republican,0,,,,"Unfit to be next in line for presidency; rigid, repressive, derogatory remarks",0.95
PA,PITTSBURGH POST-GAZETTE,141250,1968,VICE PRESIDENT,,,PA,"MUSKIE, EDMUND S",Democrat,1,,,,Far better fitted for VP than Agnew; well qualified,0.95
PA,PITTSBURGH POST-GAZETTE,141250,1970,GOVERNOR,,,PA,"BRODERICK, RAYMOND J",Republican,0,,,,Lt. Gov.; established no credibility in fiscal matters,0.92
PA,PITTSBURGH POST-GAZETTE,141250,1970,GOVERNOR,,,PA,"SHAPP, MILTON",Democrat,1,,,,Demonstrated growth in understanding state problems; greater candor and flexibility on fiscal crisis,0.95
PA,PITTSBURGH POST-GAZETTE,141250,1970,H,14,,PA,"MOORHEAD, WILLIAM S",Democrat,1,1,,,14th District; hard work and concern for urban constituents; seventh term,0.95
PA,PITTSBURGH POST-GAZETTE,141250,1970,H,18,,PA,"CORBETT, ROBERT J",Republican,1,1,,,18th District; long experience since 1939; leadership in Pennsylvania delegation,0.95
PA,PITTSBURGH POST-GAZETTE,141250,1970,H,20,,PA,"GAYDOS, JOSEPH M",Democrat,1,1,,,20th District; diligent and responsive in industrial Monongahela Valley,0.95
PA,PITTSBURGH POST-GAZETTE,141250,1970,H,27,,PA,"FULTON, JAMES G",Republican,0,1,,,Incumbent; not endorsed,0.85
PA,PITTSBURGH POST-GAZETTE,141250,1970,H,27,,PA,"WALGREN, DOUGLAS",Democrat,1,,,,27th District; young challenger; strong sense of public service; argued for over incumbent Fulton,0.93
PA,PITTSBURGH POST-GAZETTE,141250,1970,SENATOR,,,PA,"SCOTT, HUGH D",Republican,1,,1,,Senate minority leader; extensive legislative experience; moderating impact upon GOP,0.97
PA,PITTSBURGH POST-GAZETTE,141250,1970,STATE REP,17,,PA,"SCANLON, EUGENE",Democrat,1,,,,17th District; exceptional service or qualification,0.93
PA,PITTSBURGH POST-GAZETTE,141250,1970,STATE REP,18,,PA,"DEHLER, RICHARD E",Republican,1,,,,18th District,0.90
PA,PITTSBURGH POST-GAZETTE,141250,1970,STATE REP,19,,PA,"IRVIS, K LEROY",Democrat,1,,,,19th District; exceptional service or qualification,0.93
PA,PITTSBURGH POST-GAZETTE,141250,1970,STATE REP,21,,PA,"RICHTER, L GARRETT",Republican,1,,,,21st District,0.90
PA,PITTSBURGH POST-GAZETTE,141250,1970,STATE REP,22,,PA,"FORSAITH, PAUL C",Republican,1,,,,22nd District,0.90
PA,PITTSBURGH POST-GAZETTE,141250,1970,STATE REP,23,,PA,"KAUFMAN, GERALD",Democrat,1,,,,23rd District; exceptional service or qualification,0.93
PA,PITTSBURGH POST-GAZETTE,141250,1970,STATE REP,25,,PA,"LUTTY, PAUL F",Democrat,1,,,,25th District,0.90
PA,PITTSBURGH POST-GAZETTE,141250,1970,STATE REP,26,,PA,"BEHERS, PAUL L",Republican,1,,,,26th District,0.90
PA,PITTSBURGH POST-GAZETTE,141250,1970,STATE REP,28,,PA,"KELLY, JAMES B III",Republican,1,,,,28th District,0.90
PA,PITTSBURGH POST-GAZETTE,141250,1970,STATE REP,29,,PA,"EARLY, EDWARD M",Democrat,1,,,,29th District,0.90
PA,PITTSBURGH POST-GAZETTE,141250,1970,STATE REP,30,,PA,"CESAR, RICHARD J",Republican,1,,,,30th District,0.90
PA,PITTSBURGH POST-GAZETTE,141250,1970,STATE REP,32,,PA,"BURKARDT, ROBERT F",Republican,1,,,,32nd District,0.90
PA,PITTSBURGH POST-GAZETTE,141250,1970,STATE REP,33,,PA,"BONETTO, JOSEPH",Democrat,1,,,,33rd District; exceptional service or qualification,0.93
PA,PITTSBURGH POST-GAZETTE,141250,1970,STATE REP,34,,PA,"WELSH, WILLIAM",Democrat,1,,,,34th District,0.90
PA,PITTSBURGH POST-GAZETTE,141250,1970,STATE REP,40,,PA,"WELLS, JAY R III",Republican,1,,,,40th District,0.90
PA,PITTSBURGH POST-GAZETTE,141250,1970,STATE REP,41,,PA,"ZORD, JOSEPH F JR",Republican,1,,,,41st District,0.90
PA,PITTSBURGH POST-GAZETTE,141250,1970,STATE REP,42,,PA,"PARKER, SHELDON",Republican,1,,,,42nd District; exceptional service or qualification,0.93
PA,PITTSBURGH POST-GAZETTE,141250,1970,STATE REP,43,,PA,"KNEPPER, JAMES W",Republican,1,,,,43rd District,0.90
PA,PITTSBURGH POST-GAZETTE,141250,1970,STATE REP,44,,PA,"MCGRAW, ANDREW",Democrat,1,,,,44th District,0.90
PA,PITTSBURGH POST-GAZETTE,141250,1970,STATE REP,45,,PA,"HOMER, MAX",Democrat,1,,,,45th District; exceptional service or qualification,0.93
PA,PITTSBURGH POST-GAZETTE,141250,1970,STATE SENATOR,38,,PA,"NOSZKA, STANLEY M",Democrat,1,,,,38th District,0.92
PA,PITTSBURGH POST-GAZETTE,141250,1970,STATE SENATOR,40,,PA,"FLEMING, ROBERT D",Republican,1,1,,,40th District; Republican president pro tem,0.95
PA,PITTSBURGH POST-GAZETTE,141250,1970,STATE SENATOR,42,,PA,"LAMB, THOMAS F",Democrat,1,1,,,42nd District,0.92
PA,PITTSBURGH POST-GAZETTE,141250,1970,STATE SENATOR,44,,PA,"MCGREGOR, JIM",Republican,1,,,,44th District; good choice between two qualified candidates,0.85
PA,PITTSBURGH POST-GAZETTE,141250,1970,STATE SENATOR,44,,PA,"NOLAN, THOMAS M",Democrat,1,,,,44th District; good choice between two qualified candidates,0.85
PA,PITTSBURGH POST-GAZETTE,141250,1972,AUDITOR,,,PA,"CASEY, ROBERT P",Democrat,1,1,,,Incumbent Democrat; on the apple ticket for auditor general.,0.90
PA,PITTSBURGH POST-GAZETTE,141250,1972,H,14,,PA,"CATARINELLA, ROLAND S",Republican,0,,,,Low-level campaign,0.85
PA,PITTSBURGH POST-GAZETTE,141250,1972,H,14,,PA,"MOORHEAD, WILLIAM S",Democrat,1,1,,,14th District; eighth term; key committee assignments; increasingly useful,0.97
PA,PITTSBURGH POST-GAZETTE,141250,1972,H,18,,PA,"HEINZ, H JOHN III",Republican,1,1,,,18th District; admirable independence and industry in freshman term,0.95
PA,PITTSBURGH POST-GAZETTE,141250,1972,H,20,,PA,"GAYDOS, JOSEPH M",Democrat,1,1,,,20th District; responsive to needs of industrial area; valuable experience,0.95
PA,PITTSBURGH POST-GAZETTE,141250,1972,H,21,,PA,"DENT, JOHN H",Democrat,1,1,,,21st District incumbent,0.93
PA,PITTSBURGH POST-GAZETTE,141250,1972,H,22,,PA,"MORGAN, THOMAS E",Democrat,1,1,,,22nd District incumbent,0.93
PA,PITTSBURGH POST-GAZETTE,141250,1972,H,25,,PA,"MYERS, GARY A",Republican,1,,,,25th District; young challenger from Butler,0.92
PA,PITTSBURGH POST-GAZETTE,141250,1972,PRESIDENT,,,PA,"MCGOVERN, GEORGE",Democrat,0,,,,Wide credibility gaps over broad range of issues; not endorsed,0.90
PA,PITTSBURGH POST-GAZETTE,141250,1972,PRESIDENT,,,PA,"NIXON, RICHARD",Republican,1,,1,,"Better choice on basis of experience, competence, toughness; foreign affairs skill at critical juncture of Vietnam negotiations",0.95
PA,PITTSBURGH POST-GAZETTE,141250,1972,PRESIDENT,,,PA,"NIXON, RICHARD M",Republican,0,,1,,Has gladly faced little to no enthusiasm; tabbed could ill afford to deepen this critical juncture of negotiations to end long war in Vietnam.,0.80
PA,PITTSBURGH POST-GAZETTE,141250,1972,STATE REP,17,,PA,"SCANLON, EUGENE F",Democrat,1,1,,,17th District; deserving of re-election,0.92
PA,PITTSBURGH POST-GAZETTE,141250,1972,STATE REP,19,,PA,"IRVIS, K LEROY",Democrat,1,1,,,19th District; House majority leader; strongly endorsed,0.95
PA,PITTSBURGH POST-GAZETTE,141250,1972,STATE REP,21,,PA,"STERN, BARRY",Republican,1,,,,21st District; replacement for Martino,0.88
PA,PITTSBURGH POST-GAZETTE,141250,1972,STATE REP,23,,PA,"ITKIN, IVAN",Democrat,1,,,,23rd District; slight edge because of experience in political organizing,0.90
PA,PITTSBURGH POST-GAZETTE,141250,1972,STATE REP,24,,PA,"RHODES, JOSEPH JR",Democrat,1,,,,24th District; young man with bright future,0.92
PA,PITTSBURGH POST-GAZETTE,141250,1972,STATE REP,25,,PA,"GALLOWAY, RICHARD",Democrat,1,,,,25th District (Monroeville area); edge in knowledge of government,0.92
PA,PITTSBURGH POST-GAZETTE,141250,1972,STATE REP,26,,PA,"CAPUTO, CHARLES",Democrat,0,1,,,26th District; we wished overturned but cannot endorse opponent,0.90
PA,PITTSBURGH POST-GAZETTE,141250,1972,STATE REP,27,,PA,"GEISLER, ROBERT A",Democrat,1,,,,27th District; deserving of re-election,0.90
PA,PITTSBURGH POST-GAZETTE,141250,1972,STATE REP,28,,PA,"KELLY, JAMES B III",Republican,1,1,,,28th District; from Ingomar; strongly endorsed,0.95
PA,PITTSBURGH POST-GAZETTE,141250,1972,STATE REP,30,,PA,"CESSAR, RICHARD J",Republican,1,1,,,30th District; from Etna; strongly endorsed,0.95
PA,PITTSBURGH POST-GAZETTE,141250,1972,STATE REP,33,,PA,"BONETTO, JOE",Democrat,1,1,,,33rd District; from Plum Borough; deserving of re-election,0.92
PA,PITTSBURGH POST-GAZETTE,141250,1972,STATE REP,34,,PA,"COWELL, RONALD R",Democrat,1,,,,"34th District; Wilkins Township; knowledgeable, energetic young man",0.93
PA,PITTSBURGH POST-GAZETTE,141250,1972,STATE REP,34,,PA,"FRANKENBURG, RICHARD",Republican,0,1,,,34th District; negative influence; John Birch Society affiliation; out of touch,0.95
PA,PITTSBURGH POST-GAZETTE,141250,1972,STATE REP,37,,PA,"RENNER, RICHARD",Republican,1,,,,37th District; Dravosburg Republican; highly motivated research technician,0.92
PA,PITTSBURGH POST-GAZETTE,141250,1972,STATE REP,37,,PA,"WALSH, JOHN",Democrat,0,1,,,37th District; we wished overturned,0.90
PA,PITTSBURGH POST-GAZETTE,141250,1972,STATE REP,40,,PA,"WELLS, JAY R III",Republican,1,1,,,40th District; from Bethel Park; strongly endorsed,0.95
PA,PITTSBURGH POST-GAZETTE,141250,1972,STATE REP,42,,PA,"PARKER, SHELDON",Republican,1,1,,,42nd District; from Mt. Lebanon; deserving of re-election,0.92
PA,PITTSBURGH POST-GAZETTE,141250,1972,STATE REP,43,,PA,"KNEPPER, JAMES W JR",Republican,1,1,,,43rd District; from Carnegie; strongly endorsed,0.95
PA,PITTSBURGH POST-GAZETTE,141250,1972,STATE REP,45,,PA,"ERNHARTH, JOE",Republican,1,,,,45th District; reform candidate challenging Homer,0.92
PA,PITTSBURGH POST-GAZETTE,141250,1972,STATE REP,45,,PA,"HOMER, MAX",Democrat,0,1,,,45th District; we wished overturned,0.90
PA,PITTSBURGH POST-GAZETTE,141250,1972,STATE SENATOR,37,,PA,"DELLA VECCHIA, MICHAEL",Democrat,1,,,,"37th District; bright, intelligent opponent for incumbent Ewing",0.92
PA,PITTSBURGH POST-GAZETTE,141250,1972,STATE SENATOR,37,,PA,"EWING, WAYNE B",Republican,1,1,,,37th district; State Senate.,0.70
PA,PITTSBURGH POST-GAZETTE,141250,1972,TREASURER,,,PA,"WILLIAMS, GLENN",Republican,1,,,,From Harrisburg; Republican challenger for Treasurer,0.85
PA,PITTSBURGH POST-GAZETTE,141250,1974,GOVERNOR,,,PA,"SHAPP, MILTON",Democrat,1,1,,,Led PA out of fiscal wilderness; compassion and understanding of urban problems,0.95
PA,PITTSBURGH POST-GAZETTE,141250,1974,H,14,,PA,"MOORHEAD, WILLIAM S",Democrat,1,1,,,14th District,0.95
PA,PITTSBURGH POST-GAZETTE,141250,1974,H,18,,PA,"HEINZ, H JOHN III",Republican,1,1,,,18th District,0.95
PA,PITTSBURGH POST-GAZETTE,141250,1974,H,20,,PA,"GAYDOS, JOSEPH",Democrat,1,1,,,20th District,0.95
PA,PITTSBURGH POST-GAZETTE,141250,1974,H,21,,PA,"DENT, JOHN",Democrat,1,1,,,21st District,0.95
PA,PITTSBURGH POST-GAZETTE,141250,1974,H,22,,PA,"MORGAN, THOMAS E",Democrat,1,1,,,22nd District,0.95
PA,PITTSBURGH POST-GAZETTE,141250,1974,H,25,,PA,"CLARK, FRANK",Democrat,0,1,,,Incumbent; overly friendly ties with maritime/trucking/labor interests; time for a change,0.92
PA,PITTSBURGH POST-GAZETTE,141250,1974,H,25,,PA,"MYERS, GARY",Republican,1,,,,25th District; from Butler; fresh outlook; over Frank Clark,0.95
PA,PITTSBURGH POST-GAZETTE,141250,1974,SENATOR,,,PA,"FLAHERTY, PETER",Democrat,0,,,,Pittsburgh Mayor; negativist in City Hall; obstructed important public programs; fiscal magic is something of a myth,0.95
PA,PITTSBURGH POST-GAZETTE,141250,1974,SENATOR,,,PA,"SCHWEIKER, RICHARD S",Republican,1,,1,,"Respected, experienced, hard-working senator; second-best attendance record; independence and bipartisanship; among first to condemn Watergate; supports campaign spending reform; serves on Appropriations Committee",0.97
PA,PITTSBURGH POST-GAZETTE,141250,1974,STATE REP,23,,PA,"ITKIN, IVAN",Democrat,1,1,,,23rd District; from Point Breeze,0.95
PA,PITTSBURGH POST-GAZETTE,141250,1974,STATE REP,28,,PA,"KELLY, JAMES B III",Republican,1,1,,,28th District; from Ingomar,0.95
PA,PITTSBURGH POST-GAZETTE,141250,1974,STATE REP,29,,PA,"MENHORN, HARRY G JR",Democrat,1,,,,29th District; Ross County; experience as township commissioner,0.92
PA,PITTSBURGH POST-GAZETTE,141250,1974,STATE REP,30,,PA,"CESSAR, RICHARD J",Republican,1,1,,,30th District; from Etna,0.95
PA,PITTSBURGH POST-GAZETTE,141250,1974,STATE REP,34,,PA,"COWELL, RONALD R",Democrat,1,,,,"34th District; Wilkins Township; alert, serious young man; commitment to campaign reform",0.95
PA,PITTSBURGH POST-GAZETTE,141250,1974,STATE REP,34,,PA,"FRANKENBURG, RICHARD JAMES",Republican,0,1,,,34th District; unprogressive nonentity since 1971,0.95
PA,PITTSBURGH POST-GAZETTE,141250,1974,STATE REP,37,,PA,"WAUN, ROGER J",Republican,1,,,,"37th District; McKeesport; fresh, inquisitive, show-me candidate",0.92
PA,PITTSBURGH POST-GAZETTE,141250,1974,STATE REP,40,,PA,"FISHER, D MICHAEL",Republican,1,,,,40th District; well qualified,0.85
PA,PITTSBURGH POST-GAZETTE,141250,1974,STATE REP,40,,PA,"STEFANKO, JEROME S",Democrat,1,,,,40th District; well qualified,0.85
PA,PITTSBURGH POST-GAZETTE,141250,1974,STATE REP,42,,PA,"PARKER, H SHELDON JR",Republican,1,1,,,42nd District; from Mt. Lebanon,0.95
PA,PITTSBURGH POST-GAZETTE,141250,1974,STATE REP,43,,PA,"KNEPPER, JAMES W JR",Republican,1,1,,,43rd District; from Rosslyn Farms,0.95
PA,PITTSBURGH POST-GAZETTE,141250,1974,STATE REP,45,,PA,"TRELLO, FRED",Democrat,1,,,,45th District; Coraopolis; record of hard work on Coraopolis Borough Council,0.92
PA,PITTSBURGH POST-GAZETTE,141250,1974,STATE SENATOR,17,,PA,"SCANLON, EUGENE F",Democrat,1,,,,17th District; workmanlike record as state rep from Northside,0.93
PA,PITTSBURGH POST-GAZETTE,141250,1974,STATE SENATOR,40,,PA,"FLEMING, ROBERT D",Republican,1,1,,,40th District; vigorous proponent of Allegheny County interests; 24 legislative years,0.95
PA,PITTSBURGH POST-GAZETTE,141250,1974,STATE SENATOR,44,,PA,"MCCLOY, ALFRED A",Republican,1,,,,44th District; Forest Hills; refreshing change,0.93
PA,PITTSBURGH POST-GAZETTE,141250,1974,STATE SENATOR,44,,PA,"NOLAN, THOMAS M",Democrat,0,1,,,Incumbent; constant abuser of senatorial expense accounts; bottled up reform legislation,0.95
PA,PITTSBURGH POST-GAZETTE,141250,1978,GOVERNOR,,,PA,"THORNBURGH, RICHARD",Republican,1,,,,"Best leadership for next four years; would perform drastic administrative housecleaning; imaginative, articulate, compassionate; fiscal conservatism without sacrificing the poor",0.97
PA,PITTSBURGH POST-GAZETTE,141250,1978,H,14,,PA,"MOORHEAD, WILLIAM S",Democrat,1,1,,,14th District; Shadyside; incumbent,0.95
PA,PITTSBURGH POST-GAZETTE,141250,1978,H,18,,PA,"WALGREN, DOUG",Democrat,1,1,,,18th District; Mt. Lebanon; incumbent,0.95
PA,PITTSBURGH POST-GAZETTE,141250,1978,H,20,,PA,"GAYDOS, JOSEPH M",Democrat,1,1,,,20th District; McKeesport; incumbent,0.95
PA,PITTSBURGH POST-GAZETTE,141250,1978,H,21,,PA,"BAILEY, DON",Democrat,1,,,,21st District; Greensburg; lawyer; seat held by retiring John Dent,0.93
PA,PITTSBURGH POST-GAZETTE,141250,1978,H,25,,PA,"ATKINSON, EUGENE V",Democrat,1,,,,25th District; Beaver County commissioner,0.93
PA,PITTSBURGH POST-GAZETTE,141250,1978,STATE REP,17,,PA,"MURPHY, THOMAS J",Democrat,1,,,,17th District (Northside),0.92
PA,PITTSBURGH POST-GAZETTE,141250,1978,STATE REP,19,,PA,"IRVIS, K LEROY",Democrat,1,1,,,19th District (Hill); incumbent,0.95
PA,PITTSBURGH POST-GAZETTE,141250,1978,STATE REP,20,,PA,"BECER, ALLAN",Republican,1,,,,"20th District (Lawrenceville, Millvale)",0.92
PA,PITTSBURGH POST-GAZETTE,141250,1978,STATE REP,21,,PA,"HARTNETT, TOM",Republican,1,,,,21st District (Shadyside),0.92
PA,PITTSBURGH POST-GAZETTE,141250,1978,STATE REP,22,,PA,"SEVENTY, STEVE",Democrat,1,,,,22nd District (Southside),0.92
PA,PITTSBURGH POST-GAZETTE,141250,1978,STATE REP,23,,PA,"ITKIN, IVAN",Democrat,1,1,,,23rd District (Squirrel Hill); incumbent,0.95
PA,PITTSBURGH POST-GAZETTE,141250,1978,STATE REP,24,,PA,"RHODES, JOSEPH JR",Democrat,1,1,,,"24th District (East Liberty, Homewood-Brushton); incumbent",0.95
PA,PITTSBURGH POST-GAZETTE,141250,1978,STATE REP,25,,PA,"TADDONIO, LEE C",Republican,1,1,,,25th District (Monroeville); incumbent,0.95
PA,PITTSBURGH POST-GAZETTE,141250,1978,STATE REP,26,,PA,"DAWIDA, MICHAEL",Democrat,1,,,,"26th District (Brookline, Beechview, Carrick)",0.92
PA,PITTSBURGH POST-GAZETTE,141250,1978,STATE REP,27,,PA,"CHESS, RICK",Democrat,1,,,,"27th District (West End, Ingram)",0.92
PA,PITTSBURGH POST-GAZETTE,141250,1978,STATE REP,28,,PA,"POTT, GEORGE F JR",Republican,1,1,,,28th District (North Hills); incumbent,0.93
PA,PITTSBURGH POST-GAZETTE,141250,1978,STATE REP,29,,PA,"GOEBEL, RONALD P",Republican,1,1,,,29th District (Ross); incumbent,0.93
PA,PITTSBURGH POST-GAZETTE,141250,1978,STATE REP,30,,PA,"CESSAR, RICHARD J",Republican,1,1,,,"30th District (Shaler, Aspinwall, Etna, Fox Chapel); incumbent",0.95
PA,PITTSBURGH POST-GAZETTE,141250,1978,STATE REP,31,,PA,"KOST, PAUL F",Republican,1,,,,"31st District (Hampton, Brackenridge, Tarentum)",0.92
PA,PITTSBURGH POST-GAZETTE,141250,1978,STATE REP,32,,PA,"KERNICK, PHYLLIS T",Democrat,1,1,,,32nd District (Penn Hills); incumbent,0.95
PA,PITTSBURGH POST-GAZETTE,141250,1978,STATE REP,33,,PA,"JACKSON, RICHARD E",Republican,1,,,,"33rd District (Allegheny River communities, Plum Borough)",0.92
PA,PITTSBURGH POST-GAZETTE,141250,1978,STATE REP,34,,PA,"COWELL, RONALD R",Democrat,1,1,,,"34th District (Wilkins Township, Churchill, Wilkinsburg); incumbent",0.95
PA,PITTSBURGH POST-GAZETTE,141250,1978,STATE REP,35,,PA,"MICHLOVIC, TOM",Democrat,1,,,,"35th District (Turtle Creek valley, Braddock)",0.92
PA,PITTSBURGH POST-GAZETTE,141250,1978,STATE REP,36,,PA,"KNIGHT, WILLIAM W",Democrat,1,,,,"36th District (31st Ward, Swissvale, Homestead)",0.92
PA,PITTSBURGH POST-GAZETTE,141250,1978,STATE REP,37,,PA,"MRKONIC, EMIL",Democrat,1,1,,,37th District (McKeesport); incumbent,0.95
PA,PITTSBURGH POST-GAZETTE,141250,1978,STATE REP,38,,PA,"NOVAK, BERNARD R",Democrat,1,1,,,"38th District (Duquesne, West Mifflin, Jefferson); incumbent",0.95
PA,PITTSBURGH POST-GAZETTE,141250,1978,STATE REP,39,,PA,"AUSTIN, ROBB",Democrat,1,,,,"39th District (Clairton, Glassport, Elizabeth)",0.92
PA,PITTSBURGH POST-GAZETTE,141250,1978,STATE REP,40,,PA,"FISHER, D MICHAEL",Republican,1,1,,,"40th District (Bethel Park, Upper St. Clair, South Park); incumbent",0.95
PA,PITTSBURGH POST-GAZETTE,141250,1978,STATE REP,41,,PA,"ZORD, JOSEPH V JR",Republican,1,1,,,"41st District (Brentwood, Pleasant Hills, Whitehall); incumbent",0.95
PA,PITTSBURGH POST-GAZETTE,141250,1978,STATE REP,42,,PA,"MCVERRY, TERRY",Republican,1,,,,42nd District; voters will do well with either,0.85
PA,PITTSBURGH POST-GAZETTE,141250,1978,STATE REP,42,,PA,"SCHMOTZER, MARTY",Democrat,1,,,,"42nd District (Mt. Lebanon, Baldwin); voters will do well with either",0.85
PA,PITTSBURGH POST-GAZETTE,141250,1978,STATE REP,43,,PA,"KNEPPER, JAMES W JR",Republican,1,1,,,"43rd District (Carnegie, Crafton, Green Tree); incumbent",0.95
PA,PITTSBURGH POST-GAZETTE,141250,1978,STATE REP,44,,PA,"GAMBLE, RON",Democrat,1,1,,,"44th District (Bridgeville, Heidelberg, Oakdale); incumbent",0.95
PA,PITTSBURGH POST-GAZETTE,141250,1978,STATE REP,45,,PA,"TRELLO, FRED A",Democrat,1,1,,,"45th District (Coraopolis, McKees Rocks); incumbent",0.95
PA,PITTSBURGH POST-GAZETTE,141250,1978,STATE SENATOR,38,,PA,"SCOTT, EDWARD D",Republican,1,,,,38th District (Downtown through East Liberty to Wilkinsburg),0.93
PA,PITTSBURGH POST-GAZETTE,141250,1978,STATE SENATOR,40,,PA,"EARLY, EDWARD M",Democrat,1,1,,,40th District (North Hills); incumbent,0.93
PA,PITTSBURGH POST-GAZETTE,141250,1978,STATE SENATOR,42,,PA,"SCANLON, EUGENE F",Democrat,1,1,,,"42nd District (Northside, West End, McKees Rocks); incumbent",0.93
PA,PITTSBURGH POST-GAZETTE,141250,1990,GOVERNOR,,,PA,"CASEY, BOB",Democrat,1,1,,,Incumbent; record of accomplishment on wide-ranging agenda makes him better choice,0.95
PA,PITTSBURGH POST-GAZETTE,141250,1990,H,18,,PA,"WALGREN, DOUG",Democrat,1,1,,,18th District; seven-term record in Congress preferable to Republican opponent,0.93
PA,PITTSBURGH POST-GAZETTE,141250,1990,STATE REP,41,,PA,"BARTON, DAVID",Republican,1,,,,41st District; car dealer; Whitehall Borough Council since 1985; greater promise than go-along incumbent,0.93
PA,PITTSBURGH POST-GAZETTE,141250,1990,STATE REP,41,,PA,"KAISER, RALPH",Democrat,0,1,,,Brentwood; go-along incumbent,0.90
PA,PITTSBURGH POST-GAZETTE,141250,1990,STATE REP,42,,PA,"BYHAM, CAROLYN",Republican,1,,,,42nd District; Mt. Lebanon commissioner; more imaginative view of government; need to send more women to Legislature,0.93
PA,PITTSBURGH POST-GAZETTE,141250,1990,STATE REP,42,,PA,"FAJT, GREG",Democrat,0,,,,42nd District; lawyer; similar views to Byham but Byham preferred,0.85
PA,PITTSBURGH POST-GAZETTE,141250,1994,CITY COUNCIL,9,,PA,"ADAMS, RICK",Democrat,1,,,,Pittsburgh's 9th City Council District; special election to fill late Darkins's seat; assistant to exec dean of Community College's South Campus,0.93
PA,PITTSBURGH POST-GAZETTE,141250,1994,GOVERNOR,,,PA,"RIDGE, TOM",Republican,1,,,,"US Rep; outstrips competition in leadership caliber; gutsy stands; supports increased minimum wage, NAFTA, federal crime bill, abortion rights",0.97
PA,PITTSBURGH POST-GAZETTE,141250,1994,GOVERNOR,,,PA,"SINGEL, MARK",Democrat,0,,,,Not endorsed; Ridge more likely to put purpose above politics,0.85
PA,PITTSBURGH POST-GAZETTE,141250,1994,H,14,,PA,"COYNE, WILLIAM",Democrat,1,1,,,14th District; veteran Democrat; served Pittsburgh-based constituency well,0.95
PA,PITTSBURGH POST-GAZETTE,141250,1994,H,20,,PA,"MASCARA, FRANK",Democrat,1,,,,20th District; Washington County commissioner; succeeding retiring Murphy,0.93
PA,PITTSBURGH POST-GAZETTE,141250,1994,H,4,,PA,"KLINK, RON",Democrat,1,1,,,4th District; first-term Democrat,0.95
PA,PITTSBURGH POST-GAZETTE,141250,1994,LT GOVERNOR,,,PA,"SCHWEIKER, MARK",Republican,1,,,,Ridge's running mate,0.85
PA,PITTSBURGH POST-GAZETTE,141250,1994,SENATOR,,,PA,"SANTORUM, RICK",Republican,0,,,,Over-eager challenger; would turn clock back to Reagan-Bush voodoo promises,0.95
PA,PITTSBURGH POST-GAZETTE,141250,1994,SENATOR,,,PA,"WOFFORD, HARRIS",Democrat,1,1,,,Caring and knowledgeable; committed to extending health care; partner for effective government with Clinton,0.97
PA,PITTSBURGH POST-GAZETTE,141250,1994,STATE REP,11,,PA,"TRAVAGLIO, GUY",,1,,,,11th District,0.85
PA,PITTSBURGH POST-GAZETTE,141250,1994,STATE REP,12,,PA,"CARONE, PAT",,1,,,,12th District,0.85
PA,PITTSBURGH POST-GAZETTE,141250,1994,STATE REP,20,,PA,"WALKO, DON",Democrat,1,,,,20th District,0.88
PA,PITTSBURGH POST-GAZETTE,141250,1994,STATE REP,27,,PA,"PETRONE, THOMAS",Democrat,1,,,,27th District,0.88
PA,PITTSBURGH POST-GAZETTE,141250,1994,STATE REP,28,,PA,"FARMER, ELAINE",Republican,1,,,,28th District,0.88
PA,PITTSBURGH POST-GAZETTE,141250,1994,STATE REP,30,,PA,"HABAY, JEFFREY",Republican,1,,,,30th District,0.88
PA,PITTSBURGH POST-GAZETTE,141250,1994,STATE REP,33,,PA,"DERMODY, FRANK",Democrat,1,,,,33rd District; or Hammer (toss-up),0.85
PA,PITTSBURGH POST-GAZETTE,141250,1994,STATE REP,33,,PA,"HAMMER, JEFFREY",Republican,1,,,,33rd District; or Dermody (toss-up),0.85
PA,PITTSBURGH POST-GAZETTE,141250,1994,STATE REP,34,,PA,"COWELL, RONALD",Democrat,1,1,,,34th District,0.92
PA,PITTSBURGH POST-GAZETTE,141250,1994,STATE REP,38,,PA,"KRASS, KAREN",,1,,,,38th District,0.85
PA,PITTSBURGH POST-GAZETTE,141250,1994,STATE REP,39,,PA,"LEVDANSKY, DAVID",Democrat,1,,,,39th District,0.88
PA,PITTSBURGH POST-GAZETTE,141250,1994,STATE REP,54,,PA,"VAN HORNE, TERRY",Democrat,1,,,,54th District,0.88
PA,PITTSBURGH POST-GAZETTE,141250,1994,STATE SENATOR,38,,PA,"BODACK, LEONARD",Democrat,1,,,,38th District,0.92
PA,PITTSBURGH POST-GAZETTE,141250,1994,STATE SENATOR,40,,PA,"NAPPER, ELAINE",,1,,,,40th District,0.85
PA,PITTSBURGH POST-GAZETTE,141250,1996,ATTORNEY GENERAL,,,PA,"FISHER, MIKE",Republican,1,,,,State Sen.; experience as Allegheny County DA prosecutor; drafted criminal statutes; conviction that duties must not be clouded by personal view,0.95
PA,PITTSBURGH POST-GAZETTE,141250,1996,AUDITOR,,,PA,"NYCE, BOB",Republican,1,,,,Auditor General; respected state legislator from Northampton County; accountant; no aspirations to run for governor,0.95
PA,PITTSBURGH POST-GAZETTE,141250,1996,H,14,,PA,"COYNE, WILLIAM J",Democrat,1,1,,,14th District; eight terms; quiet but tireless champion of Pittsburgh,0.95
PA,PITTSBURGH POST-GAZETTE,141250,1996,H,14,,PA,"RAVOTTI, BILL",Republican,0,,,,Views too extreme for this area,0.92
PA,PITTSBURGH POST-GAZETTE,141250,1996,H,18,,PA,"DOYLE, MIKE",Democrat,0,1,,,Incumbent; timid legislator attracted to politically enticing quick fix,0.92
PA,PITTSBURGH POST-GAZETTE,141250,1996,H,18,,PA,"FAWCETT, DAVID B",Republican,1,,,,18th District; creative thinker; strong environmental concerns; moderating voice in GOP,0.93
PA,PITTSBURGH POST-GAZETTE,141250,1996,H,20,,PA,"MASCARA, FRANK",Democrat,1,1,,,20th District; freshman term; long career as Washington County commissioner,0.95
PA,PITTSBURGH POST-GAZETTE,141250,1996,H,20,,PA,"MCCORMICK, MIKE",Republican,0,,,,Newt Gingrich-style solutions wouldn't help constituents,0.90
PA,PITTSBURGH POST-GAZETTE,141250,1996,H,4,,PA,"KLINK, RON",Democrat,1,1,,,4th District; represents views of most constituents,0.93
PA,PITTSBURGH POST-GAZETTE,141250,1996,PRESIDENT,,,PA,"CLINTON, BILL",Democrat,1,1,,,Reducing federal deficit; impressive economic expansion; reliable steward of foreign affairs; record of accomplishment,0.97
PA,PITTSBURGH POST-GAZETTE,141250,1996,STATE REP,19,,PA,"ROBINSON, BILL",Democrat,1,,,,19th District,0.90
PA,PITTSBURGH POST-GAZETTE,141250,1996,STATE REP,20,,PA,"WALKO, DON",Democrat,1,,,,20th District,0.90
PA,PITTSBURGH POST-GAZETTE,141250,1996,STATE REP,21,,PA,"PISTELLA, FRANK",Democrat,1,,,,21st District,0.90
PA,PITTSBURGH POST-GAZETTE,141250,1996,STATE REP,22,,PA,"GIGLIOTTI, FRANK",Democrat,1,,,,22nd District,0.90
PA,PITTSBURGH POST-GAZETTE,141250,1996,STATE REP,27,,PA,"PETRONE, THOMAS",Democrat,1,,,,27th District,0.90
PA,PITTSBURGH POST-GAZETTE,141250,1996,STATE REP,28,,PA,"BAIERL, WILLIAM",Reform,1,,,,28th District,0.90
PA,PITTSBURGH POST-GAZETTE,141250,1996,STATE REP,29,,PA,"MAYERNIK, DAVID",Democrat,1,,,,29th District,0.90
PA,PITTSBURGH POST-GAZETTE,141250,1996,STATE REP,30,,PA,"HABAY, JEFFREY",Republican,1,,,,30th District,0.90
PA,PITTSBURGH POST-GAZETTE,141250,1996,STATE REP,32,,PA,"DELUCA, ANTHONY",Democrat,1,,,,32nd District,0.90
PA,PITTSBURGH POST-GAZETTE,141250,1996,STATE REP,33,,PA,"DERMODY, FRANK",Democrat,1,,,,33rd District,0.90
PA,PITTSBURGH POST-GAZETTE,141250,1996,STATE REP,34,,PA,"COWELL, RONALD",Democrat,1,1,,,34th District,0.93
PA,PITTSBURGH POST-GAZETTE,141250,1996,STATE REP,39,,PA,"LEVDANSKY, DAVID",Democrat,1,,,,39th District,0.90
PA,PITTSBURGH POST-GAZETTE,141250,1996,STATE REP,40,,PA,"KOVACH, THOMAS",Democrat,1,,,,40th District,0.90
PA,PITTSBURGH POST-GAZETTE,141250,1996,STATE REP,42,,PA,"VUONO, COLEEN",Democrat,1,,,,42nd District,0.90
PA,PITTSBURGH POST-GAZETTE,141250,1996,STATE REP,44,,PA,"MCGRAW, ANDREW",Democrat,1,,,,44th District,0.90
PA,PITTSBURGH POST-GAZETTE,141250,1996,STATE REP,45,,PA,"YOUNGBLOOD, JACK",Republican,1,,,,45th District,0.90
PA,PITTSBURGH POST-GAZETTE,141250,1996,STATE SENATOR,37,,PA,"FAJT, GREG",Democrat,1,,,,37th District,0.92
PA,PITTSBURGH POST-GAZETTE,141250,1996,STATE SENATOR,43,,PA,"COSTA, JAY JR",Democrat,1,,,,43rd District,0.93
PA,PITTSBURGH POST-GAZETTE,141250,1996,TREASURER,,,PA,"HAFER, BARBARA",Republican,1,,,,Best qualified; two terms as auditor general; hard-working fiscal watchdog; opposed Gov. Ridge's proposals to eliminate medical benefits,0.95
PA,PITTSBURGH POST-GAZETTE,141250,1998,GOVERNOR,,,PA,"RIDGE, TOM",Republican,1,1,,,Incumbent; responsible stewardship of state economy; support for roads/bridges and stadium/convention center construction,0.95
PA,PITTSBURGH POST-GAZETTE,141250,1998,H,14,,PA,"COYNE, WILLIAM J",Democrat,1,1,,,14th District; incumbent,0.95
PA,PITTSBURGH POST-GAZETTE,141250,1998,H,18,,PA,"DOYLE, MIKE",Democrat,1,1,,,18th District; incumbent,0.95
PA,PITTSBURGH POST-GAZETTE,141250,1998,H,4,,PA,"KLINK, RON",Democrat,1,1,,,4th District; incumbent,0.95
PA,PITTSBURGH POST-GAZETTE,141250,1998,LT GOVERNOR,,,PA,"SCHWEIKER, MARK",Republican,1,1,,,Incumbent; earned second term with Ridge,0.93
PA,PITTSBURGH POST-GAZETTE,141250,1998,SENATOR,,,PA,"LLOYD, BILL",Democrat,0,,,,State Rep; capable but Specter cannot be improved upon,0.85
PA,PITTSBURGH POST-GAZETTE,141250,1998,SENATOR,,,PA,"SPECTER, ARLEN",Republican,1,,1,,"Intelligence, independence, attention to Western PA needs; preserves moderate voice in GOP",0.97
PA,PITTSBURGH POST-GAZETTE,141250,1998,STATE REP,12,,PA,"TUINSTRA, TIMOTHY",Democrat,1,,,,12th District,0.90
PA,PITTSBURGH POST-GAZETTE,141250,1998,STATE REP,16,,PA,"LAUGHLIN, SUSAN",Democrat,1,,,,16th District,0.90
PA,PITTSBURGH POST-GAZETTE,141250,1998,STATE REP,19,,PA,"ROBINSON, WILLIAM RUSSELL",Democrat,1,,,,19th District,0.90
PA,PITTSBURGH POST-GAZETTE,141250,1998,STATE REP,20,,PA,"WALKO, DON",Democrat,1,,,,20th District,0.90
PA,PITTSBURGH POST-GAZETTE,141250,1998,STATE REP,22,,PA,"REITMEYER, TIM",Republican,1,,,,22nd District,0.90
PA,PITTSBURGH POST-GAZETTE,141250,1998,STATE REP,24,,PA,"PRESTON, JOSEPH JR",Democrat,1,,,,24th District,0.90
PA,PITTSBURGH POST-GAZETTE,141250,1998,STATE REP,27,,PA,"PETRONE, THOMAS C",Democrat,1,,,,27th District,0.90
PA,PITTSBURGH POST-GAZETTE,141250,1998,STATE REP,29,,PA,"MAYERNIK, DAVID J",Democrat,1,,,,29th District,0.90
PA,PITTSBURGH POST-GAZETTE,141250,1998,STATE REP,30,,PA,"HABAY, JEFFREY E",Republican,1,,,,30th District,0.90
PA,PITTSBURGH POST-GAZETTE,141250,1998,STATE REP,33,,PA,"DERMODY, FRANK",Democrat,1,,,,33rd District,0.90
PA,PITTSBURGH POST-GAZETTE,141250,1998,STATE REP,34,,PA,"COSTA, PAUL",Democrat,1,,,,34th District,0.90
PA,PITTSBURGH POST-GAZETTE,141250,1998,STATE REP,35,,PA,"MICHLOVICH, TOM",Democrat,1,,,,35th District,0.90
PA,PITTSBURGH POST-GAZETTE,141250,1998,STATE REP,38,,PA,"RUFFING, KENNETH W",Democrat,1,,,,38th District,0.90
PA,PITTSBURGH POST-GAZETTE,141250,1998,STATE REP,39,,PA,"LEVDANSKY, DAVID K",Democrat,1,,,,39th District,0.90
PA,PITTSBURGH POST-GAZETTE,141250,1998,STATE REP,42,,PA,"STEVENSON, TOM",Republican,1,,,,42nd District,0.90
PA,PITTSBURGH POST-GAZETTE,141250,1998,STATE REP,44,,PA,"PIPPY, JOHN R",Republican,1,,,,44th District,0.90
PA,PITTSBURGH POST-GAZETTE,141250,1998,STATE REP,54,,PA,"VAN HORNE, TERRY E",Democrat,1,,,,54th District,0.90
PA,PITTSBURGH POST-GAZETTE,141250,1998,STATE REP,56,,PA,"CASORIO, JAMES",Democrat,1,,,,56th District,0.90
PA,PITTSBURGH POST-GAZETTE,141250,1998,STATE SENATOR,40,,PA,"HART, MELISSA A",Republican,1,,1,,40th District; incumbent,0.93
PA,PITTSBURGH POST-GAZETTE,141250,2000,ATTORNEY GENERAL,,,PA,"EISENHOWER, JIM",Democrat,0,,,,Former federal prosecutor; well-qualified but reach exceeds grasp of office's duties,0.85
PA,PITTSBURGH POST-GAZETTE,141250,2000,ATTORNEY GENERAL,,,PA,"FISHER, MIKE",Republican,1,,1,,Generally creditable job; sense of realism about office's duties,0.93
PA,PITTSBURGH POST-GAZETTE,141250,2000,AUDITOR,,,PA,"CASEY, BOB JR",Democrat,1,1,,,Auditor General; effective incumbent; particularly effective in auditing social service agencies,0.95
PA,PITTSBURGH POST-GAZETTE,141250,2000,H,18,,PA,"DOYLE, MIKE",Democrat,1,1,,,18th District; Swissvale; low-key but effective; attentive to economic needs of eastern district,0.95
PA,PITTSBURGH POST-GAZETTE,141250,2000,H,20,,PA,"MASCARA, FRANK",Democrat,1,1,,,20th District; former chairman of Washington County Board,0.95
PA,PITTSBURGH POST-GAZETTE,141250,2000,H,4,,PA,"HART, MELISSA",Republican,0,,,,State Sen.; experienced and hard-working but Van Horne has edge,0.90
PA,PITTSBURGH POST-GAZETTE,141250,2000,H,4,,PA,"VAN HORNE, TERRY E",Democrat,1,,,,4th District; state Rep; champion of needs of Western PA; positions on fiscal policy more responsible,0.95
PA,PITTSBURGH POST-GAZETTE,141250,2000,PRESIDENT,,,PA,"BUSH, GEORGE",Republican,0,,,,Neophyte facing steep learning curve; would squander surplus on tax cuts benefiting wealthiest,0.95
PA,PITTSBURGH POST-GAZETTE,141250,2000,PRESIDENT,,,PA,"GORE, AL",Democrat,1,,,,Superior candidate; 24 years public life; mastery of issues; fiscal prudence vs Bush tax cuts,0.97
PA,PITTSBURGH POST-GAZETTE,141250,2000,SENATOR,,,PA,"KLINK, RON",Democrat,1,,,,US Rep; more reflective of needs of Western Pennsylvanians,0.95
PA,PITTSBURGH POST-GAZETTE,141250,2000,SENATOR,,,PA,"SANTORUM, RICK",Republican,0,1,,,Newt Gingrich-style conservative; record short-changed constituents; opposed Family and Medical Leave,0.95
PA,PITTSBURGH POST-GAZETTE,141250,2000,STATE REP,16,,PA,"LAUGHLIN, SUSAN",Democrat,1,,,,16th District,0.90
PA,PITTSBURGH POST-GAZETTE,141250,2000,STATE REP,20,,PA,"WALKO, DON",Democrat,1,,,,20th District,0.90
PA,PITTSBURGH POST-GAZETTE,141250,2000,STATE REP,22,,PA,"DIVEN, MICHAEL",Democrat,1,,,,22nd District,0.90
PA,PITTSBURGH POST-GAZETTE,141250,2000,STATE REP,27,,PA,"PETRONE, THOMAS C",Democrat,1,,,,27th District,0.90
PA,PITTSBURGH POST-GAZETTE,141250,2000,STATE REP,32,,PA,"DELUCA, ANTHONY M",Democrat,1,,,,32nd District,0.90
PA,PITTSBURGH POST-GAZETTE,141250,2000,STATE REP,34,,PA,"COSTA, PAUL",Democrat,1,,,,34th District,0.90
PA,PITTSBURGH POST-GAZETTE,141250,2000,STATE REP,39,,PA,"LEVDANSKY, DAVID",Democrat,1,,,,39th District,0.90
PA,PITTSBURGH POST-GAZETTE,141250,2000,STATE REP,41,,PA,"KAISER, RALPH",Democrat,1,,,,41st District,0.90
PA,PITTSBURGH POST-GAZETTE,141250,2000,STATE REP,42,,PA,"STEVENSON, TOM",Republican,1,,,,42nd District,0.90
PA,PITTSBURGH POST-GAZETTE,141250,2000,STATE SENATOR,37,,PA,"MURPHY, TIM",Republican,1,,1,,37th District; Upper St. Clair psychologist; active and knowledgeable; particularly active on children/families,0.93
PA,PITTSBURGH POST-GAZETTE,141250,2000,STATE SENATOR,45,,PA,"MACDONALD, LAURIE ZACHARIA",Republican,1,,,,"45th District; Elizabeth Forward school board president; thoughtful, undoctrinaire",0.92
PA,PITTSBURGH POST-GAZETTE,141250,2000,TREASURER,,,PA,"HAFER, BARBARA",Republican,1,,1,,Able steward of state funds; earned second term,0.95
PA,PITTSBURGH POST-GAZETTE,141250,2000,TREASURER,,,PA,"KNOLL, CATHERINE BAKER",Democrat,0,,,,Former two-term treasurer; commendable job but no reason to go back to the future,0.90
PA,PITTSBURGH POST-GAZETTE,141250,2002,GOVERNOR,,,PA,"FISHER, MIKE",Republican,0,,,,State AG; conscientious but overly cautious; mantra of no tax increases,0.92
PA,PITTSBURGH POST-GAZETTE,141250,2002,GOVERNOR,,,PA,"RENDELL, ED",Democrat,1,,,,"Former Philadelphia Mayor; limitless energy, enthusiasm, imagination; track record of turning things around",0.97
PA,PITTSBURGH POST-GAZETTE,141250,2002,H,12,,PA,"MURTHA, JOHN",Democrat,0,1,,,"12th District; Johnstown; nonendorsement - unacceptably low public profile, failed to participate in joint appearances",0.93
PA,PITTSBURGH POST-GAZETTE,141250,2002,H,14,,PA,"DOYLE, MIKE",Democrat,1,1,,,14th District; Swissvale; running unopposed,0.93
PA,PITTSBURGH POST-GAZETTE,141250,2002,H,18,,PA,"MACHEK, JACK",Democrat,1,,,,18th District; North Huntingdon; impressed with grasp of issues,0.93
PA,PITTSBURGH POST-GAZETTE,141250,2002,H,18,,PA,"MURPHY, TIM",Republican,0,,,,State Sen. from Upper St. Clair; not endorsed,0.88
PA,PITTSBURGH POST-GAZETTE,141250,2002,H,4,,PA,"HART, MELISSA",Republican,1,1,,,4th District; Bradford Woods; dedicated representative; knowledge of federal issues surpasses challenger,0.93
PA,PITTSBURGH POST-GAZETTE,141250,2002,STATE REP,16,,PA,"LAUGHLIN, SUSAN",Democrat,1,,,,16th District,0.90
PA,PITTSBURGH POST-GAZETTE,141250,2002,STATE REP,20,,PA,"WALKO, DON",Democrat,1,,,,20th District,0.90
PA,PITTSBURGH POST-GAZETTE,141250,2002,STATE REP,21,,PA,"PISTELLA, FRANK J",Democrat,1,,,,21st District,0.90
PA,PITTSBURGH POST-GAZETTE,141250,2002,STATE REP,22,,PA,"DIVEN, MICHAEL",Democrat,1,,,,22nd District,0.90
PA,PITTSBURGH POST-GAZETTE,141250,2002,STATE REP,24,,PA,"PRESTON, JOSEPH JR",Democrat,1,,,,24th District,0.90
PA,PITTSBURGH POST-GAZETTE,141250,2002,STATE REP,25,,PA,"MARKOSEK, JOSEPH F",Democrat,1,,,,25th District,0.90
PA,PITTSBURGH POST-GAZETTE,141250,2002,STATE REP,27,,PA,"PETRONE, THOMAS C",Democrat,1,,,,27th District,0.90
PA,PITTSBURGH POST-GAZETTE,141250,2002,STATE REP,30,,PA,"HABAY, JEFFREY E",Republican,1,,,,30th District,0.90
PA,PITTSBURGH POST-GAZETTE,141250,2002,STATE REP,33,,PA,"DERMODY, FRANK",Democrat,1,,,,33rd District,0.90
PA,PITTSBURGH POST-GAZETTE,141250,2002,STATE REP,34,,PA,"COSTA, PAUL",Democrat,1,,,,34th District,0.90
PA,PITTSBURGH POST-GAZETTE,141250,2002,STATE REP,39,,PA,"LEVDANSKY, DAVID",Democrat,1,,,,39th District,0.90
PA,PITTSBURGH POST-GAZETTE,141250,2002,STATE REP,42,,PA,"STEVENSON, TOM",Republican,1,,,,42nd District,0.90
PA,PITTSBURGH POST-GAZETTE,141250,2002,STATE REP,45,,PA,"KOTIK, NICK",Democrat,1,,,,45th District,0.90
PA,PITTSBURGH POST-GAZETTE,141250,2002,STATE REP,46,,PA,"LESCOVITZ, VICTOR",Democrat,1,,,,46th District,0.90
PA,PITTSBURGH POST-GAZETTE,141250,2002,STATE SENATOR,38,,PA,"FERLO, JIM",Democrat,1,,,,38th District,0.92
PA,PITTSBURGH POST-GAZETTE,141250,2002,STATE SENATOR,40,,PA,"ORIE, JANE C",Republican,1,,,,40th District,0.92
PA,PITTSBURGH POST-GAZETTE,141250,2002,STATE SENATOR,42,,PA,"WAGNER, JACK",Democrat,1,,,,42nd District,0.92
PA,PITTSBURGH POST-GAZETTE,141250,2004,H,18,,PA,"BOLES, MARK",Democrat,0,,,,Pediatrician from Monroeville; admirable but ideas inchoate; not as knowledgeable as Murphy,0.92
PA,PITTSBURGH POST-GAZETTE,141250,2004,H,18,,PA,"MURPHY, TIM",Republican,1,,1,,"18th District; Upper St. Clair; freshman; child psychologist; industrious in Congress; pays attention to seniors, veterans, steel industry",0.95
PA,PITTSBURGH POST-GAZETTE,141250,2004,PRESIDENT,,,PA,"BUSH, GEORGE W",Republican,0,1,,,"Lacking on foreign policy, national security, economy; tax cuts for rich; outsourcing without discouragement; driven government trillions deeper in hole",0.97
PA,PITTSBURGH POST-GAZETTE,141250,2004,PRESIDENT,,,PA,"KERRY, JOHN",Democrat,1,,,,Fresh start needed; will not take eye off bin Laden; concerned about haves and have-nots; rein in deficit; better balance on safety vs freedoms,0.97
PA,PITTSBURGH POST-GAZETTE,141250,2004,SENATOR,,,PA,"HOEFFEL, JOE",Democrat,0,,,,US Rep; respectable candidate with distinguished career; moderate Democrat from Montgomery County,0.92
PA,PITTSBURGH POST-GAZETTE,141250,2004,SENATOR,,,PA,"SPECTER, ARLEN",Republican,1,,1,,Four-term incumbent; moderate pro-choice Republican; in line to chair Judiciary Committee; would block ideologically extreme judges; endangered species of moderate,0.97
PA,PITTSBURGH POST-GAZETTE,141250,2004,STATE REP,16,,PA,"GEHO, PAT",Republican,0,,,,Baden; eight years in Harrisburg; worked with Hart; sales tax plan would burden poor,0.92
PA,PITTSBURGH POST-GAZETTE,141250,2004,STATE REP,16,,PA,"RAMALEY, SEAN",Democrat,1,,,,"16th District; lawyer from Economy; more knowledgeable, more realistic, better fit",0.93
PA,PITTSBURGH POST-GAZETTE,141250,2004,STATE SENATOR,39,,PA,"KUKOVICH, ALLEN",Democrat,1,1,,,"39th District; two-term incumbent from Manor; instrumental in CHIP, PACE expansion; voice for reform; can work across parties",0.95
PA,PITTSBURGH POST-GAZETTE,141250,2004,STATE SENATOR,39,,PA,"REGOLA, BOB",Republican,0,,,,Hempfield; switched parties 10 months ago; spouts far-right divisive platform; likely to be divider not uniter,0.93
PA,PITTSBURGH POST-GAZETTE,141250,2006,CITY COUNCIL,1,,PA,"LUCAS, JOSEPH",Republican,1,,,,Pittsburgh City Council District 1; special election; historic step of putting Republican on council,0.93
PA,PITTSBURGH POST-GAZETTE,141250,2006,GOVERNOR,,,PA,"RENDELL, ED",Democrat,1,1,,,"First term delivered: prescription drug access, child health coverage plan, lower business taxes, property tax relief, environment protection",0.97
PA,PITTSBURGH POST-GAZETTE,141250,2006,GOVERNOR,,,PA,"SWANN, LYNN",Republican,0,,,,Lacks managerial experience to pose credible challenge,0.92
PA,PITTSBURGH POST-GAZETTE,141250,2006,H,12,,PA,"MURTHA, JOHN",Democrat,1,1,,,"12th District; key player for defense, veterans, industrial region; tough view against Iraq policy",0.97
PA,PITTSBURGH POST-GAZETTE,141250,2006,H,14,,PA,"DOYLE, MIKE",Democrat,1,1,,,14th District; questioned Bush Iraq mission from beginning; strong voice for health coverage,0.95
PA,PITTSBURGH POST-GAZETTE,141250,2006,H,18,,PA,"KLUKO, CHAD",Democrat,1,,,,18th District; articulate alternative; would not be in lockstep with Bush policies,0.92
PA,PITTSBURGH POST-GAZETTE,141250,2006,H,18,,PA,"MURPHY, TIM",Republican,0,1,,,Incumbent; more money but Kluko preferred,0.90
PA,PITTSBURGH POST-GAZETTE,141250,2006,H,4,,PA,"ALTMIRE, JASON",Democrat,1,,,,"4th District; tough, competent challenger; better fit for Western PA",0.95
PA,PITTSBURGH POST-GAZETTE,141250,2006,H,4,,PA,"HART, MELISSA",Republican,0,1,,,Hung on in Democratic district; doesn't challenge Bush administration,0.92
PA,PITTSBURGH POST-GAZETTE,141250,2006,SENATOR,,,PA,"CASEY, BOB",Democrat,1,,,,Cares about average citizens; demands to reassess Iraq policy; unqualified support to raise minimum wage; not rubber stamp for Bush-Cheney,0.97
PA,PITTSBURGH POST-GAZETTE,141250,2006,SENATOR,,,PA,"SANTORUM, RICK",Republican,0,1,,,12 years in Washington; blind allegiance to Bush agenda; tragic sacrifices in Iraq; deficit soaring,0.95
PA,PITTSBURGH POST-GAZETTE,141250,2006,STATE REP,25,,PA,"MARKOSEK, JOSEPH",Democrat,1,,,,25th District,0.90
PA,PITTSBURGH POST-GAZETTE,141250,2006,STATE REP,28,,PA,"TURZAI, MIKE",Republican,1,,,,28th District,0.90
PA,PITTSBURGH POST-GAZETTE,141250,2006,STATE REP,32,,PA,"FLAHERTY, SHAWN",Democrat,1,,,,32nd District,0.88
PA,PITTSBURGH POST-GAZETTE,141250,2006,STATE REP,33,,PA,"DERMODY, FRANK",Democrat,1,,,,33rd District,0.90
PA,PITTSBURGH POST-GAZETTE,141250,2006,STATE REP,36,,PA,"KORTZ, BILL",Democrat,1,,,,36th District,0.90
PA,PITTSBURGH POST-GAZETTE,141250,2006,STATE REP,42,,PA,"SMITH, MATTHEW",Democrat,1,,,,42nd District,0.90
PA,PITTSBURGH POST-GAZETTE,141250,2006,STATE REP,44,,PA,"MUSTIO, MARK",Republican,1,,,,44th District,0.90
PA,PITTSBURGH POST-GAZETTE,141250,2006,STATE REP,46,,PA,"WHITE, JESSE",Democrat,1,,,,46th District,0.90
PA,PITTSBURGH POST-GAZETTE,141250,2006,STATE SENATOR,38,,PA,"FERLO, JIM",Democrat,1,,,,38th District,0.92
PA,PITTSBURGH POST-GAZETTE,141250,2006,STATE SENATOR,40,,PA,"ORIE, JANE",Republican,1,,,,40th District,0.92
PA,PITTSBURGH POST-GAZETTE,141250,2008,ATTORNEY GENERAL,,,PA,"CORBETT, TOM",Republican,1,,,,From Shaler; effective as top law enforcement officer; pursued Bonusgate; turned heat up on child predators,0.95
PA,PITTSBURGH POST-GAZETTE,141250,2008,AUDITOR,,,PA,"WAGNER, JACK",Democrat,1,,,,"Auditor General; former Pittsburgh council member and state senator; from Beechview; audits shined revealing light on PHEAA, LIHEAP, Port Authority",0.95
PA,PITTSBURGH POST-GAZETTE,141250,2008,H,12,,PA,"MURTHA, JOHN",Democrat,1,1,,,12th District; Johnstown; understanding of military needs; champion of rust belt people; 34 years,0.97
PA,PITTSBURGH POST-GAZETTE,141250,2008,H,14,,PA,"DOYLE, MIKE",Democrat,1,1,,,14th District; Forest Hills; early critic of Iraq war; advocate for Pittsburgh,0.95
PA,PITTSBURGH POST-GAZETTE,141250,2008,H,18,,PA,"O'DONNELL, STEVE",Democrat,1,,,,18th District; Monroeville; veteran of behavioral health field; would steer toward more progressive path,0.92
PA,PITTSBURGH POST-GAZETTE,141250,2008,H,4,,PA,"ALTMIRE, JASON",Democrat,1,1,,,4th District; McCandless; tended to needs of economically challenged district,0.95
PA,PITTSBURGH POST-GAZETTE,141250,2008,PRESIDENT,,,PA,"MCCAIN, JOHN",Republican,0,,,,Mostly an enabler of Bush worldview; campaign reduced to peddling fear and guilt by association; lust for power,0.95
PA,PITTSBURGH POST-GAZETTE,141250,2008,PRESIDENT,,,PA,"OBAMA, BARACK",Democrat,1,,,,"Eloquent grace; commitment to ending Iraq war, tax relief for middle class; presidential in judgment and temperament; only hope to bring real change",0.97
PA,PITTSBURGH POST-GAZETTE,141250,2008,STATE REP,20,,PA,"WALKO, DON",Democrat,1,,,,20th District,0.90
PA,PITTSBURGH POST-GAZETTE,141250,2008,STATE REP,21,,PA,"COSTA, DOM",Democrat,1,,,,21st District,0.90
PA,PITTSBURGH POST-GAZETTE,141250,2008,STATE REP,23,,PA,"FRANKEL, DAN",Democrat,1,,,,23rd District,0.90
PA,PITTSBURGH POST-GAZETTE,141250,2008,STATE REP,27,,PA,"DEASY, DAN",Democrat,1,,,,27th District,0.90
PA,PITTSBURGH POST-GAZETTE,141250,2008,STATE REP,28,,PA,"TURZAI, MIKE",Republican,1,,,,28th District,0.90
PA,PITTSBURGH POST-GAZETTE,141250,2008,STATE REP,32,,PA,"DELUCA, ANTHONY",Democrat,1,,,,32nd District,0.90
PA,PITTSBURGH POST-GAZETTE,141250,2008,STATE REP,33,,PA,"DERMODY, FRANK",Democrat,1,,,,33rd District,0.90
PA,PITTSBURGH POST-GAZETTE,141250,2008,STATE REP,35,,PA,"GERGELY, MARC",Democrat,1,,,,35th District,0.90
PA,PITTSBURGH POST-GAZETTE,141250,2008,STATE REP,38,,PA,"KORTZ, BILL",Democrat,1,,,,38th District,0.90
PA,PITTSBURGH POST-GAZETTE,141250,2008,STATE REP,39,,PA,"LEVDANSKY, DAVID",Democrat,1,,,,39th District,0.90
PA,PITTSBURGH POST-GAZETTE,141250,2008,STATE REP,42,,PA,"SMITH, MATT",Democrat,1,,,,42nd District,0.90
PA,PITTSBURGH POST-GAZETTE,141250,2008,STATE REP,44,,PA,"LEE, AYANNA M",Democrat,1,,,,44th District,0.90
PA,PITTSBURGH POST-GAZETTE,141250,2008,STATE REP,46,,PA,"WHITE, JESSE",Democrat,1,,,,46th District,0.90
PA,PITTSBURGH POST-GAZETTE,141250,2008,STATE SENATOR,37,,PA,"PIPPY, JOHN",Republican,1,,1,,37th District; Moon; knowledgeable lawmaker; mastered difficult topics,0.93
PA,PITTSBURGH POST-GAZETTE,141250,2008,TREASURER,,,PA,"ELLIS, TOM",Republican,1,,,,From Montgomery County; partner in public finance department; former county commissioner; free of Wall Street ties,0.93
PA,PITTSBURGH POST-GAZETTE,141250,2008,VICE PRESIDENT,,,PA,"BIDEN, JOE",Democrat,1,,,,Democratic ticket,0.95
PA,PITTSBURGH POST-GAZETTE,141250,2008,VICE PRESIDENT,,,PA,"PALIN, SARAH",Republican,0,,,,Republican standard bearer; ticket did not put country first,0.92
PA,PITTSBURGH POST-GAZETTE,141250,2010,GOVERNOR,,,PA,"CORBETT, TOM",Republican,1,,,,From Shaler; state AG; pursued corrupt officials without political favor; best chance for regime change,0.97
PA,PITTSBURGH POST-GAZETTE,141250,2010,GOVERNOR,,,PA,"ONORATO, DAN",Democrat,0,,,,Allegheny County executive; capable but Corbett better positioned,0.92
PA,PITTSBURGH POST-GAZETTE,141250,2010,H,12,,PA,"CRITZ, MARK",Democrat,1,1,,,12th District; focused on bringing jobs to district; knowledge of region,0.95
PA,PITTSBURGH POST-GAZETTE,141250,2010,H,14,,PA,"DOYLE, MIKE",Democrat,1,1,,,14th District; hard-working; visibility is rising,0.95
PA,PITTSBURGH POST-GAZETTE,141250,2010,H,18,,PA,"MURPHY, TIM",Republican,1,1,,,18th District; understands needs of district; served constituents well,0.93
PA,PITTSBURGH POST-GAZETTE,141250,2010,H,4,,PA,"ALTMIRE, JASON",Democrat,1,1,,,4th District; better choice than Republican challenger,0.93
PA,PITTSBURGH POST-GAZETTE,141250,2010,SENATOR,,,PA,"SESTAK, JOE",Democrat,1,,,,"31-year Navy career; would wrap up Iraq, reduce military spending, extend medical coverage; force for progress not gridlock",0.97
PA,PITTSBURGH POST-GAZETTE,141250,2010,SENATOR,,,PA,"TOOMEY, PAT",Republican,0,,,,Right of Rick Santorum; right-wing ideologue,0.95
PA,PITTSBURGH POST-GAZETTE,141250,2010,STATE REP,20,,PA,"RAVENSTAHL, ADAM",Democrat,1,,,,20th District,0.90
PA,PITTSBURGH POST-GAZETTE,141250,2010,STATE REP,23,,PA,"FRANKEL, DAN",Democrat,1,,,,23rd District,0.90
PA,PITTSBURGH POST-GAZETTE,141250,2010,STATE REP,25,,PA,"MARKOSEK, JOE",Democrat,1,,,,25th District,0.90
PA,PITTSBURGH POST-GAZETTE,141250,2010,STATE REP,27,,PA,"DEASY, DAN JR",Democrat,1,,,,27th District,0.90
PA,PITTSBURGH POST-GAZETTE,141250,2010,STATE REP,28,,PA,"TURZAI, MIKE",Republican,1,,,,28th District,0.90
PA,PITTSBURGH POST-GAZETTE,141250,2010,STATE REP,33,,PA,"DERMODY, FRANK",Democrat,1,,,,33rd District,0.90
PA,PITTSBURGH POST-GAZETTE,141250,2010,STATE REP,39,,PA,"LEVDANSKY, DAVID",Democrat,1,,,,39th District,0.90
PA,PITTSBURGH POST-GAZETTE,141250,2010,STATE REP,42,,PA,"SMITH, MATT",Democrat,1,,,,42nd District,0.90
PA,PITTSBURGH POST-GAZETTE,141250,2010,STATE REP,44,,PA,"MUSTIO, MARK",Republican,1,,,,44th District,0.90
PA,PITTSBURGH POST-GAZETTE,141250,2010,STATE REP,45,,PA,"KOTIK, NICK",Democrat,1,,,,45th District,0.90
PA,PITTSBURGH POST-GAZETTE,141250,2010,STATE REP,46,,PA,"WHITE, JESSE",Democrat,1,,,,46th District,0.90
PA,PITTSBURGH POST-GAZETTE,141250,2010,STATE SENATOR,40,,PA,"DEMARCO, DAN",Democrat,1,,,,40th District,0.92
PA,PITTSBURGH POST-GAZETTE,141250,2010,STATE SENATOR,45,,PA,"BREWSTER, JIM",Democrat,1,,,,45th District,0.92
PA,PITTSBURGH POST-GAZETTE,141250,2014,GOVERNOR,,,PA,"CORBETT, TOM",Republican,0,1,,,Failed test of first term; Paralyzed Tom; poor overseer; no confidence to recommend,0.95
PA,PITTSBURGH POST-GAZETTE,141250,2014,GOVERNOR,,,PA,"WOLF, TOM",Democrat,0,,,,Untested; views undefined; no confidence to recommend,0.93
PA,PITTSBURGH POST-GAZETTE,141250,2014,H,12,,PA,"MCCLELLAND, ERIN",Democrat,1,,,,"12th District; smart, refreshing improvement over Rothfus",0.93
PA,PITTSBURGH POST-GAZETTE,141250,2014,H,12,,PA,"ROTHFUS, KEITH",Republican,0,1,,,Tea Party-style; voted to shut down federal government; sought to kill Affordable Care Act,0.93
PA,PITTSBURGH POST-GAZETTE,141250,2014,STATE REP,19,,PA,"WHEATLEY, JAKE",Democrat,1,,,,19th District,0.90
PA,PITTSBURGH POST-GAZETTE,141250,2014,STATE REP,20,,PA,"FODI, TOM",Republican,1,,,,20th District,0.90
PA,PITTSBURGH POST-GAZETTE,141250,2014,STATE REP,25,,PA,"MARKOSEK, JOE",Democrat,1,,,,25th District,0.90
PA,PITTSBURGH POST-GAZETTE,141250,2014,STATE REP,33,,PA,"DERMODY, FRANK",Democrat,1,,,,33rd District,0.90
PA,PITTSBURGH POST-GAZETTE,141250,2014,STATE REP,35,,PA,"GERGELY, MARC",Democrat,1,,,,35th District,0.90
PA,PITTSBURGH POST-GAZETTE,141250,2014,STATE REP,39,,PA,"SACCONE, RICK",Republican,1,,,,39th District,0.90
PA,PITTSBURGH POST-GAZETTE,141250,2014,STATE REP,45,,PA,"KOTIK, NICK",Democrat,1,,,,45th District,0.90
PA,PITTSBURGH POST-GAZETTE,141250,2014,STATE REP,46,,PA,"WHITE, JESSE",Democrat,1,,,,46th District,0.90
PA,PITTSBURGH POST-GAZETTE,141250,2016,ATTORNEY GENERAL,,,PA,"RAFFERTY, JOHN JR",Republican,1,,,,Veteran state senator; solid ties to law enforcement community; restorative leader after Kane debacle,0.93
PA,PITTSBURGH POST-GAZETTE,141250,2016,ATTORNEY GENERAL,,,PA,"SHAPIRO, JOSH",Democrat,0,,,,Former state legislator; Montgomery County commissioner; highly qualified but Rafferty preferred,0.90
PA,PITTSBURGH POST-GAZETTE,141250,2016,AUDITOR,,,PA,"BROWN, JOHN",Republican,0,,,,Northampton County executive; private sector work but DePasquale's record impressive,0.85
PA,PITTSBURGH POST-GAZETTE,141250,2016,AUDITOR,,,PA,"DEPASQUALE, EUGENE",Democrat,1,1,,,Auditor General; Pittsburgh native living in York; finishing first term; cast wide net finding waste,0.95
PA,PITTSBURGH POST-GAZETTE,141250,2016,H,12,,PA,"MCCLELLAND, ERIN",Democrat,1,,,,12th District; second run; keen grasp of issues; undeniable enthusiasm; would be worthy successor,0.93
PA,PITTSBURGH POST-GAZETTE,141250,2016,H,12,,PA,"ROTHFUS, KEITH",Republican,0,1,,,Two-term Republican; lawyerly and low-key,0.90
PA,PITTSBURGH POST-GAZETTE,141250,2016,H,14,,PA,"DOYLE, MIKE",Democrat,1,1,,,"14th District; 22 years; effective advocate; secured funding for robotics, infrastructure",0.95
PA,PITTSBURGH POST-GAZETTE,141250,2016,H,14,,PA,"MCALLISTER, LENNY",Republican,0,,,,Has smarts and telegenic appeal but unable to make impact this year,0.88
PA,PITTSBURGH POST-GAZETTE,141250,2016,SENATOR,,,PA,"MCGINTY, KATIE",Democrat,0,,,,State and national policymaker; admirable but Toomey preferred,0.90
PA,PITTSBURGH POST-GAZETTE,141250,2016,SENATOR,,,PA,"TOOMEY, PAT",Republican,1,,1,,First term; willing to reach across aisle; background checks for gun sales; PA well-served by having members of each major party,0.95
PA,PITTSBURGH POST-GAZETTE,141250,2016,STATE REP,28,,PA,"TURZAI, MIKE",Republican,1,1,,,28th District; State House Speaker; over John Craig Hammond,0.93
PA,PITTSBURGH POST-GAZETTE,141250,2016,STATE REP,39,,PA,"SACCONE, RICK",Republican,1,1,,,39th District; over Peter Kobylinski,0.92
PA,PITTSBURGH POST-GAZETTE,141250,2016,STATE REP,40,,PA,"MAHER, JOHN",Republican,1,1,,,40th District; over Dr. Zahalsky,0.92
PA,PITTSBURGH POST-GAZETTE,141250,2016,STATE REP,46,,PA,"ORTITAY, JASON",Republican,1,1,,,46th District; over Joe Szpara,0.92
PA,PITTSBURGH POST-GAZETTE,141250,2016,STATE SENATOR,37,,PA,"RESCHENTHALER, GUY",Republican,1,1,,,37th District; over Ed Eichenlaub,0.92
PA,PITTSBURGH POST-GAZETTE,141250,2016,TREASURER,,,PA,"TORSELLA, JOE",Democrat,1,,,,Former US ambassador to UN; deeper knowledge of government; pushed bureaucracies toward improved performance,0.95
PA,PITTSBURGH POST-GAZETTE,141250,2016,TREASURER,,,PA,"VOIT, OTTO",Republican,0,,,,Held finance-related posts; experience with school boards,0.85
PA,PITTSBURGH POST-GAZETTE,141250,2018,GOVERNOR,,,PA,"WAGNER, SCOTT",Republican,1,,,,Former state senator; voters should take a chance after four years of ineffective Wolf leadership,0.95
PA,PITTSBURGH POST-GAZETTE,141250,2018,GOVERNOR,,,PA,"WOLF, TOM",Democrat,0,1,,,Old-style pol; vetoed liquor privatization; no friend of transparency; ineffective leadership,0.95
PA,PITTSBURGH POST-GAZETTE,141250,2018,H,17,,PA,"LAMB, CONOR",Democrat,0,1,,,Freshman; would be under pressure to support Pelosi; Democratic agenda out of sync with region,0.93
PA,PITTSBURGH POST-GAZETTE,141250,2018,H,17,,PA,"ROTHFUS, KEITH",Republican,1,1,,,"17th District (new); demonstrated understanding of issues crucial to SW PA; coal, small town rejuvenation",0.95
PA,PITTSBURGH POST-GAZETTE,141250,2018,SENATOR,,,PA,"BARLETTA, LOU",Republican,0,,,,US Rep; no reason to trade Casey for him,0.92
PA,PITTSBURGH POST-GAZETTE,141250,2018,SENATOR,,,PA,"CASEY, BOB JR",Democrat,1,1,,,"Reassuring figure; low-profile, hardworking; important work on opioids and aviation security; respectful partisan",0.97
PA,PITTSBURGH POST-GAZETTE,141250,2020,H,17,,PA,"LAMB, CONOR",Democrat,0,1,,,Mt. Lebanon incumbent; in lockstep with speaker and party caucus; shown almost no independence; smooth politician but moderate label is just marketing,0.95
PA,PITTSBURGH POST-GAZETTE,141250,2020,H,17,,PA,"PARNELL, SEAN",Republican,1,,,,"17th District; warrior, fearless, war hero; no interest in being career politician; would be maverick",0.95
PA,PITTSBURGH POST-GAZETTE,141250,2022,SENATOR,,,PA,"FETTERMAN, JOHN",Democrat,0,,,,Lt. Governor; lack of transparency on medical records troubling; little experience holding real jobs,0.95
PA,PITTSBURGH POST-GAZETTE,141250,2022,SENATOR,,,PA,"OZ, MEHMET",Republican,1,,,,"Better bet; better prepared to lead; right-leaning Republican; cardiothoracic surgeon; Dr. Oz show; potential to be moderate, independent senator in PA tradition",0.95
