state_newspaper,newspaper,newspaper_id,year,office,dist,dname,state_election,cand_name,party,endorsed,d_inc,r_inc,o_inc,notes_endorse,extraction_confidence,extraction_confidence_note,normalization_confidence,match_confidence,overall_confidence,input_mode,source_file,filename,flag
AL,Birmingham News,100101,1892,PRESIDENT,,,AL,"CLEVELAND, GROVER",Democrat,1,,,,STRAIGHT DEMOCRATIC TICKET; CLEVELAND OF NEW YORK,0.85,SCAN QUALITY POOR ON SOME TEXT BUT KEY NAMES LEGIBLE; DATE FROM NEWSPAPERS.COM HEADER NOV 8 1892,,,,pdf,,100101_18921108,
AL,Birmingham News,100101,1892,VICE PRESIDENT,,,AL,"STEVENSON, ADLAI E.",Democrat,1,,,,STRAIGHT DEMOCRATIC TICKET; STEVENSON OF ILLINOIS,0.85,,,,,pdf,,100101_18921108,
AL,Birmingham News,100101,1892,H,9,,AL,"TURPIN, LOUIS W.",Democrat,1,,,,CONGRESS NINTH CONGRESSIONAL DISTRICT; OF DALE,0.8,SMALL PRINT; NAME READ AS LOUIS W. TURPIN,,,,pdf,,100101_18921108,
AL,Birmingham News,100101,1896,PRESIDENT,,,AL,"BRYAN, WILLIAM J.",Democrat,1,,,,NATIONAL DEMOCRATIC TICKET; BRYAN OF NEBRASKA,0.95,,,,,pdf,,100101_18961103,
AL,Birmingham News,100101,1896,VICE PRESIDENT,,,AL,"SEWALL, ARTHUR",Democrat,1,,,,NATIONAL DEMOCRATIC TICKET; SEWALL OF MAINE,0.95,,,,,pdf,,100101_18961103,
AL,Birmingham News,100101,1896,H,9,,AL,"UNDERWOOD, OSCAR W.",Democrat,1,,,,CONGRESS NINTH ALABAMA DISTRICT,0.95,,,,,pdf,,100101_18961103,
AL,Birmingham News,100101,1902,GOVERNOR,,,AL,"JELKS, WILLIAM D.",Democrat,1,,,,STRAIGHT DEMOCRATIC TICKET ENDORSEMENT,0.95,"CLEAR TEXT, STRAIGHTFORWARD LIST FORMAT",,,,pdf,,100101_19021104,
AL,Birmingham News,100101,1902,LT GOVERNOR,,,AL,"CUNNINGHAM, RUSSELL M.",Democrat,1,,,,STRAIGHT DEMOCRATIC TICKET ENDORSEMENT,0.95,,,,,pdf,,100101_19021104,
AL,Birmingham News,100101,1902,SEC OF STATE,,,AL,"HEFLIN, J. THOMAS",Democrat,1,,,,STRAIGHT DEMOCRATIC TICKET ENDORSEMENT,0.95,,,,,pdf,,100101_19021104,
AL,Birmingham News,100101,1902,ATTORNEY GENERAL,,,AL,"WILSON, MASSEY",Democrat,1,,,,STRAIGHT DEMOCRATIC TICKET ENDORSEMENT,0.95,,,,,pdf,,100101_19021104,
AL,Birmingham News,100101,1902,AUDITOR,,,AL,"SOWELL, THOMAS L.",Democrat,1,,,,STATE AUDITOR; STRAIGHT DEMOCRATIC TICKET ENDORSEMENT,0.95,,,,,pdf,,100101_19021104,
AL,Birmingham News,100101,1902,TREASURER,,,AL,"SMITH, J. CRAIG",Democrat,1,,,,STRAIGHT DEMOCRATIC TICKET ENDORSEMENT,0.95,,,,,pdf,,100101_19021104,
AL,Birmingham News,100101,1902,AGRICULTURE COMMISSIONER,,,AL,"POOLE, ROBERT R.",Democrat,1,,,,COMMISSIONER OF AGRICULTURE; STRAIGHT DEMOCRATIC TICKET ENDORSEMENT,0.95,,,,,pdf,,100101_19021104,
AL,Birmingham News,100101,1902,SUPERINTENDENT,,,AL,"HILL, I. W.",Democrat,1,,,,SUPERINTENDENT OF EDUCATION; STRAIGHT DEMOCRATIC TICKET ENDORSEMENT,0.95,,,,,pdf,,100101_19021104,
AL,Birmingham News,100101,1902,H,9,,AL,"UNDERWOOD, OSCAR W.",Democrat,1,,,,US CONGRESS; BIRMINGHAM IS IN AL-9 IN 1902,0.9,DISTRICT NUMBER INFERRED FROM BIRMINGHAM LOCATION,,,,pdf,,100101_19021104,
AL,Birmingham News,100101,1902,STATE REP,,,AL,"BENNERS, AUGUSTUS",Democrat,1,,,,LISTED UNDER LEGISLATURE,0.9,OFFICE LISTED AS LEGISLATURE - ASSUMED STATE REP,,,,pdf,,100101_19021104,
AL,Birmingham News,100101,1902,STATE REP,,,AL,"LONDON, A. T.",Democrat,1,,,,LISTED UNDER LEGISLATURE,0.9,OFFICE LISTED AS LEGISLATURE - ASSUMED STATE REP,,,,pdf,,100101_19021104,
AL,Birmingham News,100101,1902,STATE REP,,,AL,"HALEY, L. J.",Democrat,1,,,,LISTED UNDER LEGISLATURE,0.9,OFFICE LISTED AS LEGISLATURE - ASSUMED STATE REP,,,,pdf,,100101_19021104,
AL,Birmingham News,100101,1902,STATE REP,,,AL,"BLACKBURN, F. E.",Democrat,1,,,,LISTED UNDER LEGISLATURE,0.9,OFFICE LISTED AS LEGISLATURE - ASSUMED STATE REP,,,,pdf,,100101_19021104,
AL,Birmingham News,100101,1902,STATE REP,,,AL,"DUBOSE, J. C.",Democrat,1,,,,LISTED UNDER LEGISLATURE,0.9,OFFICE LISTED AS LEGISLATURE - ASSUMED STATE REP,,,,pdf,,100101_19021104,
AL,Birmingham News,100101,1902,STATE REP,,,AL,"CUNNINGHAM, W. C.",Democrat,1,,,,LISTED UNDER LEGISLATURE,0.9,OFFICE LISTED AS LEGISLATURE - ASSUMED STATE REP,,,,pdf,,100101_19021104,
AL,Birmingham News,100101,1902,STATE REP,,,AL,"HICKMAN, C. W.",Democrat,1,,,,LISTED UNDER LEGISLATURE,0.9,OFFICE LISTED AS LEGISLATURE - ASSUMED STATE REP,,,,pdf,,100101_19021104,
AL,Birmingham News,100101,1902,AUDITOR,,,AL,"MORRIS, ROBERT A.",Democrat,1,,,,COUNTY-LEVEL AUDITOR; STRAIGHT DEMOCRATIC TICKET,0.9,SECOND AUDITOR LISTING - LIKELY COUNTY LEVEL VS STATE LEVEL ABOVE,,,,pdf,,100101_19021104,
AL,Birmingham News,100101,1902,ROAD SUPERVISOR,,,AL,"HAIGLER, J. ED",Democrat,1,,,,STRAIGHT DEMOCRATIC TICKET ENDORSEMENT,0.95,,,,,pdf,,100101_19021104,
AL,Birmingham News,100101,1906,GOVERNOR,,,AL,"COMER, BRAXTON B.",Democrat,1,,,,DEMOCRATIC CANDIDATES LIST,0.95,,,,,pdf,,100101_19061106,
AL,Birmingham News,100101,1906,LT GOVERNOR,,,AL,"GRAY, HENRY B.",Democrat,1,,,,DEMOCRATIC CANDIDATES LIST,0.95,,,,,pdf,,100101_19061106,
AL,Birmingham News,100101,1906,SEC OF STATE,,,AL,"JULIAN, FRANK N.",Democrat,1,,,,DEMOCRATIC CANDIDATES LIST,0.95,,,,,pdf,,100101_19061106,
AL,Birmingham News,100101,1906,AUDITOR,,,AL,"BRANDON, WILLIAM W.",Democrat,1,,,,STATE AUDITOR; DEMOCRATIC CANDIDATES LIST,0.95,,,,,pdf,,100101_19061106,
AL,Birmingham News,100101,1906,TREASURER,,,AL,"SEED, WALTER D.",Democrat,1,,,,STATE TREASURER; DEMOCRATIC CANDIDATES LIST,0.95,,,,,pdf,,100101_19061106,
AL,Birmingham News,100101,1906,AGRICULTURE COMMISSIONER,,,AL,"WILKINSON, J. A.",Democrat,1,,,,COMMISSIONER OF AGRICULTURE AND INDUSTRIES; DEMOCRATIC CANDIDATES LIST,0.95,,,,,pdf,,100101_19061106,
AL,Birmingham News,100101,1906,SUPERINTENDENT,,,AL,"GUNNELS, H. C.",Democrat,1,,,,SUPERINTENDENT OF EDUCATION; DEMOCRATIC CANDIDATES LIST,0.95,,,,,pdf,,100101_19061106,
AL,Birmingham News,100101,1906,ATTORNEY GENERAL,,,AL,"GARBER, ALEXANDER M.",Democrat,1,,,,DEMOCRATIC CANDIDATES LIST,0.95,,,,,pdf,,100101_19061106,
AL,Birmingham News,100101,1906,SUPREME COURT,,,AL,"TYSON, JOHN R.",Democrat,1,,,,CHIEF JUSTICE OF THE SUPREME COURT; DEMOCRATIC CANDIDATES LIST,0.95,,,,,pdf,,100101_19061106,
AL,Birmingham News,100101,1906,SUPREME COURT,,,AL,"DOWDELL, JOHN R.",Democrat,1,,,,ASSOCIATE JUSTICE OF THE SUPREME COURT; DEMOCRATIC CANDIDATES LIST,0.95,,,,,pdf,,100101_19061106,
AL,Birmingham News,100101,1906,SUPREME COURT,,,AL,"MCCLELLAN, THOMAS C.",Democrat,1,,,,ASSOCIATE JUSTICE OF THE SUPREME COURT; DEMOCRATIC CANDIDATES LIST,0.95,,,,,pdf,,100101_19061106,
AL,Birmingham News,100101,1906,RAILROAD COMMISSION,,,AL,"HENDERSON, CHARLES",Democrat,1,,,,ASSOCIATE RAILROAD COMMISSIONER; DEMOCRATIC CANDIDATES LIST,0.95,,,,,pdf,,100101_19061106,
AL,Birmingham News,100101,1906,RAILROAD COMMISSION,,,AL,"HARRIS, JOHN G.",Democrat,1,,,,ASSOCIATE RAILROAD COMMISSIONER; DEMOCRATIC CANDIDATES LIST,0.95,,,,,pdf,,100101_19061106,
AL,Birmingham News,100101,1930,SENATOR,,,AL,"BANKHEAD, JOHN H.",Democrat,1,,,,EDITORIAL STRONGLY ENDORSES BANKHEAD OVER HEFLIN; PRAISES BANKHEAD AS STATESMAN WITH EMINENT QUALIFICATIONS,0.95,,,,,pdf,,100101_19301026,
AL,Birmingham News,100101,1930,SENATOR,,,AL,"HEFLIN, TOM",Independent,0,1,,1,"EDITORIAL EXPLICITLY OPPOSES HEFLIN; CALLS HIM HOTHEAD BUFFOON BIGOT WITH NO CONSTRUCTIVE ACHIEVEMENTS IN SENATE ROUND 6 PARTY FIX: WAS DEMOCRAT; HEFLIN BOLTED FROM D PARTY IN 1928, RAN AS ""JEFFERSONIAN DEMOCRAT"" (RECORDED AS INDEPENDENT) IN 1930. WAS INCUMBENT SENATOR (1920-1931).",0.95,,,,,pdf,,100101_19301026,
AL,Birmingham News,100101,1936,PRESIDENT,,,AL,"ROOSEVELT, FRANKLIN D.",Democrat,1,1,,,EDITORIAL URGES LARGE DEMOCRATIC VOTE; HEAVY VOTE FOR REELECTION OF PRESIDENT ROOSEVELT TO SHOW APPRECIATION OF ALL HE HAS DONE FOR THE COUNTRY AND THE SOUTH,0.9,ONLY ROOSEVELT NAMED SPECIFICALLY; GENERAL APPEAL TO VOTE DEMOCRATIC TICKET,,,,pdf,,100101_19361102_2,
AL,Birmingham News,100101,1944,PRESIDENT,,,AL,"ROOSEVELT, FRANKLIN D.",Democrat,1,1,,,ENDORSED FOR REELECTION - LONG EDITORIAL SUPPORTING ROOSEVELT'S LEADERSHIP AND WARTIME PRESIDENCY,0.95,Very clear and comprehensive endorsement of Roosevelt,,,,pdf,,100101_19441105_2,
AL,Birmingham News,100101,1944,PRESIDENT,,,AL,"DEWEY, THOMAS",Republican,0,,,,OPPOSED - EDITORIAL CRITICIZES DEWEY'S QUALIFICATIONS AND SUPPORTS ROOSEVELT INSTEAD,0.9,Implicit opposition by strong support for Roosevelt over Republican alternative,,,,pdf,,100101_19441105_2,
AL,Birmingham News,100101,1950,SENATOR,,,AL,"HILL, LISTER",Democrat,1,1,,,INCUMBENT; CONFIDENT IN REELECTION; SUPPORTED BY NEWSPAPER,0.9,Editorial 'Down The Ballot For The Democrats' endorses Hill's reelection,,,,pdf,,100101_19501105_2,
AL,Birmingham News,100101,1950,GOVERNOR,,,AL,"PERSONS, GORDON",Democrat,1,,,,EXPECTED AS NEXT GOVERNOR; NEWSPAPER ENDORSES DEMOCRATIC NOMINEE,0.85,Editorial discusses Persons as expected next governor with positive framing,,,,pdf,,100101_19501105_2,
AL,Birmingham News,100101,1952,PRESIDENT,,,AL,"EISENHOWER, DWIGHT D.",Republican,1,,,,NEWSPAPER ENDORSES EISENHOWER; BELIEVES HE WOULD SERVE NATION WELL,0.95,Editorial 'The Basic Election Questions' clearly endorses Eisenhower for president,,,,pdf,,100101_19521026,
AL,Birmingham News,100101,1956,PRESIDENT,,,AL,"EISENHOWER, DWIGHT D.",Republican,1,,1,,EISENHOWER CASE STANDS; REALITIES ARGUING FOR REELECTION STAND OUT STRONGLY CONVINCINGLY; CAMPAIGN REINFORCED BELIEF THAT EISENHOWER AND NIXON SHOULD BE REELECTED,0.95,,,,,pdf,,100101_19561104,
AL,Birmingham News,100101,1962,SHERIFF,,JEFFERSON COUNTY,AL,"BAILEY, MEL",Democrat,1,,,,ENDORSED — 'FOR SHERIFF — MEL BAILEY'; PAPER WAS CONSISTENT IN PRIMARY AND GENERAL ELECTION SUPPORT FOR BAILEY,0.92,,,,,pdf,,100101_19621104,
AL,Birmingham News,100101,1962,H,,,AL,"HUDDLESTON, GEORGE",Democrat,1,,,,ENDORSED — 'VOTE FOR HUDDLESTON' SECTION; SEND HUDDLESTON TO WASHINGTON,0.92,District not specified in OCR; this is George Huddleston Jr. for Alabama 9th District (Birmingham),,,,pdf,,100101_19621104,
AL,Birmingham News,100101,1962,MAYOR,,BIRMINGHAM,AL,"PINSON, TOM",Nonpartisan,1,,,,ENDORSED — 'FOR MAYOR' / 'FOR TOM PINSON' SECTIONS; PAPER ARGUES BIRMINGHAM NEEDS GENUINE EXECUTIVE LEADERSHIP IN MAYOR-COUNCIL FORM IF PROPOSITION 2 PASSES ROUND 9 PARTY ADD: BIRMINGHAM MAYORAL RACES ARE NONPARTISAN.,0.78,Editorial section is partly about advocating for mayor-council form of government (Proposition 2); Pinson endorsement assumes that government structure is adopted,,,,pdf,,100101_19621104,
AL,Birmingham News,100101,1964,PRESIDENT,,,AL,"GOLDWATER, BARRY",Republican,1,,,,A VOTE FOR YOUR CONSCIENCE; MAN OF CHARACTER CREATIVITY AND ENERGY; REFRESHING POLITICAL FIGURE WHO DRIVES HIS POLICY SUBSTANCE FROM GENUINE FRONTIER; WILL TAKE A STAND IN HONOR FOR PRINCIPLE AND CONSTITUTIONALISM AND DIGNITY,0.95,,,,,pdf,,100101_19641101,
AL,Birmingham News,100101,1964,H,6,,AL,"BUCHANAN, JOHN H. JR.",Republican,1,,,,"THE TWO FOR CONGRESS; NEW SIXTH DISTRICT PART OF JEFFERSON COUNTY EXCLUSIVE OF BESSEMER CUTOFF; NOT FULLY SATISFIED EITHER CANDIDATE IS CLEARLY SUPERIOR BUT IF VOTER WANTS FURTHERANCE OF TWO-PARTY SYSTEM HIS MAN WILL BE MR BUCHANAN; ENERGETIC YOUNG REPUBLICAN ROUND 8 NAME STANDARDIZATION: WAS ""BUCHANAN, JOHN""; STANDARDIZED TO FULL ""JOHN H. JR."" (JOHN HALL BUCHANAN JR., R AL-06 1965-1981).",0.8,ENDORSEMENT IS SOMEWHAT TEPID AND CONDITIONAL ON TWO-PARTY GOALS,,,,pdf,,100101_19641101,
AL,Birmingham News,100101,1964,H,6,,AL,"HUDDLESTON, GEORGE",Democrat,0,1,,,REP GEORGE HUDDLESTON DEMOCRAT WHO SERVED FIVE TERMS; HAS LITTLE APPARENT PROMISE OF INSPIRED REPRESENTATION IN CONGRESS; RELUCTANCE TO IDENTIFY WITH NATIONAL PARTY COULD WEAKEN INFLUENCE WITH DEMOCRATIC ADMINISTRATION IF JOHNSON IS RE-ELECTED,0.8,EDITORIAL LEANS AGAINST HUDDLESTON BUT IS NOT A FULL-THROATED OPPOSITION,,,,pdf,,100101_19641101,
AL,Birmingham News,100101,1966,SENATOR,,,AL,"SPARKMAN, JOHN",Democrat,1,1,,,SPARKMAN BEST FOR ALABAMA; ENDORSED IN RECOMMENDED SECTION,0.95,,,,,pdf,,100101_19661106,
AL,Birmingham News,100101,1966,H,6,,AL,"BUCHANAN, JOHN H. JR.",Republican,1,,1,,CONGRESS SIXTH DISTRICT; REPUBLICAN NAME IN ITALICS IN RECOMMENDED LIST,0.95,,,,,pdf,,100101_19661106,
AL,Birmingham News,100101,1966,H,4,,AL,"NICHOLS, BILL",Democrat,1,,,,CONGRESS FOURTH DISTRICT; DEMOCRAT NAME IN ROMAN TYPE,0.95,,,,,pdf,,100101_19661106,
AL,Birmingham News,100101,1966,GOVERNOR,,,AL,"MARTIN, JIM",Republican,1,,,,THE ONLY CHOICE; JIM MARTIN REPUBLICAN CANDIDATE FOR GOVERNOR; NAME IN ITALICS IN RECOMMENDED LIST,0.95,,,,,pdf,,100101_19661106,
AL,Birmingham News,100101,1966,ATTORNEY GENERAL,,,AL,"COLLINS, DONALD L.",Democrat,1,,,,ENDORSED IN RECOMMENDED SECTION,0.95,,,,,pdf,,100101_19661106,
AL,Birmingham News,100101,1966,TREASURER,,,AL,"BAGGETT, AGNES",Democrat,1,,,,MRS AGNES BAGGETT; ENDORSED IN RECOMMENDED SECTION,0.95,,,,,pdf,,100101_19661106,
AL,Birmingham News,100101,1966,AUDITOR,,,AL,"ALLEN, MELBA TILL",Democrat,1,,,,ENDORSED IN RECOMMENDED SECTION,0.95,,,,,pdf,,100101_19661106,
AL,Birmingham News,100101,1966,PUBLIC SERVICE COMMISSION,2,,AL,"CONNELL, JODIE",Democrat,1,,,,PUBLIC SERVICE COMMISSION PLACE NO 2; ENDORSED IN RECOMMENDED SECTION,0.95,,,,,pdf,,100101_19661106,
AL,Birmingham News,100101,1966,STATE SENATOR,1,,AL,"LANKFORD, FRANK",Democrat,1,,,,STATE SENATOR PLACE NO 1,0.9,,,,,pdf,,100101_19661106,
AL,Birmingham News,100101,1966,STATE SENATOR,2,,AL,"ETHEREDGE, FOSTER (BUCK)",Democrat,1,,,,STATE SENATOR PLACE NO 2,0.9,,,,,pdf,,100101_19661106,
AL,Birmingham News,100101,1966,STATE SENATOR,3,,AL,"BETHEA, MALCOLM",Democrat,1,,,,STATE SENATOR PLACE NO 3,0.9,,,,,pdf,,100101_19661106,
AL,Birmingham News,100101,1966,STATE SENATOR,4,,AL,"DOMINICK, RICHARD",Democrat,1,,,,STATE SENATOR PLACE NO 4,0.9,,,,,pdf,,100101_19661106,
AL,Birmingham News,100101,1966,STATE SENATOR,5,,AL,"BAILES, GEORGE LEWIS JR.",Democrat,1,,,,STATE SENATOR PLACE NO 5,0.9,,,,,pdf,,100101_19661106,
AL,Birmingham News,100101,1966,STATE SENATOR,6,,AL,"MALONE, C. P.",Democrat,1,,,,STATE SENATOR PLACE NO 6,0.9,,,,,pdf,,100101_19661106,
AL,Birmingham News,100101,1966,STATE SENATOR,7,,AL,"PRICE, JAMES E.",Democrat,1,,,,STATE SENATOR PLACE NO 7,0.9,,,,,pdf,,100101_19661106,
AL,Birmingham News,100101,1966,STATE REP,1,,AL,"MEEKS, J. PAUL JR.",Democrat,1,,,,STATE REPRESENTATIVE PLACE NO 1,0.9,,,,,pdf,,100101_19661106,
AL,Birmingham News,100101,1966,STATE REP,2,,AL,"SHOCKLEY, DOUGLAS",Democrat,1,,,,STATE REPRESENTATIVE PLACE NO 2,0.9,,,,,pdf,,100101_19661106,
AL,Birmingham News,100101,1966,STATE REP,3,,AL,"WALDROP, WILLIAM G. (BILL)",Democrat,1,,,,STATE REPRESENTATIVE PLACE NO 3,0.9,,,,,pdf,,100101_19661106,
AL,Birmingham News,100101,1966,STATE REP,4,,AL,"BURKETT, NELSON",Democrat,1,,,,STATE REPRESENTATIVE PLACE NO 4,0.9,,,,,pdf,,100101_19661106,
AL,Birmingham News,100101,1966,STATE REP,5,,AL,"WALLIS, KEN",Democrat,1,,,,"STATE REPRESENTATIVE PLACE NO 5 ROUND 4 NAME FIX: WAS WAITS; OCR EXPLICIT ""KEN WALLIS.""",0.9,,,,,pdf,,100101_19661106,
AL,Birmingham News,100101,1966,STATE REP,6,,AL,"MCKEE, ROBERT (BOB)",Democrat,1,,,,STATE REPRESENTATIVE PLACE NO 6,0.9,,,,,pdf,,100101_19661106,
AL,Birmingham News,100101,1966,STATE REP,7,,AL,"ADWELL, BOB",Democrat,1,,,,STATE REPRESENTATIVE PLACE NO 7,0.85,NAME READ FROM SMALL TEXT IN GENEALOGYBANK IMAGE,,,,pdf,,100101_19661106,
AL,Birmingham News,100101,1966,STATE REP,8,,AL,"IRVIN, O. W. JR.",Democrat,1,,,,STATE REPRESENTATIVE PLACE NO 8,0.85,NAME READ FROM SMALL TEXT IN GENEALOGYBANK IMAGE,,,,pdf,,100101_19661106,
AL,Birmingham News,100101,1966,STATE REP,9,,AL,"GRIFFITH, ED",Democrat,1,,,,STATE REPRESENTATIVE PLACE NO 9,0.85,NAME READ FROM SMALL TEXT,,,,pdf,,100101_19661106,
AL,Birmingham News,100101,1966,STATE REP,10,,AL,"SFAKIANOS, NICK",Democrat,1,,,,"STATE REPRESENTATIVE PLACE NO 10 ROUND 4 NAME FIX: WAS SLAKINNAS (OCR ARTIFACT); OCR EXPLICIT ""NICK SFAKIANOS.""",0.8,NAME SPELLING UNCERTAIN FROM SMALL TEXT,,,,pdf,,100101_19661106,
AL,Birmingham News,100101,1966,STATE REP,11,,AL,"FOUNTAIN, NORMAN",Democrat,1,,,,STATE REPRESENTATIVE PLACE NO 11,0.85,,,,,pdf,,100101_19661106,
AL,Birmingham News,100101,1966,STATE REP,12,,AL,"YEILDING, NEWMAN (RED)",Democrat,1,,,,STATE REPRESENTATIVE PLACE NO 12,0.85,,,,,pdf,,100101_19661106,
AL,Birmingham News,100101,1966,STATE REP,13,,AL,"NORRIS, ROBERT L.",Democrat,1,,,,STATE REPRESENTATIVE PLACE NO 13,0.85,,,,,pdf,,100101_19661106,
AL,Birmingham News,100101,1966,STATE REP,14,,AL,"NORRIS, PALMER W. (PETE)",Democrat,1,,,,STATE REPRESENTATIVE PLACE NO 14,0.85,,,,,pdf,,100101_19661106,
AL,Birmingham News,100101,1966,STATE REP,15,,AL,"LINDEN, LARRY F.",Democrat,1,,,,STATE REPRESENTATIVE PLACE NO 15,0.85,,,,,pdf,,100101_19661106,
AL,Birmingham News,100101,1966,STATE REP,16,,AL,"COOK, JOHN W. (DOUG)",Democrat,1,,,,STATE REPRESENTATIVE PLACE NO 16,0.85,,,,,pdf,,100101_19661106,
AL,Birmingham News,100101,1966,STATE REP,17,,AL,"HOUSE, FRANK (PIG)",Democrat,1,,,,STATE REPRESENTATIVE PLACE NO 17,0.85,,,,,pdf,,100101_19661106,
AL,Birmingham News,100101,1966,STATE REP,18,,AL,"CHERNER, BENNETT L. (BEN)",Democrat,1,,,,STATE REPRESENTATIVE PLACE NO 18,0.85,,,,,pdf,,100101_19661106,
AL,Birmingham News,100101,1966,STATE REP,19,,AL,"GLOOR, TOM",Democrat,1,,,,STATE REPRESENTATIVE PLACE NO 19,0.85,,,,,pdf,,100101_19661106,
AL,Birmingham News,100101,1966,STATE REP,20,,AL,"GREENS, BENTLEY JR.",Democrat,1,,,,STATE REPRESENTATIVE PLACE NO 20,0.8,NAME READ AS BENTLEY GREENS JR FROM SMALL TEXT; SPELLING UNCERTAIN,,,,pdf,,100101_19661106,
AL,Birmingham News,100101,1966,CNTY COMM,,Jefferson County,AL,"GREEN, W. COOPER",Democrat,1,,,,JEFFERSON COUNTY COMMISSION PRESIDENT,0.9,,,,,pdf,,100101_19661106,
AL,Birmingham News,100101,1966,CNTY COMM,1,Jefferson County,AL,"GILMORE, E. H. (EDDIE)",Democrat,1,,,,JEFFERSON COUNTY COMMISSION ASSOCIATE MEMBER NO 1,0.9,,,,,pdf,,100101_19661106,
AL,Birmingham News,100101,1966,CNTY COMM,2,Jefferson County,AL,"PINSON, THOMAS B. (TOM)",Democrat,1,,,,JEFFERSON COUNTY COMMISSION ASSOCIATE MEMBER NO 2,0.9,,,,,pdf,,100101_19661106,
AL,Birmingham News,100101,1966,JUDGE,14,Jefferson County,AL,"SIRD, JAMES W.",Democrat,1,,,,JUDGE 10TH CIRCUIT PLACE NO 14,0.9,,,,,pdf,,100101_19661106,
AL,Birmingham News,100101,1966,TAX ASSESSOR,,Jefferson County,AL,"ROGERS, EARL T.",Democrat,1,,,,TAX ASSESSOR,0.9,,,,,pdf,,100101_19661106,
AL,Birmingham News,100101,1966,TAX COLLECTOR,,Jefferson County,AL,"SMITH, J. D.",Democrat,1,,,,TAX COLLECTOR,0.9,,,,,pdf,,100101_19661106,
AL,Birmingham News,100101,1966,SCHOOL BOARD,,Jefferson County,AL,"RUDD, GEORGE E.",Democrat,1,,,,BOARD OF EDUCATION,0.9,,,,,pdf,,100101_19661106,
AL,Birmingham News,100101,1968,PRESIDENT,,,AL,"NIXON, RICHARD M.",Republican,1,,,,DONT GAMBLE FUTURE; NEWS RECOMMENDS ELECTION OF NIXON; SAYS HE IS BEST QUALIFIED TO DEAL WITH FOREIGN AFFAIRS AND RESTORE NATIONAL UNITY; OPPOSES BOTH HUMPHREY AND WALLACE,0.95,,,,,pdf,,100101_19681103,
AL,Birmingham News,100101,1968,PRESIDENT,,,AL,"HUMPHREY, HUBERT",Democrat,0,,,,EDITORIAL SAYS FOUR MORE YEARS OF DEMOCRATIC PARTY RULE OFFERS NO HOPE FOR AMERICA,0.9,,,,,pdf,,100101_19681103,
AL,Birmingham News,100101,1968,PRESIDENT,,,AL,"WALLACE, GEORGE",Independent,0,,,,EDITORIAL SAYS WALLACES ORATORY IS TO THE POINT BUT LACKS DEPTH AND BREADTH OF SUPPORT; PROTEST VOTE FOR WALLACE COULD PRECIPITATE CRISIS,0.9,,,,,pdf,,100101_19681103,
AL,Birmingham News,100101,1968,SENATOR,,,AL,"ALLEN, JIM",Democrat,1,,,,NEWS BELIEVES FORMER LT GOV JAMES B ALLEN IS BEST QUALIFIED TO REPLACE RETIRING SEN LISTER HILL; LONG RECORD OF SERVICE IN BOTH HOUSES OF LEGISLATURE,0.95,,,,,pdf,,100101_19681103,
AL,Birmingham News,100101,1968,H,6,Congress District 6,AL,"BUCHANAN, JOHN H. JR.",Republican,1,,1,,"ENDORSED FOR REELECTION; GROWN STEADILY IN ESTIMATION OF CONGRESSIONAL COLLEAGUES; KNOWN AS ONE OF MOST CONSCIENTIOUS DEVOTED REPRESENTATIVES ROUND 8 NAME STANDARDIZATION: WAS ""BUCHANAN, JOHN H.""; STANDARDIZED TO FULL ""JOHN H. JR."" (JOHN HALL BUCHANAN JR., R AL-06 1965-1981).",0.95,,,,,pdf,,100101_19681103,
AL,Birmingham News,100101,1968,SCHOOL BOARD,,,AL,"RUDD, GEORGE E.",Republican,1,,,,JEFFERSON COUNTY BOARD OF EDUCATION; YOUNG PHYSICIAN WITH CONSTRUCTIVE INTEREST IN CIVIC AFFAIRS,0.9,,,,,pdf,,100101_19681103,
AL,Birmingham News,100101,1968,H,4,Congress District 4,AL,"NICHOLS, BILL",Democrat,1,,,,ENDORSED FOR U.S. REPRESENTATIVE,0.95,,,,,pdf,,100101_19681104_2,
AL,Birmingham News,100101,1968,SCHOOL BOARD,,Jefferson County Board of Education,AL,"THOMASON, BLANCHE",Republican,1,,,,"JEFFERSON COUNTY BOARD OF EDUCATION; PAPER ENDORSED ""THE REPUBLICAN CANDIDATES. DR. GEORGE E. RUDD AND MRS. BLANCHE THOMASON."" ROUND 1 PARTY FIX: WAS DEMOCRAT.",0.95,,,,,pdf,,100101_19681104_2,
AL,Birmingham News,100101,1970,GOVERNOR,,,AL,"SHELTON, A. C.",Independent,1,,,,"ENDORSED A C SHELTON INDEPENDENT CANDIDATE FOR GOVERNOR; NEWS ENDORSED AGAINST WALLACE ROUND 7 PARTY FIX: WAS REPUBLICAN; OCR EXPLICIT ""(I)"" INDEPENDENT.",0.95,,,,,pdf,,100101_19701102,
AL,Birmingham News,100101,1970,LT GOVERNOR,,,AL,"FRENCH, BOB",Republican,1,,,,ENDORSED IN RECOMMENDED SECTION,0.95,,,,,pdf,,100101_19701102,
AL,Birmingham News,100101,1970,H,4,,AL,"NICHOLS, BILL",Democrat,1,1,,,FOURTH DISTRICT; ENDORSED IN RECOMMENDED SECTION,0.95,,,,,pdf,,100101_19701102,
AL,Birmingham News,100101,1970,H,5,,AL,"FLOWERS, WALTER",Democrat,1,,,,FIFTH DISTRICT; ENDORSED IN RECOMMENDED SECTION,0.95,,,,,pdf,,100101_19701102,
AL,Birmingham News,100101,1970,H,6,,AL,"BUCHANAN, JOHN H. JR.",Republican,1,,1,,"SIXTH DISTRICT; ENDORSED IN RECOMMENDED SECTION ROUND 8 NAME STANDARDIZATION: WAS ""BUCHANAN, JOHN JR.""; STANDARDIZED TO FULL ""JOHN H. JR."" (JOHN HALL BUCHANAN JR., R AL-06 1965-1981).",0.95,,,,,pdf,,100101_19701102,
AL,Birmingham News,100101,1970,ATTORNEY GENERAL,,,AL,"BAXLEY, BILL",Democrat,1,,,,ENDORSED IN RECOMMENDED SECTION,0.95,,,,,pdf,,100101_19701102,
AL,Birmingham News,100101,1970,SEC OF STATE,,,AL,"AMOS, MABEL S.",Democrat,1,,,,ENDORSED IN RECOMMENDED SECTION,0.95,,,,,pdf,,100101_19701102,
AL,Birmingham News,100101,1970,TREASURER,,,AL,"BAGGETT, AGNES",Democrat,1,,,,MRS AGNES BAGGETT; ENDORSED IN RECOMMENDED SECTION,0.95,,,,,pdf,,100101_19701102,
AL,Birmingham News,100101,1970,AUDITOR,,,AL,"ALLEN, MELBA TILL",Democrat,1,1,,,ENDORSED IN RECOMMENDED SECTION,0.95,,,,,pdf,,100101_19701102,
AL,Birmingham News,100101,1970,AGRICULTURE COMMISSIONER,,,AL,"BEARD, RICHARD (DICK)",Democrat,1,,,,COMMISSIONER AGRICULTURE AND INDUSTRIES; ENDORSED IN RECOMMENDED SECTION,0.95,,,,,pdf,,100101_19701102,
AL,Birmingham News,100101,1970,PUBLIC SERVICE COMMISSION,1,,AL,"OWEN, C. C. (JACK)",Democrat,1,,,,ALABAMA PUBLIC SERVICE COMMISSION PLACE NO 1,0.95,,,,,pdf,,100101_19701102,
AL,Birmingham News,100101,1970,PUBLIC SERVICE COMMISSION,2,,AL,"MCDANIEL, JUANITA W.",Democrat,1,,,,ALABAMA PUBLIC SERVICE COMMISSION PLACE NO 2,0.95,,,,,pdf,,100101_19701102,
AL,Birmingham News,100101,1970,STATE BOARD OF ED,5,,AL,"POOLE, VICTOR P.",Democrat,1,,,,"STATE BOARD OF EDUCATION FIFTH DISTRICT ROUND 7 OFFICE FIX: WAS SCHOOL BOARD; OCR EXPLICIT ""STATE BOARD OF EDUCATION.""",0.9,,,,,pdf,,100101_19701102,
AL,Birmingham News,100101,1970,STATE BOARD OF ED,6,,AL,"MARTIN, HAROLD C.",Democrat,1,,,,"STATE BOARD OF EDUCATION SIXTH DISTRICT ROUND 7 OFFICE FIX: WAS SCHOOL BOARD; OCR EXPLICIT ""STATE BOARD OF EDUCATION.""",0.9,,,,,pdf,,100101_19701102,
AL,Birmingham News,100101,1970,STATE SENATOR,1,,AL,"VACCA, PASCHAL P. (PAT)",Democrat,1,,,,"STATE SENATOR PLACE NO 1 ROUND 7 NAME FIX: WAS ""DANIEL P.""; OCR EXPLICIT ""PASCHAL P. (PAT) VACCA.""",0.9,,,,,pdf,,100101_19701102,
AL,Birmingham News,100101,1970,STATE SENATOR,2,,AL,"KING, TOM",Democrat,1,,,,STATE SENATOR PLACE NO 2,0.9,,,,,pdf,,100101_19701102,
AL,Birmingham News,100101,1970,STATE SENATOR,3,,AL,"HAMLINE, JOHN H. JR.",Democrat,1,,,,STATE SENATOR PLACE NO 3,0.85,NAME READ AS JOHN H HAMLINE JR FROM SMALL TEXT; COULD BE HAMLIN,,,,pdf,,100101_19701102,
AL,Birmingham News,100101,1970,STATE SENATOR,4,,AL,"DOMINICK, RICHARD",Democrat,1,,,,STATE SENATOR PLACE NO 4,0.9,,,,,pdf,,100101_19701102,
AL,Birmingham News,100101,1970,STATE SENATOR,5,,AL,"BOLEN, GEORGE LEWIS JR.",Democrat,1,,,,STATE SENATOR PLACE NO 5,0.85,NAME READ AS GEO LEWIS BOLEN JR FROM SMALL TEXT,,,,pdf,,100101_19701102,
AL,Birmingham News,100101,1970,STATE SENATOR,6,,AL,"GILMORE, HUBERT",Democrat,1,,,,STATE SENATOR PLACE NO 6,0.85,NAME READ AS HUBERT GILMORE FROM SMALL TEXT,,,,pdf,,100101_19701102,
AL,Birmingham News,100101,1970,STATE SENATOR,7,,AL,"COOK, DOUG",Democrat,1,,,,STATE SENATOR PLACE NO 7,0.9,,,,,pdf,,100101_19701102,
AL,Birmingham News,100101,1970,STATE REP,1,,AL,"MEEKS, J. PAUL JR.",Democrat,1,,,,HOUSE OF REPRESENTATIVES PLACE NO 1,0.9,,,,,pdf,,100101_19701102,
AL,Birmingham News,100101,1970,STATE REP,2,,AL,"COMPSON, J. P. (BUDDY)",Republican,1,,,,HOUSE OF REPRESENTATIVES PLACE NO 2,0.85,NAME READ AS J P BUDDY COMPSON FROM SMALL TEXT; COULD BE COMPTON,,,,pdf,,100101_19701102,
AL,Birmingham News,100101,1970,STATE REP,3,,AL,"ELLIS, ROBERT L. (BOB) JR.",Democrat,1,,,,HOUSE OF REPRESENTATIVES PLACE NO 3,0.85,,,,,pdf,,100101_19701102,
AL,Birmingham News,100101,1970,STATE REP,4,,AL,"ERDREICH, BEN L.",Democrat,1,,,,HOUSE OF REPRESENTATIVES PLACE NO 4,0.9,,,,,pdf,,100101_19701102,
AL,Birmingham News,100101,1970,STATE REP,5,,AL,"DILL, RICHARD (DICK)",Democrat,1,,,,HOUSE OF REPRESENTATIVES PLACE NO 5,0.9,,,,,pdf,,100101_19701102,
AL,Birmingham News,100101,1970,STATE REP,6,,AL,"HOBBIE, ROBERT B. (BOBBY)",Democrat,1,,,,HOUSE OF REPRESENTATIVES PLACE NO 6,0.85,NAME READ FROM SMALL TEXT,,,,pdf,,100101_19701102,
AL,Birmingham News,100101,1970,STATE REP,7,,AL,"COX, JAMES L.",Republican,1,,,,HOUSE OF REPRESENTATIVES PLACE NO 7,0.9,,,,,pdf,,100101_19701102,
AL,Birmingham News,100101,1970,STATE REP,8,,AL,"WERKS, RAYMOND",Democrat,1,,,,HOUSE OF REPRESENTATIVES PLACE NO 8,0.8,NAME SPELLING UNCERTAIN FROM SMALL TEXT; COULD BE WORKS,,,,pdf,,100101_19701102,
AL,Birmingham News,100101,1970,STATE REP,9,,AL,"DOSS, CHRISS H.",Democrat,1,,,,HOUSE OF REPRESENTATIVES PLACE NO 9,0.9,,,,,pdf,,100101_19701102,
AL,Birmingham News,100101,1970,STATE REP,10,,AL,"TRUE, HOWARD A.",Republican,1,,,,HOUSE OF REPRESENTATIVES PLACE NO 10,0.9,,,,,pdf,,100101_19701102,
AL,Birmingham News,100101,1970,STATE REP,11,,AL,"IRVIN, O. W. JR.",Republican,1,,,,HOUSE OF REPRESENTATIVES PLACE NO 11,0.85,,,,,pdf,,100101_19701102,
AL,Birmingham News,100101,1970,STATE REP,12,,AL,"BOUTWELL, DIXIE",Democrat,1,,,,HOUSE OF REPRESENTATIVES PLACE NO 12,0.85,,,,,pdf,,100101_19701102,
AL,Birmingham News,100101,1970,STATE REP,13,,AL,"FALKENBURG, FRANCIS",Democrat,1,,,,HOUSE OF REPRESENTATIVES PLACE NO 13,0.9,,,,,pdf,,100101_19701102,
AL,Birmingham News,100101,1970,STATE REP,14,,AL,"STRICKLAND, LYON JR.",Republican,1,,,,HOUSE OF REPRESENTATIVES PLACE NO 14,0.85,,,,,pdf,,100101_19701102,
AL,Birmingham News,100101,1970,STATE REP,15,,AL,"BASORE, QUINTON R.",Democrat,1,,,,HOUSE OF REPRESENTATIVES PLACE NO 15,0.85,,,,,pdf,,100101_19701102,
AL,Birmingham News,100101,1970,STATE REP,16,,AL,"RICHBURG, RICHARD L. (RICK)",Democrat,1,,,,HOUSE OF REPRESENTATIVES PLACE NO 16,0.85,,,,,pdf,,100101_19701102,
AL,Birmingham News,100101,1970,STATE REP,17,,AL,"ELLIS, RICHARD W.",Republican,1,,,,HOUSE OF REPRESENTATIVES PLACE NO 17,0.85,,,,,pdf,,100101_19701102,
AL,Birmingham News,100101,1970,STATE REP,18,,AL,"PARSONS, REX",Democrat,1,,,,HOUSE OF REPRESENTATIVES PLACE NO 18,0.85,,,,,pdf,,100101_19701102,
AL,Birmingham News,100101,1970,STATE REP,19,,AL,"GLOOR, TOM",Democrat,1,,,,HOUSE OF REPRESENTATIVES PLACE NO 19,0.9,,,,,pdf,,100101_19701102,
AL,Birmingham News,100101,1970,STATE REP,20,,AL,"SHOCKLEY, J. D. (DOUG)",Republican,1,,,,HOUSE OF REPRESENTATIVES PLACE NO 20,0.85,,,,,pdf,,100101_19701102,
AL,Birmingham News,100101,1970,SCHOOL BOARD,,Jefferson County,AL,"HARRIS, MRS. R. W. (HARRIETTE)",Democrat,1,,,,JEFFERSON COUNTY BOARD OF EDUCATION,0.85,NAME READ FROM SMALL TEXT,,,,pdf,,100101_19701102,
AL,Birmingham News,100101,1970,SCHOOL BOARD,,Jefferson County,AL,"BOGGINS, GEORGE",Democrat,1,,,,JEFFERSON COUNTY BOARD OF EDUCATION,0.85,,,,,pdf,,100101_19701102,
AL,Birmingham News,100101,1972,PRESIDENT,,Presidential Electors,AL,"NIXON, RICHARD M.",Republican,1,,1,,ENDORSED REPUBLICAN PRESIDENTIAL ELECTORS FOR NIXON; THE PRESIDENT AND VICE PRESIDENT REELECTION,0.95,,,,,pdf,,100101_19721106,
AL,Birmingham News,100101,1972,SENATOR,,,AL,"SPARKMAN, JOHN",Democrat,1,1,,,ENDORSED FOR U.S. SENATE,0.95,,,,,pdf,,100101_19721106,
AL,Birmingham News,100101,1972,H,6,Congressional District 6,AL,"BUCHANAN, JOHN H. JR.",Republican,1,,1,,"ENDORSED FOR U.S. HOUSE ROUND 8 NAME STANDARDIZATION: WAS ""BUCHANAN, JOHN""; STANDARDIZED TO FULL ""JOHN H. JR."" (JOHN HALL BUCHANAN JR., R AL-06 1965-1981).",0.95,,,,,pdf,,100101_19721106,
AL,Birmingham News,100101,1972,PUBLIC SERVICE COMMISSION,1,PSC Place 1,AL,"CONNELL, JODIE",Democrat,1,1,,,ENDORSED FOR PUBLIC SERVICE COMMISSION PRESIDENT,0.95,,,,,pdf,,100101_19721106,
AL,Birmingham News,100101,1972,SCHOOL BOARD,,Jefferson County,AL,"RUDD, GEORGE E.",Democrat,1,,,,ENDORSED FOR JEFFERSON COUNTY BOARD OF EDUCATION,0.95,,,,,pdf,,100101_19721106,
AL,Birmingham News,100101,1972,SCHOOL BOARD,,Jefferson County,AL,"WRIGHT JR., LESLIE (STEVE)",Democrat,1,,,,ENDORSED FOR JEFFERSON COUNTY BOARD OF EDUCATION,0.95,,,,,pdf,,100101_19721106,
AL,Birmingham News,100101,1972,TAX ASSESSOR,,Jefferson County,AL,"THOMASON, ROBERT",Democrat,1,,,,ENDORSED FOR JEFFERSON COUNTY TAX ASSESSOR,0.95,,,,,pdf,,100101_19721106,
AL,Birmingham News,100101,1972,TREASURER,,Jefferson County Treasurer,AL,"GROSS, WILLARD A",Democrat,1,,,,ENDORSED FOR JEFFERSON COUNTY TREASURER,0.95,,,,,pdf,,100101_19721106,
AL,Birmingham News,100101,1974,GOVERNOR,,,AL,"WALLACE, GEORGE C",Democrat,1,,,,ENDORSED FOR GOVERNOR,0.95,,,,,pdf,,100101_19741104,
AL,Birmingham News,100101,1974,SENATOR,,,AL,"ALLEN, JAMES B",Democrat,1,1,,,ENDORSED FOR U.S. SENATE,0.95,,,,,pdf,,100101_19741104,
AL,Birmingham News,100101,1974,LT GOVERNOR,,,AL,"COLLINS, DON",Republican,1,,,,ENDORSED FOR LT. GOVERNOR,0.95,,,,,pdf,,100101_19741104,
AL,Birmingham News,100101,1974,SEC OF STATE,,,AL,"BAGGETT, AGNES",Democrat,1,,,,ENDORSED FOR SECRETARY OF STATE,0.95,,,,,pdf,,100101_19741104,
AL,Birmingham News,100101,1974,AUDITOR,,,AL,"FRINK, BETTYE",Democrat,1,,,,ENDORSED FOR AUDITOR,0.95,,,,,pdf,,100101_19741104,
AL,Birmingham News,100101,1974,PUBLIC SERVICE COMMISSION,1,PSC Place 1,AL,"GILLILAND, CLIFT",Democrat,1,,,,ENDORSED FOR PUBLIC SERVICE COMMISSION,0.95,,,,,pdf,,100101_19741104,
AL,Birmingham News,100101,1974,PUBLIC SERVICE COMMISSION,2,PSC Place 2,AL,"MCDANIEL, JUANITA",Democrat,1,,,,ENDORSED FOR PUBLIC SERVICE COMMISSION,0.95,,,,,pdf,,100101_19741104,
AL,Birmingham News,100101,1974,H,6,Congressional District 6,AL,"BUCHANAN, JOHN H. JR.",Republican,1,,1,,"ENDORSED FOR CONGRESS ROUND 8 NAME STANDARDIZATION: WAS ""BUCHANAN, JOHN""; STANDARDIZED TO FULL ""JOHN H. JR."" (JOHN HALL BUCHANAN JR., R AL-06 1965-1981).",0.95,,,,,pdf,,100101_19741104,
AL,Birmingham News,100101,1974,H,7,Congressional District 7,AL,"FLOWERS, WALTER",Democrat,1,1,,,ENDORSED FOR CONGRESS,0.95,,,,,pdf,,100101_19741104,
AL,Birmingham News,100101,1974,STATE BOARD OF ED,,State Board of Education,AL,"MARTIN, HAROLD C",Democrat,1,,,,ENDORSED FOR STATE BOARD OF EDUCATION,0.95,,,,,pdf,,100101_19741104,
AL,Birmingham News,100101,1974,CNTY COMM,,Jefferson County Commission,AL,"GLOOR, TOM",Democrat,1,,,,ENDORSED FOR JEFFERSON COUNTY COMMISSION PRESIDENT,0.95,,,,,pdf,,100101_19741104,
AL,Birmingham News,100101,1974,CNTY COMM,,Jefferson County Commission,AL,"DOSS, CHRISS",Democrat,1,,,,ENDORSED FOR JEFFERSON COUNTY COMMISSION ASSOCIATE,0.95,,,,,pdf,,100101_19741104,
AL,Birmingham News,100101,1974,STATE SENATOR,5,State Senate District 5,AL,"WILSON, ROBERT T (BOB)",Democrat,1,,,,ENDORSED FOR STATE SENATE,0.95,,,,,pdf,,100101_19741104,
AL,Birmingham News,100101,1974,STATE SENATOR,13,State Senate District 13,AL,"PEARSON, J RICHMOND",Democrat,1,,,,ENDORSED FOR STATE SENATE,0.95,,,,,pdf,,100101_19741104,
AL,Birmingham News,100101,1974,STATE SENATOR,15,State Senate District 15,AL,"CLEMON, U.W.",Democrat,1,,,,ENDORSED FOR STATE SENATE,0.95,,,,,pdf,,100101_19741104,
AL,Birmingham News,100101,1974,STATE REP,14,House District 14,AL,"ACKER, NEAL B",Republican,1,,,,ENDORSED FOR STATE HOUSE,0.95,,,,,pdf,,100101_19741104,
AL,Birmingham News,100101,1974,STATE REP,15,House District 15,AL,"HALL, ROBERT (BOB)",Democrat,1,,,,ENDORSED FOR STATE HOUSE,0.95,,,,,pdf,,100101_19741104,
AL,Birmingham News,100101,1974,STATE REP,31,House District 31,AL,"WHITE JR., DEWEY",Democrat,1,,,,ENDORSED FOR STATE HOUSE,0.95,,,,,pdf,,100101_19741104,
AL,Birmingham News,100101,1974,STATE REP,32,House District 32,AL,"FALKENBURG, FRANCIS",Democrat,1,,,,ENDORSED FOR STATE HOUSE,0.95,,,,,pdf,,100101_19741104,
AL,Birmingham News,100101,1974,STATE REP,34,House District 34,AL,"ANDREWS, RICHARD",Democrat,1,,,,ENDORSED FOR STATE HOUSE,0.95,,,,,pdf,,100101_19741104,
AL,Birmingham News,100101,1974,STATE REP,35,House District 35,AL,"BIDDLE III, JACK",Democrat,1,,,,ENDORSED FOR STATE HOUSE,0.95,,,,,pdf,,100101_19741104,
AL,Birmingham News,100101,1974,STATE REP,37,House District 37,AL,"MILES, CHARLES G",Democrat,1,,,,ENDORSED FOR STATE HOUSE,0.95,,,,,pdf,,100101_19741104,
AL,Birmingham News,100101,1974,STATE REP,39,House District 39,AL,"PORTER, REV JOHN T",Democrat,1,,,,ENDORSED FOR STATE HOUSE,0.95,,,,,pdf,,100101_19741104,
AL,Birmingham News,100101,1974,STATE REP,40,House District 40,AL,"HOPPING, JACK",Democrat,1,,,,ENDORSED FOR STATE HOUSE,0.95,,,,,pdf,,100101_19741104,
AL,Birmingham News,100101,1974,STATE REP,43,House District 43,AL,"TUCKER, JEROME",Democrat,1,,,,ENDORSED FOR STATE HOUSE,0.95,,,,,pdf,,100101_19741104,
AL,Birmingham News,100101,1974,STATE REP,45,House District 45,AL,"HILLIARD, EARL F",Democrat,1,,,,ENDORSED FOR STATE HOUSE,0.95,,,,,pdf,,100101_19741104,
AL,Birmingham News,100101,1974,STATE REP,49,House District 49,AL,"BLACKMON, CLYDE",Democrat,1,,,,ENDORSED FOR STATE HOUSE,0.95,,,,,pdf,,100101_19741104,
AL,Birmingham News,100101,1974,STATE REP,51,House District 51,AL,"WAGGONER, J.T. (JABO)",Democrat,1,,,,ENDORSED FOR STATE HOUSE,0.95,,,,,pdf,,100101_19741104,
AL,Birmingham News,100101,1974,SCHOOL BOARD,,Jefferson County,AL,"DABBS, JACK",Democrat,1,,,,ENDORSED FOR COUNTY BOARD OF EDUCATION,0.95,,,,,pdf,,100101_19741104,
AL,Birmingham News,100101,1974,SCHOOL BOARD,,Jefferson County,AL,"COURSON, JACK",Democrat,1,,,,ENDORSED FOR COUNTY BOARD OF EDUCATION,0.95,,,,,pdf,,100101_19741104,
AL,Birmingham News,100101,1974,CITY COUNCIL,,Birmingham,AL,"HERRING, DAVID",Democrat,1,,,,ENDORSED FOR BIRMINGHAM CITY COUNCIL,0.95,,,,,pdf,,100101_19741104,
AL,Birmingham News,100101,1976,PRESIDENT,,,AL,"FORD, GERALD",Republican,1,,1,,ENDORSED AS BEST CANDIDATE FOR NATION,0.95,,,,,pdf,,100101_19761101,
AL,Birmingham News,100101,1976,H,1,Congressional District 1,AL,"EDWARDS, JACK",Republican,1,,1,,ENDORSED INCUMBENT HOUSE MEMBER,0.95,,,,,pdf,,100101_19761101,
AL,Birmingham News,100101,1976,H,2,Congressional District 2,AL,"DICKINSON, WILLIAM",Republican,1,,1,,ENDORSED INCUMBENT HOUSE MEMBER,0.95,,,,,pdf,,100101_19761101,
AL,Birmingham News,100101,1976,H,6,Congressional District 6,AL,"BUCHANAN, JOHN H. JR.",Republican,1,,1,,"ENDORSED INCUMBENT HOUSE MEMBER ROUND 8 NAME STANDARDIZATION: WAS ""BUCHANAN, JOHN""; STANDARDIZED TO FULL ""JOHN H. JR."" (JOHN HALL BUCHANAN JR., R AL-06 1965-1981).",0.95,,,,,pdf,,100101_19761101,
AL,Birmingham News,100101,1976,H,7,Congressional District 7,AL,"FLOWERS, WALTER",Democrat,1,1,,,ENDORSED INCUMBENT HOUSE MEMBER,0.95,,,,,pdf,,100101_19761101,
AL,Birmingham News,100101,1976,SUPREME COURT,,Alabama Supreme Court - Chief Justice,AL,"TORBERT, C.C.",Democrat,1,,,,ENDORSED FOR CHIEF JUSTICE OF ALABAMA SUPREME COURT,0.95,,,,,pdf,,100101_19761101,
AL,Birmingham News,100101,1976,PUBLIC SERVICE COMMISSION,,Alabama Public Service Commission,AL,"MCDANIEL, JUANITA",Democrat,1,,,,ENDORSED FOR PRESIDENT OF ALABAMA PUBLIC SERVICE COMMISSION,0.95,,,,,pdf,,100101_19761101,
AL,Birmingham News,100101,1976,JUDGE,,10th Judicial Circuit Judge Place 11,AL,"DANIEL, BEN",Republican,1,,,,ENDORSED FOR 10TH JUDICIAL CIRCUIT JUDGE,0.95,,,,,pdf,,100101_19761101,
AL,Birmingham News,100101,1976,CNTY CLERK,,Jefferson County Circuit Court Clerk,AL,"DILLON, MARGARET",Republican,1,,,,ENDORSED FOR JEFFERSON COUNTY CIRCUIT COURT CLERK,0.95,,,,,pdf,,100101_19761101,
AL,Birmingham News,100101,1976,TREASURER,,Jefferson County Treasurer,AL,"DOMINICK, CHARLOTTE LANE",Democrat,1,,,,ENDORSED FOR JEFFERSON COUNTY TREASURER,0.95,,,,,pdf,,100101_19761101,
AL,Birmingham News,100101,1976,SCHOOL BOARD,,Jefferson County School Board,AL,"BRYMER, JACK",Democrat,1,,,,ENDORSED FOR JEFFERSON COUNTY SCHOOL BOARD,0.95,,,,,pdf,,100101_19761101,
AL,Birmingham News,100101,1976,SCHOOL BOARD,,Jefferson County School Board,AL,"HICKS, JIM",Republican,1,,,,ENDORSED FOR JEFFERSON COUNTY SCHOOL BOARD,0.95,,,,,pdf,,100101_19761101,
AL,Birmingham News,100101,1978,GOVERNOR,,,AL,"JAMES, FOB",Democrat,1,,,,ENDORSED FOR GOVERNOR,0.95,,,,,pdf,,100101_19781106,
AL,Birmingham News,100101,1978,LT GOVERNOR,,,AL,"MCMILLAN, GEORGE",Democrat,1,,,,ENDORSED FOR LT. GOVERNOR,0.95,,,,,pdf,,100101_19781106,
AL,Birmingham News,100101,1978,SENATOR,1,U.S. Senate Place 1,AL,"HEFLIN, HOWELL",Democrat,1,,,,ENDORSED FOR U.S. SENATE,0.95,,,,,pdf,,100101_19781106,
AL,Birmingham News,100101,1978,SENATOR,2,U.S. Senate Place 2,AL,"MARTIN, JIM",Republican,1,,,,ENDORSED FOR U.S. SENATE,0.95,,,,,pdf,,100101_19781106,
AL,Birmingham News,100101,1978,H,1,Congressional District 1,AL,"EDWARDS, JACK",Republican,1,,1,,ENDORSED FOR U.S. HOUSE,0.95,,,,,pdf,,100101_19781106,
AL,Birmingham News,100101,1978,H,2,Congressional District 2,AL,"DICKINSON, WILLIAM",Republican,1,,1,,ENDORSED FOR U.S. HOUSE,0.95,,,,,pdf,,100101_19781106,
AL,Birmingham News,100101,1978,H,5,Congressional District 5,AL,"FLIPPO, RONNIE",Democrat,1,1,,,ENDORSED FOR U.S. HOUSE,0.95,,,,,pdf,,100101_19781106,
AL,Birmingham News,100101,1978,H,6,Congressional District 6,AL,"BUCHANAN, JOHN H. JR.",Republican,1,,1,,"ENDORSED FOR U.S. HOUSE ROUND 8 NAME STANDARDIZATION: WAS ""BUCHANAN, JOHN""; STANDARDIZED TO FULL ""JOHN H. JR."" (JOHN HALL BUCHANAN JR., R AL-06 1965-1981).",0.95,,,,,pdf,,100101_19781106,
AL,Birmingham News,100101,1978,H,7,Congressional District 7,AL,"SHELBY, RICHARD",Democrat,1,,,,ENDORSED FOR U.S. HOUSE,0.95,,,,,pdf,,100101_19781106,
AL,Birmingham News,100101,1978,SEC OF STATE,,,AL,"NOEL, PEGGY",Democrat,1,,,,ENDORSED FOR SECRETARY OF STATE,0.95,,,,,pdf,,100101_19781106,
AL,Birmingham News,100101,1978,AUDITOR,,,AL,"WEEKS, O'REA",Republican,1,,,,ENDORSED FOR STATE AUDITOR,0.95,,,,,pdf,,100101_19781106,
AL,Birmingham News,100101,1978,TREASURER,,,AL,"GUNTER, ANNIE LAURIE",Democrat,1,,,,ENDORSED FOR STATE TREASURER,0.95,,,,,pdf,,100101_19781106,
AL,Birmingham News,100101,1978,PUBLIC SERVICE COMMISSION,1,Public Service Commission Place 1,AL,"MATHEWS, PETE",Democrat,1,,,,ENDORSED FOR PUBLIC SERVICE COMMISSION,0.95,,,,,pdf,,100101_19781106,
AL,Birmingham News,100101,1978,PUBLIC SERVICE COMMISSION,2,Public Service Commission Place 2,AL,"FOLSOM JR., JIM",Democrat,1,,,,ENDORSED FOR PUBLIC SERVICE COMMISSION,0.95,,,,,pdf,,100101_19781106,
AL,Birmingham News,100101,1978,STATE SENATOR,5,State Senate District 5,AL,"KITCHENS, BILL",Democrat,1,,,,ENDORSED FOR STATE SENATE,0.95,,,,,pdf,,100101_19781106,
AL,Birmingham News,100101,1978,STATE SENATOR,11,State Senate District 11,AL,"WHITE, DEWEY",Democrat,1,1,,,ENDORSED FOR STATE SENATE,0.95,,,,,pdf,,100101_19781106,
AL,Birmingham News,100101,1978,STATE SENATOR,12,State Senate District 12,AL,"VACCA, PAT",Democrat,1,,,,ENDORSED FOR STATE SENATE,0.95,,,,,pdf,,100101_19781106,
AL,Birmingham News,100101,1978,STATE SENATOR,18,State Senate District 18,AL,"LONGSHORE, TOM",Democrat,1,,,,ENDORSED FOR STATE SENATE,0.95,,,,,pdf,,100101_19781106,
AL,Birmingham News,100101,1978,STATE REP,15,House District 15,AL,"PAYNE, ARTHUR",Democrat,1,,,,ENDORSED FOR STATE HOUSE,0.95,,,,,pdf,,100101_19781106,
AL,Birmingham News,100101,1978,STATE REP,31,House District 31,AL,"CABANISS, WILLIAM",Democrat,1,,,,ENDORSED FOR STATE HOUSE,0.95,,,,,pdf,,100101_19781106,
AL,Birmingham News,100101,1978,STATE REP,32,House District 32,AL,"FALKENBURG, FRANCIS",Democrat,1,1,,,ENDORSED FOR STATE HOUSE,0.95,,,,,pdf,,100101_19781106,
AL,Birmingham News,100101,1978,STATE REP,34,House District 34,AL,"AMARI, ATTY JOHN",Democrat,1,,,,ENDORSED FOR STATE HOUSE,0.95,,,,,pdf,,100101_19781106,
AL,Birmingham News,100101,1978,STATE REP,35,House District 35,AL,"BIDDLE III, JACK",Democrat,1,1,,,ENDORSED FOR STATE HOUSE,0.95,,,,,pdf,,100101_19781106,
AL,Birmingham News,100101,1978,STATE REP,37,House District 37,AL,"HILL, AL",Democrat,1,,,,ENDORSED FOR STATE HOUSE,0.95,,,,,pdf,,100101_19781106,
AL,Birmingham News,100101,1978,STATE REP,50,House District 50,AL,"LEWIS, DUANE",Democrat,1,,,,ENDORSED FOR STATE HOUSE,0.95,,,,,pdf,,100101_19781106,
AL,Birmingham News,100101,1978,STATE REP,51,House District 51,AL,"WAGGONER, J.T. (JABO)",Democrat,1,1,,,ENDORSED FOR STATE HOUSE,0.95,,,,,pdf,,100101_19781106,
AL,Birmingham News,100101,1978,STATE REP,52,House District 52,AL,"MOORE, OTIS (SONNY)",Democrat,1,,,,ENDORSED FOR STATE HOUSE,0.95,,,,,pdf,,100101_19781106,
AL,Birmingham News,100101,1978,CNTY COMM,,Jefferson County Tax Assessor,AL,"ROGERS, EARL T",Democrat,1,,,,ENDORSED FOR JEFFERSON COUNTY TAX ASSESSOR,0.95,,,,,pdf,,100101_19781106,
AL,Birmingham News,100101,1978,SHERIFF,,Jefferson County Sheriff,AL,"BAILEY, MEL",Democrat,1,,,,ENDORSED FOR JEFFERSON COUNTY SHERIFF,0.95,,,,,pdf,,100101_19781106,
AL,Birmingham News,100101,1978,SCHOOL BOARD,,Jefferson County Board of Education,AL,"FAUCETTE, BETSY",Democrat,1,,,,ENDORSED FOR JEFFERSON COUNTY BOARD OF EDUCATION,0.95,,,,,pdf,,100101_19781106,
AL,Birmingham News,100101,1978,MAYOR,,Birmingham City Council,AL,"CLIFFORD, W.B. (PETE)",Democrat,1,,,,ENDORSED FOR BIRMINGHAM CITY COUNCIL,0.95,,,,,pdf,,100101_19781106,
AL,Birmingham News,100101,1980,PRESIDENT,,,AL,"REAGAN, RONALD",Republican,1,,,,PEACE POCKETBOOKS AT STAKE; NEWS RECOMMENDS ELECTION OF REAGAN; COMPARES HIM TO CHURCHILL; SAYS HE CAN PROVIDE STRONG LEADERSHIP AND RESTORE AMERICAN PRINCIPLES,0.95,,,,,pdf,,100101_19801102,
AL,Birmingham News,100101,1980,PRESIDENT,,,AL,"CARTER, JIMMY",Democrat,0,1,,,EDITORIAL CRITICIZES CARTER AS HAPLESS LEADER SUBSERVIENT TO PETTY BUREAUCRATS; COMPARES HIM TO NEVILLE CHAMBERLAIN,0.95,,,,,pdf,,100101_19801102,
AL,Birmingham News,100101,1980,SENATOR,,,AL,"DENTON, JEREMIAH",Republican,1,,,,ADM JEREMIAH DENTON HAS PROVED HIS CAPABILITIES AND UNSELFISH DEDICATION TO IDEALS OF THE NATION; VIETNAM POW,0.95,,,,,pdf,,100101_19801102,
AL,Birmingham News,100101,1980,SENATOR,,,AL,"FOLSOM, JIM",Democrat,0,,,,OPPOSED; JAMES FOLSOM JR IS A POPULIST WHO WOULD PUT INTERESTS OF SINGLE-ISSUE GROUPS AHEAD OF THE NATION,0.85,FOLSOM MENTIONED AS OPPONENT; FIRST NAME READ AS JIM/JAMES FROM CONTEXT,,,,pdf,,100101_19801102,
AL,Birmingham News,100101,1980,H,6,,AL,"SMITH, ALBERT LEE",Republican,1,,,,CANDIDATE OF PROVEN CONSERVATIVE PRINCIPLE; PLEDGES TO REDUCE GOVERNMENT INTERFERENCE AND CUT TAXES; OPPOSED BY PETE CLIFFORD DEMOCRAT,0.95,,,,,pdf,,100101_19801102,
AL,Birmingham News,100101,1980,SUPREME COURT,1,,AL,"ALMON, R. P.",Democrat,1,,,,JUSTICE R P ALMON RUNNING ON DEMOCRATIC TICKET; DISTINGUISHED CAREER AS CIRCUIT JUDGE AND COURT OF APPEALS MEMBER; OPPOSED BY REPUBLICAN FRED BLANTON,0.85,FIRST NAME READ AS R. P. FROM SCAN,,,,pdf,,100101_19801102,
AL,Birmingham News,100101,1980,PUBLIC SERVICE COMMISSION,,,AL,"CAMP, BILLY JOE",Democrat,1,,,,FORMER PRESS SECRETARY TO GOV GEORGE WALLACE; WIDE EXPERIENCE IN STATE GOVERNMENT; FOR TOP POSITION ON ALABAMA PUBLIC SERVICE COMMISSION; OPPOSED BY MONTGOMERY REPUBLICAN GORDON TUCKER,0.9,,,,,pdf,,100101_19801102,
AL,Birmingham News,100101,1980,JUDGE,10,,AL,"ZEANTY, WADELL C.",Democrat,1,,,,10TH JUDICIAL CIRCUIT PLACE 10; REPUTATION FOR INTEGRITY AND FAIRNESS; SPLENDID RECORD AS COURT COORDINATOR DISTRICT JUDGE AND CIRCUIT COURT JUDGE; OPPOSED BY REPUBLICAN BARBARA NORRIS SCOTT,0.85,NAME SPELLING UNCERTAIN - READING AS WADELL C. ZEANTY FROM SCAN,,,,pdf,,100101_19801102,
AL,Birmingham News,100101,1980,SCHOOL BOARD,,,AL,"HICKS, JIM",Democrat,1,,,,COUNTY BOARD OF EDUCATION; BACKGROUND AND COMMITMENT TO PUBLIC EDUCATION,0.85,,,,,pdf,,100101_19801102,
AL,Birmingham News,100101,1980,SCHOOL BOARD,,,AL,"HAASCH, ROBERT",Democrat,1,,,,COUNTY BOARD OF EDUCATION; BACKGROUND AND COMMITMENT TO PUBLIC EDUCATION; OPPOSED BY REPUBLICANS CHESTER CROWE JR AND WILLIAM L MOREHOUSE,0.8,NAME READ AS ROBERT HAASCH FROM SCAN; SPELLING UNCERTAIN,,,,pdf,,100101_19801102,
AL,Birmingham News,100101,1982,GOVERNOR,,,AL,"FOLMAR, EMORY",Republican,1,,,,ENDORSED FOR GOVERNOR,0.95,,,,,pdf,,100101_19821101,
AL,Birmingham News,100101,1982,LT GOVERNOR,,,AL,"BAXLEY, BILL",Democrat,1,,,,ENDORSED FOR LT. GOVERNOR,0.95,,,,,pdf,,100101_19821101,
AL,Birmingham News,100101,1982,SEC OF STATE,,,AL,"SIEGELMAN, DON",Democrat,1,,,,ENDORSED FOR SECRETARY OF STATE,0.95,,,,,pdf,,100101_19821101,
AL,Birmingham News,100101,1982,TREASURER,,,AL,"GUNTER, ANNIE LAURIE",Democrat,1,1,,,ENDORSED FOR STATE TREASURER,0.95,,,,,pdf,,100101_19821101,
AL,Birmingham News,100101,1982,AUDITOR,,,AL,"COOK, JAN",Democrat,1,,,,ENDORSED FOR STATE AUDITOR,0.95,,,,,pdf,,100101_19821101,
AL,Birmingham News,100101,1982,PUBLIC SERVICE COMMISSION,2,Public Service Commission Place 2,AL,"FOLSOM, JIM",Democrat,1,,,,ENDORSED FOR PUBLIC SERVICE COMMISSION,0.95,,,,,pdf,,100101_19821101,
AL,Birmingham News,100101,1982,STATE BOARD OF ED,,State Board of Education District 6,AL,"MARTIN, DR HAROLD",Democrat,1,,,,ENDORSED FOR STATE BOARD OF EDUCATION,0.95,,,,,pdf,,100101_19821101,
AL,Birmingham News,100101,1982,H,6,Congressional District 6,AL,"SMITH, ALBERT LEE",Republican,1,,1,,ENDORSED FOR U.S. HOUSE,0.95,,,,,pdf,,100101_19821101,
AL,Birmingham News,100101,1982,H,7,Congressional District 7,AL,"SHELBY, RICHARD",Democrat,1,1,,,ENDORSED FOR U.S. HOUSE,0.95,,,,,pdf,,100101_19821101,
AL,Birmingham News,100101,1982,STATE SENATOR,11,State Senate District 11,AL,"CABANISS, BILL",Republican,1,,,,"ENDORSED FOR STATE SENATE ROUND 5 NAME+PARTY FIX: WAS ""CABANESS, BILL"" (D); HISTORICAL+OCR CONFIRM CABANISS R.",0.95,,,,,pdf,,100101_19821101,
AL,Birmingham News,100101,1982,STATE SENATOR,12,State Senate District 12,AL,"AMARI, JOHN",Democrat,1,,,,ENDORSED FOR STATE SENATE,0.95,,,,,pdf,,100101_19821101,
AL,Birmingham News,100101,1982,STATE SENATOR,17,State Senate District 17,AL,"BACHUS, SPENCER",Republican,1,,,,ENDORSED FOR STATE SENATE,0.95,,,,,pdf,,100101_19821101,
AL,Birmingham News,100101,1982,STATE REP,15,House District 15,AL,"BRYANT, LEE",Democrat,1,,,,ENDORSED FOR STATE HOUSE,0.95,,,,,pdf,,100101_19821101,
AL,Birmingham News,100101,1982,STATE REP,31,House District 31,AL,"SCOTT, VAN",Democrat,1,,,,ENDORSED FOR STATE HOUSE,0.95,,,,,pdf,,100101_19821101,
AL,Birmingham News,100101,1982,STATE REP,32,House District 32,AL,"SEIBELS JR., GEORGE",Democrat,1,,,,ENDORSED FOR STATE HOUSE,0.95,,,,,pdf,,100101_19821101,
AL,Birmingham News,100101,1982,STATE REP,33,House District 33,AL,"BENNETT, JIM",Democrat,1,,,,ENDORSED FOR STATE HOUSE,0.95,,,,,pdf,,100101_19821101,
AL,Birmingham News,100101,1982,STATE REP,34,House District 34,AL,"LAYTON, GEORGE",Democrat,1,,,,ENDORSED FOR STATE HOUSE,0.95,,,,,pdf,,100101_19821101,
AL,Birmingham News,100101,1982,STATE REP,35,House District 35,AL,"BIDDLE, JACK",Republican,1,,,,ENDORSED FOR STATE HOUSE ROUND 9 PARTY FIX: WAS Democrat; CROSS-YEAR + HISTORICAL CONFIRM Republican.,0.95,,,,,pdf,,100101_19821101,
AL,Birmingham News,100101,1982,STATE REP,36,House District 36,AL,"DAVIS, PAT",Democrat,1,,,,ENDORSED FOR STATE HOUSE,0.95,,,,,pdf,,100101_19821101,
AL,Birmingham News,100101,1982,STATE REP,40,House District 40,AL,"PETELOS, TONY",Republican,1,,,,ENDORSED FOR STATE HOUSE,0.95,,,,,pdf,,100101_19821101,
AL,Birmingham News,100101,1982,STATE REP,42,House District 42,AL,"LYNN, HANK",Democrat,1,,,,ENDORSED FOR STATE HOUSE,0.95,,,,,pdf,,100101_19821101,
AL,Birmingham News,100101,1982,STATE REP,49,House District 49,AL,"MURPHY, DON",Democrat,1,,,,ENDORSED FOR STATE HOUSE,0.95,,,,,pdf,,100101_19821101,
AL,Birmingham News,100101,1982,STATE REP,50,House District 50,AL,"LEWIS, DUANE",Democrat,1,1,,,ENDORSED FOR STATE HOUSE,0.95,,,,,pdf,,100101_19821101,
AL,Birmingham News,100101,1982,STATE REP,52,House District 52,AL,"MOORE, SONNY",Democrat,1,1,,,ENDORSED FOR STATE HOUSE,0.95,,,,,pdf,,100101_19821101,
AL,Birmingham News,100101,1982,CNTY CLERK,,Jefferson County Circuit Clerk,AL,"CONRADI, POLLY",Democrat,1,,,,ENDORSED FOR JEFFERSON COUNTY CIRCUIT CLERK,0.95,,,,,pdf,,100101_19821101,
AL,Birmingham News,100101,1982,SHERIFF,,Shelby County Sheriff,AL,"GLASGOW, BUDDY",Democrat,1,,,,ENDORSED FOR SHELBY COUNTY SHERIFF,0.95,,,,,pdf,,100101_19821101,
AL,Birmingham News,100101,1982,SCHOOL BOARD,,Shelby County Board of Education Place 1,AL,"KNIGHT, AL",Democrat,1,,,,ENDORSED FOR SHELBY COUNTY BOARD OF EDUCATION,0.95,,,,,pdf,,100101_19821101,
AL,Birmingham News,100101,1982,SCHOOL BOARD,,Shelby County Board of Education Place 2,AL,"WHITMAN, BARBARA",Democrat,1,,,,ENDORSED FOR SHELBY COUNTY BOARD OF EDUCATION,0.95,,,,,pdf,,100101_19821101,
AL,Birmingham News,100101,1982,CNTY CLERK,,Shelby County Circuit Clerk,AL,"LANSFORD, KYLE",Democrat,1,,,,ENDORSED FOR SHELBY COUNTY CIRCUIT CLERK,0.95,,,,,pdf,,100101_19821101,
AL,Birmingham News,100101,1984,PRESIDENT,,,AL,"REAGAN, RONALD",Republican,1,,1,,ENDORSED FOR PRESIDENT,0.95,,,,,pdf,,100101_19841105,
AL,Birmingham News,100101,1984,SENATOR,,,AL,"HEFLIN, HOWELL",Democrat,1,1,,,ENDORSED FOR U.S. SENATE,0.95,,,,,pdf,,100101_19841105,
AL,Birmingham News,100101,1984,H,6,Congressional District 6,AL,"ERDREICH, BEN",Democrat,1,,,,ENDORSED FOR U.S. HOUSE,0.95,,,,,pdf,,100101_19841105,
AL,Birmingham News,100101,1984,H,7,Congressional District 7,AL,"SHELBY, RICHARD",Democrat,1,1,,,ENDORSED FOR U.S. HOUSE,0.95,,,,,pdf,,100101_19841105,
AL,Birmingham News,100101,1984,PUBLIC SERVICE COMMISSION,,PSC President,AL,"SULLIVAN, JIM",Democrat,1,,,,ENDORSED FOR PUBLIC SERVICE COMMISSION PRESIDENT,0.95,,,,,pdf,,100101_19841105,
AL,Birmingham News,100101,1984,TREASURER,,Jefferson County Treasurer,AL,"DOMINICK, CHARLOTTE",Democrat,1,1,,,ENDORSED FOR JEFFERSON COUNTY TREASURER,0.95,,,,,pdf,,100101_19841105,
AL,Birmingham News,100101,1984,TAX ASSESSOR,,Jefferson County,AL,"CRIM, CHARLES R",Democrat,1,,,,"ENDORSED FOR JEFFERSON COUNTY TAX ASSESSOR ROUND 5 OFFICE FIX: WAS CNTY COMM; OCR ""TAX ASSESSOR: CHARLES R. CRIM.""",0.95,,,,,pdf,,100101_19841105,
AL,Birmingham News,100101,1984,SCHOOL BOARD,,Jefferson County School Board,AL,"HICKS, JIM",Democrat,1,,,,ENDORSED FOR JEFFERSON COUNTY SCHOOL BOARD,0.95,,,,,pdf,,100101_19841105,
AL,Birmingham News,100101,1984,JUDGE,,Shelby County Judge 18th Judicial Circuit,AL,"WALDEN, HAROLD E",Republican,1,,,,ENDORSED FOR SHELBY COUNTY JUDGE,0.95,,,,,pdf,,100101_19841105,
AL,Birmingham News,100101,1984,CNTY COMM,,Shelby County Commission,AL,"RUSHTON, GREGG",Democrat,1,,,,ENDORSED FOR SHELBY COUNTY COMMISSION,0.95,,,,,pdf,,100101_19841105,
AL,Birmingham News,100101,1984,TAX ASSESSOR,,Shelby County,AL,"THOMPSON, J.R. (BOB)",Democrat,1,,,,"ENDORSED FOR SHELBY COUNTY TAX ASSESSOR ROUND 5 OFFICE FIX: WAS CNTY COMM; OCR ""TAX ASSESSOR: J.R. BOB THOMPSON"" UNDER SHELBY COUNTY.",0.95,,,,,pdf,,100101_19841105,
AL,Birmingham News,100101,1984,TAX COLLECTOR,,Shelby County,AL,"SKINNER, ANNETTE D",Democrat,1,,,,"ENDORSED FOR SHELBY COUNTY TAX COLLECTOR ROUND 5 OFFICE FIX: WAS CNTY COMM; OCR ""TAX COLLECTOR: ANNETTE D. SKINNER"" UNDER SHELBY COUNTY.",0.95,,,,,pdf,,100101_19841105,
AL,Birmingham News,100101,1984,SCHOOL BOARD,,Shelby County School Board,AL,"MORRIS, DONNA",Democrat,1,,,,ENDORSED FOR SHELBY COUNTY SCHOOL BOARD,0.95,,,,,pdf,,100101_19841105,
AL,Birmingham News,100101,1986,GOVERNOR,,,AL,"HUNT, GUY",Republican,1,,,,ENDORSED FOR GOVERNOR,0.95,,,,,pdf,,100101_19861103,
AL,Birmingham News,100101,1986,LT GOVERNOR,,,AL,"FOLSOM JR., JIM",Democrat,1,,,,ENDORSED FOR LT. GOVERNOR,0.95,,,,,pdf,,100101_19861103,
AL,Birmingham News,100101,1986,SENATOR,,,AL,"DENTON, JEREMIAH",Republican,1,,1,,ENDORSED FOR U.S. SENATE,0.95,,,,,pdf,,100101_19861103,
AL,Birmingham News,100101,1986,H,6,Congressional District 6,AL,"ERDREICH, BEN",Democrat,1,1,,,ENDORSED FOR U.S. HOUSE,0.95,,,,,pdf,,100101_19861103,
AL,Birmingham News,100101,1986,H,7,Congressional District 7,AL,"MCFARLAND, BILL",Republican,1,,,,ENDORSED FOR U.S. HOUSE,0.95,,,,,pdf,,100101_19861103,
AL,Birmingham News,100101,1986,H,2,Congressional District 2,AL,"DICKINSON, BILL",Republican,1,,1,,ENDORSED FOR U.S. HOUSE,0.95,,,,,pdf,,100101_19861103,
AL,Birmingham News,100101,1986,H,3,Congressional District 3,AL,"NICHOLS, BILL",Democrat,1,1,,,ENDORSED FOR U.S. HOUSE,0.95,,,,,pdf,,100101_19861103,
AL,Birmingham News,100101,1986,H,4,Congressional District 4,AL,"BEVILL, TOM",Democrat,1,1,,,ENDORSED FOR U.S. HOUSE,0.95,,,,,pdf,,100101_19861103,
AL,Birmingham News,100101,1986,H,5,Congressional District 5,AL,"FLIPPO, RONNIE",Democrat,1,1,,,ENDORSED FOR U.S. HOUSE,0.95,,,,,pdf,,100101_19861103,
AL,Birmingham News,100101,1986,SEC OF STATE,,,AL,"BROWDER, GLEN",Democrat,1,,,,ENDORSED FOR SECRETARY OF STATE,0.95,,,,,pdf,,100101_19861103,
AL,Birmingham News,100101,1986,PUBLIC SERVICE COMMISSION,,,AL,"MARTIN, CHARLES",Democrat,1,,,,ENDORSED FOR PUBLIC SERVICE COMMISSION,0.95,,,,,pdf,,100101_19861103,
AL,Birmingham News,100101,1986,STATE BOARD OF ED,2,State Board of Education District 2,AL,"SHEALY, STEADMAN",Democrat,1,,,,ENDORSED FOR STATE BOARD OF EDUCATION,0.95,,,,,pdf,,100101_19861103,
AL,Birmingham News,100101,1986,STATE BOARD OF ED,3,State Board of Education District 3,AL,"THOMASSON, ISABELLE",Democrat,1,,,,ENDORSED FOR STATE BOARD OF EDUCATION,0.95,,,,,pdf,,100101_19861103,
AL,Birmingham News,100101,1986,STATE BOARD OF ED,6,State Board of Education District 6,AL,"BACHUS, SPENCER",Republican,1,,,,ENDORSED FOR STATE BOARD OF EDUCATION,0.95,,,,,pdf,,100101_19861103,
AL,Birmingham News,100101,1986,STATE SENATOR,15,State Senate District 15,AL,"AMARI, JOHN",Democrat,1,1,,,ENDORSED FOR STATE SENATE,0.95,,,,,pdf,,100101_19861103,
AL,Birmingham News,100101,1986,STATE SENATOR,16,State Senate District 16,AL,"CABANISS, BILL",Republican,1,,,,ENDORSED FOR STATE SENATE,0.95,,,,,pdf,,100101_19861103,
AL,Birmingham News,100101,1986,STATE SENATOR,18,State Senate District 18,AL,"HORN, FRED",Democrat,1,1,,,ENDORSED FOR STATE SENATE,0.95,,,,,pdf,,100101_19861103,
AL,Birmingham News,100101,1986,STATE REP,40,House District 40,AL,"KNIGHT, AL",Republican,1,,,,ENDORSED FOR STATE HOUSE,0.95,,,,,pdf,,100101_19861103,
AL,Birmingham News,100101,1986,STATE REP,41,House District 41,AL,"ENTREKIN, JIM",Republican,1,,,,ENDORSED FOR STATE HOUSE,0.95,,,,,pdf,,100101_19861103,
AL,Birmingham News,100101,1986,STATE REP,43,House District 43,AL,"BIDDLE, JACK",Republican,1,,,,ENDORSED FOR STATE HOUSE,0.95,,,,,pdf,,100101_19861103,
AL,Birmingham News,100101,1986,STATE REP,44,House District 44,AL,"MOSELEY, STEVE",Republican,1,,,,ENDORSED FOR STATE HOUSE,0.95,,,,,pdf,,100101_19861103,
AL,Birmingham News,100101,1986,STATE REP,45,House District 45,AL,"GRAY, BILLY",Republican,1,,,,ENDORSED FOR STATE HOUSE,0.95,,,,,pdf,,100101_19861103,
AL,Birmingham News,100101,1986,STATE REP,46,House District 46,AL,"SLAUGHTER, BILL",Republican,1,,,,ENDORSED FOR STATE HOUSE,0.95,,,,,pdf,,100101_19861103,
AL,Birmingham News,100101,1986,STATE REP,49,House District 49,AL,"PETELOS, TONY",Republican,1,,,,ENDORSED FOR STATE HOUSE,0.95,,,,,pdf,,100101_19861103,
AL,Birmingham News,100101,1986,STATE REP,50,House District 50,AL,"CURRY, JOHNNY",Republican,1,,,,ENDORSED FOR STATE HOUSE,0.95,,,,,pdf,,100101_19861103,
AL,Birmingham News,100101,1986,STATE REP,53,House District 53,AL,"NEWTON, DEMETRIUS",Democrat,1,,,,ENDORSED FOR STATE HOUSE,0.95,,,,,pdf,,100101_19861103,
AL,Birmingham News,100101,1986,STATE REP,55,House District 55,AL,"WHITE, GARY",Republican,1,,,,ENDORSED FOR STATE HOUSE,0.95,,,,,pdf,,100101_19861103,
AL,Birmingham News,100101,1986,STATE REP,59,House District 59,AL,"SPRATT, LEWIS",Democrat,1,1,,,ENDORSED FOR STATE HOUSE,0.95,,,,,pdf,,100101_19861103,
AL,Birmingham News,100101,1986,CNTY COMM,1,Jefferson County Commission Place 1,AL,"DAVIS, REUBEN",Democrat,1,1,,,ENDORSED FOR JEFFERSON COUNTY COMMISSION,0.95,,,,,pdf,,100101_19861103,
AL,Birmingham News,100101,1986,CNTY COMM,4,Jefferson County Commission Place 4,AL,"GUNTER, JIM",Republican,1,,,,ENDORSED FOR JEFFERSON COUNTY COMMISSION,0.95,,,,,pdf,,100101_19861103,
AL,Birmingham News,100101,1986,CNTY COMM,5,Jefferson County Commission Place 5,AL,"DOSS, CHRISS",Democrat,1,1,,,ENDORSED FOR JEFFERSON COUNTY COMMISSION,0.95,,,,,pdf,,100101_19861103,
AL,Birmingham News,100101,1986,SCHOOL BOARD,,Jefferson County Board of Education,AL,"SMITH, JACQUELINE",Democrat,1,,,,ENDORSED FOR JEFFERSON COUNTY BOARD OF EDUCATION,0.95,,,,,pdf,,100101_19861103,
AL,Birmingham News,100101,1986,CNTY COMM,2,Shelby County Commission Place 2,AL,"DAVENPORT, HAROLD",Democrat,1,1,,,ENDORSED FOR SHELBY COUNTY COMMISSION,0.95,,,,,pdf,,100101_19861103,
AL,Birmingham News,100101,1986,CNTY COMM,4,Shelby County Commission Place 4,AL,"CHAMBERS, STEVE",Republican,1,,,,ENDORSED FOR SHELBY COUNTY COMMISSION,0.95,,,,,pdf,,100101_19861103,
AL,Birmingham News,100101,1986,SHERIFF,,Shelby County Sheriff,AL,"GLASGOW, BUDDY",Democrat,1,1,,,ENDORSED FOR SHELBY COUNTY SHERIFF,0.95,,,,,pdf,,100101_19861103,
AL,Birmingham News,100101,1986,DA/PROSECUTOR,,Shelby County District Attorney,AL,"WALDEN, HAROLD",Democrat,1,1,,,ENDORSED FOR SHELBY COUNTY DISTRICT ATTORNEY,0.95,,,,,pdf,,100101_19861103,
AL,Birmingham News,100101,1986,SCHOOL BOARD,1,Shelby County Board of Education Place 1,AL,"BAGLEY, SUSAN",Republican,1,,,,ENDORSED FOR SHELBY COUNTY BOARD OF EDUCATION,0.95,,,,,pdf,,100101_19861103,
AL,Birmingham News,100101,1986,SCHOOL BOARD,2,Shelby County Board of Education Place 2,AL,"FANCHER, BILL",Democrat,1,1,,,ENDORSED FOR SHELBY COUNTY BOARD OF EDUCATION,0.95,,,,,pdf,,100101_19861103,
AL,Birmingham News,100101,1988,PRESIDENT,,,AL,"BUSH, GEORGE",Republican,1,,,,A POSITIVE VOTE FOR BUSH - ENDORSED FOR PRESIDENT,0.95,,,,,pdf,,100101_19881106,
AL,Birmingham News,100101,1988,SUPREME COURT,,Alabama Supreme Court,AL,"HOUSTON, JOHN",Democrat,1,,,,ENDORSED FOR ALABAMA SUPREME COURT ROUND 11 FLAG: NOT FOUND IN 1988-11-06 OCR SUPREME COURT ENDORSEMENT LIST (1200DPI). MAY BE OVER-EXTRACTED OR FROM DIFFERENT SOURCE. CONFIDENCE LOWERED.,0.60,Position inferred from context,,,,pdf,,100101_19881106,
AL,Birmingham News,100101,1988,SUPREME COURT,,Alabama Supreme Court,AL,"MCCORMACK, MIKE",Republican,1,,,,ENDORSED FOR ALABAMA SUPREME COURT ROUND 11 FLAG: NOT FOUND IN 1988-11-06 OCR SUPREME COURT ENDORSEMENT LIST (1200DPI). MAY BE OVER-EXTRACTED OR FROM DIFFERENT SOURCE. CONFIDENCE LOWERED.,0.60,Position inferred from context,,,,pdf,,100101_19881106,
AL,Birmingham News,100101,1988,SUPREME COURT,,Alabama Supreme Court,AL,"LYON, JIM",Democrat,1,,,,ENDORSED FOR ALABAMA SUPREME COURT ROUND 11 FLAG: NOT FOUND IN 1988-11-06 OCR SUPREME COURT ENDORSEMENT LIST (1200DPI). MAY BE OVER-EXTRACTED OR FROM DIFFERENT SOURCE. CONFIDENCE LOWERED.,0.60,Position inferred from context,,,,pdf,,100101_19881106,
AL,Birmingham News,100101,1988,SUPREME COURT,,Alabama Supreme Court,AL,"RYAN, BILL",Republican,1,,,,ENDORSED FOR ALABAMA SUPREME COURT ROUND 11 FLAG: NOT FOUND IN 1988-11-06 OCR SUPREME COURT ENDORSEMENT LIST (1200DPI). MAY BE OVER-EXTRACTED OR FROM DIFFERENT SOURCE. CONFIDENCE LOWERED.,0.60,Position inferred from context,,,,pdf,,100101_19881106,
AL,Birmingham News,100101,1988,SUPREME COURT,3,Alabama Supreme Court,AL,"ADAMS, OSCAR W. JR.",Democrat,1,,,,"ENDORSED FOR ALABAMA SUPREME COURT ROUND 11 NAME+DIST FIX: WAS ""ADAMS, CHARLES""; OCR EXPLICIT ""ASSOCIATE JUSTICE, PLACE 3: OSCAR W. ADAMS JR.""",0.9,Position inferred from context,,,,pdf,,100101_19881106,
AL,Birmingham News,100101,1988,SUPREME COURT,,Alabama Supreme Court,AL,"EDMONDSON, ED",Democrat,1,,,,ENDORSED FOR ALABAMA SUPREME COURT ROUND 11 FLAG: NOT FOUND IN 1988-11-06 OCR SUPREME COURT ENDORSEMENT LIST (1200DPI). MAY BE OVER-EXTRACTED OR FROM DIFFERENT SOURCE. CONFIDENCE LOWERED.,0.60,Position inferred from context,,,,pdf,,100101_19881106,
AL,Birmingham News,100101,1988,SUPREME COURT,1,Alabama Supreme Court,AL,"MADDOX, HUGH",Republican,1,,,,"ENDORSED FOR ALABAMA SUPREME COURT ROUND 11 DIST ADD: OCR EXPLICIT ""ASSOCIATE JUSTICE, PLACE 1: HUGH MADDOX.""",0.9,Position inferred from context,,,,pdf,,100101_19881106,
AL,Birmingham News,100101,1988,SUPREME COURT,2,Alabama Supreme Court Associate Justice Place 2,AL,"KENNEDY, MARK",Democrat,1,,,,"ENDORSED FOR ALABAMA SUPREME COURT ROUND 11 DIST ADD: OCR EXPLICIT ""ASSOCIATE JUSTICE, PLACE 2: MARK [KENNEDY].""",0.9,Position inferred from context,,,,pdf,,100101_19881106,
AL,Birmingham News,100101,1988,COURT OF CRIMINAL APPEALS,,Alabama Court of Criminal Appeals,AL,"ROBERTSON, WILLIAM (BILL)",Democrat,1,,,,ENDORSED FOR ALABAMA COURT OF CRIMINAL APPEALS,0.9,Position inferred from context,,,,pdf,,100101_19881106,
AL,Birmingham News,100101,1988,PUBLIC SERVICE COMMISSION,,,AL,"SULLIVAN, JIM",Democrat,1,1,,,ENDORSED FOR PUBLIC SERVICE COMMISSION,0.95,,,,,pdf,,100101_19881106,
AL,Birmingham News,100101,1988,COURT OF APPEALS,,Alabama Court of Civil Appeals Place 1,AL,"MCCORMACK, MIKE",Republican,1,,,,ENDORSED FOR ALABAMA COURT OF CIVIL APPEALS,0.9,Position inferred from context,,,,pdf,,100101_19881106,
AL,Birmingham News,100101,1988,COURT OF APPEALS,,Alabama Court of Civil Appeals Place 2,AL,"WYATT, BILL",Democrat,1,,,,ENDORSED FOR ALABAMA COURT OF CIVIL APPEALS,0.9,Position inferred from context,,,,pdf,,100101_19881106,
AL,Birmingham News,100101,1988,COURT OF APPEALS,,Alabama Court of Civil Appeals Place 3,AL,"PRICE, MIKE",Democrat,1,,,,ENDORSED FOR ALABAMA COURT OF CIVIL APPEALS,0.9,Position inferred from context,,,,pdf,,100101_19881106,
AL,Birmingham News,100101,1988,JUDGE,,Circuit Court Judge Place 1,AL,"RUSS, SANDRA",Democrat,1,,,,ENDORSED FOR CIRCUIT COURT JUDGE,0.9,Position inferred from context,,,,pdf,,100101_19881106,
AL,Birmingham News,100101,1988,JUDGE,,District Court Judge Place 2,AL,"CHANEY, RAYMOND",Democrat,1,,,,ENDORSED FOR DISTRICT COURT JUDGE,0.9,Position inferred from context,,,,pdf,,100101_19881106,
AL,Birmingham News,100101,1990,SENATOR,,,AL,"CABANISS, BILL",Republican,1,,,,"U.S. SENATE ENDORSEMENT ROUND 3 NAME FIX: WAS BANATIS (OCR ARTIFACT); OCR EXPLICIT ""U.S. SENATE: BILL CABANISS."" PARTY FIX: CABANISS WAS R CHALLENGER TO D INCUMBENT HEFLIN IN 1990 AL SENATE RACE.",0.95,,,,,pdf,,100101_19901105,
AL,Birmingham News,100101,1990,LT GOVERNOR,,,AL,"FOLSOM JR., JIM",Democrat,1,,,,LT. GOVERNOR ENDORSEMENT,0.95,,,,,pdf,,100101_19901105,
AL,Birmingham News,100101,1990,ATTORNEY GENERAL,,,AL,"BACHUS, SPENCER",Republican,1,,,,ATTORNEY GENERAL ENDORSEMENT,0.95,,,,,pdf,,100101_19901105,
AL,Birmingham News,100101,1990,SEC OF STATE,,,AL,"HAND, PERRY",Republican,1,,,,SECRETARY OF STATE ENDORSEMENT,0.95,,,,,pdf,,100101_19901105,
AL,Birmingham News,100101,1990,AUDITOR,,,AL,"LEWIS, WILL",Republican,1,,,,STATE AUDITOR ENDORSEMENT,0.95,,,,,pdf,,100101_19901105,
AL,Birmingham News,100101,1990,AGRICULTURE COMMISSIONER,,,AL,"MCDONALD, STAN",Republican,1,,,,AGRICULTURE COMMISSIONER ENDORSEMENT,0.95,,,,,pdf,,100101_19901105,
AL,Birmingham News,100101,1990,PUBLIC SERVICE COMMISSION,1,,AL,"SANDERS, ROBERT L.",Democrat,1,,,,PSC PLACE 1 ENDORSEMENT,0.95,,,,,pdf,,100101_19901105,
AL,Birmingham News,100101,1990,PUBLIC SERVICE COMMISSION,2,,AL,"WALKER, CLIFF",Democrat,1,,,,"PSC PLACE 2 ENDORSEMENT ROUND 3 NAME FIX: WAS CLIFT; OCR EXPLICIT ""CLIFF WALKER.""",0.95,,,,,pdf,,100101_19901105,
AL,Birmingham News,100101,1990,COURT OF APPEALS,,,AL,"RUSSELL, ROBERT ""B.J.""",Democrat,1,,,,COURT OF CIVIL APPEALS ENDORSEMENT,0.95,,,,,pdf,,100101_19901105,
AL,Birmingham News,100101,1990,STATE REP,43,,AL,"BIDDLE III, JACK",Democrat,1,,,,STATE HOUSE DISTRICT 43,0.95,,,,,pdf,,100101_19901105,
AL,Birmingham News,100101,1990,STATE REP,44,,AL,"CLEMMONS, BARRY W.",Democrat,1,,,,STATE HOUSE DISTRICT 44,0.95,,,,,pdf,,100101_19901105,
AL,Birmingham News,100101,1990,STATE REP,47,,AL,"SANDERSON, ALLEN",Democrat,1,,,,STATE HOUSE DISTRICT 47,0.95,,,,,pdf,,100101_19901105,
AL,Birmingham News,100101,1990,STATE REP,49,,AL,"PETELOS, TONY",Republican,1,,,,STATE HOUSE DISTRICT 49,0.95,,,,,pdf,,100101_19901105,
AL,Birmingham News,100101,1990,STATE REP,50,,AL,"CURRY, JOHNNY",Republican,1,,,,STATE HOUSE DISTRICT 50,0.95,,,,,pdf,,100101_19901105,
AL,Birmingham News,100101,1990,STATE REP,51,,AL,"SEALE, GARY",Republican,1,,,,STATE HOUSE DISTRICT 51,0.95,,,,,pdf,,100101_19901105,
AL,Birmingham News,100101,1990,STATE REP,58,,AL,"BARNES, DAVID",Democrat,1,,,,STATE HOUSE DISTRICT 58,0.95,,,,,pdf,,100101_19901105,
AL,Birmingham News,100101,1990,STATE REP,59,,AL,"SPRATT SR., LEWIS",Democrat,1,,,,STATE HOUSE DISTRICT 59,0.95,,,,,pdf,,100101_19901105,
AL,Birmingham News,100101,1990,H,6,,AL,"ERDREICH, BEN",Democrat,1,,,,U.S. HOUSE 6TH DISTRICT,0.95,,,,,pdf,,100101_19901105,
AL,Birmingham News,100101,1990,H,7,,AL,"HARRIS, CLAUDE",Democrat,1,,,,U.S. HOUSE 7TH DISTRICT,0.95,,,,,pdf,,100101_19901105,
AL,Birmingham News,100101,1990,STATE SENATOR,14,,AL,"ELLIS, FRANK C. ""BUTCH""",Republican,1,,,,STATE SENATE DISTRICT 14,0.95,,,,,pdf,,100101_19901105,
AL,Birmingham News,100101,1990,STATE SENATOR,15,,AL,"AMARI, JOHN",Republican,1,,,,STATE SENATE DISTRICT 15,0.95,,,,,pdf,,100101_19901105,
AL,Birmingham News,100101,1990,STATE SENATOR,17,,AL,"PARSONS, MAC",Democrat,1,,,,STATE SENATE DISTRICT 17,0.95,,,,,pdf,,100101_19901105,
AL,Birmingham News,100101,1990,STATE BOARD OF ED,4,,AL,"HALL, ETHEL",Democrat,1,,,,STATE BOARD OF EDUCATION DISTRICT 4,0.95,,,,,pdf,,100101_19901105,
AL,Birmingham News,100101,1990,STATE BOARD OF ED,6,,AL,"COLLINS, BETTYE FINE",Republican,1,,,,STATE BOARD OF EDUCATION DISTRICT 6,0.95,,,,,pdf,,100101_19901105,
AL,Birmingham News,100101,1990,CNTY COMM,1,Jefferson County,AL,"GERMANY, JEFF",Democrat,1,,,,JEFFERSON COUNTY COMMISSION DISTRICT 1,0.95,,,,,pdf,,100101_19901105,
AL,Birmingham News,100101,1990,CNTY COMM,3,Jefferson County,AL,"BUCKELEW, MARY",Democrat,1,,,,JEFFERSON COUNTY COMMISSION DISTRICT 3,0.95,,,,,pdf,,100101_19901105,
AL,Birmingham News,100101,1990,CNTY COMM,4,Jefferson County,AL,"GUNTER, JIM",Democrat,1,,,,JEFFERSON COUNTY COMMISSION DISTRICT 4,0.95,,,,,pdf,,100101_19901105,
AL,Birmingham News,100101,1990,JUDGE,,Jefferson County,AL,"MARTIN, MARK",Democrat,1,,,,JEFFERSON COUNTY CIRCUIT JUDGE,0.95,,,,,pdf,,100101_19901105,
AL,Birmingham News,100101,1990,JUDGE,,Jefferson County,AL,"HALL, O.Z.",Democrat,1,,,,JEFFERSON COUNTY TAX COLLECTOR,0.95,,,,,pdf,,100101_19901105,
AL,Birmingham News,100101,1990,JUDGE,,Jefferson County,AL,"CRIM, CHARLES",Democrat,1,,,,JEFFERSON COUNTY TAX ASSESSOR,0.95,,,,,pdf,,100101_19901105,
AL,Birmingham News,100101,1990,CNTY COMM,2,Shelby County,AL,"ARMSTRONG, DON",Democrat,1,,,,SHELBY COUNTY COMMISSION DISTRICT 2,0.95,,,,,pdf,,100101_19901105,
AL,Birmingham News,100101,1990,CNTY COMM,4,Shelby County,AL,"ARCHER, LEON",Democrat,1,,,,SHELBY COUNTY COMMISSION DISTRICT 4,0.95,,,,,pdf,,100101_19901105,
AL,Birmingham News,100101,1990,JUDGE,,Shelby County,AL,"JACKSON, RON",Democrat,1,,,,SHELBY COUNTY DISTRICT JUDGE,0.95,,,,,pdf,,100101_19901105,
AL,Birmingham News,100101,1990,JUDGE,,Shelby County,AL,"REYNOLDS, BOBBY",Democrat,1,,,,SHELBY COUNTY TAX ASSESSOR,0.95,,,,,pdf,,100101_19901105,
AL,Birmingham News,100101,1990,JUDGE,,Shelby County,AL,"THOMPSON, BILLY C.",Democrat,1,,,,SHELBY COUNTY CORONER,0.95,,,,,pdf,,100101_19901105,
AL,Birmingham News,100101,1992,PRESIDENT,,,AL,"BUSH, GEORGE",Republican,1,,1,,PRESIDENTIAL ENDORSEMENT,0.95,,,,,pdf,,100101_19921102,
AL,Birmingham News,100101,1992,SENATOR,,,AL,"SHELBY, RICHARD",Democrat,1,1,,,U.S. SENATE ENDORSEMENT; SHELBY WAS STILL A DEMOCRAT IN 1992 AND DID NOT SWITCH TO REPUBLICAN UNTIL NOVEMBER 1994,0.95,,,,,pdf,,100101_19921102,
AL,Birmingham News,100101,1992,H,6,,AL,"BACHUS, SPENCER",Republican,1,,,,U.S. HOUSE DISTRICT 6,0.95,,,,,pdf,,100101_19921102,
AL,Birmingham News,100101,1992,H,7,,AL,"LEWIS, DR. JAMES",Independent,1,,,,U.S. HOUSE DISTRICT 7,0.95,,,,,pdf,,100101_19921102,
AL,Birmingham News,100101,1992,H,3,,AL,"BROWDER, GLEN",Democrat,1,1,,,U.S. HOUSE DISTRICT 3,0.95,,,,,pdf,,100101_19921102,
AL,Birmingham News,100101,1992,H,4,,AL,"BEVILL, TOM",Democrat,1,1,,,U.S. HOUSE DISTRICT 4,0.95,,,,,pdf,,100101_19921102,
AL,Birmingham News,100101,1992,SUPREME COURT,1,,AL,"ALMON, R.P.",Democrat,1,,,,ALABAMA SUPREME COURT PLACE 1,0.95,,,,,pdf,,100101_19921102,
AL,Birmingham News,100101,1992,SUPREME COURT,2,,AL,"SHORES, JANIE",Democrat,1,,,,ALABAMA SUPREME COURT PLACE 2,0.95,,,,,pdf,,100101_19921102,
AL,Birmingham News,100101,1992,SUPREME COURT,3,,AL,"HOUSTON, GORMAN",Democrat,1,,,,ALABAMA SUPREME COURT PLACE 3,0.95,,,,,pdf,,100101_19921102,
AL,Birmingham News,100101,1992,COURT OF APPEALS,,,AL,"RUSSELL, B.J.",Democrat,1,,,,ALABAMA CIVIL APPEALS COURT,0.95,,,,,pdf,,100101_19921102,
AL,Birmingham News,100101,1992,PUBLIC SERVICE COMMISSION,,,AL,"SULLIVAN, JIM",Democrat,1,,,,PSC PRESIDENT ENDORSEMENT,0.95,,,,,pdf,,100101_19921102,
AL,Birmingham News,100101,1992,JUDGE,3,Jefferson County,AL,"SMITHERMAN, CAROLE",Democrat,1,,,,JEFFERSON COUNTY CIRCUIT JUDGE PLACE 3,0.95,,,,,pdf,,100101_19921102,
AL,Birmingham News,100101,1992,JUDGE,23,Jefferson County,AL,"PATE, GARY",Democrat,1,,,,JEFFERSON COUNTY CIRCUIT JUDGE PLACE 23,0.95,,,,,pdf,,100101_19921102,
AL,Birmingham News,100101,1992,TREASURER,,Jefferson County,AL,"DOMINICK, CHARLOTTE LANE",Democrat,1,,,,JEFFERSON COUNTY TREASURER,0.95,,,,,pdf,,100101_19921102,
AL,Birmingham News,100101,1992,TREASURER,,Jefferson County,AL,"BRITTON, DORIS H.",Democrat,1,,,,JEFFERSON COUNTY DEPUTY TREASURER,0.95,,,,,pdf,,100101_19921102,
AL,Birmingham News,100101,1992,SCHOOL BOARD,,Jefferson County,AL,"SURTEES, TOM",Democrat,1,,,,JEFFERSON COUNTY BOARD OF EDUCATION,0.95,,,,,pdf,,100101_19921102,
AL,Birmingham News,100101,1992,CNTY COMM,1,Shelby County,AL,"THOMPSON, BILLY",Democrat,1,,,,SHELBY COUNTY COMMISSION DISTRICT 1,0.95,,,,,pdf,,100101_19921102,
AL,Birmingham News,100101,1992,CNTY COMM,2,Shelby County,AL,"DAILEY, GEORGE",Democrat,1,,,,SHELBY COUNTY COMMISSION DISTRICT 2,0.95,,,,,pdf,,100101_19921102,
AL,Birmingham News,100101,1992,CNTY COMM,3,Shelby County,AL,"TEDFORD, SUE",Democrat,1,,,,SHELBY COUNTY COMMISSION DISTRICT 3,0.95,,,,,pdf,,100101_19921102,
AL,Birmingham News,100101,1992,CNTY COMM,8,Shelby County,AL,"ARCHER, LEON",Democrat,1,,,,SHELBY COUNTY COMMISSION DISTRICT 8,0.95,,,,,pdf,,100101_19921102,
AL,Birmingham News,100101,1994,GOVERNOR,,,AL,"FOLSOM JR., JIM",Democrat,1,1,,,GUBERNATORIAL ENDORSEMENT,0.95,,,,,pdf,,100101_19941107,
AL,Birmingham News,100101,1994,LT GOVERNOR,,,AL,"GRADDICK, CHARLIE",Republican,1,,,,LIEUTENANT GOVERNOR ENDORSEMENT,0.95,,,,,pdf,,100101_19941107,
AL,Birmingham News,100101,1994,ATTORNEY GENERAL,,,AL,"SESSIONS, JEFF",Republican,1,,,,ATTORNEY GENERAL ENDORSEMENT,0.95,,,,,pdf,,100101_19941107,
AL,Birmingham News,100101,1994,TREASURER,,,AL,"MARTIN, JIM",Democrat,1,,,,STATE TREASURER ENDORSEMENT,0.95,,,,,pdf,,100101_19941107,
AL,Birmingham News,100101,1994,AUDITOR,,,AL,"DUNCAN, PAT",Republican,1,,,,STATE AUDITOR ENDORSEMENT,0.95,,,,,pdf,,100101_19941107,
AL,Birmingham News,100101,1994,STATE SENATOR,5,,AL,"WILSON, BOB",Democrat,1,,,,STATE SENATE DISTRICT 5,0.95,,,,,pdf,,100101_19941107,
AL,Birmingham News,100101,1994,STATE SENATOR,14,,AL,"ARMISTEAD, BILL",Republican,1,,,,"STATE SENATE DISTRICT 18 ROUND 2 DIST FIX: WAS dist=18 (CONFUSED WITH SMITHERMAN); OCR EXPLICIT ""DISTRICT 14: BILL ARMISTEAD."" ROUND 9 PARTY FIX: WAS Democrat; CROSS-YEAR + HISTORICAL CONFIRM Republican.",0.95,,,,,pdf,,100101_19941107,
AL,Birmingham News,100101,1994,STATE SENATOR,18,,AL,"SMITHERMAN, RODGER",Democrat,1,,,,STATE SENATE DISTRICT 18,0.95,,,,,pdf,,100101_19941107,
AL,Birmingham News,100101,1994,STATE REP,15,,AL,"CURRY, JOHNNY",Democrat,1,,,,"STATE SENATE DISTRICT 15 ROUND 2 OFFICE FIX: WAS STATE SENATOR; OCR EXPLICIT ""STATE HOUSE DISTRICT 15: JOHNNY CURRY.""",0.95,,,,,pdf,,100101_19941107,
AL,Birmingham News,100101,1994,STATE REP,40,,AL,"KNIGHT, AL",Republican,1,,,,STATE HOUSE DISTRICT 40,0.95,,,,,pdf,,100101_19941107,
AL,Birmingham News,100101,1994,STATE REP,42,,AL,"SMITH, CURTIS",Democrat,1,,,,STATE HOUSE DISTRICT 42,0.95,,,,,pdf,,100101_19941107,
AL,Birmingham News,100101,1994,STATE REP,43,,AL,"SANDERSON, ALLEN",Democrat,1,,,,STATE HOUSE DISTRICT 43,0.95,,,,,pdf,,100101_19941107,
AL,Birmingham News,100101,1994,STATE REP,46,,AL,"CARNS, JIM",Republican,1,,,,STATE HOUSE DISTRICT 46,0.95,,,,,pdf,,100101_19941107,
AL,Birmingham News,100101,1994,STATE REP,48,,AL,"HAWKINS, JOHN",Republican,1,,,,STATE HOUSE DISTRICT 48,0.95,,,,,pdf,,100101_19941107,
AL,Birmingham News,100101,1994,STATE REP,50,,AL,"TOWNSEND, JIM",Republican,1,,,,STATE HOUSE DISTRICT 50,0.95,,,,,pdf,,100101_19941107,
AL,Birmingham News,100101,1994,STATE REP,51,,AL,"PETELOS, TONY",Republican,1,,,,STATE HOUSE DISTRICT 51,0.95,,,,,pdf,,100101_19941107,
AL,Birmingham News,100101,1994,STATE REP,53,,AL,"NEWTON, DEMETRIUS",Democrat,1,,,,STATE HOUSE DISTRICT 53,0.95,,,,,pdf,,100101_19941107,
AL,Birmingham News,100101,1994,STATE REP,54,,AL,"PERDUE, GEORGE",Democrat,1,,,,STATE HOUSE DISTRICT 54,0.95,,,,,pdf,,100101_19941107,
AL,Birmingham News,100101,1994,STATE REP,55,,AL,"MINNIFIELD, WARREN",Democrat,1,,,,STATE HOUSE DISTRICT 55,0.95,,,,,pdf,,100101_19941107,
AL,Birmingham News,100101,1994,STATE REP,58,,AL,"JOHNSON, ERNEST",Democrat,1,,,,STATE HOUSE DISTRICT 58,0.95,,,,,pdf,,100101_19941107,
AL,Birmingham News,100101,1994,STATE REP,60,,AL,"KINCAID, BERNARD",Independent,1,,,,STATE HOUSE DISTRICT 60,0.95,,,,,pdf,,100101_19941107,
AL,Birmingham News,100101,1994,SUPREME COURT,,,AL,"HORNSBY, SONNY",Democrat,1,,,,CHIEF JUSTICE SUPREME COURT,0.95,,,,,pdf,,100101_19941107,
AL,Birmingham News,100101,1994,SUPREME COURT,2,,AL,"SEE, HAROLD",Democrat,1,,,,SUPREME COURT PLACE 2,0.95,,,,,pdf,,100101_19941107,
AL,Birmingham News,100101,1994,SUPREME COURT,3,,AL,"COOK, RALPH",Democrat,1,,,,SUPREME COURT PLACE 3,0.95,,,,,pdf,,100101_19941107,
AL,Birmingham News,100101,1994,SUPREME COURT,4,,AL,"RUSSELL, B.J.",Democrat,1,,,,SUPREME COURT PLACE 4,0.95,,,,,pdf,,100101_19941107,
AL,Birmingham News,100101,1994,COURT OF APPEALS,3,,AL,"TURNER, WALTER",Democrat,1,,,,COURT OF CIVIL APPEALS PLACE 3,0.95,,,,,pdf,,100101_19941107,
AL,Birmingham News,100101,1994,COURT OF CRIMINAL APPEALS,1,,AL,"BOWEN, BILL",Democrat,1,,,,COURT OF CRIMINAL APPEALS PLACE 1,0.95,,,,,pdf,,100101_19941107,
AL,Birmingham News,100101,1994,COURT OF CRIMINAL APPEALS,2,,AL,"COBB, SUE BELL",Democrat,1,,,,COURT OF CRIMINAL APPEALS PLACE 2,0.95,,,,,pdf,,100101_19941107,
AL,Birmingham News,100101,1994,AGRICULTURE COMMISSIONER,,,AL,"THOMPSON, JACK",Republican,1,,,,AGRICULTURE COMMISSIONER,0.95,,,,,pdf,,100101_19941107,
AL,Birmingham News,100101,1994,PUBLIC SERVICE COMMISSION,1,,AL,"HELMS, LEE",Democrat,1,,,,PUBLIC SERVICE COMMISSION PLACE 1,0.95,,,,,pdf,,100101_19941107,
AL,Birmingham News,100101,1994,STATE BOARD OF ED,4,,AL,"HALL, ETHEL",Democrat,1,,,,STATE BOARD OF EDUCATION DISTRICT 4,0.95,,,,,pdf,,100101_19941107,
AL,Birmingham News,100101,1994,STATE BOARD OF ED,6,,AL,"BYERS, DAVID",Republican,1,,,,STATE BOARD OF EDUCATION DISTRICT 6,0.95,,,,,pdf,,100101_19941107,
AL,Birmingham News,100101,1994,STATE BOARD OF ED,7,,AL,"RAY, SANDRA",Democrat,1,,,,STATE BOARD OF EDUCATION DISTRICT 7,0.95,,,,,pdf,,100101_19941107,
AL,Birmingham News,100101,1994,H,3,,AL,"BROWDER, GLEN",Democrat,1,,,,U.S. HOUSE DISTRICT 3,0.95,,,,,pdf,,100101_19941107,
AL,Birmingham News,100101,1994,H,6,,AL,"BACHUS, SPENCER",Republican,1,,,,U.S. HOUSE DISTRICT 6,0.95,,,,,pdf,,100101_19941107,
AL,Birmingham News,100101,1994,H,7,,AL,"HILLIARD, EARL",Democrat,1,,,,U.S. HOUSE DISTRICT 7,0.95,,,,,pdf,,100101_19941107,
AL,Birmingham News,100101,1994,JUDGE,5,Jefferson County,AL,"VERIN, ANNETTA H.",Democrat,1,,,,JEFFERSON COUNTY CIRCUIT JUDGE PLACE 5,0.95,,,,,pdf,,100101_19941107,
AL,Birmingham News,100101,1994,JUDGE,6,Jefferson County,AL,"VOWELL, SCOTT",Democrat,1,,,,JEFFERSON COUNTY CIRCUIT JUDGE PLACE 6,0.95,,,,,pdf,,100101_19941107,
AL,Birmingham News,100101,1994,JUDGE,7,Jefferson County,AL,"MCCORMICK, MIKE",Democrat,1,,,,JEFFERSON COUNTY CIRCUIT JUDGE PLACE 7,0.95,,,,,pdf,,100101_19941107,
AL,Birmingham News,100101,1994,JUDGE,8,Jefferson County,AL,"SMALLWOOD JR., T.M.",Democrat,1,,,,JEFFERSON COUNTY CIRCUIT JUDGE PLACE 8,0.95,,,,,pdf,,100101_19941107,
AL,Birmingham News,100101,1994,JUDGE,13,Jefferson County,AL,"OGLE, RICHARD",Democrat,1,,,,JEFFERSON COUNTY CIRCUIT JUDGE PLACE 13,0.95,,,,,pdf,,100101_19941107,
AL,Birmingham News,100101,1994,JUDGE,14,Jefferson County,AL,"CARL, JACK D.",Democrat,1,,,,JEFFERSON COUNTY CIRCUIT JUDGE PLACE 14,0.95,,,,,pdf,,100101_19941107,
AL,Birmingham News,100101,1994,JUDGE,4,Jefferson County,AL,"HUGHES, R.O.",Democrat,1,,,,JEFFERSON COUNTY DISTRICT JUDGE PLACE 4,0.95,,,,,pdf,,100101_19941107,
AL,Birmingham News,100101,1994,JUDGE,6,Jefferson County,AL,"CAHILL, BOB",Democrat,1,,,,JEFFERSON COUNTY DISTRICT JUDGE PLACE 6,0.95,,,,,pdf,,100101_19941107,
AL,Birmingham News,100101,1994,JUDGE,7,Jefferson County,AL,"CRUSE, DON",Democrat,1,,,,JEFFERSON COUNTY DISTRICT JUDGE PLACE 7,0.95,,,,,pdf,,100101_19941107,
AL,Birmingham News,100101,1994,JUDGE,9,Jefferson County,AL,"BROWN, QUENTIN",Democrat,1,,,,JEFFERSON COUNTY DISTRICT JUDGE PLACE 9,0.95,,,,,pdf,,100101_19941107,
AL,Birmingham News,100101,1994,SHERIFF,,Jefferson County,AL,"BAILEY, MEL",Democrat,1,,,,JEFFERSON COUNTY SHERIFF,0.95,,,,,pdf,,100101_19941107,
AL,Birmingham News,100101,1994,SCHOOL BOARD,,Jefferson County Board of Education,AL,"CATER, DR. RONALD",Democrat,1,,,,JEFFERSON COUNTY BOARD OF EDUCATION ROUND 2 OFFICE FIX: WAS STATE BOARD OF ED; OCR PLACES THEM UNDER JEFFERSON COUNTY RACES.,0.95,,,,,pdf,,100101_19941107,
AL,Birmingham News,100101,1994,SCHOOL BOARD,,Jefferson County Board of Education,AL,"DAVIDSON, JACKIE",Democrat,1,,,,JEFFERSON COUNTY BOARD OF EDUCATION ROUND 2 OFFICE FIX: WAS STATE BOARD OF ED; OCR PLACES THEM UNDER JEFFERSON COUNTY RACES.,0.95,,,,,pdf,,100101_19941107,
AL,Birmingham News,100101,1994,SHERIFF,,Shelby County,AL,"JONES, JAMES",Democrat,1,,,,"SHELBY COUNTY SHERIFF ROUND 4 DNAME ADD: OCR PLACES UNDER ""SHELBY COUNTY RACES"" SECTION.",0.95,,,,,pdf,,100101_19941107,
AL,Birmingham News,100101,1994,SUPERINTENDENT,,Shelby County,AL,"GLASSCOX, ELLIE",Democrat,1,,,,"SHELBY COUNTY SCHOOL SUPERINTENDENT ROUND 4 DNAME ADD: OCR PLACES UNDER ""SHELBY COUNTY RACES"" SECTION.",0.95,,,,,pdf,,100101_19941107,
AL,Birmingham News,100101,1994,SCHOOL BOARD,,Shelby County,AL,"MARTIN, STEVE",Democrat,1,,,,"SHELBY COUNTY BOARD OF EDUCATION ROUND 4 DNAME ADD: OCR PLACES UNDER ""SHELBY COUNTY RACES"" SECTION.",0.95,,,,,pdf,,100101_19941107,
AL,Birmingham News,100101,1996,PRESIDENT,,,AL,"DOLE, BOB",Republican,1,,,,PRESIDENTIAL ENDORSEMENT,0.95,,,,,pdf,,100101_19961104,
AL,Birmingham News,100101,1996,SENATOR,,,AL,"SESSIONS, JEFF",Republican,1,,,,U.S. SENATE ENDORSEMENT,0.95,,,,,pdf,,100101_19961104,
AL,Birmingham News,100101,1996,H,3,,AL,"LITTLE, TED",Democrat,1,,,,U.S. HOUSE DISTRICT 3,0.95,,,,,pdf,,100101_19961104,
AL,Birmingham News,100101,1996,H,4,,AL,"ADERHOLT, ROBERT",Republican,1,,,,U.S. HOUSE DISTRICT 4,0.95,,,,,pdf,,100101_19961104,
AL,Birmingham News,100101,1996,H,6,,AL,"BACHUS, SPENCER",Republican,1,,,,U.S. HOUSE DISTRICT 6,0.95,,,,,pdf,,100101_19961104,
AL,Birmingham News,100101,1996,H,7,,AL,"POWELL, JOE",Democrat,1,,,,U.S. HOUSE DISTRICT 7,0.95,,,,,pdf,,100101_19961104,
AL,Birmingham News,100101,1996,SUPREME COURT,,,AL,"SEE, HAROLD",Democrat,1,,,,ALABAMA SUPREME COURT ENDORSEMENT,0.95,,,,,pdf,,100101_19961104,
AL,Birmingham News,100101,1996,COURT OF CRIMINAL APPEALS,1,,AL,"MCMILLAN, H.W. ""BUCKY""",Democrat,1,,,,ALABAMA CRIMINAL APPEALS COURT PLACE 1,0.95,,,,,pdf,,100101_19961104,
AL,Birmingham News,100101,1996,COURT OF CRIMINAL APPEALS,2,,AL,"BASCHAB, PAMELA",Democrat,1,,,,ALABAMA CRIMINAL APPEALS COURT PLACE 2,0.95,,,,,pdf,,100101_19961104,
AL,Birmingham News,100101,1996,COURT OF CRIMINAL APPEALS,3,,AL,"SORRELLS, TOM",Democrat,1,,,,ALABAMA CRIMINAL APPEALS COURT PLACE 3,0.95,,,,,pdf,,100101_19961104,
AL,Birmingham News,100101,1996,COURT OF APPEALS,,,AL,"THIGPEN, CHARLES",Democrat,1,,,,ALABAMA CIVIL APPEALS ENDORSEMENT,0.95,,,,,pdf,,100101_19961104,
AL,Birmingham News,100101,1996,PUBLIC SERVICE COMMISSION,,,AL,"SULLIVAN, JIM",Democrat,1,,,,PUBLIC SERVICE COMMISSION ENDORSEMENT,0.95,,,,,pdf,,100101_19961104,
AL,Birmingham News,100101,1996,SCHOOL BOARD,,Jefferson County Board of Education,AL,"LOTT, DAVID",Democrat,1,,,,JEFFERSON COUNTY BOARD OF EDUCATION ROUND 3 OFFICE FIX: WAS JUDGE; OCR PLACES UNDER SCHOOL BOARD.,0.95,,,,,pdf,,100101_19961104,
AL,Birmingham News,100101,1996,TAX ASSESSOR,,Jefferson County,AL,"CRIM, CHARLES ""CHARLIE""",Democrat,1,,,,JEFFERSON COUNTY TAX ASSESSOR ROUND 3 OFFICE FIX: WAS JUDGE; OCR PLACES UNDER TAX ASSESSOR.,0.95,,,,,pdf,,100101_19961104,
AL,Birmingham News,100101,1996,TAX ASSESSOR,,Jefferson County (Assistant),AL,"TUCKER, KAREN S.",Democrat,1,,,,JEFFERSON COUNTY ASSISTANT TAX ASSESSOR ROUND 3 OFFICE FIX: WAS JUDGE; OCR PLACES UNDER TAX ASSESSOR.,0.95,,,,,pdf,,100101_19961104,
AL,Birmingham News,100101,1996,TAX COLLECTOR,,Jefferson County,AL,"WILLIAMS, JACK",Democrat,1,,,,JEFFERSON COUNTY TAX COLLECTOR ROUND 3 OFFICE FIX: WAS JUDGE; OCR PLACES UNDER TAX COLLECTOR.,0.95,,,,,pdf,,100101_19961104,
AL,Birmingham News,100101,1996,TAX COLLECTOR,,Jefferson County (Assistant),AL,"VINES, EDDIE",Democrat,1,,,,JEFFERSON COUNTY ASSISTANT TAX COLLECTOR ROUND 3 OFFICE FIX: WAS JUDGE; OCR PLACES UNDER TAX COLLECTOR.,0.95,,,,,pdf,,100101_19961104,
AL,Birmingham News,100101,1996,TREASURER,,Jefferson County,AL,"STEPHENSON, BARRY",Democrat,1,,,,JEFFERSON COUNTY TREASURER ROUND 3 OFFICE FIX: WAS JUDGE; OCR PLACES UNDER TREASURER.,0.95,,,,,pdf,,100101_19961104,
AL,Birmingham News,100101,1996,TREASURER,,Jefferson County (Deputy),AL,"BRITTON, DORIS H.",Democrat,1,,,,JEFFERSON COUNTY DEPUTY TREASURER ROUND 3 OFFICE FIX: WAS JUDGE; OCR PLACES UNDER TREASURER.,0.95,,,,,pdf,,100101_19961104,
AL,Birmingham News,100101,1996,CNTY COMM,2,Shelby County,AL,"DAILEY, GEORGE",Democrat,1,,,,SHELBY COUNTY COMMISSION DISTRICT 2,0.95,,,,,pdf,,100101_19961104,
AL,Birmingham News,100101,1996,CNTY COMM,9,Shelby County,AL,"ARMSTRONG, DON",Democrat,1,,,,SHELBY COUNTY COMMISSION DISTRICT 9,0.95,,,,,pdf,,100101_19961104,
AL,Birmingham News,100101,1998,LT GOVERNOR,,,AL,"WINDOM, STEVE",Republican,1,,,,LIEUTENANT GOVERNOR ENDORSEMENT,0.95,,,,,pdf,,100101_19981102,
AL,Birmingham News,100101,1998,SENATOR,,,AL,"SHELBY, RICHARD",Republican,1,,1,,U.S. SENATE ENDORSEMENT,0.95,,,,,pdf,,100101_19981102,
AL,Birmingham News,100101,1998,H,3,,AL,"RILEY, BOB",Republican,1,,,,U.S. HOUSE DISTRICT 3,0.95,,,,,pdf,,100101_19981102,
AL,Birmingham News,100101,1998,H,4,,AL,"ADERHOLT, ROBERT",Republican,1,,,,U.S. HOUSE DISTRICT 4,0.95,,,,,pdf,,100101_19981102,
AL,Birmingham News,100101,1998,H,6,,AL,"BACHUS, SPENCER",Republican,1,,,,U.S. HOUSE DISTRICT 6,0.95,,,,,pdf,,100101_19981102,
AL,Birmingham News,100101,1998,ATTORNEY GENERAL,,,AL,"PRYOR, BILL",Republican,1,,,,ATTORNEY GENERAL ENDORSEMENT,0.95,,,,,pdf,,100101_19981102,
AL,Birmingham News,100101,1998,STATE SENATOR,5,,AL,"LEE, CURT",Democrat,1,,,,STATE SENATE DISTRICT 5,0.95,,,,,pdf,,100101_19981102,
AL,Birmingham News,100101,1998,STATE SENATOR,14,,AL,"ARMISTEAD, BILL",Republican,1,,,,STATE SENATE DISTRICT 14,0.95,,,,,pdf,,100101_19981102,
AL,Birmingham News,100101,1998,STATE SENATOR,16,,AL,"WAGGONER, J.T. ""JABO""",Republican,1,,,,STATE SENATE DISTRICT 16,0.95,,,,,pdf,,100101_19981102,
AL,Birmingham News,100101,1998,STATE SENATOR,20,,AL,"ESCOTT, SUNDRA",Democrat,1,,,,"STATE SENATE DISTRICT 20 ROUND 2 NAME FIX: WAS SCOTT, SUNDRA; OCR EXPLICIT ""SUNDRA ESCOTT.""",0.95,,,,,pdf,,100101_19981102,
AL,Birmingham News,100101,1998,STATE REP,42,,AL,"MARTIN, JIMMY",Democrat,1,,,,STATE HOUSE DISTRICT 42,0.95,,,,,pdf,,100101_19981102,
AL,Birmingham News,100101,1998,STATE REP,51,,AL,"HUMPHRYES, BOBBY",Republican,1,,,,STATE HOUSE DISTRICT 51,0.95,,,,,pdf,,100101_19981102,
AL,Birmingham News,100101,1998,STATE REP,54,,AL,"PERDUE, GEORGE",Democrat,1,,,,STATE HOUSE DISTRICT 54,0.95,,,,,pdf,,100101_19981102,
AL,Birmingham News,100101,1998,STATE REP,55,,AL,"MAJOR, ERIC",Democrat,1,,,,STATE HOUSE DISTRICT 55,0.95,,,,,pdf,,100101_19981102,
AL,Birmingham News,100101,1998,STATE REP,60,,AL,"HILLIARD, JOHN",Democrat,1,,,,STATE HOUSE DISTRICT 60,0.95,,,,,pdf,,100101_19981102,
AL,Birmingham News,100101,1998,SUPREME COURT,1,,AL,"BROWN, JEAN",Democrat,1,,,,SUPREME COURT PLACE 1,0.95,,,,,pdf,,100101_19981102,
AL,Birmingham News,100101,1998,SUPREME COURT,2,,AL,"HOUSTON, GORMAN",Democrat,1,,,,SUPREME COURT PLACE 2,0.95,,,,,pdf,,100101_19981102,
AL,Birmingham News,100101,1998,SUPREME COURT,3,,AL,"MURDOCK, GLENN",Democrat,1,,,,SUPREME COURT PLACE 3,0.95,,,,,pdf,,100101_19981102,
AL,Birmingham News,100101,1998,COURT OF APPEALS,,,AL,"YATES, SHARON",Democrat,1,,,,CIVIL APPEALS PLACE 1,0.95,,,,,pdf,,100101_19981102,
AL,Birmingham News,100101,1998,SEC OF STATE,,,AL,"BENNETT, JIM",Republican,1,,,,SECRETARY OF STATE,0.95,,,,,pdf,,100101_19981102,
AL,Birmingham News,100101,1998,TREASURER,,,AL,"BAXLEY, LUCY",Democrat,1,,,,STATE TREASURER,0.95,,,,,pdf,,100101_19981102,
AL,Birmingham News,100101,1998,AUDITOR,,,AL,"PARKER, SUSAN D.",Democrat,1,,,,STATE AUDITOR,0.95,,,,,pdf,,100101_19981102,
AL,Birmingham News,100101,1998,AGRICULTURE COMMISSIONER,,,AL,"THOMPSON, JACK",Republican,1,,,,AGRICULTURE COMMISSIONER,0.95,,,,,pdf,,100101_19981102,
AL,Birmingham News,100101,1998,PUBLIC SERVICE COMMISSION,1,,AL,"WISE, KELLI",Democrat,1,,,,PUBLIC SERVICE COMMISSION PLACE 1,0.95,,,,,pdf,,100101_19981102,
AL,Birmingham News,100101,1998,PUBLIC SERVICE COMMISSION,2,,AL,"WALLACE JR., GEORGE",Democrat,1,,,,PUBLIC SERVICE COMMISSION PLACE 2,0.95,,,,,pdf,,100101_19981102,
AL,Birmingham News,100101,1998,STATE BOARD OF ED,4,,AL,"HALL, ETHEL",Democrat,1,,,,STATE BOARD OF EDUCATION DISTRICT 4,0.95,,,,,pdf,,100101_19981102,
AL,Birmingham News,100101,1998,STATE BOARD OF ED,6,,AL,"BYERS, DAVID",Republican,1,,,,STATE BOARD OF EDUCATION DISTRICT 6,0.95,,,,,pdf,,100101_19981102,
AL,Birmingham News,100101,1998,CNTY COMM,5,Jefferson County,AL,"WHITE, GARY",Republican,1,,,,JEFFERSON COUNTY COMMISSION PLACE 5 ROUND 9 PARTY FIX: WAS Democrat; CROSS-YEAR + HISTORICAL CONFIRM Republican.,0.95,,,,,pdf,,100101_19981102,
AL,Birmingham News,100101,1998,SHERIFF,,Jefferson County,AL,"WOODWARD, JIM",Democrat,1,,,,JEFFERSON COUNTY SHERIFF,0.95,,,,,pdf,,100101_19981102,
AL,Birmingham News,100101,1998,JUDGE,19,Jefferson County,AL,"PARSONS, MAC",Democrat,1,,,,JEFFERSON COUNTY CIRCUIT COURT PLACE 19,0.95,,,,,pdf,,100101_19981102,
AL,Birmingham News,100101,1998,JUDGE,24,Jefferson County,AL,"MAY, EDWARD E.",Democrat,1,,,,JEFFERSON COUNTY CIRCUIT COURT PLACE 24,0.95,,,,,pdf,,100101_19981102,
AL,Birmingham News,100101,1998,JUDGE,25,Jefferson County,AL,"VERIN, EUGENE",Democrat,1,,,,JEFFERSON COUNTY CIRCUIT COURT PLACE 25,0.95,,,,,pdf,,100101_19981102,
AL,Birmingham News,100101,1998,JUDGE,26,Jefferson County,AL,"VINSON, VIRGINIA",Democrat,1,,,,JEFFERSON COUNTY CIRCUIT COURT PLACE 26,0.95,,,,,pdf,,100101_19981102,
AL,Birmingham News,100101,1998,JUDGE,2,Jefferson County District Court,AL,"JOHNSON, O.L. ""PETE""",Democrat,1,,,,JEFFERSON COUNTY DISTRICT COURT PLACE 2,0.95,,,,,pdf,,100101_19981102,
AL,Birmingham News,100101,1998,SCHOOL BOARD,,Jefferson County,AL,"SMITH, JACQUELINE A.",Democrat,1,,,,JEFFERSON COUNTY SCHOOL BOARD,0.95,,,,,pdf,,100101_19981102,
AL,Birmingham News,100101,1998,DA/PROSECUTOR,,Bessemer Cutoff,AL,"RUSSELL, SAM",Democrat,1,,,,DEPUTY DISTRICT ATTORNEY BESSEMER CUTOFF,0.95,,,,,pdf,,100101_19981102,
AL,Birmingham News,100101,2000,PRESIDENT,,,AL,"BUSH, GEORGE W.",Republican,1,,,,PRESIDENTIAL ENDORSEMENT,0.95,,,,,pdf,,100101_20001106,
AL,Birmingham News,100101,2000,H,3,,AL,"RILEY, BOB",Republican,1,,,,U.S. HOUSE DISTRICT 3,0.95,,,,,pdf,,100101_20001106,
AL,Birmingham News,100101,2000,H,4,,AL,"ADERHOLT, ROBERT",Republican,1,,,,U.S. HOUSE DISTRICT 4,0.95,,,,,pdf,,100101_20001106,
AL,Birmingham News,100101,2000,H,6,,AL,"BACHUS, SPENCER",Republican,1,,,,U.S. HOUSE DISTRICT 6,0.95,,,,,pdf,,100101_20001106,
AL,Birmingham News,100101,2000,H,7,,AL,"MARTIN, ED",Republican,1,,,,U.S. HOUSE DISTRICT 7,0.95,,,,,pdf,,100101_20001106,
AL,Birmingham News,100101,2000,SUPREME COURT,,,AL,"YATES, SHARON",Democrat,1,,,,ALABAMA SUPREME COURT CHIEF JUSTICE,0.95,,,,,pdf,,100101_20001106,
AL,Birmingham News,100101,2000,SUPREME COURT,1,,AL,"COOK, RALPH",Democrat,1,,,,ALABAMA SUPREME COURT PLACE 1,0.95,,,,,pdf,,100101_20001106,
AL,Birmingham News,100101,2000,SUPREME COURT,2,,AL,"LYONS, CHAMP",Democrat,1,,,,ALABAMA SUPREME COURT PLACE 2,0.95,,,,,pdf,,100101_20001106,
AL,Birmingham News,100101,2000,SUPREME COURT,3,,AL,"WOODALL, TOM",Democrat,1,,,,ALABAMA SUPREME COURT PLACE 3,0.95,,,,,pdf,,100101_20001106,
AL,Birmingham News,100101,2000,SUPREME COURT,4,,AL,"HARWOOD, BERNARD",Democrat,1,,,,ALABAMA SUPREME COURT PLACE 4,0.95,,,,,pdf,,100101_20001106,
AL,Birmingham News,100101,2000,COURT OF APPEALS,1,,AL,"MONROE, ROGER",Democrat,1,,,,COURT OF CIVIL APPEALS PLACE 1,0.95,,,,,pdf,,100101_20001106,
AL,Birmingham News,100101,2000,COURT OF APPEALS,2,,AL,"CRAWLEY, JOHN",Democrat,1,,,,COURT OF CIVIL APPEALS PLACE 2,0.95,,,,,pdf,,100101_20001106,
AL,Birmingham News,100101,2000,COURT OF APPEALS,3,,AL,"MURDOCK, GLENN",Democrat,1,,,,COURT OF CIVIL APPEALS PLACE 3,0.95,,,,,pdf,,100101_20001106,
AL,Birmingham News,100101,2000,COURT OF CRIMINAL APPEALS,1,,AL,"FRY, JIMMY",Democrat,1,,,,COURT OF CRIMINAL APPEALS PLACE 1,0.95,,,,,pdf,,100101_20001106,
AL,Birmingham News,100101,2000,COURT OF CRIMINAL APPEALS,2,,AL,"FORD, AUBREY",Democrat,1,,,,COURT OF CRIMINAL APPEALS PLACE 2,0.95,,,,,pdf,,100101_20001106,
AL,Birmingham News,100101,2000,COURT OF CRIMINAL APPEALS,3,,AL,"COBB, SUE BELL",Democrat,1,,,,COURT OF CRIMINAL APPEALS PLACE 3,0.95,,,,,pdf,,100101_20001106,
AL,Birmingham News,100101,2000,PUBLIC SERVICE COMMISSION,,,AL,"SULLIVAN, JIM",Democrat,1,,,,PUBLIC SERVICE COMMISSION PRESIDENT,0.95,,,,,pdf,,100101_20001106,
AL,Birmingham News,100101,2000,STATE BOARD OF ED,3,,AL,"BELL, STEPHANIE",Republican,1,,,,STATE BOARD OF EDUCATION DISTRICT 3 ROUND 9 PARTY FIX: WAS Democrat; CROSS-YEAR + HISTORICAL CONFIRM Republican.,0.95,,,,,pdf,,100101_20001106,
AL,Birmingham News,100101,2000,JUDGE,1,Jefferson County,AL,"BOWRON, TOM",Democrat,1,,,,JEFFERSON COUNTY CIRCUIT COURT PLACE 1,0.95,,,,,pdf,,100101_20001106,
AL,Birmingham News,100101,2000,JUDGE,4,Jefferson County,AL,"ROGERS, DAN",Democrat,1,,,,JEFFERSON COUNTY CIRCUIT COURT PLACE 4,0.95,,,,,pdf,,100101_20001106,
AL,Birmingham News,100101,2000,JUDGE,11,Jefferson County,AL,"BROWN, HOUSTON",Democrat,1,,,,JEFFERSON COUNTY CIRCUIT COURT PLACE 11,0.95,,,,,pdf,,100101_20001106,
AL,Birmingham News,100101,2000,JUDGE,14,Jefferson County,AL,"CARL, JACK",Democrat,1,,,,JEFFERSON COUNTY CIRCUIT COURT PLACE 14,0.95,,,,,pdf,,100101_20001106,
AL,Birmingham News,100101,2000,JUDGE,18,Jefferson County,AL,"ROSS STORM, SANDRA",Democrat,1,,,,JEFFERSON COUNTY CIRCUIT COURT PLACE 18,0.95,,,,,pdf,,100101_20001106,
AL,Birmingham News,100101,2000,JUDGE,27,Jefferson County,AL,"VINSON, VIRGINIA",Democrat,1,,,,JEFFERSON COUNTY CIRCUIT COURT PLACE 27,0.95,,,,,pdf,,100101_20001106,
AL,Birmingham News,100101,2000,JUDGE,7,Jefferson County District Court,AL,"CRUSE, DONALD",Democrat,1,,,,JEFFERSON COUNTY DISTRICT COURT PLACE 7,0.95,,,,,pdf,,100101_20001106,
AL,Birmingham News,100101,2000,JUDGE,8,Jefferson County District Court,AL,"BAHAKEL, PHILLIP",Democrat,1,,,,JEFFERSON COUNTY DISTRICT COURT PLACE 8,0.95,,,,,pdf,,100101_20001106,
AL,Birmingham News,100101,2000,JUDGE,9,Jefferson County District Court,AL,"LICHTENSTEIN, DAVID",Democrat,1,,,,JEFFERSON COUNTY DISTRICT COURT PLACE 9,0.95,,,,,pdf,,100101_20001106,
AL,Birmingham News,100101,2000,JUDGE,1,Jefferson County Probate,AL,"BOLIN, MIKE",Democrat,1,,,,JEFFERSON COUNTY PROBATE JUDGE PLACE 1,0.95,,,,,pdf,,100101_20001106,
AL,Birmingham News,100101,2000,JUDGE,2,Jefferson County Probate,AL,"KING, ALAN",Democrat,1,,,,JEFFERSON COUNTY PROBATE JUDGE PLACE 2,0.95,,,,,pdf,,100101_20001106,
AL,Birmingham News,100101,2000,CNTY CLERK,,Jefferson County Circuit Clerk,AL,"ADAMS, ANNE-MARIE",Democrat,1,,,,JEFFERSON COUNTY CIRCUIT CLERK,0.95,,,,,pdf,,100101_20001106,
AL,Birmingham News,100101,2000,CNTY CLERK,,Jefferson County Deputy Circuit Clerk,AL,"CARTER JR., EARL N.",Democrat,1,,,,JEFFERSON COUNTY DEPUTY CIRCUIT CLERK,0.95,,,,,pdf,,100101_20001106,
AL,Birmingham News,100101,2000,CNTY COMM,3,Shelby County,AL,"BICE, JIMMY",Democrat,1,,,,SHELBY COUNTY COMMISSION DISTRICT 3,0.95,,,,,pdf,,100101_20001106,
AL,Birmingham News,100101,2000,CNTY COMM,4,Shelby County,AL,"ACKER, DAN",Democrat,1,,,,SHELBY COUNTY COMMISSION DISTRICT 4,0.95,,,,,pdf,,100101_20001106,
AL,Birmingham News,100101,2000,CNTY COMM,6,Shelby County,AL,"DILLARD, LARRY",Democrat,1,,,,SHELBY COUNTY COMMISSION DISTRICT 6,0.95,,,,,pdf,,100101_20001106,
AL,Birmingham News,100101,2002,GOVERNOR,,,AL,"RILEY, BOB",Republican,1,,,,GUBERNATORIAL ENDORSEMENT,0.95,,,,,pdf,,100101_20021104,
AL,Birmingham News,100101,2002,SENATOR,,,AL,"SESSIONS, JEFF",Republican,1,,1,,U.S. SENATE ENDORSEMENT,0.95,,,,,pdf,,100101_20021104,
AL,Birmingham News,100101,2002,H,3,,AL,"ROGERS, MIKE",Republican,1,,,,U.S. HOUSE DISTRICT 3,0.95,,,,,pdf,,100101_20021104,
AL,Birmingham News,100101,2002,H,4,,AL,"ADERHOLT, ROBERT",Republican,1,,,,U.S. HOUSE DISTRICT 4,0.95,,,,,pdf,,100101_20021104,
AL,Birmingham News,100101,2002,H,6,,AL,"BACHUS, SPENCER",Republican,1,,,,U.S. HOUSE DISTRICT 6,0.95,,,,,pdf,,100101_20021104,
AL,Birmingham News,100101,2002,H,7,,AL,"DAVIS, ARTUR",Democrat,1,,,,U.S. HOUSE DISTRICT 7,0.95,,,,,pdf,,100101_20021104,
AL,Birmingham News,100101,2002,LT GOVERNOR,,,AL,"ARMISTEAD, BILL",Republican,1,,,,LIEUTENANT GOVERNOR ENDORSEMENT ROUND 9 PARTY FIX: WAS Democrat; CROSS-YEAR + HISTORICAL CONFIRM Republican.,0.95,,,,,pdf,,100101_20021104,
AL,Birmingham News,100101,2002,ATTORNEY GENERAL,,,AL,"PRYOR, BILL",Republican,1,,,,ATTORNEY GENERAL ENDORSEMENT,0.95,,,,,pdf,,100101_20021104,
AL,Birmingham News,100101,2002,SEC OF STATE,,,AL,"WORLEY, NANCY",Democrat,1,,,,SECRETARY OF STATE ENDORSEMENT,0.95,,,,,pdf,,100101_20021104,
AL,Birmingham News,100101,2002,TREASURER,,,AL,"BLACK, STEPHEN",Democrat,1,,,,STATE TREASURER ENDORSEMENT,0.95,,,,,pdf,,100101_20021104,
AL,Birmingham News,100101,2002,AUDITOR,,,AL,"GIBSON, CAROLYN",Democrat,1,,,,STATE AUDITOR ENDORSEMENT,0.95,,,,,pdf,,100101_20021104,
AL,Birmingham News,100101,2002,AGRICULTURE COMMISSIONER,,,AL,"ALLEY, J. LEE",Republican,1,,,,AGRICULTURE COMMISSIONER ENDORSEMENT,0.95,,,,,pdf,,100101_20021104,
AL,Birmingham News,100101,2002,PUBLIC SERVICE COMMISSION,1,,AL,"MARTIN, CHARLES",Democrat,1,,,,PUBLIC SERVICE COMMISSION PLACE 1,0.95,,,,,pdf,,100101_20021104,
AL,Birmingham News,100101,2002,PUBLIC SERVICE COMMISSION,2,,AL,"WALLACE JR., GEORGE C.",Democrat,1,,,,PUBLIC SERVICE COMMISSION PLACE 2,0.95,,,,,pdf,,100101_20021104,
AL,Birmingham News,100101,2002,SUPREME COURT,,,AL,"SEE, HAROLD",Democrat,1,,,,ALABAMA SUPREME COURT ENDORSEMENT,0.95,,,,,pdf,,100101_20021104,
AL,Birmingham News,100101,2002,COURT OF CRIMINAL APPEALS,1,,AL,"MCMILLAN, H.W. ""BUCKY""",Democrat,1,,,,COURT OF CRIMINAL APPEALS PLACE 1 ROUND 3 OFFICE FIX: WAS JUDGE; OCR PLACES UNDER COURT OF CRIMINAL APPEALS.,0.95,,,,,pdf,,100101_20021104,
AL,Birmingham News,100101,2002,COURT OF CRIMINAL APPEALS,2,,AL,"BASCHAB, PAMELA ""WALKING""",Democrat,1,,,,COURT OF CRIMINAL APPEALS PLACE 2 ROUND 3 OFFICE FIX: WAS JUDGE; OCR PLACES UNDER COURT OF CRIMINAL APPEALS.,0.95,,,,,pdf,,100101_20021104,
AL,Birmingham News,100101,2002,STATE SENATOR,5,,AL,"LEE, CURT",Republican,1,,,,STATE SENATE DISTRICT 5,0.95,,,,,pdf,,100101_20021104,
AL,Birmingham News,100101,2002,STATE SENATOR,15,,AL,"FRENCH, STEVE",Democrat,1,,,,STATE SENATE DISTRICT 15,0.95,,,,,pdf,,100101_20021104,
AL,Birmingham News,100101,2002,STATE SENATOR,17,,AL,"BIDDLE, JACK",Republican,1,,,,STATE SENATE DISTRICT 17 ROUND 9 PARTY FIX: WAS Democrat; CROSS-YEAR + HISTORICAL CONFIRM Republican.,0.95,,,,,pdf,,100101_20021104,
AL,Birmingham News,100101,2002,STATE SENATOR,19,,AL,"MCCLAIN, E.B.",Democrat,1,,,,STATE SENATE DISTRICT 19,0.95,,,,,pdf,,100101_20021104,
AL,Birmingham News,100101,2002,STATE REP,41,,AL,"HILL, MIKE",Republican,1,,,,STATE HOUSE DISTRICT 41,0.95,,,,,pdf,,100101_20021104,
AL,Birmingham News,100101,2002,STATE REP,42,,AL,"MARTIN, JAMES ""JIMMY""",Democrat,1,,,,STATE HOUSE DISTRICT 42,0.95,,,,,pdf,,100101_20021104,
AL,Birmingham News,100101,2002,STATE REP,45,,AL,"MORTON, ALBERT",Democrat,1,,,,STATE HOUSE DISTRICT 45,0.95,,,,,pdf,,100101_20021104,
AL,Birmingham News,100101,2002,STATE REP,50,,AL,"MCCLENDON, JIM",Republican,1,,,,STATE HOUSE DISTRICT 50,0.95,,,,,pdf,,100101_20021104,
AL,Birmingham News,100101,2002,STATE REP,53,,AL,"NEWTON, DEMETRIUS",Democrat,1,,,,STATE HOUSE DISTRICT 53,0.95,,,,,pdf,,100101_20021104,
AL,Birmingham News,100101,2002,CNTY COMM,5,Jefferson County,AL,"WHITE, GARY",Republican,1,,,,JEFFERSON COUNTY COMMISSION DISTRICT 5 ROUND 9 PARTY FIX: WAS Democrat; CROSS-YEAR + HISTORICAL CONFIRM Republican.,0.95,,,,,pdf,,100101_20021104,
AL,Birmingham News,100101,2002,SHERIFF,,Jefferson County,AL,"HALE, MIKE",Democrat,1,,,,JEFFERSON COUNTY SHERIFF,0.95,,,,,pdf,,100101_20021104,
AL,Birmingham News,100101,2002,JUDGE,10,Jefferson County Circuit Court,AL,"KING, TOM",Democrat,1,,,,JEFFERSON COUNTY CIRCUIT COURT PLACE 10,0.95,,,,,pdf,,100101_20021104,
AL,Birmingham News,100101,2002,TAX ASSESSOR,,Jefferson County Tax Assessor,AL,"CURRY, JOHNNY",Democrat,1,,,,JEFFERSON COUNTY TAX ASSESSOR,0.95,,,,,pdf,,100101_20021104,
AL,Birmingham News,100101,2002,TAX COLLECTOR,,Jefferson County Tax Collector,AL,"WILLIAMS, JACK",Democrat,1,,,,JEFFERSON COUNTY TAX COLLECTOR,0.95,,,,,pdf,,100101_20021104,
AL,Birmingham News,100101,2002,JUDGE,,Jefferson County Assistant Tax Collector,AL,"DUNN, GROVER",Democrat,1,,,,JEFFERSON COUNTY ASSISTANT TAX COLLECTOR,0.95,,,,,pdf,,100101_20021104,
AL,Birmingham News,100101,2002,SHERIFF,,Shelby County,AL,"CURRY, CHRIS",Democrat,1,,,,SHELBY COUNTY SHERIFF,0.95,,,,,pdf,,100101_20021104,
AL,Birmingham News,100101,2004,PRESIDENT,,,AL,"BUSH, GEORGE W.",Republican,1,,1,,PRESIDENTIAL ENDORSEMENT,0.95,,,,,pdf,,100101_20041101,
AL,Birmingham News,100101,2004,SENATOR,,,AL,"SHELBY, RICHARD",Republican,1,,1,,U.S. SENATE ENDORSEMENT,0.95,,,,,pdf,,100101_20041101,
AL,Birmingham News,100101,2004,H,3,,AL,"ROGERS, MIKE",Republican,1,,,,U.S. HOUSE DISTRICT 3,0.95,,,,,pdf,,100101_20041101,
AL,Birmingham News,100101,2004,H,4,,AL,"ADERHOLT, ROBERT",Republican,1,,,,U.S. HOUSE DISTRICT 4,0.95,,,,,pdf,,100101_20041101,
AL,Birmingham News,100101,2004,H,7,,AL,"DAVIS, ARTUR",Democrat,1,,,,U.S. HOUSE DISTRICT 7,0.95,,,,,pdf,,100101_20041101,
AL,Birmingham News,100101,2004,SUPREME COURT,1,,AL,"SMITH, ROBERT H.",Republican,1,,,,ALABAMA SUPREME COURT PLACE 1,0.95,,,,,pdf,,100101_20041101,
AL,Birmingham News,100101,2004,SUPREME COURT,2,,AL,"SMITH, PATTI M.",Democrat,1,,,,ALABAMA SUPREME COURT PLACE 2,0.95,,,,,pdf,,100101_20041101,
AL,Birmingham News,100101,2004,SUPREME COURT,3,,AL,"BOLIN, MICHAEL F. ""MIKE""",Republican,1,,,,ALABAMA SUPREME COURT PLACE 3,0.95,,,,,pdf,,100101_20041101,
AL,Birmingham News,100101,2004,COURT OF APPEALS,,,AL,"YATES, SHARON",Democrat,1,,,,ALABAMA COURT OF CIVIL APPEALS,0.95,,,,,pdf,,100101_20041101,
AL,Birmingham News,100101,2004,STATE BOARD OF ED,3,,AL,"BELL, STEPHANIE",Republican,1,,,,ALABAMA BOARD OF EDUCATION DISTRICT 3,0.95,,,,,pdf,,100101_20041101,
AL,Birmingham News,100101,2004,JUDGE,4,Jefferson County District Court,AL,"WATKINS, SHELDON ""SHELLY""",Democrat,1,,,,JEFFERSON COUNTY DISTRICT COURT PLACE 4,0.95,,,,,pdf,,100101_20041101,
AL,Birmingham News,100101,2004,JUDGE,7,Jefferson County District Court,AL,"BYNON JR., ROBERT B. ""BOBBY""",Democrat,1,,,,JEFFERSON COUNTY CIRCUIT COURT PLACE 7,0.95,,,,,pdf,,100101_20041101,
AL,Birmingham News,100101,2004,DA/PROSECUTOR,,Jefferson County,AL,"BARBER, DAVID",Democrat,1,,,,JEFFERSON COUNTY DISTRICT ATTORNEY,0.95,,,,,pdf,,100101_20041101,
AL,Birmingham News,100101,2004,TREASURER,,Jefferson County,AL,"MILES, MIKE",Democrat,1,,,,JEFFERSON COUNTY TREASURER,0.95,,,,,pdf,,100101_20041101,
AL,Birmingham News,100101,2004,JUDGE,4,Shelby County Circuit Court,AL,"REEVES, DAN",Democrat,1,,,,SHELBY COUNTY CIRCUIT COURT PLACE 4,0.95,,,,,pdf,,100101_20041101,
AL,Birmingham News,100101,2004,DA/PROSECUTOR,,Shelby County,AL,"OWEN, ROBERT ""ROBBY""",Democrat,1,,,,SHELBY COUNTY DISTRICT ATTORNEY,0.95,,,,,pdf,,100101_20041101,
AL,Birmingham News,100101,2004,CNTY COMM,1,Shelby County,AL,"THOMPSON, BILLY C.",Democrat,1,,,,SHELBY COUNTY COMMISSION DISTRICT 1,0.95,,,,,pdf,,100101_20041101,
AL,Birmingham News,100101,2004,JUDGE,4,Jefferson County Circuit Court,AL,"LEE, HELEN SHORES",Democrat,1,,,,JEFFERSON COUNTY CIRCUIT COURT PLACE 4,0.95,,,,,pdf,,100101_20041101,
AL,Birmingham News,100101,2004,JUDGE,14,Jefferson County Circuit Court,AL,"JONES, CLYDE",Democrat,1,,,,JEFFERSON COUNTY CIRCUIT COURT PLACE 14,0.95,,,,,pdf,,100101_20041101,
AL,Birmingham News,100101,2004,JUDGE,19,Jefferson County Circuit Court,AL,"PARSONS, MAC",Democrat,1,,,,JEFFERSON COUNTY CIRCUIT COURT PLACE 19,0.95,,,,,pdf,,100101_20041101,
AL,Birmingham News,100101,2004,JUDGE,22,Jefferson County Circuit Court,AL,"PRIVETT, CARYL P.",Democrat,1,,,,JEFFERSON COUNTY CIRCUIT COURT PLACE 22,0.95,,,,,pdf,,100101_20041101,
AL,Birmingham News,100101,2004,JUDGE,24,Jefferson County Circuit Court,AL,"SEXTON, STEPHEN L.",Democrat,1,,,,JEFFERSON COUNTY CIRCUIT COURT PLACE 24,0.95,,,,,pdf,,100101_20041101,
AL,Birmingham News,100101,2004,DISTRICT COURT JUDGE,1,Jefferson County District Court,AL,"ALSBROOKS JR., JOHN H.",Democrat,1,,,,JEFFERSON COUNTY DISTRICT COURT PLACE 1,0.95,,,,,pdf,,100101_20041101,
AL,Birmingham News,100101,2006,GOVERNOR,,,AL,"RILEY, BOB",Republican,1,,1,,GUBERNATORIAL ENDORSEMENT,0.95,,,,,pdf,,100101_20061106,
AL,Birmingham News,100101,2006,LT GOVERNOR,,,AL,"STRANGE, LUTHER",Republican,1,,,,LIEUTENANT GOVERNOR ENDORSEMENT,0.95,,,,,pdf,,100101_20061106,
AL,Birmingham News,100101,2006,ATTORNEY GENERAL,,,AL,"TYSON, JOHN",Republican,1,,,,ATTORNEY GENERAL ENDORSEMENT,0.95,,,,,pdf,,100101_20061106,
AL,Birmingham News,100101,2006,SUPREME COURT,,,AL,"NABERS JR., DRAYTON",Republican,1,,,,CHIEF JUSTICE SUPREME COURT,0.95,,,,,pdf,,100101_20061106,
AL,Birmingham News,100101,2006,SUPREME COURT,2,,AL,"WOODALL, TOM",Democrat,1,,,,SUPREME COURT PLACE 2,0.95,,,,,pdf,,100101_20061106,
AL,Birmingham News,100101,2006,SUPREME COURT,3,,AL,"STUART, LYN",Democrat,1,,,,SUPREME COURT PLACE 3,0.95,,,,,pdf,,100101_20061106,
AL,Birmingham News,100101,2006,SUPREME COURT,4,,AL,"MURDOCK, GLENN",Democrat,1,,,,SUPREME COURT PLACE 4,0.95,,,,,pdf,,100101_20061106,
AL,Birmingham News,100101,2006,COURT OF APPEALS,1,,AL,"MOORE, TERRY",Democrat,1,,,,CIVIL APPEALS PLACE 1,0.95,,,,,pdf,,100101_20061106,
AL,Birmingham News,100101,2006,COURT OF APPEALS,2,,AL,"PITTMAN, CRAIG",Democrat,1,,,,CIVIL APPEALS PLACE 2,0.95,,,,,pdf,,100101_20061106,
AL,Birmingham News,100101,2006,COURT OF APPEALS,3,,AL,"MCFERRIN, JIM",Democrat,1,,,,CIVIL APPEALS PLACE 3,0.95,,,,,pdf,,100101_20061106,
AL,Birmingham News,100101,2006,COURT OF CRIMINAL APPEALS,1,,AL,"SHAW, GREG",Democrat,1,,,,CRIMINAL APPEALS PLACE 1 ROUND 3 OFFICE FIX: WAS JUDGE; OCR PLACES UNDER COURT OF CRIMINAL APPEALS.,0.95,,,,,pdf,,100101_20061106,
AL,Birmingham News,100101,2006,COURT OF CRIMINAL APPEALS,2,,AL,"WISE, KELLI",Democrat,1,,,,CRIMINAL APPEALS PLACE 2 ROUND 3 OFFICE FIX: WAS JUDGE; OCR PLACES UNDER COURT OF CRIMINAL APPEALS.,0.95,,,,,pdf,,100101_20061106,
AL,Birmingham News,100101,2006,COURT OF CRIMINAL APPEALS,3,,AL,"WELCH, SAM",Democrat,1,,,,CRIMINAL APPEALS PLACE 3 ROUND 3 OFFICE FIX: WAS JUDGE; OCR PLACES UNDER COURT OF CRIMINAL APPEALS.,0.95,,,,,pdf,,100101_20061106,
AL,Birmingham News,100101,2006,SEC OF STATE,,,AL,"CHAPMAN, BETH",Democrat,1,,,,SECRETARY OF STATE,0.95,,,,,pdf,,100101_20061106,
AL,Birmingham News,100101,2006,TREASURER,,,AL,"IVEY, KAY",Republican,1,,,,STATE TREASURER,0.95,,,,,pdf,,100101_20061106,
AL,Birmingham News,100101,2006,AUDITOR,,,AL,"SHAW, SAMANTHA ""SAM""",Democrat,1,,,,STATE AUDITOR,0.95,,,,,pdf,,100101_20061106,
AL,Birmingham News,100101,2006,AGRICULTURE COMMISSIONER,,,AL,"SPARKS, RON",Democrat,1,,,,AGRICULTURE COMMISSIONER,0.95,,,,,pdf,,100101_20061106,
AL,Birmingham News,100101,2006,PUBLIC SERVICE COMMISSION,1,,AL,"RICE, JOHN",Democrat,1,,,,PUBLIC SERVICE COMMISSION PLACE 1,0.95,,,,,pdf,,100101_20061106,
AL,Birmingham News,100101,2006,PUBLIC SERVICE COMMISSION,2,,AL,"PARKER, SUSAN",Democrat,1,,,,PUBLIC SERVICE COMMISSION PLACE 2,0.95,,,,,pdf,,100101_20061106,
AL,Birmingham News,100101,2006,H,3,,AL,"ROGERS, MIKE",Republican,1,,,,U.S. HOUSE DISTRICT 3,0.95,,,,,pdf,,100101_20061106,
AL,Birmingham News,100101,2006,H,4,,AL,"ADERHOLT, ROBERT",Republican,1,,,,U.S. HOUSE DISTRICT 4,0.95,,,,,pdf,,100101_20061106,
AL,Birmingham News,100101,2006,STATE SENATOR,5,,AL,"BISHOP, CHARLES",Democrat,1,,,,STATE SENATE DISTRICT 5,0.95,,,,,pdf,,100101_20061106,
AL,Birmingham News,100101,2006,STATE SENATOR,16,,AL,"WAGGONER, J.T. ""JABO""",Republican,1,,,,STATE SENATE DISTRICT 16 ROUND 9 PARTY FIX: WAS Democrat; CROSS-YEAR + HISTORICAL CONFIRM Republican.,0.95,,,,,pdf,,100101_20061106,
AL,Birmingham News,100101,2006,STATE SENATOR,18,,AL,"SMITHERMAN, RODGER",Democrat,1,,,,STATE SENATE DISTRICT 18,0.95,,,,,pdf,,100101_20061106,
AL,Birmingham News,100101,2006,STATE SENATOR,20,,AL,"COLEMAN, LINDA",Democrat,1,,,,STATE SENATE DISTRICT 20,0.95,,,,,pdf,,100101_20061106,
AL,Birmingham News,100101,2006,STATE REP,34,,AL,"SHERER, JEREMY P.",Democrat,1,,,,STATE HOUSE DISTRICT 34,0.95,,,,,pdf,,100101_20061106,
AL,Birmingham News,100101,2006,STATE REP,42,,AL,"MARTIN, JAMES M. ""JIMMY""",Democrat,1,,,,STATE HOUSE DISTRICT 42,0.95,,,,,pdf,,100101_20061106,
AL,Birmingham News,100101,2006,STATE REP,44,,AL,"BARBEE, JONATHAN",Democrat,1,,,,STATE HOUSE DISTRICT 44,0.95,,,,,pdf,,100101_20061106,
AL,Birmingham News,100101,2006,STATE REP,45,,AL,"SEWELL, PAT",Democrat,1,,,,STATE HOUSE DISTRICT 45,0.95,,,,,pdf,,100101_20061106,
AL,Birmingham News,100101,2006,STATE REP,58,,AL,"ROBINSON, OLIVER",Democrat,1,,,,STATE HOUSE DISTRICT 58,0.95,,,,,pdf,,100101_20061106,
AL,Birmingham News,100101,2006,JUDGE,7,Jefferson County Circuit Court,AL,"COLE, J. WILLIAM ""BILL""",Democrat,1,,,,JEFFERSON COUNTY CIRCUIT COURT PLACE 7,0.95,,,,,pdf,,100101_20061106,
AL,Birmingham News,100101,2006,JUDGE,8,Jefferson County Circuit Court,AL,"GRAFFEO, MICHAEL G. ""MIKE""",Democrat,1,,,,JEFFERSON COUNTY CIRCUIT COURT PLACE 8,0.95,,,,,pdf,,100101_20061106,
AL,Birmingham News,100101,2006,JUDGE,13,Jefferson County Circuit Court,AL,"RAMSEY, ED",Democrat,1,,,,JEFFERSON COUNTY CIRCUIT COURT PLACE 13,0.95,,,,,pdf,,100101_20061106,
AL,Birmingham News,100101,2006,JUDGE,15,Jefferson County Circuit Court,AL,"CALHOUN, JOHN C.",Democrat,1,,,,JEFFERSON COUNTY CIRCUIT COURT PLACE 15,0.95,,,,,pdf,,100101_20061106,
AL,Birmingham News,100101,2006,JUDGE,16,Jefferson County Circuit Court,AL,"PULLIAM, TERESA TANNER",Democrat,1,,,,JEFFERSON COUNTY CIRCUIT COURT PLACE 16,0.95,,,,,pdf,,100101_20061106,
AL,Birmingham News,100101,2006,JUDGE,18,Jefferson County Circuit Court,AL,"HUFF, J. BRIAN",Democrat,1,,,,JEFFERSON COUNTY CIRCUIT COURT PLACE 18,0.95,,,,,pdf,,100101_20061106,
AL,Birmingham News,100101,2006,JUDGE,6,Jefferson County District Court,AL,"GOMANY, KEN",Democrat,1,,,,JEFFERSON COUNTY DISTRICT COURT PLACE 6,0.95,,,,,pdf,,100101_20061106,
AL,Birmingham News,100101,2006,JUDGE,8,Jefferson County District Court,AL,"SUMMERS, ALAN",Democrat,1,,,,JEFFERSON COUNTY DISTRICT COURT PLACE 8,0.95,,,,,pdf,,100101_20061106,
AL,Birmingham News,100101,2006,JUDGE,12,Jefferson County District Court,AL,"GANUS, JILL",Democrat,1,,,,JEFFERSON COUNTY DISTRICT COURT PLACE 12,0.95,,,,,pdf,,100101_20061106,
AL,Birmingham News,100101,2006,CNTY CLERK,,Jefferson County Circuit Clerk,AL,"ADAMS, ANNE-MARIE",Democrat,1,,,,JEFFERSON COUNTY CIRCUIT CLERK,0.95,,,,,pdf,,100101_20061106,
AL,Birmingham News,100101,2006,JUDGE,1,Jefferson County Probate,AL,"GAINES, MARK",Democrat,1,,,,JEFFERSON COUNTY PROBATE JUDGE PLACE 1,0.95,,,,,pdf,,100101_20061106,
AL,Birmingham News,100101,2006,JUDGE,2,Jefferson County Probate,AL,"COLEMAN FRIDAY, SHERRI",Democrat,1,,,,JEFFERSON COUNTY PROBATE JUDGE PLACE 2,0.95,,,,,pdf,,100101_20061106,
AL,Birmingham News,100101,2006,SHERIFF,,Jefferson County,AL,"HALE, MIKE",Democrat,1,,,,JEFFERSON COUNTY SHERIFF,0.95,,,,,pdf,,100101_20061106,
AL,Birmingham News,100101,2006,CNTY COMM,1,Jefferson County,AL,"LANGFORD, LARRY",Democrat,1,,,,JEFFERSON COUNTY COMMISSION DISTRICT 1,0.95,,,,,pdf,,100101_20061106,
AL,Birmingham News,100101,2006,CNTY COMM,3,Jefferson County,AL,"MCWHORTER, CARLTON L.",Democrat,1,,,,JEFFERSON COUNTY COMMISSION DISTRICT 3,0.95,,,,,pdf,,100101_20061106,
AL,Birmingham News,100101,2006,SHERIFF,,Shelby County,AL,"CURRY, CHRIS",Democrat,1,,,,SHELBY COUNTY SHERIFF,0.95,,,,,pdf,,100101_20061106,
AL,Birmingham News,100101,2006,STATE BOARD OF ED,2,Shelby County,AL,"MARTIN, STEVE",Democrat,1,,,,SHELBY COUNTY BOARD OF EDUCATION PLACE 2,0.95,,,,,pdf,,100101_20061106,
AL,Birmingham News,100101,2008,PRESIDENT,,,AL,"MCCAIN, JOHN",Republican,1,,,,PRESIDENTIAL ENDORSEMENT,0.95,,,,,pdf,,100101_20081103,
AL,Birmingham News,100101,2008,SENATOR,,,AL,"SESSIONS, JEFF",Republican,1,,1,,U.S. SENATE ENDORSEMENT,0.95,,,,,pdf,,100101_20081103,
AL,Birmingham News,100101,2008,H,4,,AL,"ADERHOLT, ROBERT",Republican,1,,,,U.S. HOUSE DISTRICT 4,0.95,,,,,pdf,,100101_20081103,
AL,Birmingham News,100101,2008,SUPREME COURT,,,AL,"SHAW, GREG",Democrat,1,,,,ALABAMA SUPREME COURT,0.95,,,,,pdf,,100101_20081103,
AL,Birmingham News,100101,2008,COURT OF APPEALS,,,AL,"THOMPSON, BILL",Democrat,1,,,,ALABAMA COURT OF CIVIL APPEALS,0.95,,,,,pdf,,100101_20081103,
AL,Birmingham News,100101,2008,COURT OF CRIMINAL APPEALS,1,,AL,"JONES, CLYDE",Democrat,1,,,,ALABAMA COURT OF CRIMINAL APPEALS PLACE 1 ROUND 3 OFFICE FIX: WAS JUDGE; OCR PLACES UNDER COURT OF CRIMINAL APPEALS.,0.95,,,,,pdf,,100101_20081103,
AL,Birmingham News,100101,2008,COURT OF CRIMINAL APPEALS,2,,AL,"SMITH, AIMEE COBB",Democrat,1,,,,ALABAMA COURT OF CRIMINAL APPEALS PLACE 2 ROUND 3 OFFICE FIX: WAS JUDGE; OCR PLACES UNDER COURT OF CRIMINAL APPEALS.,0.95,,,,,pdf,,100101_20081103,
AL,Birmingham News,100101,2008,PUBLIC SERVICE COMMISSION,,,AL,"CAVANAUGH, TWINKLE ANDRESS",Democrat,1,,,,ALABAMA PUBLIC SERVICE COMMISSION PRESIDENT,0.95,,,,,pdf,,100101_20081103,
AL,Birmingham News,100101,2008,STATE BOARD OF ED,3,,AL,"BELL, STEPHANIE",Republican,1,,,,ALABAMA BOARD OF EDUCATION DISTRICT 3 ROUND 9 PARTY FIX: WAS Democrat; CROSS-YEAR + HISTORICAL CONFIRM Republican.,0.95,,,,,pdf,,100101_20081103,
AL,Birmingham News,100101,2008,JUDGE,1,Jefferson County District Court,AL,"WINSTON, NORMAN",Democrat,1,,,,JEFFERSON COUNTY DISTRICT COURT PLACE 1,0.95,,,,,pdf,,100101_20081103,
AL,Birmingham News,100101,2008,JUDGE,2,Jefferson County District Court,AL,"OWENS, SHANTA",Democrat,1,,,,JEFFERSON COUNTY DISTRICT COURT PLACE 2,0.95,,,,,pdf,,100101_20081103,
AL,Birmingham News,100101,2008,TREASURER,,Jefferson County Treasurer,AL,"GOMANY, KENNETH",Democrat,1,,,,JEFFERSON COUNTY TREASURER,0.95,,,,,pdf,,100101_20081103,
AL,Birmingham News,100101,2008,TAX COLLECTOR,,Jefferson County Tax Collector,AL,"SMALLWOOD, J.T.",Democrat,1,,,,JEFFERSON COUNTY TAX COLLECTOR,0.95,,,,,pdf,,100101_20081103,
AL,Birmingham News,100101,2008,TAX ASSESSOR,,Jefferson County Tax Assessor,AL,"HENDRICKS, GAYNELL",Democrat,1,,,,JEFFERSON COUNTY TAX ASSESSOR,0.95,,,,,pdf,,100101_20081103,
AL,Birmingham News,100101,2008,TAX ASSESSOR,,"Jefferson County (Assistant, Bessemer Cutoff)",AL,"SMITH, ANDREW A.",Democrat,1,,,,JEFFERSON COUNTY ASSISTANT TAX ASSESSOR (BESSEMER CUTOFF VOTERS ONLY) ROUND 3 OFFICE FIX: WAS JUDGE; OCR PLACES UNDER TAX ASSESSOR.,0.95,,,,,pdf,,100101_20081103,
AL,Birmingham News,100101,2008,CNTY COMM,6,Shelby County,AL,"DILLARD, LARRY S.",Democrat,1,,,,SHELBY COUNTY COMMISSION DISTRICT 6,0.95,,,,,pdf,,100101_20081103,
AL,Birmingham News,100101,2008,CNTY COMM,8,Shelby County,AL,"SHEPHERD, RICK",Democrat,1,,,,SHELBY COUNTY COMMISSION DISTRICT 8,0.95,,,,,pdf,,100101_20081103,
AL,Birmingham News,100101,2008,CNTY COMM,9,Shelby County,AL,"HAYES, ROBBIE",Democrat,1,,,,SHELBY COUNTY COMMISSION DISTRICT 9,0.95,,,,,pdf,,100101_20081103,
AL,Birmingham News,100101,2010,GOVERNOR,,,AL,"BENTLEY, ROBERT",Republican,1,,,,GUBERNATORIAL ENDORSEMENT,0.95,,,,,pdf,,100101_20101101,
AL,Birmingham News,100101,2010,SENATOR,,,AL,"SHELBY, RICHARD",Republican,1,,1,,U.S. SENATE ENDORSEMENT,0.95,,,,,pdf,,100101_20101101,
AL,Birmingham News,100101,2010,H,7,,AL,"SEWELL, TERRI",Democrat,1,,,,U.S. HOUSE DISTRICT 7,0.95,,,,,pdf,,100101_20101101,
AL,Birmingham News,100101,2010,LT GOVERNOR,,,AL,"FOLSOM, JIM",Democrat,1,,,,LIEUTENANT GOVERNOR ENDORSEMENT,0.95,,,,,pdf,,100101_20101101,
AL,Birmingham News,100101,2010,ATTORNEY GENERAL,,,AL,"ANDERSON, JAMES",Democrat,1,,,,ATTORNEY GENERAL ENDORSEMENT,0.95,,,,,pdf,,100101_20101101,
AL,Birmingham News,100101,2010,TREASURER,,,AL,"BOOZER, YOUNG",Democrat,1,,,,STATE TREASURER ENDORSEMENT,0.95,,,,,pdf,,100101_20101101,
AL,Birmingham News,100101,2010,SEC OF STATE,,,AL,"GILLILAND, SCOTT",Democrat,1,,,,SECRETARY OF STATE ENDORSEMENT,0.95,,,,,pdf,,100101_20101101,
AL,Birmingham News,100101,2010,AUDITOR,,,AL,"SHAW, SAMANTHA",Democrat,1,,,,STATE AUDITOR ENDORSEMENT,0.95,,,,,pdf,,100101_20101101,
AL,Birmingham News,100101,2010,AGRICULTURE COMMISSIONER,,,AL,"ZORN, GLEN",Democrat,1,,,,"AGRICULTURE COMMISSIONER ENDORSEMENT ROUND 1 NAME FIX: WAS ZORN GLEN PELL (PELL APPENDED IN ERROR; OCR ONLY SHOWS ""GLEN ZORN"").",0.95,,,,,pdf,,100101_20101101,
AL,Birmingham News,100101,2010,PUBLIC SERVICE COMMISSION,1,,AL,"CAVANAUGH, TWINKLE",Democrat,1,,,,PUBLIC SERVICE COMMISSION PLACE 1,0.95,,,,,pdf,,100101_20101101,
AL,Birmingham News,100101,2010,PUBLIC SERVICE COMMISSION,2,,AL,"PARKER, SUSAN",Democrat,1,,,,PUBLIC SERVICE COMMISSION PLACE 2,0.95,,,,,pdf,,100101_20101101,
AL,Birmingham News,100101,2010,SUPREME COURT,1,,AL,"WISE, KELLI",Democrat,1,,,,SUPREME COURT PLACE 1,0.95,,,,,pdf,,100101_20101101,
AL,Birmingham News,100101,2010,SUPREME COURT,2,,AL,"BOLIN, MICHAEL",Republican,1,,,,SUPREME COURT PLACE 2,0.95,,,,,pdf,,100101_20101101,
AL,Birmingham News,100101,2010,SUPREME COURT,3,,AL,"PARSONS, MAC",Democrat,1,,,,SUPREME COURT PLACE 3,0.95,,,,,pdf,,100101_20101101,
AL,Birmingham News,100101,2010,COURT OF APPEALS,,,AL,"BRYAN, TOMMY",Democrat,1,,,,COURT OF CIVIL APPEALS,0.95,,,,,pdf,,100101_20101101,
AL,Birmingham News,100101,2010,STATE BOARD OF ED,4,,AL,"RICHARDSON, YVETTE",Democrat,1,,,,"STATE BOARD OF EDUCATION DISTRICT 4. ROUND 1 SPLIT: WAS ""RICHARDSON, CHARLES ELLIOTT"" (NAME-MERGE ERROR FROM ADJACENT OCR LINES). YVETTE RICHARDSON RAN FOR DISTRICT 4; CHARLES ELLIOTT FOR DISTRICT 6 (SEPARATE RECORD ADDED).",0.95,,,,,pdf,,100101_20101101,
AL,Birmingham News,100101,2010,STATE SENATOR,5,,AL,"REED, GREG",Republican,1,,,,STATE SENATE DISTRICT 5,0.95,,,,,pdf,,100101_20101101,
AL,Birmingham News,100101,2010,STATE SENATOR,17,,AL,"BEASON, SCOTT",Republican,1,,,,STATE SENATE DISTRICT 17 ROUND 1 NAME FIX: WAS REASON.,0.95,,,,,pdf,,100101_20101101,
AL,Birmingham News,100101,2010,STATE REP,42,,AL,"MARTIN, JIMMY",Democrat,1,,,,STATE HOUSE DISTRICT 42,0.95,,,,,pdf,,100101_20101101,
AL,Birmingham News,100101,2010,STATE REP,43,,AL,"SWEET, VIRGINIA",Democrat,1,,,,STATE HOUSE DISTRICT 43,0.95,,,,,pdf,,100101_20101101,
AL,Birmingham News,100101,2010,STATE REP,45,,AL,"DRAKE, OWEN",Democrat,1,,,,STATE HOUSE DISTRICT 45,0.95,,,,,pdf,,100101_20101101,
AL,Birmingham News,100101,2010,STATE REP,47,,AL,"MCCALLUM III, CHARLES ""CHIP""",Democrat,1,,,,STATE HOUSE DISTRICT 47,0.95,,,,,pdf,,100101_20101101,
AL,Birmingham News,100101,2010,CNTY COMM,1,Jefferson County,AL,"BOWMAN, GEORGE",Democrat,1,,,,JEFFERSON COUNTY COMMISSION DISTRICT 1,0.95,,,,,pdf,,100101_20101101,
AL,Birmingham News,100101,2010,CNTY COMM,3,Jefferson County,AL,"STEPHENS, JIMMIE",Democrat,1,,,,JEFFERSON COUNTY COMMISSION DISTRICT 3,0.95,,,,,pdf,,100101_20101101,
AL,Birmingham News,100101,2010,CNTY COMM,4,Jefferson County,AL,"KNIGHT, JOE",Democrat,1,,,,JEFFERSON COUNTY COMMISSION DISTRICT 4,0.95,,,,,pdf,,100101_20101101,
AL,Birmingham News,100101,2010,DA/PROSECUTOR,,Jefferson County,AL,"FALLS, BRANDON",Democrat,1,,,,JEFFERSON COUNTY DISTRICT ATTORNEY,0.95,,,,,pdf,,100101_20101101,
AL,Birmingham News,100101,2010,SHERIFF,,Jefferson County,AL,"HALE, MIKE",Democrat,1,,,,JEFFERSON COUNTY SHERIFF,0.95,,,,,pdf,,100101_20101101,
AL,Birmingham News,100101,2010,JUDGE,3,Jefferson County Circuit Court,AL,"BAHAKEL, ALFRED",Democrat,1,,,,JEFFERSON COUNTY CIRCUIT COURT PLACE 3,0.95,,,,,pdf,,100101_20101101,
AL,Birmingham News,100101,2010,JUDGE,4,Jefferson County Circuit Court,AL,"SHORES LEE, HELEN",Democrat,1,,,,JEFFERSON COUNTY CIRCUIT COURT PLACE 4,0.95,,,,,pdf,,100101_20101101,
AL,Birmingham News,100101,2010,JUDGE,20,Jefferson County Circuit Court,AL,"CHAPPELL, AGNES",Democrat,1,,,,JEFFERSON COUNTY CIRCUIT COURT PLACE 20,0.95,,,,,pdf,,100101_20101101,
AL,Birmingham News,100101,2010,JUDGE,23,Jefferson County Circuit Court,AL,"BATISTE, DOROTHEA",Democrat,1,,,,JEFFERSON COUNTY CIRCUIT COURT PLACE 23,0.95,,,,,pdf,,100101_20101101,
AL,Birmingham News,100101,2010,JUDGE,24,Jefferson County Circuit Court,AL,"WALLACE, STEPHEN",Democrat,1,,,,JEFFERSON COUNTY CIRCUIT COURT PLACE 24,0.95,,,,,pdf,,100101_20101101,
AL,Birmingham News,100101,2010,JUDGE,10,Jefferson County District Court,AL,"VINES, EDDIE",Democrat,1,,,,JEFFERSON COUNTY DISTRICT COURT PLACE 10,0.95,,,,,pdf,,100101_20101101,
AL,Birmingham News,100101,2010,SCHOOL BOARD,,Jefferson County,AL,"SMITH, JACQUELINE",Democrat,1,,,,JEFFERSON COUNTY BOARD OF EDUCATION,0.95,,,,,pdf,,100101_20101101,
AL,Birmingham News,100101,2010,CNTY CLERK,,Bessemer Cutoff Circuit Clerk,AL,"WATSON, BENNY",Democrat,1,,,,BESSEMER CUTOFF CIRCUIT CLERK,0.95,,,,,pdf,,100101_20101101,
AL,Birmingham News,100101,1960,PRESIDENT,,,AL,"NIXON, RICHARD",Republican,1,,,,HOW TO SPLIT THE BALLOT GUIDE; RECOMMENDS NIXON FOR PRESIDENT BUT DEMOCRATIC FOR ALL OTHER OFFICES; INSTRUCTS VOTERS TO VOTE REPUBLICAN ELECTORS FOR PRESIDENT,0.9,ARTICLE DATE IS NOV 2 1960 PER HEADER; FILENAME USES 2019 CLIP DATE,,,,pdf,,100101_20191028,
AL,Birmingham News,100101,1960,SUPREME COURT,,,AL,"LAWSON, THOMAS S.",Democrat,1,,,,ASSOCIATE SUPREME COURT JUSTICE; BALLOT GUIDE RECOMMENDS DEMOCRATIC SLATE FOR ALL NON-PRESIDENTIAL OFFICES,0.8,NAME FROM BALLOT GUIDE IMAGE; SCAN QUALITY MODERATE,,,,pdf,,100101_20191028,
AL,Birmingham News,100101,1960,SENATOR,,,AL,"SPARKMAN, JOHN",Democrat,1,1,,,BALLOT GUIDE RECOMMENDS DEMOCRATIC SLATE FOR ALL NON-PRESIDENTIAL OFFICES,0.85,SPARKMAN MENTIONED BY NAME IN TEXT AS DEMOCRATIC SENATOR,,,,pdf,,100101_20191028,
AL,Birmingham News,100101,1960,PUBLIC SERVICE COMMISSION,,,AL,"OWEN, C. C.",Democrat,1,,,,NAMED IN TEXT AS RECOMMENDED FOR PUBLIC SERVICE COMMISSIONER,0.8,NAME FROM TEXT; MODERATE SCAN QUALITY,,,,pdf,,100101_20191028,
AL,Birmingham News,100101,1960,TREASURER,,,AL,"LANIER, AGNES",Democrat,1,,,,NAMED IN TEXT AS RECOMMENDED FOR TREASURER; PULL LEVER OPPOSITE WHITMIRE FOR TAX ASSESSOR OR EQUIVALENT,0.75,QA: CANNOT VERIFY FROM SCAN - EXTRACTED FROM LOW-RESOLUTION BALLOT IMAGE; NAMES AND OFFICES PLAUSIBLE FOR 1960 JEFFERSON COUNTY,,,,pdf,,100101_20191028,
AL,Birmingham News,100101,1960,TAX COLLECTOR,,,AL,"HANER, BOB",Democrat,1,,,,NAMED IN TEXT AS RECOMMENDED FOR TAX COLLECTOR,0.75,QA: CANNOT VERIFY FROM SCAN - EXTRACTED FROM LOW-RESOLUTION BALLOT IMAGE; NAMES AND OFFICES PLAUSIBLE FOR 1960 JEFFERSON COUNTY,,,,pdf,,100101_20191028,
AL,Birmingham News,100101,1960,STATE BOARD OF ED,,,AL,"ELLIS, BOB",Democrat,1,,,,NAMED IN TEXT AS RECOMMENDED FOR BOARD OF EDUCATION,0.75,QA: CANNOT VERIFY FROM SCAN - EXTRACTED FROM LOW-RESOLUTION BALLOT IMAGE; NAMES AND OFFICES PLAUSIBLE FOR 1960 JEFFERSON COUNTY,,,,pdf,,100101_20191028,
AL,Birmingham News,100101,1962,SENATOR,,,AL,"HILL, LISTER",Democrat,1,1,,,HEADLINE LISTER HILL HEAD AND SHOULDERS; STRONG ENDORSEMENT FOR REELECTION; PRAISES 30+ YEARS OF SERVICE SENIORITY AND LEGISLATIVE ACHIEVEMENTS INCLUDING HILL-BURTON ACT,0.95,,,,,pdf,,100101_20191104,
AL,Birmingham News,100101,1962,SENATOR,,,AL,"MARTIN, JAMES D.",Republican,0,,,,EDITORIAL EXPLICITLY OPPOSES MARTIN; SAYS HE IS JUST NOW GETTING HIS FEET DAMP POLITICALLY AND HAS RUN FOR NOTHING BEFORE; WARNS AGAINST LOSING HILLS SENIORITY,0.95,,,,,pdf,,100101_20191104,
AL,Birmingham News,100101,2010,STATE BOARD OF ED,6,,AL,"ELLIOTT, CHARLES",Republican,1,,,,"STATE BOARD OF EDUCATION DISTRICT 6. ROUND 1 SPLIT: ORIGINALLY MERGED INTO ""RICHARDSON, CHARLES ELLIOTT"" SINGLE RECORD; SPLIT INTO TWO PER OCR (""DISTRICT 4: YVETTE RICHARDSON"" AND ""DISTRICT 6: CHARLES ELLIOTT"").",0.95,,,,,pdf,,100101_20101101,
AL,Birmingham News,100101,2000,PRESIDENT,,,AL,"GORE, AL",Democrat,0,,,,OPPOSED BY IMPLICATION: PAPER ENDORSED BUSH. NO EXPLICIT GORE OPPOSITION IN 2000-11-06 EDITORIAL (RECOMMENDATIONS LIST FORMAT). ROUND 1 PATTERN A ADD.,0.75,,,,,pdf,,100101_20001106,
AL,Birmingham News,100101,1990,GOVERNOR,,,AL,"HUNT, GUY",Republican,1,,1,,"ROUND 3 PATTERN J ADD: OCR EXPLICIT ""GOVERNOR: GUY HUNT."" HUNT WAS INCUMBENT R GOVERNOR (1987-1993) ENDORSED FOR RE-ELECTION.",0.95,,,,,pdf,,100101_19901105,
AL,Birmingham News,100101,1996,PRESIDENT,,,AL,"CLINTON, BILL",Democrat,0,1,,,"ROUND 3 PATTERN A ADD: OPPOSED BY IMPLICATION. PAPER ENDORSED {""1996"":""DOLE"", ""2004"":""BUSH"", ""2008"":""MCCAIN""}['1996'] (R). NO EXPLICIT CLINTON OPPOSITION IN ENDORSEMENT-RECAP CLIPPING.",0.75,,,,,pdf,,,
AL,Birmingham News,100101,2004,PRESIDENT,,,AL,"KERRY, JOHN",Democrat,0,,,,"ROUND 3 PATTERN A ADD: OPPOSED BY IMPLICATION. PAPER ENDORSED {""1996"":""DOLE"", ""2004"":""BUSH"", ""2008"":""MCCAIN""}['2004'] (R). NO EXPLICIT KERRY OPPOSITION IN ENDORSEMENT-RECAP CLIPPING.",0.75,,,,,pdf,,,
AL,Birmingham News,100101,2008,PRESIDENT,,,AL,"OBAMA, BARACK",Democrat,0,,,,"ROUND 3 PATTERN A ADD: OPPOSED BY IMPLICATION. PAPER ENDORSED {""1996"":""DOLE"", ""2004"":""BUSH"", ""2008"":""MCCAIN""}['2008'] (R). NO EXPLICIT OBAMA OPPOSITION IN ENDORSEMENT-RECAP CLIPPING.",0.75,,,,,pdf,,,
AL,Birmingham News,100101,1990,SENATOR,,,AL,"HEFLIN, HOWELL",Democrat,0,1,,,ROUND 3 PATTERN A ADD: OPPOSED BY IMPLICATION. PAPER ENDORSED CABANISS (R CHALLENGER); HEFLIN WAS D INCUMBENT SENATOR (1979-1997).,0.75,,,,,pdf,,,
AL,Birmingham News,100101,1956,VICE PRESIDENT,,,AL,"NIXON, RICHARD M.",Republican,1,,1,,"ROUND 4 PATTERN J ADD: OCR EXPLICIT ""EISENHOWER AND NIXON SHOULD BE REELECTED."" NIXON WAS R INCUMBENT VP.",0.95,,,,,pdf,,100101_19561104,
AL,Birmingham News,100101,1956,PRESIDENT,,,AL,"STEVENSON, ADLAI",Democrat,0,,,,"ROUND 4 PATTERN A ADD: OPPOSED PER OCR. PAPER SAID ""THE CASE THAT MR. STEVENSON HAS MADE FOR HIMSELF... STRIKES US AS CONSPICUOUSLY WEAK, BASED LARGELY ON QUESTIONABLE APPEALS TO GROUP INTERESTS.""",0.9,,,,,pdf,,100101_19561104,
AL,Birmingham News,100101,1960,PRESIDENT,,,AL,"KENNEDY, JOHN F.",Democrat,0,,,,"ROUND 4 PATTERN A ADD: OPPOSED PER OCR. PAPER CALLED OUT ""JACK KENNEDY"" AND HIS ""LEFT-WING LIBERALS""; CRITICIZED HIM FOR NOT VISITING THE SOUTH (""CANDIDATE WHO DIDN'T DARE TO COME INTO OUR AREA WHERE HE MIGHT RISK BEING PHOTOGRAPHED WITH OUR GOVERNOR"").",0.9,,,,,pdf,,100101_19601106,
AL,Birmingham News,100101,1964,PRESIDENT,,,AL,"JOHNSON, LYNDON B.",Democrat,0,1,,,ROUND 4 PATTERN A ADD: OPPOSED BY IMPLICATION. PAPER ENDORSED GOLDWATER. LBJ WAS D INCUMBENT PRESIDENT.,0.75,,,,,pdf,,,
AL,Birmingham News,100101,1984,PRESIDENT,,,AL,"MONDALE, WALTER",Democrat,0,,,,ROUND 5 PATTERN A ADD: OPPOSED BY IMPLICATION. PAPER ENDORSED REAGAN FOR RE-ELECTION.,0.75,,,,,pdf,,,
AL,Birmingham News,100101,1930,GOVERNOR,,,AL,"MILLER, B. M.",Democrat,1,,,,"ROUND 6 PATTERN J ADD: OCR 1930-11-02 EXPLICIT ""SUCH A MAN AS JUDGE B. M. MILLER"" (ENDORSED FOR GOVERNOR). MATCHES BIRMINGHAM AGE HERALD SISTER PAPER COVERAGE.",0.9,,,,,pdf,,100101_19301102,
AL,Birmingham News,100101,1930,GOVERNOR,,,AL,"LOCKE, HUGH",Independent,0,,,,"ROUND 6 PATTERN A ADD: OCR 1930-11-02 EXPLICIT ""TOM HEFLIN AND HUGH LOCKE ARE MAKING AN ASSAULT WITH INTENT TO MURDER ON THE DEMOCRATIC PARTY."" LOCKE RAN AS JEFFERSONIAN DEMOCRAT (INDEPENDENT) FOR GOVERNOR; OPPOSED MILLER (D).",0.9,,,,,pdf,,100101_19301102,
AL,Birmingham News,100101,1988,PRESIDENT,,,AL,"DUKAKIS, MICHAEL",Democrat,0,,,,ROUND 7 PATTERN A ADD: OPPOSED BY IMPLICATION. PAPER ENDORSED BUSH (R).,0.75,,,,,pdf,,,
AL,Birmingham News,100101,1992,PRESIDENT,,,AL,"CLINTON, BILL",Democrat,0,,,,ROUND 7 PATTERN A ADD: OPPOSED BY IMPLICATION. PAPER ENDORSED BUSH (R).,0.75,,,,,pdf,,,
AL,Birmingham News,100101,1952,PRESIDENT,,,AL,"STEVENSON, ADLAI",Democrat,0,,,,ROUND 8 PATTERN A ADD: OPPOSED BY IMPLICATION. PAPER ENDORSED EISENHOWER (R).,0.75,,,,,pdf,,,
AL,Birmingham News,100101,1972,PRESIDENT,,,AL,"MCGOVERN, GEORGE",Democrat,0,,,,ROUND 8 PATTERN A ADD: OPPOSED BY IMPLICATION. PAPER ENDORSED NIXON (R).,0.75,,,,,pdf,,,
AL,Birmingham News,100101,1976,PRESIDENT,,,AL,"CARTER, JIMMY",Democrat,0,,,,ROUND 8 PATTERN A ADD: OPPOSED BY IMPLICATION. PAPER ENDORSED FORD (R).,0.75,,,,,pdf,,,
AL,Birmingham News,100101,1988,SUPREME COURT,,Chief Justice,AL,"HORNSBY, E.C. ""SONNY""",Democrat,1,,,,"ROUND 11 PATTERN J ADD: OCR 1200DPI EXPLICIT ""CHIEF JUSTICE: E.C. SONNY HORNSBY.""",0.95,,,,,pdf,,100101_19881106,
AL,Birmingham News,100101,1988,SUPREME COURT,4,,AL,"STEAGALL, HENRY",Democrat,1,,,,"ROUND 11 PATTERN J ADD: OCR 1200DPI EXPLICIT ""ASSOCIATE JUSTICE, PLACE 4: HENRY STEAGALL."" PARTY INFERRED D (HORNSBY-ERA AL JUDICIAL D MAJORITY).",0.95,,,,,pdf,,100101_19881106,
