state_newspaper,newspaper,newspaper_id,year,office,dist,dname,state_election,cand_name,party,endorsed,d_inc,r_inc,o_inc,notes_endorse,extraction_confidence,extraction_confidence_note,source_file
MI,Detroit News,121301,1968,CITY COUNCIL,,DETROIT,MI,"EBERHARD, DAVID",,1,,,,,0.92,,121301_19681104.pdf
MI,Detroit News,121301,1968,CITY COUNCIL,,DETROIT,MI,"TINDAL, ROBERT",,1,,,,,0.92,,121301_19681104.pdf
MI,Detroit News,121301,1968,COURT OF APPEALS,2,OAKLAND/SOUTHEAST,MI,"FOLEY, JOHN F.",,1,,,,,0.92,,121301_19681104.pdf
MI,Detroit News,121301,1968,DA/PROSECUTOR,,WAYNE COUNTY,MI,"CAHALAN, WILLIAM L.",,1,,,,,0.92,,121301_19681104.pdf
MI,Detroit News,121301,1968,DA/PROSECUTOR,,OAKLAND COUNTY,MI,"PLUNKETT, THOMAS G.",,1,,,,,0.92,,121301_19681104.pdf
MI,Detroit News,121301,1968,GOVERNOR-WAYNE-STATE,,,MI,"KEYDEL, KURT",,1,,,,,0.85,,121301_19681104.pdf
MI,Detroit News,121301,1968,GOVERNOR-WAYNE-STATE,,,MI,"RAVIOLO, VICTOR G.",,1,,,,,0.85,,121301_19681104.pdf
MI,Detroit News,121301,1968,H,12,,MI,"O'HARA, JAMES G.",Democrat,1,,,,,0.92,,121301_19681104.pdf
MI,Detroit News,121301,1968,H,13,,MI,"DIGGS, CHARLES C.",Democrat,1,,,,,0.92,,121301_19681104.pdf
MI,Detroit News,121301,1968,H,14,,MI,"NEDZI, LUCIEN",Democrat,1,,,,,0.92,,121301_19681104.pdf
MI,Detroit News,121301,1968,H,16,,MI,"DINGELL, JOHN D.",Democrat,1,,,,,0.92,,121301_19681104.pdf
MI,Detroit News,121301,1968,H,17,,MI,"GRIFFITHS, MARTHA W.",Democrat,1,,,,,0.92,,121301_19681104.pdf
MI,Detroit News,121301,1968,H,18,,MI,"BROOMFIELD, WILLIAM S.",Republican,1,,,,,0.92,,121301_19681104.pdf
MI,Detroit News,121301,1968,H,19,,MI,"MCDONALD, JACK H.",Republican,1,,,,,0.92,OCR shows '18th' twice; this is actually 19th district,121301_19681104.pdf
MI,Detroit News,121301,1968,H,2,,MI,"ESCH, MARVIN L.",Republican,1,,,,,0.92,,121301_19681104.pdf
MI,Detroit News,121301,1968,H,4,,MI,"HUTCHINSON, EDWARD",Republican,1,,,,,0.92,,121301_19681104.pdf
MI,Detroit News,121301,1968,H,5,,MI,"FORD, GERALD R.",Republican,1,,1,,,0.92,,121301_19681104.pdf
MI,Detroit News,121301,1968,H,6,,MI,"CHAMBERLAIN, CHARLES",Republican,1,,,,,0.92,,121301_19681104.pdf
MI,Detroit News,121301,1968,H,7,,MI,"RIEGLE, DONALD W.",Republican,1,,,,,0.92,,121301_19681104.pdf
MI,Detroit News,121301,1968,H,8,,MI,"HARVEY, JAMES",Republican,1,,,,,0.92,,121301_19681104.pdf
MI,Detroit News,121301,1968,JUDGE,,DETROIT COMMON PLEAS,MI,"CONNOLLY, JOHN W.",,1,,,,,0.92,,121301_19681104.pdf
MI,Detroit News,121301,1968,JUDGE,,DETROIT COMMON PLEAS,MI,"DIMAGGIO, ANDREW",,1,,,,,0.92,,121301_19681104.pdf
MI,Detroit News,121301,1968,JUDGE,,DETROIT RECORDER'S,MI,"EVANS, ROBERT L.",,1,,,,,0.92,,121301_19681104.pdf
MI,Detroit News,121301,1968,JUDGE,,WAYNE COUNTY CIRCUIT,MI,"MAHER, RICHARD M.",,1,,,,,0.92,,121301_19681104.pdf
MI,Detroit News,121301,1968,JUDGE,,DETROIT COMMON PLEAS,MI,"O'BRIEN, JOHN PATRICK",,1,,,,,0.92,,121301_19681104.pdf
MI,Detroit News,121301,1968,JUDGE,,WAYNE COUNTY PROBATE,MI,"PERNICK, JOSEPH J.",,1,,,,,0.92,,121301_19681104.pdf
MI,Detroit News,121301,1968,JUDGE,,DETROIT COMMON PLEAS,MI,"RODGERS, JULIAN P. JR.",,1,,,,,0.92,,121301_19681104.pdf
MI,Detroit News,121301,1968,JUDGE,,DETROIT COMMON PLEAS,MI,"STANCZYK, BENJAMIN C.",,1,,,,,0.92,,121301_19681104.pdf
MI,Detroit News,121301,1968,PRESIDENT,,,MI,"NIXON, RICHARD M.",Republican,1,,,,ENDORSED,0.92,,121301_19681104.pdf
MI,Detroit News,121301,1968,REGENT,,U OF MICHIGAN,MI,"LINDEMER, LAWRENCE B.",,1,,,,,0.85,,121301_19681104.pdf
MI,Detroit News,121301,1968,SCHOOL BOARD,,DETROIT,MI,"ERNST, CONSTANCE W.",,1,,,,,0.92,,121301_19681104.pdf
MI,Detroit News,121301,1968,SCHOOL BOARD,,DETROIT,MI,"PERDUE, ANDREW W.",,1,,,,,0.92,,121301_19681104.pdf
MI,Detroit News,121301,1968,SHERIFF,,WAYNE COUNTY,MI,"GRIBBS, ROMAN S.",,1,,,,,0.92,,121301_19681104.pdf
MI,Detroit News,121301,1968,STATE BOARD OF ED,,,MI,"KELLY, MARILYN JEAN",,1,,,,,0.85,,121301_19681104.pdf
MI,Detroit News,121301,1968,STATE BOARD OF ED,,,MI,"TENBRINK, JAMES",,1,,,,,0.85,,121301_19681104.pdf
MI,Detroit News,121301,1968,SUPREME COURT,,,MI,"O'HARA, MICHAEL D.",,1,,,,,0.92,,121301_19681104.pdf
MI,Detroit News,121301,1968,TRUSTEE,,MICHIGAN STATE,MI,"DIEHL, DAVID",,1,,,,,0.85,,121301_19681104.pdf
MI,Detroit News,121301,1968,TRUSTEE,,MICHIGAN STATE,MI,"ERNST, RICHARD",,1,,,,,0.78,OCR shows 'Richard ERI<7' — likely Ernst,121301_19681104.pdf
MI,Detroit News,121301,1968,TRUSTEE,,MICHIGAN STATE,MI,"HUFF, WARREN M.",,1,,,,,0.85,,121301_19681104.pdf
MI,Detroit News,121301,1968,VICE PRESIDENT,,,MI,"AGNEW, SPIRO T.",Republican,1,,,,ENDORSED,0.92,,121301_19681104.pdf
MI,Detroit News,121301,1970,ATTORNEY GENERAL,,,MI,"KELLEY, FRANK J.",Democrat,1,1,,,,0.92,,121301_19701102.pdf
MI,Detroit News,121301,1970,COURT OF APPEALS,1,WAYNE COUNTY,MI,"GILLIS, JOHN H.",,1,,,,,0.85,OCR shows 'JOHN H. GIL-' truncated,121301_19701102.pdf
MI,Detroit News,121301,1970,COURT OF APPEALS,2,OAKLAND/SOUTHEAST,MI,"DANHOF, ROBERT J.",,1,,,,,0.92,,121301_19701102.pdf
MI,Detroit News,121301,1970,DELEGATE,,DETROIT CHARTER REVISION,MI,"BORMAN, PAUL D.",,1,,,,,0.92,,121301_19701102.pdf
MI,Detroit News,121301,1970,DELEGATE,,DETROIT CHARTER REVISION,MI,"GREEN, FORREST F.",,1,,,,,0.92,,121301_19701102.pdf
MI,Detroit News,121301,1970,DELEGATE,,DETROIT CHARTER REVISION,MI,"KLEIN, BERNARD",,1,,,,,0.92,,121301_19701102.pdf
MI,Detroit News,121301,1970,DELEGATE,,DETROIT CHARTER REVISION,MI,"NEITT, DAVID I.",,1,,,,,0.78,,121301_19701102.pdf
MI,Detroit News,121301,1970,DELEGATE,,DETROIT CHARTER REVISION,MI,"O'HARA, PATRICK",,1,,,,,0.92,,121301_19701102.pdf
MI,Detroit News,121301,1970,DELEGATE,,DETROIT CHARTER REVISION,MI,"SIMMONS, RICHARD JR.",,1,,,,,0.92,,121301_19701102.pdf
MI,Detroit News,121301,1970,DELEGATE,,DETROIT CHARTER REVISION,MI,"STRAUS, KATHLEEN N.",,1,,,,,0.92,,121301_19701102.pdf
MI,Detroit News,121301,1970,DELEGATE,,DETROIT CHARTER REVISION,MI,"SULLIVAN, JOSEPH B.",,1,,,,,0.92,,121301_19701102.pdf
MI,Detroit News,121301,1970,DELEGATE,,DETROIT CHARTER REVISION,MI,"TOOHEY, ROBERT E.",,1,,,,,0.92,,121301_19701102.pdf
MI,Detroit News,121301,1970,GOVERNOR,,,MI,"MILLIKEN, WILLIAM G.",Republican,1,,1,,GOV. WILLIAM G. MILLIKEN — incumbent,0.92,,121301_19701102.pdf
MI,Detroit News,121301,1970,GOVERNOR-WAYNE-STATE,,,MI,"HAYES, RAYMOND E.",,1,,,,,0.92,,121301_19701102.pdf
MI,Detroit News,121301,1970,GOVERNOR-WAYNE-STATE,,,MI,"PINCUS, MAX J.",,1,,,,,0.92,,121301_19701102.pdf
MI,Detroit News,121301,1970,JUDGE,,WAYNE COUNTY PROBATE,MI,"BASHARA, GEORGE N. JR.",,1,,,,,0.92,,121301_19701102.pdf
MI,Detroit News,121301,1970,JUDGE,,WAYNE COUNTY CIRCUIT,MI,"BELL, EDWARD F.",,1,,,,,0.92,,121301_19701102.pdf
MI,Detroit News,121301,1970,JUDGE,,DETROIT TRAFFIC COURT,MI,"HAGUE, WILLIAM C.",,1,,,,,0.92,,121301_19701102.pdf
MI,Detroit News,121301,1970,JUDGE,,WAYNE COUNTY CIRCUIT,MI,"O'HAIR, JOHN D.",,1,,,,,0.92,,121301_19701102.pdf
MI,Detroit News,121301,1970,JUDGE,,WAYNE COUNTY CIRCUIT,MI,"ROUMELL, THOMAS",,1,,,,,0.92,,121301_19701102.pdf
MI,Detroit News,121301,1970,REGENT,,U OF MICHIGAN,MI,"GOEBEL, PAUL G. JR.",,1,,,,,0.92,,121301_19701102.pdf
MI,Detroit News,121301,1970,REGENT,,U OF MICHIGAN,MI,"SHULER, JACK H.",,1,,,,,0.92,,121301_19701102.pdf
MI,Detroit News,121301,1970,SCHOOL BOARD,,DETROIT CENTRAL,MI,"GOLDEN, CORNELIUS L.",,1,,,,,0.78,OCR shows 'OD HTLy NELIUS L. GO-' — likely Cornelius L. Golden,121301_19701102.pdf
MI,Detroit News,121301,1970,SCHOOL BOARD,,DETROIT CENTRAL,MI,"SPITZ, SIDNEY",,1,,,,,0.92,,121301_19701102.pdf
MI,Detroit News,121301,1970,SCHOOL BOARD,,DETROIT CENTRAL,MI,"WOJCIK, CASS",,1,,,,,0.92,,121301_19701102.pdf
MI,Detroit News,121301,1970,SEC OF STATE,,,MI,"AUSTIN, RICHARD H.",Democrat,1,,,,,0.92,,121301_19701102.pdf
MI,Detroit News,121301,1970,SENATOR,,,MI,NO ENDORSEMENT,,,,,,THE NEWS WITHHELD ITS U.S. SENATE ENDORSEMENT,0.95,Placeholder reflecting paper's explicit no-endorsement,121301_19701102.pdf
MI,Detroit News,121301,1970,STATE BOARD OF ED,,,MI,"GEAKE, R. ROBERT (DR.)",,1,,,,,0.85,,121301_19701102.pdf
MI,Detroit News,121301,1970,STATE BOARD OF ED,,,MI,"ROBINSON, DAVID",,1,,,,,0.85,,121301_19701102.pdf
MI,Detroit News,121301,1970,SUPREME COURT,,,MI,"DETHMERS, JOHN B.",,1,,,,,0.92,,121301_19701102.pdf
MI,Detroit News,121301,1970,SUPREME COURT,,,MI,"PIGGINS, EDWARD S.",,1,,,,,0.92,,121301_19701102.pdf
MI,Detroit News,121301,1970,TRUSTEE,,MICHIGAN STATE,MI,"DIEHL, DAVID D.",,1,,,,,0.92,,121301_19701102.pdf
MI,Detroit News,121301,1970,TRUSTEE,,MICHIGAN STATE,MI,"ERNST, RICHARD D.",,1,,,,,0.92,,121301_19701102.pdf
MI,Detroit News,121301,1972,CITY COUNCIL,,DETROIT,MI,"HENDERSON, ERMA",,1,,,,,0.92,,121301_19721105.pdf
MI,Detroit News,121301,1972,CNTY CLERK,,WAYNE COUNTY,MI,"FRENZ, A. MICHAEL",,1,,,,,0.85,OCR partial; likely Frenz or similar,121301_19721105.pdf
MI,Detroit News,121301,1972,DA/PROSECUTOR,,WAYNE COUNTY,MI,"CAHALAN, WILLIAM L.",,1,1,,,,0.92,,121301_19721105.pdf
MI,Detroit News,121301,1972,DA/PROSECUTOR,,OAKLAND COUNTY,MI,"PLUNKETT, THOMAS G.",,1,,1,,,0.92,,121301_19721105.pdf
MI,Detroit News,121301,1972,GOVERNOR-WAYNE-STATE,,,MI,"BRUCKER, WILBER M. JR.",,1,,,,,0.92,,121301_19721105.pdf
MI,Detroit News,121301,1972,GOVERNOR-WAYNE-STATE,,,MI,"KEYDEL, KURT",,1,,,,,0.92,,121301_19721105.pdf
MI,Detroit News,121301,1972,H,1,,MI,"CONYERS, JOHN",Democrat,1,,,,,0.92,,121301_19721105.pdf
MI,Detroit News,121301,1972,H,12,,MI,"SEROTKIN, DAVID",,1,,,,,0.78,,121301_19721105.pdf
MI,Detroit News,121301,1972,H,13,,MI,"DIGGS, CHARLES C.",Democrat,1,,,,,0.92,,121301_19721105.pdf
MI,Detroit News,121301,1972,H,14,,MI,"NEDZI, LUCIEN",Democrat,1,,,,,0.92,,121301_19721105.pdf
MI,Detroit News,121301,1972,H,15,,MI,"FORD, WILLIAM D.",Democrat,1,,,,,0.92,,121301_19721105.pdf
MI,Detroit News,121301,1972,H,16,,MI,"DINGELL, JOHN D.",Democrat,1,,,,,0.92,,121301_19721105.pdf
MI,Detroit News,121301,1972,H,17,,MI,"GRIFFITHS, MARTHA W.",Democrat,1,,,,,0.92,,121301_19721105.pdf
MI,Detroit News,121301,1972,H,18,,MI,"HUBER, ROBERT J.",Republican,1,,,,,0.92,,121301_19721105.pdf
MI,Detroit News,121301,1972,H,19,,MI,"BROOMFIELD, WILLIAM S.",Republican,1,,,,,0.92,,121301_19721105.pdf
MI,Detroit News,121301,1972,H,2,,MI,"ESCH, MARVIN L.",Republican,1,,1,,,0.92,,121301_19721105.pdf
MI,Detroit News,121301,1972,JUDGE,,DETROIT RECORDER'S,MI,"BORMAN, SUSAN",,1,,,,,0.92,,121301_19721105.pdf
MI,Detroit News,121301,1972,JUDGE,,DETROIT COMMON PLEAS,MI,"BOWMAN, ARTHUR M.",,1,,,,,0.92,,121301_19721105.pdf
MI,Detroit News,121301,1972,JUDGE,,DETROIT RECORDER'S,MI,"BOYLE, PATRICIA",,1,,,,,0.92,,121301_19721105.pdf
MI,Detroit News,121301,1972,JUDGE,,WAYNE COUNTY CIRCUIT,MI,"BRENNAN, THOMAS J.",,1,,,,,0.92,,121301_19721105.pdf
MI,Detroit News,121301,1972,JUDGE,,DETROIT COMMON PLEAS,MI,"BURDICK, IRWIN H.",,1,,,,,0.92,,121301_19721105.pdf
MI,Detroit News,121301,1972,JUDGE,,DETROIT COMMON PLEAS,MI,"BYRD, FREDERICK E.",,1,,,,,0.92,,121301_19721105.pdf
MI,Detroit News,121301,1972,JUDGE,,DETROIT RECORDER'S,MI,"CONNOR, MICHAEL",,1,,,,,0.92,,121301_19721105.pdf
MI,Detroit News,121301,1972,JUDGE,,DETROIT COMMON PLEAS,MI,"DIMAGGIO, ANDREW",,1,,,,,0.92,,121301_19721105.pdf
MI,Detroit News,121301,1972,JUDGE,,DETROIT RECORDER'S,MI,"GARDNER, SAMUEL C.",,1,,,,,0.92,,121301_19721105.pdf
MI,Detroit News,121301,1972,JUDGE,,OAKLAND COUNTY CIRCUIT,MI,"GILBERT, ALICE L.",,1,,,,,0.92,,121301_19721105.pdf
MI,Detroit News,121301,1972,JUDGE,,DETROIT RECORDER'S,MI,"HATHAWAY, JAMES",,1,,,,,0.92,,121301_19721105.pdf
MI,Detroit News,121301,1972,JUDGE,,DETROIT COMMON PLEAS,MI,"HOBSON, DONALD L.",,1,,,,,0.92,,121301_19721105.pdf
MI,Detroit News,121301,1972,JUDGE,,DETROIT COMMON PLEAS,MI,"KENT, GEORGE D.",,1,,,,,0.92,,121301_19721105.pdf
MI,Detroit News,121301,1972,JUDGE,,DETROIT RECORDER'S,MI,"KOSCINSKI, ARTHUR J.",,1,,,,,0.92,,121301_19721105.pdf
MI,Detroit News,121301,1972,JUDGE,,DETROIT RECORDER'S,MI,"LASTER, CLARENCE JR.",,1,,,,,0.92,,121301_19721105.pdf
MI,Detroit News,121301,1972,JUDGE,,DETROIT RECORDER'S,MI,"LEONARD, DONALD S.",,1,,,,,0.92,,121301_19721105.pdf
MI,Detroit News,121301,1972,JUDGE,,OAKLAND COUNTY CIRCUIT,MI,"O'BRIEN, JOHN N.",,1,,,,,0.92,,121301_19721105.pdf
MI,Detroit News,121301,1972,JUDGE,,DETROIT RECORDER'S,MI,"O'BRIEN, JOHN P.",,1,,,,,0.92,,121301_19721105.pdf
MI,Detroit News,121301,1972,JUDGE,,WAYNE COUNTY CIRCUIT,MI,"PIGGINS, EDWARD S.",,1,,,,,0.78,OCR fragment; only partial name visible,121301_19721105.pdf
MI,Detroit News,121301,1972,JUDGE,,DETROIT COMMON PLEAS,MI,"SZYMANSKI, HENRY J.",,1,,,,,0.92,,121301_19721105.pdf
MI,Detroit News,121301,1972,JUDGE,,DETROIT RECORDER'S,MI,"TARNOW, ARTHUR",,1,,,,,0.92,,121301_19721105.pdf
MI,Detroit News,121301,1972,JUDGE,,DETROIT TRAFFIC COURT,MI,"WOOD, ANDREW C.",,1,,,,,0.92,,121301_19721105.pdf
MI,Detroit News,121301,1972,PRESIDENT,,,MI,"NIXON, RICHARD M.",Republican,1,,1,,,0.92,,121301_19721105.pdf
MI,Detroit News,121301,1972,REGENT,,U OF MICHIGAN,MI,"BAKER, DEANE",,1,,,,,0.92,,121301_19721105.pdf
MI,Detroit News,121301,1972,REGENT,,U OF MICHIGAN,MI,"LINDEMER, LAWRENCE B.",,1,,,,,0.92,,121301_19721105.pdf
MI,Detroit News,121301,1972,SCHOOL BOARD,,DETROIT CENTRAL,MI,"CAMPBELL, CAROL S.",,1,,,,,0.92,,121301_19721105.pdf
MI,Detroit News,121301,1972,SCHOOL BOARD,,DETROIT CENTRAL,MI,"MCDONALD, PATRICK A.",,1,,,,,0.92,,121301_19721105.pdf
MI,Detroit News,121301,1972,SCHOOL BOARD,,DETROIT CENTRAL,MI,"MCFADDEN, HERBERT F.",,1,,,,,0.92,,121301_19721105.pdf
MI,Detroit News,121301,1972,SENATOR,,,MI,"GRIFFIN, ROBERT P.",Republican,1,,1,,,0.92,,121301_19721105.pdf
MI,Detroit News,121301,1972,SHERIFF,,WAYNE COUNTY,MI,"LUCAS, WILLIAM",,1,,,,,0.92,,121301_19721105.pdf
MI,Detroit News,121301,1972,SHERIFF,,OAKLAND COUNTY,MI,"SPREEN, JOHANNES F.",,1,,,,,0.92,,121301_19721105.pdf
MI,Detroit News,121301,1972,STATE BOARD OF ED,,,MI,"SALAS, GUMECINDO",,1,,,,,0.92,,121301_19721105.pdf
MI,Detroit News,121301,1972,STATE BOARD OF ED,,,MI,"VANDATTE, EDMUND",,1,,,,,0.78,,121301_19721105.pdf
MI,Detroit News,121301,1972,SUPREME COURT,,,MI,"COLEMAN, MARY",,1,,,,,0.92,,121301_19721105.pdf
MI,Detroit News,121301,1972,SUPREME COURT,,,MI,"LEVIN, CHARLES L.",,1,,,,,0.92,,121301_19721105.pdf
MI,Detroit News,121301,1972,TRUSTEE,,MICHIGAN STATE,MI,"DOWNS, TOM",,1,,,,,0.92,,121301_19721105.pdf
MI,Detroit News,121301,1972,TRUSTEE,,MICHIGAN STATE,MI,"RADCLIFFE, AUBREY",,1,,,,,0.92,,121301_19721105.pdf
MI,Detroit News,121301,1972,VICE PRESIDENT,,,MI,"AGNEW, SPIRO T.",Republican,1,,1,,,0.92,,121301_19721105.pdf
MI,Detroit News,121301,1974,CNTY COMM,,OAKLAND COUNTY EXECUTIVE,MI,"MURPHY, DANIEL T.",,1,,,,,0.92,,121301_19741103.pdf
MI,Detroit News,121301,1974,COURT OF APPEALS,1,EXISTING JUDGESHIPS,MI,"BASHARA, GEORGE N. JR.",,1,,,,,0.92,,121301_19741103.pdf
MI,Detroit News,121301,1974,COURT OF APPEALS,1,EXISTING JUDGESHIPS,MI,"BRENNAN, VINCENT J.",,1,,,,,0.92,,121301_19741103.pdf
MI,Detroit News,121301,1974,COURT OF APPEALS,1,NEW JUDGESHIPS,MI,"MAHER, RICHARD M.",,1,,,,,0.92,,121301_19741103.pdf
MI,Detroit News,121301,1974,COURT OF APPEALS,1,NEW JUDGESHIPS,MI,"SULLIVAN, JOSEPH A.",,1,,,,,0.92,,121301_19741103.pdf
MI,Detroit News,121301,1974,COURT OF APPEALS,2,EXISTING JUDGESHIPS,MI,"BRONSON, S. JEROME",,1,,,,,0.92,,121301_19741103.pdf
MI,Detroit News,121301,1974,COURT OF APPEALS,2,NEW JUDGESHIPS,MI,"CAVANAGH, MICHAEL F.",,1,,,,,0.92,,121301_19741103.pdf
MI,Detroit News,121301,1974,COURT OF APPEALS,2,EXISTING JUDGESHIPS,MI,"DANHOF, ROBERT H.",,1,,,,,0.92,,121301_19741103.pdf
MI,Detroit News,121301,1974,COURT OF APPEALS,2,NEW JUDGESHIPS,MI,"KAUFMAN, BERNARD L.",,1,,,,,0.92,,121301_19741103.pdf
MI,Detroit News,121301,1974,GOVERNOR,,,MI,"MILLIKEN, WILLIAM G.",Republican,1,,1,,,0.92,,121301_19741103.pdf
MI,Detroit News,121301,1974,GOVERNOR-WAYNE-STATE,,,MI,"STOCKMEYER, NORMAN OTTO",,1,,,,,0.92,,121301_19741103.pdf
MI,Detroit News,121301,1974,GOVERNOR-WAYNE-STATE,,,MI,"WALKER, FRANK B.",,1,,,,,0.92,,121301_19741103.pdf
MI,Detroit News,121301,1974,H,1,,MI,"GIRARDOT, WALTER F.",,1,,,,,0.85,,121301_19741103.pdf
MI,Detroit News,121301,1974,H,13,,MI,"DIGGS, CHARLES C. JR.",Democrat,1,,,,,0.92,,121301_19741103.pdf
MI,Detroit News,121301,1974,H,14,,MI,"NEDZI, LUCIEN N.",Democrat,1,,,,,0.92,,121301_19741103.pdf
MI,Detroit News,121301,1974,H,15,,MI,"FORD, WILLIAM D.",Democrat,1,,,,,0.92,,121301_19741103.pdf
MI,Detroit News,121301,1974,H,16,,MI,"DINGELL, JOHN D.",Democrat,1,,,,,0.92,,121301_19741103.pdf
MI,Detroit News,121301,1974,H,17,,MI,"BRODHEAD, WILLIAM M.",,1,,,,,0.92,,121301_19741103.pdf
MI,Detroit News,121301,1974,H,18,,MI,"HUBER, ROBERT J.",Republican,1,,,,,0.92,,121301_19741103.pdf
MI,Detroit News,121301,1974,H,19,,MI,"BROOMFIELD, WILLIAM S.",Republican,1,,,,,0.92,,121301_19741103.pdf
MI,Detroit News,121301,1974,H,2,,MI,"ESCH, MARVIN L.",Republican,1,,1,,,0.92,,121301_19741103.pdf
MI,Detroit News,121301,1974,H,5,,MI,"GOEBEL, PAUL G. JR.",,1,,,,,0.92,,121301_19741103.pdf
MI,Detroit News,121301,1974,H,8,,MI,"SPARLING, JAMES M. JR.",,1,,,,,0.92,,121301_19741103.pdf
MI,Detroit News,121301,1974,JUDGE,,WAYNE COUNTY JUVENILE,MI,"BARSAMIAN, Y. GLADYS",,1,,,,,0.92,,121301_19741103.pdf
MI,Detroit News,121301,1974,JUDGE,,WAYNE CIRCUIT EXISTING,MI,"BAUM, VICTOR J.",,1,,,,,0.92,,121301_19741103.pdf
MI,Detroit News,121301,1974,JUDGE,,WAYNE CIRCUIT NEW,MI,"BURDICK, IRWIN H.",,1,,,,,0.92,,121301_19741103.pdf
MI,Detroit News,121301,1974,JUDGE,,WAYNE CIRCUIT EXISTING,MI,"CANHAM, JAMES N.",,1,,,,,0.92,,121301_19741103.pdf
MI,Detroit News,121301,1974,JUDGE,,WAYNE CIRCUIT NEW,MI,"CONLEY, JOHN J.",,1,,,,,0.92,,121301_19741103.pdf
MI,Detroit News,121301,1974,JUDGE,,WAYNE COMMON PLEAS,MI,"CONNOLLY, JOHN W.",,1,,,,,0.92,,121301_19741103.pdf
MI,Detroit News,121301,1974,JUDGE,,DETROIT RECORDER'S CRIMINAL,MI,"CONNOR, MICHAEL J.",,1,,,,,0.92,,121301_19741103.pdf
MI,Detroit News,121301,1974,JUDGE,,WAYNE CIRCUIT NEW,MI,"DUNN, RICHARD D.",,1,,,,,0.92,,121301_19741103.pdf
MI,Detroit News,121301,1974,JUDGE,,DETROIT RECORDER'S CRIMINAL,MI,"EVANS, ROBERT L.",,1,,,,,0.92,,121301_19741103.pdf
MI,Detroit News,121301,1974,JUDGE,,WAYNE CIRCUIT EXISTING,MI,"FITZGERALD, NEAL",,1,,,,,0.92,,121301_19741103.pdf
MI,Detroit News,121301,1974,JUDGE,,DETROIT RECORDER'S CRIMINAL,MI,"FORD, GERALDINE BLEDSOE",,1,,,,,0.92,,121301_19741103.pdf
MI,Detroit News,121301,1974,JUDGE,,DETROIT RECORDER'S CRIMINAL,MI,"GILLIS, JOSEPH A.",,1,,,,,0.92,,121301_19741103.pdf
MI,Detroit News,121301,1974,JUDGE,,WAYNE COMMON PLEAS,MI,"GIOVAN, WILLIAM J.",,1,,,,,0.92,,121301_19741103.pdf
MI,Detroit News,121301,1974,JUDGE,,OAKLAND COUNTY PROBATE,MI,"GRANT, BARRY M.",,1,,,,,0.92,,121301_19741103.pdf
MI,Detroit News,121301,1974,JUDGE,,WAYNE CIRCUIT NEW,MI,"GRIBBS, ROMAN S.",,1,,,,,0.92,,121301_19741103.pdf
MI,Detroit News,121301,1974,JUDGE,,WAYNE COMMON PLEAS,MI,"HOOD, HAROLD",,1,,,,,0.92,,121301_19741103.pdf
MI,Detroit News,121301,1974,JUDGE,,WAYNE CIRCUIT EXISTING,MI,"KAUFMAN, CHARLES",,1,,,,,0.92,,121301_19741103.pdf
MI,Detroit News,121301,1974,JUDGE,,WAYNE CIRCUIT EXISTING,MI,"KIRWAN, JOHN R.",,1,,,,,0.92,,121301_19741103.pdf
MI,Detroit News,121301,1974,JUDGE,,WAYNE CIRCUIT EXISTING,MI,"MONTANTE, JAMES",,1,,,,,0.92,,121301_19741103.pdf
MI,Detroit News,121301,1974,JUDGE,,WAYNE CIRCUIT EXISTING,MI,"O'HAIR, JOHN D.",,1,,,,,0.92,,121301_19741103.pdf
MI,Detroit News,121301,1974,JUDGE,,DETROIT RECORDER'S CRIMINAL,MI,"OLSEN, SAMUEL H.",,1,,,,,0.92,,121301_19741103.pdf
MI,Detroit News,121301,1974,JUDGE,,DETROIT RECORDER'S CRIMINAL,MI,"ROBERSON, DALTON A.",,1,,,,,0.92,,121301_19741103.pdf
MI,Detroit News,121301,1974,JUDGE,,WAYNE COMMON PLEAS,MI,"RODGERS, JULIAN P. JR.",,1,,,,,0.92,,121301_19741103.pdf
MI,Detroit News,121301,1974,JUDGE,,WAYNE CIRCUIT EXISTING,MI,"ROUMELL, THOMAS",,1,,,,,0.92,,121301_19741103.pdf
MI,Detroit News,121301,1974,JUDGE,,DETROIT RECORDER'S TRAFFIC,MI,"SILVERMAN, LAWRENCE D.",,1,,,,,0.92,,121301_19741103.pdf
MI,Detroit News,121301,1974,JUDGE,,WAYNE COUNTY JUVENILE,MI,"SIMPSON, SAMUEL L.",,1,,,,,0.92,,121301_19741103.pdf
MI,Detroit News,121301,1974,JUDGE,,WAYNE CIRCUIT EXISTING,MI,"SPIVAK, PETER B.",,1,,,,,0.92,,121301_19741103.pdf
MI,Detroit News,121301,1974,JUDGE,,WAYNE CIRCUIT NEW,MI,"SULLIVAN, JOSEPH B.",,1,,,,,0.92,,121301_19741103.pdf
MI,Detroit News,121301,1974,REGENT,,U OF MICHIGAN,MI,"PARKER, DONA SCOTT",,1,,,,,0.92,,121301_19741103.pdf
MI,Detroit News,121301,1974,REGENT,,U OF MICHIGAN,MI,"POWER, SARAH GODDARD",,1,,,,,0.78,OCR shows 'Power' or similar,121301_19741103.pdf
MI,Detroit News,121301,1974,SCHOOL BOARD,,DETROIT,MI,"QUINN, LONGWORTH D. JR.",,1,,,,,0.92,,121301_19741103.pdf
MI,Detroit News,121301,1974,STATE BOARD OF ED,,,MI,"SALTZMAN, FLORENCE F.",,1,,,,,0.92,,121301_19741103.pdf
MI,Detroit News,121301,1974,STATE REP,1,,MI,"LAW, ROBERT C.",,1,,,,,0.92,,121301_19741103.pdf
MI,Detroit News,121301,1974,STATE REP,12,,MI,"HERTEL, DENNIS M.",,1,,,,,0.92,,121301_19741103.pdf
MI,Detroit News,121301,1974,STATE REP,13,,MI,"BRYANT, WILLIAM R. JR.",,1,,,,,0.92,,121301_19741103.pdf
MI,Detroit News,121301,1974,STATE REP,14,,MI,"RYAN, WILLIAM A.",,1,,,,,0.92,,121301_19741103.pdf
MI,Detroit News,121301,1974,STATE REP,15,,MI,"YOUNG, JOSEPH F.",,1,,,,,0.92,,121301_19741103.pdf
MI,Detroit News,121301,1974,STATE REP,2,,MI,"LEGEL, JACK E.",,1,,,,,0.92,,121301_19741103.pdf
MI,Detroit News,121301,1974,STATE REP,21,,MI,"COLLINS, BARBARA-ROSE",,1,,,,,0.92,,121301_19741103.pdf
MI,Detroit News,121301,1974,STATE REP,28,,MI,"ANDERSON, THOMAS J.",,1,,,,,0.92,,121301_19741103.pdf
MI,Detroit News,121301,1974,STATE REP,29,,MI,"SHERIDAN, ALFRED A.",,1,,,,,0.92,,121301_19741103.pdf
MI,Detroit News,121301,1974,STATE REP,31,,MI,"MCCOLLOUGH, LUCILLE H.",,1,,,,,0.92,,121301_19741103.pdf
MI,Detroit News,121301,1974,STATE REP,33,,MI,"KEITH, WILLIAM R.",,1,,,,,0.92,,121301_19741103.pdf
MI,Detroit News,121301,1974,STATE REP,35,,MI,"GEAKE, R. ROBERT",,1,,,,,0.92,,121301_19741103.pdf
MI,Detroit News,121301,1974,STATE REP,36,,MI,"MARKES, JOHN F.",,1,,,,,0.92,,121301_19741103.pdf
MI,Detroit News,121301,1974,STATE REP,37,,MI,"BROWN, THOMAS H.",,1,,,,,0.92,,121301_19741103.pdf
MI,Detroit News,121301,1974,STATE REP,5,,MI,"CUSHINGBERRY, GEORGE JR.",,1,,,,,0.92,,121301_19741103.pdf
MI,Detroit News,121301,1974,STATE REP,6,,MI,"HOOD, MORRIS JR.",,1,,,,,0.92,,121301_19741103.pdf
MI,Detroit News,121301,1974,STATE REP,63,,MI,"MCNAMEE, RUTH B.",,1,,,,,0.92,,121301_19741103.pdf
MI,Detroit News,121301,1974,STATE REP,65,,MI,"BROTHERTON, WILBUR V.",,1,,,,,0.92,,121301_19741103.pdf
MI,Detroit News,121301,1974,STATE REP,66,,MI,"MASTIN, PHILIP O. JR.",,1,,,,,0.92,,121301_19741103.pdf
MI,Detroit News,121301,1974,STATE REP,8,,MI,"ELLIOTT, DAISY",,1,,,,,0.92,,121301_19741103.pdf
MI,Detroit News,121301,1974,STATE REP,9,,MI,"EDWARDS, GEORGE H.",,1,,,,,0.92,,121301_19741103.pdf
MI,Detroit News,121301,1974,STATE SENATOR,10,,MI,"MCCOLLOUGH, PATRICK H.",,1,,,,,0.92,,121301_19741103.pdf
MI,Detroit News,121301,1974,STATE SENATOR,11,,MI,"PERRY, AUDREY E.",,1,,,,,0.92,,121301_19741103.pdf
MI,Detroit News,121301,1974,STATE SENATOR,13,,MI,PLAWECKE,,1,,,,,0.78,,121301_19741103.pdf
MI,Detroit News,121301,1974,STATE SENATOR,14,,MI,"PURSELL, CARL D.",,1,,,,,0.92,,121301_19741103.pdf
MI,Detroit News,121301,1974,STATE SENATOR,17,,MI,"KAMMER, KERRY K.",,1,,,,,0.92,,121301_19741103.pdf
MI,Detroit News,121301,1974,STATE SENATOR,2,,MI,"HERTEL, JOHN C.",,1,,,,,0.92,,121301_19741103.pdf
MI,Detroit News,121301,1974,STATE SENATOR,26,,MI,"SNYDER, JOSEPH M.",,1,,,,,0.92,,121301_19741103.pdf
MI,Detroit News,121301,1974,STATE SENATOR,29,,MI,"KILDEE, DALE E.",Democrat,1,,,,,0.92,,121301_19741103.pdf
MI,Detroit News,121301,1974,STATE SENATOR,8,,MI,"SEROTKIN, DAVID M.",,1,,,,,0.92,,121301_19741103.pdf
MI,Detroit News,121301,1974,SUPREME COURT,,,MI,"FITZGERALD, JOHN W.",,1,,,,,0.92,,121301_19741103.pdf
MI,Detroit News,121301,1974,SUPREME COURT,,,MI,"KAVANAGH, THOMAS M.",,1,,,,,0.92,,121301_19741103.pdf
MI,Detroit News,121301,1974,TRUSTEE,,MICHIGAN STATE,MI,"MERRIMAN, FRANK",,1,,,,,0.92,,121301_19741103.pdf
MI,Detroit News,121301,1974,TRUSTEE,,MICHIGAN STATE,MI,"THOMPSON, KEN",,1,,,,,0.92,,121301_19741103.pdf
MI,Detroit News,121301,1974,WCCC TRUSTEE,1,,MI,"GRYLLS, JOHN K.",,1,,,,,0.92,,121301_19741103.pdf
MI,Detroit News,121301,1974,WCCC TRUSTEE,6,,MI,"MOORE, LORETTA",,1,,,,,0.92,,121301_19741103.pdf
MI,Detroit News,121301,1974,WCCC TRUSTEE,7,,MI,"MCCARTNEY, JAMES R.",,1,,,,,0.92,,121301_19741103.pdf
MI,Detroit News,121301,1976,AUDITOR,,Wayne County,MI,"MROZOWSKI, TED",,1,,,,,0.88,,121301_19761101.pdf
MI,Detroit News,121301,1976,CNTY CLERK,,Wayne County,MI,"KILLEEN, JAMES",,1,,,,,0.88,,121301_19761101.pdf
MI,Detroit News,121301,1976,CNTY COMM,10,Oakland County,MI,"DOYON, JAMES",,1,,,,,0.8,,121301_19761101.pdf
MI,Detroit News,121301,1976,CNTY COMM,11,Oakland County,MI,"HOOT, HENRY",,1,,,,,0.8,,121301_19761101.pdf
MI,Detroit News,121301,1976,CNTY COMM,13,Wayne County,MI,"TURNER, SAMUEL",,1,,,,,0.85,,121301_19761101.pdf
MI,Detroit News,121301,1976,CNTY COMM,15,Oakland County,MI,"MOFFITT, LILLIAN",,1,,,,,0.8,,121301_19761101.pdf
MI,Detroit News,121301,1976,CNTY COMM,16,Wayne County,MI,"BYKOWSKI, CLEMENS",,1,,,,,0.85,,121301_19761101.pdf
MI,Detroit News,121301,1976,CNTY COMM,16,Oakland County,MI,"PATTERSON, WILLIAM",,1,,,,,0.8,,121301_19761101.pdf
MI,Detroit News,121301,1976,CNTY COMM,17,Wayne County,MI,"KORNEY, JOHN",,1,,,,,0.85,,121301_19761101.pdf
MI,Detroit News,121301,1976,CNTY COMM,17,Oakland County,MI,"ROTH, KENNETH",,1,,,,,0.8,,121301_19761101.pdf
MI,Detroit News,121301,1976,CNTY COMM,18,Wayne County,MI,"MANNING, RICHARD",,1,,,,,0.85,,121301_19761101.pdf
MI,Detroit News,121301,1976,CNTY COMM,19,Oakland County,MI,"AARON, DENNIS",,1,,,,,0.7,District number partly garbled in OCR,121301_19761101.pdf
MI,Detroit News,121301,1976,CNTY COMM,2,Oakland County,MI,"MOXLEY, RALPH",,1,,,,,0.8,,121301_19761101.pdf
MI,Detroit News,121301,1976,CNTY COMM,20,Oakland County,MI,"PERNICK, LAWRENCE",,1,,,,,0.8,,121301_19761101.pdf
MI,Detroit News,121301,1976,CNTY COMM,21,Wayne County,MI,"BARR, JOHN",,1,,,,,0.85,,121301_19761101.pdf
MI,Detroit News,121301,1976,CNTY COMM,21,Oakland County,MI,"PERINOFF, ALEXANDER",,1,,,,,0.8,,121301_19761101.pdf
MI,Detroit News,121301,1976,CNTY COMM,24,Oakland County,MI,"MURPHY, DENNIS",,1,,,,,0.8,,121301_19761101.pdf
MI,Detroit News,121301,1976,CNTY COMM,24,Wayne County,MI,"SUZORE, WILLIAM",,1,,,,,0.85,,121301_19761101.pdf
MI,Detroit News,121301,1976,CNTY COMM,25,Oakland County,MI,"MCCONNELL, ROBERT",,1,,,,,0.8,,121301_19761101.pdf
MI,Detroit News,121301,1976,CNTY COMM,26,Oakland County,MI,"MONTANTE, JOSEPH",,1,,,,,0.8,,121301_19761101.pdf
MI,Detroit News,121301,1976,CNTY COMM,27,Oakland County,MI,"MCDONALD, JOHN",,1,,,,,0.8,,121301_19761101.pdf
MI,Detroit News,121301,1976,CNTY COMM,27,Wayne County,MI,"SMITH, ROYCE",,1,,,,,0.85,,121301_19761101.pdf
MI,Detroit News,121301,1976,CNTY COMM,3,Oakland County,MI,"KASPER, PAUL",,1,,,,,0.8,,121301_19761101.pdf
MI,Detroit News,121301,1976,CNTY COMM,4,Oakland County,MI,"DALY, PATRICK",,1,,,,,0.8,,121301_19761101.pdf
MI,Detroit News,121301,1976,CNTY COMM,6,Oakland County,MI,"PETERSON, JOHN",,1,,,,,0.8,,121301_19761101.pdf
MI,Detroit News,121301,1976,CNTY COMM,9,Wayne County,MI,"ROBINSON, ROSE MARY",,1,,,,,0.85,,121301_19761101.pdf
MI,Detroit News,121301,1976,COUNTY EXECUTIVE,,Oakland County,MI,"MASTIN, PHILIP",,1,,,,,0.88,,121301_19761101.pdf
MI,Detroit News,121301,1976,COURT OF APPEALS,,,MI,"BEASLEY, WILLIAM",Nonpartisan,1,,,,,0.88,,121301_19761101.pdf
MI,Detroit News,121301,1976,COURT OF APPEALS,,,MI,"GILLIS, JOHN",Nonpartisan,1,,,,,0.88,,121301_19761101.pdf
MI,Detroit News,121301,1976,COURT OF APPEALS,,,MI,"RILEY, DOROTHY",Nonpartisan,1,,,,,0.88,,121301_19761101.pdf
MI,Detroit News,121301,1976,DA/PROSECUTOR,,Wayne County,MI,"CAHALAN, WILLIAM",,1,,,,,0.9,,121301_19761101.pdf
MI,Detroit News,121301,1976,DA/PROSECUTOR,,Oakland County,MI,"PATTERSON, BROOKS",,1,,,,,0.9,,121301_19761101.pdf
MI,Detroit News,121301,1976,DRAIN COMMISSIONER,,Wayne County,MI,"CULLY, GEORGE",,1,,,,,0.85,,121301_19761101.pdf
MI,Detroit News,121301,1976,DRAIN COMMISSIONER,,Oakland County,MI,"KUHN, GEORGE",,1,,,,,0.85,,121301_19761101.pdf
MI,Detroit News,121301,1976,GOVERNOR-WAYNE-STATE,,Wayne State University,MI,"EDGECOMB, DIANE",,1,,,,,0.88,,121301_19761101.pdf
MI,Detroit News,121301,1976,GOVERNOR-WAYNE-STATE,,Wayne State University,MI,"EDWARDS, GEORGE",,1,,,,,0.88,,121301_19761101.pdf
MI,Detroit News,121301,1976,H,10,,MI,"CEDERBERG, ELFORD A.",Republican,1,,1,,,0.92,,121301_19761101.pdf
MI,Detroit News,121301,1976,H,11,,MI,"RUPPE, PHILIP E.",Republican,1,,1,,,0.92,,121301_19761101.pdf
MI,Detroit News,121301,1976,H,13,,MI,"DIGGS, CHARLES C. JR.",Democrat,1,1,,,,0.92,,121301_19761101.pdf
MI,Detroit News,121301,1976,H,14,,MI,"NEDZI, LUCIEN N.",Democrat,1,1,,,,0.92,,121301_19761101.pdf
MI,Detroit News,121301,1976,H,15,,MI,"FORD, WILLIAM D.",Democrat,1,1,,,,0.92,,121301_19761101.pdf
MI,Detroit News,121301,1976,H,17,,MI,"BRODHEAD, WILLIAM M.",Democrat,1,,,,,0.9,,121301_19761101.pdf
MI,Detroit News,121301,1976,H,18,,MI,"OLSEN, JOHN E.",Democrat,1,,,,,0.85,,121301_19761101.pdf
MI,Detroit News,121301,1976,H,19,,MI,"BROOMFIELD, WILLIAM S.",Republican,1,,1,,,0.92,,121301_19761101.pdf
MI,Detroit News,121301,1976,H,2,,MI,"PURSELL, CARL D.",Republican,1,,,,,0.92,,121301_19761101.pdf
MI,Detroit News,121301,1976,H,3,,MI,"BROWN, GARRY",Republican,1,,,,,0.92,,121301_19761101.pdf
MI,Detroit News,121301,1976,H,6,,MI,"TAYLOR, CLIFFORD W.",Republican,1,,,,,0.85,OCR district numbering was column-broken; cross-checked against 1976 MI House election data,121301_19761101.pdf
MI,Detroit News,121301,1976,H,7,,MI,"KILDEE, DALE E.",Democrat,1,,,,,0.92,,121301_19761101.pdf
MI,Detroit News,121301,1976,H,8,,MI,"DENTON, E. BRADY",,1,,,,,0.85,OCR readable but party unclear in clipping,121301_19761101.pdf
MI,Detroit News,121301,1976,H,9,,MI,"VANDER JAGT, GUY",Republican,1,,1,,,0.92,,121301_19761101.pdf
MI,Detroit News,121301,1976,JUDGE,,Wayne County Circuit Court,MI,BOHN,Nonpartisan,1,,,,,0.7,OCR shows last name only; first name not legible,121301_19761101.pdf
MI,Detroit News,121301,1976,JUDGE,,Detroit Recorder's Court,MI,"BOYLE, PATRICIA",Nonpartisan,1,,,,,0.85,,121301_19761101.pdf
MI,Detroit News,121301,1976,JUDGE,,Oakland County Circuit Court,MI,"BRECK, DAVID",Nonpartisan,1,,,,,0.85,,121301_19761101.pdf
MI,Detroit News,121301,1976,JUDGE,,Wayne County Circuit Court,MI,COLLINS,Nonpartisan,1,,,,,0.7,OCR shows last name only; first name not legible,121301_19761101.pdf
MI,Detroit News,121301,1976,JUDGE,,Wayne County Circuit Court,MI,"COLOMBO, ROBERT",Nonpartisan,1,,,,,0.85,,121301_19761101.pdf
MI,Detroit News,121301,1976,JUDGE,,Detroit Recorder's Court,MI,"CONNOR, MICHAEL",Nonpartisan,1,,,,,0.85,,121301_19761101.pdf
MI,Detroit News,121301,1976,JUDGE,,Macomb County Circuit Court,MI,"DENEWETH, GEORGE",Nonpartisan,1,,,,,0.85,,121301_19761101.pdf
MI,Detroit News,121301,1976,JUDGE,,Detroit Recorder's Court,MI,"HARPER, ALPHONSO",Nonpartisan,1,,,,,0.85,,121301_19761101.pdf
MI,Detroit News,121301,1976,JUDGE,,Detroit Common Pleas Court,MI,"HARRISON, CHARLIE",Nonpartisan,1,,,,,0.85,,121301_19761101.pdf
MI,Detroit News,121301,1976,JUDGE,,Wayne County Circuit Court,MI,"HAUSNER, JOHN",Nonpartisan,1,,,,,0.85,,121301_19761101.pdf
MI,Detroit News,121301,1976,JUDGE,,Detroit Common Pleas Court,MI,"LACEY, JAMES",Nonpartisan,1,,,,,0.85,,121301_19761101.pdf
MI,Detroit News,121301,1976,JUDGE,,Wayne County Circuit Court,MI,"MOYNIHAN, JOSEPH",Nonpartisan,1,,,,,0.85,,121301_19761101.pdf
MI,Detroit News,121301,1976,JUDGE,,Detroit Recorder's Court,MI,"ROBERSON, DALTON",Nonpartisan,1,,,,,0.85,,121301_19761101.pdf
MI,Detroit News,121301,1976,JUDGE,,Oakland County Circuit Court,MI,"THORBURN, JAMES",Nonpartisan,1,,,,,0.85,,121301_19761101.pdf
MI,Detroit News,121301,1976,JUDGE,,Wayne County Circuit Court,MI,"WAHLS, MYRON",Nonpartisan,1,,,,,0.85,,121301_19761101.pdf
MI,Detroit News,121301,1976,JUDGE,,Wayne County Circuit Court,MI,"WISE, JOHN",Nonpartisan,1,,,,,0.85,,121301_19761101.pdf
MI,Detroit News,121301,1976,PRESIDENT,,,MI,"FORD, GERALD R.",Republican,1,,1,,,0.93,,121301_19761101.pdf
MI,Detroit News,121301,1976,REGENT,,University of Michigan,MI,"ALLEN, LYNN",,1,,,,,0.88,,121301_19761101.pdf
MI,Detroit News,121301,1976,REGENT,,University of Michigan,MI,"DUNN, GERALD",,1,,,,,0.88,,121301_19761101.pdf
MI,Detroit News,121301,1976,REGENT,,University of Michigan,MI,"NEDERLANDER, ROBERT",,1,,,,,0.88,,121301_19761101.pdf
MI,Detroit News,121301,1976,REGISTER OF DEEDS,,Wayne County,MI,"YOUNGBLOOD, FOREST E.",,1,,,,,0.88,,121301_19761101.pdf
MI,Detroit News,121301,1976,SENATOR,,,MI,"ESCH, MARVIN L.",Republican,1,,,,,0.92,,121301_19761101.pdf
MI,Detroit News,121301,1976,SHERIFF,,Wayne County,MI,"LUCAS, WILLIAM",,1,,,,,0.9,,121301_19761101.pdf
MI,Detroit News,121301,1976,SHERIFF,,Oakland County,MI,"SPREEN, JOHANNES",,1,,,,,0.88,,121301_19761101.pdf
MI,Detroit News,121301,1976,STATE BOARD OF ED,,,MI,"SALTZMAN, FLORENCE",,1,,,,,0.88,,121301_19761101.pdf
MI,Detroit News,121301,1976,STATE BOARD OF ED,,,MI,"WATANEN, JOHN",,1,,,,,0.88,,121301_19761101.pdf
MI,Detroit News,121301,1976,SUPREME COURT,,,MI,"KAVANAGH, THOMAS",Nonpartisan,1,,,,,0.9,,121301_19761101.pdf
MI,Detroit News,121301,1976,SUPREME COURT,,,MI,"LINDEMER, LAWRENCE",Nonpartisan,1,,,,,0.9,,121301_19761101.pdf
MI,Detroit News,121301,1976,SUPREME COURT,,,MI,"RYAN, JAMES",Nonpartisan,1,,,,,0.9,,121301_19761101.pdf
MI,Detroit News,121301,1976,TREASURER,,Oakland County,MI,"DOHANY, HUGH",,1,,,,,0.85,,121301_19761101.pdf
MI,Detroit News,121301,1976,TREASURER,,Wayne County,MI,"WOJTOWICZ, RAYMOND",,1,,,,,0.88,,121301_19761101.pdf
MI,Detroit News,121301,1976,TRUSTEE,,Michigan State University,MI,"GADOLA, PAUL",,1,,,,,0.88,,121301_19761101.pdf
MI,Detroit News,121301,1976,TRUSTEE,,Michigan State University,MI,"MARTIN, BLANCHE",,1,,,,,0.88,,121301_19761101.pdf
MI,Detroit News,121301,1976,VICE PRESIDENT,,,MI,"DOLE, ROBERT J.",Republican,1,,,,,0.93,,121301_19761101.pdf
MI,Detroit News,121301,1978,GOVERNOR,,,MI,"MILLIKEN, WILLIAM G.",Republican,1,,1,,,0.95,,121301_19781105.pdf
MI,Detroit News,121301,1978,H,13,,MI,"DIGGS, CHARLES C. JR.",Democrat,0,1,,,Detroit News withdrew prior endorsement after Diggs' 29-count felony conviction. 'He loses our vote.',0.95,Detroit News explicitly opposes incumbent in Oct 20 editorial 'Dropping Diggs',121301_19781105.pdf
MI,Detroit News,121301,1978,SENATOR,,,MI,"GRIFFIN, ROBERT P.",Republican,1,,1,,,0.95,,121301_19781105.pdf
MI,Detroit News,121301,1980,COUNTY EXECUTIVE,,Oakland County,MI,"MURPHY, DANIEL",,1,,,,,0.88,,121301_19801103.pdf
MI,Detroit News,121301,1980,COURT OF APPEALS,1,,MI,"BASHARA, GEORGE N. JR.",Nonpartisan,1,,,,,0.92,,121301_19801103.pdf
MI,Detroit News,121301,1980,COURT OF APPEALS,1,,MI,"BRENNAN, VINCENT J.",Nonpartisan,1,,,,,0.92,,121301_19801103.pdf
MI,Detroit News,121301,1980,COURT OF APPEALS,2,,MI,"BRONSON, S. JEROME",Nonpartisan,1,,,,,0.92,,121301_19801103.pdf
MI,Detroit News,121301,1980,COURT OF APPEALS,2,,MI,"DANHOF, ROBERT J.",Nonpartisan,1,,,,,0.92,,121301_19801103.pdf
MI,Detroit News,121301,1980,COURT OF APPEALS,3,,MI,"ALLEN, GLENN S. JR.",Nonpartisan,1,,,,,0.92,,121301_19801103.pdf
MI,Detroit News,121301,1980,COURT OF APPEALS,3,,MI,"BURNS, THOMAS M.",Nonpartisan,1,,,,,0.92,,121301_19801103.pdf
MI,Detroit News,121301,1980,GOVERNOR-WAYNE-STATE,,Wayne State University,MI,"KEYDEL, KURT",,1,,,,,0.88,,121301_19801103.pdf
MI,Detroit News,121301,1980,GOVERNOR-WAYNE-STATE,,Wayne State University,MI,"VAN DUSEN, RICHARD",,1,,,,,0.88,,121301_19801103.pdf
MI,Detroit News,121301,1980,H,1,,MI,"CONYERS, JOHN",Democrat,1,1,,,,0.92,,121301_19801103.pdf
MI,Detroit News,121301,1980,H,10,,MI,"ALLEN, RICHARD",Republican,1,,,,,0.9,,121301_19801103.pdf
MI,Detroit News,121301,1980,H,14,,MI,"HERTEL, DENNIS",Democrat,1,,,,,0.9,,121301_19801103.pdf
MI,Detroit News,121301,1980,H,16,,MI,"DINGELL, JOHN",Democrat,1,1,,,,0.92,,121301_19801103.pdf
MI,Detroit News,121301,1980,H,17,,MI,"BRODHEAD, WILLIAM",Democrat,1,1,,,,0.92,,121301_19801103.pdf
MI,Detroit News,121301,1980,H,18,,MI,"BLANCHARD, JAMES",Democrat,1,1,,,,0.92,,121301_19801103.pdf
MI,Detroit News,121301,1980,H,2,,MI,"PURSELL, CARL",Republican,1,,1,,,0.92,,121301_19801103.pdf
MI,Detroit News,121301,1980,H,3,,MI,"GILMORE, JAMES",Republican,1,,,,,0.9,,121301_19801103.pdf
MI,Detroit News,121301,1980,H,4,,MI,"STOCKMAN, DAVID",Republican,1,,1,,,0.92,,121301_19801103.pdf
MI,Detroit News,121301,1980,H,7,,MI,"KILDEE, DALE",Democrat,1,1,,,,0.92,,121301_19801103.pdf
MI,Detroit News,121301,1980,H,9,,MI,"VANDER JAGT, GUY",Republican,1,,1,,,0.92,,121301_19801103.pdf
MI,Detroit News,121301,1980,JUDGE,,Detroit Recorder's Court,MI,"BOYLE, TERRANCE K.",Nonpartisan,1,,,,,0.88,,121301_19801103.pdf
MI,Detroit News,121301,1980,JUDGE,,Detroit Common Pleas Court,MI,"CONNOLLY, JOHN W.",Nonpartisan,1,,,,,0.88,,121301_19801103.pdf
MI,Detroit News,121301,1980,JUDGE,,Detroit Common Pleas Court,MI,"DOSS, THERESA",Nonpartisan,1,,,,,0.88,,121301_19801103.pdf
MI,Detroit News,121301,1980,JUDGE,,Detroit Common Pleas Court,MI,"FINCH, SHARON TEVIS",Nonpartisan,1,,,,,0.88,,121301_19801103.pdf
MI,Detroit News,121301,1980,JUDGE,,Detroit Recorder's Court,MI,"JASPER, BEVERLEY ANNE",Nonpartisan,1,,,,,0.88,,121301_19801103.pdf
MI,Detroit News,121301,1980,JUDGE,,Detroit Recorder's Court,MI,"MOORE, MARION",Nonpartisan,1,,,,,0.88,,121301_19801103.pdf
MI,Detroit News,121301,1980,JUDGE,,Detroit Traffic Court,MI,"MORTON, HERBERT J. JR.",Nonpartisan,1,,,,,0.85,,121301_19801103.pdf
MI,Detroit News,121301,1980,JUDGE,,Detroit Common Pleas Court,MI,"WHITE, HELENE NITA",Nonpartisan,1,,,,,0.88,,121301_19801103.pdf
MI,Detroit News,121301,1980,JUDGE,10,Saginaw County Circuit Court,MI,"GILBERT, ROBERT S.",Nonpartisan,1,,,,,0.88,,121301_19801103.pdf
MI,Detroit News,121301,1980,JUDGE,10,Calhoun County District Court,MI,"MAGNOTTA, ALFONSO A.",Nonpartisan,1,,,,,0.85,,121301_19801103.pdf
MI,Detroit News,121301,1980,JUDGE,10,Saginaw County Circuit Court,MI,"MCDONALD, JOSEPH R.",Nonpartisan,1,,,,,0.88,,121301_19801103.pdf
MI,Detroit News,121301,1980,JUDGE,14,Washtenaw County District Court,MI,"FINK, ROBERT V.",Nonpartisan,1,,,,,0.85,,121301_19801103.pdf
MI,Detroit News,121301,1980,JUDGE,14,Washtenaw County District Court,MI,"STANOWSKI, JO VAN",Nonpartisan,1,,,,,0.78,OCR rendered name unclearly as 'JO VAN LY W. STANOWSKI'; may be 'Jo Van Stanowski',121301_19801103.pdf
MI,Detroit News,121301,1980,JUDGE,16,Macomb County Circuit Court,MI,"DANER, JAMES C.",Nonpartisan,1,,,,,0.9,,121301_19801103.pdf
MI,Detroit News,121301,1980,JUDGE,18,Bay County Circuit Court,MI,"CAPRATHE, WILLIAM J.",Nonpartisan,1,,,,,0.88,,121301_19801103.pdf
MI,Detroit News,121301,1980,JUDGE,24,Allen Park/Melvindale District Court,MI,"DEBIASI, A. R.",Nonpartisan,1,,,,,0.85,,121301_19801103.pdf
MI,Detroit News,121301,1980,JUDGE,24,Allen Park/Melvindale District Court,MI,"RUSSELL, MICHAEL T.",Nonpartisan,1,,,,,0.85,,121301_19801103.pdf
MI,Detroit News,121301,1980,JUDGE,25,Lincoln Park District Court,MI,"CHAPMAN, WILLIAM T.",Nonpartisan,1,,,,,0.85,,121301_19801103.pdf
MI,Detroit News,121301,1980,JUDGE,25,Lincoln Park District Court,MI,"CICOTTE, ROY B.",Nonpartisan,1,,,,,0.85,,121301_19801103.pdf
MI,Detroit News,121301,1980,JUDGE,25,Marquette County Circuit Court,MI,"QUINNELL, EDWARD A.",Nonpartisan,1,,,,,0.88,,121301_19801103.pdf
MI,Detroit News,121301,1980,JUDGE,3,Wayne County Circuit Court,MI,"BATTANI, MARIANNE O.",Nonpartisan,1,,,,,0.9,,121301_19801103.pdf
MI,Detroit News,121301,1980,JUDGE,3,Wayne County Circuit Court,MI,"KAUFMAN, RICHARD C.",Nonpartisan,1,,,,,0.9,,121301_19801103.pdf
MI,Detroit News,121301,1980,JUDGE,3,Wayne County Circuit Court,MI,"MCDONALD, PATRICK J.",Nonpartisan,1,,,,,0.9,,121301_19801103.pdf
MI,Detroit News,121301,1980,JUDGE,31,St. Clair County Circuit Court,MI,"DEEGAN, PETER E.",Nonpartisan,1,,,,,0.88,,121301_19801103.pdf
MI,Detroit News,121301,1980,JUDGE,33,Wayne County District Court,MI,"STROIA, AUDREY C.",Nonpartisan,1,,,,,0.85,,121301_19801103.pdf
MI,Detroit News,121301,1980,JUDGE,37,Macomb County District Court,MI,"JAKUBOWSKI, WALTER",Nonpartisan,1,,,,,0.85,,121301_19801103.pdf
MI,Detroit News,121301,1980,JUDGE,4,Jackson County Circuit Court,MI,"FLEMING, JAMES G.",Nonpartisan,1,,,,,0.88,,121301_19801103.pdf
MI,Detroit News,121301,1980,JUDGE,4,Jackson County Circuit Court,MI,"NOBLE, RUSSELL E.",Nonpartisan,1,,,,,0.88,,121301_19801103.pdf
MI,Detroit News,121301,1980,JUDGE,43,Oakland County District Court,MI,"HUNT, MONTAGUE R.",Nonpartisan,1,,,,,0.85,,121301_19801103.pdf
MI,Detroit News,121301,1980,JUDGE,46,Southfield District Court,MI,"COOPER, STEPHEN C.",Nonpartisan,1,,,,,0.85,Endorsed over incumbent Judge Clarence A. Reid Jr.,121301_19801103.pdf
MI,Detroit News,121301,1980,JUDGE,46,Southfield District Court,MI,"REID, CLARENCE A. JR.",Nonpartisan,0,,,,,0.85,Incumbent opposed by DN endorsement of Cooper,121301_19801103.pdf
MI,Detroit News,121301,1980,JUDGE,47,Farmington District Court,MI,"SCHAEFFER, MARGARET G.",Nonpartisan,1,,,,,0.85,,121301_19801103.pdf
MI,Detroit News,121301,1980,JUDGE,5,Berrien County District Court,MI,"RIGBY, JOHN M.",Nonpartisan,1,,,,,0.85,,121301_19801103.pdf
MI,Detroit News,121301,1980,JUDGE,5,Berrien County District Court,MI,"TAYLOR, RONALD J.",Nonpartisan,1,,,,,0.85,,121301_19801103.pdf
MI,Detroit News,121301,1980,JUDGE,52-1,Oakland Townships District Court,MI,"BULGARELLI, HAROLD M.",Nonpartisan,1,,,,,0.85,,121301_19801103.pdf
MI,Detroit News,121301,1980,JUDGE,52-3,Rochester District Court,MI,"SHEEHY, JAMES P.",Nonpartisan,1,,,,,0.8,Endorsed over unnamed incumbent,121301_19801103.pdf
MI,Detroit News,121301,1980,JUDGE,53,Cheboygan County Circuit Court,MI,"TSCHIRHART, PHILIP S.",Nonpartisan,1,,,,,0.88,,121301_19801103.pdf
MI,Detroit News,121301,1980,JUDGE,54-A,Lansing District Court,MI,"COLLETTE, WILLIAM EDWARD",Nonpartisan,1,,,,,0.85,,121301_19801103.pdf
MI,Detroit News,121301,1980,JUDGE,55,Ingham County District Court,MI,"BASZLER, ALVIN E. JR.",Nonpartisan,1,,,,,0.85,4-year vacancy seat,121301_19801103.pdf
MI,Detroit News,121301,1980,JUDGE,55,Ingham County District Court,MI,"BRENNAN, THOMAS E. JR.",Nonpartisan,1,,,,,0.85,,121301_19801103.pdf
MI,Detroit News,121301,1980,JUDGE,6,Oakland County Circuit Court,MI,"LA PLATA, GEORGE",Nonpartisan,1,,,,,0.9,,121301_19801103.pdf
MI,Detroit News,121301,1980,JUDGE,6,Oakland County Circuit Court,MI,"MCCARTHY, JAMES F.",Nonpartisan,1,,,,,0.9,,121301_19801103.pdf
MI,Detroit News,121301,1980,JUDGE,68,Flint District Court,MI,"SIEGEL, KENNETH M.",Nonpartisan,1,,,,,0.85,,121301_19801103.pdf
MI,Detroit News,121301,1980,JUDGE,70-1,Saginaw Townships District Court,MI,"DEFRANCESCO, JOSEPH G.",Nonpartisan,1,,,,,0.85,,121301_19801103.pdf
MI,Detroit News,121301,1980,JUDGE,70-1,Saginaw Townships District Court,MI,"PALACIOS, ALEJANDRO C.",Nonpartisan,1,,,,,0.85,4-year vacancy seat,121301_19801103.pdf
MI,Detroit News,121301,1980,JUDGE,70-2,Saginaw County District Court,MI,"BRIGHT, ROBERT E.",Nonpartisan,1,,,,,0.85,,121301_19801103.pdf
MI,Detroit News,121301,1980,JUDGE,72,St. Clair County District Court,MI,"HAMM, WILBUR V.",Nonpartisan,1,,,,,0.85,,121301_19801103.pdf
MI,Detroit News,121301,1980,JUDGE,8,Kalamazoo County District Court,MI,"LONG, KENNETH E.",Nonpartisan,1,,,,,0.85,,121301_19801103.pdf
MI,Detroit News,121301,1980,JUDGE,9,Kalamazoo City District Court,MI,"HANNON, ANN",Nonpartisan,1,,,,,0.85,,121301_19801103.pdf
MI,Detroit News,121301,1980,JUDGE,9,Kalamazoo County Circuit Court,MI,"MCCAULEY, PATRICK H.",Nonpartisan,1,,,,,0.85,OCR rendered as 'McCAULFY',121301_19801103.pdf
MI,Detroit News,121301,1980,JUDGE,9,Kalamazoo County Circuit Court,MI,"NURRIF, JERRY L.",Nonpartisan,1,,,,,0.8,Last name uncertain in OCR,121301_19801103.pdf
MI,Detroit News,121301,1980,PRESIDENT,,,MI,"REAGAN, RONALD",Republican,1,,,,,0.95,,121301_19801103.pdf
MI,Detroit News,121301,1980,REGENT,,University of Michigan,MI,"GADOLA, PAUL",,1,,,,,0.85,OCR placement ambiguous between U-M Regents and MSU Trustees,121301_19801103.pdf
MI,Detroit News,121301,1980,STATE BOARD OF ED,,,MI,"BAKER, DEANE",,1,,,,,0.85,Listed under State Board of Education in column,121301_19801103.pdf
MI,Detroit News,121301,1980,STATE BOARD OF ED,,,MI,"VARNER, NELLIE",,1,,,,,0.85,Listed under State Board of Education in column,121301_19801103.pdf
MI,Detroit News,121301,1980,STATE REP,100,,MI,"BUSCH, J. MICHAEL",,1,,,,,0.85,,121301_19801103.pdf
MI,Detroit News,121301,1980,STATE REP,104,,MI,"BINSFELD, CONNIE",Republican,1,,,,,0.85,,121301_19801103.pdf
MI,Detroit News,121301,1980,STATE REP,12,,MI,"HERTEL, CURTIS",Democrat,1,,,,,0.88,,121301_19801103.pdf
MI,Detroit News,121301,1980,STATE REP,13,,MI,"BRYANT, WILLIAM JR.",Democrat,1,,,,,0.88,,121301_19801103.pdf
MI,Detroit News,121301,1980,STATE REP,14,,MI,"RYAN, WILLIAM",Democrat,1,,,,,0.88,,121301_19801103.pdf
MI,Detroit News,121301,1980,STATE REP,2,,MI,"LELAND, BURTON",Democrat,1,,,,,0.88,,121301_19801103.pdf
MI,Detroit News,121301,1980,STATE REP,26,,MI,"DEBEAUSSAERT, KENNETH",Democrat,1,,,,,0.88,,121301_19801103.pdf
MI,Detroit News,121301,1980,STATE REP,36,,MI,"SKREL, SYLVIA",,1,,,,,0.85,,121301_19801103.pdf
MI,Detroit News,121301,1980,STATE REP,5,,MI,"HUNTER, TEOLA",Democrat,1,,,,,0.88,,121301_19801103.pdf
MI,Detroit News,121301,1980,STATE REP,56,,MI,"DAVIS, BILL",,1,,,,,0.85,,121301_19801103.pdf
MI,Detroit News,121301,1980,STATE REP,6,,MI,"HOOD, MORRIS JR.",Democrat,1,,,,,0.88,,121301_19801103.pdf
MI,Detroit News,121301,1980,STATE REP,61,,MI,"TOMBOULIAN, ALICE",,1,,,,,0.85,,121301_19801103.pdf
MI,Detroit News,121301,1980,STATE REP,67,,MI,"FORBES, JOE",,1,,,,,0.85,,121301_19801103.pdf
MI,Detroit News,121301,1980,STATE REP,68,,MI,"JOHNSON, SHIRLEY",Republican,1,,,,,0.85,,121301_19801103.pdf
MI,Detroit News,121301,1980,STATE REP,71,,MI,"CRUCE, DOUG",,1,,,,,0.8,District number partially garbled in OCR ('ist'); inferred from sequence,121301_19801103.pdf
MI,Detroit News,121301,1980,STATE REP,93,,MI,"ALBRITTEN, DREW",,1,,,,,0.85,,121301_19801103.pdf
MI,Detroit News,121301,1980,STATE REP,96,,MI,"KNIGHT, MARVIN",,1,,,,,0.85,,121301_19801103.pdf
MI,Detroit News,121301,1980,SUPREME COURT,,,MI,"COLEMAN, MARY S.",Nonpartisan,1,,,,,0.92,,121301_19801103.pdf
MI,Detroit News,121301,1980,SUPREME COURT,,,MI,"LEVIN, CHARLES L.",Nonpartisan,1,,,,,0.92,,121301_19801103.pdf
MI,Detroit News,121301,1980,TRUSTEE,,Michigan State University,MI,"BYRUM, WILLIAM",,1,,,,,0.82,OCR shows 'Thomas Reed or William Byrum' - 2 trustee seats with 3 candidates listed,121301_19801103.pdf
MI,Detroit News,121301,1980,TRUSTEE,,Michigan State University,MI,"REED, THOMAS",,1,,,,,0.82,OCR shows 'Thomas Reed or William Byrum' - 2 trustee seats with 3 candidates listed,121301_19801103.pdf
MI,Detroit News,121301,1980,VICE PRESIDENT,,,MI,"BUSH, GEORGE",Republican,1,,,,,0.95,,121301_19801103.pdf
MI,Detroit News,121301,1980,WCCC TRUSTEE,1,Wayne County Community College,MI,"STEVENSON, RICHARD",,1,,,,,0.85,,121301_19801103.pdf
MI,Detroit News,121301,1980,WCCC TRUSTEE,6,Wayne County Community College,MI,"MILLER, DORIS",,1,,,,,0.85,,121301_19801103.pdf
MI,Detroit News,121301,1982,ATTORNEY GENERAL,,,MI,"KELLEY, FRANK",Democrat,0,1,,,Incumbent opposed; 'has used his office to demagog on utility rates',0.9,,121301_19821031.pdf
MI,Detroit News,121301,1982,ATTORNEY GENERAL,,,MI,"PATTERSON, BROOKS",Republican,1,,,,Clearly preferable to incumbent,0.92,,121301_19821031.pdf
MI,Detroit News,121301,1982,GOVERNOR,,,MI,"BLANCHARD, JAMES",Democrat,0,,,,Paper opposes; characterized as statist with WPA-style schemes,0.92,,121301_19821031.pdf
MI,Detroit News,121301,1982,GOVERNOR,,,MI,"HEADLEE, RICHARD",Republican,1,,,,Best man for the task; especially timely choice,0.95,,121301_19821031.pdf
MI,Detroit News,121301,1982,H,17,,MI,"ROSEN, GERALD",Republican,1,,,,,0.9,,121301_19821031.pdf
MI,Detroit News,121301,1982,H,5,,MI,"DUNN, JIM",Republican,1,,1,,,0.92,,121301_19821031.pdf
MI,Detroit News,121301,1982,H,6,,MI,"SAWYER, HAROLD",Republican,1,,1,,,0.92,,121301_19821031.pdf
MI,Detroit News,121301,1982,SENATOR,,,MI,"RIEGLE, DONALD",Democrat,1,1,,,Reluctantly endorsed; 'better campaigner than officeholder' but Republican opponent offered no convincing case,0.9,,121301_19821031.pdf
MI,Detroit News,121301,1982,SUPREME COURT,,,MI,"MOODY, BLAIR JR.",Nonpartisan,1,,,,Incumbent,0.92,,121301_19821031.pdf
MI,Detroit News,121301,1982,SUPREME COURT,,,MI,"RILEY, DOROTHY COMSTOCK",Nonpartisan,1,,,,,0.92,,121301_19821031.pdf
MI,Detroit News,121301,1984,CNTY COMM,1,Wayne County,MI,"HERTEL, JOHN",,1,,,,,0.88,,121301_19841104.pdf
MI,Detroit News,121301,1984,CNTY COMM,15,Wayne County,MI,"BOLLER, W. CURT",,1,,,,,0.88,,121301_19841104.pdf
MI,Detroit News,121301,1984,CNTY COMM,7,Wayne County,MI,"CARTER, ARTHUR M.",,1,,,,,0.88,,121301_19841104.pdf
MI,Detroit News,121301,1984,COUNTY EXECUTIVE,,Oakland County,MI,"MURPHY, DANIEL",,1,,,,,0.9,,121301_19841104.pdf
MI,Detroit News,121301,1984,DA/PROSECUTOR,,Macomb County,MI,"MARLINGA, CARL",,1,,,,,0.9,,121301_19841104.pdf
MI,Detroit News,121301,1984,DA/PROSECUTOR,,Oakland County,MI,"PATTERSON, L. BROOKS",,1,,,,,0.92,,121301_19841104.pdf
MI,Detroit News,121301,1984,GOVERNOR-WAYNE-STATE,,Wayne State University,MI,"BASHARA, GEORGE N.",,1,,,,,0.88,,121301_19841104.pdf
MI,Detroit News,121301,1984,GOVERNOR-WAYNE-STATE,,Wayne State University,MI,"LEWIS, DENISE J.",,1,,,,,0.88,,121301_19841104.pdf
MI,Detroit News,121301,1984,H,10,,MI,"SCHUETTE, BILL",Republican,1,,,,,0.9,,121301_19841104.pdf
MI,Detroit News,121301,1984,H,15,,MI,"FORD, WILLIAM",Democrat,1,1,,,,0.92,,121301_19841104.pdf
MI,Detroit News,121301,1984,H,3,,MI,"MCGREGOR, JACKIE",Republican,1,,,,,0.9,,121301_19841104.pdf
MI,Detroit News,121301,1984,H,5,,MI,"HENRY, PAUL",Republican,1,,,,,0.9,,121301_19841104.pdf
MI,Detroit News,121301,1984,H,6,,MI,"RITTER, TOM",Republican,1,,,,,0.9,,121301_19841104.pdf
MI,Detroit News,121301,1984,JUDGE,,Oakland County Circuit Court,MI,"ANDREWS, STEVEN N.",Nonpartisan,1,,,,,0.88,,121301_19841104.pdf
MI,Detroit News,121301,1984,JUDGE,,Wayne County Probate Court,MI,"DRAKE, CHESTER W. JR.",Nonpartisan,1,,,,,0.88,,121301_19841104.pdf
MI,Detroit News,121301,1984,JUDGE,,Wayne County Circuit Court,MI,"HATHAWAY, RICHARD P.",Nonpartisan,1,,,,,0.88,,121301_19841104.pdf
MI,Detroit News,121301,1984,JUDGE,,Wayne County Circuit Court,MI,"KERWIN, DAVID P.",Nonpartisan,1,,,,,0.88,,121301_19841104.pdf
MI,Detroit News,121301,1984,JUDGE,,Oakland County Circuit Court,MI,"LA PLATA, GEORGE",Nonpartisan,1,,,,,0.88,,121301_19841104.pdf
MI,Detroit News,121301,1984,JUDGE,,Oakland County Circuit Court,MI,"MESTER, FRED M.",Nonpartisan,1,,,,,0.88,,121301_19841104.pdf
MI,Detroit News,121301,1984,JUDGE,,Oakland County Circuit Court,MI,"SCHNELZ, GENE",Nonpartisan,1,,,,,0.88,,121301_19841104.pdf
MI,Detroit News,121301,1984,JUDGE,,Oakland County Circuit Court,MI,"TEMPLIN, ROBERT L. JR.",Nonpartisan,1,,,,,0.88,,121301_19841104.pdf
MI,Detroit News,121301,1984,JUDGE,36,Detroit District Court,MI,"LIPSCOMB, WILLIE",Nonpartisan,1,,,,,0.88,,121301_19841104.pdf
MI,Detroit News,121301,1984,JUDGE,36,Detroit District Court,MI,"WALLACE, THEODORE CALVIN",Nonpartisan,1,,,,,0.88,,121301_19841104.pdf
MI,Detroit News,121301,1984,PRESIDENT,,,MI,"REAGAN, RONALD",Republican,1,,1,,,0.95,,121301_19841104.pdf
MI,Detroit News,121301,1984,PUBLIC WORKS COMMISSIONER,,Macomb County,MI,"ODROBINA, TED",,1,,,,,0.85,,121301_19841104.pdf
MI,Detroit News,121301,1984,REGENT,,University of Michigan,MI,"NEDERLANDER, ROBERT J.",,1,,,,,0.88,,121301_19841104.pdf
MI,Detroit News,121301,1984,REGENT,,University of Michigan,MI,"NEILSON, NEAL",,1,,,,,0.88,,121301_19841104.pdf
MI,Detroit News,121301,1984,SCHOOL BOARD,6,Detroit,MI,"GACKI, JOAN",Nonpartisan,1,,,,,0.88,,121301_19841104.pdf
MI,Detroit News,121301,1984,SCHOOL BOARD,AT-LARGE,Detroit,MI,"BLACKMON, MARY",Nonpartisan,1,,,,,0.88,,121301_19841104.pdf
MI,Detroit News,121301,1984,SCHOOL BOARD,AT-LARGE,Detroit,MI,"JACKSON, MARIE A.",Nonpartisan,1,,,,,0.88,,121301_19841104.pdf
MI,Detroit News,121301,1984,SCHOOL BOARD,AT-LARGE,Detroit,MI,"MORTON, THEODERICK",Nonpartisan,1,,,,,0.88,,121301_19841104.pdf
MI,Detroit News,121301,1984,SCHOOL BOARD,AT-LARGE,Detroit,MI,"RUTHERFORD, CLARA",Nonpartisan,1,,,,,0.88,,121301_19841104.pdf
MI,Detroit News,121301,1984,SENATOR,,,MI,"LOUSMA, JACK",Republican,1,,,,,0.92,,121301_19841104.pdf
MI,Detroit News,121301,1984,SHERIFF,,Macomb County,MI,"HACKEL, WILLIAM H.",,1,,,,,0.9,,121301_19841104.pdf
MI,Detroit News,121301,1984,SHERIFF,,Oakland County,MI,"NICHOLS, JOHN",,1,,,,,0.9,,121301_19841104.pdf
MI,Detroit News,121301,1984,STATE BOARD OF ED,,,MI,"BEARDMORE, DOROTHY",,1,,,,,0.88,,121301_19841104.pdf
MI,Detroit News,121301,1984,STATE BOARD OF ED,,,MI,"JACOBUS, CHERRY",,1,,,,,0.88,,121301_19841104.pdf
MI,Detroit News,121301,1984,STATE REP,103,,MI,"OSTLING, RALPH",,1,,,,,0.88,,121301_19841104.pdf
MI,Detroit News,121301,1984,STATE REP,106,,MI,"PRIDNIA, JOHN",,1,,,,,0.88,,121301_19841104.pdf
MI,Detroit News,121301,1984,STATE REP,26,,MI,"CARL, DOUG",,1,,,,,0.88,,121301_19841104.pdf
MI,Detroit News,121301,1984,STATE REP,31,,MI,"RUNCO, WILLIAM",,1,,,,,0.88,,121301_19841104.pdf
MI,Detroit News,121301,1984,STATE REP,39,,MI,"BACARELLA, MARGIE",,1,,,,,0.88,,121301_19841104.pdf
MI,Detroit News,121301,1984,STATE REP,40,,MI,"BERG, TIMOTHY",,1,,,,,0.85,,121301_19841104.pdf
MI,Detroit News,121301,1984,STATE REP,48,,MI,"GILMER, DONALD",,1,,,,,0.88,,121301_19841104.pdf
MI,Detroit News,121301,1984,STATE REP,72,,MI,"PERAKIS, BOB",,1,,,,,0.88,,121301_19841104.pdf
MI,Detroit News,121301,1984,STATE REP,74,,MI,"SCOGLIETTI, MICHAEL J.",,1,,,,,0.88,,121301_19841104.pdf
MI,Detroit News,121301,1984,STATE REP,75,,MI,"FURTON, GEORGE",,1,,,,,0.88,,121301_19841104.pdf
MI,Detroit News,121301,1984,STATE REP,76,,MI,"LONDON, TERRY",,1,,,,,0.88,,121301_19841104.pdf
MI,Detroit News,121301,1984,STATE REP,94,,MI,"SIETSEMA, JELT",,1,,,,,0.85,OCR shows 'Jelt' which may be 'Jeff' or 'Jelt',121301_19841104.pdf
MI,Detroit News,121301,1984,STATE REP,96,,MI,"KNIGHT, MICKEY",,1,,,,,0.88,,121301_19841104.pdf
MI,Detroit News,121301,1984,STATE REP,97,,MI,"GEERLINGS, EDGAR",,1,,,,,0.88,,121301_19841104.pdf
MI,Detroit News,121301,1984,STATE REP,99,,MI,"ENGLER, COLLEEN",,1,,,,,0.88,,121301_19841104.pdf
MI,Detroit News,121301,1984,SUPREME COURT,,,MI,"BRICKLEY, JAMES H.",Nonpartisan,1,,,,,0.92,,121301_19841104.pdf
MI,Detroit News,121301,1984,SUPREME COURT,,,MI,"RILEY, DOROTHY COMSTOCK",Nonpartisan,1,,,,,0.92,,121301_19841104.pdf
MI,Detroit News,121301,1984,TRUSTEE,,Michigan State University,MI,"WILBUR, KATHY",,1,,,,,0.85,MSU Trustees section partially OCR-truncated; only Wilbur clearly readable,121301_19841104.pdf
MI,Detroit News,121301,1984,WCCC TRUSTEE,1,Wayne County Community College,MI,"MONGOVEN, DENNIS",,1,,,,,0.85,,121301_19841104.pdf
MI,Detroit News,121301,1984,WCCC TRUSTEE,2,Wayne County Community College,MI,"MCDOUGAL, JANET",,1,,,,,0.85,,121301_19841104.pdf
MI,Detroit News,121301,1984,WCCC TRUSTEE,3,Wayne County Community College,MI,"REID, YVONNE",,1,,,,,0.7,"OCR shows '3rd District: Yvonne ois' - last name partially garbled, inferred",121301_19841104.pdf
MI,Detroit News,121301,1984,WCCC TRUSTEE,5,Wayne County Community College,MI,"POWELL, ANNA MAE",,1,,,,,0.85,,121301_19841104.pdf
MI,Detroit News,121301,1984,WCCC TRUSTEE,6,Wayne County Community College,MI,"WARD, GEORGE",,1,,,,,0.85,,121301_19841104.pdf
MI,Detroit News,121301,1984,WCCC TRUSTEE,7,Wayne County Community College,MI,"MAHAFFEY, ESMERALDA",,1,,,,,0.8,OCR shows 'Mahafy' - corrected to standard spelling,121301_19841104.pdf
MI,Detroit News,121301,1984,WCCC TRUSTEE,8,Wayne County Community College,MI,"WATERSTRA, FREDERICK",,1,,,,,0.85,,121301_19841104.pdf
MI,Detroit News,121301,1984,WCCC TRUSTEE,9,Wayne County Community College,MI,"STOCKWELL, CHARLES",,1,,,,,0.85,,121301_19841104.pdf
MI,Detroit News,121301,1986,ATTORNEY GENERAL,,,MI,"CLELAND, ROBERT",,1,,,,,0.88,,121301_19861102.pdf
MI,Detroit News,121301,1986,COURT OF APPEALS,,,MI,"HOOD, HAROLD",Nonpartisan,1,,,,,0.88,,121301_19861102.pdf
MI,Detroit News,121301,1986,COURT OF APPEALS,,,MI,"WEAVER, ELIZABETH",Nonpartisan,1,,,,,0.88,,121301_19861102.pdf
MI,Detroit News,121301,1986,GOVERNOR,,,MI,"LUCAS, BILL",Republican,1,,,,,0.93,,121301_19861102.pdf
MI,Detroit News,121301,1986,GOVERNOR-WAYNE-STATE,,Wayne State University,MI,"HARDY, ELIZABETH",,1,,,,,0.85,,121301_19861102.pdf
MI,Detroit News,121301,1986,GOVERNOR-WAYNE-STATE,,Wayne State University,MI,"PINCUS, MAX J.",,1,,,,,0.85,,121301_19861102.pdf
MI,Detroit News,121301,1986,H,10,,MI,"SCHUETTE, BILL",Republican,1,,,,,0.92,,121301_19861102.pdf
MI,Detroit News,121301,1986,H,12,,MI,"MILLER, CANDACE",Republican,1,,,,,0.85,OCR shows 'path District' - likely 12th,121301_19861102.pdf
MI,Detroit News,121301,1986,H,13,,MI,"GRIFFIN, MARY",,1,,,,,0.82,,121301_19861102.pdf
MI,Detroit News,121301,1986,H,3,,MI,"WOLPE, HOWARD",Democrat,1,1,,,,0.92,,121301_19861102.pdf
MI,Detroit News,121301,1986,H,4,,MI,"UPTON, FRED",Republican,1,,,,,0.92,,121301_19861102.pdf
MI,Detroit News,121301,1986,H,6,,MI,"DUNN, JIM",Republican,1,,,,,0.92,,121301_19861102.pdf
MI,Detroit News,121301,1986,JUDGE,,Oakland County Circuit Court,MI,"COOPER, JESSICA",Nonpartisan,1,,,,,0.88,,121301_19861102.pdf
MI,Detroit News,121301,1986,JUDGE,,Wayne County Circuit Court,MI,"KEEFE, JAMES J.",Nonpartisan,1,,,,,0.78,OCR rendered as 'James J. Ras',121301_19861102.pdf
MI,Detroit News,121301,1986,JUDGE,,Wayne County Circuit Court,MI,"STEMPIEN, GREGORY J.",Nonpartisan,1,,,,,0.88,,121301_19861102.pdf
MI,Detroit News,121301,1986,LT GOVERNOR,,,MI,"ENGLER, COLLEEN",Republican,1,,,,,0.92,,121301_19861102.pdf
MI,Detroit News,121301,1986,REGENT,,University of Michigan,MI,"BAKER, DEANE",,1,,,,,0.88,,121301_19861102.pdf
MI,Detroit News,121301,1986,REGENT,,University of Michigan,MI,"HODGES, CYNTHIA",,1,,,,,0.85,,121301_19861102.pdf
MI,Detroit News,121301,1986,SCHOOL BOARD,1,Detroit,MI,"RAMEY, ALVIN",Nonpartisan,1,,,,,0.85,,121301_19861102.pdf
MI,Detroit News,121301,1986,SCHOOL BOARD,2,Detroit,MI,"COBBIN, GLORIA",Nonpartisan,1,,,,,0.85,,121301_19861102.pdf
MI,Detroit News,121301,1986,SCHOOL BOARD,3,Detroit,MI,"HOLLOWAY, CARRIE",Nonpartisan,1,,,,,0.85,,121301_19861102.pdf
MI,Detroit News,121301,1986,SCHOOL BOARD,4,Detroit,MI,"BLAND, JOSEPH",Nonpartisan,1,,,,,0.85,,121301_19861102.pdf
MI,Detroit News,121301,1986,SCHOOL BOARD,5,Detroit,MI,"EVERETT, KAY",Nonpartisan,1,,,,,0.85,,121301_19861102.pdf
MI,Detroit News,121301,1986,SCHOOL BOARD,6,Detroit,MI,"GACKI, JOAN",Nonpartisan,1,,,,,0.85,,121301_19861102.pdf
MI,Detroit News,121301,1986,SCHOOL BOARD,7,Detroit,MI,"OSBORNE, ROSE MARY",Nonpartisan,1,,,,,0.85,,121301_19861102.pdf
MI,Detroit News,121301,1986,SEC OF STATE,,,MI,"AUSTIN, RICHARD H.",Democrat,1,1,,,,0.9,,121301_19861102.pdf
MI,Detroit News,121301,1986,STATE BOARD OF ED,,,MI,"DUMOUCHELLE, BARBARA",,1,,,,,0.88,,121301_19861102.pdf
MI,Detroit News,121301,1986,STATE BOARD OF ED,,,MI,"MACDONALD, ROBERT C.",,1,,,,,0.88,,121301_19861102.pdf
MI,Detroit News,121301,1986,STATE REP,,,MI,"BENNETT, JOHN",,1,,,,,0.7,District number unclear in OCR ('Mth'),121301_19861102.pdf
MI,Detroit News,121301,1986,STATE REP,,,MI,"JAYE, DAVE",,1,,,,,0.7,District number unclear in OCR,121301_19861102.pdf
MI,Detroit News,121301,1986,STATE REP,,,MI,"MARTIN, BILL",,1,,,,,0.65,OCR rendered as 'vill Martin' with district unclear,121301_19861102.pdf
MI,Detroit News,121301,1986,STATE REP,,,MI,"REXCA, SAL",,1,,,,,0.7,District 'Fist' unclear,121301_19861102.pdf
MI,Detroit News,121301,1986,STATE REP,,,MI,"SOYKA, WAYNE",,1,,,,,0.65,OCR shows 'Wayne iyka' - likely Wayne Soyka or similar,121301_19861102.pdf
MI,Detroit News,121301,1986,STATE REP,100,,MI,"NEIDERSTADT, ROLAND",,1,,,,,0.82,OCR shows 'Neiderstadi' - likely Neiderstadt,121301_19861102.pdf
MI,Detroit News,121301,1986,STATE REP,105,,MI,"MEY, TOM",,1,,,,,0.78,OCR fragment uncertain,121301_19861102.pdf
MI,Detroit News,121301,1986,STATE REP,25,,MI,"HEVINS, RON",,1,,,,,0.7,OCR shows 'Hon Hievins' - likely Ron Hevins,121301_19861102.pdf
MI,Detroit News,121301,1986,STATE REP,31,,MI,"POWELL, MARJORIE",,1,,,,,0.78,OCR district 'ast' unclear,121301_19861102.pdf
MI,Detroit News,121301,1986,STATE REP,66,,MI,"GRIESE, GREG",,1,,,,,0.78,OCR rendered name as 'Greg Grise',121301_19861102.pdf
MI,Detroit News,121301,1986,STATE REP,72,,MI,"PERAKIS, BOB",,1,,,,,0.85,OCR shows 'Heb Porakis',121301_19861102.pdf
MI,Detroit News,121301,1986,STATE REP,84,,MI,"SIKKEMA, KEN",,1,,,,,0.82,OCR rendered as 'S4th District: Kea Sikkema',121301_19861102.pdf
MI,Detroit News,121301,1986,STATE REP,9,,MI,"HAMMONS, KEVIN",,1,,,,,0.82,,121301_19861102.pdf
MI,Detroit News,121301,1986,STATE REP,91,,MI,"CRANDALL, NANCY",,1,,,,,0.82,,121301_19861102.pdf
MI,Detroit News,121301,1986,STATE REP,99,,MI,"EMMONS, JOANNE",,1,,,,,0.85,,121301_19861102.pdf
MI,Detroit News,121301,1986,STATE SENATOR,,,MI,"BRAUN, RUTH",,1,,,,,0.7,District number partially garbled in OCR,121301_19861102.pdf
MI,Detroit News,121301,1986,STATE SENATOR,,,MI,"CARL, DOUG",,1,,,,,0.7,District number unclear in OCR,121301_19861102.pdf
MI,Detroit News,121301,1986,STATE SENATOR,,,MI,"NICHOLS, RUDY",,1,,,,,0.7,District number unclear in OCR,121301_19861102.pdf
MI,Detroit News,121301,1986,STATE SENATOR,10,,MI,"RUNCO, BILL",,1,,,,,0.85,,121301_19861102.pdf
MI,Detroit News,121301,1986,STATE SENATOR,11,,MI,"SHINKLE, NORM",,1,,,,,0.85,,121301_19861102.pdf
MI,Detroit News,121301,1986,STATE SENATOR,15,,MI,"BROCK, FRANK",,1,,,,,0.85,,121301_19861102.pdf
MI,Detroit News,121301,1986,STATE SENATOR,20,,MI,"SCHWARZ, JOHN",Republican,1,,,,,0.85,,121301_19861102.pdf
MI,Detroit News,121301,1986,STATE SENATOR,4,,MI,"DINGELL, CHRISTOPHER",,1,,,,,0.85,OCR rendered as 'ith District',121301_19861102.pdf
MI,Detroit News,121301,1986,SUPREME COURT,,,MI,"ARCHER, DENNIS",Nonpartisan,1,,,,,0.92,,121301_19861102.pdf
MI,Detroit News,121301,1986,SUPREME COURT,,,MI,"GRIFFIN, ROBERT P.",Nonpartisan,1,,,,,0.92,,121301_19861102.pdf
MI,Detroit News,121301,1986,TRUSTEE,,Michigan State University,MI,"COOK, DOLORES M.",,1,,,,,0.7,OCR rendered as 'Dol-res M. Cowsk' - likely Dolores Cook,121301_19861102.pdf
MI,Detroit News,121301,1986,TRUSTEE,,Michigan State University,MI,"SAWYER, BARBARA J.",,1,,,,,0.85,,121301_19861102.pdf
MI,Detroit News,121301,1988,COURT OF APPEALS,1,,MI,"BRENNAN, THOMAS J.",Nonpartisan,1,,,,,0.9,,121301_19881106.pdf
MI,Detroit News,121301,1988,COURT OF APPEALS,1,,MI,"REILLY, MAUREEN P.",Nonpartisan,1,,,,,0.9,,121301_19881106.pdf
MI,Detroit News,121301,1988,COURT OF APPEALS,2,,MI,"KELLY, MARILYN",Nonpartisan,1,,,,,0.9,,121301_19881106.pdf
MI,Detroit News,121301,1988,COURT OF APPEALS,2,,MI,"KUHN, RICHARD D.",Nonpartisan,1,,,,,0.9,,121301_19881106.pdf
MI,Detroit News,121301,1988,COURT OF APPEALS,3,,MI,"HUGHES, JUDY H.",Nonpartisan,1,,,,,0.9,,121301_19881106.pdf
MI,Detroit News,121301,1988,COURT OF APPEALS,3,,MI,"KOERNKE, THOMAS F.",Nonpartisan,1,,,,,0.9,,121301_19881106.pdf
MI,Detroit News,121301,1988,GOVERNOR-WAYNE-STATE,,Wayne State University,MI,"JACKSON, MURRAY",,1,,,,,0.88,,121301_19881106.pdf
MI,Detroit News,121301,1988,GOVERNOR-WAYNE-STATE,,Wayne State University,MI,"VAN DUSEN, RICHARD",,1,,,,,0.88,,121301_19881106.pdf
MI,Detroit News,121301,1988,H,11,,MI,"DAVIS, BOB",Republican,1,,1,,,0.92,,121301_19881106.pdf
MI,Detroit News,121301,1988,H,12,,MI,"CARL, DOUG",Republican,1,,,,,0.9,,121301_19881106.pdf
MI,Detroit News,121301,1988,H,2,,MI,"PURSELL, CARL",Republican,1,,1,,,0.92,,121301_19881106.pdf
MI,Detroit News,121301,1988,H,3,,MI,"ALLGAIER, CAL",Republican,1,,,,,0.85,OCR rendered as 'Cal Aligaier',121301_19881106.pdf
MI,Detroit News,121301,1988,H,6,,MI,"CARR, BOB",Democrat,1,1,,,,0.92,,121301_19881106.pdf
MI,Detroit News,121301,1988,JUDGE,,Oakland County,MI,"BAUER, EUGENE",Nonpartisan,1,,,,,0.7,OCR rendered name section unclearly,121301_19881106.pdf
MI,Detroit News,121301,1988,JUDGE,36,Detroit District Court,MI,"BRADLEY, VANESA JONES",Nonpartisan,1,,,,,0.85,OCR rendered as 'Vanesa Jones Bradley',121301_19881106.pdf
MI,Detroit News,121301,1988,JUDGE,36,Detroit District Court,MI,"DOTSON, NORMA Y.",Nonpartisan,1,,,,,0.85,,121301_19881106.pdf
MI,Detroit News,121301,1988,JUDGE,36,Detroit District Court,MI,"ROYSTER, C. LORENE",Nonpartisan,1,,,,,0.85,,121301_19881106.pdf
MI,Detroit News,121301,1988,PRESIDENT,,,MI,"BUSH, GEORGE",Republican,1,,,,,0.95,,121301_19881106.pdf
MI,Detroit News,121301,1988,REGENT,,University of Michigan,MI,"BAKER, DEANE",,1,,,,,0.88,,121301_19881106.pdf
MI,Detroit News,121301,1988,REGENT,,University of Michigan,MI,"LEWAND, THOMAS",,1,,,,,0.85,,121301_19881106.pdf
MI,Detroit News,121301,1988,SCHOOL BOARD,,Detroit,MI,"BLANDING, JOSEPH",Nonpartisan,1,,,,,0.88,,121301_19881106.pdf
MI,Detroit News,121301,1988,SCHOOL BOARD,,Detroit,MI,"HAYDEN, FRANK",Nonpartisan,1,,,,,0.88,,121301_19881106.pdf
MI,Detroit News,121301,1988,SCHOOL BOARD,,Detroit,MI,"OLMSTEAD, DAVID",Nonpartisan,1,,,,,0.88,,121301_19881106.pdf
MI,Detroit News,121301,1988,SCHOOL BOARD,,Detroit,MI,"PATRICK, LARRY",Nonpartisan,1,,,,,0.88,,121301_19881106.pdf
MI,Detroit News,121301,1988,SENATOR,,,MI,"RIEGLE, DONALD",Democrat,1,1,,,,0.92,,121301_19881106.pdf
MI,Detroit News,121301,1988,STATE BOARD OF ED,,,MI,"DUMOUCHELLE, BARBARA",,1,,,,,0.88,,121301_19881106.pdf
MI,Detroit News,121301,1988,STATE BOARD OF ED,,,MI,"LUNDY, MARILYN",,1,,,,,0.88,,121301_19881106.pdf
MI,Detroit News,121301,1988,STATE REP,100,,MI,"NIEDERSTADT, ROLAND",,1,,,,,0.88,,121301_19881106.pdf
MI,Detroit News,121301,1988,STATE REP,105,,MI,"CONNORS, JIM",,1,,,,,0.88,,121301_19881106.pdf
MI,Detroit News,121301,1988,STATE REP,26,,MI,"BROWNE, BILL",,1,,,,,0.85,OCR shows 'Bill Brovme' - likely Browne,121301_19881106.pdf
MI,Detroit News,121301,1988,STATE REP,31,,MI,"RUNCO, BILL",,1,,,,,0.88,,121301_19881106.pdf
MI,Detroit News,121301,1988,STATE REP,40,,MI,"WALBERG, TIM",,1,,,,,0.88,,121301_19881106.pdf
MI,Detroit News,121301,1988,STATE REP,46,,MI,"MASON, RANDY",,1,,,,,0.88,,121301_19881106.pdf
MI,Detroit News,121301,1988,STATE REP,72,,MI,"GIRE, SHARON",,1,,,,,0.85,,121301_19881106.pdf
MI,Detroit News,121301,1988,STATE REP,75,,MI,"ZINNER, STEVE",,1,,,,,0.85,,121301_19881106.pdf
MI,Detroit News,121301,1988,STATE REP,83,,MI,"EDWARDS, F. ROBERT",,1,,,,,0.88,,121301_19881106.pdf
MI,Detroit News,121301,1988,STATE REP,97,,MI,"CRANDALL, NANCY",,1,,,,,0.88,,121301_19881106.pdf
MI,Detroit News,121301,1988,SUPREME COURT,,,MI,"BRICKLEY, JAMES H.",Nonpartisan,1,,,,,0.92,,121301_19881106.pdf
MI,Detroit News,121301,1988,SUPREME COURT,,,MI,"LEVIN, CHARLES L.",Nonpartisan,1,,,,,0.92,,121301_19881106.pdf
MI,Detroit News,121301,1988,TRUSTEE,,Michigan State University,MI,"LIEBLER, ED",,1,,,,,0.88,,121301_19881106.pdf
MI,Detroit News,121301,1988,TRUSTEE,,Michigan State University,MI,"REED, TOM",,1,,,,,0.88,,121301_19881106.pdf
MI,Detroit News,121301,1988,WCCC TRUSTEE,4,Wayne County Community College,MI,"DUBOIS, YVONNE G.",,1,,,,,0.85,,121301_19881106.pdf
MI,Detroit News,121301,1988,WCCC TRUSTEE,5,Wayne County Community College,MI,"POWELL, ANNA MAE",,1,,,,,0.85,,121301_19881106.pdf
MI,Detroit News,121301,1988,WCCC TRUSTEE,7,Wayne County Community College,MI,"CLEMENTE, EDWARD D.",,1,,,,,0.85,,121301_19881106.pdf
MI,Detroit News,121301,1988,WCCC TRUSTEE,9,Wayne County Community College,MI,"SCOTT, TED",,1,,,,,0.85,,121301_19881106.pdf
MI,Detroit News,121301,1990,ATTORNEY GENERAL,,,MI,"TAYLOR, CLIFF",Republican,1,,,,,0.92,,121301_19901104.pdf
MI,Detroit News,121301,1990,GOVERNOR,,,MI,"ENGLER, JOHN",Republican,1,,,,,0.95,,121301_19901104.pdf
MI,Detroit News,121301,1990,GOVERNOR-WAYNE-STATE,,Wayne State University,MI,"HARDY, ELIZABETH",Republican,1,,,,,0.9,,121301_19901104.pdf
MI,Detroit News,121301,1990,GOVERNOR-WAYNE-STATE,,Wayne State University,MI,"ROBINSON, JAMES",Democrat,1,,,,,0.9,,121301_19901104.pdf
MI,Detroit News,121301,1990,H,11,,MI,"GOULD, MARCIA",Democrat,1,,,,,0.88,,121301_19901104.pdf
MI,Detroit News,121301,1990,H,12,,MI,"DINGEMAN, JIM",Republican,1,,,,,0.88,,121301_19901104.pdf
MI,Detroit News,121301,1990,H,3,,MI,"HASKINS, BRAD",Republican,1,,,,,0.88,,121301_19901104.pdf
MI,Detroit News,121301,1990,H,9,,MI,"GREENE, GERALDINE",Democrat,1,,,,,0.88,,121301_19901104.pdf
MI,Detroit News,121301,1990,JUDGE,,Wayne County Circuit Court,MI,"CALLAHAN, MICHAEL J.",Nonpartisan,1,,,,,0.88,,121301_19901104.pdf
MI,Detroit News,121301,1990,JUDGE,,Wayne County Probate Court,MI,"CAMPBELL, PATRICIA B.",Nonpartisan,1,,,,,0.88,,121301_19901104.pdf
MI,Detroit News,121301,1990,JUDGE,,Detroit Recorder's Court,MI,"DONAHUE, KATHLEEN T.",Nonpartisan,1,,,,,0.88,,121301_19901104.pdf
MI,Detroit News,121301,1990,JUDGE,,Macomb County Circuit Court,MI,"MACERONI, PETER J.",Nonpartisan,1,,,,,0.88,,121301_19901104.pdf
MI,Detroit News,121301,1990,JUDGE,,Macomb County Circuit Court,MI,"MONTGOMERY, GEORGE E.",Nonpartisan,1,,,,,0.88,,121301_19901104.pdf
MI,Detroit News,121301,1990,JUDGE,,Wayne County Circuit Court,MI,"NICHOLS, JUDY",Nonpartisan,1,,,,,0.88,,121301_19901104.pdf
MI,Detroit News,121301,1990,JUDGE,,Wayne County Circuit Court,MI,"SHEEHY, JAMES P.",Nonpartisan,1,,,,,0.88,,121301_19901104.pdf
MI,Detroit News,121301,1990,JUDGE,,Wayne County Probate Court,MI,"SZYMANSKI, DAVID",Nonpartisan,1,,,,,0.88,,121301_19901104.pdf
MI,Detroit News,121301,1990,REGENT,,University of Michigan,MI,"ESCH, MARVIN",Republican,1,,,,,0.9,,121301_19901104.pdf
MI,Detroit News,121301,1990,REGENT,,University of Michigan,MI,"POWER, PHILIP",Democrat,1,,,,,0.9,,121301_19901104.pdf
MI,Detroit News,121301,1990,SCHOOL BOARD,,Detroit,MI,"EVERETT, KAY",Nonpartisan,1,,,,,0.85,,121301_19901104.pdf
MI,Detroit News,121301,1990,SCHOOL BOARD,,Detroit,MI,"GARZA, BELDA",Nonpartisan,1,,,,,0.85,,121301_19901104.pdf
MI,Detroit News,121301,1990,SCHOOL BOARD,,Detroit,MI,"WASHBURN, BEN W.",Nonpartisan,1,,,,,0.85,,121301_19901104.pdf
MI,Detroit News,121301,1990,SCHOOL BOARD,1,Detroit,MI,"BAILER, PENNY",Nonpartisan,1,,,,,0.85,,121301_19901104.pdf
MI,Detroit News,121301,1990,SCHOOL BOARD,6,Detroit,MI,"WRIGHT, ALEXANDER C.",Nonpartisan,1,,,,,0.85,,121301_19901104.pdf
MI,Detroit News,121301,1990,SCHOOL BOARD,7,Detroit,MI,"OSBORNE, ROSE MARY",Nonpartisan,1,,,,,0.85,,121301_19901104.pdf
MI,Detroit News,121301,1990,SEC OF STATE,,,MI,"AUSTIN, RICHARD",Democrat,1,1,,,,0.92,,121301_19901104.pdf
MI,Detroit News,121301,1990,SENATOR,,,MI,"SCHUETTE, BILL",Republican,1,,,,,0.92,,121301_19901104.pdf
MI,Detroit News,121301,1990,STATE BOARD OF ED,,,MI,"DEVOS, DICK",Republican,1,,,,,0.9,,121301_19901104.pdf
MI,Detroit News,121301,1990,STATE BOARD OF ED,,,MI,"RUWART, MARY",Libertarian,1,,,,,0.9,,121301_19901104.pdf
MI,Detroit News,121301,1990,STATE REP,109,,MI,"WRONA, CRAIG",Republican,1,,,,,0.85,OCR rendered last name as 'WrOaipar',121301_19901104.pdf
MI,Detroit News,121301,1990,STATE REP,25,,MI,"KULCHITSKY, ROMAN",Republican,1,,,,,0.88,,121301_19901104.pdf
MI,Detroit News,121301,1990,STATE REP,26,,MI,"JAYE, DAVID",Republican,1,,,,,0.9,,121301_19901104.pdf
MI,Detroit News,121301,1990,STATE REP,31,,MI,"THOMAS, GAYLE",Republican,1,,,,,0.88,,121301_19901104.pdf
MI,Detroit News,121301,1990,STATE REP,58,,MI,"MILLS, JERRY",Republican,1,,,,,0.88,,121301_19901104.pdf
MI,Detroit News,121301,1990,STATE REP,61,,MI,"MIDDLETON, THOMAS",Republican,1,,,,,0.88,,121301_19901104.pdf
MI,Detroit News,121301,1990,STATE REP,66,,MI,"JOHNSON, HOWARD",Republican,1,,,,,0.88,,121301_19901104.pdf
MI,Detroit News,121301,1990,STATE REP,72,,MI,"GIRE, SHARON",Democrat,1,,,,,0.88,,121301_19901104.pdf
MI,Detroit News,121301,1990,STATE REP,74,,MI,"MACDONALD, BOB",Republican,1,,,,,0.88,,121301_19901104.pdf
MI,Detroit News,121301,1990,STATE REP,75,,MI,"ZINNER, STEVEN",Republican,1,,,,,0.88,,121301_19901104.pdf
MI,Detroit News,121301,1990,STATE REP,76,,MI,"LONDON, TERRY",Republican,1,,,,,0.88,,121301_19901104.pdf
MI,Detroit News,121301,1990,STATE REP,83,,MI,"ROGERS, STEVE",Republican,1,,,,,0.85,District number partially garbled,121301_19901104.pdf
MI,Detroit News,121301,1990,STATE REP,87,,MI,"CIVILLE, JIM",Republican,1,,,,,0.88,,121301_19901104.pdf
MI,Detroit News,121301,1990,STATE SENATOR,1,,MI,"KELLY, JOHN F.",Democrat,1,,,,,0.9,,121301_19901104.pdf
MI,Detroit News,121301,1990,STATE SENATOR,11,,MI,"SHINKLE, NORM",Republican,1,,,,,0.9,,121301_19901104.pdf
MI,Detroit News,121301,1990,STATE SENATOR,14,,MI,"CHERRY, JON",Democrat,1,,,,,0.85,OCR rendered as 'Jon Claiene' - likely Jon Cherry,121301_19901104.pdf
MI,Detroit News,121301,1990,STATE SENATOR,15,,MI,"ALEXANDER, DENISE",Republican,1,,,,,0.9,,121301_19901104.pdf
MI,Detroit News,121301,1990,STATE SENATOR,17,,MI,"HONIGMAN, DAVID",Republican,1,,,,,0.9,,121301_19901104.pdf
MI,Detroit News,121301,1990,STATE SENATOR,24,,MI,"STABENOW, DEBBIE",Democrat,1,,,,,0.85,OCR rendered as 'Debbie tenon' - likely Stabenow; district number garbled,121301_19901104.pdf
MI,Detroit News,121301,1990,STATE SENATOR,33,,MI,"MCMANUS, GEORGE",Republican,1,,,,,0.7,OCR rendered as 'Géatye Mohfance' - inferred surname uncertain,121301_19901104.pdf
MI,Detroit News,121301,1990,STATE SENATOR,8,,MI,"DUNASKISS, MAT",Republican,1,,,,,0.9,,121301_19901104.pdf
MI,Detroit News,121301,1990,STATE SENATOR,9,,MI,"CARL, DOUG",Republican,1,,,,,0.9,,121301_19901104.pdf
MI,Detroit News,121301,1990,SUPREME COURT,,,MI,"BOYLE, PATRICIA",Nonpartisan,1,,,,,0.92,,121301_19901104.pdf
MI,Detroit News,121301,1990,SUPREME COURT,,,MI,"FITZGERALD, E. THOMAS",Nonpartisan,1,,,,,0.92,,121301_19901104.pdf
MI,Detroit News,121301,1990,TRUSTEE,,Michigan State University,MI,"COOK, DOLORES",Republican,1,,,,,0.85,,121301_19901104.pdf
MI,Detroit News,121301,1992,COURT OF APPEALS,1,,MI,"WHITE, HELENE",Nonpartisan,1,,,,,0.9,,121301_19921101.pdf
MI,Detroit News,121301,1992,COURT OF APPEALS,2,,MI,"DOCTOROFF, MARTIN",Nonpartisan,1,,,,,0.9,,121301_19921101.pdf
MI,Detroit News,121301,1992,COURT OF APPEALS,2,,MI,"TAYLOR, CLIFFORD",Nonpartisan,1,,,,,0.9,,121301_19921101.pdf
MI,Detroit News,121301,1992,DA/PROSECUTOR,,Macomb County,MI,"HALUSHKA, JAMES",Republican,1,,,,,0.92,,121301_19921101.pdf
MI,Detroit News,121301,1992,DA/PROSECUTOR,,Oakland County,MI,"PATTERSON, L. BROOKS",Republican,1,,,,,0.92,,121301_19921101.pdf
MI,Detroit News,121301,1992,DRAIN COMMISSIONER,,Oakland County,MI,"MCKERROW, GEORGE",Republican,1,,,,,0.7,OCR garbled in this section,121301_19921101.pdf
MI,Detroit News,121301,1992,GOVERNOR-WAYNE-STATE,,Wayne State University,MI,"FOBBS, KEVIN",Republican,1,,,,,0.88,,121301_19921101.pdf
MI,Detroit News,121301,1992,GOVERNOR-WAYNE-STATE,,Wayne State University,MI,"LEWIS, DENISE",Democrat,1,,,,,0.88,,121301_19921101.pdf
MI,Detroit News,121301,1992,H,1,,MI,"RUPPE, PHILIP",Republican,1,,,,,0.92,,121301_19921101.pdf
MI,Detroit News,121301,1992,H,10,,MI,"CARL, DOUG",Republican,1,,,,,0.92,,121301_19921101.pdf
MI,Detroit News,121301,1992,H,11,,MI,"KNOLLENBERG, JOE",Republican,1,,,,,0.92,,121301_19921101.pdf
MI,Detroit News,121301,1992,H,12,,MI,"PAPPAGEORGE, JOHN",Republican,1,,,,,0.92,,121301_19921101.pdf
MI,Detroit News,121301,1992,H,13,,MI,"GEAKE, R. ROBERT",Republican,1,,,,,0.9,,121301_19921101.pdf
MI,Detroit News,121301,1992,H,15,,MI,"COLLINS, BARBARA-ROSE",Democrat,1,1,,,,0.92,,121301_19921101.pdf
MI,Detroit News,121301,1992,H,8,,MI,"CHRYSLER, DICK",Republican,1,,,,,0.92,,121301_19921101.pdf
MI,Detroit News,121301,1992,JUDGE,,Detroit Recorder's Court,MI,"BEST, A. GEORGE",Nonpartisan,1,,,,,0.88,,121301_19921101.pdf
MI,Detroit News,121301,1992,JUDGE,,Detroit Recorder's Court,MI,"BLAKE, BENJAMIN F.",Nonpartisan,1,,,,,0.88,,121301_19921101.pdf
MI,Detroit News,121301,1992,JUDGE,,Detroit Recorder's Court,MI,"BOYLE, TERRANCE K.",Nonpartisan,1,,,,,0.88,,121301_19921101.pdf
MI,Detroit News,121301,1992,JUDGE,,Macomb County Circuit Court,MI,"BUCCI, LIDO V.",Nonpartisan,1,,,,,0.88,,121301_19921101.pdf
MI,Detroit News,121301,1992,JUDGE,,Detroit Recorder's Court,MI,"CAROVALE, DOMINICK R.",Nonpartisan,1,,,,,0.88,,121301_19921101.pdf
MI,Detroit News,121301,1992,JUDGE,,Macomb County Circuit Court,MI,"CASHEN, RAYMOND R.",Nonpartisan,1,,,,,0.88,,121301_19921101.pdf
MI,Detroit News,121301,1992,JUDGE,,Detroit Recorder's Court,MI,"EVANS, ROBERT L.",Nonpartisan,1,,,,,0.88,,121301_19921101.pdf
MI,Detroit News,121301,1992,JUDGE,,Detroit Recorder's Court,MI,"FORD, GERALDINE BLEDSOE",Nonpartisan,1,,,,,0.88,,121301_19921101.pdf
MI,Detroit News,121301,1992,JUDGE,,Detroit Recorder's Court,MI,"HOOD, DENISE PAGE",Nonpartisan,1,,,,,0.85,,121301_19921101.pdf
MI,Detroit News,121301,1992,JUDGE,,Detroit Recorder's Court,MI,"KERWIN, DAVID",Nonpartisan,1,,,,,0.88,,121301_19921101.pdf
MI,Detroit News,121301,1992,JUDGE,,Macomb County Circuit Court,MI,"KOSMALA, JOSEPH R.",Nonpartisan,1,,,,,0.88,,121301_19921101.pdf
MI,Detroit News,121301,1992,JUDGE,,Oakland County Circuit Court,MI,"THOMPSON, RICHARD",Republican,1,,,,,0.85,,121301_19921101.pdf
MI,Detroit News,121301,1992,JUDGE,,Detroit Recorder's Court,MI,"TORRES, ISIDORE B.",Nonpartisan,1,,,,,0.88,,121301_19921101.pdf
MI,Detroit News,121301,1992,JUDGE,,Detroit Recorder's Court,MI,"TOWNSEND, LEONARD",Nonpartisan,1,,,,,0.88,,121301_19921101.pdf
MI,Detroit News,121301,1992,JUDGE,,Wayne County Circuit Court,MI,"ZIOLKOWSKI, ROBERT",Nonpartisan,1,,,,,0.78,Court placement uncertain,121301_19921101.pdf
MI,Detroit News,121301,1992,JUDGE,1,Detroit Recorder's Court,MI,"BRYANT, JAMES",Nonpartisan,1,,,,,0.7,District 1 unclear in OCR,121301_19921101.pdf
MI,Detroit News,121301,1992,PRESIDENT,,,MI,"BUSH, GEORGE",Republican,1,,1,,,0.95,,121301_19921101.pdf
MI,Detroit News,121301,1992,REGENT,,University of Michigan,MI,"DEITCH, LARRY",Democrat,1,,,,,0.88,,121301_19921101.pdf
MI,Detroit News,121301,1992,REGENT,,University of Michigan,MI,"LARO, NANCY",Republican,1,,,,,0.88,,121301_19921101.pdf
MI,Detroit News,121301,1992,SCHOOL BOARD,3,Detroit,MI,"CLARK, IRMA",Nonpartisan,1,,,,,0.85,,121301_19921101.pdf
MI,Detroit News,121301,1992,SCHOOL BOARD,5,Detroit,MI,"BETTS, MARGARET L.",Nonpartisan,1,,,,,0.85,,121301_19921101.pdf
MI,Detroit News,121301,1992,SCHOOL BOARD,AT-LARGE,Detroit,MI,"BLANDING, JOSEPH S.",Nonpartisan,1,,,,,0.85,,121301_19921101.pdf
MI,Detroit News,121301,1992,SCHOOL BOARD,AT-LARGE,Detroit,MI,"HAYDEN, FRANK",Nonpartisan,1,,,,,0.85,,121301_19921101.pdf
MI,Detroit News,121301,1992,SCHOOL BOARD,AT-LARGE,Detroit,MI,"OLMSTEAD, DAVID",Nonpartisan,1,,,,,0.85,,121301_19921101.pdf
MI,Detroit News,121301,1992,SCHOOL BOARD,AT-LARGE,Detroit,MI,"PATRICK, LAWRENCE C.",Nonpartisan,1,,,,,0.85,,121301_19921101.pdf
MI,Detroit News,121301,1992,STATE BOARD OF ED,,,MI,"BEARDMORE, DOROTHY",Republican,1,,,,,0.88,,121301_19921101.pdf
MI,Detroit News,121301,1992,STATE REP,15,,MI,"THOMAS, DOUG",Republican,1,,,,,0.88,,121301_19921101.pdf
MI,Detroit News,121301,1992,STATE REP,21,,MI,"KOSTEVA, JIM",Democrat,1,,,,,0.88,,121301_19921101.pdf
MI,Detroit News,121301,1992,STATE REP,26,,MI,"LUND, PETER",Republican,1,,,,,0.88,,121301_19921101.pdf
MI,Detroit News,121301,1992,STATE REP,29,,MI,"OHURA, JOHN",Republican,1,,,,,0.78,OCR rendered as 'John hnura' - inferred,121301_19921101.pdf
MI,Detroit News,121301,1992,STATE REP,30,,MI,"ROCCA, SAL",Republican,1,,,,,0.88,,121301_19921101.pdf
MI,Detroit News,121301,1992,STATE REP,33,,MI,"KUKUK, ALVIN",Republican,1,,,,,0.88,,121301_19921101.pdf
MI,Detroit News,121301,1992,STATE REP,34,,MI,"MCCULLOCH, MICHAEL",Republican,1,,,,,0.88,,121301_19921101.pdf
MI,Detroit News,121301,1992,STATE REP,44,,MI,"GALLOWAY, DAVID",Republican,1,,,,,0.88,,121301_19921101.pdf
MI,Detroit News,121301,1992,SUPREME COURT,,,MI,"MALLETT, CONRAD JR.",Nonpartisan,1,,,,,0.92,,121301_19921101.pdf
MI,Detroit News,121301,1992,SUPREME COURT,,,MI,"RILEY, DOROTHY COMSTOCK",Nonpartisan,1,,,,,0.92,,121301_19921101.pdf
MI,Detroit News,121301,1992,SUPREME COURT,,,MI,"STEMPIEN, JEANNE",Nonpartisan,1,,,,,0.7,OCR placement ambiguous - may be Recorder's Court,121301_19921101.pdf
MI,Detroit News,121301,1992,TRUSTEE,,Michigan State University,MI,"PRIDGEON, DEAN",Republican,1,,,,,0.88,,121301_19921101.pdf
MI,Detroit News,121301,1992,TRUSTEE,,Michigan State University,MI,"REINHOLD, MELANIE",Republican,1,,,,,0.88,,121301_19921101.pdf
MI,Detroit News,121301,1992,WCCC TRUSTEE,1,Wayne County Community College,MI,"POWELL, ANNA MAE",,1,,,,,0.78,Name not fully visible in OCR; inferred from prior years' candidate,121301_19921101.pdf
MI,Detroit News,121301,1992,WCCC TRUSTEE,8,Wayne County Community College,MI,"PADDOCK, CHARLES",,1,,,,,0.85,,121301_19921101.pdf
MI,Detroit News,121301,1994,ATTORNEY GENERAL,,,MI,"SMIETANKA, JOHN",Republican,1,,,,,0.92,,121301_19941106.pdf
MI,Detroit News,121301,1994,CNTY COMM,1,Wayne County,MI,"RICHNER, ANDREW",Republican,1,,,,,0.85,,121301_19941106.pdf
MI,Detroit News,121301,1994,COUNTY EXECUTIVE,,Oakland County,MI,"PATTERSON, L. BROOKS",Republican,1,,,,,0.85,OCR fragment 'Patterson' under Oakland County,121301_19941106.pdf
MI,Detroit News,121301,1994,COURT OF APPEALS,2,,MI,"KELLY, MARILYN",Nonpartisan,1,,,,,0.9,,121301_19941106.pdf
MI,Detroit News,121301,1994,COURT OF APPEALS,2,,MI,"KELLY, MICHAEL",Nonpartisan,1,,,,,0.9,,121301_19941106.pdf
MI,Detroit News,121301,1994,COURT OF APPEALS,2,,MI,"TALBOT, MICHAEL",Nonpartisan,1,,,,,0.9,,121301_19941106.pdf
MI,Detroit News,121301,1994,COURT OF APPEALS,3,,MI,"BANDSTRA, RICHARD",Nonpartisan,1,,,,,0.88,,121301_19941106.pdf
MI,Detroit News,121301,1994,COURT OF APPEALS,3,,MI,"FORSYTH, WILLIAM",Nonpartisan,1,,,,,0.88,,121301_19941106.pdf
MI,Detroit News,121301,1994,COURT OF APPEALS,3,,MI,"HOEKSTRA, JOEL",Nonpartisan,1,,,,,0.88,,121301_19941106.pdf
MI,Detroit News,121301,1994,GOVERNOR,,,MI,"ENGLER, JOHN",Republican,1,,1,,,0.95,,121301_19941106.pdf
MI,Detroit News,121301,1994,GOVERNOR-WAYNE-STATE,,Wayne State University,MI,"ATCHISON, LEON",Democrat,1,,,,,0.88,,121301_19941106.pdf
MI,Detroit News,121301,1994,GOVERNOR-WAYNE-STATE,,Wayne State University,MI,"DUNASKISS, DIANE",Republican,1,,,,,0.88,,121301_19941106.pdf
MI,Detroit News,121301,1994,H,1,,MI,"ZIEGLER, GIL",Republican,1,,,,,0.85,Inferred from listing,121301_19941106.pdf
MI,Detroit News,121301,1994,H,12,,MI,"SCHALL, JOHN",Republican,1,,,,,0.85,Listed as 12th District in OCR,121301_19941106.pdf
MI,Detroit News,121301,1994,H,8,,MI,"CHRYSLER, DICK",Republican,1,,,,,0.92,,121301_19941106.pdf
MI,Detroit News,121301,1994,H,9,,MI,"KILDEE, DALE",Democrat,1,1,,,,0.92,,121301_19941106.pdf
MI,Detroit News,121301,1994,JUDGE,,Detroit Recorder's Court,MI,"BAXTER, WENDY M.",Nonpartisan,1,,,,,0.88,,121301_19941106.pdf
MI,Detroit News,121301,1994,JUDGE,,Oakland County Circuit Court,MI,"BRECK, DAVID",Nonpartisan,1,,,,,0.88,,121301_19941106.pdf
MI,Detroit News,121301,1994,JUDGE,,Macomb County Circuit Court,MI,"BRUFF, JOHN B.",Nonpartisan,1,,,,,0.88,,121301_19941106.pdf
MI,Detroit News,121301,1994,JUDGE,,Wayne County Circuit Court,MI,"CAHALAN, WILLIAM LEO",Nonpartisan,1,,,,,0.9,,121301_19941106.pdf
MI,Detroit News,121301,1994,JUDGE,,Wayne County Circuit Court,MI,"COLOMBO, ROBERT J. JR.",Nonpartisan,1,,,,,0.9,,121301_19941106.pdf
MI,Detroit News,121301,1994,JUDGE,,Detroit Recorder's Court,MI,"CROCKETT, GEORGE W. III",Nonpartisan,1,,,,,0.88,,121301_19941106.pdf
MI,Detroit News,121301,1994,JUDGE,,Detroit Recorder's Court,MI,"EDWARDS, PRENTIS",Nonpartisan,1,,,,,0.88,,121301_19941106.pdf
MI,Detroit News,121301,1994,JUDGE,,Detroit Recorder's Court,MI,"FORD, GERALDINE BLEDSOE",Nonpartisan,1,,,,,0.88,,121301_19941106.pdf
MI,Detroit News,121301,1994,JUDGE,,Wayne County Circuit Court,MI,"HATHAWAY, AMY PATRICIA",Nonpartisan,1,,,,,0.88,,121301_19941106.pdf
MI,Detroit News,121301,1994,JUDGE,,Wayne County Circuit Court,MI,"HAUSNER, JOHN",Nonpartisan,1,,,,,0.85,,121301_19941106.pdf
MI,Detroit News,121301,1994,JUDGE,,Detroit Recorder's Court,MI,"HOOD, KAREN M. FORT",Nonpartisan,1,,,,,0.88,,121301_19941106.pdf
MI,Detroit News,121301,1994,JUDGE,,Detroit Recorder's Court,MI,"HOOD, ROBERT WILLIAM",Nonpartisan,1,,,,,0.88,,121301_19941106.pdf
MI,Detroit News,121301,1994,JUDGE,,Detroit Recorder's Court,MI,"JACKSON, THOMAS",Nonpartisan,1,,,,,0.88,,121301_19941106.pdf
MI,Detroit News,121301,1994,JUDGE,,Wayne County Circuit Court,MI,"LOMBARD, ARTHUR J.",Nonpartisan,1,,,,,0.88,,121301_19941106.pdf
MI,Detroit News,121301,1994,JUDGE,,Detroit Recorder's Court,MI,"LUCAS, WILLIAM",Nonpartisan,1,,,,,0.88,,121301_19941106.pdf
MI,Detroit News,121301,1994,JUDGE,,Oakland County Circuit Court,MI,"MESTER, FRED",Nonpartisan,1,,,,,0.85,,121301_19941106.pdf
MI,Detroit News,121301,1994,JUDGE,,Detroit Recorder's Court,MI,"O'BRIEN, JOHN P.",Nonpartisan,1,,,,,0.88,,121301_19941106.pdf
MI,Detroit News,121301,1994,JUDGE,,Detroit Recorder's Court,MI,"SAPALA, MICHAEL F.",Nonpartisan,1,,,,,0.88,,121301_19941106.pdf
MI,Detroit News,121301,1994,JUDGE,,Macomb County Circuit Court,MI,"SCHWARTZ, MICHAEL D.",Nonpartisan,1,,,,,0.88,,121301_19941106.pdf
MI,Detroit News,121301,1994,JUDGE,,Oakland County Circuit Court,MI,"SOSNICK, EDWARD",Nonpartisan,1,,,,,0.88,,121301_19941106.pdf
MI,Detroit News,121301,1994,JUDGE,,Wayne County Circuit Court,MI,"STEPHENS, CYNTHIA DIANE",Nonpartisan,1,,,,,0.88,,121301_19941106.pdf
MI,Detroit News,121301,1994,REGENT,,University of Michigan,MI,"FISCHER, ANDREA",Republican,1,,,,,0.88,,121301_19941106.pdf
MI,Detroit News,121301,1994,REGENT,,University of Michigan,MI,"GLOVER, LAREN",,1,,,,,0.78,OCR rendered as 'Laren Glover' - first name uncertain,121301_19941106.pdf
MI,Detroit News,121301,1994,SCHOOL BOARD,1,Detroit,MI,"MARTIN, JON IVES",Nonpartisan,1,,,,,0.78,OCR fragmentary,121301_19941106.pdf
MI,Detroit News,121301,1994,SCHOOL BOARD,3,Detroit,MI,"CLARK, IRMA",Nonpartisan,1,,,,,0.85,,121301_19941106.pdf
MI,Detroit News,121301,1994,SCHOOL BOARD,5,Detroit,MI,"BURBANK, J. W.",Nonpartisan,1,,,,,0.7,District inference; OCR partly garbled,121301_19941106.pdf
MI,Detroit News,121301,1994,SCHOOL BOARD,7,Detroit,MI,"WASHBURN, BEN W.",Nonpartisan,1,,,,,0.85,,121301_19941106.pdf
MI,Detroit News,121301,1994,SCHOOL BOARD,9,Detroit,MI,"DAVIS, IRA",Nonpartisan,1,,,,,0.7,OCR fragment in district 9,121301_19941106.pdf
MI,Detroit News,121301,1994,SEC OF STATE,,,MI,"MILLER, CANDICE",Republican,1,,,,,0.92,,121301_19941106.pdf
MI,Detroit News,121301,1994,SENATOR,,,MI,"ABRAHAM, SPENCER",Republican,1,,,,,0.92,,121301_19941106.pdf
MI,Detroit News,121301,1994,STATE BOARD OF ED,,,MI,"DURANT, CLARK",Republican,1,,,,,0.88,,121301_19941106.pdf
MI,Detroit News,121301,1994,STATE BOARD OF ED,,,MI,"WEST, JOHN N.",,1,,,,,0.85,,121301_19941106.pdf
MI,Detroit News,121301,1994,STATE REP,107,,MI,"BROWER, SHANNON",Republican,1,,,,,0.88,,121301_19941106.pdf
MI,Detroit News,121301,1994,STATE REP,110,,MI,"DRESCH, STEPHEN",Republican,1,,,,,0.88,,121301_19941106.pdf
MI,Detroit News,121301,1994,STATE REP,15,,MI,"THOMAS, DOUGLAS",Republican,1,,,,,0.88,,121301_19941106.pdf
MI,Detroit News,121301,1994,STATE REP,16,,MI,"RYAN, JAMES R.",Republican,1,,,,,0.88,,121301_19941106.pdf
MI,Detroit News,121301,1994,STATE REP,17,,MI,"KELLY, THOMAS H.",Democrat,1,,,,,0.88,,121301_19941106.pdf
MI,Detroit News,121301,1994,STATE REP,18,,MI,"NOVAK, MICHAEL DAVID",Republican,1,,,,,0.88,,121301_19941106.pdf
MI,Detroit News,121301,1994,STATE REP,19,,MI,"BANKES, LYN",Republican,1,,,,,0.88,,121301_19941106.pdf
MI,Detroit News,121301,1994,STATE REP,30,,MI,"ROCCA, SUE",Republican,1,,,,,0.88,,121301_19941106.pdf
MI,Detroit News,121301,1994,STATE REP,33,,MI,"KUKUK, AL",Republican,1,,,,,0.88,,121301_19941106.pdf
MI,Detroit News,121301,1994,STATE REP,44,,MI,"GALLOWAY, DAVID",Republican,1,,,,,0.88,,121301_19941106.pdf
MI,Detroit News,121301,1994,STATE REP,60,,MI,"MORRISON, JACKIE",Republican,1,,,,,0.88,,121301_19941106.pdf
MI,Detroit News,121301,1994,STATE REP,62,,MI,"BUSH, ERIC T.",Republican,1,,,,,0.88,,121301_19941106.pdf
MI,Detroit News,121301,1994,STATE REP,64,,MI,"GRIFFIN, MICHAEL",Democrat,1,,,,,0.88,,121301_19941106.pdf
MI,Detroit News,121301,1994,STATE REP,68,,MI,"PLOEG, LINDA",Republican,1,,,,,0.88,,121301_19941106.pdf
MI,Detroit News,121301,1994,STATE REP,82,,MI,"GILBERT, JUD",Republican,1,,,,,0.88,,121301_19941106.pdf
MI,Detroit News,121301,1994,STATE REP,85,,MI,"DVORAK, MIKE",Republican,1,,,,,0.88,,121301_19941106.pdf
MI,Detroit News,121301,1994,STATE REP,96,,MI,"JERSEVIC, ROLAND",Republican,1,,,,,0.88,,121301_19941106.pdf
MI,Detroit News,121301,1994,STATE SENATOR,11,,MI,"DINELLO, GIL",Republican,1,,,,,0.85,,121301_19941106.pdf
MI,Detroit News,121301,1994,STATE SENATOR,16,,MI,"MILLER, SHARON",Republican,1,,,,,0.85,,121301_19941106.pdf
MI,Detroit News,121301,1994,STATE SENATOR,33,,MI,"CISKY, JON",Republican,1,,,,,0.85,,121301_19941106.pdf
MI,Detroit News,121301,1994,STATE SENATOR,34,,MI,"GOUGEON, JOEL",Republican,1,,,,,0.85,,121301_19941106.pdf
MI,Detroit News,121301,1994,STATE SENATOR,37,,MI,"BENNETT, LOREN N.",Republican,1,,,,,0.85,,121301_19941106.pdf
MI,Detroit News,121301,1994,STATE SENATOR,4,,MI,"ECKLUND, PETER S. JR.",Republican,1,,,,,0.85,,121301_19941106.pdf
MI,Detroit News,121301,1994,STATE SENATOR,6,,MI,"HUBBARD, NANCY A.",Republican,1,,,,,0.85,,121301_19941106.pdf
MI,Detroit News,121301,1994,STATE SENATOR,7,,MI,"DINGELL, CHRISTOPHER D.",Democrat,1,,,,,0.85,,121301_19941106.pdf
MI,Detroit News,121301,1994,STATE SENATOR,8,,MI,"PAPPAGEORGE, JOHN",Republican,1,,,,,0.88,,121301_19941106.pdf
MI,Detroit News,121301,1994,SUPREME COURT,,,MI,"LEVY, BRYAN",Nonpartisan,1,,,,,0.85,,121301_19941106.pdf
MI,Detroit News,121301,1994,SUPREME COURT,,,MI,"WEAVER, ELIZABETH",Nonpartisan,1,,,,,0.92,,121301_19941106.pdf
MI,Detroit News,121301,1994,TRUSTEE,,Michigan State University,MI,"FERGUSON, JOEL",Democrat,1,,,,,0.88,,121301_19941106.pdf
MI,Detroit News,121301,1994,TRUSTEE,,Michigan State University,MI,"WARTNER, PAUL",Republican,1,,,,,0.88,,121301_19941106.pdf
MI,Detroit News,121301,1994,WCCC TRUSTEE,1,Wayne County Community College,MI,"GOWER, DENISE WELLONS",,1,,,,,0.85,,121301_19941106.pdf
MI,Detroit News,121301,1996,CNTY COMM,1,Wayne County,MI,"RICHNER, ANDREW",Republican,1,,,,,0.85,,121301_19961103.pdf
MI,Detroit News,121301,1996,COUNTY EXECUTIVE,,Wayne County,MI,"NEILSON, SUSAN BIEKE",Republican,1,,,,,0.85,OCR shows 'Susan Bieke Neilson' under Wayne County section,121301_19961103.pdf
MI,Detroit News,121301,1996,COURT OF APPEALS,1,,MI,"HOOD, HAROLD",Nonpartisan,1,,,,,0.9,,121301_19961103.pdf
MI,Detroit News,121301,1996,COURT OF APPEALS,1,,MI,"YOUNG, ROBERT JR.",Nonpartisan,1,,,,,0.85,,121301_19961103.pdf
MI,Detroit News,121301,1996,COURT OF APPEALS,2,,MI,"CAVANAGH, MARK J.",Nonpartisan,1,,,,,0.9,,121301_19961103.pdf
MI,Detroit News,121301,1996,COURT OF APPEALS,2,,MI,"FITZGERALD, E. THOMAS",Nonpartisan,1,,,,,0.9,,121301_19961103.pdf
MI,Detroit News,121301,1996,COURT OF APPEALS,2,,MI,"SAAD, HENRY WILLIAM",Nonpartisan,1,,,,,0.9,,121301_19961103.pdf
MI,Detroit News,121301,1996,COURT OF APPEALS,4,,MI,"GRIFFIN, RICHARD",Nonpartisan,1,,,,,0.85,,121301_19961103.pdf
MI,Detroit News,121301,1996,COURT OF APPEALS,4,,MI,"HOLBROOK, DONALD E.",Nonpartisan,1,,,,,0.85,,121301_19961103.pdf
MI,Detroit News,121301,1996,DA/PROSECUTOR,,Oakland County,MI,"GORCYCA, DAVE",Republican,1,,,,,0.92,,121301_19961103.pdf
MI,Detroit News,121301,1996,DA/PROSECUTOR,,Macomb County,MI,"MARLINGA, CARL",Democrat,1,,,,,0.92,,121301_19961103.pdf
MI,Detroit News,121301,1996,GOVERNOR-WAYNE-STATE,,Wayne State University,MI,"CURTIS, DENISE",Democrat,1,,,,,0.78,OCR fragment 'Denese Curtis',121301_19961103.pdf
MI,Detroit News,121301,1996,GOVERNOR-WAYNE-STATE,,Wayne State University,MI,"FECKO, PAUL",Republican,1,,,,,0.85,,121301_19961103.pdf
MI,Detroit News,121301,1996,H,1,,MI,"STUPAK, BART",Democrat,1,1,,,,0.92,,121301_19961103.pdf
MI,Detroit News,121301,1996,H,10,,MI,"HEINTZ, SUSY",Republican,1,,,,,0.88,,121301_19961103.pdf
MI,Detroit News,121301,1996,H,13,,MI,"FITZSIMMONS, JOE",Republican,1,,,,,0.88,,121301_19961103.pdf
MI,Detroit News,121301,1996,H,16,,MI,"DINGELL, JOHN",Democrat,1,1,,,,0.92,,121301_19961103.pdf
MI,Detroit News,121301,1996,H,8,,MI,"CHRYSLER, DICK",Republican,1,,1,,,0.92,,121301_19961103.pdf
MI,Detroit News,121301,1996,H,9,,MI,"NOWAK, PAT",Republican,1,,,,,0.88,,121301_19961103.pdf
MI,Detroit News,121301,1996,JUDGE,,Oakland County Circuit Court,MI,"ANDREWS, STEVEN N.",Nonpartisan,1,,,,,0.85,,121301_19961103.pdf
MI,Detroit News,121301,1996,JUDGE,,Wayne County Circuit Court,MI,"BORMAN, S. D.",Nonpartisan,1,,,,,0.85,,121301_19961103.pdf
MI,Detroit News,121301,1996,JUDGE,,Detroit Recorder's Court,MI,"CARTER, RUTH C.",Nonpartisan,1,,,,,0.88,,121301_19961103.pdf
MI,Detroit News,121301,1996,JUDGE,,Detroit Recorder's Court,MI,"COLLINS, JEFFREY G.",Nonpartisan,1,,,,,0.88,,121301_19961103.pdf
MI,Detroit News,121301,1996,JUDGE,,Detroit Recorder's Court,MI,"CUNNINGHAM, RICHARD L.",Nonpartisan,1,,,,,0.88,,121301_19961103.pdf
MI,Detroit News,121301,1996,JUDGE,,Detroit Recorder's Court,MI,"GARRETT, RUTH ANN",Nonpartisan,1,,,,,0.88,,121301_19961103.pdf
MI,Detroit News,121301,1996,JUDGE,,Wayne County Circuit Court,MI,"GIOVAN, WILLIAM",Nonpartisan,1,,,,,0.85,,121301_19961103.pdf
MI,Detroit News,121301,1996,JUDGE,,Oakland County Circuit Court,MI,"GRANT, NANCI",Nonpartisan,1,,,,,0.85,,121301_19961103.pdf
MI,Detroit News,121301,1996,JUDGE,,Wayne County Circuit Court,MI,"HARWOOD, RICHARD",Nonpartisan,1,,,,,0.85,,121301_19961103.pdf
MI,Detroit News,121301,1996,JUDGE,,Oakland County Circuit Court,MI,"HOWARD, BARRY L.",Nonpartisan,1,,,,,0.85,,121301_19961103.pdf
MI,Detroit News,121301,1996,JUDGE,,Detroit Recorder's Court,MI,"JONES, VERA MASSEY",Nonpartisan,1,,,,,0.88,,121301_19961103.pdf
MI,Detroit News,121301,1996,JUDGE,,Wayne County Circuit Court,MI,"KELLY, FRANK",Nonpartisan,1,,,,,0.85,,121301_19961103.pdf
MI,Detroit News,121301,1996,JUDGE,,Oakland County Circuit Court,MI,"MESTER, FRED M.",Nonpartisan,1,,,,,0.85,,121301_19961103.pdf
MI,Detroit News,121301,1996,JUDGE,,Wayne County Circuit Court,MI,"OLZARK, ROLAND L.",Nonpartisan,1,,,,,0.85,,121301_19961103.pdf
MI,Detroit News,121301,1996,JUDGE,,Detroit Recorder's Court,MI,"STRONG, CRAIG S.",Nonpartisan,1,,,,,0.88,,121301_19961103.pdf
MI,Detroit News,121301,1996,JUDGE,,Wayne County Circuit Court,MI,"THOMAS, EDWARD M.",Nonpartisan,1,,,,,0.85,,121301_19961103.pdf
MI,Detroit News,121301,1996,JUDGE,,Wayne County Circuit Court,MI,"ZAHRA, BRIAN",Nonpartisan,1,,,,,0.88,,121301_19961103.pdf
MI,Detroit News,121301,1996,JUDGE,,Detroit Recorder's Court,MI,"ZIOLKOWSKI, ROBERT",Nonpartisan,1,,,,,0.88,,121301_19961103.pdf
MI,Detroit News,121301,1996,PRESIDENT,,,MI,"DOLE, BOB",Republican,1,,,,,0.95,,121301_19961103.pdf
MI,Detroit News,121301,1996,REGENT,,University of Michigan,MI,"DEITCH, LARRY",Democrat,1,,,,,0.88,,121301_19961103.pdf
MI,Detroit News,121301,1996,REGENT,,University of Michigan,MI,"DEITCH-ANTHONY, VERNE",,1,,,,,0.7,OCR rendered as 'Verne Devie-Anthony' - inferred,121301_19961103.pdf
MI,Detroit News,121301,1996,SCHOOL BOARD,,Detroit,MI,"ANDERSON, CHARLES",Nonpartisan,1,,,,,0.85,,121301_19961103.pdf
MI,Detroit News,121301,1996,SCHOOL BOARD,,Detroit,MI,"BAILER, PENNY",Nonpartisan,1,,,,,0.85,,121301_19961103.pdf
MI,Detroit News,121301,1996,SCHOOL BOARD,,Detroit,MI,"BATES, ALONZO",Nonpartisan,1,,,,,0.85,,121301_19961103.pdf
MI,Detroit News,121301,1996,SCHOOL BOARD,,Detroit,MI,"REDMOND, DARRYL L.",Nonpartisan,1,,,,,0.85,,121301_19961103.pdf
MI,Detroit News,121301,1996,SENATOR,,,MI,"ROMNEY, RONNA",Republican,1,,,,,0.92,,121301_19961103.pdf
MI,Detroit News,121301,1996,SHERIFF,,Macomb County,MI,"HACKEL, WILLIAM",Democrat,1,,,,,0.92,,121301_19961103.pdf
MI,Detroit News,121301,1996,SHERIFF,,Oakland County,MI,"HOGAN, MATT",Democrat,1,,,,,0.92,,121301_19961103.pdf
MI,Detroit News,121301,1996,STATE BOARD OF ED,,,MI,"LEGG, LOUIS",Republican,1,,,,,0.85,,121301_19961103.pdf
MI,Detroit News,121301,1996,STATE BOARD OF ED,,,MI,"LUNDY, MARILYN F.",Republican,1,,,,,0.88,,121301_19961103.pdf
MI,Detroit News,121301,1996,STATE REP,106,,MI,"BODEM, BEVERLY",Republican,1,,,,,0.88,,121301_19961103.pdf
MI,Detroit News,121301,1996,STATE REP,110,,MI,"STUPAK-THRALL, KATHY",Republican,1,,,,,0.88,,121301_19961103.pdf
MI,Detroit News,121301,1996,STATE REP,15,,MI,"WORONCHAK, GARY",Republican,1,,,,,0.88,,121301_19961103.pdf
MI,Detroit News,121301,1996,STATE REP,16,,MI,"DELOREY, ROD",Republican,1,,,,,0.78,OCR fragment unclear,121301_19961103.pdf
MI,Detroit News,121301,1996,STATE REP,18,,MI,"LEMAITRE, DENNIS",Republican,1,,,,,0.88,,121301_19961103.pdf
MI,Detroit News,121301,1996,STATE REP,23,,MI,"NYKIEL, EDWARD",Republican,1,,,,,0.88,,121301_19961103.pdf
MI,Detroit News,121301,1996,STATE REP,26,,MI,"LUND, PETER J.",Republican,1,,,,,0.88,,121301_19961103.pdf
MI,Detroit News,121301,1996,STATE REP,29,,MI,"RICE, STEVE",Republican,1,,,,,0.88,,121301_19961103.pdf
MI,Detroit News,121301,1996,STATE REP,55,,MI,"RICHARDVILLE, RANDY",Republican,1,,,,,0.88,,121301_19961103.pdf
MI,Detroit News,121301,1996,STATE REP,62,,MI,"BUSH, ERIC",Republican,1,,,,,0.88,,121301_19961103.pdf
MI,Detroit News,121301,1996,STATE REP,78,,MI,"CLARK, CHRISTINA",Republican,1,,,,,0.85,,121301_19961103.pdf
MI,Detroit News,121301,1996,STATE REP,82,,MI,"WHYMAN, DEBORAH",Republican,1,,,,,0.85,,121301_19961103.pdf
MI,Detroit News,121301,1996,STATE REP,85,,MI,"JULIAN, LARRY",Republican,1,,,,,0.88,,121301_19961103.pdf
MI,Detroit News,121301,1996,STATE REP,96,,MI,"STAMAS, JIM",Republican,1,,,,,0.78,OCR fragment 'Js Stamas R',121301_19961103.pdf
MI,Detroit News,121301,1996,STATE SENATOR,,,MI,"NICHOLS, RUDY",Republican,1,,,,,0.7,OCR placement unclear; appeared with judges,121301_19961103.pdf
MI,Detroit News,121301,1996,STATE SENATOR,,,MI,"SCHNELZ, GENE",Republican,1,,,,,0.7,OCR placement unclear,121301_19961103.pdf
MI,Detroit News,121301,1996,STATE SENATOR,,,MI,"STEMPFLE, MARY ELLEN",Republican,1,,,,,0.78,,121301_19961103.pdf
MI,Detroit News,121301,1996,SUPREME COURT,,,MI,"BRICKLEY, JAMES",Nonpartisan,1,,,,,0.92,,121301_19961103.pdf
MI,Detroit News,121301,1996,SUPREME COURT,,,MI,"MARTIN, MIKE",Nonpartisan,1,,,,,0.85,Name from 'MARTIN' fragment in OCR,121301_19961103.pdf
MI,Detroit News,121301,1996,TRUSTEE,,Michigan State University,MI,"PERO, COLLEEN",Republican,1,,,,,0.88,,121301_19961103.pdf
MI,Detroit News,121301,1996,TRUSTEE,,Michigan State University,MI,"WEISS, ROBERT",Democrat,1,,,,,0.88,,121301_19961103.pdf
MI,Detroit News,121301,1998,ATTORNEY GENERAL,,,MI,"SMIETANKA, JOHN",Republican,1,,,,,0.92,,121301_19981101.pdf
MI,Detroit News,121301,1998,CNTY COMM,1,Wayne County,MI,"STEMPFLE, MARY ELLEN",Republican,1,,,,,0.85,,121301_19981101.pdf
MI,Detroit News,121301,1998,CNTY COMM,10,Macomb County,MI,"ROCCA, SAL",Republican,1,,,,,0.85,,121301_19981101.pdf
MI,Detroit News,121301,1998,CNTY COMM,11,Wayne County,MI,"MCGRAIL, LINDA",Democrat,1,,,,,0.85,,121301_19981101.pdf
MI,Detroit News,121301,1998,CNTY COMM,11,Macomb County,MI,"MCLAUGHLIN, MELISSA",Republican,1,,,,,0.85,,121301_19981101.pdf
MI,Detroit News,121301,1998,CNTY COMM,14,Macomb County,MI,"PALAMARA, JOSEPH",Democrat,1,,,,,0.85,,121301_19981101.pdf
MI,Detroit News,121301,1998,CNTY COMM,16,Wayne County,MI,"JOHNSON, RAY",,1,,,,,0.7,OCR garbled at District 16,121301_19981101.pdf
MI,Detroit News,121301,1998,CNTY COMM,19,Oakland County,MI,"SEVER, TERRY",Republican,1,,,,,0.85,,121301_19981101.pdf
MI,Detroit News,121301,1998,CNTY COMM,5,Macomb County,MI,"OLSHOVE, DENNIS",Democrat,1,,,,,0.85,,121301_19981101.pdf
MI,Detroit News,121301,1998,CNTY COMM,7,Wayne County,MI,"HUSK, KATHLEEN",Republican,1,,,,,0.85,,121301_19981101.pdf
MI,Detroit News,121301,1998,COURT OF APPEALS,1,,MI,"DAVIS, K.",Nonpartisan,1,,,,,0.7,OCR fragment in District 1,121301_19981101.pdf
MI,Detroit News,121301,1998,COURT OF APPEALS,2,,MI,"WAHLS, MYRON",Nonpartisan,1,,,,,0.88,,121301_19981101.pdf
MI,Detroit News,121301,1998,COURT OF APPEALS,4,,MI,"TALBOT, MICHAEL",Nonpartisan,1,,,,,0.88,,121301_19981101.pdf
MI,Detroit News,121301,1998,GOVERNOR,,,MI,"ENGLER, JOHN",Republican,1,,1,,,0.95,,121301_19981101.pdf
MI,Detroit News,121301,1998,GOVERNOR-WAYNE-STATE,,Wayne State University,MI,"MANNING, SHEILA GIBSON",,1,,,,,0.85,,121301_19981101.pdf
MI,Detroit News,121301,1998,GOVERNOR-WAYNE-STATE,,Wayne State University,MI,"WOLFRAM, GARY",Republican,1,,,,,0.85,District 8 placement,121301_19981101.pdf
MI,Detroit News,121301,1998,H,1,,MI,"STUPAK, BART",Democrat,1,1,,,,0.92,,121301_19981101.pdf
MI,Detroit News,121301,1998,H,11,,MI,"PALMER, SUZANNE",Republican,1,,,,,0.78,OCR shows 'Sefari Palmer' - corrected,121301_19981101.pdf
MI,Detroit News,121301,1998,H,12,,MI,"TOUMA, LESLIE",Republican,1,,,,,0.85,,121301_19981101.pdf
MI,Detroit News,121301,1998,H,13,,MI,"HICKEY, TOM",Republican,1,,,,,0.85,,121301_19981101.pdf
MI,Detroit News,121301,1998,H,7,,MI,"SMITH, NICK",Republican,1,,1,,,0.92,,121301_19981101.pdf
MI,Detroit News,121301,1998,H,8,,MI,"GRIMES MUNSELL, SUSAN",Republican,1,,,,,0.85,,121301_19981101.pdf
MI,Detroit News,121301,1998,H,9,,MI,"MCMILLIN, TOM",Republican,1,,,,,0.85,,121301_19981101.pdf
MI,Detroit News,121301,1998,JUDGE,,Detroit Recorder's Court (or Wayne Circuit),MI,"ANDERSON, N. CHARLES",Nonpartisan,1,,,,,0.78,At-large seat,121301_19981101.pdf
MI,Detroit News,121301,1998,JUDGE,,Wayne County Circuit Court,MI,"BATTANI, JESS O.",Nonpartisan,1,,,,,0.7,OCR fragment 'Jess O. Battani',121301_19981101.pdf
MI,Detroit News,121301,1998,JUDGE,,Wayne County Circuit Court,MI,"BATTANI, MARIANNE O.",Nonpartisan,1,,,,,0.88,,121301_19981101.pdf
MI,Detroit News,121301,1998,JUDGE,,Wayne County Circuit Court,MI,"BRAXTON, MARGIE R.",Nonpartisan,1,,,,,0.85,,121301_19981101.pdf
MI,Detroit News,121301,1998,JUDGE,,Macomb County Circuit Court,MI,"BUCCI, LIDO",Nonpartisan,1,,,,,0.88,,121301_19981101.pdf
MI,Detroit News,121301,1998,JUDGE,,Macomb County Circuit Court,MI,"CHRZANOWSKI, MARY A.",Nonpartisan,1,,,,,0.88,,121301_19981101.pdf
MI,Detroit News,121301,1998,JUDGE,,Wayne County Circuit Court,MI,"CHYLINKSI, JAMES R.",Nonpartisan,1,,,,,0.78,District 11,121301_19981101.pdf
MI,Detroit News,121301,1998,JUDGE,,Wayne County Circuit Court,MI,"COX, SEAN F.",Nonpartisan,1,,,,,0.85,District 14,121301_19981101.pdf
MI,Detroit News,121301,1998,JUDGE,,Wayne County Circuit Court,MI,"DOCTOROFF, MARTIN",Nonpartisan,1,,,,,0.85,District 6 (incumbent),121301_19981101.pdf
MI,Detroit News,121301,1998,JUDGE,,Macomb County Circuit Court,MI,"DONOFRIO, PAT",Nonpartisan,1,,,,,0.88,,121301_19981101.pdf
MI,Detroit News,121301,1998,JUDGE,,Wayne County Circuit Court,MI,"DRAIN, GERSHWIN A.",Nonpartisan,1,,,,,0.85,,121301_19981101.pdf
MI,Detroit News,121301,1998,JUDGE,,Wayne County Circuit Court,MI,"EVANS, ROBERT L.",Nonpartisan,1,,,,,0.85,,121301_19981101.pdf
MI,Detroit News,121301,1998,JUDGE,,Wayne County Circuit Court,MI,"GILLIS, JANE",Nonpartisan,1,,,,,0.85,,121301_19981101.pdf
MI,Detroit News,121301,1998,JUDGE,,Wayne County Circuit Court,MI,"HALL, MIKE D.",Nonpartisan,1,,,,,0.85,,121301_19981101.pdf
MI,Detroit News,121301,1998,JUDGE,,Wayne County Circuit Court,MI,"HATHAWAY, DIANE MARIE",Nonpartisan,1,,,,,0.85,,121301_19981101.pdf
MI,Detroit News,121301,1998,JUDGE,,Wayne County Circuit Court,MI,"KELLEY, KIRSTEN FRANK",Nonpartisan,1,,,,,0.85,,121301_19981101.pdf
MI,Detroit News,121301,1998,JUDGE,,Wayne County Circuit Court,MI,"KENNY, TIMOTHY M.",Nonpartisan,1,,,,,0.88,,121301_19981101.pdf
MI,Detroit News,121301,1998,JUDGE,,Wayne County Circuit Court,MI,"MACDONALD, KATHLEEN",Nonpartisan,1,,,,,0.85,,121301_19981101.pdf
MI,Detroit News,121301,1998,JUDGE,,Wayne County Circuit Court,MI,"MORROW, JEROME",Nonpartisan,1,,,,,0.85,OCR fragment 'arne ee Morrow',121301_19981101.pdf
MI,Detroit News,121301,1998,JUDGE,,Wayne County Circuit Court,MI,"MORTON, CHARLES E.",Nonpartisan,1,,,,,0.85,,121301_19981101.pdf
MI,Detroit News,121301,1998,JUDGE,,Macomb County Circuit Court,MI,"O'BRIEN, COLLEEN",Nonpartisan,1,,,,,0.85,,121301_19981101.pdf
MI,Detroit News,121301,1998,JUDGE,,Wayne County Circuit Court,MI,"RASHID, JAMES J.",Nonpartisan,1,,,,,0.85,,121301_19981101.pdf
MI,Detroit News,121301,1998,JUDGE,,Wayne County Circuit Court,MI,"STEMPIEN, JEANNE",Nonpartisan,1,,,,,0.85,,121301_19981101.pdf
MI,Detroit News,121301,1998,JUDGE,,Wayne County Circuit Court,MI,"SULLIVAN, BRIAN R.",Nonpartisan,1,,,,,0.85,,121301_19981101.pdf
MI,Detroit News,121301,1998,JUDGE,,Wayne County Circuit Court,MI,"TORRES, ISIDORE B.",Nonpartisan,1,,,,,0.85,,121301_19981101.pdf
MI,Detroit News,121301,1998,JUDGE,,Wayne County Circuit Court,MI,"TOWNSEND, LEONARD",Nonpartisan,1,,,,,0.85,,121301_19981101.pdf
MI,Detroit News,121301,1998,JUDGE,,Wayne County Circuit Court,MI,"WEBB, STANLEY W.",Nonpartisan,1,,,,,0.85,,121301_19981101.pdf
MI,Detroit News,121301,1998,REGENT,,University of Michigan,MI,"BRANDON, DAVID",Republican,1,,,,,0.88,,121301_19981101.pdf
MI,Detroit News,121301,1998,REGENT,,University of Michigan,MI,"MAYNARD, OLIVIA",Democrat,1,,,,,0.7,OCR fragment unclear,121301_19981101.pdf
MI,Detroit News,121301,1998,SCHOOL BOARD,,Detroit,MI,"HOCHSTETLER, JOHN",Nonpartisan,1,,,,,0.85,,121301_19981101.pdf
MI,Detroit News,121301,1998,SCHOOL BOARD,,Detroit,MI,"WASHBURN, BEN W.",Nonpartisan,1,,,,,0.85,,121301_19981101.pdf
MI,Detroit News,121301,1998,SCHOOL BOARD,5,Detroit,MI,"BETTS, MARGARET L.",Nonpartisan,1,,,,,0.85,,121301_19981101.pdf
MI,Detroit News,121301,1998,SEC OF STATE,,,MI,"MILLER, CANDICE",Republican,1,,1,,,0.92,,121301_19981101.pdf
MI,Detroit News,121301,1998,STATE BOARD OF ED,,,MI,"KUKUK, JANET",Republican,1,,,,,0.85,District 33 placement uncertain,121301_19981101.pdf
MI,Detroit News,121301,1998,STATE REP,15,,MI,"WORONCHAK, GARY",Republican,1,,,,,0.88,,121301_19981101.pdf
MI,Detroit News,121301,1998,STATE REP,16,,MI,"BROWN, BOB",Democrat,1,,,,,0.85,,121301_19981101.pdf
MI,Detroit News,121301,1998,STATE REP,19,,MI,"TOY, LAURA",Republican,1,,,,,0.88,,121301_19981101.pdf
MI,Detroit News,121301,1998,STATE REP,21,,MI,"JOHNSON, RUTH",Republican,1,,,,,0.7,Possible duplicate from State Senate listing - flagged,121301_19981101.pdf
MI,Detroit News,121301,1998,STATE REP,23,,MI,"O'NEIL, WILLIAM J.",Democrat,1,,,,,0.85,,121301_19981101.pdf
MI,Detroit News,121301,1998,STATE REP,34,,MI,"MAGANO, K.",Republican,1,,,,,0.7,OCR fragment unclear 'Dorgee K. Mpgano',121301_19981101.pdf
MI,Detroit News,121301,1998,STATE REP,42,,MI,"GOSSELIN, ROBERT",Republican,1,,,,,0.88,,121301_19981101.pdf
MI,Detroit News,121301,1998,STATE REP,44,,MI,"DRAKE, MAGGIE W.",,1,,,,,0.78,OCR placement uncertain,121301_19981101.pdf
MI,Detroit News,121301,1998,STATE REP,45,,MI,"BISHOP, MIKE",Republican,1,,,,,0.88,,121301_19981101.pdf
MI,Detroit News,121301,1998,STATE REP,52,,MI,"JAMNICK, RUTH ANN",Democrat,1,,,,,0.85,District 54 in OCR but district 52 likely,121301_19981101.pdf
MI,Detroit News,121301,1998,STATE REP,6,,MI,"RUNCO, RHONDA L.",Republican,1,,,,,0.85,,121301_19981101.pdf
MI,Detroit News,121301,1998,STATE SENATOR,21,,MI,"PATTERSON, BRUCE",Republican,1,,,,,0.88,,121301_19981101.pdf
MI,Detroit News,121301,1998,STATE SENATOR,24,,MI,"JOHNSON, RUTH",Republican,1,,,,,0.88,,121301_19981101.pdf
MI,Detroit News,121301,1998,STATE SENATOR,29,,MI,"FAUNCE, JENNIFER",Republican,1,,,,,0.85,,121301_19981101.pdf
MI,Detroit News,121301,1998,STATE SENATOR,31,,MI,"MCCOTTER, THADDEUS",Republican,1,,,,,0.88,,121301_19981101.pdf
MI,Detroit News,121301,1998,STATE SENATOR,33,,MI,"BRANDENBURG, JACK",Republican,1,,,,,0.88,,121301_19981101.pdf
MI,Detroit News,121301,1998,STATE SENATOR,34,,MI,"SCHWARZ, JOHN",Republican,1,,,,,0.85,OCR fragment 'Schward',121301_19981101.pdf
MI,Detroit News,121301,1998,STATE SENATOR,35,,MI,"JACOBS, GILDA Z.",Democrat,1,,,,,0.88,,121301_19981101.pdf
MI,Detroit News,121301,1998,STATE SENATOR,39,,MI,"SHULMAN, MARC",Republican,1,,,,,0.88,,121301_19981101.pdf
MI,Detroit News,121301,1998,STATE SENATOR,41,,MI,"PAPPAGEORGE, JOHN",Republican,1,,,,,0.88,,121301_19981101.pdf
MI,Detroit News,121301,1998,STATE SENATOR,44,,MI,"KOWALL, MIKE",Republican,1,,,,,0.88,,121301_19981101.pdf
MI,Detroit News,121301,1998,STATE SENATOR,45,,MI,"MANS, GEORGE",Democrat,1,,,,,0.85,,121301_19981101.pdf
MI,Detroit News,121301,1998,STATE SENATOR,46,,MI,"COOK, D. M.",Republican,1,,,,,0.78,OCR fragment unclear,121301_19981101.pdf
MI,Detroit News,121301,1998,STATE SENATOR,52,,MI,"KNIGHT, JULIE",Republican,1,,,,,0.85,,121301_19981101.pdf
MI,Detroit News,121301,1998,STATE SENATOR,54,,MI,"PITTERS, PHILIP",Republican,1,,,,,0.85,,121301_19981101.pdf
MI,Detroit News,121301,1998,STATE SENATOR,8,,MI,"BENNETT, LOREN",Republican,1,,,,,0.88,,121301_19981101.pdf
MI,Detroit News,121301,1998,SUPREME COURT,,,MI,"CAVANAGH, MICHAEL",Nonpartisan,1,,,,,0.92,,121301_19981101.pdf
MI,Detroit News,121301,1998,SUPREME COURT,,,MI,"CORRIGAN, MAURA DENISE",Nonpartisan,1,,,,,0.92,,121301_19981101.pdf
MI,Detroit News,121301,1998,SUPREME COURT,,,MI,"TAYLOR, CLIFFORD",Nonpartisan,1,,,,,0.92,,121301_19981101.pdf
MI,Detroit News,121301,1998,TRUSTEE,,Michigan State University,MI,"COOK, D. M.",Republican,1,,,,,0.7,OCR placement uncertain,121301_19981101.pdf
MI,Detroit News,121301,1998,TRUSTEE,,Michigan State University,MI,"DALMAN, JESSIE",Republican,1,,,,,0.88,,121301_19981101.pdf
MI,Detroit News,121301,1998,WCCC TRUSTEE,4,Wayne County Community College,MI,"MORTON, CHARLES E.",,1,,,,,0.7,Likely duplicate of Wayne Circuit listing,121301_19981101.pdf
MI,Detroit News,121301,2000,COURT OF APPEALS,1,,MI,"KELLY, KIRSTEN FRANK",Nonpartisan,1,,,,,0.88,,121301_20001105.pdf
MI,Detroit News,121301,2000,COURT OF APPEALS,1,,MI,"WILDER, KURTIS",Nonpartisan,1,,,,,0.88,,121301_20001105.pdf
MI,Detroit News,121301,2000,COURT OF APPEALS,2,,MI,"COOPER, JESSICA",Nonpartisan,1,,,,,0.88,,121301_20001105.pdf
MI,Detroit News,121301,2000,COURT OF APPEALS,3,,MI,"MURPHY, BILL",Nonpartisan,1,,,,,0.85,,121301_20001105.pdf
MI,Detroit News,121301,2000,COURT OF APPEALS,3,,MI,"SMOLENSKI, MICHAEL",Nonpartisan,1,,,,,0.85,,121301_20001105.pdf
MI,Detroit News,121301,2000,DA/PROSECUTOR,,Oakland County,MI,"GORCYCA, DAVID",Republican,1,,,,,0.92,,121301_20001105.pdf
MI,Detroit News,121301,2000,DA/PROSECUTOR,,Macomb County,MI,"MARLINGA, CARL",Democrat,1,,,,,0.92,,121301_20001105.pdf
MI,Detroit News,121301,2000,GOVERNOR-WAYNE-STATE,,Wayne State University,MI,"SHIELDS, MARY KAY",Republican,1,,,,,0.85,,121301_20001105.pdf
MI,Detroit News,121301,2000,H,1,,MI,"STUPAK, BART",Democrat,1,1,,,,0.92,,121301_20001105.pdf
MI,Detroit News,121301,2000,H,11,,MI,"KNOLLENBERG, JOE",Republican,1,,1,,,0.92,,121301_20001105.pdf
MI,Detroit News,121301,2000,H,12,,MI,"LEVIN, SANDER",Democrat,1,1,,,,0.92,,121301_20001105.pdf
MI,Detroit News,121301,2000,H,13,,MI,"RIVERS, LYNN",Democrat,1,1,,,,0.92,,121301_20001105.pdf
MI,Detroit News,121301,2000,H,15,,MI,"KILPATRICK, CAROLYN CHEEKS",Democrat,1,1,,,,0.92,,121301_20001105.pdf
MI,Detroit News,121301,2000,H,16,,MI,"DINGELL, JOHN",Democrat,1,1,,,,0.92,,121301_20001105.pdf
MI,Detroit News,121301,2000,H,2,,MI,"HOEKSTRA, PETER",Republican,1,,1,,,0.92,,121301_20001105.pdf
MI,Detroit News,121301,2000,H,3,,MI,"EHLERS, VERNON",Republican,1,,1,,,0.92,,121301_20001105.pdf
MI,Detroit News,121301,2000,H,4,,MI,"CAMP, DAVE",Republican,1,,1,,,0.92,,121301_20001105.pdf
MI,Detroit News,121301,2000,H,5,,MI,"BARCIA, JAMES",Democrat,1,1,,,,0.92,,121301_20001105.pdf
MI,Detroit News,121301,2000,H,6,,MI,"UPTON, FRED",Republican,1,,1,,,0.92,,121301_20001105.pdf
MI,Detroit News,121301,2000,H,7,,MI,"SMITH, NICK",Republican,1,,1,,,0.92,,121301_20001105.pdf
MI,Detroit News,121301,2000,H,8,,MI,"ROGERS, MIKE",Republican,1,,,,,0.92,,121301_20001105.pdf
MI,Detroit News,121301,2000,H,9,,MI,"KILDEE, DALE",Democrat,1,1,,,,0.92,,121301_20001105.pdf
MI,Detroit News,121301,2000,H,9,,MI,"RICHNER, ANDREW C.",Republican,1,,,,,0.7,OCR placement after Kilpatrick - district uncertain,121301_20001105.pdf
MI,Detroit News,121301,2000,JUDGE,,Detroit area Court,MI,"BERRY, WAYNE",Nonpartisan,1,,,,,0.78,,121301_20001105.pdf
MI,Detroit News,121301,2000,JUDGE,,Oakland County Circuit Court,MI,"DAVIS, J. R.",Nonpartisan,1,,,,,0.7,OCR fragment 'Caurence 8. Opn',121301_20001105.pdf
MI,Detroit News,121301,2000,JUDGE,,Detroit area Court,MI,"MALONEY, PAUL",Nonpartisan,1,,,,,0.78,,121301_20001105.pdf
MI,Detroit News,121301,2000,JUDGE,,Detroit area Court,MI,"MCCARTY, KATHLEEN",Nonpartisan,1,,,,,0.78,,121301_20001105.pdf
MI,Detroit News,121301,2000,JUDGE,,Macomb County Circuit Court,MI,"TOIA, JOSEPH",Nonpartisan,1,,,,,0.78,OCR shows 'Joseph Toia' - placement uncertain,121301_20001105.pdf
MI,Detroit News,121301,2000,PRESIDENT,,,MI,"BUSH, GEORGE W.",Republican,1,,,,,0.95,,121301_20001105.pdf
MI,Detroit News,121301,2000,PUBLIC WORKS COMMISSIONER,,Macomb County,MI,"ODROBINA, TED",,1,,,,,0.7,OCR fragment under Macomb,121301_20001105.pdf
MI,Detroit News,121301,2000,REGENT,,University of Michigan,MI,"WASHINGTON, JACKIE",Democrat,1,,,,,0.78,,121301_20001105.pdf
MI,Detroit News,121301,2000,SENATOR,,,MI,"ABRAHAM, SPENCER",Republican,1,,1,,,0.92,,121301_20001105.pdf
MI,Detroit News,121301,2000,SHERIFF,,Oakland County,MI,"BOUCHARD, MICHAEL",Republican,1,,,,,0.92,,121301_20001105.pdf
MI,Detroit News,121301,2000,SHERIFF,,Macomb County,MI,"HACKEL, MARK",Republican,1,,,,,0.7,"OCR shows 'Stave Thomes' - inferred Steve Thomas, but actual sheriff listed could differ",121301_20001105.pdf
MI,Detroit News,121301,2000,SHERIFF,,Wayne County,MI,"STEINKE, STANLEY R.",Democrat,1,,,,,0.85,,121301_20001105.pdf
MI,Detroit News,121301,2000,STATE BOARD OF ED,,,MI,"SHIELDS, MARY KAY",Republican,1,,,,,0.7,OCR placement uncertain - listed under Wayne State,121301_20001105.pdf
MI,Detroit News,121301,2000,STATE REP,11,,MI,"WATERS, MARY D.",Democrat,1,,,,,0.85,District 11 - OCR garbled,121301_20001105.pdf
MI,Detroit News,121301,2000,STATE REP,15,,MI,"WORONCHAK, GARY",Republican,1,,,,,0.88,,121301_20001105.pdf
MI,Detroit News,121301,2000,STATE REP,16,,MI,"BROWN, BOB",Democrat,1,,,,,0.88,,121301_20001105.pdf
MI,Detroit News,121301,2000,STATE REP,17,,MI,"PLAKAS, JIM A.",Democrat,1,,,,,0.85,,121301_20001105.pdf
MI,Detroit News,121301,2000,STATE REP,18,,MI,"GIBBONS, PATRICIA A.",Republican,1,,,,,0.85,,121301_20001105.pdf
MI,Detroit News,121301,2000,STATE REP,19,,MI,"TOY, LAURA",Republican,1,,,,,0.88,,121301_20001105.pdf
MI,Detroit News,121301,2000,STATE REP,20,,MI,"STEWART, JOHN C.",Republican,1,,,,,0.85,,121301_20001105.pdf
MI,Detroit News,121301,2000,STATE REP,21,,MI,"PATTERSON, BRUCE",Republican,1,,,,,0.88,,121301_20001105.pdf
MI,Detroit News,121301,2000,STATE REP,23,,MI,"ADKINS, BURL C.",Republican,1,,,,,0.85,,121301_20001105.pdf
MI,Detroit News,121301,2000,STATE REP,26,,MI,"NEARON, WILLIAM",Republican,1,,,,,0.85,,121301_20001105.pdf
MI,Detroit News,121301,2000,STATE REP,29,,MI,"FAUNCE, JENNIFER",Republican,1,,,,,0.88,,121301_20001105.pdf
MI,Detroit News,121301,2000,STATE REP,30,,MI,"ROCCA, SAL",Republican,1,,,,,0.88,,121301_20001105.pdf
MI,Detroit News,121301,2000,STATE REP,31,,MI,"KOSTEVA, JIM",Democrat,1,,,,,0.78,OCR fragment,121301_20001105.pdf
MI,Detroit News,121301,2000,STATE REP,4,,MI,"MCCONICO, BILL",Democrat,1,,,,,0.85,,121301_20001105.pdf
MI,Detroit News,121301,2000,STATE REP,44,,MI,"KOWALL, MIKE",Republican,1,,,,,0.88,,121301_20001105.pdf
MI,Detroit News,121301,2000,STATE REP,50,,MI,"CUNNINGHAM, GEORGE",Republican,1,,,,,0.85,,121301_20001105.pdf
MI,Detroit News,121301,2000,STATE REP,53,,MI,"KOLB, CHRIS",Democrat,1,,,,,0.88,,121301_20001105.pdf
MI,Detroit News,121301,2000,STATE REP,56,,MI,"RICHARDVILLE, RANDY",Republican,1,,,,,0.88,,121301_20001105.pdf
MI,Detroit News,121301,2000,SUPREME COURT,,,MI,"ANDERSON, WENDY",Nonpartisan,1,,,,,0.85,,121301_20001105.pdf
MI,Detroit News,121301,2000,SUPREME COURT,,,MI,"MARKMAN, STEPHEN",Republican,1,,1,,,0.92,,121301_20001105.pdf
MI,Detroit News,121301,2000,SUPREME COURT,,,MI,"YOUNG, ROBERT",Republican,1,,1,,,0.92,,121301_20001105.pdf
MI,Detroit News,121301,2000,TREASURER,,Oakland County,MI,"DOHANY, C. HUGH",Republican,1,,1,,,0.9,,121301_20001105.pdf
MI,Detroit News,121301,2000,TREASURER,,Macomb County,MI,"SCHEMITSCH, TED",Republican,1,,,,,0.7,OCR fragment uncertain,121301_20001105.pdf
MI,Detroit News,121301,2000,TREASURER,,Wayne County,MI,"WOJTOWICZ, RAY",Democrat,1,,,,,0.7,OCR fragment in Wayne County section,121301_20001105.pdf
MI,Detroit News,121301,2000,TRUSTEE,,Michigan State University,MI,"BINSFELD, CONNIE",Republican,1,,,,,0.85,,121301_20001105.pdf
MI,Detroit News,121301,2002,ATTORNEY GENERAL,,,MI,"PETERS, GARY",Democrat,1,,,,,0.92,,121301_20021103.pdf
MI,Detroit News,121301,2002,CNTY COMM,1,Macomb County,MI,"ROCCA, SAL",Republican,1,,,,,0.78,District 1 with 'Lund' OCR,121301_20021103.pdf
MI,Detroit News,121301,2002,CNTY COMM,5,Macomb County,MI,"OLSHOVE, DENNIS",Democrat,1,,,,,0.78,,121301_20021103.pdf
MI,Detroit News,121301,2002,COURT OF APPEALS,1,,MI,"CHYLINSKI, JAMES",Nonpartisan,1,,,,,0.85,,121301_20021103.pdf
MI,Detroit News,121301,2002,COURT OF APPEALS,1,,MI,"MURRAY, CHRIS",Nonpartisan,1,,,,,0.88,,121301_20021103.pdf
MI,Detroit News,121301,2002,COURT OF APPEALS,1,,MI,"TALBOT, MICHAEL",Nonpartisan,1,,,,,0.88,,121301_20021103.pdf
MI,Detroit News,121301,2002,GOVERNOR,,,MI,"POSTHUMUS, DICK",Republican,1,,,,,0.95,,121301_20021103.pdf
MI,Detroit News,121301,2002,GOVERNOR-WAYNE-STATE,,Wayne State University,MI,"BERNSTEIN, RICHARD",Democrat,1,,,,,0.85,,121301_20021103.pdf
MI,Detroit News,121301,2002,GOVERNOR-WAYNE-STATE,,Wayne State University,MI,"DUNASKISS, DIANE L.",Republican,1,,,,,0.85,,121301_20021103.pdf
MI,Detroit News,121301,2002,H,10,,MI,"MILLER, CANDICE",Republican,1,,,,,0.92,,121301_20021103.pdf
MI,Detroit News,121301,2002,H,11,,MI,"MCCOTTER, THADDEUS",Republican,1,,,,,0.92,,121301_20021103.pdf
MI,Detroit News,121301,2002,H,9,,MI,"KNOLLENBERG, JOE",Republican,1,,1,,,0.92,,121301_20021103.pdf
MI,Detroit News,121301,2002,JUDGE,,Oakland County Circuit Court,MI,"ANDERSON, NACHAA BY",Nonpartisan,1,,,,,0.7,OCR fragment 'Nactiu BYAndarscn',121301_20021103.pdf
MI,Detroit News,121301,2002,JUDGE,,Wayne County Circuit Court,MI,"BOYKIN, ULYSSES W.",Nonpartisan,1,,,,,0.88,,121301_20021103.pdf
MI,Detroit News,121301,2002,JUDGE,,Oakland County Circuit Court,MI,"BRANDENBURG, NICHOLYN A.",Nonpartisan,1,,,,,0.85,,121301_20021103.pdf
MI,Detroit News,121301,2002,JUDGE,,Wayne County Circuit Court,MI,"BROWN, HELEN E.",Nonpartisan,1,,,,,0.88,,121301_20021103.pdf
MI,Detroit News,121301,2002,JUDGE,,Wayne County Circuit Court,MI,"CALLAHAN, BILL",Nonpartisan,1,,,,,0.88,,121301_20021103.pdf
MI,Detroit News,121301,2002,JUDGE,,Wayne County Circuit Court,MI,"CALLAHAN, MICHAEL JAMES",Nonpartisan,1,,,,,0.88,,121301_20021103.pdf
MI,Detroit News,121301,2002,JUDGE,,Wayne County Circuit Court,MI,"CURTIS, DAPHNE MEANS",Nonpartisan,1,,,,,0.88,,121301_20021103.pdf
MI,Detroit News,121301,2002,JUDGE,,Wayne County Circuit Court,MI,"EVANS, VONDA R.",Nonpartisan,1,,,,,0.88,,121301_20021103.pdf
MI,Detroit News,121301,2002,JUDGE,,Wayne County Circuit Court,MI,"GILLIS, JOHN H. JR.",Nonpartisan,1,,,,,0.88,,121301_20021103.pdf
MI,Detroit News,121301,2002,JUDGE,,Wayne County Circuit Court,MI,"HATHAWAY, RICHARD P.",Nonpartisan,1,,,,,0.88,,121301_20021103.pdf
MI,Detroit News,121301,2002,JUDGE,,Wayne County Circuit Court,MI,"JONES, VERA MASSEY",Nonpartisan,1,,,,,0.88,,121301_20021103.pdf
MI,Detroit News,121301,2002,JUDGE,,Wayne County Circuit Court,MI,"KELLY, MARY BETH",Nonpartisan,1,,,,,0.88,,121301_20021103.pdf
MI,Detroit News,121301,2002,JUDGE,,Wayne County Circuit Court,MI,"LOMBARD, ARTHUR J.",Nonpartisan,1,,,,,0.88,,121301_20021103.pdf
MI,Detroit News,121301,2002,JUDGE,,Macomb County Circuit Court,MI,"MACERONI, PETER J.",Nonpartisan,1,,,,,0.88,,121301_20021103.pdf
MI,Detroit News,121301,2002,JUDGE,,Wayne County Circuit Court,MI,"NIELSON, SUSAN B.",Nonpartisan,1,,,,,0.88,,121301_20021103.pdf
MI,Detroit News,121301,2002,JUDGE,,Macomb County Circuit Court,MI,"SERVITTO, DEBORAH A.",Nonpartisan,1,,,,,0.88,,121301_20021103.pdf
MI,Detroit News,121301,2002,JUDGE,,Wayne County Circuit Court,MI,"STRONG, CRAIG R.",Nonpartisan,1,,,,,0.88,,121301_20021103.pdf
MI,Detroit News,121301,2002,JUDGE,,Macomb County Circuit Court,MI,"SWITALSKI, MATTHEW",Nonpartisan,1,,,,,0.85,OCR shows 'Switalksi',121301_20021103.pdf
MI,Detroit News,121301,2002,JUDGE,,Wayne County Circuit Court,MI,"THOMAS, EDWARD M.",Nonpartisan,1,,,,,0.88,,121301_20021103.pdf
MI,Detroit News,121301,2002,JUDGE,,Wayne County Circuit Court,MI,"WORTHY, KYM L.",Nonpartisan,1,,,,,0.88,,121301_20021103.pdf
MI,Detroit News,121301,2002,JUDGE,,Wayne County Circuit Court,MI,"ZIOLKOWSKI, ROBERT L.",Nonpartisan,1,,,,,0.88,,121301_20021103.pdf
MI,Detroit News,121301,2002,REGENT,,University of Michigan,MI,"FISCHER NEWMAN, ANDREA",Republican,1,,,,,0.88,,121301_20021103.pdf
MI,Detroit News,121301,2002,REGENT,,University of Michigan,MI,"PETERING, MATTHEW",Green,1,,,,,0.85,,121301_20021103.pdf
MI,Detroit News,121301,2002,SEC OF STATE,,,MI,"LAND, TERRI LYNN",Republican,1,,,,,0.92,,121301_20021103.pdf
MI,Detroit News,121301,2002,SENATOR,,,MI,"LEVIN, CARL",Democrat,1,1,,,,0.92,,121301_20021103.pdf
MI,Detroit News,121301,2002,STATE BOARD OF ED,,,MI,"CURTIN, CAROLYN",Republican,1,,,,,0.85,,121301_20021103.pdf
MI,Detroit News,121301,2002,STATE BOARD OF ED,,,MI,"WARREN, MICHAEL",Republican,1,,,,,0.88,,121301_20021103.pdf
MI,Detroit News,121301,2002,STATE REP,1,,MI,"BRENT, JOHN C.",,1,,,,,0.7,District 1 in OCR,121301_20021103.pdf
MI,Detroit News,121301,2002,STATE REP,1,,MI,"CAVANAGH, PHILIP",Democrat,1,,,,,0.88,,121301_20021103.pdf
MI,Detroit News,121301,2002,STATE REP,11,,MI,"REEVES, JIMMY",Democrat,1,,,,,0.78,OCR fragment 'bi mid Reeves',121301_20021103.pdf
MI,Detroit News,121301,2002,STATE REP,12,,MI,"TOBOCMAN, STEVE",Democrat,1,,,,,0.78,,121301_20021103.pdf
MI,Detroit News,121301,2002,STATE REP,13,,MI,"FARRAH, BARBARA",Democrat,1,,,,,0.85,,121301_20021103.pdf
MI,Detroit News,121301,2002,STATE REP,14,,MI,"PALMER, BRIAN",Republican,1,,,,,0.85,,121301_20021103.pdf
MI,Detroit News,121301,2002,STATE REP,15,,MI,"PLAKAS, JIM",Democrat,1,,,,,0.85,,121301_20021103.pdf
MI,Detroit News,121301,2002,STATE REP,16,,MI,"ACCAVITTI JR., FRANK",Democrat,1,,,,,0.85,,121301_20021103.pdf
MI,Detroit News,121301,2002,STATE REP,16,,MI,"PALMER, EILEEN",Democrat,1,,,,,0.7,OCR fragment - duplicate district 16,121301_20021103.pdf
MI,Detroit News,121301,2002,STATE REP,17,,MI,"TRONOLONE, DIANNE S.",Republican,1,,,,,0.85,,121301_20021103.pdf
MI,Detroit News,121301,2002,STATE REP,18,,MI,"ANDERSON, GLENN",Democrat,1,,,,,0.85,,121301_20021103.pdf
MI,Detroit News,121301,2002,STATE REP,19,,MI,"PASTOR, JOHN",Republican,1,,,,,0.85,,121301_20021103.pdf
MI,Detroit News,121301,2002,STATE REP,2,,MI,"GAFFEY, EDWARD",Republican,1,,,,,0.85,,121301_20021103.pdf
MI,Detroit News,121301,2002,STATE REP,20,,MI,"LUND, PETER J.",Republican,1,,,,,0.78,,121301_20021103.pdf
MI,Detroit News,121301,2002,STATE REP,20,,MI,"MOSS, CHUCK",Republican,1,,,,,0.85,,121301_20021103.pdf
MI,Detroit News,121301,2002,STATE REP,22,,MI,"DEEL, RYAN",Republican,1,,,,,0.78,OCR fragment unclear,121301_20021103.pdf
MI,Detroit News,121301,2002,STATE REP,22,,MI,"JONES, DOUGLAS",Republican,1,,,,,0.7,,121301_20021103.pdf
MI,Detroit News,121301,2002,STATE REP,23,,MI,"GUALDONI, JOHN",Democrat,1,,,,,0.78,OCR fragment 'm Gualdoni',121301_20021103.pdf
MI,Detroit News,121301,2002,STATE REP,24,,MI,"MELTON, TIM",Democrat,1,,,,,0.85,,121301_20021103.pdf
MI,Detroit News,121301,2002,STATE REP,25,,MI,"HANDY, R. MILES",Republican,1,,,,,0.85,,121301_20021103.pdf
MI,Detroit News,121301,2002,STATE REP,26,,MI,"WOODWARD, DAVE",Democrat,1,,,,,0.88,,121301_20021103.pdf
MI,Detroit News,121301,2002,STATE REP,27,,MI,"MEISNER, ANDY",Democrat,1,,,,,0.88,,121301_20021103.pdf
MI,Detroit News,121301,2002,STATE REP,29,,MI,"PHILLIPS, CLARENCE E.",Democrat,1,,,,,0.88,,121301_20021103.pdf
MI,Detroit News,121301,2002,STATE REP,3,,MI,"DANIELS, KEN",Democrat,1,,,,,0.85,,121301_20021103.pdf
MI,Detroit News,121301,2002,STATE REP,33,,MI,"ACCIAVATTI, DANIEL J.",Republican,1,,,,,0.85,,121301_20021103.pdf
MI,Detroit News,121301,2002,STATE REP,34,,MI,"DROLET, LEON",Republican,1,,,,,0.85,,121301_20021103.pdf
MI,Detroit News,121301,2002,STATE REP,35,,MI,"JORDAN, SYLVIA",Republican,1,,,,,0.85,,121301_20021103.pdf
MI,Detroit News,121301,2002,STATE REP,36,,MI,"WEBSTER, PETER",Republican,1,,,,,0.85,,121301_20021103.pdf
MI,Detroit News,121301,2002,STATE REP,37,,MI,"KNOL, VALERIE",Republican,1,,,,,0.85,,121301_20021103.pdf
MI,Detroit News,121301,2002,STATE REP,38,,MI,"DEROCHE, CRAIG",Republican,1,,,,,0.88,,121301_20021103.pdf
MI,Detroit News,121301,2002,STATE REP,39,,MI,"SHULMAN, MARC",Republican,1,,,,,0.88,,121301_20021103.pdf
MI,Detroit News,121301,2002,STATE REP,4,,MI,"WATERS, MARY",Democrat,1,,,,,0.85,,121301_20021103.pdf
MI,Detroit News,121301,2002,STATE REP,40,,MI,"TAUB, SHELLEY GOODMAN",Republican,1,,,,,0.88,,121301_20021103.pdf
MI,Detroit News,121301,2002,STATE REP,41,,MI,"PAPPAGEORGE, JOHN",Republican,1,,,,,0.88,,121301_20021103.pdf
MI,Detroit News,121301,2002,STATE REP,42,,MI,"WORONCHAK, GARY",Republican,1,,,,,0.88,,121301_20021103.pdf
MI,Detroit News,121301,2002,STATE REP,43,,MI,"AMOS, FRAN",Republican,1,,,,,0.85,,121301_20021103.pdf
MI,Detroit News,121301,2002,STATE REP,44,,MI,"CHUPA, MICHAEL C.",Republican,1,,,,,0.85,,121301_20021103.pdf
MI,Detroit News,121301,2002,STATE REP,44,,MI,"STAKOE, JOHN",Republican,1,,,,,0.85,,121301_20021103.pdf
MI,Detroit News,121301,2002,STATE REP,45,,MI,"DOHERTY, SUSAN",Democrat,1,,,,,0.85,,121301_20021103.pdf
MI,Detroit News,121301,2002,STATE REP,45,,MI,"GARFIELD, JOHN",Republican,1,,,,,0.85,,121301_20021103.pdf
MI,Detroit News,121301,2002,STATE REP,46,,MI,"EVANS, JOHN",,1,,,,,0.78,OCR fragment,121301_20021103.pdf
MI,Detroit News,121301,2002,STATE REP,46,,MI,"PETZ, PATRICK",Republican,1,,,,,0.85,,121301_20021103.pdf
MI,Detroit News,121301,2002,STATE REP,5,,MI,"MCCONICO, BILL",Democrat,1,,,,,0.85,,121301_20021103.pdf
MI,Detroit News,121301,2002,STATE REP,6,,MI,"TINSLEY HARDMAN, ARTINA",Democrat,1,,,,,0.78,OCR shows 'Artina Tinsley Hardman',121301_20021103.pdf
MI,Detroit News,121301,2002,STATE REP,66,,MI,"WARD, CHRIS",Republican,1,,,,,0.78,,121301_20021103.pdf
MI,Detroit News,121301,2002,STATE REP,7,,MI,"SMITH, VIRGIL",Democrat,1,,,,,0.85,,121301_20021103.pdf
MI,Detroit News,121301,2002,STATE REP,8,,MI,"STALLWORTH, ALMA",Democrat,1,,,,,0.85,,121301_20021103.pdf
MI,Detroit News,121301,2002,STATE REP,9,,MI,"HUNTER, TUPAC",Democrat,1,,,,,0.85,,121301_20021103.pdf
MI,Detroit News,121301,2002,STATE SENATOR,1,,MI,"CASSELL, CYNTHIA",Republican,1,,,,,0.85,,121301_20021103.pdf
MI,Detroit News,121301,2002,STATE SENATOR,1,Wayne County,MI,"KILPATRICK, KWAME",Democrat,1,,,,,0.7,OCR placement uncertain - may be other Wayne County office,121301_20021103.pdf
MI,Detroit News,121301,2002,STATE SENATOR,10,,MI,"GARCIA, VALDE",Republican,1,,,,,0.85,,121301_20021103.pdf
MI,Detroit News,121301,2002,STATE SENATOR,11,,MI,"PATTERSON, BRUCE",Republican,1,,,,,0.88,,121301_20021103.pdf
MI,Detroit News,121301,2002,STATE SENATOR,12,,MI,"JOHNSON, SHIRLEY",Republican,1,,,,,0.85,District 12 implied,121301_20021103.pdf
MI,Detroit News,121301,2002,STATE SENATOR,13,,MI,"CASSIS, NANCY",Republican,1,,,,,0.88,,121301_20021103.pdf
MI,Detroit News,121301,2002,STATE SENATOR,14,,MI,"JACOBS, GILDA Z.",Democrat,1,,,,,0.88,,121301_20021103.pdf
MI,Detroit News,121301,2002,STATE SENATOR,15,,MI,"O'NEIL, WILLIAM",Democrat,1,,,,,0.85,,121301_20021103.pdf
MI,Detroit News,121301,2002,STATE SENATOR,2,,MI,"THOMAS II, SAMUEL (BUZZ)",Democrat,1,,,,,0.85,,121301_20021103.pdf
MI,Detroit News,121301,2002,STATE SENATOR,20,,MI,"SCHRODER, JEFFERY",Republican,1,,,,,0.85,,121301_20021103.pdf
MI,Detroit News,121301,2002,STATE SENATOR,22,,MI,"HUNE, JOE",Republican,1,,,,,0.85,,121301_20021103.pdf
MI,Detroit News,121301,2002,STATE SENATOR,24,,MI,"BRANDENBURG, JACK",Republican,1,,,,,0.85,,121301_20021103.pdf
MI,Detroit News,121301,2002,STATE SENATOR,25,,MI,"BIEDA, STEVE",Democrat,1,,,,,0.85,,121301_20021103.pdf
MI,Detroit News,121301,2002,STATE SENATOR,26,,MI,"CHERRY, DEBORAH",Democrat,1,,,,,0.88,,121301_20021103.pdf
MI,Detroit News,121301,2002,STATE SENATOR,30,,MI,"SANBORN, ALAN B.",Republican,1,,,,,0.85,,121301_20021103.pdf
MI,Detroit News,121301,2002,STATE SENATOR,33,,MI,"HARDIMAN, BILL",Republican,1,,,,,0.78,OCR fragment in District 33,121301_20021103.pdf
MI,Detroit News,121301,2002,STATE SENATOR,5,,MI,"LELAND, BURTON",Democrat,1,,,,,0.85,,121301_20021103.pdf
MI,Detroit News,121301,2002,STATE SENATOR,6,,MI,"HOPGOOD, HOON-YUNG",Democrat,1,,,,,0.85,,121301_20021103.pdf
MI,Detroit News,121301,2002,STATE SENATOR,7,,MI,"BASHAM, RAY",Democrat,1,,,,,0.85,,121301_20021103.pdf
MI,Detroit News,121301,2002,STATE SENATOR,8,,MI,"OSSAR, MICHAEL R.",Republican,1,,,,,0.78,OCR fragment 'Michael R. Osaer',121301_20021103.pdf
MI,Detroit News,121301,2002,STATE SENATOR,9,,MI,"DRUZINSKI, DIANE M.",Republican,1,,,,,0.85,,121301_20021103.pdf
MI,Detroit News,121301,2002,SUPREME COURT,,,MI,"SCHUETTE, BILL",Nonpartisan,1,,,,,0.92,,121301_20021103.pdf
MI,Detroit News,121301,2002,SUPREME COURT,,,MI,"WEAVER, ELIZABETH",Nonpartisan,1,,,,,0.92,,121301_20021103.pdf
MI,Detroit News,121301,2002,TRUSTEE,,Michigan State University,MI,"MCNAMARA, COLLEEN M.",Democrat,1,,,,,0.85,,121301_20021103.pdf
MI,Detroit News,121301,2002,TRUSTEE,,Michigan State University,MI,"NUGENT, DONALD W.",Republican,1,,,,,0.85,,121301_20021103.pdf
MI,Detroit News,121301,2004,CNTY CLERK,,Wayne County,MI,"GARRETT, CATHY",Democrat,1,,,,,0.88,,121301_20041031.pdf
MI,Detroit News,121301,2004,CNTY CLERK,,Macomb County,MI,"SABAUGH, CARMELLA",Democrat,1,,,,,0.88,,121301_20041031.pdf
MI,Detroit News,121301,2004,CNTY COMM,1,Wayne County,MI,"CONSTANTINO, CHERYL",Republican,1,,,,,0.85,,121301_20041031.pdf
MI,Detroit News,121301,2004,CNTY COMM,1,Macomb County,MI,"DUZYJ, ANDREY",Democrat,1,,,,,0.85,,121301_20041031.pdf
MI,Detroit News,121301,2004,CNTY COMM,10,Wayne County,MI,"COX, LAURA",Republican,1,,,,,0.85,,121301_20041031.pdf
MI,Detroit News,121301,2004,CNTY COMM,11,Macomb County,MI,"DENISON, ROBERT",Democrat,1,,,,,0.85,,121301_20041031.pdf
MI,Detroit News,121301,2004,CNTY COMM,11,Wayne County,MI,"LAW, BURTON",Democrat,1,,,,,0.78,,121301_20041031.pdf
MI,Detroit News,121301,2004,CNTY COMM,13,Wayne County,MI,"BEARD, KAY",Democrat,1,,,,,0.85,,121301_20041031.pdf
MI,Detroit News,121301,2004,CNTY COMM,13,Macomb County,MI,"KRAUTER, PAT",,1,,,,,0.78,OCR fragment partial,121301_20041031.pdf
MI,Detroit News,121301,2004,CNTY COMM,14,Wayne County,MI,"WORONCHAK, GARY",Republican,1,,,,,0.85,,121301_20041031.pdf
MI,Detroit News,121301,2004,CNTY COMM,15,Wayne County,MI,"BOIKE, EDWARD",Democrat,1,,,,,0.85,,121301_20041031.pdf
MI,Detroit News,121301,2004,CNTY COMM,15,Macomb County,MI,"RENGERT, KEITH",Republican,1,,,,,0.85,,121301_20041031.pdf
MI,Detroit News,121301,2004,CNTY COMM,16,Macomb County,MI,"REVOIR, WILLIAM J.",Republican,1,,,,,0.85,,121301_20041031.pdf
MI,Detroit News,121301,2004,CNTY COMM,17,Macomb County,MI,"HILL, BOBBY",Democrat,1,,,,,0.85,,121301_20041031.pdf
MI,Detroit News,121301,2004,CNTY COMM,17,Oakland County,MI,"RICHARDS, JOHN",Republican,1,,,,,0.85,,121301_20041031.pdf
MI,Detroit News,121301,2004,CNTY COMM,18,Macomb County,MI,"SESSA, MIKE",Republican,1,,,,,0.85,,121301_20041031.pdf
MI,Detroit News,121301,2004,CNTY COMM,18,Oakland County,MI,"WEBSTER, PETER",Republican,1,,,,,0.85,,121301_20041031.pdf
MI,Detroit News,121301,2004,CNTY COMM,19,Macomb County,MI,"GIELEGHEM, PAUL",Democrat,1,,,,,0.85,,121301_20041031.pdf
MI,Detroit News,121301,2004,CNTY COMM,2,Macomb County,MI,"DIMARIA, PHILLIP A.",Democrat,1,,,,,0.85,,121301_20041031.pdf
MI,Detroit News,121301,2004,CNTY COMM,20,Macomb County,MI,"WHITE, NANCY",Democrat,1,,,,,0.85,,121301_20041031.pdf
MI,Detroit News,121301,2004,CNTY COMM,21,Macomb County,MI,"FOUKES, DAN",Democrat,1,,,,,0.85,,121301_20041031.pdf
MI,Detroit News,121301,2004,CNTY COMM,22,Macomb County,MI,"SLINDE, BETTY",Democrat,1,,,,,0.78,OCR fragment 'Betty Slit',121301_20041031.pdf
MI,Detroit News,121301,2004,CNTY COMM,23,Macomb County,MI,"NEARON, JANICE",Republican,1,,,,,0.85,,121301_20041031.pdf
MI,Detroit News,121301,2004,CNTY COMM,24,Macomb County,MI,"KENNARD, PEGGY",Democrat,1,,,,,0.85,,121301_20041031.pdf
MI,Detroit News,121301,2004,CNTY COMM,4,Macomb County,MI,"SWITALSKI, JON M.",Democrat,1,,,,,0.85,,121301_20041031.pdf
MI,Detroit News,121301,2004,CNTY COMM,5,Macomb County,MI,"DOHERTY, SUSAN",Democrat,1,,,,,0.85,,121301_20041031.pdf
MI,Detroit News,121301,2004,CNTY COMM,5,Oakland County,MI,"SCOTT, JOHN A.",Republican,1,,,,,0.85,,121301_20041031.pdf
MI,Detroit News,121301,2004,CNTY COMM,5,Wayne County,MI,"WOJTOWICZ, JEWEL",Democrat,1,,,,,0.78,OCR partial,121301_20041031.pdf
MI,Detroit News,121301,2004,CNTY COMM,6,Macomb County,MI,"FLYNN, JOAN",Democrat,1,,,,,0.85,,121301_20041031.pdf
MI,Detroit News,121301,2004,CNTY COMM,6,Wayne County,MI,"WILLIAMS, KEITH",Democrat,1,,,,,0.85,,121301_20041031.pdf
MI,Detroit News,121301,2004,CNTY COMM,7,Macomb County,MI,"ROCCA, SUE",Republican,1,,,,,0.85,,121301_20041031.pdf
MI,Detroit News,121301,2004,CNTY COMM,8,Macomb County,MI,"KOLAKOWSKI, DIANA",Democrat,1,,,,,0.85,,121301_20041031.pdf
MI,Detroit News,121301,2004,CNTY COMM,8,Oakland County,MI,"MELTON, TIM",Democrat,1,,,,,0.85,,121301_20041031.pdf
MI,Detroit News,121301,2004,CNTY COMM,9,Wayne County,MI,"CAVANAGH, PHIL",Democrat,1,,,,,0.85,,121301_20041031.pdf
MI,Detroit News,121301,2004,CNTY COMM,9,Macomb County,MI,"MIJAC, ROBERT",Democrat,1,,,,,0.85,,121301_20041031.pdf
MI,Detroit News,121301,2004,COURT OF APPEALS,,,MI,"OWENS, DONALD S.",Nonpartisan,1,,,,,0.9,,121301_20041031.pdf
MI,Detroit News,121301,2004,COURT OF APPEALS,,,MI,"SCHUETTE, BILL",Nonpartisan,1,,,,,0.9,,121301_20041031.pdf
MI,Detroit News,121301,2004,COURT OF APPEALS,,,MI,"WHITBECK, WILLIAM C.",Nonpartisan,1,,,,,0.9,,121301_20041031.pdf
MI,Detroit News,121301,2004,DA/PROSECUTOR,,Macomb County,MI,"ASHFORD, RON",Democrat,1,,,,,0.7,OCR fragment in Macomb County section,121301_20041031.pdf
MI,Detroit News,121301,2004,DA/PROSECUTOR,,Wayne County,MI,"GORCYCA, DAVID",Republican,1,,,,,0.92,,121301_20041031.pdf
MI,Detroit News,121301,2004,DA/PROSECUTOR,,Oakland County,MI,"PATTERSON, L. BROOKS",Republican,1,,,,,0.92,OCR placement could indicate County Executive instead,121301_20041031.pdf
MI,Detroit News,121301,2004,DRAIN COMMISSIONER,,Wayne County,MI,"MCCULLOCH, JOHN",Republican,1,,,,,0.88,,121301_20041031.pdf
MI,Detroit News,121301,2004,GOVERNOR-WAYNE-STATE,,Wayne State University,MI,"HAROUTUNIAN, SUSAN LICATA",Republican,1,,,,,0.85,,121301_20041031.pdf
MI,Detroit News,121301,2004,GOVERNOR-WAYNE-STATE,,Wayne State University,MI,"HILLEGONDS, PAUL",Republican,1,,,,,0.88,,121301_20041031.pdf
MI,Detroit News,121301,2004,H,1,,MI,"STUPAK, BART",Democrat,1,1,,,,0.92,,121301_20041031.pdf
MI,Detroit News,121301,2004,H,10,,MI,"MILLER, CANDICE",Republican,1,,1,,,0.92,,121301_20041031.pdf
MI,Detroit News,121301,2004,H,11,,MI,"MCCOTTER, THADDEUS",Republican,1,,1,,,0.92,,121301_20041031.pdf
MI,Detroit News,121301,2004,H,12,,MI,"LEVIN, SANDER",Democrat,1,1,,,,0.92,,121301_20041031.pdf
MI,Detroit News,121301,2004,H,13,,MI,"KILPATRICK, CAROLYN CHEEKS",Democrat,1,1,,,,0.92,,121301_20041031.pdf
MI,Detroit News,121301,2004,H,14,,MI,"CONYERS, JOHN",Democrat,1,1,,,,0.92,,121301_20041031.pdf
MI,Detroit News,121301,2004,H,15,,MI,"DINGELL, JOHN",Democrat,1,1,,,,0.92,,121301_20041031.pdf
MI,Detroit News,121301,2004,H,2,,MI,"HOEKSTRA, PETER",Republican,1,,1,,,0.92,,121301_20041031.pdf
MI,Detroit News,121301,2004,H,3,,MI,"EHLERS, VERN",Republican,1,,1,,,0.92,,121301_20041031.pdf
MI,Detroit News,121301,2004,H,4,,MI,"CAMP, DAVID",Republican,1,,1,,,0.92,,121301_20041031.pdf
MI,Detroit News,121301,2004,H,5,,MI,"KILDEE, DALE",Democrat,1,1,,,,0.92,,121301_20041031.pdf
MI,Detroit News,121301,2004,H,6,,MI,"UPTON, FRED",Republican,1,,1,,,0.92,,121301_20041031.pdf
MI,Detroit News,121301,2004,H,7,,MI,"SCHWARZ, JOE",Republican,1,,,,,0.9,,121301_20041031.pdf
MI,Detroit News,121301,2004,H,9,,MI,"KNOLLENBERG, JOE",Republican,1,,1,,,0.92,,121301_20041031.pdf
MI,Detroit News,121301,2004,JUDGE,,Oakland County Circuit Court,MI,"DIEZ, JAMES",Nonpartisan,1,,,,,0.85,,121301_20041031.pdf
MI,Detroit News,121301,2004,JUDGE,,Oakland County Circuit Court,MI,"EWELL, EDWARD JR.",Nonpartisan,1,,,,,0.85,,121301_20041031.pdf
MI,Detroit News,121301,2004,JUDGE,,Oakland County Circuit Court,MI,"PLACE, LORRIE A.",Nonpartisan,1,,,,,0.85,,121301_20041031.pdf
MI,Detroit News,121301,2004,JUDGE,,Livingston County Circuit Court,MI,"READER, DAVID",Nonpartisan,1,,,,,0.85,,121301_20041031.pdf
MI,Detroit News,121301,2004,JUDGE,,Oakland County Circuit Court,MI,"SMITH, LESLIE KIM",Nonpartisan,1,,,,,0.85,,121301_20041031.pdf
MI,Detroit News,121301,2004,PRESIDENT,,,MI,NO ENDORSEMENT,,,,,,Detroit News stated 'No preference' for President in 2004,0.92,,121301_20041031.pdf
MI,Detroit News,121301,2004,PUBLIC WORKS COMMISSIONER,,Macomb County,MI,"MARROCCO, ANTHONY",Democrat,1,,,,,0.88,,121301_20041031.pdf
MI,Detroit News,121301,2004,REGENT,,University of Michigan,MI,"ANDERSON, PATRICK",Republican,1,,,,,0.88,,121301_20041031.pdf
MI,Detroit News,121301,2004,REGENT,,University of Michigan,MI,"MEYERS, CARL",Republican,1,,,,,0.88,,121301_20041031.pdf
MI,Detroit News,121301,2004,REGISTER OF DEEDS,,Wayne County,MI,"YOUNGBLOOD, BERNARD",Democrat,1,,,,,0.85,,121301_20041031.pdf
MI,Detroit News,121301,2004,SHERIFF,,Oakland County,MI,"BOUCHARD, MICHAEL",Republican,1,,,,,0.92,,121301_20041031.pdf
MI,Detroit News,121301,2004,SHERIFF,,Wayne County,MI,"EVANS, WARREN",Democrat,1,,,,,0.92,,121301_20041031.pdf
MI,Detroit News,121301,2004,SHERIFF,,Macomb County,MI,"VIVIANO, DAVID",Republican,1,,,,,0.85,,121301_20041031.pdf
MI,Detroit News,121301,2004,STATE BOARD OF ED,,,MI,"DANHOF, NANCY",Republican,1,,,,,0.88,,121301_20041031.pdf
MI,Detroit News,121301,2004,STATE BOARD OF ED,,,MI,"MOYER, HERBERT S.",Democrat,1,,,,,0.88,,121301_20041031.pdf
MI,Detroit News,121301,2004,STATE REP,1,,MI,"GAFFNEY, EDWARD",Republican,1,,,,,0.88,,121301_20041031.pdf
MI,Detroit News,121301,2004,STATE REP,12,,MI,"TOBOCMAN, STEVE",Democrat,1,,,,,0.88,,121301_20041031.pdf
MI,Detroit News,121301,2004,STATE REP,13,,MI,"EVERETT, DARRELL",Democrat,1,,,,,0.85,OCR fragment unclear,121301_20041031.pdf
MI,Detroit News,121301,2004,STATE REP,15,,MI,"THOMAS, DOUG",Republican,1,,,,,0.88,,121301_20041031.pdf
MI,Detroit News,121301,2004,STATE REP,16,,MI,"LAUSTER, JEFFREY",Republican,1,,,,,0.85,,121301_20041031.pdf
MI,Detroit News,121301,2004,STATE REP,17,,MI,"CLEMENTE, EDWARD",Democrat,1,,,,,0.85,,121301_20041031.pdf
MI,Detroit News,121301,2004,STATE REP,21,,MI,"LAFOY, PHILIP J.",Republican,1,,,,,0.85,,121301_20041031.pdf
MI,Detroit News,121301,2004,STATE REP,22,,MI,"HOPGOOD, HOON-YUNG",Democrat,1,,,,,0.88,,121301_20041031.pdf
MI,Detroit News,121301,2004,STATE REP,23,,MI,"LAW, KATHLEEN",Democrat,1,,,,,0.85,,121301_20041031.pdf
MI,Detroit News,121301,2004,STATE REP,3,,MI,"LEMMONS, LAMAR",Democrat,1,,,,,0.85,,121301_20041031.pdf
MI,Detroit News,121301,2004,STATE REP,30,,MI,"JONES, JIM",Democrat,1,,,,,0.78,,121301_20041031.pdf
MI,Detroit News,121301,2004,STATE REP,32,,MI,"MILLER, TED",Democrat,1,,,,,0.78,,121301_20041031.pdf
MI,Detroit News,121301,2004,STATE REP,37,,MI,"LARGENT, WILLIAM",Republican,1,,,,,0.85,,121301_20041031.pdf
MI,Detroit News,121301,2004,STATE REP,4,,MI,"WATERS, MARY D.",Democrat,1,,,,,0.85,,121301_20041031.pdf
MI,Detroit News,121301,2004,STATE REP,40,,MI,"BLUNDO, JAMES",Democrat,1,,,,,0.85,,121301_20041031.pdf
MI,Detroit News,121301,2004,STATE REP,42,,MI,"PALMER, BRIAN",Republican,1,,,,,0.85,,121301_20041031.pdf
MI,Detroit News,121301,2004,STATE REP,43,,MI,"ACCAVITTI, FRANK",Democrat,1,,,,,0.85,,121301_20041031.pdf
MI,Detroit News,121301,2004,STATE REP,46,,MI,"MARLEAU, JIM",Republican,1,,,,,0.85,,121301_20041031.pdf
MI,Detroit News,121301,2004,STATE REP,6,,MI,"CHEEKS, MARSHA G.",Democrat,1,,,,,0.85,,121301_20041031.pdf
MI,Detroit News,121301,2004,STATE REP,7,,MI,"BRODERSEN, ARNOLD",Republican,1,,,,,0.78,OCR fragment 'Brodersen',121301_20041031.pdf
MI,Detroit News,121301,2004,STATE REP,8,,MI,"HOOD, MORRIS III",Democrat,1,,,,,0.85,,121301_20041031.pdf
MI,Detroit News,121301,2004,SUPREME COURT,,,MI,"KELLY, MARILYN",Nonpartisan,1,,,,,0.92,,121301_20041031.pdf
MI,Detroit News,121301,2004,SUPREME COURT,,,MI,"MARKMAN, STEPHEN",Nonpartisan,1,,,,,0.92,,121301_20041031.pdf
MI,Detroit News,121301,2004,TREASURER,,Wayne County,MI,"JOHNSON, RUTH",Republican,1,,,,,0.88,,121301_20041031.pdf
MI,Detroit News,121301,2004,TREASURER,,Macomb County,MI,"WAHBY, TED",Democrat,1,,,,,0.88,,121301_20041031.pdf
MI,Detroit News,121301,2004,TRUSTEE,,Michigan State University,MI,"FERGUSON, JOEL",Democrat,1,,,,,0.88,,121301_20041031.pdf
MI,Detroit News,121301,2004,TRUSTEE,,Michigan State University,MI,"PITTMAN, RANDALL",Republican,1,,,,,0.88,,121301_20041031.pdf
MI,Detroit News,121301,2006,ATTORNEY GENERAL,,,MI,"COX, MIKE",Republican,1,,1,,,0.92,,121301_20061105.pdf
MI,Detroit News,121301,2006,CNTY COMM,1,Macomb County,MI,"DUZYJ, ANDREY",Democrat,1,,,,,0.85,,121301_20061105.pdf
MI,Detroit News,121301,2006,CNTY COMM,1,Oakland County,MI,"JACOBSEN, BRADFORD C.",Republican,1,,,,,0.85,,121301_20061105.pdf
MI,Detroit News,121301,2006,CNTY COMM,1,Wayne County,MI,"MERCIER, DAN",Republican,1,,,,,0.85,,121301_20061105.pdf
MI,Detroit News,121301,2006,CNTY COMM,10,Oakland County,MI,"HATCHETT, MATTIE MCKINNEY",Democrat,1,,,,,0.85,,121301_20061105.pdf
MI,Detroit News,121301,2006,CNTY COMM,11,Wayne County,MI,"BENNETT, LOREN",Republican,1,,,,,0.85,,121301_20061105.pdf
MI,Detroit News,121301,2006,CNTY COMM,11,Macomb County,MI,"CASSELL, CYNTHIA",Republican,1,,,,,0.78,,121301_20061105.pdf
MI,Detroit News,121301,2006,CNTY COMM,12,Oakland County,MI,"DOUGLAS, SUE ANN",Republican,1,,,,,0.85,,121301_20061105.pdf
MI,Detroit News,121301,2006,CNTY COMM,13,Oakland County,MI,"JOHNSON, STEVE",Democrat,1,,,,,0.85,,121301_20061105.pdf
MI,Detroit News,121301,2006,CNTY COMM,13,Wayne County,MI,"SAIONZ, J. SCOTT",Republican,1,,,,,0.85,,121301_20061105.pdf
MI,Detroit News,121301,2006,CNTY COMM,14,Wayne County,MI,"HARMON, LINDA",Republican,1,,,,,0.85,,121301_20061105.pdf
MI,Detroit News,121301,2006,CNTY COMM,14,Oakland County,MI,"ROGERS, MICHAEL",Republican,1,,,,,0.85,,121301_20061105.pdf
MI,Detroit News,121301,2006,CNTY COMM,15,Wayne County,MI,"BOIKE, ED JR.",Democrat,1,,,,,0.85,,121301_20061105.pdf
MI,Detroit News,121301,2006,CNTY COMM,15,Oakland County,MI,"WHITE, TODD A.",Republican,1,,,,,0.85,,121301_20061105.pdf
MI,Detroit News,121301,2006,CNTY COMM,16,Oakland County,MI,"JAMIAN, GREG",Republican,1,,,,,0.85,,121301_20061105.pdf
MI,Detroit News,121301,2006,CNTY COMM,17,Oakland County,MI,"MURPHY, CHRISTA",Republican,1,,,,,0.85,,121301_20061105.pdf
MI,Detroit News,121301,2006,CNTY COMM,3,Oakland County,MI,"GINGELL, MICHAEL J.",Republican,1,,,,,0.85,,121301_20061105.pdf
MI,Detroit News,121301,2006,CNTY COMM,4,Oakland County,MI,"MIDDLETON, TOM",Republican,1,,,,,0.85,,121301_20061105.pdf
MI,Detroit News,121301,2006,CNTY COMM,4,Wayne County,MI,"WARE, JEWEL",Democrat,1,,,,,0.85,,121301_20061105.pdf
MI,Detroit News,121301,2006,CNTY COMM,5,Oakland County,MI,"SCOTT, JOHN A.",Republican,1,,,,,0.85,,121301_20061105.pdf
MI,Detroit News,121301,2006,CNTY COMM,6,Oakland County,MI,"KOWALL, EILEEN",Republican,1,,,,,0.85,,121301_20061105.pdf
MI,Detroit News,121301,2006,CNTY COMM,6,Wayne County,MI,"WILLIAMS, KEITH",Democrat,1,,,,,0.85,,121301_20061105.pdf
MI,Detroit News,121301,2006,CNTY COMM,7,Wayne County,MI,"LELAND, BURTON",Democrat,1,,,,,0.85,,121301_20061105.pdf
MI,Detroit News,121301,2006,CNTY COMM,7,Oakland County,MI,"LONG, CHRISTINE A.",Republican,1,,,,,0.85,,121301_20061105.pdf
MI,Detroit News,121301,2006,CNTY COMM,8,Oakland County,MI,"POTTER, JIM",Republican,1,,,,,0.78,,121301_20061105.pdf
MI,Detroit News,121301,2006,CNTY COMM,9,Wayne County,MI,"CAVANAGH, PHIL",Democrat,1,,,,,0.85,,121301_20061105.pdf
MI,Detroit News,121301,2006,CNTY COMM,9,Oakland County,MI,"CRAWFORD, HUGH D.",Republican,1,,,,,0.85,,121301_20061105.pdf
MI,Detroit News,121301,2006,COUNTY EXECUTIVE,,Wayne County,MI,"FICANO, ROBERT",Democrat,1,,,,,0.92,,121301_20061105.pdf
MI,Detroit News,121301,2006,COURT OF APPEALS,1,,MI,"KELLY, KIRSTEN FRANK",Nonpartisan,1,,,,,0.88,,121301_20061105.pdf
MI,Detroit News,121301,2006,COURT OF APPEALS,1,,MI,"ZAHRA, BRIAN",Nonpartisan,1,,,,,0.88,,121301_20061105.pdf
MI,Detroit News,121301,2006,GOVERNOR,,,MI,"DEVOS, DICK",Republican,1,,,,,0.95,,121301_20061105.pdf
MI,Detroit News,121301,2006,GOVERNOR,,,MI,"GRANHOLM, JENNIFER",Democrat,0,1,,,Paper criticizes 4-year record; 'must be held accountable for not putting in place significant structural reforms',0.92,,121301_20061105.pdf
MI,Detroit News,121301,2006,GOVERNOR-WAYNE-STATE,,Wayne State University,MI,"DINGELL, DEBBIE",Democrat,1,,,,,0.88,,121301_20061105.pdf
MI,Detroit News,121301,2006,GOVERNOR-WAYNE-STATE,,Wayne State University,MI,"DRIKER, EUGENE",Democrat,1,,,,,0.88,,121301_20061105.pdf
MI,Detroit News,121301,2006,H,1,,MI,"STUPAK, BART",Democrat,1,1,,,,0.92,,121301_20061105.pdf
MI,Detroit News,121301,2006,H,10,,MI,"MILLER, CANDICE",Republican,1,,1,,,0.92,,121301_20061105.pdf
MI,Detroit News,121301,2006,H,11,,MI,"MCCOTTER, THADDEUS",Republican,1,,1,,,0.92,,121301_20061105.pdf
MI,Detroit News,121301,2006,H,12,,MI,"LEVIN, SANDER",Democrat,1,1,,,,0.92,,121301_20061105.pdf
MI,Detroit News,121301,2006,H,13,,MI,"KILPATRICK, CAROLYN CHEEKS",Democrat,1,1,,,,0.92,,121301_20061105.pdf
MI,Detroit News,121301,2006,H,14,,MI,"MILES, CHAD",Republican,1,,,,,0.85,,121301_20061105.pdf
MI,Detroit News,121301,2006,H,15,,MI,"DINGELL, JOHN",Democrat,1,1,,,,0.92,,121301_20061105.pdf
MI,Detroit News,121301,2006,H,2,,MI,"HOEKSTRA, PETER",Republican,1,,1,,,0.92,,121301_20061105.pdf
MI,Detroit News,121301,2006,H,3,,MI,"EHLERS, VERN",Republican,1,,1,,,0.92,,121301_20061105.pdf
MI,Detroit News,121301,2006,H,4,,MI,"CAMP, DAVE",Republican,1,,1,,,0.92,,121301_20061105.pdf
MI,Detroit News,121301,2006,H,5,,MI,"KILDEE, DALE",Democrat,1,1,,,,0.92,,121301_20061105.pdf
MI,Detroit News,121301,2006,H,6,,MI,"UPTON, FRED",Republican,1,,1,,,0.92,,121301_20061105.pdf
MI,Detroit News,121301,2006,H,7,,MI,"HUTCHINSON, ROBERT L.",,1,,,,,0.85,,121301_20061105.pdf
MI,Detroit News,121301,2006,H,8,,MI,"ROGERS, MIKE",Republican,1,,1,,,0.92,,121301_20061105.pdf
MI,Detroit News,121301,2006,H,9,,MI,"KNOLLENBERG, JOE",Republican,1,,1,,,0.92,,121301_20061105.pdf
MI,Detroit News,121301,2006,JUDGE,,Wayne County Circuit Court,MI,"CAVANAGH, JEROME",Nonpartisan,1,,,,,0.88,,121301_20061105.pdf
MI,Detroit News,121301,2006,JUDGE,,Macomb County Circuit Court,MI,"VIVIANO, DAVID",Nonpartisan,1,,,,,0.88,,121301_20061105.pdf
MI,Detroit News,121301,2006,REGENT,,University of Michigan,MI,"BRANDON, DAVID",Republican,1,,,,,0.88,,121301_20061105.pdf
MI,Detroit News,121301,2006,REGENT,,University of Michigan,MI,"BROWN, SUSAN",Republican,1,,,,,0.88,,121301_20061105.pdf
MI,Detroit News,121301,2006,SEC OF STATE,,,MI,"LAND, TERRI LYNN",Republican,1,,1,,,0.92,,121301_20061105.pdf
MI,Detroit News,121301,2006,SENATOR,,,MI,"BOUCHARD, MIKE",Republican,1,,,,,0.92,,121301_20061105.pdf
MI,Detroit News,121301,2006,SENATOR,,,MI,"STABENOW, DEBBIE",Democrat,0,1,,,Paper opposes; 'in her first term has been the senator of the Democratic Party rather than of the people of Michigan',0.92,,121301_20061105.pdf
MI,Detroit News,121301,2006,SHERIFF,,Oakland County,MI,"BOUCHARD, MICHAEL",Republican,1,,,,,0.7,Note: Bouchard is also Senate candidate; OCR placement may indicate sheriff,121301_20061105.pdf
MI,Detroit News,121301,2006,STATE BOARD OF ED,,,MI,"TURNER, REGINALD",Democrat,1,,,,,0.88,,121301_20061105.pdf
MI,Detroit News,121301,2006,STATE BOARD OF ED,,,MI,"WEISER, EILEEN",Republican,1,,,,,0.88,,121301_20061105.pdf
MI,Detroit News,121301,2006,STATE REP,1,,MI,"ADAMS, LIL",Republican,1,,,,,0.78,,121301_20061105.pdf
MI,Detroit News,121301,2006,STATE REP,1,,MI,"GAFFNEY, ED",Republican,1,,,,,0.7,District placement uncertain,121301_20061105.pdf
MI,Detroit News,121301,2006,STATE REP,10,,MI,"DESACLE, PHIL S.",Republican,1,,,,,0.78,Last name uncertain,121301_20061105.pdf
MI,Detroit News,121301,2006,STATE REP,11,,MI,"TERRITO, CARL W.",Democrat,1,,,,,0.78,,121301_20061105.pdf
MI,Detroit News,121301,2006,STATE REP,12,,MI,"LUND, PETER",Republican,1,,,,,0.78,,121301_20061105.pdf
MI,Detroit News,121301,2006,STATE REP,13,,MI,"BROWN, DON",Republican,1,,,,,0.78,,121301_20061105.pdf
MI,Detroit News,121301,2006,STATE REP,14,,MI,"BRDAK, BRIAN",Democrat,1,,,,,0.78,,121301_20061105.pdf
MI,Detroit News,121301,2006,STATE REP,15,,MI,"RENGERT, KEITH L.",Republican,1,,,,,0.78,,121301_20061105.pdf
MI,Detroit News,121301,2006,STATE REP,16,,MI,"REVOIR, BILL",Republican,1,,,,,0.78,,121301_20061105.pdf
MI,Detroit News,121301,2006,STATE REP,17,,MI,"BRULEY, ED",Democrat,1,,,,,0.78,,121301_20061105.pdf
MI,Detroit News,121301,2006,STATE REP,18,,MI,"BRANDENBURG, BRYAN",Republican,1,,,,,0.78,,121301_20061105.pdf
MI,Detroit News,121301,2006,STATE REP,18,,MI,"SEMCHENA, CHARLES",Republican,1,,,,,0.78,,121301_20061105.pdf
MI,Detroit News,121301,2006,STATE REP,19,,MI,"GIELEGHEM, PAUL",Democrat,1,,,,,0.78,,121301_20061105.pdf
MI,Detroit News,121301,2006,STATE REP,19,,MI,"PRYOR, MATT",Republican,1,,,,,0.78,,121301_20061105.pdf
MI,Detroit News,121301,2006,STATE REP,2,,MI,"SAUGER, MARVIN",Democrat,1,,,,,0.78,,121301_20061105.pdf
MI,Detroit News,121301,2006,STATE REP,20,,MI,"MORELLI, WILLIAM A.",Republican,1,,,,,0.78,,121301_20061105.pdf
MI,Detroit News,121301,2006,STATE REP,20,,MI,"POTTS, DAVID W.",Republican,1,,,,,0.78,,121301_20061105.pdf
MI,Detroit News,121301,2006,STATE REP,21,,MI,"GREGORY, VINCENT",Democrat,1,,,,,0.78,,121301_20061105.pdf
MI,Detroit News,121301,2006,STATE REP,21,,MI,"HAGGERTY, LEONARD",Democrat,1,,,,,0.78,,121301_20061105.pdf
MI,Detroit News,121301,2006,STATE REP,22,,MI,"SLINDE, BETTY",Democrat,1,,,,,0.78,,121301_20061105.pdf
MI,Detroit News,121301,2006,STATE REP,22,,MI,"ZACK, HELAINE M.",Democrat,1,,,,,0.78,,121301_20061105.pdf
MI,Detroit News,121301,2006,STATE REP,23,,MI,"COLEMAN, ERIC",Democrat,1,,,,,0.78,,121301_20061105.pdf
MI,Detroit News,121301,2006,STATE REP,23,,MI,"CROUCHMAN, WILLIAM",Democrat,1,,,,,0.78,,121301_20061105.pdf
MI,Detroit News,121301,2006,STATE REP,24,,MI,"BRANDENBURG, JACK",Republican,1,,,,,0.88,,121301_20061105.pdf
MI,Detroit News,121301,2006,STATE REP,24,,MI,"DOAN, RICHARD",Republican,1,,,,,0.78,,121301_20061105.pdf
MI,Detroit News,121301,2006,STATE REP,24,,MI,"SUAREZ, GEORGE W.",Democrat,1,,,,,0.78,,121301_20061105.pdf
MI,Detroit News,121301,2006,STATE REP,25,,MI,"BIEDA, STEVEN",Democrat,1,,,,,0.88,,121301_20061105.pdf
MI,Detroit News,121301,2006,STATE REP,25,,MI,"VOSBURG, KATHY",Republican,1,,,,,0.78,,121301_20061105.pdf
MI,Detroit News,121301,2006,STATE REP,26,,MI,"DROLET, LEON",Republican,1,,,,,0.78,,121301_20061105.pdf
MI,Detroit News,121301,2006,STATE REP,26,,MI,"KONCZAL, KEVIN",Republican,1,,,,,0.85,,121301_20061105.pdf
MI,Detroit News,121301,2006,STATE REP,27,,MI,"MEISNER, ANDY",Democrat,1,,,,,0.85,,121301_20061105.pdf
MI,Detroit News,121301,2006,STATE REP,28,,MI,"WOJNO, LISA",Democrat,1,,,,,0.88,,121301_20061105.pdf
MI,Detroit News,121301,2006,STATE REP,29,,MI,"JONES, ILAYES W.",Democrat,1,,,,,0.78,,121301_20061105.pdf
MI,Detroit News,121301,2006,STATE REP,29,,MI,"SCOTT, TIM",Democrat,1,,,,,0.7,OCR shows new term Jan 1 - may be different position,121301_20061105.pdf
MI,Detroit News,121301,2006,STATE REP,3,,MI,"DIMARIA, PHILLIP A.",Democrat,1,,,,,0.78,,121301_20061105.pdf
MI,Detroit News,121301,2006,STATE REP,30,,MI,"ROCCA, TORY",Republican,1,,,,,0.88,,121301_20061105.pdf
MI,Detroit News,121301,2006,STATE REP,31,,MI,"GOTSCHALL, JEFF",Republican,1,,,,,0.78,,121301_20061105.pdf
MI,Detroit News,121301,2006,STATE REP,32,,MI,"ACCIAVATTI, DANIEL",Republican,1,,,,,0.85,,121301_20061105.pdf
MI,Detroit News,121301,2006,STATE REP,33,,MI,"BRANDENBURG, JACK",Republican,1,,,,,0.7,Likely duplicate,121301_20061105.pdf
MI,Detroit News,121301,2006,STATE REP,35,,MI,"CONDINO, PAUL",Democrat,1,,,,,0.85,,121301_20061105.pdf
MI,Detroit News,121301,2006,STATE REP,37,,MI,"VAGNOZZI, ALDO",Democrat,1,,,,,0.85,,121301_20061105.pdf
MI,Detroit News,121301,2006,STATE REP,38,,MI,"DEROCHE, CRAIG",Republican,1,,,,,0.88,,121301_20061105.pdf
MI,Detroit News,121301,2006,STATE REP,39,,MI,"LAW, DAVID",Republican,1,,,,,0.85,,121301_20061105.pdf
MI,Detroit News,121301,2006,STATE REP,40,,MI,"MOSS, CHUCK",Republican,1,,,,,0.85,,121301_20061105.pdf
MI,Detroit News,121301,2006,STATE REP,41,,MI,"KNOLLENBERG, MARTY",Republican,1,,,,,0.85,,121301_20061105.pdf
MI,Detroit News,121301,2006,STATE REP,41,,MI,"PALMER, BRIAN",Republican,1,,,,,0.85,,121301_20061105.pdf
MI,Detroit News,121301,2006,STATE REP,42,,MI,"ACCAVITTI, FRANK JR.",Democrat,1,,,,,0.85,,121301_20061105.pdf
MI,Detroit News,121301,2006,STATE REP,43,,MI,"AMOS, FRAN",Republican,1,,,,,0.85,,121301_20061105.pdf
MI,Detroit News,121301,2006,STATE REP,44,,MI,"STAKOE, JOHN P.",Republican,1,,,,,0.85,,121301_20061105.pdf
MI,Detroit News,121301,2006,STATE REP,45,,MI,"GARFIELD, JOHN",Republican,1,,,,,0.85,,121301_20061105.pdf
MI,Detroit News,121301,2006,STATE REP,46,,MI,"MARLEAU, JAMES",Republican,1,,,,,0.85,,121301_20061105.pdf
MI,Detroit News,121301,2006,STATE REP,5,,MI,"DOHERTY, SUSAN L.",Democrat,1,,,,,0.78,,121301_20061105.pdf
MI,Detroit News,121301,2006,STATE REP,5,Wayne County,MI,"HUNTER, TUPAC",Democrat,1,,,,,0.78,,121301_20061105.pdf
MI,Detroit News,121301,2006,STATE REP,5,Wayne County,MI,"SCOTT, JOHN A.",Republican,1,,,,,0.78,,121301_20061105.pdf
MI,Detroit News,121301,2006,STATE REP,6,Wayne County,MI,"TOY, LAURA",Republican,1,,,,,0.78,,121301_20061105.pdf
MI,Detroit News,121301,2006,STATE REP,7,Oakland County,MI,"KOWALL, EILEEN",Republican,1,,,,,0.78,,121301_20061105.pdf
MI,Detroit News,121301,2006,STATE REP,7,,MI,"ROCCA, SUE",Republican,1,,,,,0.78,,121301_20061105.pdf
MI,Detroit News,121301,2006,STATE REP,8,,MI,"FLYNN, DAVE",Democrat,1,,,,,0.78,,121301_20061105.pdf
MI,Detroit News,121301,2006,STATE SENATOR,1,,MI,"CASSELL, CYNTHIA GAIL",Republican,1,,,,,0.85,,121301_20061105.pdf
MI,Detroit News,121301,2006,STATE SENATOR,10,,MI,"SWITALSKI, MICHAEL",Democrat,1,,,,,0.88,,121301_20061105.pdf
MI,Detroit News,121301,2006,STATE SENATOR,11,,MI,"SANBORN, ALAN",Republican,1,,,,,0.88,,121301_20061105.pdf
MI,Detroit News,121301,2006,STATE SENATOR,12,,MI,"BISHOP, MIKE",Republican,1,,,,,0.88,,121301_20061105.pdf
MI,Detroit News,121301,2006,STATE SENATOR,13,,MI,"FARRAH, BARBARA",Democrat,1,,,,,0.7,Possibly state rep duplicated; OCR layout collision,121301_20061105.pdf
MI,Detroit News,121301,2006,STATE SENATOR,13,,MI,"PAPPAGEORGE, JOHN",Republican,1,,,,,0.88,,121301_20061105.pdf
MI,Detroit News,121301,2006,STATE SENATOR,14,,MI,"JACOBS, GILDA",Democrat,1,,,,,0.88,,121301_20061105.pdf
MI,Detroit News,121301,2006,STATE SENATOR,15,,MI,"CASSIS, NANCY",Republican,1,,,,,0.88,,121301_20061105.pdf
MI,Detroit News,121301,2006,STATE SENATOR,16,,MI,"CHERRY, DEBORAH",Democrat,1,,,,,0.88,,121301_20061105.pdf
MI,Detroit News,121301,2006,STATE SENATOR,16,,MI,"CONSTAN, BOB",Democrat,1,,,,,0.78,,121301_20061105.pdf
MI,Detroit News,121301,2006,STATE SENATOR,18,,MI,"LEBLANC, RICHARD",Democrat,1,,,,,0.78,,121301_20061105.pdf
MI,Detroit News,121301,2006,STATE SENATOR,19,,MI,"PASTOR, JOHN",Republican,1,,,,,0.78,,121301_20061105.pdf
MI,Detroit News,121301,2006,STATE SENATOR,20,,MI,"ABBO, MARK",Republican,1,,,,,0.78,,121301_20061105.pdf
MI,Detroit News,121301,2006,STATE SENATOR,21,,MI,"LAJOY, BILL",Republican,1,,,,,0.78,,121301_20061105.pdf
MI,Detroit News,121301,2006,STATE SENATOR,3,,MI,"LAMAR, SHIRLEY",Republican,1,,,,,0.85,,121301_20061105.pdf
MI,Detroit News,121301,2006,STATE SENATOR,9,,MI,"OLSHOVE, DENNIS",Democrat,1,,,,,0.88,,121301_20061105.pdf
MI,Detroit News,121301,2006,SUPREME COURT,,,MI,"CAVANAGH, MICHAEL",Nonpartisan,1,,,,,0.92,,121301_20061105.pdf
MI,Detroit News,121301,2006,SUPREME COURT,,,MI,"CORRIGAN, MAURA",Nonpartisan,1,,,,,0.92,,121301_20061105.pdf
MI,Detroit News,121301,2006,TRUSTEE,,Michigan State University,MI,"COOK, DEE",Republican,1,,,,,0.85,,121301_20061105.pdf
MI,Detroit News,121301,2006,TRUSTEE,,Michigan State University,MI,"PORTEOUS, DAVID",Republican,1,,,,,0.88,,121301_20061105.pdf
MI,Detroit News,121301,2008,CNTY CLERK,,Wayne County,MI,"GARRETT, CATHY",Democrat,1,,,,,0.88,,121301_20081103.pdf
MI,Detroit News,121301,2008,CNTY CLERK,,Oakland County,MI,"JOHNSON, RUTH",Republican,1,,,,,0.88,,121301_20081103.pdf
MI,Detroit News,121301,2008,CNTY CLERK,,Macomb County,MI,"SABAUGH, CARMELLA",Democrat,1,,,,,0.88,,121301_20081103.pdf
MI,Detroit News,121301,2008,CNTY COMM,1,Wayne County,MI,"ANGLIN, CHUCK",Republican,1,,,,,0.85,,121301_20081103.pdf
MI,Detroit News,121301,2008,CNTY COMM,1,Macomb County,MI,"DUZYJ, ANDREY",Democrat,1,,,,,0.85,,121301_20081103.pdf
MI,Detroit News,121301,2008,CNTY COMM,1,Oakland County,MI,"JACOBSEN, BRADFORD C.",Republican,1,,,,,0.85,,121301_20081103.pdf
MI,Detroit News,121301,2008,CNTY COMM,10,Wayne County,MI,"CAPELLO, KIM T.",Republican,1,,,,,0.85,,121301_20081103.pdf
MI,Detroit News,121301,2008,CNTY COMM,10,Macomb County,MI,"COX, LAURA",Republican,1,,,,,0.85,,121301_20081103.pdf
MI,Detroit News,121301,2008,CNTY COMM,10,Oakland County,MI,"HATCHETT, MATTIE MCKINNEY",Democrat,1,,,,,0.85,,121301_20081103.pdf
MI,Detroit News,121301,2008,CNTY COMM,11,Wayne County,MI,"BRDAK, BRIAN",Democrat,1,,,,,0.85,,121301_20081103.pdf
MI,Detroit News,121301,2008,CNTY COMM,11,Oakland County,MI,"GREIMEL, TIM",Democrat,1,,,,,0.85,,121301_20081103.pdf
MI,Detroit News,121301,2008,CNTY COMM,12,Oakland County,MI,"DOUGLAS, SUE ANN",Republican,1,,,,,0.85,,121301_20081103.pdf
MI,Detroit News,121301,2008,CNTY COMM,13,Oakland County,MI,"GOSSELIN, ROBERT",Republican,1,,,,,0.85,,121301_20081103.pdf
MI,Detroit News,121301,2008,CNTY COMM,14,Oakland County,MI,"ROGERS, MIKE",Republican,1,,,,,0.85,,121301_20081103.pdf
MI,Detroit News,121301,2008,CNTY COMM,15,Oakland County,MI,"NASH, JIM",Democrat,1,,,,,0.85,,121301_20081103.pdf
MI,Detroit News,121301,2008,CNTY COMM,15,Wayne County,MI,"RENGERT, KEITH L.",Republican,1,,,,,0.85,,121301_20081103.pdf
MI,Detroit News,121301,2008,CNTY COMM,16,Oakland County,MI,"TAUB, SHELLEY GOODMAN",Republican,1,,,,,0.85,,121301_20081103.pdf
MI,Detroit News,121301,2008,CNTY COMM,16,Wayne County,MI,"TORRICE, CAREY",Democrat,1,,,,,0.85,,121301_20081103.pdf
MI,Detroit News,121301,2008,CNTY COMM,17,Oakland County,MI,"BLAKE, JEANNE",Republican,1,,,,,0.85,,121301_20081103.pdf
MI,Detroit News,121301,2008,CNTY COMM,17,Wayne County,MI,"BRULEY, ED",Democrat,1,,,,,0.85,,121301_20081103.pdf
MI,Detroit News,121301,2008,CNTY COMM,18,Wayne County,MI,"CAMPHOUS-PETERSON, DANA",Democrat,1,,,,,0.85,,121301_20081103.pdf
MI,Detroit News,121301,2008,CNTY COMM,18,Oakland County,MI,"CHAMBERLAIN, JEAN N.",Republican,1,,,,,0.85,,121301_20081103.pdf
MI,Detroit News,121301,2008,CNTY COMM,19,Wayne County,MI,"BOSNIC, MIKE",Republican,1,,,,,0.85,,121301_20081103.pdf
MI,Detroit News,121301,2008,CNTY COMM,2,Oakland County,MI,"BULLARD, BILL JR.",Republican,1,,,,,0.85,,121301_20081103.pdf
MI,Detroit News,121301,2008,CNTY COMM,2,Macomb County,MI,"SAUGER, MARVIN",Democrat,1,,,,,0.85,,121301_20081103.pdf
MI,Detroit News,121301,2008,CNTY COMM,20,Oakland County,MI,"POTTS, DAVID W.",Republican,1,,,,,0.85,,121301_20081103.pdf
MI,Detroit News,121301,2008,CNTY COMM,20,Wayne County,MI,"TOCCO, KATHY",Democrat,1,,,,,0.85,,121301_20081103.pdf
MI,Detroit News,121301,2008,CNTY COMM,21,Oakland County,MI,"JACKSON, JANET",Democrat,1,,,,,0.85,,121301_20081103.pdf
MI,Detroit News,121301,2008,CNTY COMM,21,Wayne County,MI,"KEPLER, IRENE",Democrat,1,,,,,0.85,,121301_20081103.pdf
MI,Detroit News,121301,2008,CNTY COMM,22,Oakland County,MI,"ZACK, HELAINE M.",Democrat,1,,,,,0.85,,121301_20081103.pdf
MI,Detroit News,121301,2008,CNTY COMM,23,Oakland County,MI,"CROUCHMAN, WILLIAM",Democrat,1,,,,,0.85,,121301_20081103.pdf
MI,Detroit News,121301,2008,CNTY COMM,23,Macomb County,MI,"MCGILLIVRAY, GARY R.",Democrat,1,,,,,0.85,,121301_20081103.pdf
MI,Detroit News,121301,2008,CNTY COMM,24,Macomb County,MI,"BOYLE, MICHAEL",Democrat,1,,,,,0.85,,121301_20081103.pdf
MI,Detroit News,121301,2008,CNTY COMM,24,Oakland County,MI,"COULTER, DAVID",Democrat,1,,,,,0.85,,121301_20081103.pdf
MI,Detroit News,121301,2008,CNTY COMM,25,Macomb County,MI,"PIERCE, LYNNE",Democrat,1,,,,,0.85,District 25 placement uncertain,121301_20081103.pdf
MI,Detroit News,121301,2008,CNTY COMM,3,Macomb County,MI,"GIELEGHEM, PAUL",Democrat,1,,,,,0.85,,121301_20081103.pdf
MI,Detroit News,121301,2008,CNTY COMM,3,Oakland County,MI,"GINGELL, MICHAEL J.",Republican,1,,,,,0.85,,121301_20081103.pdf
MI,Detroit News,121301,2008,CNTY COMM,4,Oakland County,MI,"MIDDLETON, TOM",Republican,1,,,,,0.85,,121301_20081103.pdf
MI,Detroit News,121301,2008,CNTY COMM,5,Wayne County,MI,"DOHERTY, SUSAN",Democrat,1,,,,,0.85,,121301_20081103.pdf
MI,Detroit News,121301,2008,CNTY COMM,5,Oakland County,MI,"SCOTT, JOHN A.",Republican,1,,,,,0.85,,121301_20081103.pdf
MI,Detroit News,121301,2008,CNTY COMM,5,Macomb County,MI,"TURIN, ERIC",Republican,1,,,,,0.85,,121301_20081103.pdf
MI,Detroit News,121301,2008,CNTY COMM,6,Wayne County,MI,"FLYNN, JOAN",Democrat,1,,,,,0.85,,121301_20081103.pdf
MI,Detroit News,121301,2008,CNTY COMM,7,Oakland County,MI,"LONG, CHRISTINE A.",Republican,1,,,,,0.85,,121301_20081103.pdf
MI,Detroit News,121301,2008,CNTY COMM,7,Wayne County,MI,"ROCCA, SUE",Republican,1,,,,,0.85,,121301_20081103.pdf
MI,Detroit News,121301,2008,CNTY COMM,8,Wayne County,MI,"FLYNN, DAVID",Democrat,1,,,,,0.85,,121301_20081103.pdf
MI,Detroit News,121301,2008,CNTY COMM,8,Oakland County,MI,"POTTER, JEFF",Republican,1,,,,,0.85,,121301_20081103.pdf
MI,Detroit News,121301,2008,CNTY COMM,9,Oakland County,MI,"CRAWFORD, HUGH D.",Republican,1,,,,,0.7,Possibly duplicate from State Rep listing,121301_20081103.pdf
MI,Detroit News,121301,2008,CNTY COMM,9,Wayne County,MI,"MIJAC, ROBERT",Democrat,1,,,,,0.85,,121301_20081103.pdf
MI,Detroit News,121301,2008,CNTY COMM,9,Macomb County,MI,"WEBB, DIANE",Democrat,1,,,,,0.85,,121301_20081103.pdf
MI,Detroit News,121301,2008,COUNTY EXECUTIVE,,Wayne County,MI,"FICANO, ROBERT",Democrat,1,,,,,0.92,,121301_20081103.pdf
MI,Detroit News,121301,2008,COUNTY EXECUTIVE,,Oakland County,MI,"PATTERSON, L. BROOKS",Republican,1,,,,,0.92,,121301_20081103.pdf
MI,Detroit News,121301,2008,COURT OF APPEALS,4,,MI,"MANDERFIELD, PAULA",Nonpartisan,1,,,,,0.85,,121301_20081103.pdf
MI,Detroit News,121301,2008,DA/PROSECUTOR,,Oakland County,MI,"LAW, DAVID",Republican,1,,,,,0.92,,121301_20081103.pdf
MI,Detroit News,121301,2008,DA/PROSECUTOR,,Macomb County,MI,"SMITH, ERIC",Democrat,1,,,,,0.7,OCR fragment unclear; 'Eric Smith' inferred,121301_20081103.pdf
MI,Detroit News,121301,2008,DA/PROSECUTOR,,Wayne County,MI,"WORTHY, KYM",Democrat,1,,,,,0.92,,121301_20081103.pdf
MI,Detroit News,121301,2008,DRAIN COMMISSIONER,,Oakland County,MI,"MCCULLOCH, JOHN",Republican,1,,,,,0.85,,121301_20081103.pdf
MI,Detroit News,121301,2008,H,7,,MI,"WALBERG, TIM",Republican,1,,1,,,0.92,,121301_20081103.pdf
MI,Detroit News,121301,2008,H,9,,MI,"KNOLLENBERG, JOE",Republican,1,,1,,,0.92,,121301_20081103.pdf
MI,Detroit News,121301,2008,JUDGE,,Oakland County Circuit Court,MI,"BRENNAN, MARY ELLEN",Nonpartisan,1,,,,,0.85,,121301_20081103.pdf
MI,Detroit News,121301,2008,JUDGE,,Wayne County Circuit Court,MI,"CUNNINGHAM, RICHARD",Nonpartisan,1,,,,,0.85,,121301_20081103.pdf
MI,Detroit News,121301,2008,JUDGE,,Oakland County Circuit Court,MI,"GORCYCA, LISA",Nonpartisan,1,,,,,0.85,,121301_20081103.pdf
MI,Detroit News,121301,2008,JUDGE,,Wayne County Circuit Court,MI,"KELLEY, CONNIE MARIE",Nonpartisan,1,,,,,0.85,,121301_20081103.pdf
MI,Detroit News,121301,2008,JUDGE,36,Detroit District Court,MI,"CROUCHMAN, WILLIAM",Nonpartisan,1,,,,,0.7,OCR fragment - district 36,121301_20081103.pdf
MI,Detroit News,121301,2008,PRESIDENT,,,MI,"MCCAIN, JOHN",Republican,1,,,,,0.95,,121301_20081103.pdf
MI,Detroit News,121301,2008,PUBLIC WORKS COMMISSIONER,,Macomb County,MI,"MARROCCO, ANTHONY",Democrat,1,,,,,0.85,,121301_20081103.pdf
MI,Detroit News,121301,2008,REGISTER OF DEEDS,,Wayne County,MI,"YOUNGBLOOD, BERNARD",Democrat,1,,,,,0.85,,121301_20081103.pdf
MI,Detroit News,121301,2008,SENATOR,,,MI,"LEVIN, CARL",Democrat,1,1,,,,0.92,,121301_20081103.pdf
MI,Detroit News,121301,2008,SHERIFF,,Oakland County,MI,"BOUCHARD, MICHAEL",Republican,1,,,,,0.92,,121301_20081103.pdf
MI,Detroit News,121301,2008,SHERIFF,,Wayne County,MI,"EVANS, WARREN",Democrat,1,,,,,0.92,,121301_20081103.pdf
MI,Detroit News,121301,2008,SHERIFF,,Macomb County,MI,"HACKEL, MARK",Democrat,1,,,,,0.92,,121301_20081103.pdf
MI,Detroit News,121301,2008,STATE REP,1,,MI,"LEMMONS, LAMAR JR.",Democrat,1,,,,,0.85,,121301_20081103.pdf
MI,Detroit News,121301,2008,STATE REP,10,,MI,"NATHAN, DAVID",Democrat,1,,,,,0.85,,121301_20081103.pdf
MI,Detroit News,121301,2008,STATE REP,12,,MI,"DAGLE, DARRIN",Republican,1,,,,,0.78,OCR fragment 'Diagle',121301_20081103.pdf
MI,Detroit News,121301,2008,STATE REP,12,,MI,"GEBHARDT, JOAN",Democrat,1,,,,,0.7,,121301_20081103.pdf
MI,Detroit News,121301,2008,STATE REP,13,,MI,"KANDREVAS, ANDREW",Democrat,1,,,,,0.85,,121301_20081103.pdf
MI,Detroit News,121301,2008,STATE REP,13,,MI,"WORONCHAK, GARY",Democrat,1,,,,,0.78,,121301_20081103.pdf
MI,Detroit News,121301,2008,STATE REP,14,,MI,"CLEMENTE, ED",Democrat,1,,,,,0.85,,121301_20081103.pdf
MI,Detroit News,121301,2008,STATE REP,15,,MI,"SAIONZ, SCOTT",Republican,1,,,,,0.85,,121301_20081103.pdf
MI,Detroit News,121301,2008,STATE REP,16,,MI,"CONSTAN, BOB",Democrat,1,,,,,0.85,,121301_20081103.pdf
MI,Detroit News,121301,2008,STATE REP,17,,MI,"DILLON, ANDY",Democrat,1,,,,,0.85,,121301_20081103.pdf
MI,Detroit News,121301,2008,STATE REP,19,,MI,"WALSH, JOHN",Republican,1,,,,,0.85,,121301_20081103.pdf
MI,Detroit News,121301,2008,STATE REP,20,,MI,"VORVA, JERRY",Republican,1,,,,,0.85,,121301_20081103.pdf
MI,Detroit News,121301,2008,STATE REP,21,,MI,"LAJOY, TODD",Republican,1,,,,,0.85,,121301_20081103.pdf
MI,Detroit News,121301,2008,STATE REP,22,,MI,"GEISS, DOUG",Democrat,1,,,,,0.85,,121301_20081103.pdf
MI,Detroit News,121301,2008,STATE REP,23,,MI,"DEBLOIS, NEIL",Republican,1,,,,,0.85,,121301_20081103.pdf
MI,Detroit News,121301,2008,STATE REP,23,,MI,"MCNAMARA, KEVIN",Democrat,1,,,,,0.7,OCR fragment 'District 23 / District 36',121301_20081103.pdf
MI,Detroit News,121301,2008,STATE REP,24,,MI,"BRANDENBURG, BRYAN",Republican,1,,,,,0.85,,121301_20081103.pdf
MI,Detroit News,121301,2008,STATE REP,25,,MI,"SWITALSKI, JON",Democrat,1,,,,,0.85,,121301_20081103.pdf
MI,Detroit News,121301,2008,STATE REP,25,,MI,"VOSBURG, KATHY",Republican,1,,,,,0.7,,121301_20081103.pdf
MI,Detroit News,121301,2008,STATE REP,26,,MI,"DONIGAN, MARIE",Democrat,1,,,,,0.85,,121301_20081103.pdf
MI,Detroit News,121301,2008,STATE REP,26,,MI,"SPRYS, JEFFERY",Democrat,1,,,,,0.78,,121301_20081103.pdf
MI,Detroit News,121301,2008,STATE REP,27,,MI,"MICOLA, DAVID",Republican,1,,,,,0.85,,121301_20081103.pdf
MI,Detroit News,121301,2008,STATE REP,28,,MI,"BALASKA, JASON",Republican,1,,,,,0.85,,121301_20081103.pdf
MI,Detroit News,121301,2008,STATE REP,29,,MI,"MELTON, TIM",Democrat,1,,,,,0.85,,121301_20081103.pdf
MI,Detroit News,121301,2008,STATE REP,30,,MI,"ROCCA, TORY",Republican,1,,,,,0.85,,121301_20081103.pdf
MI,Detroit News,121301,2008,STATE REP,31,,MI,"MILLER, FRED",Democrat,1,,,,,0.85,,121301_20081103.pdf
MI,Detroit News,121301,2008,STATE REP,32,,MI,"ACCAVITTI, JOHN",Republican,1,,,,,0.85,,121301_20081103.pdf
MI,Detroit News,121301,2008,STATE REP,33,,MI,"MELTZER, KIM",Republican,1,,,,,0.85,,121301_20081103.pdf
MI,Detroit News,121301,2008,STATE REP,35,,MI,"GREGORY, VINCENT",Democrat,1,,,,,0.85,,121301_20081103.pdf
MI,Detroit News,121301,2008,STATE REP,36,,MI,"LUND, PETE",Republican,1,,,,,0.85,,121301_20081103.pdf
MI,Detroit News,121301,2008,STATE REP,37,,MI,"WELDAY, PAUL",Republican,1,,,,,0.85,,121301_20081103.pdf
MI,Detroit News,121301,2008,STATE REP,38,,MI,"CRAWFORD, HUGH D.",Republican,1,,,,,0.85,,121301_20081103.pdf
MI,Detroit News,121301,2008,STATE REP,39,,MI,"PETERMAN, AMY",Republican,1,,,,,0.85,,121301_20081103.pdf
MI,Detroit News,121301,2008,STATE REP,40,,MI,"MOSS, CHUCK",Republican,1,,,,,0.85,,121301_20081103.pdf
MI,Detroit News,121301,2008,STATE REP,41,,MI,"KNOLLENBERG, MARTY",Republican,1,,,,,0.85,,121301_20081103.pdf
MI,Detroit News,121301,2008,STATE REP,42,,MI,"FLEMING, GREG",Republican,1,,,,,0.85,,121301_20081103.pdf
MI,Detroit News,121301,2008,STATE REP,43,,MI,"HAINES, GAIL",Republican,1,,,,,0.85,,121301_20081103.pdf
MI,Detroit News,121301,2008,STATE REP,44,,MI,"KOWALL, EILEEN",Republican,1,,,,,0.85,,121301_20081103.pdf
MI,Detroit News,121301,2008,STATE REP,45,,MI,"YOUNG, RANDY",Democrat,1,,,,,0.85,,121301_20081103.pdf
MI,Detroit News,121301,2008,STATE REP,46,,MI,"RUNESTAD, JIM",Republican,1,,,,,0.85,,121301_20081103.pdf
MI,Detroit News,121301,2008,SUPREME COURT,,,MI,"TAYLOR, CLIFFORD",Nonpartisan,1,,,,,0.92,,121301_20081103.pdf
MI,Detroit News,121301,2008,TREASURER,,Oakland County,MI,"DOHANY, PAT",Republican,1,,,,,0.85,,121301_20081103.pdf
MI,Detroit News,121301,2008,TREASURER,,Wayne County,MI,"DUNLEAVY, BRENDAN",Republican,1,,,,,0.85,,121301_20081103.pdf
MI,Detroit News,121301,2008,TREASURER,,Macomb County,MI,"WAHBY, TED",Democrat,1,,,,,0.85,,121301_20081103.pdf
MI,Detroit News,121301,2014,ATTORNEY GENERAL,,,MI,"SCHUETTE, BILL",Republican,1,,1,,,0.95,,121301_20141103.pdf
MI,Detroit News,121301,2014,CNTY COMM,1,Macomb County,MI,"DUZYJ, ANDREY",Democrat,1,,,,,0.92,,121301_20141103.pdf
MI,Detroit News,121301,2014,CNTY COMM,1,Oakland County,MI,"GINGELL, MICHAEL J.",Republican,1,,,,,0.92,,121301_20141103.pdf
MI,Detroit News,121301,2014,CNTY COMM,1,Wayne County,MI,"KILLEEN, TIM",,1,,,,,0.92,,121301_20141103.pdf
MI,Detroit News,121301,2014,CNTY COMM,10,Macomb County,MI,"MARINO, STEVE",,1,,,,,0.92,,121301_20141103.pdf
MI,Detroit News,121301,2014,CNTY COMM,10,Wayne County,MI,"PRICE, SHANNON",,1,,,,,0.92,,121301_20141103.pdf
MI,Detroit News,121301,2014,CNTY COMM,11,Oakland County,MI,"GOSSELIN, ROBERT",Republican,1,,,,,0.92,,121301_20141103.pdf
MI,Detroit News,121301,2014,CNTY COMM,11,Macomb County,MI,"HENRY, MARK",,1,,,,,0.92,,121301_20141103.pdf
MI,Detroit News,121301,2014,CNTY COMM,12,Macomb County,MI,"PERNA, JAMES",,1,,,,,0.92,,121301_20141103.pdf
MI,Detroit News,121301,2014,CNTY COMM,12,Oakland County,MI,"TAUB, SHELLEY GOODMAN",Republican,1,,,,,0.92,,121301_20141103.pdf
MI,Detroit News,121301,2014,CNTY COMM,13,Oakland County,MI,"GERSHENSON, MARCIA",,1,,,,,0.92,,121301_20141103.pdf
MI,Detroit News,121301,2014,CNTY COMM,13,Macomb County,MI,"SABATINI, JOE",,1,,,,,0.92,,121301_20141103.pdf
MI,Detroit News,121301,2014,CNTY COMM,14,Oakland County,MI,"DWYER, BILL",,1,,,,,0.92,,121301_20141103.pdf
MI,Detroit News,121301,2014,CNTY COMM,15,Oakland County,MI,"MATIS, JEFF",,1,,,,,0.92,,121301_20141103.pdf
MI,Detroit News,121301,2014,CNTY COMM,16,Oakland County,MI,"FLEMING, WADE",,1,,,,,0.92,,121301_20141103.pdf
MI,Detroit News,121301,2014,CNTY COMM,17,Oakland County,MI,"QUARLES, NANCY",,1,,,,,0.92,,121301_20141103.pdf
MI,Detroit News,121301,2014,CNTY COMM,18,Oakland County,MI,"ZACK, HELAINE",Democrat,1,,,,,0.92,,121301_20141103.pdf
MI,Detroit News,121301,2014,CNTY COMM,19,Oakland County,MI,"WOODWARD, DAVE",Democrat,1,,,,,0.92,,121301_20141103.pdf
MI,Detroit News,121301,2014,CNTY COMM,2,Macomb County,MI,"BERRY, DEAN C.",,1,,,,,0.92,,121301_20141103.pdf
MI,Detroit News,121301,2014,CNTY COMM,2,Oakland County,MI,"HOFFMAN, BOB",,1,,,,,0.92,,121301_20141103.pdf
MI,Detroit News,121301,2014,CNTY COMM,20,Oakland County,MI,"MACLEAN, DOUGLAS",,1,,,,,0.92,,121301_20141103.pdf
MI,Detroit News,121301,2014,CNTY COMM,21,Oakland County,MI,"JACKSON, JANET",Democrat,1,,,,,0.92,,121301_20141103.pdf
MI,Detroit News,121301,2014,CNTY COMM,3,Macomb County,MI,"KLINEFELT, VERONICA",,1,,,,,0.92,,121301_20141103.pdf
MI,Detroit News,121301,2014,CNTY COMM,3,Wayne County,MI,"SCOTT, MARTHA",,1,,,,,0.92,,121301_20141103.pdf
MI,Detroit News,121301,2014,CNTY COMM,3,Oakland County,MI,"SPISZ, MICHAEL",,1,,,,,0.92,,121301_20141103.pdf
MI,Detroit News,121301,2014,CNTY COMM,4,Macomb County,MI,"FLYNN, DAVID",Democrat,1,,,,,0.92,,121301_20141103.pdf
MI,Detroit News,121301,2014,CNTY COMM,4,Oakland County,MI,"MIDDLETON, TOM",Republican,1,,,,,0.92,,121301_20141103.pdf
MI,Detroit News,121301,2014,CNTY COMM,5,Macomb County,MI,"MIJAC, ROBERT",Democrat,1,,,,,0.92,,121301_20141103.pdf
MI,Detroit News,121301,2014,CNTY COMM,5,Oakland County,MI,"SCOTT, JOHN",Republican,1,,,,,0.92,,121301_20141103.pdf
MI,Detroit News,121301,2014,CNTY COMM,6,Macomb County,MI,"CARABELLI, JAMES LOUIS",,1,,,,,0.92,,121301_20141103.pdf
MI,Detroit News,121301,2014,CNTY COMM,6,Oakland County,MI,"KOWALL, EILEEN",Republican,1,,,,,0.92,,121301_20141103.pdf
MI,Detroit News,121301,2014,CNTY COMM,7,Macomb County,MI,"BROWN, DON",,1,,,,,0.92,,121301_20141103.pdf
MI,Detroit News,121301,2014,CNTY COMM,7,Oakland County,MI,"LONG, CHRISTINE",Republican,1,,,,,0.92,,121301_20141103.pdf
MI,Detroit News,121301,2014,CNTY COMM,8,Macomb County,MI,"VOSBURG, KATHY D.",Republican,1,,,,,0.92,,121301_20141103.pdf
MI,Detroit News,121301,2014,CNTY COMM,8,Wayne County,MI,"WEBB, DIANE",,1,,,,,0.92,,121301_20141103.pdf
MI,Detroit News,121301,2014,CNTY COMM,8,Oakland County,MI,"WEIPERT, PHIL",,1,,,,,0.92,,121301_20141103.pdf
MI,Detroit News,121301,2014,CNTY COMM,9,Oakland County,MI,"CRAWFORD, HUGH",Republican,1,,,,,0.92,,121301_20141103.pdf
MI,Detroit News,121301,2014,CNTY COMM,9,Wayne County,MI,"MARECKI, TERRY",,1,,,,,0.92,,121301_20141103.pdf
MI,Detroit News,121301,2014,CNTY COMM,9,Macomb County,MI,"MILLER, FRED",Democrat,1,,,,,0.92,,121301_20141103.pdf
MI,Detroit News,121301,2014,COUNTY EXECUTIVE,,Wayne County,MI,"EVANS, WARREN",Democrat,1,,,,,0.95,,121301_20141103.pdf
MI,Detroit News,121301,2014,COUNTY EXECUTIVE,,Macomb County,MI,"HACKEL, MARK",Democrat,1,,,,,0.95,,121301_20141103.pdf
MI,Detroit News,121301,2014,GOVERNOR,,,MI,"SNYDER, RICK",Republican,1,,1,,,0.95,,121301_20141103.pdf
MI,Detroit News,121301,2014,GOVERNOR-WAYNE-STATE,,Wayne State University,MI,"BUSUITO, MICHAEL",,1,,,,,0.92,,121301_20141103.pdf
MI,Detroit News,121301,2014,GOVERNOR-WAYNE-STATE,,Wayne State University,MI,"JASTI, SATISH",,1,,,,,0.92,,121301_20141103.pdf
MI,Detroit News,121301,2014,H,1,,MI,"BENISHEK, DAN",Republican,1,,1,,,0.95,,121301_20141103.pdf
MI,Detroit News,121301,2014,H,10,,MI,"MILLER, CANDICE",Republican,1,,1,,,0.95,,121301_20141103.pdf
MI,Detroit News,121301,2014,H,11,,MI,"TROTT, DAVID",Republican,1,,,,,0.95,,121301_20141103.pdf
MI,Detroit News,121301,2014,H,12,,MI,"DINGELL, DEBBIE",Democrat,1,,,,,0.95,,121301_20141103.pdf
MI,Detroit News,121301,2014,H,13,,MI,"CONYERS, JOHN",Democrat,1,1,,,,0.95,,121301_20141103.pdf
MI,Detroit News,121301,2014,H,14,,MI,"LAWRENCE, BRENDA",Democrat,1,,,,,0.95,,121301_20141103.pdf
MI,Detroit News,121301,2014,H,2,,MI,"HUIZENGA, BILL",Republican,1,,1,,,0.95,,121301_20141103.pdf
MI,Detroit News,121301,2014,H,3,,MI,"AMASH, JUSTIN",Republican,1,,1,,,0.95,,121301_20141103.pdf
MI,Detroit News,121301,2014,H,4,,MI,"MOOLENAAR, JOHN",Republican,1,,,,,0.95,,121301_20141103.pdf
MI,Detroit News,121301,2014,H,5,,MI,"KILDEE, DAN",Democrat,1,1,,,,0.95,,121301_20141103.pdf
MI,Detroit News,121301,2014,H,6,,MI,"UPTON, FRED",Republican,1,,1,,,0.95,,121301_20141103.pdf
MI,Detroit News,121301,2014,H,7,,MI,"WALBERG, TIM",Republican,1,,1,,,0.95,,121301_20141103.pdf
MI,Detroit News,121301,2014,H,8,,MI,"BISHOP, MIKE",Republican,1,,,,,0.95,,121301_20141103.pdf
MI,Detroit News,121301,2014,H,9,,MI,"LEVIN, SANDY",Democrat,1,1,,,,0.95,,121301_20141103.pdf
MI,Detroit News,121301,2014,JUDGE,,Oakland County Circuit Court,MI,"LANGTON, LISA",Nonpartisan,1,,,,,0.92,,121301_20141103.pdf
MI,Detroit News,121301,2014,REGENT,,University of Michigan,MI,"STEELE, ROBERT",,1,,,,,0.92,,121301_20141103.pdf
MI,Detroit News,121301,2014,REGENT,,University of Michigan,MI,"WEISER, RONALD",,1,,,,,0.92,,121301_20141103.pdf
MI,Detroit News,121301,2014,SEC OF STATE,,,MI,"JOHNSON, RUTH",Republican,1,,1,,,0.95,,121301_20141103.pdf
MI,Detroit News,121301,2014,SENATOR,,,MI,"PETERS, GARY",Democrat,1,,,,,0.95,,121301_20141103.pdf
MI,Detroit News,121301,2014,STATE BOARD OF ED,,,MI,"CARL, MARIA",,1,,,,,0.92,,121301_20141103.pdf
MI,Detroit News,121301,2014,STATE BOARD OF ED,,,MI,"WILLIAMS, JONATHAN TADE",,1,,,,,0.92,,121301_20141103.pdf
MI,Detroit News,121301,2014,STATE REP,1,,MI,"HAULER, JOHN",,1,,,,,0.92,,121301_20141103.pdf
MI,Detroit News,121301,2014,STATE REP,10,,MI,"LOVE, LESLIE",Democrat,1,,,,,0.92,,121301_20141103.pdf
MI,Detroit News,121301,2014,STATE REP,11,,MI,"RHOADES, JIM",,1,,,,,0.9,,121301_20141103.pdf
MI,Detroit News,121301,2014,STATE REP,12,,MI,"GEISS, ERIKA",Democrat,1,,,,,0.92,,121301_20141103.pdf
MI,Detroit News,121301,2014,STATE REP,13,,MI,"SAWICKI, HARRY",,1,,,,,0.9,,121301_20141103.pdf
MI,Detroit News,121301,2014,STATE REP,14,,MI,"CLEMENTE, PAUL",,1,,,,,0.9,,121301_20141103.pdf
MI,Detroit News,121301,2014,STATE REP,15,,MI,"SALAMASSI, JOHNNIE",,1,,,,,0.9,,121301_20141103.pdf
MI,Detroit News,121301,2014,STATE REP,16,,MI,"BORON, STEVE",,1,,,,,0.9,,121301_20141103.pdf
MI,Detroit News,121301,2014,STATE REP,17,,MI,"LONDO, CHARLES",,1,,,,,0.9,,121301_20141103.pdf
MI,Detroit News,121301,2014,STATE REP,18,,MI,"ROBERTS, SARAH",Democrat,1,,,,,0.92,,121301_20141103.pdf
MI,Detroit News,121301,2014,STATE REP,19,,MI,"COX, LAURA",Republican,1,,,,,0.92,,121301_20141103.pdf
MI,Detroit News,121301,2014,STATE REP,2,,MI,"TINSLEY-TALABI, ALBERTA",Democrat,1,,,,,0.92,,121301_20141103.pdf
MI,Detroit News,121301,2014,STATE REP,20,,MI,"HEISE, KURT",Republican,1,,,,,0.92,,121301_20141103.pdf
MI,Detroit News,121301,2014,STATE REP,21,,MI,"FAUSONE, CAROL ANN",,1,,,,,0.9,,121301_20141103.pdf
MI,Detroit News,121301,2014,STATE REP,22,,MI,"CHIRKUN, JOHN G.",,1,,,,,0.9,,121301_20141103.pdf
MI,Detroit News,121301,2014,STATE REP,23,,MI,"SOMERVILLE, PAT",Republican,1,,,,,0.92,,121301_20141103.pdf
MI,Detroit News,121301,2014,STATE REP,24,,MI,"FORLINI, ANTHONY G.",Republican,1,,,,,0.92,,121301_20141103.pdf
MI,Detroit News,121301,2014,STATE REP,25,,MI,"HAWATMEH, NICK",,1,,,,,0.9,,121301_20141103.pdf
MI,Detroit News,121301,2014,STATE REP,26,,MI,"TOWNSEND, JIM",Democrat,1,,,,,0.92,,121301_20141103.pdf
MI,Detroit News,121301,2014,STATE REP,27,,MI,"RYAN, MICHAEL",,1,,,,,0.9,,121301_20141103.pdf
MI,Detroit News,121301,2014,STATE REP,28,,MI,"MILLER, DEREK E.",,1,,,,,0.9,,121301_20141103.pdf
MI,Detroit News,121301,2014,STATE REP,29,,MI,"GREIMEL, TIM",Democrat,1,,,,,0.92,,121301_20141103.pdf
MI,Detroit News,121301,2014,STATE REP,3,,MI,"BYRD, WENDELL",Democrat,1,,,,,0.92,,121301_20141103.pdf
MI,Detroit News,121301,2014,STATE REP,30,,MI,"FARRINGTON, JEFF",Republican,1,,,,,0.92,,121301_20141103.pdf
MI,Detroit News,121301,2014,STATE REP,35,,MI,"MOSS, JEREMY",,1,,,,,0.9,,121301_20141103.pdf
MI,Detroit News,121301,2014,STATE REP,37,,MI,"LERNER, RICHARD",,1,,,,,0.9,,121301_20141103.pdf
MI,Detroit News,121301,2014,STATE REP,38,,MI,"CRAWFORD, KATHY",,1,,,,,0.9,,121301_20141103.pdf
MI,Detroit News,121301,2014,STATE REP,39,,MI,"KESTO, KLINT",Republican,1,,,,,0.92,,121301_20141103.pdf
MI,Detroit News,121301,2014,STATE REP,4,,MI,"ROBINSON, ROSE MARY",Democrat,1,,,,,0.92,,121301_20141103.pdf
MI,Detroit News,121301,2014,STATE REP,40,,MI,"MCCREADY, MICHAEL",Republican,1,,,,,0.92,,121301_20141103.pdf
MI,Detroit News,121301,2014,STATE REP,41,,MI,"HOWRYLAK, MARTIN",Republican,1,,,,,0.92,,121301_20141103.pdf
MI,Detroit News,121301,2014,STATE REP,43,,MI,"TEDDER, JIM",,1,,,,,0.9,,121301_20141103.pdf
MI,Detroit News,121301,2014,STATE REP,44,,MI,"RUNESTAD, JIM",Republican,1,,,,,0.92,,121301_20141103.pdf
MI,Detroit News,121301,2014,STATE REP,45,,MI,"WEBBER, MICHAEL",,1,,,,,0.9,,121301_20141103.pdf
MI,Detroit News,121301,2014,STATE REP,46,,MI,"JACOBSEN, BRAD",Republican,1,,,,,0.92,,121301_20141103.pdf
MI,Detroit News,121301,2014,STATE REP,5,,MI,"DURHAL, FRED III",Democrat,1,,,,,0.92,,121301_20141103.pdf
MI,Detroit News,121301,2014,STATE REP,6,,MI,"CHANG, STEPHANIE",Democrat,1,,,,,0.92,,121301_20141103.pdf
MI,Detroit News,121301,2014,STATE REP,7,,MI,"GARRETT, LATANYA",Democrat,1,,,,,0.92,,121301_20141103.pdf
MI,Detroit News,121301,2014,STATE REP,8,,MI,"GAY-DAGNOGO, SHERRY",Democrat,1,,,,,0.92,,121301_20141103.pdf
MI,Detroit News,121301,2014,STATE REP,9,,MI,"SANTANA, HARVEY",Democrat,1,,,,,0.92,,121301_20141103.pdf
MI,Detroit News,121301,2014,STATE SENATOR,1,,MI,"YOUNG, COLEMAN II",Democrat,1,,,,,0.92,,121301_20141103.pdf
MI,Detroit News,121301,2014,STATE SENATOR,10,,MI,"ROCCA, TORY",Republican,1,,,,,0.92,,121301_20141103.pdf
MI,Detroit News,121301,2014,STATE SENATOR,11,,MI,"GREGORY, VINCENT",Democrat,1,,,,,0.92,,121301_20141103.pdf
MI,Detroit News,121301,2014,STATE SENATOR,12,,MI,"MARLEAU, JIM",Republican,1,,,,,0.92,,121301_20141103.pdf
MI,Detroit News,121301,2014,STATE SENATOR,13,,MI,"KNOLLENBERG, MARTY",Republican,1,,,,,0.92,,121301_20141103.pdf
MI,Detroit News,121301,2014,STATE SENATOR,14,,MI,"ROBERTSON, DAVID",Republican,1,,,,,0.92,,121301_20141103.pdf
MI,Detroit News,121301,2014,STATE SENATOR,15,,MI,"KOWALL, MIKE",Republican,1,,,,,0.92,,121301_20141103.pdf
MI,Detroit News,121301,2014,STATE SENATOR,2,,MI,"JOHNSON, BERT",Democrat,1,,,,,0.92,,121301_20141103.pdf
MI,Detroit News,121301,2014,STATE SENATOR,25,,MI,"PAVLOV, PHIL",Republican,1,,,,,0.92,,121301_20141103.pdf
MI,Detroit News,121301,2014,STATE SENATOR,3,,MI,"HOOD, MORRIS III",Democrat,1,,,,,0.92,,121301_20141103.pdf
MI,Detroit News,121301,2014,STATE SENATOR,4,,MI,"SMITH, VIRGIL",Democrat,1,,,,,0.92,,121301_20141103.pdf
MI,Detroit News,121301,2014,STATE SENATOR,5,,MI,"KNEZEK, DAVID",Democrat,1,,,,,0.92,,121301_20141103.pdf
MI,Detroit News,121301,2014,STATE SENATOR,6,,MI,"HOPGOOD, HOON-YUNG",Democrat,1,,,,,0.92,,121301_20141103.pdf
MI,Detroit News,121301,2014,STATE SENATOR,7,,MI,"COLBECK, PAT",Republican,1,,,,,0.92,,121301_20141103.pdf
MI,Detroit News,121301,2014,STATE SENATOR,8,,MI,"BRANDENBURG, JACK",Republican,1,,,,,0.92,,121301_20141103.pdf
MI,Detroit News,121301,2014,STATE SENATOR,9,,MI,"BIEDA, STEVEN",Democrat,1,,,,,0.92,,121301_20141103.pdf
MI,Detroit News,121301,2014,SUPREME COURT,,,MI,"MURPHY, BILL",Nonpartisan,1,,,,,0.92,,121301_20141103.pdf
MI,Detroit News,121301,2014,SUPREME COURT,,,MI,"VIVIANO, DAVID",Nonpartisan,1,,,,,0.95,,121301_20141103.pdf
MI,Detroit News,121301,2014,SUPREME COURT,,,MI,"ZAHRA, BRIAN",Nonpartisan,1,,,,,0.95,,121301_20141103.pdf
MI,Detroit News,121301,2014,TRUSTEE,,Michigan State University,MI,"FOSTER, MELANIE",,1,,,,,0.92,,121301_20141103.pdf
MI,Detroit News,121301,2014,TRUSTEE,,Michigan State University,MI,"SAKWA, JEFF",,1,,,,,0.92,,121301_20141103.pdf
MI,Detroit News,121301,2016,CNTY CLERK,,Oakland County,MI,"BULLARD, BILL JR.",Republican,1,,,,,0.92,,121301_20161011.pdf
MI,Detroit News,121301,2016,CNTY CLERK,,Macomb County,MI,"MILLER, FRED",Democrat,1,,,,,0.92,,121301_20161011.pdf
MI,Detroit News,121301,2016,CNTY COMM,1,Macomb County,MI,"DUZYJ, ANDREY",Democrat,1,,,,,0.92,,121301_20161011.pdf
MI,Detroit News,121301,2016,CNTY COMM,1,Oakland County,MI,"GINGELL, MICHAEL",Republican,1,,,,,0.92,,121301_20161011.pdf
MI,Detroit News,121301,2016,CNTY COMM,1,Wayne County,MI,"STEININGER, JOHN",Republican,1,,,,,0.92,,121301_20161011.pdf
MI,Detroit News,121301,2016,CNTY COMM,10,Wayne County,MI,"BARONE, JOE",Republican,1,,,,,0.92,,121301_20161011.pdf
MI,Detroit News,121301,2016,CNTY COMM,10,Oakland County,MI,"BOWMAN, DAVID",Democrat,1,,,,,0.92,,121301_20161011.pdf
MI,Detroit News,121301,2016,CNTY COMM,10,Macomb County,MI,"BURNS TORP, LINDA",Republican,1,,,,,0.92,,121301_20161011.pdf
MI,Detroit News,121301,2016,CNTY COMM,11,Macomb County,MI,"HENRY, MARK",Republican,1,,,,,0.92,,121301_20161011.pdf
MI,Detroit News,121301,2016,CNTY COMM,11,Oakland County,MI,"TIETZ, DOUG",Republican,1,,,,,0.92,,121301_20161011.pdf
MI,Detroit News,121301,2016,CNTY COMM,12,Macomb County,MI,"SMITH, BOB",Democrat,1,,,,,0.92,,121301_20161011.pdf
MI,Detroit News,121301,2016,CNTY COMM,12,Oakland County,MI,"TAUB, SHELLEY GOODMAN",Republican,1,,,,,0.92,,121301_20161011.pdf
MI,Detroit News,121301,2016,CNTY COMM,13,Macomb County,MI,"DROLET, LEON",Republican,1,,,,,0.92,,121301_20161011.pdf
MI,Detroit News,121301,2016,CNTY COMM,13,Oakland County,MI,"GERSHENSON, MARCIA",Democrat,1,,,,,0.92,,121301_20161011.pdf
MI,Detroit News,121301,2016,CNTY COMM,14,Oakland County,MI,"DWYER, BILL",Republican,1,,,,,0.92,,121301_20161011.pdf
MI,Detroit News,121301,2016,CNTY COMM,15,Oakland County,MI,"KOCHENDERFER, ADAM",Republican,1,,,,,0.92,,121301_20161011.pdf
MI,Detroit News,121301,2016,CNTY COMM,15,Wayne County,MI,"O'CONNELL, PATRICK",Republican,1,,,,,0.92,,121301_20161011.pdf
MI,Detroit News,121301,2016,CNTY COMM,16,Oakland County,MI,"FLEMING, WADE",Republican,1,,,,,0.92,,121301_20161011.pdf
MI,Detroit News,121301,2016,CNTY COMM,17,Oakland County,MI,"QUARLES, NANCY",Democrat,1,,,,,0.92,,121301_20161011.pdf
MI,Detroit News,121301,2016,CNTY COMM,18,Oakland County,MI,"ZACK, HELAINE",Democrat,1,,,,,0.92,,121301_20161011.pdf
MI,Detroit News,121301,2016,CNTY COMM,19,Oakland County,MI,"WOODWARD, DAVE",Democrat,1,,,,,0.92,,121301_20161011.pdf
MI,Detroit News,121301,2016,CNTY COMM,2,Oakland County,MI,"HOFFMAN, BOB",Republican,1,,,,,0.92,,121301_20161011.pdf
MI,Detroit News,121301,2016,CNTY COMM,2,Macomb County,MI,"SAUGER, MARVIN",Democrat,1,,,,,0.92,,121301_20161011.pdf
MI,Detroit News,121301,2016,CNTY COMM,20,Oakland County,MI,"MCGILLIVRAY, GARY",Democrat,1,,,,,0.92,,121301_20161011.pdf
MI,Detroit News,121301,2016,CNTY COMM,21,Oakland County,MI,"JACKSON, JANET",Democrat,1,,,,,0.92,,121301_20161011.pdf
MI,Detroit News,121301,2016,CNTY COMM,3,Macomb County,MI,"KLINEFELT, VERONICA",Democrat,1,,,,,0.92,,121301_20161011.pdf
MI,Detroit News,121301,2016,CNTY COMM,3,Oakland County,MI,"SPISZ, MICHAEL",Republican,1,,,,,0.92,,121301_20161011.pdf
MI,Detroit News,121301,2016,CNTY COMM,4,Oakland County,MI,"MIDDLETON, TOM",Republican,1,,,,,0.92,,121301_20161011.pdf
MI,Detroit News,121301,2016,CNTY COMM,4,Macomb County,MI,"ROMANO, JOSEPH",Republican,1,,,,,0.92,,121301_20161011.pdf
MI,Detroit News,121301,2016,CNTY COMM,5,Oakland County,MI,"BERMAN, TOM",Republican,1,,,,,0.92,,121301_20161011.pdf
MI,Detroit News,121301,2016,CNTY COMM,5,Macomb County,MI,"MIJAC, ROBERT",Democrat,1,,,,,0.92,,121301_20161011.pdf
MI,Detroit News,121301,2016,CNTY COMM,6,Macomb County,MI,"CARABELLI, JAMES LOUIS",Republican,1,,,,,0.92,,121301_20161011.pdf
MI,Detroit News,121301,2016,CNTY COMM,6,Oakland County,MI,"KOWALL, EILEEN",Republican,1,,,,,0.92,,121301_20161011.pdf
MI,Detroit News,121301,2016,CNTY COMM,7,Macomb County,MI,"BROWN, DON",Republican,1,,,,,0.92,,121301_20161011.pdf
MI,Detroit News,121301,2016,CNTY COMM,7,Oakland County,MI,"LONG, CHRISTINE",Republican,1,,,,,0.92,,121301_20161011.pdf
MI,Detroit News,121301,2016,CNTY COMM,8,Macomb County,MI,"KRAFT, PHIL",Republican,1,,,,,0.92,,121301_20161011.pdf
MI,Detroit News,121301,2016,CNTY COMM,8,Oakland County,MI,"WEIPERT, PHIL",Republican,1,,,,,0.92,,121301_20161011.pdf
MI,Detroit News,121301,2016,CNTY COMM,9,Oakland County,MI,"CRAWFORD, HUGH",Republican,1,,,,,0.92,,121301_20161011.pdf
MI,Detroit News,121301,2016,CNTY COMM,9,Wayne County,MI,"MARECKI, TERRY",Republican,1,,,,,0.92,,121301_20161011.pdf
MI,Detroit News,121301,2016,COUNTY EXECUTIVE,,Oakland County,MI,"PATTERSON, L. BROOKS",Republican,1,,1,,,0.95,,121301_20161011.pdf
MI,Detroit News,121301,2016,COURT OF APPEALS,,,MI,"STEPHENS, CYNTHIA DIANE",Nonpartisan,1,,,,,0.92,,121301_20161011.pdf
MI,Detroit News,121301,2016,COURT OF APPEALS,,,MI,"WILDER, KURTIS",Nonpartisan,1,,,,,0.92,,121301_20161011.pdf
MI,Detroit News,121301,2016,DA/PROSECUTOR,,Oakland County,MI,"GOETZ, MIKE",Republican,1,,,,,0.92,,121301_20161011.pdf
MI,Detroit News,121301,2016,GOVERNOR-WAYNE-STATE,,Wayne State University,MI,"BUSUITO, MICHAEL",Republican,1,,,,,0.92,,121301_20161011.pdf
MI,Detroit News,121301,2016,GOVERNOR-WAYNE-STATE,,Wayne State University,MI,"SHMINA, KIM",Republican,1,,,,,0.92,,121301_20161011.pdf
MI,Detroit News,121301,2016,H,1,,MI,"JOHNSON, LON",Democrat,1,,,,,0.95,,121301_20161011.pdf
MI,Detroit News,121301,2016,H,10,,MI,"MITCHELL, PAUL",Republican,1,,,,,0.95,,121301_20161011.pdf
MI,Detroit News,121301,2016,H,11,,MI,"TROTT, DAVID",Republican,1,,1,,,0.95,,121301_20161011.pdf
MI,Detroit News,121301,2016,H,12,,MI,"DINGELL, DEBBIE",Democrat,1,1,,,,0.95,,121301_20161011.pdf
MI,Detroit News,121301,2016,H,13,,MI,"GORMAN, JEFF",Republican,1,,,,,0.95,,121301_20161011.pdf
MI,Detroit News,121301,2016,H,14,,MI,"LAWRENCE, BRENDA",Democrat,1,1,,,,0.95,,121301_20161011.pdf
MI,Detroit News,121301,2016,H,2,,MI,"HUIZENGA, BILL",Republican,1,,1,,,0.95,,121301_20161011.pdf
MI,Detroit News,121301,2016,H,3,,MI,"AMASH, JUSTIN",Republican,1,,1,,,0.95,,121301_20161011.pdf
MI,Detroit News,121301,2016,H,4,,MI,"MOOLENAAR, JOHN",Republican,1,,1,,,0.95,,121301_20161011.pdf
MI,Detroit News,121301,2016,H,5,,MI,"KILDEE, DAN",Democrat,1,1,,,,0.95,,121301_20161011.pdf
MI,Detroit News,121301,2016,H,6,,MI,"UPTON, FRED",Republican,1,,1,,,0.95,,121301_20161011.pdf
MI,Detroit News,121301,2016,H,7,,MI,"WALBERG, TIM",Republican,1,,1,,,0.95,,121301_20161011.pdf
MI,Detroit News,121301,2016,H,8,,MI,"BISHOP, MIKE",Republican,1,,1,,,0.95,,121301_20161011.pdf
MI,Detroit News,121301,2016,H,9,,MI,"LEVIN, SANDER",Democrat,1,1,,,,0.95,,121301_20161011.pdf
MI,Detroit News,121301,2016,JUDGE,,Wayne County Circuit Court,MI,"COX, MELISSA ANNE",Nonpartisan,1,,,,,0.92,,121301_20161011.pdf
MI,Detroit News,121301,2016,JUDGE,,Macomb County Circuit Court,MI,"DENNINGS, TERI LYNN",Nonpartisan,1,,,,,0.92,,121301_20161011.pdf
MI,Detroit News,121301,2016,JUDGE,,Wayne County Circuit Court,MI,"EVANS, MATT",Nonpartisan,1,,,,,0.92,,121301_20161011.pdf
MI,Detroit News,121301,2016,JUDGE,,Wayne County Circuit Court,MI,"MORROW, BRIAN",Nonpartisan,1,,,,,0.92,,121301_20161011.pdf
MI,Detroit News,121301,2016,JUDGE,,Oakland County Circuit Court,MI,"SAVIN, LORIE",Nonpartisan,1,,,,,0.92,,121301_20161011.pdf
MI,Detroit News,121301,2016,JUDGE,,Macomb County Circuit Court,MI,"SERVITTO, MICHAEL",Nonpartisan,1,,,,,0.92,,121301_20161011.pdf
MI,Detroit News,121301,2016,JUDGE,,Wayne County Circuit Court,MI,"THOMAS, REGINA",Nonpartisan,1,,,,,0.92,,121301_20161011.pdf
MI,Detroit News,121301,2016,PRESIDENT,,,MI,"JOHNSON, GARY",Libertarian,1,,,,,0.95,,121301_20161011.pdf
MI,Detroit News,121301,2016,PUBLIC WORKS COMMISSIONER,,Macomb County,MI,"MILLER, CANDICE",Republican,1,,,,,0.95,,121301_20161011.pdf
MI,Detroit News,121301,2016,REGENT,,University of Michigan,MI,"MEYERS, CARL",Republican,1,,,,,0.92,,121301_20161011.pdf
MI,Detroit News,121301,2016,REGENT,,University of Michigan,MI,"WEISER, RON",Republican,1,,,,,0.92,,121301_20161011.pdf
MI,Detroit News,121301,2016,SCHOOL BOARD,,Detroit,MI,"ANDREWS, LESLIE",Nonpartisan,1,,,,,0.92,,121301_20161011.pdf
MI,Detroit News,121301,2016,SCHOOL BOARD,,Detroit,MI,"BAILER, PENNY",Nonpartisan,1,,,,,0.92,,121301_20161011.pdf
MI,Detroit News,121301,2016,SCHOOL BOARD,,Detroit,MI,"BRICE, BRANDON",Nonpartisan,1,,,,,0.92,,121301_20161011.pdf
MI,Detroit News,121301,2016,SCHOOL BOARD,,Detroit,MI,"KOVARI, MARY",Nonpartisan,1,,,,,0.92,,121301_20161011.pdf
MI,Detroit News,121301,2016,SCHOOL BOARD,,Detroit,MI,"MACK, RYAN",Nonpartisan,1,,,,,0.92,,121301_20161011.pdf
MI,Detroit News,121301,2016,SCHOOL BOARD,,Detroit,MI,"MAYS, SONYA",Nonpartisan,1,,,,,0.92,,121301_20161011.pdf
MI,Detroit News,121301,2016,SCHOOL BOARD,,Detroit,MI,"TURMAN, KEVIN",Nonpartisan,1,,,,,0.92,,121301_20161011.pdf
MI,Detroit News,121301,2016,SHERIFF,,Oakland County,MI,"BOUCHARD, MICHAEL",Republican,1,,,,,0.95,,121301_20161011.pdf
MI,Detroit News,121301,2016,SHERIFF,,Macomb County,MI,"WICKERSHAM, ANTHONY",Democrat,1,,,,,0.95,,121301_20161011.pdf
MI,Detroit News,121301,2016,STATE BOARD OF ED,,,MI,"MCMILLIN, TOM",Republican,1,,,,,0.92,,121301_20161011.pdf
MI,Detroit News,121301,2016,STATE BOARD OF ED,,,MI,"SNYDER, NIKKI",Republican,1,,,,,0.92,,121301_20161011.pdf
MI,Detroit News,121301,2016,STATE REP,1,,MI,"BROMAN, WILLIAM",Republican,1,,,,,0.92,,121301_20161011.pdf
MI,Detroit News,121301,2016,STATE REP,10,,MI,"LOVE, LESLIE",Democrat,1,,,,,0.92,,121301_20161011.pdf
MI,Detroit News,121301,2016,STATE REP,11,,MI,"JONES, JEWELL",Democrat,1,,,,,0.92,,121301_20161011.pdf
MI,Detroit News,121301,2016,STATE REP,12,,MI,"GEISS, ERIKA",Democrat,1,,,,,0.92,,121301_20161011.pdf
MI,Detroit News,121301,2016,STATE REP,13,,MI,"LIBERATI, FRANK",Democrat,1,,,,,0.92,,121301_20161011.pdf
MI,Detroit News,121301,2016,STATE REP,15,,MI,"GERIN, TERRANCE",Republican,1,,,,,0.92,,121301_20161011.pdf
MI,Detroit News,121301,2016,STATE REP,16,,MI,"MORROW, MATTHEW",Republican,1,,,,,0.92,,121301_20161011.pdf
MI,Detroit News,121301,2016,STATE REP,18,,MI,"HERTEL, KEVIN",Democrat,1,,,,,0.92,,121301_20161011.pdf
MI,Detroit News,121301,2016,STATE REP,19,,MI,"COX, LAURA",Republican,1,,,,,0.92,,121301_20161011.pdf
MI,Detroit News,121301,2016,STATE REP,20,,MI,"NOBLE, JEFF",Republican,1,,,,,0.92,,121301_20161011.pdf
MI,Detroit News,121301,2016,STATE REP,22,,MI,"CHIRKUN, JOHN",Democrat,1,,,,,0.92,,121301_20161011.pdf
MI,Detroit News,121301,2016,STATE REP,23,,MI,"HOWEY, ROBERT",Republican,1,,,,,0.92,,121301_20161011.pdf
MI,Detroit News,121301,2016,STATE REP,24,,MI,"MARINO, STEVE",Republican,1,,,,,0.92,,121301_20161011.pdf
MI,Detroit News,121301,2016,STATE REP,25,,MI,"YANEZ, HENRY",Democrat,1,,,,,0.92,,121301_20161011.pdf
MI,Detroit News,121301,2016,STATE REP,26,,MI,"LEVASSEUR, RANDY",Republican,1,,,,,0.92,,121301_20161011.pdf
MI,Detroit News,121301,2016,STATE REP,27,,MI,"WITTENBERG, ROBERT",Democrat,1,,,,,0.92,,121301_20161011.pdf
MI,Detroit News,121301,2016,STATE REP,28,,MI,"GREEN, PATRICK",Democrat,1,,,,,0.92,,121301_20161011.pdf
MI,Detroit News,121301,2016,STATE REP,29,,MI,"GREIMEL, TIM",Democrat,1,,,,,0.92,,121301_20161011.pdf
MI,Detroit News,121301,2016,STATE REP,3,,MI,"BYRD, WENDELL",Democrat,1,,,,,0.92,,121301_20161011.pdf
MI,Detroit News,121301,2016,STATE REP,30,,MI,"FARRINGTON, DIANA",Republican,1,,,,,0.92,,121301_20161011.pdf
MI,Detroit News,121301,2016,STATE REP,31,,MI,"VALERIO-NOWC, LISA",Republican,1,,,,,0.92,,121301_20161011.pdf
MI,Detroit News,121301,2016,STATE REP,32,,MI,"HORNBERGER, PAMELA",Republican,1,,,,,0.92,,121301_20161011.pdf
MI,Detroit News,121301,2016,STATE REP,33,,MI,"YAROCH, JEFF",Republican,1,,,,,0.92,,121301_20161011.pdf
MI,Detroit News,121301,2016,STATE REP,35,,MI,"MOSS, JEREMY",Democrat,1,,,,,0.92,,121301_20161011.pdf
MI,Detroit News,121301,2016,STATE REP,36,,MI,"LUCIDO, PETER",Republican,1,,,,,0.92,,121301_20161011.pdf
MI,Detroit News,121301,2016,STATE REP,37,,MI,"GREIG, CHRISTINE",Democrat,1,,,,,0.92,,121301_20161011.pdf
MI,Detroit News,121301,2016,STATE REP,38,,MI,"CRAWFORD, KATHY",Republican,1,,,,,0.92,,121301_20161011.pdf
MI,Detroit News,121301,2016,STATE REP,39,,MI,"KESTO, KLINT",Republican,1,,,,,0.92,,121301_20161011.pdf
MI,Detroit News,121301,2016,STATE REP,4,,MI,"ROBINSON, ROSE MARY",Democrat,1,,,,,0.92,,121301_20161011.pdf
MI,Detroit News,121301,2016,STATE REP,40,,MI,"MCCREADY, MICHAEL",Republican,1,,,,,0.92,,121301_20161011.pdf
MI,Detroit News,121301,2016,STATE REP,41,,MI,"HOWRYLAK, MARTIN",Republican,1,,,,,0.92,,121301_20161011.pdf
MI,Detroit News,121301,2016,STATE REP,43,,MI,"TEDDER, JIM",Republican,1,,,,,0.92,,121301_20161011.pdf
MI,Detroit News,121301,2016,STATE REP,44,,MI,"RUNESTAD, JIM",Republican,1,,,,,0.92,,121301_20161011.pdf
MI,Detroit News,121301,2016,STATE REP,45,,MI,"WEBBER, MICHAEL",Republican,1,,,,,0.92,,121301_20161011.pdf
MI,Detroit News,121301,2016,STATE REP,46,,MI,"REILLY, JOHN",Republican,1,,,,,0.92,,121301_20161011.pdf
MI,Detroit News,121301,2016,STATE REP,5,,MI,"DURHAL, FRED III",Democrat,1,,,,,0.92,,121301_20161011.pdf
MI,Detroit News,121301,2016,STATE REP,6,,MI,"CHANG, STEPHANIE",Democrat,1,,,,,0.92,,121301_20161011.pdf
MI,Detroit News,121301,2016,STATE REP,7,,MI,"GARRETT, LATANYA",Democrat,1,,,,,0.92,,121301_20161011.pdf
MI,Detroit News,121301,2016,STATE REP,8,,MI,"GAY-DAGNOGO, SHERRY",Democrat,1,,,,,0.92,,121301_20161011.pdf
MI,Detroit News,121301,2016,STATE REP,9,,MI,"SANTANA, SYLVIA",Democrat,1,,,,,0.92,,121301_20161011.pdf
MI,Detroit News,121301,2016,STATE SENATOR,4,,MI,"CONYERS, IAN",Democrat,1,,,,,0.92,,121301_20161011.pdf
MI,Detroit News,121301,2016,SUPREME COURT,,,MI,"LARSEN, JOAN",Nonpartisan,1,,,,,0.95,,121301_20161011.pdf
MI,Detroit News,121301,2016,SUPREME COURT,,,MI,"VIVIANO, DAVID",Nonpartisan,1,,,,,0.95,,121301_20161011.pdf
MI,Detroit News,121301,2016,TREASURER,,Oakland County,MI,"MEISNER, ANDY",Democrat,1,,,,,0.92,,121301_20161011.pdf
MI,Detroit News,121301,2016,TREASURER,,Macomb County,MI,"ROCCA, LARRY",Republican,1,,,,,0.92,,121301_20161011.pdf
MI,Detroit News,121301,2016,TRUSTEE,,Michigan State University,MI,"DEARY, WILLIAM",Republican,1,,,,,0.92,,121301_20161011.pdf
MI,Detroit News,121301,2016,TRUSTEE,,Michigan State University,MI,"KELLY, DAN",Republican,1,,,,,0.92,,121301_20161011.pdf
MI,Detroit News,121301,2016,WATER RESOURCES COMMISSIONER,,Oakland County,MI,"NASH, JIM",Democrat,1,,,,,0.92,,121301_20161011.pdf
MI,Detroit News,121301,2018,DETROIT CHARTER COMMISSION,,Detroit,MI,"CANTRELL, CHASE",Nonpartisan,1,,,,,0.92,,121301_20181025.pdf
MI,Detroit News,121301,2018,DETROIT CHARTER COMMISSION,,Detroit,MI,"DABISH, EMILY",Nonpartisan,1,,,,,0.92,,121301_20181025.pdf
MI,Detroit News,121301,2018,DETROIT CHARTER COMMISSION,,Detroit,MI,"GRIFFIE, MICHAEL",Nonpartisan,1,,,,,0.92,,121301_20181025.pdf
MI,Detroit News,121301,2018,DETROIT CHARTER COMMISSION,,Detroit,MI,"HOLMES, KARISSA",Nonpartisan,1,,,,,0.92,,121301_20181025.pdf
MI,Detroit News,121301,2018,DETROIT CHARTER COMMISSION,,Detroit,MI,"HUGHES, LAURA",Nonpartisan,1,,,,,0.92,,121301_20181025.pdf
MI,Detroit News,121301,2018,DETROIT CHARTER COMMISSION,,Detroit,MI,"JONES, QUINCY",Nonpartisan,1,,,,,0.92,,121301_20181025.pdf
MI,Detroit News,121301,2018,DETROIT CHARTER COMMISSION,,Detroit,MI,"MACK, RICHARD",Nonpartisan,1,,,,,0.92,,121301_20181025.pdf
MI,Detroit News,121301,2018,DETROIT CHARTER COMMISSION,,Detroit,MI,"OSBERN, BYRON",Nonpartisan,1,,,,,0.92,,121301_20181025.pdf
MI,Detroit News,121301,2018,DETROIT CHARTER COMMISSION,,Detroit,MI,"WEAVER, CAROL",Nonpartisan,1,,,,,0.92,,121301_20181025.pdf
MI,Detroit News,121301,2018,GOVERNOR-WAYNE-STATE,,Wayne State University,MI,"CARLONE, TAMI",,1,,,,,0.92,,121301_20181025.pdf
MI,Detroit News,121301,2018,GOVERNOR-WAYNE-STATE,,Wayne State University,MI,"ZEILE, RICHARD",,1,,,,,0.92,State education boards section grouped; assignment to specific board inferred,121301_20181025.pdf
MI,Detroit News,121301,2018,REGENT,,University of Michigan,MI,"FISCHER NEWMAN, ANDREA",Republican,1,,,,,0.92,,121301_20181025.pdf
MI,Detroit News,121301,2018,REGENT,,University of Michigan,MI,"RICHNER, ANDREW",Republican,1,,,,,0.92,,121301_20181025.pdf
MI,Detroit News,121301,2018,STATE BOARD OF ED,,,MI,"DUTCH, DAVE",,1,,,,,0.92,,121301_20181025.pdf
MI,Detroit News,121301,2018,STATE BOARD OF ED,,,MI,"MILLER, MIKE",,1,,,,,0.92,,121301_20181025.pdf
MI,Detroit News,121301,2018,STATE REP,1,,MI,"YANCEY, TENISHA",Democrat,1,,,,,0.95,,121301_20181025.pdf
MI,Detroit News,121301,2018,STATE REP,10,,MI,"LOVE, LESLIE",Democrat,1,,,,,0.95,,121301_20181025.pdf
MI,Detroit News,121301,2018,STATE REP,11,,MI,"JONES, JEWEL",Democrat,1,,,,,0.95,,121301_20181025.pdf
MI,Detroit News,121301,2018,STATE REP,12,,MI,"GARZA, ALEX",Democrat,1,,,,,0.95,,121301_20181025.pdf
MI,Detroit News,121301,2018,STATE REP,13,,MI,"LIBERATI, FRANK",Democrat,1,,,,,0.95,,121301_20181025.pdf
MI,Detroit News,121301,2018,STATE REP,14,,MI,"CLEMENTE, CARA",Democrat,1,,,,,0.95,,121301_20181025.pdf
MI,Detroit News,121301,2018,STATE REP,15,,MI,"HAMMOUD, ABDULLAH",Democrat,1,,,,,0.95,,121301_20181025.pdf
MI,Detroit News,121301,2018,STATE REP,16,,MI,"COLEMAN, KEVIN",Democrat,1,,,,,0.95,,121301_20181025.pdf
MI,Detroit News,121301,2018,STATE REP,18,,MI,"HERTEL, KEVIN",Democrat,1,,,,,0.95,,121301_20181025.pdf
MI,Detroit News,121301,2018,STATE REP,19,,MI,"MEAKIN, BRIAN",Republican,1,,,,,0.95,,121301_20181025.pdf
MI,Detroit News,121301,2018,STATE REP,2,,MI,"TATE, JOE",Democrat,1,,,,,0.95,,121301_20181025.pdf
MI,Detroit News,121301,2018,STATE REP,20,,MI,"NOBLE, JEFF",Republican,1,,,,,0.95,,121301_20181025.pdf
MI,Detroit News,121301,2018,STATE REP,21,,MI,"PAGAN, KRISTY",Democrat,1,,,,,0.95,,121301_20181025.pdf
MI,Detroit News,121301,2018,STATE REP,22,,MI,"CAMILLERI, DARRIN",Democrat,1,,,,,0.95,,121301_20181025.pdf
MI,Detroit News,121301,2018,STATE REP,22,,MI,"CHIRKUN, JOHN",Democrat,1,,,,,0.95,,121301_20181025.pdf
MI,Detroit News,121301,2018,STATE REP,24,,MI,"MARINO, STEVE",Republican,1,,,,,0.95,,121301_20181025.pdf
MI,Detroit News,121301,2018,STATE REP,25,,MI,"SHANNON, NATE",Democrat,1,,,,,0.95,,121301_20181025.pdf
MI,Detroit News,121301,2018,STATE REP,26,,MI,"ELLISON, JIM",Democrat,1,,,,,0.95,,121301_20181025.pdf
MI,Detroit News,121301,2018,STATE REP,27,,MI,"WITTENBERG, ROBERT",Democrat,1,,,,,0.95,,121301_20181025.pdf
MI,Detroit News,121301,2018,STATE REP,28,,MI,"STONE, LORI",Democrat,1,,,,,0.95,,121301_20181025.pdf
MI,Detroit News,121301,2018,STATE REP,29,,MI,"CARRIER, TIMOTHY",Republican,1,,,,,0.95,,121301_20181025.pdf
MI,Detroit News,121301,2018,STATE REP,3,,MI,"BYRD, WENDELL",Democrat,1,,,,,0.95,,121301_20181025.pdf
MI,Detroit News,121301,2018,STATE REP,30,,MI,"FARRINGTON, DIANA",Republican,1,,,,,0.95,,121301_20181025.pdf
MI,Detroit News,121301,2018,STATE REP,31,,MI,"SOWERBY, WILLIAM",Democrat,1,,,,,0.95,,121301_20181025.pdf
MI,Detroit News,121301,2018,STATE REP,32,,MI,"HORNBERGER, PAMELA",Republican,1,,,,,0.95,,121301_20181025.pdf
MI,Detroit News,121301,2018,STATE REP,33,,MI,"YAROCH, JEFF",Republican,1,,,,,0.95,,121301_20181025.pdf
MI,Detroit News,121301,2018,STATE REP,35,,MI,"BOLDEN, KYRA HARRIS",Democrat,1,,,,,0.95,,121301_20181025.pdf
MI,Detroit News,121301,2018,STATE REP,36,,MI,"WOZNIAK, DOUGLAS",Republican,1,,,,,0.95,,121301_20181025.pdf
MI,Detroit News,121301,2018,STATE REP,37,,MI,"GREIG, CHRISTINE",Democrat,1,,,,,0.95,,121301_20181025.pdf
MI,Detroit News,121301,2018,STATE REP,38,,MI,"CRAWFORD, KATHY",Republican,1,,,,,0.95,,121301_20181025.pdf
MI,Detroit News,121301,2018,STATE REP,39,,MI,"BERMAN, RYAN",Republican,1,,,,,0.95,,121301_20181025.pdf
MI,Detroit News,121301,2018,STATE REP,4,,MI,"ROBINSON, ISAAC",Democrat,1,,,,,0.95,,121301_20181025.pdf
MI,Detroit News,121301,2018,STATE REP,40,,MI,"WOLKINSON, DAVID",Republican,1,,,,,0.95,,121301_20181025.pdf
MI,Detroit News,121301,2018,STATE REP,41,,MI,"TIETZ, DOUG",Republican,1,,,,,0.95,,121301_20181025.pdf
MI,Detroit News,121301,2018,STATE REP,43,,MI,"SCHROEDER, ANDREA",Republican,1,,,,,0.95,,121301_20181025.pdf
MI,Detroit News,121301,2018,STATE REP,44,,MI,"MADDOCK, MATT",Republican,1,,,,,0.95,,121301_20181025.pdf
MI,Detroit News,121301,2018,STATE REP,45,,MI,"WEBBER, MICHAEL",Republican,1,,,,,0.95,,121301_20181025.pdf
MI,Detroit News,121301,2018,STATE REP,46,,MI,"REILLY, JOHN",Republican,1,,,,,0.95,,121301_20181025.pdf
MI,Detroit News,121301,2018,STATE REP,5,,MI,"JOHNSON, CYNTHIA",Democrat,1,,,,,0.95,,121301_20181025.pdf
MI,Detroit News,121301,2018,STATE REP,51,,MI,"MUELLER, MIKE",Republican,1,,,,,0.95,,121301_20181025.pdf
MI,Detroit News,121301,2018,STATE REP,6,,MI,"CARTER, TYRONE",Democrat,1,,,,,0.95,,121301_20181025.pdf
MI,Detroit News,121301,2018,STATE REP,7,,MI,"GARRETT, LATANYA",Democrat,1,,,,,0.95,,121301_20181025.pdf
MI,Detroit News,121301,2018,STATE REP,8,,MI,"GAY-DAGNOGO, SHERRY",Democrat,1,,,,,0.95,,121301_20181025.pdf
MI,Detroit News,121301,2018,STATE REP,9,,MI,"WHITSETT, KAREN",Democrat,1,,,,,0.95,,121301_20181025.pdf
MI,Detroit News,121301,2018,STATE SENATOR,1,,MI,"CHANG, STEPHANIE",Democrat,1,,,,,0.95,,121301_20181025.pdf
MI,Detroit News,121301,2018,STATE SENATOR,10,,MI,"MACDONALD, MICHAEL",Republican,1,,,,,0.95,,121301_20181025.pdf
MI,Detroit News,121301,2018,STATE SENATOR,11,,MI,"MOSS, JEREMY",Democrat,1,,,,,0.95,,121301_20181025.pdf
MI,Detroit News,121301,2018,STATE SENATOR,12,,MI,"MCCREADY, MIKE",Republican,1,,,,,0.95,,121301_20181025.pdf
MI,Detroit News,121301,2018,STATE SENATOR,13,,MI,"KNOLLENBERG, MARTY",Republican,1,,,,,0.95,,121301_20181025.pdf
MI,Detroit News,121301,2018,STATE SENATOR,14,,MI,"JOHNSON, RUTH",Republican,1,,,,,0.95,,121301_20181025.pdf
MI,Detroit News,121301,2018,STATE SENATOR,15,,MI,"RUNESTAD, JIM",Republican,1,,,,,0.95,,121301_20181025.pdf
MI,Detroit News,121301,2018,STATE SENATOR,2,,MI,"HOLLIER, ADAM",Democrat,1,,,,,0.95,,121301_20181025.pdf
MI,Detroit News,121301,2018,STATE SENATOR,25,,MI,"LAUWERS, DAN",Republican,1,,,,,0.95,,121301_20181025.pdf
MI,Detroit News,121301,2018,STATE SENATOR,3,,MI,"SANTANA, SYLVIA",Democrat,1,,,,,0.95,,121301_20181025.pdf
MI,Detroit News,121301,2018,STATE SENATOR,4,,MI,"BULLOCK, MARSHALL",Democrat,1,,,,,0.95,,121301_20181025.pdf
MI,Detroit News,121301,2018,STATE SENATOR,5,,MI,"WILKINS, DESHAWN",Republican,1,,,,,0.95,,121301_20181025.pdf
MI,Detroit News,121301,2018,STATE SENATOR,6,,MI,"GEISS, ERICA",Democrat,1,,,,,0.95,,121301_20181025.pdf
MI,Detroit News,121301,2018,STATE SENATOR,7,,MI,"COX, LAURA",Republican,1,,,,,0.95,,121301_20181025.pdf
MI,Detroit News,121301,2018,STATE SENATOR,8,,MI,"LUCIDO, PETER",Republican,1,,,,,0.95,,121301_20181025.pdf
MI,Detroit News,121301,2018,STATE SENATOR,9,,MI,"WOJNO, PAUL",Democrat,1,,,,,0.95,,121301_20181025.pdf
MI,Detroit News,121301,2018,SUPREME COURT,,,MI,"CAVANAGH, MEGAN",Nonpartisan,1,,,,,0.95,,121301_20181025.pdf
MI,Detroit News,121301,2018,SUPREME COURT,,,MI,"CLEMENT, ELIZABETH",Nonpartisan,1,,,,,0.95,,121301_20181025.pdf
MI,Detroit News,121301,2018,TRUSTEE,,Michigan State University,MI,"DUNASKISS, DIANE",Republican,1,,,,,0.92,,121301_20181025.pdf
MI,Detroit News,121301,2018,TRUSTEE,,Michigan State University,MI,"NICHOLSON, DAVID",,1,,,,,0.92,,121301_20181025.pdf
MI,Detroit News,121301,2020,CNTY CLERK,,Macomb County,MI,"FORLINI, ANTHONY",Republican,1,,,,,0.92,,121301_20201030_v6.pdf
MI,Detroit News,121301,2020,CNTY CLERK,,Wayne County,MI,"GARRETT, CATHY",Democrat,1,1,,,Safer bet,0.92,,121301_20201030_v23.pdf
MI,Detroit News,121301,2020,COUNTY EXECUTIVE,,Oakland County,MI,"COULTER, DAVE",Democrat,0,,,,Interim incumbent appointed by board; 'too deferential to public employee unions',0.92,,121301_20201030_v20.pdf
MI,Detroit News,121301,2020,COUNTY EXECUTIVE,,Oakland County,MI,"KOWALL, MIKE",Republican,1,,,,Former state senator; would carry on Patterson legacy,0.92,,121301_20201030_v20.pdf
MI,Detroit News,121301,2020,DA/PROSECUTOR,,Macomb County,MI,"CHRZANOWSKI, MARY",Democrat,0,,,,Well qualified but Lucido preferred,0.92,,121301_20201030_v6.pdf
MI,Detroit News,121301,2020,DA/PROSECUTOR,,Macomb County,MI,"LUCIDO, PETE",Republican,1,,,,Open seat after Eric Smith charged with misuse of funds,0.92,,121301_20201030_v6.pdf
MI,Detroit News,121301,2020,DA/PROSECUTOR,,Oakland County,MI,"MCDONALD, KAREN",Democrat,1,,,,Best choice; defeated Cooper in primary,0.92,,121301_20201028.pdf
MI,Detroit News,121301,2020,DA/PROSECUTOR,,Wayne County,MI,"WORTHY, KYM",Democrat,1,1,,,,0.92,,121301_20201030_v23.pdf
MI,Detroit News,121301,2020,GOVERNOR-WAYNE-STATE,,Wayne State University,MI,"GARZA DEWAELSCHE, EVA",Democrat,1,,,,Workforce development nonprofit,0.92,,121301_20201030_v25.pdf
MI,Detroit News,121301,2020,GOVERNOR-WAYNE-STATE,,Wayne State University,MI,"GATES, DON",Republican,1,,,,IT security/business prof; retired colonel,0.92,,121301_20201030_v25.pdf
MI,Detroit News,121301,2020,H,1,,MI,"BERGMAN, JACK",Republican,1,,1,,Endorsed for third term,0.92,,121301_20201013.pdf
MI,Detroit News,121301,2020,H,10,,MI,"MCCLAIN, LISA",Republican,1,,,,Open seat after Mitchell retirement,0.92,,121301_20201006_v2.pdf
MI,Detroit News,121301,2020,H,11,,MI,"ESSHAKI, ERIC",Republican,1,,,,Challenger to Stevens; 'principled conservative',0.92,,121301_20201030_v3.pdf
MI,Detroit News,121301,2020,H,11,,MI,"STEVENS, HALEY",Democrat,0,1,,,Incumbent opposed; 'reliable vote for Pelosi's progressive agenda',0.92,,121301_20201030_v3.pdf
MI,Detroit News,121301,2020,H,12,,MI,"DINGELL, DEBBIE",Democrat,1,1,,,Endorsed for fourth term; commitment to bipartisanship cited,0.92,,121301_20201006.pdf
MI,Detroit News,121301,2020,H,13,,MI,"DUDENHOEFER, DAVID",Republican,1,,,,Endorsed challenger to Tlaib,0.92,,121301_20201030_v8.pdf
MI,Detroit News,121301,2020,H,13,,MI,"TLAIB, RASHIDA",Democrat,0,1,,,Paper opposed; 'big government and high tax approach',0.92,,121301_20201030_v8.pdf
MI,Detroit News,121301,2020,H,14,,MI,"LAWRENCE, BRENDA",Democrat,1,1,,,Endorsed for fourth term,0.92,,121301_20201030_v2.pdf
MI,Detroit News,121301,2020,H,2,,MI,"HUIZENGA, BILL",Republican,1,,1,,Endorsed for sixth term,0.92,,121301_20201020.pdf
MI,Detroit News,121301,2020,H,3,,MI,"MEIJER, PETER",Republican,1,,,,Open seat after Amash retirement; Army veteran,0.92,,121301_20201030_v19.pdf
MI,Detroit News,121301,2020,H,4,,MI,"MOOLENAAR, JOHN",Republican,1,,1,,Re-elected,0.92,,121301_20201030_v9.pdf
MI,Detroit News,121301,2020,H,5,,MI,"KELLY, TIM",Republican,1,,,,Challenger; conservative platform,0.92,,121301_20201030_v10.pdf
MI,Detroit News,121301,2020,H,6,,MI,"UPTON, FRED",Republican,1,,1,,Pragmatist; problem solvers caucus,0.92,,121301_20201030_v11.pdf
MI,Detroit News,121301,2020,H,7,,MI,"WALBERG, TIM",Republican,1,,1,,Endorsed for seventh term,0.92,,121301_20201030.pdf
MI,Detroit News,121301,2020,H,8,,MI,"SLOTKIN, ELISSA",Democrat,1,1,,,As close to a moderate as it gets among Dems,0.92,,121301_20201030_v12.pdf
MI,Detroit News,121301,2020,H,9,,MI,"LEVIN, ANDY",Democrat,1,1,,,Practical progressive,0.92,,121301_20201030_v13.pdf
MI,Detroit News,121301,2020,PRESIDENT,,,MI,NO ENDORSEMENT,,,,,,"Detroit News declined to endorse Trump or Biden; 'For president, we can't lend our name to men whose values we don't share'",0.92,,121301_20201028_v2.pdf
MI,Detroit News,121301,2020,PUBLIC WORKS COMMISSIONER,,Macomb County,MI,"MILLER, CANDICE",Republican,1,,1,,Incumbent endorsed,0.92,,121301_20201030_v6.pdf
MI,Detroit News,121301,2020,REGENT,,University of Michigan,MI,"HUBBARD, SARAH",Republican,1,,,,Lansing small business owner; free speech advocate,0.92,,121301_20201030_v22.pdf
MI,Detroit News,121301,2020,REGENT,,University of Michigan,MI,"MEYERS, CARL",Republican,1,,,,Affordability and fiscal restraint,0.92,,121301_20201030_v22.pdf
MI,Detroit News,121301,2020,REGISTER OF DEEDS,,Wayne County,MI,"YOUNGBLOOD, BERNARD",Democrat,1,1,,,Brought innovation,0.92,,121301_20201030_v23.pdf
MI,Detroit News,121301,2020,SENATOR,,,MI,"JAMES, JOHN",Republican,1,,,,Would give Michigan member from both parties,0.92,,121301_20201030_v18.pdf
MI,Detroit News,121301,2020,SENATOR,,,MI,"PETERS, GARY",Democrat,0,1,,,Incumbent opposed; both MI seats currently held by Democrats with 'nearly identical voting records',0.92,,121301_20201030_v18.pdf
MI,Detroit News,121301,2020,SHERIFF,,Macomb County,MI,"WICKERSHAM, ANTHONY",Democrat,1,1,,,Incumbent endorsed,0.92,,121301_20201030_v6.pdf
MI,Detroit News,121301,2020,STATE BOARD OF ED,,,MI,"CARLONE, TAMI",Republican,1,,,,"CPA, advocate for improving schools",0.92,,121301_20201030_v15.pdf
MI,Detroit News,121301,2020,STATE BOARD OF ED,,,MI,"LIPTON, ELLEN COGEN",Democrat,1,,,,"Former state rep, advocate for equitable funding",0.92,,121301_20201030_v15.pdf
MI,Detroit News,121301,2020,STATE REP,10,,MI,"CAVANAGH, MARY",Democrat,1,,,,Vocational training advocate,0.92,,121301_20201030_v24.pdf
MI,Detroit News,121301,2020,STATE REP,11,,MI,"JONES, JEWELL",Democrat,1,1,,,,0.92,,121301_20201030_v24.pdf
MI,Detroit News,121301,2020,STATE REP,12,,MI,"GARZA, ALEX",Democrat,1,1,,,,0.92,,121301_20201030_v24.pdf
MI,Detroit News,121301,2020,STATE REP,13,,MI,"LIBERATI, TULLIO",Democrat,1,,,,,0.92,,121301_20201030_v24.pdf
MI,Detroit News,121301,2020,STATE REP,14,,MI,"CLEMENTE, CARA",Democrat,1,1,,,,0.92,,121301_20201030_v24.pdf
MI,Detroit News,121301,2020,STATE REP,15,,MI,"HAMMOUD, ABDULLAH",Democrat,1,1,,,,0.92,,121301_20201030_v24.pdf
MI,Detroit News,121301,2020,STATE REP,16,,MI,"COLEMAN, KEVIN",Democrat,1,1,,,,0.92,,121301_20201030_v24.pdf
MI,Detroit News,121301,2020,STATE REP,17,,MI,"BELLINO, JOE JR.",Republican,1,,1,,,0.92,,121301_20201030_v24.pdf
MI,Detroit News,121301,2020,STATE REP,18,,MI,"HERTEL, KEVIN",Democrat,1,1,,,Third term,0.92,,121301_20201030_v7.pdf
MI,Detroit News,121301,2020,STATE REP,19,,MI,"POHUTSKY, LAURIE",Democrat,0,1,,,Too liberal for the district,0.92,,121301_20201030_v24.pdf
MI,Detroit News,121301,2020,STATE REP,19,,MI,"PTASHNIK, MARTHA",Republican,1,,,,,0.92,,121301_20201030_v24.pdf
MI,Detroit News,121301,2020,STATE REP,2,,MI,"TATE, JOE",Democrat,1,1,,,,0.92,,121301_20201030_v24.pdf
MI,Detroit News,121301,2020,STATE REP,20,,MI,"KOLESZAR, MATT",Democrat,0,1,,,Too liberal for his district,0.92,,121301_20201030_v24.pdf
MI,Detroit News,121301,2020,STATE REP,20,,MI,"LACNY, JOHN",Republican,1,,,,,0.92,,121301_20201030_v24.pdf
MI,Detroit News,121301,2020,STATE REP,21,,MI,"HESS, LAUREL",Republican,1,,,,Open seat; small business advocate,0.92,,121301_20201030_v24.pdf
MI,Detroit News,121301,2020,STATE REP,22,,MI,"STEENLAND, RICHARD",Democrat,1,,,,Open seat,0.92,,121301_20201030_v7.pdf
MI,Detroit News,121301,2020,STATE REP,23,,MI,"CAMILLERI, DARRIN",Democrat,1,1,,,Third term,0.92,,121301_20201030_v24.pdf
MI,Detroit News,121301,2020,STATE REP,24,,MI,"MARINO, STEVE",Republican,1,,1,,Third and final term,0.92,,121301_20201030_v7.pdf
MI,Detroit News,121301,2020,STATE REP,25,,MI,"SHANNON, NATE",Democrat,1,1,,,,0.92,,121301_20201030_v7.pdf
MI,Detroit News,121301,2020,STATE REP,26,,MI,"ELLISON, JIM",Democrat,1,1,,,,0.92,,121301_20201030_v21.pdf
MI,Detroit News,121301,2020,STATE REP,27,,MI,"WEISS, REGINA",Democrat,1,,,,Open seat,0.92,,121301_20201030_v21.pdf
MI,Detroit News,121301,2020,STATE REP,28,,MI,"STONE, LORI",Democrat,1,1,,,,0.92,,121301_20201030_v7.pdf
MI,Detroit News,121301,2020,STATE REP,29,,MI,"CARTER, BRENDA",Democrat,1,1,,,,0.92,,121301_20201030_v21.pdf
MI,Detroit News,121301,2020,STATE REP,3,,MI,"THANEDAR, SHRI",Democrat,1,,,,Former gubernatorial candidate,0.92,,121301_20201030_v24.pdf
MI,Detroit News,121301,2020,STATE REP,30,,MI,"FARRINGTON, DIANA",Republican,1,,1,,,0.92,,121301_20201030_v7.pdf
MI,Detroit News,121301,2020,STATE REP,31,,MI,"SOWERBY, WILLIAM",Democrat,1,1,,,,0.92,,121301_20201030_v7.pdf
MI,Detroit News,121301,2020,STATE REP,32,,MI,"HORNBERGER, PAMELA",Republican,1,,1,,,0.92,,121301_20201030_v7.pdf
MI,Detroit News,121301,2020,STATE REP,33,,MI,"YAROCH, JEFF",Republican,1,,1,,,0.92,,121301_20201030_v7.pdf
MI,Detroit News,121301,2020,STATE REP,35,,MI,"BOLDEN, KYRA HARRIS",Democrat,1,1,,,,0.92,,121301_20201030_v21.pdf
MI,Detroit News,121301,2020,STATE REP,36,,MI,"WOZNIAK, DOUGLAS",Republican,1,,1,,,0.92,,121301_20201030_v7.pdf
MI,Detroit News,121301,2020,STATE REP,37,,MI,"STECKLOFF, SAMANTHA",Democrat,1,,,,Open seat,0.92,,121301_20201030_v21.pdf
MI,Detroit News,121301,2020,STATE REP,38,,MI,"TURNER, CHASE",Republican,1,,,,Open seat,0.92,,121301_20201030_v21.pdf
MI,Detroit News,121301,2020,STATE REP,39,,MI,"BERMAN, RYAN",Republican,1,,1,,,0.92,,121301_20201030_v21.pdf
MI,Detroit News,121301,2020,STATE REP,4,,MI,"AIYASH, ABRAHAM",Democrat,1,,,,Open seat,0.92,,121301_20201030_v24.pdf
MI,Detroit News,121301,2020,STATE REP,40,,MI,"MANOOGIAN, MARI",Democrat,1,1,,,,0.92,,121301_20201030_v21.pdf
MI,Detroit News,121301,2020,STATE REP,41,,MI,"KUPPA, PADMA",Democrat,1,1,,,,0.92,,121301_20201030_v21.pdf
MI,Detroit News,121301,2020,STATE REP,43,,MI,"SCHROEDER, ANDREA",Republican,1,,1,,,0.92,,121301_20201030_v21.pdf
MI,Detroit News,121301,2020,STATE REP,44,,MI,"MADDOCK, MATT",Republican,1,,1,,,0.92,,121301_20201030_v21.pdf
MI,Detroit News,121301,2020,STATE REP,45,,MI,"TISDEL, MARK",Republican,1,,,,Open seat,0.92,,121301_20201030_v21.pdf
MI,Detroit News,121301,2020,STATE REP,46,,MI,"REILLY, JOHN",Republican,1,,1,,,0.92,,121301_20201030_v21.pdf
MI,Detroit News,121301,2020,STATE REP,5,,MI,"JOHNSON, CYNTHIA",Democrat,1,1,,,,0.92,,121301_20201030_v24.pdf
MI,Detroit News,121301,2020,STATE REP,51,,MI,"MUELLER, MIKE",Republican,1,,1,,,0.92,,121301_20201030_v21.pdf
MI,Detroit News,121301,2020,STATE REP,6,,MI,"CARTER, TYRONE",Democrat,1,1,,,Running unopposed,0.92,,121301_20201030_v24.pdf
MI,Detroit News,121301,2020,STATE REP,7,,MI,"SCOTT, HELENA",Democrat,1,,,,Open seat,0.92,,121301_20201030_v24.pdf
MI,Detroit News,121301,2020,STATE REP,8,,MI,"YOUNG, STEPHANIE",Democrat,1,,,,,0.92,,121301_20201030_v24.pdf
MI,Detroit News,121301,2020,STATE REP,9,,MI,"WHITSETT, KAREN",Democrat,1,1,,,Healthy independent streak,0.92,,121301_20201030_v24.pdf
MI,Detroit News,121301,2020,SUPREME COURT,,,MI,"MCCORMACK, BRIDGET",Nonpartisan,1,,,,Chief Justice; nominated by Democrats; outstanding justice,0.92,,121301_20201030_v17.pdf
MI,Detroit News,121301,2020,SUPREME COURT,,,MI,"SWARTZLE, BROCK",Nonpartisan,1,,,,Court of Appeals judge,0.92,,121301_20201030_v17.pdf
MI,Detroit News,121301,2020,TREASURER,,Macomb County,MI,"ROCCA, LARRY",Republican,1,,1,,Incumbent endorsed,0.92,,121301_20201030_v6.pdf
MI,Detroit News,121301,2020,TREASURER,,Wayne County,MI,"SABREE, ERIC",Democrat,0,1,,,Incumbent opposed; alleged preferential treatment in tax foreclosure,0.92,,121301_20201030_v23.pdf
MI,Detroit News,121301,2020,TREASURER,,Wayne County,MI,"WOZNIAK, ANTHONY",Republican,1,,,,Newcomer over Sabree who 'has not shown the character',0.92,,121301_20201030_v23.pdf
MI,Detroit News,121301,2020,TRUSTEE,,Michigan State University,MI,"O'KEEFE, PAT",Republican,1,,,,"Better oversight, MSU safer campus",0.92,,121301_20201030_v16.pdf
MI,Detroit News,121301,2020,TRUSTEE,,Michigan State University,MI,"SCHUITMAKER, TONYA",Republican,1,,,,Helped lead legislative response to Nassar,0.92,,121301_20201030_v16.pdf
MI,Detroit News,121301,2022,ATTORNEY GENERAL,,,MI,NO ENDORSEMENT,,,,,,Paper explicitly declined to endorse either Nessel (D inc) or DePerno (R),0.95,,121301_20221108_ag.pdf
MI,Detroit News,121301,2022,COUNTY EXECUTIVE,,Wayne County,MI,"EVANS, WARREN",Democrat,1,1,,,,0.95,,121301_20221108_cntyexec.pdf
MI,Detroit News,121301,2022,COUNTY EXECUTIVE,,Macomb County,MI,"HACKEL, MARK",Democrat,1,1,,,,0.95,,121301_20221108_cntyexec.pdf
MI,Detroit News,121301,2022,COURT OF APPEALS,2,,MI,"PATEL, SIMA",Nonpartisan,0,,,,Whitmer-appointed; paper criticizes recent ruling on no-fault retroactivity,0.95,,121301_20221108_appeals.pdf
MI,Detroit News,121301,2022,COURT OF APPEALS,2,,MI,"WARREN, MICHAEL",Nonpartisan,1,,,,,0.95,,121301_20221108_appeals.pdf
MI,Detroit News,121301,2022,GOVERNOR,,,MI,"DIXON, TUDOR",Republican,1,,,,,0.95,,121301_20221108_gov.pdf
MI,Detroit News,121301,2022,GOVERNOR,,,MI,"WHITMER, GRETCHEN",Democrat,0,1,,,Paper criticizes pandemic authoritarianism and FOIA suspension; 'her first-term performance does not recommend Gretchen Whitmer for a second term',0.95,,121301_20221108_gov.pdf
MI,Detroit News,121301,2022,GOVERNOR-WAYNE-STATE,,Wayne State University,MI,"KELLY, MARILYN",Democrat,1,1,,,Former MI Supreme Court chief justice; on board since 2015,0.95,,121301_20221108_unibd.pdf
MI,Detroit News,121301,2022,GOVERNOR-WAYNE-STATE,,Wayne State University,MI,"WILSHER, CRAIG",Republican,1,,,,,0.95,,121301_20221108_unibd.pdf
MI,Detroit News,121301,2022,H,1,,MI,"BERGMAN, JACK",Republican,1,,1,,,0.95,,121301_20221108_h01.pdf
MI,Detroit News,121301,2022,H,10,,MI,"JAMES, JOHN",Republican,1,,,,,0.95,,121301_20221108_h10.pdf
MI,Detroit News,121301,2022,H,11,,MI,"AMBROSE, MARK",Republican,1,,,,"West Point graduate, 24 years in financial sector; 'perhaps the most appealing candidate from either party'",0.95,,121301_20221108_h11.pdf
MI,Detroit News,121301,2022,H,11,,MI,"STEVENS, HALEY",Democrat,0,1,,,Incumbent opposed; paper criticized Biden spending votes,0.95,,121301_20221108_h11.pdf
MI,Detroit News,121301,2022,H,12,,MI,"ELLIOTT, STEVEN",Republican,1,,,,,0.95,,121301_20221108_h12.pdf
MI,Detroit News,121301,2022,H,12,,MI,"TLAIB, RASHIDA",Democrat,0,1,,,Incumbent opposed; 'a socialist whose economic positions are rooted in a discredited ideology',0.95,,121301_20221108_h12.pdf
MI,Detroit News,121301,2022,H,13,,MI,"BIVINGS, MARTELL",Republican,1,,,,Former business liaison with Detroit Economic Growth Corp.,0.95,,121301_20221108_h13.pdf
MI,Detroit News,121301,2022,H,2,,MI,"MOOLENAAR, JOHN",Republican,1,,1,,,0.95,,121301_20221108_h02.pdf
MI,Detroit News,121301,2022,H,3,,MI,"SCHOLTEN, HILLARY",Democrat,1,,,,Center-left Grand Rapids immigration attorney; preferred over Trump-backed Republican John Gibbs (who defeated incumbent Peter Meijer in primary),0.95,,121301_20221108_h03.pdf
MI,Detroit News,121301,2022,H,4,,MI,"HUIZENGA, BILL",Republican,1,,1,,,0.95,,121301_20221108_h04.pdf
MI,Detroit News,121301,2022,H,5,,MI,"WALBERG, TIM",Republican,1,,1,,,0.95,,121301_20221108_h05.pdf
MI,Detroit News,121301,2022,H,6,,MI,"DINGELL, DEBBIE",Democrat,1,1,,,,0.95,,121301_20221108_h06.pdf
MI,Detroit News,121301,2022,H,7,,MI,"BARRETT, TOM",Republican,1,,,,,0.95,,121301_20221108_h07.pdf
MI,Detroit News,121301,2022,H,7,,MI,"SLOTKIN, ELISSA",Democrat,0,1,,,Incumbent moved into new district; paper preferred Barrett,0.95,,121301_20221108_h07.pdf
MI,Detroit News,121301,2022,H,8,,MI,"JUNGE, PAUL",Republican,1,,,,,0.95,,121301_20221108_h08.pdf
MI,Detroit News,121301,2022,H,8,,MI,"KILDEE, DAN",Democrat,0,1,,,Incumbent opposed; paper criticized support of Biden spending bills,0.95,,121301_20221108_h08.pdf
MI,Detroit News,121301,2022,H,9,,MI,"MCCLAIN, LISA",Republican,1,,1,,,0.95,,121301_20221108_h09.pdf
MI,Detroit News,121301,2022,REGENT,,University of Michigan,MI,"BEHM, MIKE",Democrat,1,1,,,UM regent since 2014,0.95,,121301_20221108_unibd.pdf
MI,Detroit News,121301,2022,REGENT,,University of Michigan,MI,"VARTANIAN, SEVAG",Republican,1,,,,,0.95,,121301_20221108_unibd.pdf
MI,Detroit News,121301,2022,REGENT,,University of Michigan,MI,"WHITE, KATHERINE",Democrat,0,1,,,Incumbent since 1998; 'time for a fresh voice',0.95,,121301_20221108_unibd.pdf
MI,Detroit News,121301,2022,SEC OF STATE,,,MI,"BENSON, JOCELYN",Democrat,1,1,,,,0.95,,121301_20221108_sos.pdf
MI,Detroit News,121301,2022,STATE BOARD OF ED,,,MI,"CARLONE, TAMARA",Republican,1,,,,,0.95,,121301_20221108_sboed.pdf
MI,Detroit News,121301,2022,STATE BOARD OF ED,,,MI,"PUGH, PAMELA",Democrat,1,1,,,Vice chair; member since 2014,0.95,,121301_20221108_sboed.pdf
MI,Detroit News,121301,2022,STATE BOARD OF ED,,,MI,"ROBINSON, MITCHELL",Democrat,0,1,,,Paper opposes 'pouring endless amounts of money into schools that don't work',0.95,,121301_20221108_sboed.pdf
MI,Detroit News,121301,2022,STATE REP,10,,MI,"TATE, JOE",Democrat,1,1,,,,0.95,,121301_20221108_housemac.pdf
MI,Detroit News,121301,2022,STATE REP,11,,MI,"PAIZ, VERONICA",Democrat,1,,,,,0.95,,121301_20221108_housemac.pdf
MI,Detroit News,121301,2022,STATE REP,12,,MI,"EDWARDS, KIMBERLY",Democrat,1,,,,,0.95,,121301_20221108_housemac.pdf
MI,Detroit News,121301,2022,STATE REP,13,,MI,"STONE, LORI",Democrat,1,1,,,,0.95,,121301_20221108_housemac.pdf
MI,Detroit News,121301,2022,STATE REP,14,,MI,"MCKINNEY, DONAVAN",Democrat,0,,,,Paper preferred Watters,0.95,,121301_20221108_housemac.pdf
MI,Detroit News,121301,2022,STATE REP,14,,MI,"WATTERS, WENDY JO",Republican,1,,,,,0.95,,121301_20221108_housemac.pdf
MI,Detroit News,121301,2022,STATE REP,18,,MI,"JACKSON, WENDY",Republican,1,,,,,0.95,,121301_20221108_houseoak.pdf
MI,Detroit News,121301,2022,STATE REP,19,,MI,"PAESANO, ANTHONY",Republican,1,,,,,0.95,,121301_20221108_houseoak.pdf
MI,Detroit News,121301,2022,STATE REP,20,,MI,"MANSOUR, ALBERT",Republican,1,,,,,0.95,,121301_20221108_houseoak.pdf
MI,Detroit News,121301,2022,STATE REP,21,,MI,"STAUDT, DAVID",Republican,1,,,,,0.95,,121301_20221108_houseoak.pdf
MI,Detroit News,121301,2022,STATE REP,23,,MI,"SHARLAND, RICHARD",Republican,1,,,,,0.95,,121301_20221108_houseoak.pdf
MI,Detroit News,121301,2022,STATE REP,49,,MI,"BOLLIN, ANN",Republican,1,,1,,,0.95,,121301_20221108_houseoak.pdf
MI,Detroit News,121301,2022,STATE REP,5,,MI,"TAROS, PAUL",Republican,1,,,,,0.95,,121301_20221108_houseoak.pdf
MI,Detroit News,121301,2022,STATE REP,51,,MI,"MADDOCK, MATT",Republican,0,,1,,Paper opposed: 'Maddock is a self-serving bully who adds no value to the Legislature',0.95,,121301_20221108_houseoak.pdf
MI,Detroit News,121301,2022,STATE REP,51,,MI,"MAY-SEWARD, SARAH",Democrat,1,,,,,0.95,,121301_20221108_houseoak.pdf
MI,Detroit News,121301,2022,STATE REP,52,,MI,"HARRIS, MIKE",Republican,1,,1,,,0.95,,121301_20221108_houseoak.pdf
MI,Detroit News,121301,2022,STATE REP,53,,MI,"CARTER, BRENDA",Democrat,1,1,,,,0.95,,121301_20221108_houseoak.pdf
MI,Detroit News,121301,2022,STATE REP,54,,MI,"STEELE, DONNI",Republican,1,,,,,0.95,,121301_20221108_houseoak.pdf
MI,Detroit News,121301,2022,STATE REP,55,,MI,"TISDEL, MARK",Republican,1,,1,,,0.95,,121301_20221108_houseoak.pdf
MI,Detroit News,121301,2022,STATE REP,56,,MI,"GUNN, MARK",Republican,1,,,,,0.95,,121301_20221108_houseoak.pdf
MI,Detroit News,121301,2022,STATE REP,57,,MI,"KUHN, THOMAS",Republican,1,,,,,0.95,,121301_20221108_housemac.pdf
MI,Detroit News,121301,2022,STATE REP,58,,MI,"SMITH, MICHELLE",Republican,1,,,,,0.95,,121301_20221108_housemac.pdf
MI,Detroit News,121301,2022,STATE REP,59,,MI,"WOZNIAK, DOUG",Republican,1,,1,,,0.95,,121301_20221108_housemac.pdf
MI,Detroit News,121301,2022,STATE REP,6,,MI,"WEISS, REGINA",Democrat,1,1,,,,0.95,,121301_20221108_houseoak.pdf
MI,Detroit News,121301,2022,STATE REP,60,,MI,"ARAGONA, JOSEPH",Republican,1,,,,,0.95,,121301_20221108_housemac.pdf
MI,Detroit News,121301,2022,STATE REP,61,,MI,"AIELLO, MIKE",Republican,1,,,,,0.95,,121301_20221108_housemac.pdf
MI,Detroit News,121301,2022,STATE REP,62,,MI,"ST. GERMAINE, ALICIA",Republican,1,,1,,,0.95,,121301_20221108_housemac.pdf
MI,Detroit News,121301,2022,STATE REP,63,,MI,"DEBOYER, JAY",Republican,1,,,,,0.95,,121301_20221108_housemac.pdf
MI,Detroit News,121301,2022,STATE REP,65,,MI,"GREENE, JAIME",Republican,1,,,,,0.95,,121301_20221108_housemac.pdf
MI,Detroit News,121301,2022,STATE REP,66,,MI,"SCHRIVER, JOSH",Republican,1,,,,,0.95,,121301_20221108_houseoak.pdf
MI,Detroit News,121301,2022,STATE REP,68,,MI,"MARTIN, DAVID",Republican,1,,1,,,0.95,,121301_20221108_houseoak.pdf
MI,Detroit News,121301,2022,STATE REP,7,,MI,"SCOTT, HELENA",Democrat,1,1,,,,0.95,,121301_20221108_houseoak.pdf
MI,Detroit News,121301,2022,STATE REP,72,,MI,"MUELLER, MIKE",Republican,1,,1,,,0.95,,121301_20221108_houseoak.pdf
MI,Detroit News,121301,2022,STATE REP,8,,MI,"NOBLE, ROBERT",Republican,1,,,,,0.95,,121301_20221108_houseoak.pdf
MI,Detroit News,121301,2022,STATE SENATOR,1,,MI,"GEISS, ERIKA",Democrat,1,1,,,,0.95,,121301_20221108_senwayne.pdf
MI,Detroit News,121301,2022,STATE SENATOR,10,,MI,"WOJNO, PAUL",Democrat,1,1,,,,0.95,,121301_20221108_senwayne.pdf
MI,Detroit News,121301,2022,STATE SENATOR,11,,MI,"MACDONALD, MIKE",Republican,1,,1,,,0.95,,121301_20221108_senwayne.pdf
MI,Detroit News,121301,2022,STATE SENATOR,12,,MI,"HORNBERGER, PAMELA",Republican,1,,,,,0.95,,121301_20221108_senwayne.pdf
MI,Detroit News,121301,2022,STATE SENATOR,13,,MI,"BAYER, ROSEMARY",Democrat,0,1,,,Incumbent; paper preferred Rhines,0.95,,121301_20221108_senwayne.pdf
MI,Detroit News,121301,2022,STATE SENATOR,13,,MI,"RHINES, JASON",Republican,1,,,,,0.95,,121301_20221108_senwayne.pdf
MI,Detroit News,121301,2022,STATE SENATOR,2,,MI,"SANTANA, SYLVIA",Democrat,1,1,,,,0.95,,121301_20221108_senwayne.pdf
MI,Detroit News,121301,2022,STATE SENATOR,22,,MI,"THEIS, LANA",Republican,1,,1,,,0.95,,121301_20221108_senoak.pdf
MI,Detroit News,121301,2022,STATE SENATOR,23,,MI,"RUNESTAD, JIM",Republican,1,,1,,,0.95,,121301_20221108_senoak.pdf
MI,Detroit News,121301,2022,STATE SENATOR,24,,MI,"JOHNSON, RUTH",Republican,1,,1,,,0.95,,121301_20221108_senoak.pdf
MI,Detroit News,121301,2022,STATE SENATOR,25,,MI,"LAUWERS, DANIEL",Republican,1,,1,,,0.95,,121301_20221108_senmac.pdf
MI,Detroit News,121301,2022,STATE SENATOR,3,,MI,"CHANG, STEPHANIE",Democrat,1,1,,,,0.95,,121301_20221108_senwayne.pdf
MI,Detroit News,121301,2022,STATE SENATOR,4,,MI,"CAMILLERI, DARRIN",Democrat,1,,,,,0.95,,121301_20221108_senwayne.pdf
MI,Detroit News,121301,2022,STATE SENATOR,5,,MI,"BAUMAN, EMILY",Republican,1,,,,,0.95,,121301_20221108_senwayne.pdf
MI,Detroit News,121301,2022,STATE SENATOR,5,,MI,"POLEHANKI, DAYNA",Democrat,0,1,,,Incumbent; paper preferred Bauman,0.95,,121301_20221108_senwayne.pdf
MI,Detroit News,121301,2022,STATE SENATOR,6,,MI,"CAVANAGH, MARY",Democrat,1,,,,,0.95,,121301_20221108_senwayne.pdf
MI,Detroit News,121301,2022,STATE SENATOR,7,,MI,"MOSS, JEREMY",Democrat,1,1,,,,0.95,,121301_20221108_senwayne.pdf
MI,Detroit News,121301,2022,STATE SENATOR,8,,MI,"MCMORROW, MALLORY",Democrat,1,1,,,,0.95,,121301_20221108_senwayne.pdf
MI,Detroit News,121301,2022,STATE SENATOR,9,,MI,"WEBBER, MICHAEL",Republican,1,,,,"Former state Rep, Rochester Hills",0.95,,121301_20221108_senoak.pdf
MI,Detroit News,121301,2022,SUPREME COURT,,,MI,"HUDSON, PAUL",Nonpartisan,1,,,,Nominated by Republicans; Kalamazoo appellate attorney,0.95,,121301_20221108_supct.pdf
MI,Detroit News,121301,2022,SUPREME COURT,,,MI,"ZAHRA, BRIAN",Nonpartisan,1,,1,,"Republican-nominated incumbent, most conservative on court",0.95,,121301_20221108_supct.pdf
MI,Detroit News,121301,2022,TRUSTEE,,Michigan State University,MI,"BALOW, MIKE",Republican,1,,,,,0.95,,121301_20221108_unibd.pdf
MI,Detroit News,121301,2022,TRUSTEE,,Michigan State University,MI,"MENGE, TRAVIS",Republican,1,,,,,0.95,,121301_20221108_unibd.pdf
