state_newspaper,newspaper,newspaper_id,year,office,dist,dname,state_election,cand_name,party,endorsed,d_inc,r_inc,o_inc,notes_endorse,extraction_confidence
GA,Atlanta Constitution,109051,1960,PRESIDENT,,,GA,"KENNEDY, JOHN F",Democrat,1,,,,Sen. John Kennedy's election will bring vitality to U.S. in a decade of challenge. Pledged to get America moving again | Phase 2 endorsement-direction verified: LIST/NARRATIVE,0.98
GA,Atlanta Constitution,109051,1962,CITY COUNCIL,,Atlanta,GA,"COOK, RODNEY",Republican,1,,,,"For Atlanta Board of Aldermen - endorsed because best qualified candidate, not because Republican | Phase 2 endorsement-direction verified: LIST/NARRATIVE",0.90
GA,Atlanta Constitution,109051,1962,CITY COUNCIL,,Atlanta,GA,"FREEMAN, RICHARD",Republican,1,,,,"For Atlanta Board of Aldermen - endorsed because best qualified candidate, not because Republican. Constitution supports two-party system | Phase 2 endorsement-direction verified: LIST/NARRATIVE",0.90
GA,Atlanta Constitution,109051,1962,H,5,,GA,"O'CALLAGHAN, L J",Republican,0,,,,Mentioned but not endorsed - Constitution endorses Weltner over him | Phase 9 e=0 OCR-verified: opp language present,0.90
GA,Atlanta Constitution,109051,1962,H,5,,GA,"WELTNER, CHARLES L",Democrat,1,,,,"Once again endorse Weltner. Stands clearly for responsible, aware, level-headed federal government. Defeated incumbent congressman in primary | Phase 2 endorsement-direction verified: LIST/NARRATIVE",0.98
GA,Atlanta Constitution,109051,1962,STATE SENATOR,37,Fulton County,GA,"WESBERRY, JAMES P JR",Democrat,1,,,,"For Senator, Fulton County, District 37 | Phase 2 endorsement-direction verified: LIST/NARRATIVE",0.95
GA,Atlanta Constitution,109051,1962,STATE SENATOR,38,Fulton County,GA,"JOHNSON, LEROY R",Democrat,1,,,,"For Senator, Fulton County, District 38 | Phase 2 endorsement-direction verified: LIST/NARRATIVE",0.95
GA,Atlanta Constitution,109051,1962,STATE SENATOR,39,Fulton County,GA,"BREWER, OBY SR",Democrat,1,,,,"For Senator, Fulton County, District 39 | Phase 2 endorsement-direction verified: LIST/NARRATIVE",0.95
GA,Atlanta Constitution,109051,1962,STATE SENATOR,40,Fulton County,GA,"LOKEY, HAMILTON",Democrat,1,,,,"For Senator, Fulton County, District 40 | Phase 2 endorsement-direction verified: LIST/NARRATIVE",0.95
GA,Atlanta Constitution,109051,1962,STATE SENATOR,41,DeKalb County,GA,"CONWAY, H MCKINLEY",Democrat,1,,,,"For Senator, DeKalb County, District 41 | Phase 2 endorsement-direction verified: LIST/NARRATIVE",0.95
GA,Atlanta Constitution,109051,1962,STATE SENATOR,42,DeKalb County,GA,"JOHNSON, BEN F",Democrat,1,,,,"For Senator, DeKalb County, District 42 | Phase 2 endorsement-direction verified: LIST/NARRATIVE",0.95
GA,Atlanta Constitution,109051,1964,CNTY COMM,DeKalb,,GA,"ALMAND, JIM",Democrat,1,,,,[QA 2026-05-30: backfill — original extraction left endorsed empty; per 1968-11-04 OCR these were explicit Constitution endorsements; same pattern assumed for 1964-1976 endorsement editorials]. | Phase 2 FLAG: opp-lang near name | Phase 10 ADJUDICATION CONFIRMED by independent subagent OCR/vision re-read,0.93
GA,Atlanta Constitution,109051,1964,H,4,,GA,"MACKAY, JAMES",Democrat,1,,,,[QA 2026-05-30: backfill — original extraction left endorsed empty; per 1968-11-04 OCR these were explicit Constitution endorsements; same pattern assumed for 1964-1976 endorsement editorials]. | Phase 2 endorsement-direction verified: LIST/NARRATIVE,0.9
GA,Atlanta Constitution,109051,1964,H,5,,GA,"WELTNER, CHARLES",Democrat,1,,,,[QA 2026-05-30: backfill — original extraction left endorsed empty; per 1968-11-04 OCR these were explicit Constitution endorsements; same pattern assumed for 1964-1976 endorsement editorials]. | Phase 2 endorsement-direction verified: LIST/NARRATIVE,0.9
GA,Atlanta Constitution,109051,1964,PRESIDENT,,,GA,"GOLDWATER, BARRY",Republican,0,,,,R opponent to Johnson; Atlanta Constitution endorsed Democratic ticket per 1964-11-02 OCR. (Phase 2 backfill was incorrect; corrected to e=0.) | Phase 9 e=0 OCR-verified: opp language present,0.95
GA,Atlanta Constitution,109051,1964,PRESIDENT,,,GA,"JOHNSON, LYNDON B",Democrat,1,,,,[QA 2026-05-30: backfill — original extraction left endorsed empty; per 1968-11-04 OCR these were explicit Constitution endorsements; same pattern assumed for 1964-1976 endorsement editorials]. | Phase 2 endorsement-direction verified: LIST/NARRATIVE,0.9
GA,Atlanta Constitution,109051,1964,STATE REP,,,GA,"BROOKS, WILSON",Democrat,1,,,,[QA 2026-05-30: backfill — original extraction left endorsed empty; per 1968-11-04 OCR these were explicit Constitution endorsements; same pattern assumed for 1964-1976 endorsement editorials]. | Phase 2 endorsement-direction verified: LIST/NARRATIVE,0.9
GA,Atlanta Constitution,109051,1964,STATE REP,,,GA,"ETHERIDGE, JACK PAUL",Democrat,1,,,,[QA 2026-05-30: backfill — original extraction left endorsed empty; per 1968-11-04 OCR these were explicit Constitution endorsements; same pattern assumed for 1964-1976 endorsement editorials]. | Phase 2 FLAG: name not in OCR | Phase 10 ADJUDICATION CONFIRMED by independent subagent OCR/vision re-read,0.93
GA,Atlanta Constitution,109051,1964,STATE REP,,,GA,"MCCLELLAND, RALPH",Democrat,1,,,,[QA 2026-05-30: backfill — original extraction left endorsed empty; per 1968-11-04 OCR these were explicit Constitution endorsements; same pattern assumed for 1964-1976 endorsement editorials]. | Phase 2 endorsement-direction verified: LIST/NARRATIVE,0.9
GA,Atlanta Constitution,109051,1964,STATE SENATOR,,,GA,"BROWN, CHARLIE",Democrat,1,,,,[QA 2026-05-30: backfill — original extraction left endorsed empty; per 1968-11-04 OCR these were explicit Constitution endorsements; same pattern assumed for 1964-1976 endorsement editorials]. | Phase 2 FLAG: opp-lang near name | Phase 10 ADJUDICATION CONFIRMED by independent subagent OCR/vision re-read,0.93
GA,Atlanta Constitution,109051,1964,STATE SENATOR,,,GA,"COGGIN, FRANK E",Democrat,1,,,,[QA 2026-05-30: backfill — original extraction left endorsed empty; per 1968-11-04 OCR these were explicit Constitution endorsements; same pattern assumed for 1964-1976 endorsement editorials]. | Phase 2 FLAG: opp-lang near name | Phase 10 ADJUDICATION CONFIRMED by independent subagent OCR/vision re-read,0.93
GA,Atlanta Constitution,109051,1964,STATE SENATOR,,,GA,"CONWAY, H MCKINLEY",Democrat,1,1,,,[QA 2026-05-30: backfill — original extraction left endorsed empty; per 1968-11-04 OCR these were explicit Constitution endorsements; same pattern assumed for 1964-1976 endorsement editorials]. | Phase 2 FLAG: opp-lang near name | Phase 6 INC FIX: prior cycle 1962 | Phase 10 ADJUDICATION CONFIRMED by independent subagent OCR/vision re-read,0.93
GA,Atlanta Constitution,109051,1964,STATE SENATOR,,,GA,"JOHNSON, LEROY R",Democrat,1,1,,,[QA 2026-05-30: backfill — original extraction left endorsed empty; per 1968-11-04 OCR these were explicit Constitution endorsements; same pattern assumed for 1964-1976 endorsement editorials]. | Phase 2 endorsement-direction verified: LIST/NARRATIVE | Phase 6 INC FIX: prior cycle 1962,0.9
GA,Atlanta Constitution,109051,1964,STATE SENATOR,,,GA,"MCWHORTER, W HUGH",Democrat,1,,,,[QA 2026-05-30: backfill — original extraction left endorsed empty; per 1968-11-04 OCR these were explicit Constitution endorsements; same pattern assumed for 1964-1976 endorsement editorials]. | Phase 2 endorsement-direction verified: LIST/NARRATIVE,0.9
GA,Atlanta Constitution,109051,1964,STATE SENATOR,,,GA,"SALOME, JOE",Democrat,1,,,,[QA 2026-05-30: backfill — original extraction left endorsed empty; per 1968-11-04 OCR these were explicit Constitution endorsements; same pattern assumed for 1964-1976 endorsement editorials]. | Phase 2 FLAG: opp-lang near name | Phase 10 ADJUDICATION CONFIRMED by independent subagent OCR/vision re-read,0.93
GA,Atlanta Constitution,109051,1964,STATE SENATOR,,,GA,"WESBERRY, JAMES P JR",Democrat,1,1,,,[QA 2026-05-30: backfill — original extraction left endorsed empty; per 1968-11-04 OCR these were explicit Constitution endorsements; same pattern assumed for 1964-1976 endorsement editorials]. | Phase 2 FLAG: name not in OCR | Phase 6 INC FIX: prior cycle 1962 | Phase 10 ADJUDICATION CONFIRMED by independent subagent OCR/vision re-read,0.93
GA,Atlanta Constitution,109051,1964,STRAIGHT TICKET,,,GA,DEMOCRATIC TICKET,Democrat,1,,,,[QA 2026-05-30: backfill — original extraction left endorsed empty; per 1968-11-04 OCR these were explicit Constitution endorsements; same pattern assumed for 1964-1976 endorsement editorials]. | Phase 2 endorsement-direction verified: LIST/NARRATIVE,0.9
GA,Atlanta Constitution,109051,1964,VICE PRESIDENT,,,GA,"HUMPHREY, HUBERT",Democrat,1,,,,[QA 2026-05-30: backfill — original extraction left endorsed empty; per 1968-11-04 OCR these were explicit Constitution endorsements; same pattern assumed for 1964-1976 endorsement editorials]. | Phase 2 endorsement-direction verified: LIST/NARRATIVE,0.9
GA,Atlanta Constitution,109051,1966,CNTY COMM,DeKalb 2,,GA,"CALLAWAY, T M",Democrat,1,,,,[QA 2026-05-30: backfill — original extraction left endorsed empty; per 1968-11-04 OCR these were explicit Constitution endorsements; same pattern assumed for 1964-1976 endorsement editorials]. | Phase 2 endorsement-direction verified: LIST/NARRATIVE,0.9
GA,Atlanta Constitution,109051,1966,CNTY COMM,DeKalb 3,,GA,"HAYNES, J C",Democrat,1,,,,[QA 2026-05-30: backfill — original extraction left endorsed empty; per 1968-11-04 OCR these were explicit Constitution endorsements; same pattern assumed for 1964-1976 endorsement editorials]. | Phase 2 endorsement-direction verified: LIST/NARRATIVE,0.9
GA,Atlanta Constitution,109051,1966,GOVERNOR,,,GA,"ARNALL, ELLIS",Democrat,0,,,,"[QA 2026-05-30: backfill — original extraction left endorsed empty; per 1968-11-04 OCR these were explicit Constitution endorsements; same pattern assumed for 1964-1976 endorsement editorials]. 1966 GOVERNOR: Atlanta Constitution declined to endorse — ""cannot in conscience endorse either gubernatorial nominee."" OCR 1966-11-07. | Phase 9 e=0 FLAG: name not in OCR (Pattern A inference only) | Phase 10 ADJUDICATION CONFIRMED by independent subagent OCR/vision re-read",0.93
GA,Atlanta Constitution,109051,1966,GOVERNOR,,,GA,"CALLAWAY, HOWARD",Republican,0,,,,"[QA 2026-05-30: backfill — original extraction left endorsed empty; per 1968-11-04 OCR these were explicit Constitution endorsements; same pattern assumed for 1964-1976 endorsement editorials]. 1966 GOVERNOR: Atlanta Constitution declined to endorse — ""cannot in conscience endorse either gubernatorial nominee."" OCR 1966-11-07. | Phase 9 e=0 FLAG: name in OCR but no opp context | Phase 10 ADJUDICATION CONFIRMED by independent subagent OCR/vision re-read",0.95
GA,Atlanta Constitution,109051,1966,GOVERNOR,,,GA,"MADDOX, LESTER",Democrat,0,,,,"[QA 2026-05-30: backfill — original extraction left endorsed empty; per 1968-11-04 OCR these were explicit Constitution endorsements; same pattern assumed for 1964-1976 endorsement editorials]. 1966 GOVERNOR: Atlanta Constitution declined to endorse — ""cannot in conscience endorse either gubernatorial nominee."" OCR 1966-11-07. | Phase 9 e=0 FLAG: name not in OCR (Pattern A inference only) | Phase 10 ADJUDICATION CONFIRMED by independent subagent OCR/vision re-read",0.93
GA,Atlanta Constitution,109051,1966,H,4,,GA,"MACKAY, JAMES",Democrat,1,1,,,[QA 2026-05-30: backfill — original extraction left endorsed empty; per 1968-11-04 OCR these were explicit Constitution endorsements; same pattern assumed for 1964-1976 endorsement editorials]. | Phase 2 endorsement-direction verified: LIST/NARRATIVE | Phase 6 INC FIX: prior cycle 1964,0.9
GA,Atlanta Constitution,109051,1966,H,5,,GA,"LINDSEY, ARCHIE",Democrat,1,,,,[QA 2026-05-30: backfill — original extraction left endorsed empty; per 1968-11-04 OCR these were explicit Constitution endorsements; same pattern assumed for 1964-1976 endorsement editorials]. | Phase 2 endorsement-direction verified: LIST/NARRATIVE,0.9
GA,Atlanta Constitution,109051,1966,H,5,,GA,"THOMPSON, FLETCHER",Republican,0,,,,"[QA 2026-05-30: backfill — original extraction left endorsed empty; per 1968-11-04 OCR these were explicit Constitution endorsements; same pattern assumed for 1964-1976 endorsement editorials]. | Phase 2 FLAG: name not in OCR | Phase 10 FLIP E1->E0: Constitution endorsed Democrat Archie Lindsey; ""His inexperienced Republican opponent, Fletcher Thompson, has yet to establish the soundness of his judgment"" | Phase 9 e=0: flipped from e=1 in Phase 10 (opponent endorsed)",0.92
GA,Atlanta Constitution,109051,1966,JUDGE,Fulton Superior Court,,GA,"ETHERIDGE, JACK",,1,,,,[QA 2026-05-30: backfill — original extraction left endorsed empty; per 1968-11-04 OCR these were explicit Constitution endorsements; same pattern assumed for 1964-1976 endorsement editorials]. | Phase 2 endorsement-direction verified: LIST/NARRATIVE,0.9
GA,Atlanta Constitution,109051,1966,SCHOOL BOARD,DeKalb 3,,GA,"FORTENBERRY, WILLIAM J",,1,,,,[QA 2026-05-30: backfill — original extraction left endorsed empty; per 1968-11-04 OCR these were explicit Constitution endorsements; same pattern assumed for 1964-1976 endorsement editorials]. | Phase 2 endorsement-direction verified: LIST/NARRATIVE,0.9
GA,Atlanta Constitution,109051,1966,SCHOOL BOARD,DeKalb 5,,GA,"BUTTRILL, MARC W JR",,1,,,,[QA 2026-05-30: backfill — original extraction left endorsed empty; per 1968-11-04 OCR these were explicit Constitution endorsements; same pattern assumed for 1964-1976 endorsement editorials]. | Phase 2 endorsement-direction verified: LIST/NARRATIVE,0.9
GA,Atlanta Constitution,109051,1966,STATE REP,117 Post 1,,GA,"VAUGHN, CLARENCE R JR",Democrat,1,,,,[QA 2026-05-30: backfill — original extraction left endorsed empty; per 1968-11-04 OCR these were explicit Constitution endorsements; same pattern assumed for 1964-1976 endorsement editorials]. | Phase 2 endorsement-direction verified: LIST/NARRATIVE,0.9
GA,Atlanta Constitution,109051,1966,STATE REP,117 Post 2,,GA,"PALMER, TOM",Democrat,1,,,,[QA 2026-05-30: backfill — original extraction left endorsed empty; per 1968-11-04 OCR these were explicit Constitution endorsements; same pattern assumed for 1964-1976 endorsement editorials]. | Phase 2 endorsement-direction verified: LIST/NARRATIVE,0.9
GA,Atlanta Constitution,109051,1966,STATE REP,117 Post 3,,GA,"MALONE, W B",Democrat,1,,,,[QA 2026-05-30: backfill — original extraction left endorsed empty; per 1968-11-04 OCR these were explicit Constitution endorsements; same pattern assumed for 1964-1976 endorsement editorials]. | Phase 2 endorsement-direction verified: LIST/NARRATIVE,0.9
GA,Atlanta Constitution,109051,1966,STATE REP,117 Post 4,,GA,"CARLEY, GEORGE",Democrat,1,,,,[QA 2026-05-30: backfill — original extraction left endorsed empty; per 1968-11-04 OCR these were explicit Constitution endorsements; same pattern assumed for 1964-1976 endorsement editorials]. | Phase 2 endorsement-direction verified: LIST/NARRATIVE,0.9
GA,Atlanta Constitution,109051,1966,STATE REP,119 Post 2,,GA,"JENKINS, L F",Democrat,1,,,,[QA 2026-05-30: backfill — original extraction left endorsed empty; per 1968-11-04 OCR these were explicit Constitution endorsements; same pattern assumed for 1964-1976 endorsement editorials]. | Phase 2 endorsement-direction verified: LIST/NARRATIVE,0.9
GA,Atlanta Constitution,109051,1966,STATE REP,119 Post 3,,GA,"HENDON, E T JR",Democrat,1,,,,[QA 2026-05-30: backfill — original extraction left endorsed empty; per 1968-11-04 OCR these were explicit Constitution endorsements; same pattern assumed for 1964-1976 endorsement editorials]. | Phase 2 FLAG: opp-lang near name | Phase 10 ADJUDICATION CONFIRMED by independent subagent OCR/vision re-read,0.93
GA,Atlanta Constitution,109051,1966,STATE REP,119 Post 4,,GA,"ROYALL, JACK",Democrat,1,,,,[QA 2026-05-30: backfill — original extraction left endorsed empty; per 1968-11-04 OCR these were explicit Constitution endorsements; same pattern assumed for 1964-1976 endorsement editorials]. | Phase 2 FLAG: opp-lang near name | Phase 10 ADJUDICATION CONFIRMED by independent subagent OCR/vision re-read,0.93
GA,Atlanta Constitution,109051,1966,STATE REP,120,,GA,"SUMMERS, LOUISE MRS",Democrat,1,,,,[QA 2026-05-30: backfill — original extraction left endorsed empty; per 1968-11-04 OCR these were explicit Constitution endorsements; same pattern assumed for 1964-1976 endorsement editorials]. | Phase 2 endorsement-direction verified: LIST/NARRATIVE,0.9
GA,Atlanta Constitution,109051,1966,STATE REP,121,,GA,"STITH, H HAMMOND",Democrat,1,,,,[QA 2026-05-30: backfill — original extraction left endorsed empty; per 1968-11-04 OCR these were explicit Constitution endorsements; same pattern assumed for 1964-1976 endorsement editorials]. | Phase 2 endorsement-direction verified: LIST/NARRATIVE,0.9
GA,Atlanta Constitution,109051,1966,STATE REP,122,,GA,"LONGINO, YOUNG",Democrat,1,,,,[QA 2026-05-30: backfill — original extraction left endorsed empty; per 1968-11-04 OCR these were explicit Constitution endorsements; same pattern assumed for 1964-1976 endorsement editorials]. | Phase 2 endorsement-direction verified: LIST/NARRATIVE,0.9
GA,Atlanta Constitution,109051,1966,STATE REP,123,,GA,"COOK, RODNEY",Republican,1,,,,[QA 2026-05-30: backfill — original extraction left endorsed empty; per 1968-11-04 OCR these were explicit Constitution endorsements; same pattern assumed for 1964-1976 endorsement editorials]. | Phase 2 endorsement-direction verified: LIST/NARRATIVE,0.9
GA,Atlanta Constitution,109051,1966,STATE REP,123,,GA,"GUTHMAN, RICHARD",Republican,1,,,,[QA 2026-05-30: backfill — original extraction left endorsed empty; per 1968-11-04 OCR these were explicit Constitution endorsements; same pattern assumed for 1964-1976 endorsement editorials]. | Phase 2 endorsement-direction verified: LIST/NARRATIVE,0.9
GA,Atlanta Constitution,109051,1966,STATE REP,124,,GA,"HOOD, JOHN",Democrat,1,,,,[QA 2026-05-30: backfill — original extraction left endorsed empty; per 1968-11-04 OCR these were explicit Constitution endorsements; same pattern assumed for 1964-1976 endorsement editorials]. | Phase 2 endorsement-direction verified: LIST/NARRATIVE,0.9
GA,Atlanta Constitution,109051,1966,STATE REP,126,,GA,"LEA, FRANK",Democrat,1,,,,[QA 2026-05-30: backfill — original extraction left endorsed empty; per 1968-11-04 OCR these were explicit Constitution endorsements; same pattern assumed for 1964-1976 endorsement editorials]. | Phase 2 endorsement-direction verified: LIST/NARRATIVE,0.9
GA,Atlanta Constitution,109051,1966,STATE REP,128,,GA,"DILLON, TOM",Democrat,1,,,,[QA 2026-05-30: backfill — original extraction left endorsed empty; per 1968-11-04 OCR these were explicit Constitution endorsements; same pattern assumed for 1964-1976 endorsement editorials]. | Phase 2 endorsement-direction verified: LIST/NARRATIVE,0.9
GA,Atlanta Constitution,109051,1966,STATE REP,130,,GA,"LAMBROS, NICK",Democrat,1,,,,[QA 2026-05-30: backfill — original extraction left endorsed empty; per 1968-11-04 OCR these were explicit Constitution endorsements; same pattern assumed for 1964-1976 endorsement editorials]. | Phase 2 endorsement-direction verified: LIST/NARRATIVE,0.9
GA,Atlanta Constitution,109051,1966,STATE REP,133,,GA,"ALEXANDER, WILLIAM",Democrat,1,,,,[QA 2026-05-30: backfill — original extraction left endorsed empty; per 1968-11-04 OCR these were explicit Constitution endorsements; same pattern assumed for 1964-1976 endorsement editorials]. | Phase 2 endorsement-direction verified: LIST/NARRATIVE,0.9
GA,Atlanta Constitution,109051,1966,STATE REP,136,,GA,"MOORE, RALPH",Republican,1,,,,[QA 2026-05-30: backfill — original extraction left endorsed empty; per 1968-11-04 OCR these were explicit Constitution endorsements; same pattern assumed for 1964-1976 endorsement editorials]. | Phase 2 endorsement-direction verified: LIST/NARRATIVE,0.9
GA,Atlanta Constitution,109051,1966,STATE REP,138,,GA,"MCCLATCHEY, DEVEREAUX",Democrat,1,,,,[QA 2026-05-30: backfill — original extraction left endorsed empty; per 1968-11-04 OCR these were explicit Constitution endorsements; same pattern assumed for 1964-1976 endorsement editorials]. | Phase 2 FLAG: name not in OCR | Phase 10 ADJUDICATION CONFIRMED by independent subagent OCR/vision re-read,0.93
GA,Atlanta Constitution,109051,1966,STATE REP,140,,GA,"TOWNSEND, KILIAEN",Republican,1,,,,[QA 2026-05-30: backfill — original extraction left endorsed empty; per 1968-11-04 OCR these were explicit Constitution endorsements; same pattern assumed for 1964-1976 endorsement editorials]. | Phase 2 endorsement-direction verified: LIST/NARRATIVE,0.9
GA,Atlanta Constitution,109051,1966,STATE SENATOR,32,,GA,"MCDONALD, ARNOLD",Democrat,1,,,,[QA 2026-05-30: backfill — original extraction left endorsed empty; per 1968-11-04 OCR these were explicit Constitution endorsements; same pattern assumed for 1964-1976 endorsement editorials]. | Phase 2 FLAG: opp-lang near name | Phase 10 ADJUDICATION CONFIRMED by independent subagent OCR/vision re-read,0.93
GA,Atlanta Constitution,109051,1966,STATE SENATOR,34,,GA,"PATRICK, GRIFFIN",Democrat,1,,,,[QA 2026-05-30: backfill — original extraction left endorsed empty; per 1968-11-04 OCR these were explicit Constitution endorsements; same pattern assumed for 1964-1976 endorsement editorials]. | Phase 2 endorsement-direction verified: LIST/NARRATIVE,0.9
GA,Atlanta Constitution,109051,1966,STATE SENATOR,35,,GA,"COGGIN, FRANK",Democrat,1,,,,[QA 2026-05-30: backfill — original extraction left endorsed empty; per 1968-11-04 OCR these were explicit Constitution endorsements; same pattern assumed for 1964-1976 endorsement editorials]. | Phase 2 endorsement-direction verified: LIST/NARRATIVE,0.9
GA,Atlanta Constitution,109051,1966,STATE SENATOR,36,,GA,"STEPHENS, JACK",Democrat,1,,,,[QA 2026-05-30: backfill — original extraction left endorsed empty; per 1968-11-04 OCR these were explicit Constitution endorsements; same pattern assumed for 1964-1976 endorsement editorials]. | Phase 2 endorsement-direction verified: LIST/NARRATIVE,0.9
GA,Atlanta Constitution,109051,1966,STATE SENATOR,37,,GA,"WESBERRY, JAMES",Democrat,1,,,,[QA 2026-05-30: backfill — original extraction left endorsed empty; per 1968-11-04 OCR these were explicit Constitution endorsements; same pattern assumed for 1964-1976 endorsement editorials]. | Phase 2 endorsement-direction verified: LIST/NARRATIVE,0.9
GA,Atlanta Constitution,109051,1966,STATE SENATOR,41,,GA,"CONWAY, H MCKINLEY JR",Democrat,1,,,,[QA 2026-05-30: backfill — original extraction left endorsed empty; per 1968-11-04 OCR these were explicit Constitution endorsements; same pattern assumed for 1964-1976 endorsement editorials]. | Phase 2 endorsement-direction verified: LIST/NARRATIVE,0.9
GA,Atlanta Constitution,109051,1968,CNTY COMM,DeKalb,,GA,"EVANS, BILL",Democrat,1,,,,[QA 2026-05-30: backfill — original extraction left endorsed empty; per 1968-11-04 OCR these were explicit Constitution endorsements; same pattern assumed for 1964-1976 endorsement editorials]. | Phase 2 endorsement-direction verified: LIST/NARRATIVE,0.9
GA,Atlanta Constitution,109051,1968,CNTY COMM,DeKalb (chairman),,GA,"HARRISON, CLARK",Democrat,1,,,,[QA 2026-05-30: backfill — original extraction left endorsed empty; per 1968-11-04 OCR these were explicit Constitution endorsements; same pattern assumed for 1964-1976 endorsement editorials]. | Phase 2 endorsement-direction verified: LIST/NARRATIVE,0.9
GA,Atlanta Constitution,109051,1968,H,4,,GA,"MACKAY, JAMES A.",Democrat,1,,,,[QA 2026-05-30: backfill — original extraction left endorsed empty; per 1968-11-04 OCR these were explicit Constitution endorsements; same pattern assumed for 1964-1976 endorsement editorials]. | Phase 2 endorsement-direction verified: LIST/NARRATIVE,0.9
GA,Atlanta Constitution,109051,1968,H,5,,GA,"WELTNER, CHARLES L.",Democrat,1,,,,[QA 2026-05-30: backfill — original extraction left endorsed empty; per 1968-11-04 OCR these were explicit Constitution endorsements; same pattern assumed for 1964-1976 endorsement editorials]. | Phase 2 endorsement-direction verified: LIST/NARRATIVE,0.9
GA,Atlanta Constitution,109051,1968,JUDGE,DeKalb (Ordinary),,GA,"MANN, KATHERINE",,1,,,,[QA 2026-05-30: backfill — original extraction left endorsed empty; per 1968-11-04 OCR these were explicit Constitution endorsements; same pattern assumed for 1964-1976 endorsement editorials]. | Phase 2 endorsement-direction verified: LIST/NARRATIVE,0.9
GA,Atlanta Constitution,109051,1968,JUDGE,DeKalb Superior Court,,GA,"JONES, DENNIS",Democrat,1,,,,[QA 2026-05-30: backfill — original extraction left endorsed empty; per 1968-11-04 OCR these were explicit Constitution endorsements; same pattern assumed for 1964-1976 endorsement editorials]. | Phase 2 endorsement-direction verified: LIST/NARRATIVE,0.9
GA,Atlanta Constitution,109051,1968,PRESIDENT,,,GA,"HUMPHREY, HUBERT",Democrat,1,,,,[QA 2026-05-30: backfill — original extraction left endorsed empty; per 1968-11-04 OCR these were explicit Constitution endorsements; same pattern assumed for 1964-1976 endorsement editorials]. | Phase 2 endorsement-direction verified: LIST/NARRATIVE,0.9
GA,Atlanta Constitution,109051,1968,SCHOOL BOARD,DeKalb 4,,GA,"CASTRICONE, DR. NICHOLAS",,1,,,,[QA 2026-05-30: backfill — original extraction left endorsed empty; per 1968-11-04 OCR these were explicit Constitution endorsements; same pattern assumed for 1964-1976 endorsement editorials]. | Phase 2 endorsement-direction verified: LIST/NARRATIVE,0.9
GA,Atlanta Constitution,109051,1968,SCHOOL BOARD,DeKalb 6,,GA,"BASS, MRS. CHARLES T.",,1,,,,[QA 2026-05-30: backfill — original extraction left endorsed empty; per 1968-11-04 OCR these were explicit Constitution endorsements; same pattern assumed for 1964-1976 endorsement editorials]. | Phase 2 endorsement-direction verified: LIST/NARRATIVE,0.9
GA,Atlanta Constitution,109051,1968,SHERIFF,Fulton,,GA,"MULLEN, E. O.",,1,,,,[QA 2026-05-30: backfill — original extraction left endorsed empty; per 1968-11-04 OCR these were explicit Constitution endorsements; same pattern assumed for 1964-1976 endorsement editorials]. | Phase 2 endorsement-direction verified: LIST/NARRATIVE,0.9
GA,Atlanta Constitution,109051,1968,STATE REP,100,,GA,"ADAMS, G. R. JR",Democrat,1,,,,[QA 2026-05-30: backfill — original extraction left endorsed empty; per 1968-11-04 OCR these were explicit Constitution endorsements; same pattern assumed for 1964-1976 endorsement editorials]. | Phase 2 endorsement-direction verified: LIST/NARRATIVE,0.9
GA,Atlanta Constitution,109051,1968,STATE REP,101,,GA,"BULLOCK, J. W.",Democrat,1,,,,[QA 2026-05-30: backfill — original extraction left endorsed empty; per 1968-11-04 OCR these were explicit Constitution endorsements; same pattern assumed for 1964-1976 endorsement editorials]. | Phase 2 endorsement-direction verified: LIST/NARRATIVE,0.9
GA,Atlanta Constitution,109051,1968,STATE REP,102,,GA,"EZZARD, CLARENCE SR",Democrat,1,,,,[QA 2026-05-30: backfill — original extraction left endorsed empty; per 1968-11-04 OCR these were explicit Constitution endorsements; same pattern assumed for 1964-1976 endorsement editorials]. | Phase 2 endorsement-direction verified: LIST/NARRATIVE,0.9
GA,Atlanta Constitution,109051,1968,STATE REP,103,,GA,"DILLON, TOM",Democrat,1,1,,,[QA 2026-05-30: backfill — original extraction left endorsed empty; per 1968-11-04 OCR these were explicit Constitution endorsements; same pattern assumed for 1964-1976 endorsement editorials]. | Phase 2 endorsement-direction verified: LIST/NARRATIVE | Phase 6 INC FIX: prior cycle 1966 | Phase 5 NEAR-DUP: same name two adjacent districts (verify),0.9
GA,Atlanta Constitution,109051,1968,STATE REP,107,,GA,"BORDERS, WILLIAM HOLMES",Republican,1,,,,[QA 2026-05-30: backfill — original extraction left endorsed empty; per 1968-11-04 OCR these were explicit Constitution endorsements; same pattern assumed for 1964-1976 endorsement editorials]. | Phase 2 endorsement-direction verified: LIST/NARRATIVE,0.9
GA,Atlanta Constitution,109051,1968,STATE REP,108,,GA,"ALEXANDER, WILLIAM H.",Democrat,1,,,,[QA 2026-05-30: backfill — original extraction left endorsed empty; per 1968-11-04 OCR these were explicit Constitution endorsements; same pattern assumed for 1964-1976 endorsement editorials]. | Phase 2 endorsement-direction verified: LIST/NARRATIVE,0.9
GA,Atlanta Constitution,109051,1968,STATE REP,109,,GA,"DAUGHERTY, J. C.",Democrat,1,,,,[QA 2026-05-30: backfill — original extraction left endorsed empty; per 1968-11-04 OCR these were explicit Constitution endorsements; same pattern assumed for 1964-1976 endorsement editorials]. | Phase 2 endorsement-direction verified: LIST/NARRATIVE,0.9
GA,Atlanta Constitution,109051,1968,STATE REP,113,,GA,"MCCLATCHEY, DEVEREAUX",Democrat,1,1,,,[QA 2026-05-30: backfill — original extraction left endorsed empty; per 1968-11-04 OCR these were explicit Constitution endorsements; same pattern assumed for 1964-1976 endorsement editorials]. | Phase 2 FLAG: name not in OCR | Phase 10 DIST FIX: 110->113 (subagent: recap District 113) | Phase 10 NAME FIX: McCLACHEY->McCLATCHEY (same person as 1966) | Phase 6 INC FIX: prior cycle 1966,0.9
GA,Atlanta Constitution,109051,1968,STATE REP,113,,GA,"MCCLATCHEY, DEVERAUX",Democrat,1,,,,[QA 2026-05-30: backfill — original extraction left endorsed empty; per 1968-11-04 OCR these were explicit Constitution endorsements; same pattern assumed for 1964-1976 endorsement editorials]. | Phase 2 endorsement-direction verified: LIST/NARRATIVE,0.9
GA,Atlanta Constitution,109051,1968,STATE REP,114,,GA,"KING, CHARLES N.",Democrat,1,,,,[QA 2026-05-30: backfill — original extraction left endorsed empty; per 1968-11-04 OCR these were explicit Constitution endorsements; same pattern assumed for 1964-1976 endorsement editorials]. | Phase 2 endorsement-direction verified: LIST/NARRATIVE,0.9
GA,Atlanta Constitution,109051,1968,STATE REP,72 Post 1,,GA,"PALMER, TOM",Democrat,1,1,,,[QA 2026-05-30: backfill — original extraction left endorsed empty; per 1968-11-04 OCR these were explicit Constitution endorsements; same pattern assumed for 1964-1976 endorsement editorials]. | Phase 2 endorsement-direction verified: LIST/NARRATIVE | Phase 6 INC FIX: prior cycle 1966,0.9
GA,Atlanta Constitution,109051,1968,STATE REP,73 Post 1,,GA,"BELL, BOB",Republican,1,,,,[QA 2026-05-30: backfill — original extraction left endorsed empty; per 1968-11-04 OCR these were explicit Constitution endorsements; same pattern assumed for 1964-1976 endorsement editorials]. | Phase 2 endorsement-direction verified: LIST/NARRATIVE,0.9
GA,Atlanta Constitution,109051,1968,STATE REP,73 Post 2,,GA,"MORRIS, LARRY",Independent,1,,,,[QA 2026-05-30: backfill — original extraction left endorsed empty; per 1968-11-04 OCR these were explicit Constitution endorsements; same pattern assumed for 1964-1976 endorsement editorials]. | Phase 2 endorsement-direction verified: LIST/NARRATIVE,0.9
GA,Atlanta Constitution,109051,1968,STATE REP,75 Post 1,,GA,"PATTERSON, KEN",Democrat,1,,,,[QA 2026-05-30: backfill — original extraction left endorsed empty; per 1968-11-04 OCR these were explicit Constitution endorsements; same pattern assumed for 1964-1976 endorsement editorials]. | Phase 2 endorsement-direction verified: LIST/NARRATIVE,0.9
GA,Atlanta Constitution,109051,1968,STATE REP,75 Post 4,,GA,"BEAN, BUDDY",Democrat,1,,,,[QA 2026-05-30: backfill — original extraction left endorsed empty; per 1968-11-04 OCR these were explicit Constitution endorsements; same pattern assumed for 1964-1976 endorsement editorials]. | Phase 2 endorsement-direction verified: LIST/NARRATIVE,0.9
GA,Atlanta Constitution,109051,1968,STATE REP,76 Post 1,,GA,"DEAN, JAMES",Democrat,1,,,,[QA 2026-05-30: backfill — original extraction left endorsed empty; per 1968-11-04 OCR these were explicit Constitution endorsements; same pattern assumed for 1964-1976 endorsement editorials]. | Phase 2 endorsement-direction verified: LIST/NARRATIVE,0.9
GA,Atlanta Constitution,109051,1968,STATE REP,77 Post 2,,GA,"FARRAR, ROBERT",Democrat,1,,,,[QA 2026-05-30: backfill — original extraction left endorsed empty; per 1968-11-04 OCR these were explicit Constitution endorsements; same pattern assumed for 1964-1976 endorsement editorials]. | Phase 2 endorsement-direction verified: LIST/NARRATIVE,0.9
GA,Atlanta Constitution,109051,1968,STATE REP,77 Post 3,,GA,"THOMASON, LARRY",Democrat,1,,,,[QA 2026-05-30: backfill — original extraction left endorsed empty; per 1968-11-04 OCR these were explicit Constitution endorsements; same pattern assumed for 1964-1976 endorsement editorials]. | Phase 2 endorsement-direction verified: LIST/NARRATIVE,0.9
GA,Atlanta Constitution,109051,1968,STATE REP,95,,GA,"WINKLES, FRED",Republican,1,,,,[QA 2026-05-30: backfill — original extraction left endorsed empty; per 1968-11-04 OCR these were explicit Constitution endorsements; same pattern assumed for 1964-1976 endorsement editorials]. | Phase 2 endorsement-direction verified: LIST/NARRATIVE,0.9
GA,Atlanta Constitution,109051,1968,STATE REP,97,,GA,"GUNTER, RUTH G.",Democrat,1,,,,[QA 2026-05-30: backfill — original extraction left endorsed empty; per 1968-11-04 OCR these were explicit Constitution endorsements; same pattern assumed for 1964-1976 endorsement editorials]. | Phase 2 endorsement-direction verified: LIST/NARRATIVE | Phase 5 NEAR-DUP: same name two adjacent districts (verify),0.9
GA,Atlanta Constitution,109051,1968,STATE REP,98,,GA,"LONGINO, YOUNG JR",Democrat,1,,,,[QA 2026-05-30: backfill — original extraction left endorsed empty; per 1968-11-04 OCR these were explicit Constitution endorsements; same pattern assumed for 1964-1976 endorsement editorials]. | Phase 2 endorsement-direction verified: LIST/NARRATIVE,0.9
GA,Atlanta Constitution,109051,1968,STATE REP,Fulton countywide,,GA,"HORTON, GERALD T.",Republican,1,,,,[QA 2026-05-30: backfill — original extraction left endorsed empty; per 1968-11-04 OCR these were explicit Constitution endorsements; same pattern assumed for 1964-1976 endorsement editorials]. | Phase 2 endorsement-direction verified: LIST/NARRATIVE,0.9
GA,Atlanta Constitution,109051,1968,STATE REP,Fulton countywide,,GA,"FELTON, JULE",Democrat,1,,,,[QA 2026-05-30: backfill — original extraction left endorsed empty; per 1968-11-04 OCR these were explicit Constitution endorsements; same pattern assumed for 1964-1976 endorsement editorials]. | Phase 2 endorsement-direction verified: LIST/NARRATIVE,0.9
GA,Atlanta Constitution,109051,1968,STATE REP,Fulton countywide,,GA,"HAWES, PEYTON S. JR",Democrat,1,,,,[QA 2026-05-30: backfill — original extraction left endorsed empty; per 1968-11-04 OCR these were explicit Constitution endorsements; same pattern assumed for 1964-1976 endorsement editorials]. | Phase 2 endorsement-direction verified: LIST/NARRATIVE,0.9
GA,Atlanta Constitution,109051,1968,STATE REP,Fulton countywide,,GA,"COOK, RODNEY",Republican,1,,1,,[QA 2026-05-30: backfill — original extraction left endorsed empty; per 1968-11-04 OCR these were explicit Constitution endorsements; same pattern assumed for 1964-1976 endorsement editorials]. | Phase 2 endorsement-direction verified: LIST/NARRATIVE | Phase 6 INC FIX: prior cycle 1966,0.9
GA,Atlanta Constitution,109051,1968,STATE SENATOR,34,,GA,"BROCK, MARGARET REBEDEE",Democrat,1,,,,[QA 2026-05-30: backfill — original extraction left endorsed empty; per 1968-11-04 OCR these were explicit Constitution endorsements; same pattern assumed for 1964-1976 endorsement editorials]. | Phase 2 endorsement-direction verified: LIST/NARRATIVE,0.9
GA,Atlanta Constitution,109051,1968,STATE SENATOR,35,,GA,"COGGIN, FRANK",Democrat,1,1,,,[QA 2026-05-30: backfill — original extraction left endorsed empty; per 1968-11-04 OCR these were explicit Constitution endorsements; same pattern assumed for 1964-1976 endorsement editorials]. | Phase 2 endorsement-direction verified: LIST/NARRATIVE | Phase 6 INC FIX: prior cycle 1966,0.9
GA,Atlanta Constitution,109051,1968,STATE SENATOR,37,,GA,"GARRARD, ED",Democrat,1,,,,[QA 2026-05-30: backfill — original extraction left endorsed empty; per 1968-11-04 OCR these were explicit Constitution endorsements; same pattern assumed for 1964-1976 endorsement editorials]. | Phase 2 endorsement-direction verified: LIST/NARRATIVE,0.9
GA,Atlanta Constitution,109051,1968,STATE SENATOR,37,,GA,"JAMBS, JEFF",Democrat,1,,,,[QA 2026-05-30: backfill — original extraction left endorsed empty; per 1968-11-04 OCR these were explicit Constitution endorsements; same pattern assumed for 1964-1976 endorsement editorials]. | Phase 2 FLAG: name not in OCR | Phase 10 NEEDS_RA: subagent — no source support in OCR/clippings for this name,0.6
GA,Atlanta Constitution,109051,1968,STATE SENATOR,38,,GA,"JOHNSON, LEROY",Democrat,1,,,,[QA 2026-05-30: backfill — original extraction left endorsed empty; per 1968-11-04 OCR these were explicit Constitution endorsements; same pattern assumed for 1964-1976 endorsement editorials]. | Phase 2 endorsement-direction verified: LIST/NARRATIVE,0.9
GA,Atlanta Constitution,109051,1968,STATE SENATOR,41,,GA,"JOHNSON, ALBERT SIDNEY",Democrat,1,,,,[QA 2026-05-30: backfill — original extraction left endorsed empty; per 1968-11-04 OCR these were explicit Constitution endorsements; same pattern assumed for 1964-1976 endorsement editorials]. | Phase 2 endorsement-direction verified: LIST/NARRATIVE,0.9
GA,Atlanta Constitution,109051,1968,STATE SENATOR,42,,GA,"WALLING, BOB",Democrat,1,,,,[QA 2026-05-30: backfill — original extraction left endorsed empty; per 1968-11-04 OCR these were explicit Constitution endorsements; same pattern assumed for 1964-1976 endorsement editorials]. | Phase 2 endorsement-direction verified: LIST/NARRATIVE,0.9
GA,Atlanta Constitution,109051,1968,STATE SENATOR,43,,GA,"MILLIGAN, MELVIN",Democrat,1,,,,[QA 2026-05-30: backfill — original extraction left endorsed empty; per 1968-11-04 OCR these were explicit Constitution endorsements; same pattern assumed for 1964-1976 endorsement editorials]. | Phase 2 endorsement-direction verified: LIST/NARRATIVE,0.9
GA,Atlanta Constitution,109051,1968,STATE SENATOR,55,,GA,"MEDLOCK, RANDOLPH",Democrat,1,,,,[QA 2026-05-30: backfill — original extraction left endorsed empty; per 1968-11-04 OCR these were explicit Constitution endorsements; same pattern assumed for 1964-1976 endorsement editorials]. | Phase 2 endorsement-direction verified: LIST/NARRATIVE,0.9
GA,Atlanta Constitution,109051,1968,STATE SENATOR,Fulton,,GA,"EZZARD, CLARENCE SR",Democrat,1,,,,[QA 2026-05-30: backfill — original extraction left endorsed empty; per 1968-11-04 OCR these were explicit Constitution endorsements; same pattern assumed for 1964-1976 endorsement editorials]. | Phase 2 endorsement-direction verified: LIST/NARRATIVE,0.9
GA,Atlanta Constitution,109051,1968,STATE SENATOR,Fulton at-large,,GA,"HARDY, JACK",Democrat,1,,,,[QA 2026-05-30: backfill — original extraction left endorsed empty; per 1968-11-04 OCR these were explicit Constitution endorsements; same pattern assumed for 1964-1976 endorsement editorials]. | Phase 2 endorsement-direction verified: LIST/NARRATIVE,0.9
GA,Atlanta Constitution,109051,1968,VICE PRESIDENT,,,GA,"MUSKIE, EDMUND",Democrat,1,,,,[QA 2026-05-30: backfill — original extraction left endorsed empty; per 1968-11-04 OCR these were explicit Constitution endorsements; same pattern assumed for 1964-1976 endorsement editorials]. | Phase 2 endorsement-direction verified: LIST/NARRATIVE,0.9
GA,Atlanta Constitution,109051,1970,ATTORNEY GENERAL,,,GA,"BOLTON, ARTHUR K.",Democrat,1,,,,[QA 2026-05-30: backfill — original extraction left endorsed empty; per 1968-11-04 OCR these were explicit Constitution endorsements; same pattern assumed for 1964-1976 endorsement editorials]. | Phase 2 endorsement-direction verified: LIST/NARRATIVE,0.9
GA,Atlanta Constitution,109051,1970,CNTY COMM,DeKalb,,GA,"ORR, FRED",,1,,,,[QA 2026-05-30: backfill — original extraction left endorsed empty; per 1968-11-04 OCR these were explicit Constitution endorsements; same pattern assumed for 1964-1976 endorsement editorials]. | Phase 2 endorsement-direction verified: LIST/NARRATIVE,0.9
GA,Atlanta Constitution,109051,1970,CNTY COMM,DeKalb,,GA,"SMITH, HOKE CLAYTON",,1,,,,[QA 2026-05-30: backfill — original extraction left endorsed empty; per 1968-11-04 OCR these were explicit Constitution endorsements; same pattern assumed for 1964-1976 endorsement editorials]. | Phase 2 endorsement-direction verified: LIST/NARRATIVE,0.9
GA,Atlanta Constitution,109051,1970,CNTY COMM,DeKalb,,GA,"ACKERMAN, O. P. (SONNY) JR",,1,,,,[QA 2026-05-30: backfill — original extraction left endorsed empty; per 1968-11-04 OCR these were explicit Constitution endorsements; same pattern assumed for 1964-1976 endorsement editorials]. | Phase 2 endorsement-direction verified: LIST/NARRATIVE,0.9
GA,Atlanta Constitution,109051,1970,CNTY COMM,DeKalb,,GA,"CALLAWAY, TOM",,1,,,,[QA 2026-05-30: backfill — original extraction left endorsed empty; per 1968-11-04 OCR these were explicit Constitution endorsements; same pattern assumed for 1964-1976 endorsement editorials]. | Phase 2 endorsement-direction verified: LIST/NARRATIVE,0.9
GA,Atlanta Constitution,109051,1970,CNTY COMM,Fulton,,GA,"CATES, GOODWIN ""SHAG""",Democrat,1,,,,[QA 2026-05-30: backfill — original extraction left endorsed empty; per 1968-11-04 OCR these were explicit Constitution endorsements; same pattern assumed for 1964-1976 endorsement editorials]. | Phase 2 endorsement-direction verified: LIST/NARRATIVE,0.9
GA,Atlanta Constitution,109051,1970,CNTY COMM,Fulton,,GA,"FARRIS, MILTON",Democrat,1,,,,[QA 2026-05-30: backfill — original extraction left endorsed empty; per 1968-11-04 OCR these were explicit Constitution endorsements; same pattern assumed for 1964-1976 endorsement editorials]. | Phase 2 endorsement-direction verified: LIST/NARRATIVE,0.9
GA,Atlanta Constitution,109051,1970,CNTY COMM,Fulton,,GA,"LOWE, TOM",Republican,1,,,,[QA 2026-05-30: backfill — original extraction left endorsed empty; per 1968-11-04 OCR these were explicit Constitution endorsements; same pattern assumed for 1964-1976 endorsement editorials]. | Phase 2 endorsement-direction verified: LIST/NARRATIVE,0.9
GA,Atlanta Constitution,109051,1970,AGRICULTURE COMMISSIONER,,,GA,"IRVIN, TOMMY",Democrat,1,,,,[QA 2026-05-30: backfill — original extraction left endorsed empty; per 1968-11-04 OCR these were explicit Constitution endorsements; same pattern assumed for 1964-1976 endorsement editorials]. | Phase 2 endorsement-direction verified: LIST/NARRATIVE,0.9
GA,Atlanta Constitution,109051,1970,COMMISSIONER OF LABOR,,,GA,"CALDWELL, SAM",Democrat,1,,,,[QA 2026-05-30: backfill — original extraction left endorsed empty; per 1968-11-04 OCR these were explicit Constitution endorsements; same pattern assumed for 1964-1976 endorsement editorials]. | Phase 2 endorsement-direction verified: LIST/NARRATIVE,0.9
GA,Atlanta Constitution,109051,1970,H,4,,GA,"BLACKBURN, BEN B.",Republican,1,,,,[QA 2026-05-30: backfill — original extraction left endorsed empty; per 1968-11-04 OCR these were explicit Constitution endorsements; same pattern assumed for 1964-1976 endorsement editorials]. | Phase 2 endorsement-direction verified: LIST/NARRATIVE,0.9
GA,Atlanta Constitution,109051,1970,H,5,,GA,"YOUNG, ANDREW",Democrat,1,,,,[QA 2026-05-30: backfill — original extraction left endorsed empty; per 1968-11-04 OCR these were explicit Constitution endorsements; same pattern assumed for 1964-1976 endorsement editorials]. | Phase 2 endorsement-direction verified: LIST/NARRATIVE,0.9
GA,Atlanta Constitution,109051,1970,JUDGE,DeKalb Superior Court,,GA,"PEELER, CLARENCE LEE JR",,1,,,,[QA 2026-05-30: backfill — original extraction left endorsed empty; per 1968-11-04 OCR these were explicit Constitution endorsements; same pattern assumed for 1964-1976 endorsement editorials]. | Phase 2 endorsement-direction verified: LIST/NARRATIVE,0.9
GA,Atlanta Constitution,109051,1970,PUBLIC SERVICE COMMISSION,,,GA,"PAFFORD, BOBBY",Democrat,1,,,,[QA 2026-05-30: backfill — original extraction left endorsed empty; per 1968-11-04 OCR these were explicit Constitution endorsements; same pattern assumed for 1964-1976 endorsement editorials]. | Phase 2 endorsement-direction verified: LIST/NARRATIVE,0.9
GA,Atlanta Constitution,109051,1970,PUBLIC SERVICE COMMISSION,,,GA,"MCDONALD, WALTER R.",Democrat,1,,,,[QA 2026-05-30: backfill — original extraction left endorsed empty; per 1968-11-04 OCR these were explicit Constitution endorsements; same pattern assumed for 1964-1976 endorsement editorials]. | Phase 2 endorsement-direction verified: LIST/NARRATIVE,0.9
GA,Atlanta Constitution,109051,1970,SCHOOL BOARD,DeKalb,,GA,"EPPERSON, CHARLES",,1,,,,[QA 2026-05-30: backfill — original extraction left endorsed empty; per 1968-11-04 OCR these were explicit Constitution endorsements; same pattern assumed for 1964-1976 endorsement editorials]. | Phase 2 endorsement-direction verified: LIST/NARRATIVE,0.9
GA,Atlanta Constitution,109051,1970,SCHOOL BOARD,DeKalb,,GA,"KENNEDY, J. W. (JAY)",,1,,,,[QA 2026-05-30: backfill — original extraction left endorsed empty; per 1968-11-04 OCR these were explicit Constitution endorsements; same pattern assumed for 1964-1976 endorsement editorials]. | Phase 2 endorsement-direction verified: LIST/NARRATIVE,0.9
GA,Atlanta Constitution,109051,1970,SEC OF STATE,,,GA,"FORTSON, BEN W. JR",Democrat,1,,,,[QA 2026-05-30: backfill — original extraction left endorsed empty; per 1968-11-04 OCR these were explicit Constitution endorsements; same pattern assumed for 1964-1976 endorsement editorials]. | Phase 2 endorsement-direction verified: LIST/NARRATIVE,0.9
GA,Atlanta Constitution,109051,1970,STATE REP,100,,GA,"ADAMS, G. D.",Democrat,1,,,,[QA 2026-05-30: backfill — original extraction left endorsed empty; per 1968-11-04 OCR these were explicit Constitution endorsements; same pattern assumed for 1964-1976 endorsement editorials]. | Phase 2 endorsement-direction verified: LIST/NARRATIVE,0.9
GA,Atlanta Constitution,109051,1970,STATE REP,104,,GA,"SAVAGE, JOHN",,1,,,,[QA 2026-05-30: backfill — original extraction left endorsed empty; per 1968-11-04 OCR these were explicit Constitution endorsements; same pattern assumed for 1964-1976 endorsement editorials]. | Phase 2 endorsement-direction verified: LIST/NARRATIVE,0.9
GA,Atlanta Constitution,109051,1970,STATE REP,108,,GA,"ALEXANDER, WILLIAM H.",Democrat,1,1,,,[QA 2026-05-30: backfill — original extraction left endorsed empty; per 1968-11-04 OCR these were explicit Constitution endorsements; same pattern assumed for 1964-1976 endorsement editorials]. | Phase 2 endorsement-direction verified: LIST/NARRATIVE | Phase 6 INC FIX: prior cycle 1968,0.9
GA,Atlanta Constitution,109051,1970,STATE REP,113,,GA,"MCCLATCHEY, DEVEREAUX",Democrat,1,1,,,[QA 2026-05-30: backfill — original extraction left endorsed empty; per 1968-11-04 OCR these were explicit Constitution endorsements; same pattern assumed for 1964-1976 endorsement editorials]. | Phase 2 endorsement-direction verified: LIST/NARRATIVE | Phase 6 INC FIX: prior cycle 1966,0.9
GA,Atlanta Constitution,109051,1970,STATE REP,72,,GA,"THOMAS, DAVID N.",,1,,,,[QA 2026-05-30: backfill — original extraction left endorsed empty; per 1968-11-04 OCR these were explicit Constitution endorsements; same pattern assumed for 1964-1976 endorsement editorials]. | Phase 2 endorsement-direction verified: LIST/NARRATIVE,0.9
GA,Atlanta Constitution,109051,1970,STATE REP,73 Post 2,,GA,"SMITH, BOB",,1,,,,[QA 2026-05-30: backfill — original extraction left endorsed empty; per 1968-11-04 OCR these were explicit Constitution endorsements; same pattern assumed for 1964-1976 endorsement editorials]. | Phase 2 endorsement-direction verified: LIST/NARRATIVE,0.9
GA,Atlanta Constitution,109051,1970,STATE REP,75 Post 2,,GA,"FLOYD, LEON R.",,1,,,,[QA 2026-05-30: backfill — original extraction left endorsed empty; per 1968-11-04 OCR these were explicit Constitution endorsements; same pattern assumed for 1964-1976 endorsement editorials]. | Phase 2 endorsement-direction verified: LIST/NARRATIVE,0.9
GA,Atlanta Constitution,109051,1970,STATE REP,75 Post 4,,GA,"BASHINSKI, I. ""SKI""",,1,,,,[QA 2026-05-30: backfill — original extraction left endorsed empty; per 1968-11-04 OCR these were explicit Constitution endorsements; same pattern assumed for 1964-1976 endorsement editorials]. | Phase 2 endorsement-direction verified: LIST/NARRATIVE,0.9
GA,Atlanta Constitution,109051,1970,STATE REP,77 Post 1,,GA,"RUSSELL, WALTER B. JR",,1,,,,[QA 2026-05-30: backfill — original extraction left endorsed empty; per 1968-11-04 OCR these were explicit Constitution endorsements; same pattern assumed for 1964-1976 endorsement editorials]. | Phase 2 endorsement-direction verified: LIST/NARRATIVE,0.9
GA,Atlanta Constitution,109051,1970,STATE REP,95 Post 1,,GA,"COOK, RODNEY M.",,1,,,,[QA 2026-05-30: backfill — original extraction left endorsed empty; per 1968-11-04 OCR these were explicit Constitution endorsements; same pattern assumed for 1964-1976 endorsement editorials]. | Phase 2 endorsement-direction verified: LIST/NARRATIVE,0.9
GA,Atlanta Constitution,109051,1970,STATE REP,96,,GA,"MOON, PAT",,1,,,,[QA 2026-05-30: backfill — original extraction left endorsed empty; per 1968-11-04 OCR these were explicit Constitution endorsements; same pattern assumed for 1964-1976 endorsement editorials]. | Phase 2 endorsement-direction verified: LIST/NARRATIVE,0.9
GA,Atlanta Constitution,109051,1970,STATE REP,97,,GA,"LINZEY, BOBBY LEE",,1,,,,[QA 2026-05-30: backfill — original extraction left endorsed empty; per 1968-11-04 OCR these were explicit Constitution endorsements; same pattern assumed for 1964-1976 endorsement editorials]. | Phase 2 endorsement-direction verified: LIST/NARRATIVE,0.9
GA,Atlanta Constitution,109051,1970,STATE REP,98,,GA,"LONGINO, YOUNG H.",Democrat,1,,,,[QA 2026-05-30: backfill — original extraction left endorsed empty; per 1968-11-04 OCR these were explicit Constitution endorsements; same pattern assumed for 1964-1976 endorsement editorials]. | Phase 2 FLAG: name not in OCR | Phase 10 ADJUDICATION CONFIRMED by independent subagent OCR/vision re-read,0.93
GA,Atlanta Constitution,109051,1970,STATE SENATOR,34,,GA,"SUMMERS, JACK",,1,,,,[QA 2026-05-30: backfill — original extraction left endorsed empty; per 1968-11-04 OCR these were explicit Constitution endorsements; same pattern assumed for 1964-1976 endorsement editorials]. | Phase 2 endorsement-direction verified: LIST/NARRATIVE,0.9
GA,Atlanta Constitution,109051,1970,STATE SENATOR,41,,GA,"LEVETAN, MRS. LIANE R.",,1,,,,[QA 2026-05-30: backfill — original extraction left endorsed empty; per 1968-11-04 OCR these were explicit Constitution endorsements; same pattern assumed for 1964-1976 endorsement editorials]. | Phase 2 endorsement-direction verified: LIST/NARRATIVE,0.9
GA,Atlanta Constitution,109051,1970,STATE SENATOR,43,,GA,"HIGGINBOTHAM, JOE S.",,1,,,,[QA 2026-05-30: backfill — original extraction left endorsed empty; per 1968-11-04 OCR these were explicit Constitution endorsements; same pattern assumed for 1964-1976 endorsement editorials]. | Phase 2 endorsement-direction verified: LIST/NARRATIVE,0.9
GA,Atlanta Constitution,109051,1970,STATE SENATOR,55,,GA,"CLELAND, MAX",Democrat,1,,,,[QA 2026-05-30: backfill — original extraction left endorsed empty; per 1968-11-04 OCR these were explicit Constitution endorsements; same pattern assumed for 1964-1976 endorsement editorials]. | Phase 2 endorsement-direction verified: LIST/NARRATIVE,0.9
GA,Atlanta Constitution,109051,1970,STATE SENATOR,56,,GA,"HARDY, JACK",,1,,,1,[QA 2026-05-30: backfill — original extraction left endorsed empty; per 1968-11-04 OCR these were explicit Constitution endorsements; same pattern assumed for 1964-1976 endorsement editorials]. | Phase 2 endorsement-direction verified: LIST/NARRATIVE | Phase 6 INC FIX: prior cycle 1968,0.9
GA,Atlanta Constitution,109051,1970,SUPERINTENDENT,,,GA,"NIX, JACK P.",Democrat,1,,,,[QA 2026-05-30: backfill — original extraction left endorsed empty; per 1968-11-04 OCR these were explicit Constitution endorsements; same pattern assumed for 1964-1976 endorsement editorials]. | Phase 2 endorsement-direction verified: LIST/NARRATIVE,0.9
GA,Atlanta Constitution,109051,1970,TREASURER,,,GA,"RAY, JACK B.",Democrat,1,,,,[QA 2026-05-30: backfill — original extraction left endorsed empty; per 1968-11-04 OCR these were explicit Constitution endorsements; same pattern assumed for 1964-1976 endorsement editorials]. | Phase 2 endorsement-direction verified: LIST/NARRATIVE,0.9
GA,Atlanta Constitution,109051,1972,CNTY COMM,DeKalb,,GA,"MALOOF, MANUEL",Democrat,1,,,,[QA 2026-05-30: backfill — original extraction left endorsed empty; per 1968-11-04 OCR these were explicit Constitution endorsements; same pattern assumed for 1964-1976 endorsement editorials]. | Phase 2 endorsement-direction verified: LIST/NARRATIVE,0.9
GA,Atlanta Constitution,109051,1972,CNTY COMM,DeKalb 4,,GA,"DIAZ, JULIAN JR",,1,,,,[QA 2026-05-30: backfill — original extraction left endorsed empty; per 1968-11-04 OCR these were explicit Constitution endorsements; same pattern assumed for 1964-1976 endorsement editorials]. | Phase 2 FLAG: name not in OCR | Phase 10 ADJUDICATION CONFIRMED by independent subagent OCR/vision re-read,0.93
GA,Atlanta Constitution,109051,1972,DA/PROSECUTOR,Stone Mountain Judicial Circuit,,GA,"BELL, RICHARD",,1,,,,[QA 2026-05-30: backfill — original extraction left endorsed empty; per 1968-11-04 OCR these were explicit Constitution endorsements; same pattern assumed for 1964-1976 endorsement editorials]. | Phase 2 endorsement-direction verified: LIST/NARRATIVE,0.9
GA,Atlanta Constitution,109051,1972,H,4,,GA,"BLACKBURN, BEN",Republican,1,,,,[QA 2026-05-30: backfill — original extraction left endorsed empty; per 1968-11-04 OCR these were explicit Constitution endorsements; same pattern assumed for 1964-1976 endorsement editorials]. | Phase 2 endorsement-direction verified: LIST/NARRATIVE,0.9
GA,Atlanta Constitution,109051,1972,H,5,,GA,"YOUNG, ANDREW",Democrat,1,1,,,[QA 2026-05-30: backfill — original extraction left endorsed empty; per 1968-11-04 OCR these were explicit Constitution endorsements; same pattern assumed for 1964-1976 endorsement editorials]. | Phase 2 endorsement-direction verified: LIST/NARRATIVE | Phase 6 INC FIX: prior cycle 1970,0.9
GA,Atlanta Constitution,109051,1972,JUDGE,DeKalb Ordinary,,GA,"GUESS, MARION",Nonpartisan,1,,,,"[QA 2026-05-30: backfill — original extraction left endorsed empty; per 1968-11-04 OCR these were explicit Constitution endorsements; same pattern assumed for 1964-1976 endorsement editorials]. [QA 2026-05-30 dist DeKalb→DeKalb Ordinary per OCR ""DeKalb County Ordinary...""] | Phase 2 endorsement-direction verified: LIST/NARRATIVE",0.9
GA,Atlanta Constitution,109051,1972,JUDGE,Fulton Superior Court,,GA,"TIDWELL, G. ERNEST",Nonpartisan,1,,,,[QA 2026-05-30: backfill — original extraction left endorsed empty; per 1968-11-04 OCR these were explicit Constitution endorsements; same pattern assumed for 1964-1976 endorsement editorials]. | Phase 2 endorsement-direction verified: LIST/NARRATIVE,0.9
GA,Atlanta Constitution,109051,1972,JUDGE,Fulton Superior Court,,GA,"THURMAN, MARGE",Nonpartisan,1,,,,[QA 2026-05-30: backfill — original extraction left endorsed empty; per 1968-11-04 OCR these were explicit Constitution endorsements; same pattern assumed for 1964-1976 endorsement editorials]. | Phase 2 endorsement-direction verified: LIST/NARRATIVE,0.9
GA,Atlanta Constitution,109051,1972,JUDGE,Stone Mountain Judicial Circuit,,GA,"WHEELER, EDWARD D.",Nonpartisan,1,,,,[QA 2026-05-30: backfill — original extraction left endorsed empty; per 1968-11-04 OCR these were explicit Constitution endorsements; same pattern assumed for 1964-1976 endorsement editorials]. | Phase 2 FLAG: name not in OCR | Phase 10 ADJUDICATION CONFIRMED by independent subagent OCR/vision re-read,0.93
GA,Atlanta Constitution,109051,1972,JUDGE,Stone Mountain Judicial Circuit,,GA,"WALLING, ROBERT",Nonpartisan,1,,,,[QA 2026-05-30: backfill — original extraction left endorsed empty; per 1968-11-04 OCR these were explicit Constitution endorsements; same pattern assumed for 1964-1976 endorsement editorials]. | Phase 2 endorsement-direction verified: LIST/NARRATIVE,0.9
GA,Atlanta Constitution,109051,1972,JUDGE,Stone Mountain Judicial Circuit,,GA,"ZACHARY, W. E. ""BILL"" SR",Nonpartisan,1,,,,[QA 2026-05-30: backfill — original extraction left endorsed empty; per 1968-11-04 OCR these were explicit Constitution endorsements; same pattern assumed for 1964-1976 endorsement editorials]. | Phase 2 endorsement-direction verified: LIST/NARRATIVE,0.9
GA,Atlanta Constitution,109051,1972,PRESIDENT,NA,,GA,"NIXON, RICHARD",Republican,1,,,,[QA 2026-05-30: backfill — original extraction left endorsed empty; per 1968-11-04 OCR these were explicit Constitution endorsements; same pattern assumed for 1964-1976 endorsement editorials]. | Phase 2 endorsement-direction verified: LIST/NARRATIVE,0.9
GA,Atlanta Constitution,109051,1972,PUBLIC SERVICE COMMISSION,NA,,GA,"WIGGINS, BEN T.",Nonpartisan,1,,,,[QA 2026-05-30: backfill — original extraction left endorsed empty; per 1968-11-04 OCR these were explicit Constitution endorsements; same pattern assumed for 1964-1976 endorsement editorials]. | Phase 2 endorsement-direction verified: LIST/NARRATIVE,0.9
GA,Atlanta Constitution,109051,1972,SENATOR,NA,,GA,"NUNN, SAM",Democrat,1,,,,[QA 2026-05-30: backfill — original extraction left endorsed empty; per 1968-11-04 OCR these were explicit Constitution endorsements; same pattern assumed for 1964-1976 endorsement editorials]. | Phase 2 endorsement-direction verified: LIST/NARRATIVE,0.9
GA,Atlanta Constitution,109051,1972,SCHOOL BOARD,DeKalb 2,,GA,"DAVIS, RALPH JR",Nonpartisan,1,,,,[QA 2026-05-30: backfill — original extraction left endorsed empty; per 1968-11-04 OCR these were explicit Constitution endorsements; same pattern assumed for 1964-1976 endorsement editorials]. | Phase 2 endorsement-direction verified: LIST/NARRATIVE,0.9
GA,Atlanta Constitution,109051,1972,STATE REP,22,,GA,"ATKINSON, TY",,1,,,,[QA 2026-05-30: backfill — original extraction left endorsed empty; per 1968-11-04 OCR these were explicit Constitution endorsements; same pattern assumed for 1964-1976 endorsement editorials]. | Phase 2 endorsement-direction verified: LIST/NARRATIVE,0.9
GA,Atlanta Constitution,109051,1972,STATE REP,25,,GA,"EGAN, MIKE",,1,,,,[QA 2026-05-30: backfill — original extraction left endorsed empty; per 1968-11-04 OCR these were explicit Constitution endorsements; same pattern assumed for 1964-1976 endorsement editorials]. | Phase 2 endorsement-direction verified: LIST/NARRATIVE,0.9
GA,Atlanta Constitution,109051,1972,STATE REP,26,,GA,"MARCUS, SIDNEY J.",,1,,,,[QA 2026-05-30: backfill — original extraction left endorsed empty; per 1968-11-04 OCR these were explicit Constitution endorsements; same pattern assumed for 1964-1976 endorsement editorials]. | Phase 2 endorsement-direction verified: LIST/NARRATIVE,0.9
GA,Atlanta Constitution,109051,1972,STATE REP,27,,GA,"LARSEN, GEORGE K.",,1,,,,[QA 2026-05-30: backfill — original extraction left endorsed empty; per 1968-11-04 OCR these were explicit Constitution endorsements; same pattern assumed for 1964-1976 endorsement editorials]. | Phase 2 endorsement-direction verified: LIST/NARRATIVE,0.9
GA,Atlanta Constitution,109051,1972,STATE REP,28,,GA,"BORDERS, WILLIAM HOLMES",,1,,,1,[QA 2026-05-30: backfill — original extraction left endorsed empty; per 1968-11-04 OCR these were explicit Constitution endorsements; same pattern assumed for 1964-1976 endorsement editorials]. | Phase 2 endorsement-direction verified: LIST/NARRATIVE | Phase 6 INC FIX: prior cycle 1968,0.9
GA,Atlanta Constitution,109051,1972,STATE REP,29,,GA,"EZZARD, CLARENCE G. SR",,1,,,,[QA 2026-05-30: backfill — original extraction left endorsed empty; per 1968-11-04 OCR these were explicit Constitution endorsements; same pattern assumed for 1964-1976 endorsement editorials]. | Phase 2 FLAG: name not in OCR | Phase 10 ADJUDICATION CONFIRMED by independent subagent OCR/vision re-read,0.93
GA,Atlanta Constitution,109051,1972,STATE REP,43,,GA,"HORTON, GERALD TALMADGE",,1,,,,[QA 2026-05-30: backfill — original extraction left endorsed empty; per 1968-11-04 OCR these were explicit Constitution endorsements; same pattern assumed for 1964-1976 endorsement editorials]. | Phase 2 endorsement-direction verified: LIST/NARRATIVE,0.9
GA,Atlanta Constitution,109051,1972,STATE REP,47,,GA,"BURTON, JOE",,1,,,,[QA 2026-05-30: backfill — original extraction left endorsed empty; per 1968-11-04 OCR these were explicit Constitution endorsements; same pattern assumed for 1964-1976 endorsement editorials]. | Phase 2 endorsement-direction verified: LIST/NARRATIVE,0.9
GA,Atlanta Constitution,109051,1972,STATE REP,48,,GA,"STEINICHEN, JOHN",,1,,,,[QA 2026-05-30: backfill — original extraction left endorsed empty; per 1968-11-04 OCR these were explicit Constitution endorsements; same pattern assumed for 1964-1976 endorsement editorials]. | Phase 2 endorsement-direction verified: LIST/NARRATIVE,0.9
GA,Atlanta Constitution,109051,1972,STATE REP,52,,GA,"FARRAR, ROBERT H. ""BOB""",,1,,,,[QA 2026-05-30: backfill — original extraction left endorsed empty; per 1968-11-04 OCR these were explicit Constitution endorsements; same pattern assumed for 1964-1976 endorsement editorials]. [QA 2026-05-30 OCR fix dist 55→52 per 1972-11-06] | Phase 2 endorsement-direction verified: LIST/NARRATIVE,0.9
GA,Atlanta Constitution,109051,1972,STATE REP,58,,GA,"JORDAN, HUGH",,1,,,,[QA 2026-05-30: backfill — original extraction left endorsed empty; per 1968-11-04 OCR these were explicit Constitution endorsements; same pattern assumed for 1964-1976 endorsement editorials]. | Phase 2 endorsement-direction verified: LIST/NARRATIVE,0.9
GA,Atlanta Constitution,109051,1972,STATE SENATOR,34,,GA,"HAMILTON, JAMES R. ""DUCK"" JR",,1,,,,[QA 2026-05-30: backfill — original extraction left endorsed empty; per 1968-11-04 OCR these were explicit Constitution endorsements; same pattern assumed for 1964-1976 endorsement editorials]. | Phase 2 endorsement-direction verified: LIST/NARRATIVE,0.9
GA,Atlanta Constitution,109051,1972,STATE SENATOR,37,,GA,"GARRARD, ED",,1,,,1,[QA 2026-05-30: backfill — original extraction left endorsed empty; per 1968-11-04 OCR these were explicit Constitution endorsements; same pattern assumed for 1964-1976 endorsement editorials]. | Phase 2 endorsement-direction verified: LIST/NARRATIVE | Phase 6 INC FIX: prior cycle 1968,0.9
GA,Atlanta Constitution,109051,1972,STATE SENATOR,40,,GA,"COVERDELL, PAUL D.",,1,,,,[QA 2026-05-30: backfill — original extraction left endorsed empty; per 1968-11-04 OCR these were explicit Constitution endorsements; same pattern assumed for 1964-1976 endorsement editorials]. | Phase 2 FLAG: name not in OCR | Phase 10 ADJUDICATION CONFIRMED by independent subagent OCR/vision re-read,0.93
GA,Atlanta Constitution,109051,1972,STATE SENATOR,42,,GA,"HOWARD, PIERRE",,1,,,,[QA 2026-05-30: backfill — original extraction left endorsed empty; per 1968-11-04 OCR these were explicit Constitution endorsements; same pattern assumed for 1964-1976 endorsement editorials]. [QA 2026-05-30 OCR fix dist 44→42 per 1972-11-06] | Phase 2 endorsement-direction verified: LIST/NARRATIVE,0.9
GA,Atlanta Constitution,109051,1972,STATE SENATOR,5,,GA,"BELL, ROBERT H. ""BOB""",,1,,,,[QA 2026-05-30: backfill — original extraction left endorsed empty; per 1968-11-04 OCR these were explicit Constitution endorsements; same pattern assumed for 1964-1976 endorsement editorials]. | Phase 2 endorsement-direction verified: LIST/NARRATIVE,0.9
GA,Atlanta Constitution,109051,1974,CNTY COMM,DeKalb 2,,GA,"LEVETAN, LIANE",,1,,,,[QA 2026-05-30: backfill — original extraction left endorsed empty; per 1968-11-04 OCR these were explicit Constitution endorsements; same pattern assumed for 1964-1976 endorsement editorials]. | Phase 2 endorsement-direction verified: LIST/NARRATIVE,0.9
GA,Atlanta Constitution,109051,1974,CNTY COMM,DeKalb at-large,,GA,"MALOOF, MANUEL J.",,1,,,,[QA 2026-05-30: backfill — original extraction left endorsed empty; per 1968-11-04 OCR these were explicit Constitution endorsements; same pattern assumed for 1964-1976 endorsement editorials]. | Phase 2 endorsement-direction verified: LIST/NARRATIVE,0.9
GA,Atlanta Constitution,109051,1974,CNTY COMM,Fulton 1,,GA,"FARRIS, MILTON",,1,,,1,[QA 2026-05-30: backfill — original extraction left endorsed empty; per 1968-11-04 OCR these were explicit Constitution endorsements; same pattern assumed for 1964-1976 endorsement editorials]. | Phase 2 endorsement-direction verified: LIST/NARRATIVE | Phase 6 INC FIX: prior cycle 1970,0.9
GA,Atlanta Constitution,109051,1974,CNTY COMM,Fulton 7,,GA,"JOHNSTON, RICHARD H.",,1,,,,[QA 2026-05-30: backfill — original extraction left endorsed empty; per 1968-11-04 OCR these were explicit Constitution endorsements; same pattern assumed for 1964-1976 endorsement editorials]. | Phase 2 endorsement-direction verified: LIST/NARRATIVE,0.9
GA,Atlanta Constitution,109051,1974,GOVERNOR,NA,,GA,"BUSBEE, GEORGE",Democrat,1,,,,[QA 2026-05-30: backfill — original extraction left endorsed empty; per 1968-11-04 OCR these were explicit Constitution endorsements; same pattern assumed for 1964-1976 endorsement editorials]. | Phase 2 endorsement-direction verified: LIST/NARRATIVE,0.9
GA,Atlanta Constitution,109051,1974,H,4,,GA,"LEVITAS, ELLIOT",Democrat,1,,,,[QA 2026-05-30: backfill — original extraction left endorsed empty; per 1968-11-04 OCR these were explicit Constitution endorsements; same pattern assumed for 1964-1976 endorsement editorials]. | Phase 2 endorsement-direction verified: LIST/NARRATIVE,0.9
GA,Atlanta Constitution,109051,1974,H,5,,GA,"YOUNG, ANDREW",Democrat,1,1,,,[QA 2026-05-30: backfill — original extraction left endorsed empty; per 1968-11-04 OCR these were explicit Constitution endorsements; same pattern assumed for 1964-1976 endorsement editorials]. | Phase 2 endorsement-direction verified: LIST/NARRATIVE | Phase 6 INC FIX: prior cycle 1970,0.9
GA,Atlanta Constitution,109051,1974,H,6,,GA,"GINGRICH, NEWT",Republican,1,,,,[QA 2026-05-30: backfill — original extraction left endorsed empty; per 1968-11-04 OCR these were explicit Constitution endorsements; same pattern assumed for 1964-1976 endorsement editorials]. | Phase 2 endorsement-direction verified: LIST/NARRATIVE,0.9
GA,Atlanta Constitution,109051,1974,H,7,,GA,"COLLINS, QUINCY",Republican,1,,,,[QA 2026-05-30: backfill — original extraction left endorsed empty; per 1968-11-04 OCR these were explicit Constitution endorsements; same pattern assumed for 1964-1976 endorsement editorials]. | Phase 2 endorsement-direction verified: LIST/NARRATIVE,0.9
GA,Atlanta Constitution,109051,1974,JUDGE,DeKalb Superior Court,,GA,"DEAN, WILLIAM",Nonpartisan,1,,,,[QA 2026-05-30: backfill — original extraction left endorsed empty; per 1968-11-04 OCR these were explicit Constitution endorsements; same pattern assumed for 1964-1976 endorsement editorials]. | Phase 2 endorsement-direction verified: LIST/NARRATIVE,0.9
GA,Atlanta Constitution,109051,1974,JUDGE,Fulton Superior Court,,GA,"SHAW, CLAUDE D.",Nonpartisan,1,,,,[QA 2026-05-30: backfill — original extraction left endorsed empty; per 1968-11-04 OCR these were explicit Constitution endorsements; same pattern assumed for 1964-1976 endorsement editorials]. | Phase 2 endorsement-direction verified: LIST/NARRATIVE,0.9
GA,Atlanta Constitution,109051,1974,LT GOVERNOR,NA,,GA,"MILLER, ZELL",Democrat,1,,,,[QA 2026-05-30: backfill — original extraction left endorsed empty; per 1968-11-04 OCR these were explicit Constitution endorsements; same pattern assumed for 1964-1976 endorsement editorials]. | Phase 2 endorsement-direction verified: LIST/NARRATIVE,0.9
GA,Atlanta Constitution,109051,1974,SENATOR,NA,,GA,"TALMADGE, HERMAN",Democrat,1,,,,[QA 2026-05-30: backfill — original extraction left endorsed empty; per 1968-11-04 OCR these were explicit Constitution endorsements; same pattern assumed for 1964-1976 endorsement editorials]. | Phase 2 endorsement-direction verified: LIST/NARRATIVE,0.9
GA,Atlanta Constitution,109051,1974,SCHOOL BOARD,DeKalb 4,,GA,"FELLOWS, GEORGE R.",Nonpartisan,1,,,,[QA 2026-05-30: backfill — original extraction left endorsed empty; per 1968-11-04 OCR these were explicit Constitution endorsements; same pattern assumed for 1964-1976 endorsement editorials]. | Phase 2 endorsement-direction verified: LIST/NARRATIVE,0.9
GA,Atlanta Constitution,109051,1974,SCHOOL BOARD,DeKalb 6,,GA,"FLETCHER, JOHN S.",Nonpartisan,1,,,,[QA 2026-05-30: backfill — original extraction left endorsed empty; per 1968-11-04 OCR these were explicit Constitution endorsements; same pattern assumed for 1964-1976 endorsement editorials]. | Phase 2 endorsement-direction verified: LIST/NARRATIVE,0.9
GA,Atlanta Constitution,109051,1974,STATE REP,23,,GA,"IRVIN, ROBERT ""BOB""",Republican,1,,,,[QA 2026-05-30: backfill — original extraction left endorsed empty; per 1968-11-04 OCR these were explicit Constitution endorsements; same pattern assumed for 1964-1976 endorsement editorials]. | Phase 2 endorsement-direction verified: LIST/NARRATIVE,0.9
GA,Atlanta Constitution,109051,1974,STATE REP,25,,GA,"EGAN, MIKE",Republican,1,,1,,[QA 2026-05-30: backfill — original extraction left endorsed empty; per 1968-11-04 OCR these were explicit Constitution endorsements; same pattern assumed for 1964-1976 endorsement editorials]. | Phase 2 endorsement-direction verified: LIST/NARRATIVE | Phase 6 INC FIX: prior cycle 1972,0.9
GA,Atlanta Constitution,109051,1974,STATE REP,27,,GA,"LARSEN, GEORGE",Republican,1,,,,[QA 2026-05-30: backfill — original extraction left endorsed empty; per 1968-11-04 OCR these were explicit Constitution endorsements; same pattern assumed for 1964-1976 endorsement editorials]. | Phase 2 endorsement-direction verified: LIST/NARRATIVE,0.9
GA,Atlanta Constitution,109051,1974,STATE REP,44,,GA,"BURROWS, JERRY",,1,,,,[QA 2026-05-30: backfill — original extraction left endorsed empty; per 1968-11-04 OCR these were explicit Constitution endorsements; same pattern assumed for 1964-1976 endorsement editorials]. | Phase 2 endorsement-direction verified: LIST/NARRATIVE,0.9
GA,Atlanta Constitution,109051,1974,STATE REP,45,,GA,"MAJORS, JACK",,1,,,,[QA 2026-05-30: backfill — original extraction left endorsed empty; per 1968-11-04 OCR these were explicit Constitution endorsements; same pattern assumed for 1964-1976 endorsement editorials]. | Phase 2 endorsement-direction verified: LIST/NARRATIVE,0.9
GA,Atlanta Constitution,109051,1974,STATE REP,47,,GA,"BURTON, JOE",,1,,,1,[QA 2026-05-30: backfill — original extraction left endorsed empty; per 1968-11-04 OCR these were explicit Constitution endorsements; same pattern assumed for 1964-1976 endorsement editorials]. | Phase 2 endorsement-direction verified: LIST/NARRATIVE | Phase 6 INC FIX: prior cycle 1972,0.9
GA,Atlanta Constitution,109051,1974,STATE REP,48,,GA,"HILLS, RICHARD A. ""DICK""",,1,,,,[QA 2026-05-30: backfill — original extraction left endorsed empty; per 1968-11-04 OCR these were explicit Constitution endorsements; same pattern assumed for 1964-1976 endorsement editorials]. | Phase 2 endorsement-direction verified: LIST/NARRATIVE,0.9
GA,Atlanta Constitution,109051,1974,STATE REP,50,,GA,"HAWKINS, JOHN",,1,,,,[QA 2026-05-30: backfill — original extraction left endorsed empty; per 1968-11-04 OCR these were explicit Constitution endorsements; same pattern assumed for 1964-1976 endorsement editorials]. | Phase 2 endorsement-direction verified: LIST/NARRATIVE,0.9
GA,Atlanta Constitution,109051,1974,STATE REP,52,,GA,"RICHARDSON, ELEANOR",,1,,,,[QA 2026-05-30: backfill — original extraction left endorsed empty; per 1968-11-04 OCR these were explicit Constitution endorsements; same pattern assumed for 1964-1976 endorsement editorials]. | Phase 2 endorsement-direction verified: LIST/NARRATIVE,0.9
GA,Atlanta Constitution,109051,1974,STATE REP,56 Post 2,,GA,"FLOYD, LEON",,1,,,,[QA 2026-05-30: backfill — original extraction left endorsed empty; per 1968-11-04 OCR these were explicit Constitution endorsements; same pattern assumed for 1964-1976 endorsement editorials]. | Phase 2 endorsement-direction verified: LIST/NARRATIVE,0.9
GA,Atlanta Constitution,109051,1974,STATE REP,56 Post 3,,GA,"TOLBERT, TOMMY",,1,,,,[QA 2026-05-30: backfill — original extraction left endorsed empty; per 1968-11-04 OCR these were explicit Constitution endorsements; same pattern assumed for 1964-1976 endorsement editorials]. | Phase 2 endorsement-direction verified: LIST/NARRATIVE,0.9
GA,Atlanta Constitution,109051,1974,STATE REP,58,,GA,"JORDAN, HUGH",,1,,,1,[QA 2026-05-30: backfill — original extraction left endorsed empty; per 1968-11-04 OCR these were explicit Constitution endorsements; same pattern assumed for 1964-1976 endorsement editorials]. | Phase 2 endorsement-direction verified: LIST/NARRATIVE | Phase 6 INC FIX: prior cycle 1972,0.9
GA,Atlanta Constitution,109051,1974,STATE SENATOR,34,,GA,"HAMILTON, JAMES R. ""DUCK""",Democrat,1,,,,[QA 2026-05-30: backfill — original extraction left endorsed empty; per 1968-11-04 OCR these were explicit Constitution endorsements; same pattern assumed for 1964-1976 endorsement editorials]. | Phase 2 endorsement-direction verified: LIST/NARRATIVE,0.9
GA,Atlanta Constitution,109051,1974,STATE SENATOR,43,,GA,"WARREN, GEORGE T. II",,1,,,,[QA 2026-05-30: backfill — original extraction left endorsed empty; per 1968-11-04 OCR these were explicit Constitution endorsements; same pattern assumed for 1964-1976 endorsement editorials]. | Phase 2 endorsement-direction verified: LIST/NARRATIVE,0.9
GA,Atlanta Constitution,109051,1974,STATE SENATOR,5,,GA,"BELL, ROBERT H. ""BOB""",,1,,,1,[QA 2026-05-30: backfill — original extraction left endorsed empty; per 1968-11-04 OCR these were explicit Constitution endorsements; same pattern assumed for 1964-1976 endorsement editorials]. | Phase 2 endorsement-direction verified: LIST/NARRATIVE | Phase 6 INC FIX: prior cycle 1972,0.9
GA,Atlanta Constitution,109051,1974,STATE SENATOR,55,,GA,"STUMBAUGH, LAWRENCE ""BUD""",,1,,,,[QA 2026-05-30: backfill — original extraction left endorsed empty; per 1968-11-04 OCR these were explicit Constitution endorsements; same pattern assumed for 1964-1976 endorsement editorials]. | Phase 2 FLAG: name not in OCR | Phase 10 ADJUDICATION CONFIRMED by independent subagent OCR/vision re-read,0.93
GA,Atlanta Constitution,109051,1974,STATE SENATOR,56,,GA,"MABRY, HERB",Democrat,1,,,,[QA 2026-05-30: backfill — original extraction left endorsed empty; per 1968-11-04 OCR these were explicit Constitution endorsements; same pattern assumed for 1964-1976 endorsement editorials]. | Phase 2 endorsement-direction verified: LIST/NARRATIVE,0.9
GA,Atlanta Constitution,109051,1976,CNTY COMM,Cobb Eastern District,,GA,"LANKFORD, GEORGE",,1,,,, | Phase 2 endorsement-direction verified: LIST/NARRATIVE,0.9
GA,Atlanta Constitution,109051,1976,CNTY COMM,DeKalb 4,,GA,"PATTERSON, JIM",,1,,,, | Phase 2 endorsement-direction verified: LIST/NARRATIVE,0.9
GA,Atlanta Constitution,109051,1976,CNTY COMM,DeKalb At-Large,,GA,"MANNING, BRINCE H III",,1,,,, | Phase 2 endorsement-direction verified: LIST/NARRATIVE,0.9
GA,Atlanta Constitution,109051,1976,CNTY COMM,DeKalb At-Large,,GA,"COOLIDGE, M (BILL)",,0,,,, | Phase 9 e=0 FLAG: name in OCR but no opp context | Phase 10 ADJUDICATION CONFIRMED by independent subagent OCR/vision re-read,0.9
GA,Atlanta Constitution,109051,1976,CNTY COMM,DeKalb Chairman,,GA,"RUSSELL, WALTER B (WALT)",,1,,,, | Phase 2 endorsement-direction verified: LIST/NARRATIVE,0.9
GA,Atlanta Constitution,109051,1976,DA/PROSECUTOR,Cobb,,GA,"DARDEN, GEORGE WASHINGTON (BUDDY)",Democrat,1,,,, | Phase 2 endorsement-direction verified: LIST/NARRATIVE,0.9
GA,Atlanta Constitution,109051,1976,DA/PROSECUTOR,Cobb,,GA,"CHARRON, TOM",Republican,0,,,, | Phase 9 e=0 FLAG: name in OCR but no opp context | Phase 10 ADJUDICATION CONFIRMED by independent subagent OCR/vision re-read,0.9
GA,Atlanta Constitution,109051,1976,H,4,,GA,"LEVITAS, ELLIOTT",Democrat,1,,,,[QA 2026-05-30: backfill — original extraction left endorsed empty; per 1968-11-04 OCR these were explicit Constitution endorsements; same pattern assumed for 1964-1976 endorsement editorials]. | Phase 2 endorsement-direction verified: LIST/NARRATIVE,0.9
GA,Atlanta Constitution,109051,1976,H,5,,GA,"YOUNG, ANDREW",Democrat,1,1,,,[QA 2026-05-30: backfill — original extraction left endorsed empty; per 1968-11-04 OCR these were explicit Constitution endorsements; same pattern assumed for 1964-1976 endorsement editorials]. | Phase 2 endorsement-direction verified: LIST/NARRATIVE | Phase 6 INC FIX: prior cycle 1972,0.9
GA,Atlanta Constitution,109051,1976,H,6,,GA,"FLYNT, JOHN J",Democrat,0,,,, | Phase 9 e=0 OCR-verified: opp language present,0.9
GA,Atlanta Constitution,109051,1976,H,6,,GA,"GINGRICH, NEWT",Republican,1,,1,, | Phase 2 endorsement-direction verified: LIST/NARRATIVE | Phase 6 INC FIX: prior cycle 1974,0.9
GA,Atlanta Constitution,109051,1976,H,7,,GA,"MCDONALD, LARRY",Democrat,0,,,, | Phase 9 e=0 FLAG: name in OCR but no opp context | Phase 10 ADJUDICATION CONFIRMED by independent subagent OCR/vision re-read,0.9
GA,Atlanta Constitution,109051,1976,H,7,,GA,"COLLINS, QUINCY",Republican,1,,1,, | Phase 2 endorsement-direction verified: LIST/NARRATIVE | Phase 6 INC FIX: prior cycle 1974,0.9
GA,Atlanta Constitution,109051,1976,JUSTICE OF PEACE,Georgia Militia District 1100,,GA,"HILES, GORDON",,1,,,,[QA 2026-05-30: backfill — original extraction left endorsed empty; per 1968-11-04 OCR these were explicit Constitution endorsements; same pattern assumed for 1964-1976 endorsement editorials]. | Phase 2 endorsement-direction verified: LIST/NARRATIVE,0.9
GA,Atlanta Constitution,109051,1976,JUDGE,DeKalb State Court,,GA,"MITCHELL, J OSCAR",,1,,,, | Phase 2 endorsement-direction verified: LIST/NARRATIVE,0.9
GA,Atlanta Constitution,109051,1976,JUDGE,DeKalb State Court,,GA,"HUNTER, JOHN CALVIN",,1,,,, | Phase 2 endorsement-direction verified: LIST/NARRATIVE,0.9
GA,Atlanta Constitution,109051,1976,JUDGE,DeKalb State Court,,GA,"HOLLAND, NANCY S",,0,,,, | Phase 9 e=0 FLAG: name in OCR but no opp context | Phase 10 ADJUDICATION CONFIRMED by independent subagent OCR/vision re-read,0.9
GA,Atlanta Constitution,109051,1976,JUDGE,DeKalb State Court,,GA,"CARLISLE, RALPH",,0,,,, | Phase 9 e=0 FLAG: name in OCR but no opp context | Phase 10 ADJUDICATION CONFIRMED by independent subagent OCR/vision re-read,0.9
GA,Atlanta Constitution,109051,1976,JUDGE,DeKalb Superior Court,,GA,"HENLEY, CLYDE",,1,,,, | Phase 2 endorsement-direction verified: LIST/NARRATIVE,0.9
GA,Atlanta Constitution,109051,1976,JUDGE,DeKalb Superior Court,,GA,"HENDON, E T (JACK)",,1,,,, | Phase 2 endorsement-direction verified: LIST/NARRATIVE,0.9
GA,Atlanta Constitution,109051,1976,JUDGE,DeKalb Superior Court,,GA,"BLANDFORD, JOHN L (JACK)",,0,,,, | Phase 9 e=0 FLAG: name not in OCR (Pattern A inference only) | Phase 10 ADJUDICATION CONFIRMED by independent subagent OCR/vision re-read,0.93
GA,Atlanta Constitution,109051,1976,JUDGE,DeKalb Superior Court,,GA,"FEDERAL, KEEGAN",,1,,,, | Phase 2 endorsement-direction verified: LIST/NARRATIVE,0.9
GA,Atlanta Constitution,109051,1976,JUDGE,DeKalb Superior Court,,GA,"NORVELL, RAY",,0,,,, | Phase 9 e=0 FLAG: name in OCR but no opp context | Phase 10 ADJUDICATION CONFIRMED by independent subagent OCR/vision re-read,0.9
GA,Atlanta Constitution,109051,1976,JUDGE,DeKalb Superior Court,,GA,"BROOME, ROBERT K",,1,,,, | Phase 2 endorsement-direction verified: LIST/NARRATIVE,0.9
GA,Atlanta Constitution,109051,1976,JUDGE,DeKalb Superior Court,,GA,"ALLEN, TOM",,0,,,, | Phase 9 e=0 FLAG: name in OCR but no opp context | Phase 10 ADJUDICATION CONFIRMED by independent subagent OCR/vision re-read,0.9
GA,Atlanta Constitution,109051,1976,PRESIDENT,,,GA,"CARTER, JIMMY",Democrat,1,,,, | Phase 2 endorsement-direction verified: LIST/NARRATIVE,0.9
GA,Atlanta Constitution,109051,1976,SHERIFF,Cobb,,GA,"HUTSON, BILL",,1,,,, | Phase 2 endorsement-direction verified: LIST/NARRATIVE,0.9
GA,Atlanta Constitution,109051,1976,SHERIFF,DeKalb,,GA,"JARVIS, PAT",,1,,,, | Phase 2 endorsement-direction verified: LIST/NARRATIVE,0.9
GA,Atlanta Constitution,109051,1976,STATE REP,24,,GA,"TOWNSEND, KIL",Republican,1,,,,[QA 2026-05-30: backfill — original extraction left endorsed empty; per 1968-11-04 OCR these were explicit Constitution endorsements; same pattern assumed for 1964-1976 endorsement editorials]. | Phase 2 endorsement-direction verified: LIST/NARRATIVE,0.9
GA,Atlanta Constitution,109051,1976,STATE REP,27,,GA,"NICHOLS, MIKE",Democrat,1,,,,[QA 2026-05-30: backfill — original extraction left endorsed empty; per 1968-11-04 OCR these were explicit Constitution endorsements; same pattern assumed for 1964-1976 endorsement editorials]. | Phase 2 endorsement-direction verified: LIST/NARRATIVE,0.9
GA,Atlanta Constitution,109051,1976,STATE REP,34,,GA,"BROWN, BEN",Democrat,1,,,,[QA 2026-05-30: backfill — original extraction left endorsed empty; per 1968-11-04 OCR these were explicit Constitution endorsements; same pattern assumed for 1964-1976 endorsement editorials]. | Phase 2 endorsement-direction verified: LIST/NARRATIVE,0.9
GA,Atlanta Constitution,109051,1976,STATE REP,41,,GA,"PILEWICZ, GREG",Democrat,1,,,,[QA 2026-05-30: backfill — original extraction left endorsed empty; per 1968-11-04 OCR these were explicit Constitution endorsements; same pattern assumed for 1964-1976 endorsement editorials]. | Phase 2 endorsement-direction verified: LIST/NARRATIVE,0.9
GA,Atlanta Constitution,109051,1976,STATE REP,43 Post 3,,GA,"GREER, JOHN",Democrat,1,,,,[QA 2026-05-30: backfill — original extraction left endorsed empty; per 1968-11-04 OCR these were explicit Constitution endorsements; same pattern assumed for 1964-1976 endorsement editorials]. | Phase 2 endorsement-direction verified: LIST/NARRATIVE,0.9
GA,Atlanta Constitution,109051,1976,STATE SENATOR,56,,GA,"MABRY, HERB",Democrat,1,1,,,[QA 2026-05-30: backfill — original extraction left endorsed empty; per 1968-11-04 OCR these were explicit Constitution endorsements; same pattern assumed for 1964-1976 endorsement editorials]. | Phase 2 endorsement-direction verified: LIST/NARRATIVE | Phase 6 INC FIX: prior cycle 1974,0.9
GA,Atlanta Constitution,109051,1976,STATE REP,20 Post 1,,GA,"ISAKSON, JOHNNY",,1,,,, | Phase 2 endorsement-direction verified: LIST/NARRATIVE,0.9
GA,Atlanta Constitution,109051,1976,STATE REP,20 Post 2,,GA,"HARRISON, CARL",,1,,,, | Phase 2 endorsement-direction verified: LIST/NARRATIVE,0.9
GA,Atlanta Constitution,109051,1976,STATE REP,20 Post 3,,GA,"CAHILL, JEANNE",,1,,,, | Phase 2 endorsement-direction verified: LIST/NARRATIVE,0.9
GA,Atlanta Constitution,109051,1976,STATE REP,40,,GA,"LANE, DICK",,1,,,,[QA 2026-05-30 OCR fix dist 4→40 per 1976-11-02] | Phase 2 endorsement-direction verified: LIST/NARRATIVE,0.9
GA,Atlanta Constitution,109051,1976,STATE REP,46,,GA,"STEINBERG, CATHEY W",,1,,,,[QA 2026-05-30 OCR fix CATHEY N→W] | Phase 2 endorsement-direction verified: LIST/NARRATIVE,0.9
GA,Atlanta Constitution,109051,1976,STATE REP,46,,GA,"PETRO, GEORGE",,0,,,, | Phase 9 e=0 FLAG: name not in OCR (Pattern A inference only) | Phase 10 ADJUDICATION CONFIRMED by independent subagent OCR/vision re-read,0.93
GA,Atlanta Constitution,109051,1976,STATE REP,48,,GA,"NOBLE, BILL",,0,,,, | Phase 9 e=0 FLAG: name in OCR but no opp context | Phase 10 ADJUDICATION CONFIRMED by independent subagent OCR/vision re-read,0.9
GA,Atlanta Constitution,109051,1976,STATE REP,48,,GA,"HANDEL, MARILYN WHITESIDE",,1,,,, | Phase 2 FLAG: name not in OCR | Phase 10 ADJUDICATION CONFIRMED by independent subagent OCR/vision re-read,0.93
GA,Atlanta Constitution,109051,1976,STATE REP,51,,GA,"CHILDS, MOBLEY (PEGGY)",,1,,,,[QA 2026-05-30 name fix MOSLEY→MOBLEY (matches 1978 record)] | Phase 2 FLAG: name not in OCR | Phase 10 ADJUDICATION CONFIRMED by independent subagent OCR/vision re-read,0.93
GA,Atlanta Constitution,109051,1976,STATE REP,54,,GA,"RICHARDSON, ELLIANNE L",,1,,,, | Phase 2 endorsement-direction verified: LIST/NARRATIVE,0.9
GA,Atlanta Constitution,109051,1976,STATE REP,56,,GA,"ROBINSON, CAS",,1,,,, | Phase 2 endorsement-direction verified: LIST/NARRATIVE,0.9
GA,Atlanta Constitution,109051,1976,STATE REP,56,,GA,"ENGELKEN, GEORGE",,0,,,, | Phase 9 e=0 FLAG: name not in OCR (Pattern A inference only) | Phase 10 ADJUDICATION CONFIRMED by independent subagent OCR/vision re-read,0.93
GA,Atlanta Constitution,109051,1976,STATE REP,56,,GA,"HAWKINS, JOHN",,1,,,1, | Phase 2 endorsement-direction verified: LIST/NARRATIVE | Phase 6 INC FIX: prior cycle 1974,0.9
GA,Atlanta Constitution,109051,1976,STATE REP,56,,GA,"LENDERMAN, MIKE",,1,,,, | Phase 2 FLAG: name not in OCR | Phase 10 NEEDS_RA: subagent — no source support in OCR/clippings for this name,0.6
GA,Atlanta Constitution,109051,1976,STATE REP,56,,GA,"BEAM, STANLEY M",,0,,,, | Phase 9 e=0 FLAG: name not in OCR (Pattern A inference only) | Phase 10 ADJUDICATION CONFIRMED by independent subagent OCR/vision re-read,0.93
GA,Atlanta Constitution,109051,1976,STATE REP,57,,GA,"VAUGHN, CLARENCE R JR",,1,,,, | Phase 2 endorsement-direction verified: LIST/NARRATIVE,0.9
GA,Atlanta Constitution,109051,1976,STATE REP,57,,GA,"POYNTER, KEN",,0,,,," | Phase 9 e=0 FLAG: name not in OCR (Pattern A inference only) | Phase 10 NAME FIX: V1 ""FEYSSUR, KEN"" -> ""POYNTER, KEN"" (subagent OCR/vision: ""Vaughn over Ken Poynter, Dist 57"")",0.9
GA,Atlanta Constitution,109051,1976,STATE REP,58,,GA,"CLARK, BETTY J",,1,,,, | Phase 2 endorsement-direction verified: LIST/NARRATIVE,0.9
GA,Atlanta Constitution,109051,1976,STATE REP,58,,GA,"JERUBABU, GLENN R",,0,,,, | Phase 9 e=0 FLAG: name not in OCR (Pattern A inference only) | Phase 10 ADJUDICATION CONFIRMED by independent subagent OCR/vision re-read,0.93
GA,Atlanta Constitution,109051,1976,STATE SENATOR,41,,GA,"SMITH, CHARLES L",,0,,,, | Phase 9 e=0 FLAG: name in OCR but no opp context | Phase 10 ADJUDICATION CONFIRMED by independent subagent OCR/vision re-read,0.9
GA,Atlanta Constitution,109051,1976,STATE SENATOR,41,,GA,"TYSINGER, JAMES W (JIM)",,1,,,, | Phase 2 endorsement-direction verified: LIST/NARRATIVE,0.9
GA,Atlanta Constitution,109051,1976,STATE SENATOR,42,,GA,"HOWARD, PIERRE JR",,1,,,, | Phase 2 endorsement-direction verified: LIST/NARRATIVE,0.9
GA,Atlanta Constitution,109051,1976,STATE SENATOR,43,,GA,"MILLER, FRANK G",,0,,,, | Phase 9 e=0 FLAG: name in OCR but no opp context | Phase 10 ADJUDICATION CONFIRMED by independent subagent OCR/vision re-read,0.9
GA,Atlanta Constitution,109051,1976,STATE SENATOR,43,,GA,"SCOTT, TOM",,1,,,, | Phase 2 endorsement-direction verified: LIST/NARRATIVE,0.9
GA,Atlanta Constitution,109051,1976,STATE SENATOR,5,,GA,"FOLSOM, JOHN W",,0,,,, | Phase 9 e=0 FLAG: name in OCR but no opp context | Phase 10 ADJUDICATION CONFIRMED by independent subagent OCR/vision re-read,0.9
GA,Atlanta Constitution,109051,1976,STATE SENATOR,5,,GA,"BELL, ROBERT H (BOB)",,1,,,, | Phase 2 endorsement-direction verified: LIST/NARRATIVE,0.9
GA,Atlanta Constitution,109051,1978,CNTY COMM,DeKalb Chairman,,GA,"GUHL, BOB",,0,,,, | Phase 9 e=0 FLAG: name in OCR but no opp context | Phase 10 ADJUDICATION CONFIRMED by independent subagent OCR/vision re-read,0.9
GA,Atlanta Constitution,109051,1978,CNTY COMM,DeKalb Chairman,,GA,"MOON, GARRY",,1,,,, | Phase 2 endorsement-direction verified: LIST/NARRATIVE,0.9
GA,Atlanta Constitution,109051,1978,CNTY COMM,Fulton 4,,GA,"LOWE, TOM",,1,,,, | Phase 2 endorsement-direction verified: LIST/NARRATIVE,0.9
GA,Atlanta Constitution,109051,1978,CNTY COMM,Fulton At-Large 2,,GA,"LOMAX, MICHAEL",,1,,,, | Phase 2 endorsement-direction verified: LIST/NARRATIVE,0.9
GA,Atlanta Constitution,109051,1978,GOVERNOR,,,GA,"BUSBEE, GEORGE",,1,,,1, | Phase 2 endorsement-direction verified: LIST/NARRATIVE | Phase 6 INC FIX: prior cycle 1974,0.9
GA,Atlanta Constitution,109051,1978,H,7,,GA,"MCDONALD, LARRY",Democrat,0,,,, | Phase 9 e=0 OCR-verified: opp language present,0.9
GA,Atlanta Constitution,109051,1978,JUDGE,DeKalb State Court,,GA,"SMITH, JACK BRYAN",,1,,,, | Phase 2 endorsement-direction verified: LIST/NARRATIVE,0.9
GA,Atlanta Constitution,109051,1978,LT GOVERNOR,,,GA,"MILLER, ZELL",,1,,,1, | Phase 2 endorsement-direction verified: LIST/NARRATIVE | Phase 6 INC FIX: prior cycle 1974,0.9
GA,Atlanta Constitution,109051,1978,STATE REP,22,,GA,"FELTON, DOROTHY",,1,,,, | Phase 2 endorsement-direction verified: LIST/NARRATIVE,0.9
GA,Atlanta Constitution,109051,1978,STATE REP,23,,GA,"CRAWFORD, HAL S",,1,,,, | Phase 2 endorsement-direction verified: LIST/NARRATIVE,0.9
GA,Atlanta Constitution,109051,1978,STATE REP,24,,GA,"TOWNSEND, KIL",,1,,,1, | Phase 2 endorsement-direction verified: LIST/NARRATIVE | Phase 6 INC FIX: prior cycle 1976,0.9
GA,Atlanta Constitution,109051,1978,STATE REP,25,,GA,"SAVAGE, JOHN",,1,,,, | Phase 2 endorsement-direction verified: LIST/NARRATIVE,0.9
GA,Atlanta Constitution,109051,1978,STATE REP,31,,GA,"HAMILTON, GRACE",,1,,,, | Phase 2 endorsement-direction verified: LIST/NARRATIVE,0.9
GA,Atlanta Constitution,109051,1978,STATE REP,34,,GA,"WATKINS, LOTTIE H",,1,,,, | Phase 2 endorsement-direction verified: LIST/NARRATIVE,0.9
GA,Atlanta Constitution,109051,1978,STATE REP,41,,GA,"PILEWICZ, GREG",,1,,,1, | Phase 2 FLAG: name not in OCR | Phase 6 INC FIX: prior cycle 1976 | Phase 10 ADJUDICATION CONFIRMED by independent subagent OCR/vision re-read,0.93
GA,Atlanta Constitution,109051,1978,STATE REP,46,,GA,"STEINBERG, CATHEY W",,1,,,1, | Phase 2 endorsement-direction verified: LIST/NARRATIVE | Phase 6 INC FIX: prior cycle 1976,0.9
GA,Atlanta Constitution,109051,1978,STATE REP,51,,GA,"CHILDS, MOBLEY (PEGGY)",,1,,,1, | Phase 2 endorsement-direction verified: LIST/NARRATIVE | Phase 6 INC FIX: prior cycle 1976,0.9
GA,Atlanta Constitution,109051,1978,STATE REP,56,,GA,"MANGUM, WILLIAM C (BILL) JR",,1,,,, | Phase 2 endorsement-direction verified: LIST/NARRATIVE,0.9
GA,Atlanta Constitution,109051,1978,STATE REP,58,,GA,"ROBINSON, CAS",,1,,,1, | Phase 2 endorsement-direction verified: LIST/NARRATIVE | Phase 6 INC FIX: prior cycle 1976,0.9
GA,Atlanta Constitution,109051,1978,STATE SENATOR,40,,GA,"MCKENZIE, KAY",,0,,,, | Phase 9 e=0 FLAG: name in OCR but no opp context | Phase 10 ADJUDICATION CONFIRMED by independent subagent OCR/vision re-read,0.9
GA,Atlanta Constitution,109051,1978,STATE SENATOR,40,,GA,"COVERDELL, PAUL",,1,,,, | Phase 2 endorsement-direction verified: LIST/NARRATIVE,0.9
GA,Atlanta Constitution,109051,1978,H,4,,GA,"LEVITAS, ELLIOTT",,1,,,1, | Phase 2 endorsement-direction verified: LIST/NARRATIVE | Phase 6 INC FIX: prior cycle 1976,0.9
GA,Atlanta Constitution,109051,1978,H,5,,GA,"FOWLER, WYCHE",,1,,,, | Phase 2 endorsement-direction verified: LIST/NARRATIVE,0.9
GA,Atlanta Constitution,109051,1978,H,6,,GA,"GINGRICH, NEWT",,0,,,, | Phase 9 e=0 FLAG: name in OCR but no opp context | Phase 10 ADJUDICATION CONFIRMED by independent subagent OCR/vision re-read,0.9
GA,Atlanta Constitution,109051,1978,H,6,,GA,"SHAPARD, VIRGINIA",,1,,,, | Phase 2 endorsement-direction verified: LIST/NARRATIVE,0.9
GA,Atlanta Constitution,109051,1978,H,7,,GA,"NORSWORTHY, ERNIE",,1,,,, | Phase 2 endorsement-direction verified: LIST/NARRATIVE,0.9
GA,Atlanta Constitution,109051,1978,SENATOR,,,GA,"NUNN, SAM",,1,,,, | Phase 2 endorsement-direction verified: LIST/NARRATIVE,0.9
GA,Atlanta Constitution,109051,1980,CNTY CLERK,DeKalb Superior Court,,GA,"SMITH, WHIT",,1,,,, | Phase 2 endorsement-direction verified: LIST/NARRATIVE,0.9
GA,Atlanta Constitution,109051,1980,CNTY CLERK,Fulton Superior Court,,GA,"MCCLURE, W WILSON",,1,,,, | Phase 2 endorsement-direction verified: LIST/NARRATIVE,0.9
GA,Atlanta Constitution,109051,1980,CNTY COMM,Cobb Eastern,,GA,"LANKFORD, GEORGE",,1,,,1, | Phase 2 endorsement-direction verified: LIST/NARRATIVE | Phase 6 INC FIX: prior cycle 1976,0.9
GA,Atlanta Constitution,109051,1980,CNTY COMM,Cobb Western,,GA,"PASCHAL, HARVEY",,1,,,, | Phase 2 endorsement-direction verified: LIST/NARRATIVE,0.9
GA,Atlanta Constitution,109051,1980,CNTY COMM,DeKalb,,GA,"MANNING, BRINCE III",,1,,,, | Phase 2 endorsement-direction verified: LIST/NARRATIVE,0.9
GA,Atlanta Constitution,109051,1980,CNTY COMM,DeKalb,,GA,"ADAMS, EUGENE (GENE)",,1,,,, | Phase 2 endorsement-direction verified: LIST/NARRATIVE,0.9
GA,Atlanta Constitution,109051,1980,CNTY COMM,DeKalb,,GA,"PATTERSON, JIM",,1,,,1, | Phase 2 endorsement-direction verified: LIST/NARRATIVE | Phase 6 INC FIX: prior cycle 1976,0.9
GA,Atlanta Constitution,109051,1980,CNTY COMM,DeKalb Chairman,,GA,"MALOOF, MANUEL J",,1,,,, | Phase 2 endorsement-direction verified: LIST/NARRATIVE,0.9
GA,Atlanta Constitution,109051,1980,DA/PROSECUTOR,Cobb,,GA,"HUFF, SAM",,1,,,, | Phase 2 endorsement-direction verified: LIST/NARRATIVE,0.9
GA,Atlanta Constitution,109051,1980,JUDGE,Cobb Superior Court,,GA,"HAMES, LUTHER C JR",,1,,,, | Phase 2 endorsement-direction verified: LIST/NARRATIVE,0.9
GA,Atlanta Constitution,109051,1980,JUDGE,DeKalb Superior Court,,GA,HENLEY,,0,,,, | Phase 9 e=0 OCR-verified: opp language present,0.9
GA,Atlanta Constitution,109051,1980,JUDGE,DeKalb Superior Court,,GA,"FEDERAL, KEEGAN",,1,,,1, | Phase 2 endorsement-direction verified: LIST/NARRATIVE | Phase 6 INC FIX: prior cycle 1976,0.9
GA,Atlanta Constitution,109051,1980,JUDGE,DeKalb Superior Court,,GA,"CUNNINGHAM, RAY",,1,,,, | Phase 2 endorsement-direction verified: LIST/NARRATIVE,0.9
GA,Atlanta Constitution,109051,1980,JUDGE,Fulton State Court,,GA,"JOHNSON, ED",,1,,,, | Phase 2 endorsement-direction verified: LIST/NARRATIVE,0.9
GA,Atlanta Constitution,109051,1980,PRESIDENT,,,GA,"CARTER, JIMMY",Democrat,1,1,,, | Phase 2 endorsement-direction verified: LIST/NARRATIVE | Phase 6 INC FIX: prior cycle 1976,0.9
GA,Atlanta Constitution,109051,1980,SCHOOL BOARD,DeKalb 1,,GA,"POWELL, CLABRON ANN",,1,,,, | Phase 2 endorsement-direction verified: LIST/NARRATIVE,0.9
GA,Atlanta Constitution,109051,1980,SCHOOL BOARD,DeKalb 3,,GA,"WOMACK, H PAUL JR",,1,,,, | Phase 2 endorsement-direction verified: LIST/NARRATIVE,0.9
GA,Atlanta Constitution,109051,1980,SCHOOL BOARD,DeKalb 5,,GA,"HAIRSTON, JOYCE",,1,,,, | Phase 2 endorsement-direction verified: LIST/NARRATIVE,0.9
GA,Atlanta Constitution,109051,1980,SUPERINTENDENT,Fulton,,GA,"GRINDLE, JOHN",,1,,,, | Phase 2 FLAG: no context | Phase 10 ADJUDICATION CONFIRMED by independent subagent OCR/vision re-read,0.93
GA,Atlanta Constitution,109051,1980,SHERIFF,Cobb,,GA,"HUTSON, BILL",,1,,,1, | Phase 2 endorsement-direction verified: LIST/NARRATIVE | Phase 6 INC FIX: prior cycle 1976,0.9
GA,Atlanta Constitution,109051,1980,SHERIFF,DeKalb,,GA,"JARVIS, PAT",,1,,,1, | Phase 2 endorsement-direction verified: LIST/NARRATIVE | Phase 6 INC FIX: prior cycle 1976,0.9
GA,Atlanta Constitution,109051,1980,STATE REP,19 Post 3,,GA,"DARDEN, GEORGE W (BUDDY)",,1,,,, | Phase 2 endorsement-direction verified: LIST/NARRATIVE,0.9
GA,Atlanta Constitution,109051,1980,STATE REP,21 Post 1,,GA,"AIKEN, V FRED",,1,,,, | Phase 2 endorsement-direction verified: LIST/NARRATIVE,0.9
GA,Atlanta Constitution,109051,1980,STATE REP,25,,GA,"SAVAGE, JOHN",,1,,,1, | Phase 2 endorsement-direction verified: LIST/NARRATIVE | Phase 6 INC FIX: prior cycle 1978,0.9
GA,Atlanta Constitution,109051,1980,STATE REP,27,,GA,"FULLER, CYNTHIA",,1,,,, | Phase 2 endorsement-direction verified: LIST/NARRATIVE,0.9
GA,Atlanta Constitution,109051,1980,STATE REP,38,,GA,"BENN, LORENZO",,1,,,, | Phase 2 endorsement-direction verified: LIST/NARRATIVE,0.9
GA,Atlanta Constitution,109051,1980,STATE REP,40,,GA,"LANE, DICK",,1,,,1, | Phase 2 endorsement-direction verified: LIST/NARRATIVE | Phase 6 INC FIX: prior cycle 1976,0.9
GA,Atlanta Constitution,109051,1980,STATE REP,43 Post 1,,GA,"COUCH, BARBARA",,1,,,, | Phase 2 endorsement-direction verified: LIST/NARRATIVE,0.9
GA,Atlanta Constitution,109051,1980,STATE REP,43 Post 1,,GA,"SHAW, ROBERT J",,0,,,, | Phase 9 e=0 FLAG: name in OCR but no opp context | Phase 10 ADJUDICATION CONFIRMED by independent subagent OCR/vision re-read,0.9
GA,Atlanta Constitution,109051,1980,STATE REP,43 Post 2,,GA,"LOWE, BETTYE",,1,,,, | Phase 2 endorsement-direction verified: LIST/NARRATIVE,0.9
GA,Atlanta Constitution,109051,1980,STATE REP,43 Post 3,,GA,"GREER, JOHN W",,1,,,, | Phase 2 endorsement-direction verified: LIST/NARRATIVE,0.9
GA,Atlanta Constitution,109051,1980,STATE REP,45,,GA,"WILLIAMSON, GEORGE",,1,,,, | Phase 2 endorsement-direction verified: LIST/NARRATIVE,0.9
GA,Atlanta Constitution,109051,1980,STATE REP,46,,GA,"STEINBERG, CATHEY",,1,,,, | Phase 2 endorsement-direction verified: LIST/NARRATIVE,0.9
GA,Atlanta Constitution,109051,1980,STATE REP,48,,GA,"JOHNSON, SID",,1,,,, | Phase 2 endorsement-direction verified: LIST/NARRATIVE,0.9
GA,Atlanta Constitution,109051,1980,STATE REP,52,,GA,"RICHARDSON, ELEANOR",,1,,,, | Phase 2 endorsement-direction verified: LIST/NARRATIVE,0.9
GA,Atlanta Constitution,109051,1980,STATE REP,56 Post 2,,GA,"AARON, BETTY",,1,,,, | Phase 2 endorsement-direction verified: LIST/NARRATIVE,0.9
GA,Atlanta Constitution,109051,1980,STATE REP,58,,GA,"ROBINSON, CAS",,1,,,1, | Phase 2 endorsement-direction verified: LIST/NARRATIVE | Phase 6 INC FIX: prior cycle 1976,0.9
GA,Atlanta Constitution,109051,1980,STATE SENATOR,34,,GA,"ENGRAM, BEV",,1,,,, | Phase 2 endorsement-direction verified: LIST/NARRATIVE,0.9
GA,Atlanta Constitution,109051,1980,STATE SENATOR,41,,GA,"TYSINGER, JAMES",,1,,,, | Phase 2 endorsement-direction verified: LIST/NARRATIVE,0.9
GA,Atlanta Constitution,109051,1980,STATE SENATOR,55,,GA,"STUMBAUGH, LAWRENCE (BUD)",,1,,,, | Phase 2 endorsement-direction verified: LIST/NARRATIVE,0.9
GA,Atlanta Constitution,109051,1980,STATE SENATOR,56,,GA,"BRANTLEY, HASKEW",,0,,,, | Phase 9 e=0 FLAG: name in OCR but no opp context | Phase 10 ADJUDICATION CONFIRMED by independent subagent OCR/vision re-read,0.9
GA,Atlanta Constitution,109051,1980,STATE SENATOR,56,,GA,"ERVIN, PAUL REVERE",,1,,,, | Phase 2 endorsement-direction verified: LIST/NARRATIVE,0.9
GA,Atlanta Constitution,109051,1980,H,4,,GA,"LEVITAS, ELLIOTT",Democrat,1,1,,, | Phase 2 endorsement-direction verified: LIST/NARRATIVE | Phase 6 INC FIX: prior cycle 1976,0.9
GA,Atlanta Constitution,109051,1980,H,5,,GA,"FOWLER, WYCHE",Democrat,1,1,,, | Phase 2 endorsement-direction verified: LIST/NARRATIVE | Phase 6 INC FIX: prior cycle 1978,0.9
GA,Atlanta Constitution,109051,1980,H,6,,GA,"DAVIS, DOCK",Democrat,1,,,, | Phase 2 endorsement-direction verified: LIST/NARRATIVE,0.9
GA,Atlanta Constitution,109051,1980,H,6,,GA,"GINGRICH, NEWT",Republican,0,,,, | Phase 9 e=0 FLAG: name in OCR but no opp context | Phase 10 ADJUDICATION CONFIRMED by independent subagent OCR/vision re-read,0.9
GA,Atlanta Constitution,109051,1980,H,7,,GA,"MCDONALD, LARRY",Democrat,0,,,, | Phase 9 e=0 FLAG: name in OCR but no opp context | Phase 10 ADJUDICATION CONFIRMED by independent subagent OCR/vision re-read,0.9
GA,Atlanta Constitution,109051,1980,H,7,,GA,"CASTELLUCIS, RICHARD",Republican,1,,,, | Phase 2 endorsement-direction verified: LIST/NARRATIVE,0.9
GA,Atlanta Constitution,109051,1980,SENATOR,,,GA,"TALMADGE, HERMAN",Democrat,0,,,, | Phase 9 e=0 FLAG: name in OCR but no opp context | Phase 10 ADJUDICATION CONFIRMED by independent subagent OCR/vision re-read,0.9
GA,Atlanta Constitution,109051,1980,SENATOR,,,GA,"MATTINGLY, MACK",Republican,1,,,, | Phase 2 endorsement-direction verified: LIST/NARRATIVE,0.9
GA,Atlanta Constitution,109051,1982,CNTY COMM,,COBB,GA,"WILLIAMS, BARBARA G.",,1,,,,"COBB COUNTY COMMISSION, EASTERN DISTRICT. | Phase 2 endorsement-direction verified: LIST/NARRATIVE",0.75
GA,Atlanta Constitution,109051,1982,CNTY COMM,1,FULTON,GA,"FARRIS, MILTON G.",,1,,,,FULTON COUNTY COMMISSION DISTRICT 1 | Phase 2 endorsement-direction verified: LIST/NARRATIVE,0.95
GA,Atlanta Constitution,109051,1982,CNTY COMM,2,DEKALB,GA,"LEVETAN, LIANE",,1,,,,DEKALB COUNTY COMMISSION DISTRICT 2 | Phase 2 endorsement-direction verified: LIST/NARRATIVE,0.95
GA,Atlanta Constitution,109051,1982,CNTY COMM,2,FULTON,GA,"LOMAX, MICHAEL L.",,1,,,,FULTON COUNTY COMMISSION DISTRICT 2 | Phase 2 endorsement-direction verified: LIST/NARRATIVE,0.95
GA,Atlanta Constitution,109051,1982,CNTY COMM,3,DEKALB,GA,"EVANS, JOHN",,1,,,,DEKALB COUNTY COMMISSION DISTRICT 3 | Phase 2 FLAG: name not in OCR | Phase 10 ADJUDICATION CONFIRMED by independent subagent OCR/vision re-read,0.93
GA,Atlanta Constitution,109051,1982,CNTY COMM,AT-LARGE,DEKALB,GA,"LANIER, ROBERT E.",,1,,,,DEKALB COUNTY COMMISSION AT-LARGE | Phase 2 endorsement-direction verified: LIST/NARRATIVE,0.95
GA,Atlanta Constitution,109051,1982,DA/PROSECUTOR,,DEKALB,GA,"BOWDEN, RALPH",,1,,,,"SOLICITOR GENERAL, STATE COURT | Phase 2 endorsement-direction verified: LIST/NARRATIVE",0.95
GA,Atlanta Constitution,109051,1982,DA/PROSECUTOR,,FULTON,GA,"WEBB, JAMES L.",,1,,,,"SOLICITOR, STATE COURT | Phase 2 endorsement-direction verified: LIST/NARRATIVE",0.95
GA,Atlanta Constitution,109051,1982,GOVERNOR,,,GA,"HARRIS, JOE FRANK",Democrat,1,,,,OVER REPUBLICAN BOB BELL. RECAP ENDORSEMENT FOR GOVERNOR. | Phase 2 endorsement-direction verified: LIST/NARRATIVE,1.00
GA,Atlanta Constitution,109051,1982,H,7,,GA,"SELLERS, DAVE",Republican,1,,,,[QA 2026-05-30 Pattern Q fix: cross-year confusion — DARDEN entered Congress via 1983 special election; 1982 endorsement was SELLERS (R) over MCDONALD (D-Birch) per 1982-11-01 OCR] | Phase 2 endorsement-direction verified: LIST/NARRATIVE,0.90
GA,Atlanta Constitution,109051,1982,JUDGE,,DEKALB,GA,"COURSEY, DAN",,1,,,,SUPERIOR COURT JUDGE | Phase 2 endorsement-direction verified: LIST/NARRATIVE,0.95
GA,Atlanta Constitution,109051,1982,JUDGE,Cobb State Court Post 2,COBB,GA,"STODDARD, MICHAEL",,1,,,,"STATE COURT JUDGE, COBB POST 1. | Phase 2 FLAG: name not in OCR | Phase 10 DIST FIX: Cobb State Court Post 1->Cobb State Court Post 2 (subagent: ""post 2 Michael Stoddard"")",0.9
GA,Atlanta Constitution,109051,1982,JUDGE,Cobb State Court Post 2,COBB,GA,"NIX, KEN",,1,,,,"STATE COURT JUDGE, COBB POST 2. | Phase 2 endorsement-direction verified: LIST/NARRATIVE",0.85
GA,Atlanta Constitution,109051,1982,JUDGE,Cobb State Court Post 5,COBB,GA,"MCDUFF, ROBERT E. ""BOB""",,1,,,,"STATE COURT JUDGE, COBB POST 3. | Phase 2 FLAG: name not in OCR | Phase 10 NAME FIX: V1 ""MCKEEVER, ROBERT H. ""BOB"""" -> ""MCDUFF, ROBERT E. ""BOB"""" (subagent OCR/vision: ""post 5, Robert E. Bob McDuff"") | Phase 10 DIST FIX: Cobb State Court Post 3->Cobb State Court Post 5",0.9
GA,Atlanta Constitution,109051,1982,LT GOVERNOR,,,GA,"MILLER, ZELL",Democrat,1,1,,,RECAP ENDORSEMENT FOR LIEUTENANT GOVERNOR. | Phase 2 endorsement-direction verified: LIST/NARRATIVE,1.00
GA,Atlanta Constitution,109051,1982,SEC OF STATE,,,GA,"CLELAND, MAX",Democrat,1,,,,RECAP ENDORSEMENT FOR SECRETARY OF STATE. | Phase 2 endorsement-direction verified: LIST/NARRATIVE,1.00
GA,Atlanta Constitution,109051,1982,SEC OF STATE,,,GA,"BELLUSO, NICK-REAGAN",,0,,,, | Phase 9 e=0 OCR-verified: opp language present,0.9
GA,Atlanta Constitution,109051,1982,STATE REP,21 POST 1,,GA,"AIKEN, V. FRED",,1,,,,"COBB COUNTY ENDORSEMENT, 21ST STATE REP DISTRICT POST 1. | Phase 2 endorsement-direction verified: LIST/NARRATIVE",0.80
GA,Atlanta Constitution,109051,1982,STATE REP,21 POST 3,,GA,"ATKINS, BILL",,1,,,,"COBB COUNTY ENDORSEMENT, 21ST STATE REP DISTRICT. | Phase 2 FLAG: name not in OCR | Phase 10 NAME FIX: V1 ""ATHENS, BILL"" -> ""ATKINS, BILL"" (subagent OCR/vision: ""21st Dist Post 3 Bill Atkins"")",0.9
GA,Atlanta Constitution,109051,1982,STATE REP,21 POST 4,,GA,"JOHNSON, FRANK",,1,,,,"COBB COUNTY ENDORSEMENT, 21ST STATE REP DISTRICT POST 4. | Phase 2 FLAG: name not in OCR | Phase 10 NAME FIX: V1 ""ATHENS, FRANK JOHNSON"" -> ""JOHNSON, FRANK"" (subagent OCR/vision: ""21st Dist Post 4 Frank Johnson"")",0.9
GA,Atlanta Constitution,109051,1982,STATE REP,21 POST 5,,GA,"MCCLURE, JOHN C.",,1,,,,"COBB COUNTY ENDORSEMENT, 21ST STATE REP DISTRICT POST 5. | Phase 2 endorsement-direction verified: LIST/NARRATIVE",0.70
GA,Atlanta Constitution,109051,1982,STATE REP,25,,GA,"BENNETT, ROB",,1,,,,FULTON COUNTY ENDORSEMENT | Phase 2 endorsement-direction verified: LIST/NARRATIVE,0.95
GA,Atlanta Constitution,109051,1982,STATE REP,32,,GA,"SELMAN, HELEN",,1,,,,FULTON COUNTY ENDORSEMENT | Phase 2 endorsement-direction verified: LIST/NARRATIVE,0.95
GA,Atlanta Constitution,109051,1982,STATE REP,39,,GA,"GREER, JOHN",Democrat,1,1,,,VENERABLE INSTITUTION; LED LEGISLATIVE CHARGE AGAINST KKK; AUTHORED SECRET BALLOT LAW. FACES REPUBLICAN BETTYE LOWE. | Phase 2 endorsement-direction verified: LIST/NARRATIVE,1.00
GA,Atlanta Constitution,109051,1982,STATE REP,45,,GA,"WILLIAMSON, GEORGE",Democrat,1,1,,,"SEEKING TO REGAIN 45TH DISTRICT HOUSE SEAT LOST IN 1980 TO REPUBLICAN MAX DAVIS. SERVED WITH DISTINCTION FIRST AS REPUBLICAN, THEN DEMOCRAT FOR SIX YEARS. | Phase 2 endorsement-direction verified: LIST/NARRATIVE | Phase 6 INC FIX: prior cycle 1980",1.00
GA,Atlanta Constitution,109051,1982,STATE REP,46,,GA,"STEINBERG, CATHEY",,1,,,1,DEKALB COUNTY ENDORSEMENT | Phase 2 endorsement-direction verified: LIST/NARRATIVE | Phase 6 INC FIX: prior cycle 1980,0.95
GA,Atlanta Constitution,109051,1982,STATE REP,47,,GA,"MORTON, CHESLEY V.",,1,,,,DEKALB COUNTY ENDORSEMENT | Phase 2 endorsement-direction verified: LIST/NARRATIVE,0.95
GA,Atlanta Constitution,109051,1982,STATE REP,49,,GA,"SARTAIN, JACK B.",,1,,,,DEKALB COUNTY ENDORSEMENT | Phase 2 endorsement-direction verified: LIST/NARRATIVE,0.95
GA,Atlanta Constitution,109051,1982,STATE REP,51,,GA,"WORKMAN, KEN",,1,,,,DEKALB COUNTY ENDORSEMENT | Phase 2 endorsement-direction verified: LIST/NARRATIVE,0.95
GA,Atlanta Constitution,109051,1982,STATE REP,57 POST 1,,GA,"ATHON, TROY",,1,,,,DEKALB COUNTY ENDORSEMENT | Phase 2 endorsement-direction verified: LIST/NARRATIVE,0.95
GA,Atlanta Constitution,109051,1982,STATE REP,57 POST 2,,GA,"MANGUM, BILL",,1,,,,DEKALB COUNTY ENDORSEMENT | Phase 2 endorsement-direction verified: LIST/NARRATIVE,0.95
GA,Atlanta Constitution,109051,1982,STATE REP,57 POST 3,,GA,"ALFORD, DEAN",,1,,,,DEKALB COUNTY ENDORSEMENT | Phase 2 endorsement-direction verified: LIST/NARRATIVE,0.95
GA,Atlanta Constitution,109051,1982,STATE SENATOR,32,,GA,"THOMPSON, JOE",,1,,,,"COBB COUNTY ENDORSEMENT, 32ND STATE SENATE DISTRICT. | Phase 2 endorsement-direction verified: LIST/NARRATIVE",0.85
GA,Atlanta Constitution,109051,1982,STATE SENATOR,36,,GA,"SCOTT, DAVID",,1,,,,FULTON COUNTY ENDORSEMENT | Phase 2 endorsement-direction verified: LIST/NARRATIVE,0.95
GA,Atlanta Constitution,109051,1982,STATE SENATOR,37,,GA,"HARRISON, CARL",,1,,,,"COBB COUNTY ENDORSEMENT, 37TH STATE SENATE DISTRICT. | Phase 2 endorsement-direction verified: LIST/NARRATIVE",0.85
GA,Atlanta Constitution,109051,1982,STATE SENATOR,40,,GA,"COVERDELL, PAUL",,1,,,1,FULTON COUNTY ENDORSEMENT | Phase 2 endorsement-direction verified: LIST/NARRATIVE | Phase 6 INC FIX: prior cycle 1978,0.95
GA,Atlanta Constitution,109051,1982,STATE SENATOR,43,,GA,"SCOTT, TOM",,1,,,,DEKALB COUNTY ENDORSEMENT | Phase 2 endorsement-direction verified: LIST/NARRATIVE,0.95
GA,Atlanta Constitution,109051,1982,STATE SENATOR,5,,GA,"SKELTON, DOUGLAS",,1,,,,DEKALB COUNTY ENDORSEMENT | Phase 2 endorsement-direction verified: LIST/NARRATIVE,0.95
GA,Atlanta Constitution,109051,1982,STATE SENATOR,55,,GA,"STUMBAUGH, LAWRENCE ""BUD""",,1,,,,DEKALB COUNTY ENDORSEMENT | Phase 2 endorsement-direction verified: LIST/NARRATIVE,0.95
GA,Atlanta Constitution,109051,1984,ASSESSOR,,DEKALB,GA,"ADAMS, EUGENE E.",Republican,1,,1,,INCUMBENT REPUBLICAN TAX COMMISSIONER; OPPOSED BY DEMOCRAT TOM BALDWIN; DESERVES RE-ELECTION. | Phase 2 endorsement-direction verified: LIST/NARRATIVE,0.90
GA,Atlanta Constitution,109051,1984,ASSESSOR,,GWINNETT,GA,"WAGES, W.L.",Democrat,1,1,,,"VETERAN TAX COMMISSIONER, DEMOCRAT, CAPABLE ADMINISTRATOR; RETURNED TO OFFICE DESPITE OPPOSITION FROM ACCOUNTANT KATHERINE SHERRINGTON. | Phase 2 FLAG: name not in OCR | Phase 10 NEEDS_RA: subagent — no source support in OCR/clippings for this name",0.6
GA,Atlanta Constitution,109051,1984,CEO,,DEKALB,GA,"MALOOF, MANUEL",Democrat,1,,,,DEMOCRAT FOR DEKALB'S FIRST CEO; CHALLENGED BY REPUBLICAN BUSINESSMAN CYRIL BELL; ADMINISTRATIVE SKILLS MAKE HIM CLEAR CHOICE. | Phase 2 endorsement-direction verified: LIST/NARRATIVE,1.00
GA,Atlanta Constitution,109051,1984,CNTY CLERK,,COBB,GA,"GRAHAM, JACK",Democrat,0,1,,,"INCUMBENT CLERK OF SUPERIOR COURT OPPOSED; OFFICE AWASH IN NEPOTISM, DISORDERLY RECORDS. | Phase 9 e=0 FLAG: name in OCR but no opp context | Phase 10 ADJUDICATION CONFIRMED by independent subagent OCR/vision re-read",1.00
GA,Atlanta Constitution,109051,1984,CNTY CLERK,,GWINNETT,GA,"PEEVY, O. MILLARD",,1,1,,,INCUMBENT CLERK OF SUPERIOR COURT; WORKING TO COMPUTERIZE COUNTY'S RECORDS; OVER ATTORNEY GARY R. YATES; RETURNED. | Phase 2 endorsement-direction verified: LIST/NARRATIVE,0.90
GA,Atlanta Constitution,109051,1984,CNTY CLERK,,COBB,GA,"STEPHENSON, JAY C.",Republican,1,,,,REPUBLICAN CHALLENGER FOR CLERK OF SUPERIOR COURT; INCUMBENT JACK GRAHAM'S OFFICE AWASH IN NEPOTISM AND DISORDERLY RECORDS. | Phase 2 FLAG: opp-lang near name | Phase 10 ADJUDICATION CONFIRMED by independent subagent OCR/vision re-read,0.93
GA,Atlanta Constitution,109051,1984,CNTY COMM,1,GWINNETT,GA,"BUICE, MARON",Democrat,1,1,,,"INCUMBENT DEMOCRAT, APPLIANCE-CENTER OWNER, 16 YEARS ON COMMISSION; STEADY AND EFFECTIVE COMMISSIONER; OVER REPUBLICAN KEN SUFFRIDGE. | Phase 2 endorsement-direction verified: LIST/NARRATIVE",1.00
GA,Atlanta Constitution,109051,1984,CNTY COMM,2,DEKALB,GA,"SCHULMAN, SHERRY",Democrat,1,,,,"DEMOCRAT, HARD-WORKING COMMUNITY LEADER, OVER REPUBLICAN JAMES R. BRACEWELL. | Phase 2 endorsement-direction verified: LIST/NARRATIVE",1.00
GA,Atlanta Constitution,109051,1984,CNTY COMM,3,GWINNETT,GA,"BERG, MIKE",Republican,1,,,,"REPUBLICAN, MARKETING SUPERVISOR WITH GEORGIA POWER, ACTIVE CIVIC LEADER; SHOULD GET NOD OVER ROBERT F. (BOBBY) JOHNSON. | Phase 2 endorsement-direction verified: LIST/NARRATIVE",1.00
GA,Atlanta Constitution,109051,1984,CNTY COMM,4,DEKALB,GA,"PATTERSON, JIM",Democrat,1,1,,,INCUMBENT DEMOCRAT DESERVES NOD OVER ROBERT J. MORRIS. | Phase 2 FLAG: opp-lang near name | Phase 10 ADJUDICATION CONFIRMED by independent subagent OCR/vision re-read,0.93
GA,Atlanta Constitution,109051,1984,CNTY COMM,5,DEKALB,GA,"FLETCHER, JOHN",Democrat,1,,,,"DEMOCRATIC CANDIDATE, EXPERIENCE IN GOVERNMENT GIVES EDGE OVER DUANE HUNTER. | Phase 2 endorsement-direction verified: LIST/NARRATIVE",1.00
GA,Atlanta Constitution,109051,1984,CNTY COMM,A POST 2,CLAYTON,GA,"MATTHEWS, GERALD A.",Democrat,1,,,,CLAYTON COMMISSION DISTRICT A POST 2. | Phase 2 endorsement-direction verified: LIST/NARRATIVE,1.00
GA,Atlanta Constitution,109051,1984,CNTY COMM,AT-LARGE,DEKALB,GA,"MANNING, BRINCE III",Democrat,1,1,,,"INCUMBENT AT-LARGE COMMISSIONER, SERVED EIGHT YEARS, FACES OPPOSITION FROM REPUBLICAN TOMMY TOLBERT; ADMIRABLE RECORD. | Phase 2 FLAG: opp-lang near name | Phase 10 ADJUDICATION CONFIRMED by independent subagent OCR/vision re-read",0.93
GA,Atlanta Constitution,109051,1984,CNTY COMM,B POST 2,CLAYTON,GA,"CHEAVES, LOREN",Democrat,1,1,,,"INCUMBENT, CLAYTON COMMISSION DISTRICT B POST 2. | Phase 2 endorsement-direction verified: LIST/NARRATIVE",1.00
GA,Atlanta Constitution,109051,1984,CNTY COMM,CHAIRMAN,CLAYTON,GA,"GRISWELL, CHARLEY",Democrat,1,1,,,INCUMBENT CLAYTON COUNTY COMMISSION CHAIRMAN. | Phase 2 endorsement-direction verified: LIST/NARRATIVE,1.00
GA,Atlanta Constitution,109051,1984,CNTY COMM,CHAIRMAN,COBB,GA,"SMITH, EARL",Republican,1,,,,REPUBLICAN CANDIDATE FOR COBB COMMISSION CHAIRMAN; OLD DEMOCRATIC MACHINE OUT OF DATE; GOP OFFERS COMPETENT CANDIDATE. | Phase 2 endorsement-direction verified: LIST/NARRATIVE,1.00
GA,Atlanta Constitution,109051,1984,CNTY COMM,CHAIRMAN,GWINNETT,GA,"WEBB, LILLIAN",Republican,1,,,,"REPUBLICAN, MAYOR OF NORCROSS PAST 10 YEARS; OUGHT TO BE ELECTED COMMISSION CHAIRMAN OVER WORTHY CHALLENGER BUSINESSMAN JOE SMITH. | Phase 2 endorsement-direction verified: LIST/NARRATIVE",1.00
GA,Atlanta Constitution,109051,1984,DA/PROSECUTOR,,COBB,GA,"CHARRON, TOM",Republican,0,,1,,"INCUMBENT DA OPPOSED; TOO LENIENT WITH DOPE OFFENDERS, MAY BE FIRE BENEATH SMOKE. | Phase 9 e=0 OCR-verified: opp language present",1.00
GA,Atlanta Constitution,109051,1984,DA/PROSECUTOR,,GWINNETT,GA,"HUFF, BRYANT",Democrat,1,1,,,INCUMBENT DISTRICT ATTORNEY; OFFICE ENJOYS BETTER THAN 95% CONVICTION RATE; OPPOSED BY JUVENILE COURT SOLICITOR TOM LAWLER (R); RETAINED. | Phase 2 endorsement-direction verified: LIST/NARRATIVE,1.00
GA,Atlanta Constitution,109051,1984,H,4,,GA,"LEVITAS, ELLIOTT",Democrat,1,1,,,"MODERATE-TO-CONSERVATIVE DEMOCRAT INCUMBENT, EFFECTIVE CONGRESSMAN; GETTING FUNDS FOR MARTA, AIRPORT-NOISE LEGISLATION, CONSTITUENCY SERVICES; OPPOSED BY ULTRACONSERVATIVE PAT SWINDALL. | Phase 2 endorsement-direction verified: LIST/NARRATIVE",1.00
GA,Atlanta Constitution,109051,1984,H,4,,GA,"SWINDALL, PAT",Republican,0,,,,ULTRACONSERVATIVE; ESPOUSING FUNDAMENTAL CHRISTIANITY AS IF IT WERE AN ISSUE; STOOPED TO MISREPRESENTING LEVITAS' RECORD. | Phase 9 e=0 FLAG: name in OCR but no opp context | Phase 10 ADJUDICATION CONFIRMED by independent subagent OCR/vision re-read,1.00
GA,Atlanta Constitution,109051,1984,H,7,,GA,"DARDEN, GEORGE ""BUDDY""",Democrat,1,1,,,EARNED RE-ELECTION TO 7TH DISTRICT US HOUSE. | Phase 2 endorsement-direction verified: LIST/NARRATIVE,1.00
GA,Atlanta Constitution,109051,1984,PUBLIC SERVICE COMMISSION,,,GA,"CARTER, JOYCE",Republican,1,,,,"REPUBLICAN, DESERVES ELECTION TO PUBLIC SERVICE COMMISSION TO SUCCEED INCUMBENT MAC BARBER; INTELLIGENT CAMPAIGN AGAINST INEFFECTIVE OPPONENT. | Phase 2 endorsement-direction verified: LIST/NARRATIVE",1.00
GA,Atlanta Constitution,109051,1984,PUBLIC SERVICE COMMISSION,,,GA,"LOVETT, BILLY",,1,1,,,INCUMBENT PUBLIC SERVICE COMMISSIONER DESERVES ANOTHER CHANCE. | Phase 2 endorsement-direction verified: LIST/NARRATIVE,0.90
GA,Atlanta Constitution,109051,1984,SHERIFF,,COBB,GA,"HUTSON, BILL",Democrat,1,1,,,INCUMBENT SHERIFF; OPERATED MODEL OFFICE (REAL RARITY FOR GEORGIA); OUGHT TO BE KEPT. | Phase 2 FLAG: opp-lang near name | Phase 10 ADJUDICATION CONFIRMED by independent subagent OCR/vision re-read,0.93
GA,Atlanta Constitution,109051,1984,SHERIFF,,DEKALB,GA,"JARVIS, PAT",Democrat,1,1,,,INCUMBENT SHERIFF; FACES KENT MILNER (R); GUIDED DEPARTMENT WITH STEADY HAND; SHOULD BE RETURNED. | Phase 2 endorsement-direction verified: LIST/NARRATIVE,1.00
GA,Atlanta Constitution,109051,1984,STATE REP,,,GA,"BURRUSS, A.L.",,1,,,,RETAINED; COMPETENT LEGISLATOR WHO KNOWS HOW TO SERVE CONSTITUENCY; OVER OPPONENT DOUG HOWARD. | Phase 2 endorsement-direction verified: LIST/NARRATIVE,0.85
GA,Atlanta Constitution,109051,1984,STATE REP,,,GA,"COUCH, BARBARA",Democrat,1,1,,,LONG ACTIVE IN FULTON COUNTY DEMOCRATIC POLITICS; SOUTH FULTON NEEDS HER IN GENERAL ASSEMBLY. | Phase 2 endorsement-direction verified: LIST/NARRATIVE | Phase 6 INC FIX: prior cycle 1980,0.85
GA,Atlanta Constitution,109051,1984,STATE REP,20 POST 1,,GA,"MOSLEY, BRENDA",,1,,,,CHALLENGER FOR HOUSE 20 POST 1; MAY NOT BE ABLE TO DEFEAT INCUMBENT JOE MACK WILSON BUT SHOULD SCARE THE DAYLIGHTS OUT OF HIM. | Phase 2 FLAG: no context | Phase 10 ADJUDICATION CONFIRMED by independent subagent OCR/vision re-read,0.93
GA,Atlanta Constitution,109051,1984,STATE REP,20 POST 1,,GA,"WILSON, JOE MACK",Democrat,0,1,,,"INCUMBENT, CHAIRMAN OF HOUSE WAYS AND MEANS, OPPOSED; CARELESS ABOUT TAXES AND BOND POSTING. | Phase 9 e=0 OCR-verified: opp language present",1.00
GA,Atlanta Constitution,109051,1984,STATE REP,20 POST 5,,GA,"HAMILTON, REUEL",Republican,1,,,,"REPUBLICAN CHALLENGER FOR HOUSE 20 POST 5; OUGHT TO SUCCEED INCUMBENT TERRY LAWLER, WHO VOTED TO GUT PENSION-REFORM LEGISLATION. | Phase 2 endorsement-direction verified: LIST/NARRATIVE",1.00
GA,Atlanta Constitution,109051,1984,STATE REP,20 POST 5,,GA,"LAWLER, TERRY",Democrat,0,1,,,DEMOCRATIC INCUMBENT OPPOSED; VOTED TO GUT PENSION-REFORM LEGISLATION. | Phase 9 e=0 OCR-verified: opp language present,1.00
GA,Atlanta Constitution,109051,1984,STATE REP,21 POST 5,,GA,"EDWARDS, JUANELLE",Democrat,1,,,,DEMOCRATIC CHALLENGER FOR HOUSE 21 POST 5 OVER REPUBLICAN INCUMBENT TOM WILDER; WOULD SOLVE COBB'S TRAFFIC PROBLEMS. | Phase 2 endorsement-direction verified: LIST/NARRATIVE,1.00
GA,Atlanta Constitution,109051,1984,STATE REP,21 POST 5,,GA,"WILDER, TOM",Republican,0,,1,,REPUBLICAN INCUMBENT OPPOSED. | Phase 9 e=0 OCR-verified: opp language present,1.00
GA,Atlanta Constitution,109051,1984,STATE REP,26,,GA,"MARTIN, JIM",Democrat,1,1,,,"INCUMBENT, MEMBER OF LOCAL DELEGATION, POTENTIALLY ONE OF BRIGHT STARS OF GENERAL ASSEMBLY (ATLANTA HOUSE 26). | Phase 2 endorsement-direction verified: LIST/NARRATIVE",1.00
GA,Atlanta Constitution,109051,1984,STATE REP,32,,GA,"SELMAN, HELEN",,1,1,,,"INCUMBENT, RETIRED EDUCATOR, EFFECTIVE MEMBER OF SOUTH FULTON DELEGATION. | Phase 2 endorsement-direction verified: LIST/NARRATIVE",0.95
GA,Atlanta Constitution,109051,1984,STATE REP,46,,GA,"STEINBERG, CATHEY W.",,1,,,,DEKALB STATE HOUSE 46TH DISTRICT. | Phase 2 endorsement-direction verified: LIST/NARRATIVE,0.95
GA,Atlanta Constitution,109051,1984,STATE REP,47,,GA,"MORTON, CHESLEY V., JR",,1,,,,DEKALB STATE HOUSE 47TH DISTRICT. | Phase 2 endorsement-direction verified: LIST/NARRATIVE,0.95
GA,Atlanta Constitution,109051,1984,STATE REP,48,,GA,"WILLIAMS, BETTY JO",,1,,,,DEKALB STATE HOUSE 48TH DISTRICT. | Phase 2 endorsement-direction verified: LIST/NARRATIVE,0.95
GA,Atlanta Constitution,109051,1984,STATE REP,50,,GA,"REDDING, FRANK",,1,,,,DEKALB STATE HOUSE 50TH DISTRICT. | Phase 2 endorsement-direction verified: LIST/NARRATIVE,0.95
GA,Atlanta Constitution,109051,1984,STATE REP,52,,GA,"RICHARDSON, ELEANOR",,1,,,1,DEKALB STATE HOUSE 52ND DISTRICT. | Phase 2 endorsement-direction verified: LIST/NARRATIVE | Phase 6 INC FIX: prior cycle 1980,0.95
GA,Atlanta Constitution,109051,1984,STATE REP,53,,GA,"CHILDS, PEGGY",,1,,,,DEKALB STATE HOUSE 53RD DISTRICT. | Phase 2 endorsement-direction verified: LIST/NARRATIVE,0.95
GA,Atlanta Constitution,109051,1984,STATE REP,57 POST 1,,GA,"ATHON, TROY",,1,,,1,DEKALB STATE HOUSE 57TH DISTRICT POST 1. | Phase 2 endorsement-direction verified: LIST/NARRATIVE | Phase 6 INC FIX: prior cycle 1982,0.95
GA,Atlanta Constitution,109051,1984,STATE REP,57 POST 2,,GA,"MANGUM, BILL JR",,1,,,,DEKALB STATE HOUSE 57TH DISTRICT POST 2. | Phase 2 endorsement-direction verified: LIST/NARRATIVE,0.95
GA,Atlanta Constitution,109051,1984,STATE REP,57 POST 3,,GA,"ALFORD, DEAN",,1,,,1,DEKALB STATE HOUSE 57TH DISTRICT POST 3. | Phase 2 endorsement-direction verified: LIST/NARRATIVE | Phase 6 INC FIX: prior cycle 1982,0.95
GA,Atlanta Constitution,109051,1984,STATE REP,58,,GA,"ROBINSON, CAS",,1,,,1,DEKALB STATE HOUSE 58TH DISTRICT. | Phase 2 endorsement-direction verified: LIST/NARRATIVE | Phase 6 INC FIX: prior cycle 1980,0.95
GA,Atlanta Constitution,109051,1984,STATE REP,60,,GA,"MARTIN, CHARLES",,1,,,,GWINNETT STATE HOUSE 60TH DISTRICT. | Phase 2 endorsement-direction verified: LIST/NARRATIVE,0.95
GA,Atlanta Constitution,109051,1984,STATE REP,61,,GA,"MCLAUGHLIN, JOE",,1,,,,GWINNETT STATE HOUSE 61ST DISTRICT. | Phase 2 endorsement-direction verified: LIST/NARRATIVE,0.95
GA,Atlanta Constitution,109051,1984,STATE REP,62,,GA,"WYNDHAM, BYRON",,1,,,,GWINNETT STATE HOUSE 62ND DISTRICT. | Phase 2 endorsement-direction verified: LIST/NARRATIVE,0.95
GA,Atlanta Constitution,109051,1984,STATE REP,72 POST 4,,GA,"JOHNSON, RUDOLPH",Democrat,1,1,,,"INCUMBENT, HOUSE DISTRICT 72 POST 4. | Phase 2 endorsement-direction verified: LIST/NARRATIVE",1.00
GA,Atlanta Constitution,109051,1984,STATE REP,72 POST 5,,GA,"BAILEY, FRANK",Democrat,1,1,,,"INCUMBENT, HOUSE DISTRICT 72 POST 5. | Phase 2 endorsement-direction verified: LIST/NARRATIVE",1.00
GA,Atlanta Constitution,109051,1984,STATE SENATOR,17,,GA,"COLLINS, MAC",Republican,1,,,,"WEALTHY TRUCKING COMPANY EXECUTIVE, FORMER BUTTS COUNTY COMMISSIONER; CHALLENGING VETERAN DEMOCRAT JANICE HORTON FOR CLAYTON-BUTTS-HENRY SEAT. | Phase 2 endorsement-direction verified: LIST/NARRATIVE",1.00
GA,Atlanta Constitution,109051,1984,STATE SENATOR,17,,GA,"HORTON, JANICE",Democrat,0,1,,,"VETERAN DEMOCRATIC INCUMBENT OPPOSED; PROPENSITY FOR TRADING OUT VOTE ON IMPORTANT ISSUES (EDUCATION, HIGHWAYS) DISAPPOINTING. | Phase 9 e=0 FLAG: name in OCR but no opp context | Phase 10 ADJUDICATION CONFIRMED by independent subagent OCR/vision re-read",1.00
GA,Atlanta Constitution,109051,1984,STATE SENATOR,37,,GA,"HARRISON, CARL",Republican,1,,1,,"REPUBLICAN INCUMBENT, 37TH STATE SENATE DISTRICT, DESERVES RE-ELECTION. | Phase 2 endorsement-direction verified: LIST/NARRATIVE",1.00
GA,Atlanta Constitution,109051,1984,STATE SENATOR,43,,GA,"WALKER, EUGENE",,1,,,,DEKALB STATE SENATE 43RD DISTRICT. | Phase 2 endorsement-direction verified: LIST/NARRATIVE,0.95
GA,Atlanta Constitution,109051,1984,STATE SENATOR,48,,GA,"PEEVY, DONN",,1,,,,GWINNETT STATE SENATE 48TH DISTRICT. | Phase 2 endorsement-direction verified: LIST/NARRATIVE,0.95
GA,Atlanta Constitution,109051,1984,STATE SENATOR,55,,GA,"STUMBAUGH, LAWRENCE ""BUD""",,1,,,1,DEKALB STATE SENATE 55TH DISTRICT. | Phase 2 endorsement-direction verified: LIST/NARRATIVE | Phase 6 INC FIX: prior cycle 1982,0.95
GA,Atlanta Constitution,109051,1986,CNTY COMM,4,Fulton,GA,"LOWE, TOM",,1,,,,Incumbent; longtime experience and exemplary performance; opponent Dee West | Phase 2 endorsement-direction verified: LIST/NARRATIVE,0.95
GA,Atlanta Constitution,109051,1986,CNTY COMM,AT-LARGE,Fulton,GA,"KING, MARTIN LUTHER III",Democrat,1,,,,Faces Republican Ted Speaker; King 'more capable of growing in the job' | Phase 2 endorsement-direction verified: LIST/NARRATIVE,0.95
GA,Atlanta Constitution,109051,1986,DA/PROSECUTOR,,Gwinnett,GA,"HARRISON, SAM",Democrat,1,,,,Solicitor; more logical notions of dispensing justice; over Gerald Blaney (R) | Phase 2 FLAG: opp-lang near name | Phase 10 ADJUDICATION CONFIRMED by independent subagent OCR/vision re-read,0.93
GA,Atlanta Constitution,109051,1986,GOVERNOR,,,GA,"HARRIS, JOE FRANK",Democrat,1,1,,,Recap endorsement | Phase 2 endorsement-direction verified: LIST/NARRATIVE | Phase 6 INC FIX: prior cycle 1982,0.90
GA,Atlanta Constitution,109051,1986,H,4,,GA,"JONES, BEN",Democrat,1,,,,"DEMOCRAT, THOUGHTFUL, POLITICALLY MODERATE PROSPECT; KEENNESS AND QUICK INTELLIGENCE HOLD PROMISE OF SERVING 4TH DISTRICT VOTERS WELL FOR LONG RUN. OPPOSING INCUMBENT PAT SWINDALL. | Phase 2 endorsement-direction verified: LIST/NARRATIVE",0.95
GA,Atlanta Constitution,109051,1986,H,4,,GA,"SWINDALL, PAT",Republican,0,,1,,INCUMBENT; FIRST-TERM CONSERVATIVE REPUBLICAN; CRITICIZED FOR HIS GUNG-HO LIBERAL/EMBARRASSMENTS WITH FEW INITIAL CHRISTIAN BACKERS. | Phase 9 e=0 FLAG: name in OCR but no opp context | Phase 10 ADJUDICATION CONFIRMED by independent subagent OCR/vision re-read,0.90
GA,Atlanta Constitution,109051,1986,H,5,,GA,"LEWIS, JOHN",Democrat,1,,,,DEMOCRATIC NOMINEE FOR ATLANTA-BASED 5TH DISTRICT; SERVED AS AGENCY CHIEF IN FEDERAL GOVERNMENT AND AT-LARGE MEMBER OF ATLANTA CITY COUNCIL; CONSCIENTIOUS REPRESENTATIVE; GRITTY CAMPAIGNER. ON TO WASHINGTON. | Phase 2 endorsement-direction verified: LIST/NARRATIVE,1.00
GA,Atlanta Constitution,109051,1986,H,5,,GA,"SCOTT, PORTIA",Republican,0,,,,"REPUBLICAN, FORMER ATLANTA DAILY WORLD ASSISTANT EDITOR; BRIGHT, ABLE, ADMIRABLE COMMUNITY INVOLVEMENT, BUT POLITICAL EXPERIENCE THIN; CREDENTIALS DON'T STACK UP TO LEWIS. | Phase 9 e=0 FLAG: name in OCR but no opp context | Phase 10 ADJUDICATION CONFIRMED by independent subagent OCR/vision re-read",1.00
GA,Atlanta Constitution,109051,1986,H,6,,GA,"BRAY, CRANDLE",Democrat,0,,,,DEMOCRATIC CHALLENGER; CREDIBLE BUT DOES NOT MAKE A COMPELLING CASE FOR REPLACING INCUMBENT. | Phase 9 e=0 OCR-verified: opp language present,0.85
GA,Atlanta Constitution,109051,1986,H,6,,GA,"GINGRICH, NEWT",Republican,1,,1,,INCUMBENT; CONSERVATIVE BUT CREATIVE POLITICAL THINKER; SHOWN STRONG INDEPENDENCE FROM PARTY LINE; HELPED KEEP GOP FROM BECOMING THE PARTY OF APARTHEID; MAKING INTERESTING CONTRIBUTIONS TO REPUBLICAN PARTY EVOLUTION. | Phase 2 endorsement-direction verified: LIST/NARRATIVE,0.95
GA,Atlanta Constitution,109051,1986,H,7,,GA,"DARDEN, GEORGE ""BUDDY""",Democrat,1,1,,,"INCUMBENT; HARD-WORKING CONGRESSMAN; ATTENTIVE TO DISTRICT'S LOCAL INTERESTS, A STEADY PARTICIPANT IN BIPARTISAN POLICY MATTERS; MODERATE ON SOCIAL ISSUES, CONSERVATIVE ON DEFENSE/FISCAL MATTERS. DESERVES RE-ELECTION DOUBLY CONSIDERING ALTERNATIVE MORECRAFT. | Phase 2 endorsement-direction verified: LIST/NARRATIVE",1.00
GA,Atlanta Constitution,109051,1986,H,7,,GA,"MORECRAFT, JOSEPH",Republican,0,,,,"REPUBLICAN, REV; GARDEN-VARIETY CONSERVATIVE WHO STYLES HIMSELF AS COMMON RELIGIOUS-RIGHT CANDIDATE; REPRINTED FROM HIS CHURCH NEWSLETTER ARTICLE STATING 'WE ARE AT WAR WITH HUMANISM'; PEACEFUL COEXISTENCE BETWEEN CHRISTIANITY AND SECULAR HUMANISM IS IMPOSSIBLE; ADVOCATES DEATH PENALTY FOR 19 INCLUDING ENCHANTRY, ADULTERY, STRIKING/CURSING PARENT, WITCHCRAFT, INCORRIGIBLE DELINQUENCY, BLASPHEMY, SABBATH DESECRATION. | Phase 9 e=0 OCR-verified: opp language present",0.95
GA,Atlanta Constitution,109051,1986,PUBLIC SERVICE COMMISSION,,,GA,"ANDREWS, GARY",Democrat,1,,,,"Democratic incumbent; quiet, thoughtful sort, accounting/judge background; clear choice over Barfield | Phase 2 endorsement-direction verified: LIST/NARRATIVE",0.95
GA,Atlanta Constitution,109051,1986,PUBLIC SERVICE COMMISSION,,,GA,"HAMMOCK, JIM",Democrat,1,,,,Democratic incumbent; better choice than opponent Collins; 'has not exactly been the soul of wisdom on the PSC' | Phase 2 endorsement-direction verified: LIST/NARRATIVE,0.95
GA,Atlanta Constitution,109051,1986,SENATOR,,,GA,"FOWLER, WYCHE",Democrat,1,,,,U.S. Senate; class of the field; mainstream Democrat; over Mack Mattingly (R-Inc) | Phase 2 endorsement-direction verified: LIST/NARRATIVE,0.95
GA,Atlanta Constitution,109051,1986,STATE REP,20,,GA,"WILSON, JOE MACK",Democrat,1,,,,Post 1; incumbent; wiser Wilson preferable to inexperienced Davis (R); will stand up to House Speaker Tom Murphy [QA 2026-05-30: OCR fix dist 10→20 (Cobb Post 1)] | Phase 2 endorsement-direction verified: LIST/NARRATIVE,0.95
GA,Atlanta Constitution,109051,1986,STATE REP,20,,GA,"HENSLEY, SAM P",Democrat,1,,,,Post 2; better choice than Doug Howard (R); legislative experience | Phase 2 endorsement-direction verified: LIST/NARRATIVE,0.95
GA,Atlanta Constitution,109051,1986,STATE REP,20,,GA,"LAWLER, TERRY",Democrat,1,,,,Post 5 (Cobb); incumbent; voted against anti-pornography bill ruled unconstitutional | Phase 2 endorsement-direction verified: LIST/NARRATIVE,0.95
GA,Atlanta Constitution,109051,1986,STATE REP,20,,GA,"THOMPSON, STEVE",Democrat,1,,,,Post 4; incumbent; Earl Ehrhart (R) trying to unseat | Phase 2 endorsement-direction verified: LIST/NARRATIVE,0.95
GA,Atlanta Constitution,109051,1986,STATE REP,24,,GA,"TOWNSEND, KIL",Republican,1,,,,Incumbent; reasonable proposals; over Frank Hooner (D) [QA 2026-05-30: OCR name fix ELI→KIL Townsend] | Phase 2 endorsement-direction verified: LIST/NARRATIVE,0.90
GA,Atlanta Constitution,109051,1986,STATE REP,25,,GA,"LUPTON, JOHN",Republican,1,,,,Incumbent; supported legislation essential to state and Fulton County; deserves re-election | Phase 2 endorsement-direction verified: LIST/NARRATIVE,0.95
GA,Atlanta Constitution,109051,1986,STATE REP,40,,GA,"COUCH, BARBARA",Democrat,1,1,,,"Incumbent; obvious choice; fought for QBE, balanced growth and state funds for Grady Hospital | Phase 2 FLAG: opp-lang near name | Phase 6 INC FIX: prior cycle 1984 | Phase 10 ADJUDICATION CONFIRMED by independent subagent OCR/vision re-read",0.93
GA,Atlanta Constitution,109051,1986,STATE REP,59,,GA,"DURDEN, BOB",Democrat,1,,,,"Challenges Mike Barnett (R-Incumbent); sensible stands on education, rural development and land use | Phase 2 endorsement-direction verified: LIST/NARRATIVE",0.95
GA,Atlanta Constitution,109051,1986,STATE SENATOR,17,,GA,"CRUMBLEY, ALEX",Democrat,1,,,,Better choice; knowledge of Georgia's criminal-justice system; over Mac Collins (R) | Phase 2 endorsement-direction verified: LIST/NARRATIVE,0.85
GA,Atlanta Constitution,109051,1986,STATE SENATOR,34,,GA,"ENGRAM, BEV",Democrat,1,,,,Incumbent; experience gives her definite edge over Tom Harris (R) who is not well-informed on state issues | Phase 2 endorsement-direction verified: LIST/NARRATIVE,0.95
GA,Atlanta Constitution,109051,1986,STATE SENATOR,36,,GA,"SCOTT, DAVID",Democrat,1,1,,,Incumbent; gets the nod over Chuck Scheid (R) | Phase 2 FLAG: opp-lang near name | Phase 6 INC FIX: prior cycle 1982 | Phase 10 ADJUDICATION CONFIRMED by independent subagent OCR/vision re-read,0.93
GA,Atlanta Constitution,109051,1986,STATE SENATOR,48,,GA,"PEEVY, DONN",Democrat,1,1,,,Incumbent; stood against polygraph tests; should be re-elected over Steve Pate (R) | Phase 2 endorsement-direction verified: LIST/NARRATIVE | Phase 6 INC FIX: prior cycle 1984,0.95
GA,Atlanta Constitution,109051,1986,STATE SENATOR,55,,GA,"STUMBAUGH, BUD",Democrat,1,,,,Incumbent; voice for reform; clear choice over Gayle Hughes (R) | Phase 2 endorsement-direction verified: LIST/NARRATIVE,0.95
GA,Atlanta Constitution,109051,1986,STATE SENATOR,56,,GA,"NEWBILL, SALLIE",Republican,1,,,,"Sensible views on education, land use and law enforcement; over Larry Talley (D) | Phase 2 FLAG: opp-lang near name | Phase 10 ADJUDICATION CONFIRMED by independent subagent OCR/vision re-read",0.93
GA,Atlanta Constitution,109051,1986,SUPERINTENDENT,,Clayton,GA,"MCQUEEN, PETE",Democrat,1,,,,School superintendent; sounder sense of services modern school system must provide; race to replace retiring Ernest Stroud; over Joe Lovin (R) | Phase 2 endorsement-direction verified: LIST/NARRATIVE,0.95
GA,Atlanta Constitution,109051,1988,CNTY COMM,1,Gwinnett,GA,"HILL, WAYNE",Democrat,1,,,,Gwinnett Commission Dist 1 | Phase 2 FLAG: no context | Phase 10 ADJUDICATION CONFIRMED by independent subagent OCR/vision re-read,0.93
GA,Atlanta Constitution,109051,1988,CNTY COMM,4,DeKalb,GA,"FULLER, DAVID H",Democrat,1,,,,DeKalb Commission Dist 4 | Phase 2 FLAG: no context | Phase 10 ADJUDICATION CONFIRMED by independent subagent OCR/vision re-read,0.93
GA,Atlanta Constitution,109051,1988,CNTY COMM,3,Gwinnett,GA,"MCGILL, CURTIS",Republican,1,,,,"Gwinnett Commission Dist 5 | Phase 2 FLAG: no context | Phase 10 DIST FIX: 5->3 (subagent: ""Commission Dist 3 Curtis McGill (R)"")",0.9
GA,Atlanta Constitution,109051,1988,CNTY COMM,5,DeKalb,GA,"FLETCHER, JOHN",Democrat,1,1,,,"DeKalb Commission Dist 6 | Phase 2 FLAG: name not in OCR | Phase 10 NAME FIX: V1 ""PLETCHER, JOHN"" -> ""FLETCHER, JOHN"" (subagent OCR/vision: ""Commission Dist 5 John Fletcher (D)"") | Phase 10 DIST FIX: 6->5 | Phase 6 INC FIX: prior cycle 1984",0.9
GA,Atlanta Constitution,109051,1988,CNTY COMM,AT-LARGE,DeKalb,GA,"COLLINS, ANNIE",Democrat,1,,,,DeKalb Commission At-Large | Phase 2 FLAG: opp-lang near name | Phase 10 ADJUDICATION CONFIRMED by independent subagent OCR/vision re-read,0.93
GA,Atlanta Constitution,109051,1988,CNTY COMM,CHAIRMAN,Gwinnett,GA,"WEBB, LILLIAN",Republican,1,,1,,Gwinnett Commission Chairman | Phase 2 FLAG: name not in OCR | Phase 6 INC FIX: prior cycle 1984 | Phase 10 ADJUDICATION CONFIRMED by independent subagent OCR/vision re-read,0.93
GA,Atlanta Constitution,109051,1988,CNTY COMM,CHIEF EXECUTIVE,DeKalb,GA,"MALOOF, MANUEL",Democrat,1,,,,DeKalb Chief Executive Officer | Phase 2 FLAG: no context | Phase 10 ADJUDICATION CONFIRMED by independent subagent OCR/vision re-read,0.93
GA,Atlanta Constitution,109051,1988,CNTY COMM,EASTERN,Cobb,GA,"CARTER, THOMAS",Democrat,1,,,,"Eastern District; IBM analyst, lacks political experience but long shot; choice over Mr. Burton (Eastern District incumbent context) | Phase 2 endorsement-direction verified: LIST/NARRATIVE",0.80
GA,Atlanta Constitution,109051,1988,CNTY COMM,WESTERN,Cobb,GA,"JACOBS, R L",Republican,1,,,,"Cobb Commission Western Dist; recap (note: 11/3 article suggests Paschal endorsed; possible discrepancy) | Phase 2 endorsement-direction verified: LIST/NARRATIVE | Phase 8/vision PARTY FIX: Democrat->Republican (recap ""R.L. Jacobs (R)"")",0.9
GA,Atlanta Constitution,109051,1988,CNTY COMM,WESTERN,Cobb,GA,"PASCHAL, HARVEY",Democrat,0,,,,"Western District; two-term incumbent who has aligned himself with developers, retiree who operates a street ministry to the homeless, broader agenda; over R.L. Jacobs | Phase 2 endorsement-direction verified: LIST/NARRATIVE | Phase 10 FLIP E1->E0: VISION recap endorsed opponent R.L. Jacobs (R); Paschal not in endorsement box | Phase 9 e=0: opponent of endorsed Jacobs",0.9
GA,Atlanta Constitution,109051,1988,H,4,,GA,"JONES, BEN",Democrat,1,1,,,U.S. House recap; Pat Swindall (R-Inc) being replaced; pattern of perjury | Phase 2 FLAG: opp-lang near name | Phase 6 INC FIX: prior cycle 1986 | Phase 10 ADJUDICATION CONFIRMED by independent subagent OCR/vision re-read,0.93
GA,Atlanta Constitution,109051,1988,H,5,,GA,"LEWIS, JOHN",Democrat,1,1,,,U.S. House recap | Phase 2 endorsement-direction verified: LIST/NARRATIVE | Phase 6 INC FIX: prior cycle 1986,0.90
GA,Atlanta Constitution,109051,1988,H,6,,GA,"GINGRICH, NEWT",Republican,1,,1,,U.S. House recap | Phase 2 endorsement-direction verified: LIST/NARRATIVE | Phase 6 INC FIX: prior cycle 1986,0.90
GA,Atlanta Constitution,109051,1988,H,7,,GA,"DARDEN, GEORGE BUDDY",Democrat,1,,,,U.S. House recap | Phase 2 endorsement-direction verified: LIST/NARRATIVE,0.90
GA,Atlanta Constitution,109051,1988,PRESIDENT,,,GA,"DUKAKIS, MICHAEL S",Democrat,1,,,,"Endorsed for president; better than Bush on education, international competitiveness, quality of public life | Phase 2 endorsement-direction verified: LIST/NARRATIVE",0.90
GA,Atlanta Constitution,109051,1988,PUBLIC SERVICE COMMISSION,,,GA,"PAFFORD, BOBBY",Democrat,1,,,,Statewide PSC recap | Phase 2 endorsement-direction verified: LIST/NARRATIVE,0.85
GA,Atlanta Constitution,109051,1988,PUBLIC SERVICE COMMISSION,,,GA,"ROBINSON, CAS",Democrat,1,,,,Statewide PSC recap | Phase 2 endorsement-direction verified: LIST/NARRATIVE,0.85
GA,Atlanta Constitution,109051,1988,PUBLIC SERVICE COMMISSION,,,GA,"ROWAN, BOBBY",Democrat,1,,,,Statewide PSC recap | Phase 2 endorsement-direction verified: LIST/NARRATIVE,0.85
GA,Atlanta Constitution,109051,1988,SCHOOL BOARD,1,Gwinnett,GA,"HARRIS, TOM",Republican,1,,,,Gwinnett School Board Dist 1 | Phase 2 FLAG: opp-lang near name | Phase 10 ADJUDICATION CONFIRMED by independent subagent OCR/vision re-read,0.93
GA,Atlanta Constitution,109051,1988,SCHOOL BOARD,5,Gwinnett,GA,"RADLOFF, LOUISE",Republican,1,,,,Gwinnett School Board Dist 5 | Phase 2 FLAG: name not in OCR | Phase 10 ADJUDICATION CONFIRMED by independent subagent OCR/vision re-read,0.93
GA,Atlanta Constitution,109051,1988,SHERIFF,,Gwinnett,GA,"MELTON, WAYNE",Democrat,1,,,,"Gwinnett County recap | Phase 2 FLAG: name not in OCR | Phase 10 NAME FIX: V1 ""BOLTON, WAYNE"" -> ""MELTON, WAYNE"" (subagent OCR/vision: ""Sheriff Wayne Melton (D)"")",0.9
GA,Atlanta Constitution,109051,1988,SHERIFF,,Cobb,GA,"HUTSON, BILL",Republican,1,,1,,"Three-term incumbent; against Jack Brantlett (D); Hutson has run his office well, stressing professional upgrading | Phase 2 endorsement-direction verified: LIST/NARRATIVE | Phase 6 INC FIX: prior cycle 1984",0.90
GA,Atlanta Constitution,109051,1988,STATE REP,20,,GA,"CLARK, HERMAN",Republican,1,,,,Post 3; solid incumbent with thoughtful positions; deserves re-election over Ward Cater (D) | Phase 2 endorsement-direction verified: LIST/NARRATIVE,0.90
GA,Atlanta Constitution,109051,1988,STATE REP,20,,GA,"EHRHART, EARL",Republican,1,,,,Post 5; bright young conservative businessman; better reflects district's attitudes than Joe Mack Wilson (D-Incumbent) | Phase 2 endorsement-direction verified: LIST/NARRATIVE,0.90
GA,Atlanta Constitution,109051,1988,STATE REP,20,,GA,"GLOVER, IRMA",Democrat,1,,,,"Post 1; both Glover (D) and Jack Vaughan (R) have deep family roots; Glover, attorney with Cobb's growth focus, gets the nod over party-line opponent | Phase 2 endorsement-direction verified: LIST/NARRATIVE",0.85
GA,Atlanta Constitution,109051,1988,STATE REP,20,,GA,"HENSLEY, SAM",Democrat,1,,,,"Post 2; veteran legislator like Sam Hensley (D), civil engineer; eyeing state Department of Transportation; well-intended over Greshman Hosava (R) | Phase 2 FLAG: opp-lang near name | Phase 10 ADJUDICATION CONFIRMED by independent subagent OCR/vision re-read",0.93
GA,Atlanta Constitution,109051,1988,STATE REP,22,Fulton,GA,"FELTON, DOROTHY",Republican,1,,,,Fulton County recap | Phase 2 endorsement-direction verified: LIST/NARRATIVE,0.85
GA,Atlanta Constitution,109051,1988,STATE REP,28,,GA,"CLEMENTS, GEORGE",Democrat,1,,,,"Trade up over Republican incumbent Lu Colbert; community service; Career Task Force/Growth Strategies Commission | Phase 2 FLAG: no context | Phase 10 DIST FIX: 23->28 (subagent: ""District 28 Democrat George Clements"")",0.9
GA,Atlanta Constitution,109051,1988,STATE REP,25,,GA,"LUPTON, JOHN",Republican,1,,1,,Republican incumbent; welcome addition to Georgia House; thoughtful and pragmatic legislator; over Mr. Saylor | Phase 2 endorsement-direction verified: LIST/NARRATIVE | Phase 6 INC FIX: prior cycle 1986,0.80
GA,Atlanta Constitution,109051,1988,STATE REP,31,,GA,"MARTIN, JIM",Democrat,1,1,,,"Thoughtful Democrat who favors planned growth, increased AIDS education | Phase 2 endorsement-direction verified: LIST/NARRATIVE | Phase 6 INC FIX: prior cycle 1984",0.80
GA,Atlanta Constitution,109051,1988,STATE REP,36,,GA,"COUCH, BARBARA",Democrat,1,1,,,Four-term Rep; long advocacy of hospitals and schools as at-large legislator; deserves seat on powerful House Rules Committee | Phase 2 endorsement-direction verified: LIST/NARRATIVE | Phase 6 INC FIX: prior cycle 1984,0.80
GA,Atlanta Constitution,109051,1988,STATE REP,39,,GA,"ABERNATHY, RALPH DAVID III",Democrat,0,,,,"[QA 2026-05-30 Pattern L fix: Atlanta Constitution described Abernathy as ""astonishingly unqualified"", endorsed Thompson instead per 1988-11-04 OCR] | Phase 9 e=0 OCR-verified: opp language present",0.95
GA,Atlanta Constitution,109051,1988,STATE REP,39,Fulton,GA,"THOMPSON, JOHN E",Republican,1,,,,Fulton County recap | Phase 2 endorsement-direction verified: LIST/NARRATIVE,0.80
GA,Atlanta Constitution,109051,1988,STATE REP,40,Fulton,GA,"MCKINNEY, CYNTHIA ANN",Democrat,1,,,,Fulton County recap | Phase 2 endorsement-direction verified: LIST/NARRATIVE,0.85
GA,Atlanta Constitution,109051,1988,STATE REP,57,DeKalb,GA,"ALFORD, DEAN",Democrat,1,1,,,DeKalb State House Dist 57 Post 3 | Phase 2 endorsement-direction verified: LIST/NARRATIVE | Phase 6 INC FIX: prior cycle 1984,0.85
GA,Atlanta Constitution,109051,1988,STATE REP,57,DeKalb,GA,"RUSSELL, CHARLES M",Republican,1,,,,DeKalb State House Dist 57 Post 1 | Phase 2 endorsement-direction verified: LIST/NARRATIVE,0.85
GA,Atlanta Constitution,109051,1988,STATE REP,58,DeKalb,GA,"STEFFINS, GREG",Democrat,1,,,,DeKalb State House Dist 58 | Phase 2 FLAG: name not in OCR | Phase 10 ADJUDICATION CONFIRMED by independent subagent OCR/vision re-read,0.93
GA,Atlanta Constitution,109051,1988,STATE REP,60,Gwinnett,GA,"BROWN, PAT",Democrat,1,,,,Gwinnett State House Dist 60 | Phase 2 endorsement-direction verified: LIST/NARRATIVE,0.85
GA,Atlanta Constitution,109051,1988,STATE REP,61,Gwinnett,GA,"WALL, VINSON",Republican,1,,,,Gwinnett State House Dist 61 | Phase 2 endorsement-direction verified: LIST/NARRATIVE,0.85
GA,Atlanta Constitution,109051,1988,STATE REP,62,Gwinnett,GA,"BANNISTER, CHARLES",Republican,1,,,,Gwinnett State House Dist 62 | Phase 2 endorsement-direction verified: LIST/NARRATIVE,0.85
GA,Atlanta Constitution,109051,1988,STATE SENATOR,28,,GA,"RAGAN, HUGH",Republican,1,,,,Three-term incumbent; thoughtful conservative; Georgia Power exec; opponent Mr. Glover; Ragan tips the scales | Phase 2 endorsement-direction verified: LIST/NARRATIVE,0.85
GA,Atlanta Constitution,109051,1988,STATE SENATOR,32,Cobb,GA,"PARRIS, KEN",Democrat,1,,,,Cobb State Senate Dist 32 | Phase 2 endorsement-direction verified: LIST/NARRATIVE,0.80
GA,Atlanta Constitution,109051,1988,STATE SENATOR,33,,GA,"BARNES, ROY E",Democrat,1,,,,Governor's floor leader; runaway choice over Wendell L. Fowler (R) | Phase 2 endorsement-direction verified: LIST/NARRATIVE,0.95
GA,Atlanta Constitution,109051,1988,STATE SENATOR,34,,GA,"ENGRAM, BEV",Democrat,1,1,,,Seeking fifth term; record on health and education issues; over Republican homebuilder Lynn Westmoreland | Phase 2 endorsement-direction verified: LIST/NARRATIVE | Phase 6 INC FIX: prior cycle 1986,0.85
GA,Atlanta Constitution,109051,1988,STATE SENATOR,40,,GA,"COVERDELL, PAUL",Republican,1,,,,Incumbent; obvious choice; one of best arguments for two-party government in Georgia; Republican majority | Phase 2 endorsement-direction verified: LIST/NARRATIVE,0.85
GA,Atlanta Constitution,109051,1988,STATE SENATOR,41,DeKalb,GA,"TYSINGER, JIM",Republican,1,,,,DeKalb State Senate Dist 41 | Phase 2 FLAG: opp-lang near name | Phase 10 ADJUDICATION CONFIRMED by independent subagent OCR/vision re-read,0.93
GA,Atlanta Constitution,109051,1988,STATE REP,46,DeKalb,GA,"TEPER, DOUG",Democrat,1,,,,"DeKalb State Senate Dist 46 [QA 2026-05-30 Pattern M fix: STATE SENATOR→STATE REP per 1988-11-08 OCR ""State House, Dist. 46""] | Phase 2 FLAG: opp-lang near name | Phase 10 ADJUDICATION CONFIRMED by independent subagent OCR/vision re-read",0.93
GA,Atlanta Constitution,109051,1988,STATE SENATOR,48,Gwinnett,GA,"PEEVY, DONN",Democrat,1,1,,,Gwinnett State Senate Dist 48 | Phase 2 FLAG: name not in OCR | Phase 6 INC FIX: prior cycle 1984 | Phase 10 ADJUDICATION CONFIRMED by independent subagent OCR/vision re-read,0.93
GA,Atlanta Constitution,109051,1988,STATE REP,47,DeKalb,GA,"MORTON, CHESLEY",Republican,1,,,,DeKalb State Senate Dist 50 [QA 2026-05-30 Pattern M fix: STATE SENATOR→STATE REP + dist 50→47 per 1988-11-08 OCR] | Phase 2 endorsement-direction verified: LIST/NARRATIVE,0.85
GA,Atlanta Constitution,109051,1988,STATE REP,51,DeKalb,GA,"BAKER, THURBERT",Democrat,1,,,,"DeKalb State Senate Dist 51 [QA 2026-05-30 Pattern M fix: STATE SENATOR→STATE REP per 1988-11-08 OCR ""State House, Dist. 51""] | Phase 2 endorsement-direction verified: LIST/NARRATIVE",0.85
GA,Atlanta Constitution,109051,1988,STATE REP,52,DeKalb,GA,"RICHARDSON, ELEANOR",Democrat,1,1,,,"DeKalb State Senate Dist 52 [QA 2026-05-30 Pattern M fix: STATE SENATOR→STATE REP per 1988-11-08 OCR ""State House, Dist. 52""] | Phase 2 endorsement-direction verified: LIST/NARRATIVE | Phase 6 INC FIX: prior cycle 1984",0.85
GA,Atlanta Constitution,109051,1988,STATE SENATOR,55,Gwinnett,GA,"BARNETT, MIKE",Republican,1,,,,Gwinnett State Senate Dist 55 | Phase 2 endorsement-direction verified: LIST/NARRATIVE,0.85
GA,Atlanta Constitution,109051,1988,STATE SENATOR,9,Gwinnett,GA,"PHILLIPS, TOM",Republican,1,,,,Gwinnett State Senate Dist 9 | Phase 2 FLAG: no context | Phase 10 ADJUDICATION CONFIRMED by independent subagent OCR/vision re-read,0.93
GA,Atlanta Constitution,109051,1988,TREASURER,,Gwinnett,GA,"SHERRINGTON, KATHERINE",Republican,1,,,,Gwinnett Tax Commissioner | Phase 2 endorsement-direction verified: LIST/NARRATIVE,0.85
GA,Atlanta Constitution,109051,1990,CITY COUNCIL,10,Atlanta,GA,"BORDERS, GLORIA",,1,,,,Most potential to grow into effective councilor; leader in neighborhood and civic organizations; seat vacated by Ira Jackson | Phase 2 endorsement-direction verified: LIST/NARRATIVE,0.90
GA,Atlanta Constitution,109051,1990,CNTY COMM,2,Gwinnett,GA,"MCCLAIN, RALPH",,1,,,,Disabled Korean War veteran; independence and energy to keep commission honest | Phase 2 endorsement-direction verified: LIST/NARRATIVE,0.90
GA,Atlanta Constitution,109051,1990,CNTY COMM,3,DeKalb,GA,"BASS, RITA",Democrat,1,,,,Much more level-headed policy-maker than Hosea Williams; DeKalb recap | Phase 2 endorsement-direction verified: LIST/NARRATIVE,0.90
GA,Atlanta Constitution,109051,1990,CNTY COMM,3,Fulton,GA,"RUPNOW, ROGER",Republican,1,,,,Urban planning professor at Georgia Tech; former member of county planning commission; over Milton C. Farris (real estate broker) | Phase 2 endorsement-direction verified: LIST/NARRATIVE,0.95
GA,Atlanta Constitution,109051,1990,CNTY COMM,4,Gwinnett,GA,"UNTERMAN, RENEE",,1,,,,Loganville Mayor; far more informed and enlightened than Cecil Cagle | Phase 2 endorsement-direction verified: LIST/NARRATIVE,0.90
GA,Atlanta Constitution,109051,1990,CNTY COMM,AT-LARGE,DeKalb,GA,"SCOTT, JACQUELYN",Democrat,1,,,,DeKalb recap | Phase 2 endorsement-direction verified: LIST/NARRATIVE,0.90
GA,Atlanta Constitution,109051,1990,CNTY COMM,EASTERN,Cobb,GA,"WISE, STAN",Republican,1,,,,Gingrich Republican; pro-developer slant; what GOP eastern voters are looking for; over Kathleen Scott | Phase 2 endorsement-direction verified: LIST/NARRATIVE,0.75
GA,Atlanta Constitution,109051,1990,CNTY COMM,WESTERN,Cobb,GA,"HARKINS, SUSAN BROWN",Democrat,1,,,,Two thoughtful and well-briefed candidates; record of civic involvement is superior; over Bill Cooper (R) | Phase 2 endorsement-direction verified: LIST/NARRATIVE,0.95
GA,Atlanta Constitution,109051,1990,GOVERNOR,,,GA,"MILLER, ZELL",Democrat,1,,,,Lt. Gov.; long and worthy record of advocacy for progressive reform; understands needs of poor people; over Rep. Johnny Isakson (R) | Phase 2 endorsement-direction verified: LIST/NARRATIVE,0.95
GA,Atlanta Constitution,109051,1990,H,4,,GA,"JONES, BEN",Democrat,1,1,,,Distinguished himself from goodol-boys; deserves election; over moderate Democrat target of distortion campaign by far-right fundamentalists | Phase 2 endorsement-direction verified: LIST/NARRATIVE | Phase 6 INC FIX: prior cycle 1986,0.95
GA,Atlanta Constitution,109051,1990,H,5,,GA,"LEWIS, JOHN",Democrat,1,1,,,"Hard-working, earnest congressman; pragmatic voice in Congress; over implausible J.W. Tibbs (R) | Phase 2 endorsement-direction verified: LIST/NARRATIVE | Phase 6 INC FIX: prior cycle 1986",0.95
GA,Atlanta Constitution,109051,1990,H,6,,GA,"WORLEY, DAVID",Democrat,1,,,,Would closely attend to needs of constituents; over Newt Gingrich (R-Inc) partisan gunslinger interested mostly in national political career | Phase 2 endorsement-direction verified: LIST/NARRATIVE,0.95
GA,Atlanta Constitution,109051,1990,H,7,,GA,"DARDEN, GEORGE BUDDY",Democrat,1,1,,,Four-term incumbent; conservative Democrat; member of House Armed Services Committee; deserves re-election; over Al Beverly (R) | Phase 2 endorsement-direction verified: LIST/NARRATIVE | Phase 6 INC FIX: prior cycle 1988,0.95
GA,Atlanta Constitution,109051,1990,INSURANCE COMMISSIONER,,,GA,"LOVETT, BILLY",Democrat,1,,,,Statewide recap | Phase 2 endorsement-direction verified: LIST/NARRATIVE,0.90
GA,Atlanta Constitution,109051,1990,LT GOVERNOR,,,GA,"HOWARD, PIERRE",Democrat,1,,,,Statewide recap | Phase 2 endorsement-direction verified: LIST/NARRATIVE,0.95
GA,Atlanta Constitution,109051,1990,PUBLIC SERVICE COMMISSION,,,GA,"DURDEN, ROBERT",Democrat,1,,,,Statewide recap | Phase 2 endorsement-direction verified: LIST/NARRATIVE,0.90
GA,Atlanta Constitution,109051,1990,SCHOOL BOARD,2,Gwinnett,GA,"TOGGERSON, PETER G",,1,,,,Experienced educational professional; clear choice over Pat Mitchell | Phase 2 endorsement-direction verified: LIST/NARRATIVE,0.90
GA,Atlanta Constitution,109051,1990,SCHOOL BOARD,4,Gwinnett,GA,"WILSON, GEORGE",,1,,,,Greater promise than Jim Fisher of being effective advocate for school system | Phase 2 endorsement-direction verified: LIST/NARRATIVE,0.90
GA,Atlanta Constitution,109051,1990,STATE REP,20,Cobb,GA,"EHRHART, EARL",Republican,1,,1,,Post 5; GOP incumbent; shown initiative and feistiness in first term; on balance earned re-election; over former Marietta Councilman John Hammond (D) | Phase 2 endorsement-direction verified: LIST/NARRATIVE | Phase 6 INC FIX: prior cycle 1988,0.95
GA,Atlanta Constitution,109051,1990,STATE REP,20,Cobb,GA,"MILLS, DEBRA",Democrat,1,,,,Post 2; 26-year-old housewife with star potential; child-protection lobbyist; over GOP incumbent Gresham Howren | Phase 2 endorsement-direction verified: LIST/NARRATIVE,0.95
GA,Atlanta Constitution,109051,1990,STATE REP,21,Cobb,GA,"AIKEN, FRED",Republican,1,,,,Post 1; five-term incumbent; in position to move up in Republican leadership with Rep. Johnny Isakson retiring to run for governor; over Jackie Bramlett | Phase 2 endorsement-direction verified: LIST/NARRATIVE,0.95
GA,Atlanta Constitution,109051,1990,STATE REP,44,DeKalb,GA,"LADD, BART",Democrat,1,,,,DeKalb recap | Phase 2 endorsement-direction verified: LIST/NARRATIVE,0.90
GA,Atlanta Constitution,109051,1990,STATE REP,47,DeKalb,GA,"SHERRILL, TOM",Democrat,1,,,,DeKalb recap | Phase 2 FLAG: name not in OCR | Phase 10 ADJUDICATION CONFIRMED by independent subagent OCR/vision re-read,0.93
GA,Atlanta Constitution,109051,1990,STATE REP,52,DeKalb,GA,"VALENTI, RITA",Democrat,1,,,,DeKalb recap | Phase 2 endorsement-direction verified: LIST/NARRATIVE,0.90
GA,Atlanta Constitution,109051,1990,STATE REP,57,DeKalb,GA,"HENSON, MICHELE",Democrat,1,,,,Post 2; DeKalb recap | Phase 2 endorsement-direction verified: LIST/NARRATIVE,0.90
GA,Atlanta Constitution,109051,1990,STATE REP,57,DeKalb,GA,"IRWIN, CHARLES B",Democrat,1,,,,Post 1; DeKalb recap | Phase 2 endorsement-direction verified: LIST/NARRATIVE,0.90
GA,Atlanta Constitution,109051,1990,STATE REP,59,Gwinnett,GA,"COLE, BARBARA",Democrat,1,,,,Reformist agenda; excellent grasp of environmental and insurance issues; over Mike Barnett (R-Inc) who has little to show for four terms | Phase 2 endorsement-direction verified: LIST/NARRATIVE,0.90
GA,Atlanta Constitution,109051,1990,STATE REP,61,Gwinnett,GA,"ROUSELLE, JERRY J",,1,,,,Energetic political newcomer over longtime incumbent Vinson Wall; voters might also consider Toby Nixon (Libertarian) | Phase 2 endorsement-direction verified: LIST/NARRATIVE,0.90
GA,Atlanta Constitution,109051,1990,STATE REP,62,Gwinnett,GA,"DEMPSEY, DAVID",,1,,,,"Open seat; intelligent, pragmatic leadership; over Emory Morsberger | Phase 2 endorsement-direction verified: LIST/NARRATIVE",0.90
GA,Atlanta Constitution,109051,1990,STATE REP,63,Gwinnett,GA,"BRIGHT, SANDRA",,1,,,,Norcross accountant; much better choice than incumbent Bill Goodwin | Phase 2 endorsement-direction verified: LIST/NARRATIVE,0.90
GA,Atlanta Constitution,109051,1990,STATE REP,9,Gwinnett,GA,"JACKSON, JERRY",,1,,,,9th District at-large; incumbent; deserves another term | Phase 2 endorsement-direction verified: LIST/NARRATIVE,0.85
GA,Atlanta Constitution,109051,1990,STATE REP,9,Gwinnett,GA,"LAWSON, BOBBY",,1,,,,9th District at-large; incumbent; deserves another term | Phase 2 endorsement-direction verified: LIST/NARRATIVE,0.85
GA,Atlanta Constitution,109051,1990,STATE SENATOR,33,Cobb,GA,"THOMPSON, STEVE",Democrat,1,,,,Cobb recap | Phase 2 endorsement-direction verified: LIST/NARRATIVE,0.95
GA,Atlanta Constitution,109051,1990,STATE SENATOR,34,Fulton,GA,"MOYE, JUDY",Democrat,1,,,,Most sensible and progressive stands on issues such as abortion (pro-choice) and criminal justice; aide to Sen. Bev Engram who is retiring | Phase 2 endorsement-direction verified: LIST/NARRATIVE,0.95
GA,Atlanta Constitution,109051,1990,STATE SENATOR,40,Fulton,GA,"EGAN, MIKE",Republican,1,,,,Incumbent Republican; outstanding record in almost 20 years of public service; voted for ERA; over Democratic challenger Penn Payne whose ambiguity on abortion is concerning | Phase 2 endorsement-direction verified: LIST/NARRATIVE,0.95
GA,Atlanta Constitution,109051,1990,STATE SENATOR,5,DeKalb,GA,"DAVIS, KEN",Democrat,1,,,,DeKalb recap [QA 2026-05-30: dist 41→5 per 1990-11-06 OCR DeKalb Senate Dist 5] | Phase 2 FLAG: name not in OCR | Phase 10 ADJUDICATION CONFIRMED by independent subagent OCR/vision re-read,0.93
GA,Atlanta Constitution,109051,1990,STATE SENATOR,48,Gwinnett,GA,"PEEVY, DONN",Democrat,1,1,,,"Incumbent; one of best informed, most progressive members of General Assembly; over Don White | Phase 2 endorsement-direction verified: LIST/NARRATIVE | Phase 6 INC FIX: prior cycle 1986",0.95
GA,Atlanta Constitution,109051,1990,STATE SENATOR,55,DeKalb,GA,"HENSON, STEVE",Democrat,1,,,,DeKalb recap | Phase 2 endorsement-direction verified: LIST/NARRATIVE,0.90
GA,Atlanta Constitution,109051,1990,STATE SENATOR,9,Gwinnett,GA,"PHILLIPS, TOM",Republican,1,,1,,Able incumbent; deserves to be returned to office | Phase 2 endorsement-direction verified: LIST/NARRATIVE | Phase 6 INC FIX: prior cycle 1988,0.90
GA,Atlanta Constitution,109051,1982,H,7,,GA,"MCDONALD, LARRY P.",Democrat,0,1,,,"[QA 2026-05-30 Pattern Q add: D incumbent (""Birch Democrat"") opposed by Atlanta Constitution per 1982-11-01 OCR] | Phase 9 e=0 FLAG: name in OCR but no opp context | Phase 10 ADJUDICATION CONFIRMED by independent subagent OCR/vision re-read",0.93
GA,Atlanta Constitution,109051,1960,CNTY COMM,DeKalb,,GA,"EMMERICH, CHARLES",,1,,,,"Phase 8 ADDED (V1 missed): DeKalb commission chairman. VISION-CONFIRMED clip 19601107: ""In DeKalb local contests, we endorse Charles Emmerich for chairman of the county commission"" | Phase 2 endorsement-direction verified: vision recap",0.9
GA,Atlanta Constitution,109051,1960,CNTY COMM,DeKalb,,GA,"ALMAND, JIM",,1,,,,"Phase 8 ADDED (V1 missed): DeKalb district commissioner. VISION-CONFIRMED clip 19601107: ""...and Jim Almand for district commissioner"" | Phase 2 endorsement-direction verified: vision recap",0.9
GA,Atlanta Constitution,109051,1982,H,6,,GA,"GINGRICH, NEWT",Republican,1,,1,,"Phase 8 ADDED (V1 missed): VISION-CONFIRMED clip 19821101: ""the Constitution endorses incumbent GOP congressman NEWT GINGRICH in the 6th District"" | Phase 2 endorsement-direction verified: vision recap",0.9
GA,Atlanta Constitution,109051,1982,H,9,,GA,"JENKINS, ED",Democrat,1,1,,,"Phase 8 ADDED (V1 missed): VISION-CONFIRMED clip 19821101: ""...and incumbent ED JENKINS in the 9th"" | Phase 2 endorsement-direction verified: vision recap",0.9
GA,Atlanta Constitution,109051,1982,STATE REP,32 POST 3,,GA,"DARDEN, GEORGE ""BUDDY""",Democrat,1,1,,,"Phase 8 ADDED (V1 missed; subagent omitted): VISION-CONFIRMED clip 19821101: ""The Constitution supports BUDDY DARDEN for election to the House from District 32, Post 3"" (Cobb). RA: confirm district number (Fulton d32 Selman coexists). | Phase 2 endorsement-direction verified: vision recap",0.9
